	msms_score	matched_peaks	feature_id	reference_id	short_inchikey
0	0.37302939506226634	26	10	23785	BSLVCPNCRMUHCD
1	0.4182486671519876	16	10	49083	MREXZJBTRBHVNS
2	0.4230418489843124	32	12	41986	SDKHVQPJHUWWJI
3	0.4849709966157788	24	12	52319	ZQNUNPUEOLDMCE
4	0.35406865844400304	29	12	167650	BDTHMCFMSVEPDM
5	0.5005072220633816	25	12	191860	NENYILIQUDSQCC
6	0.3140795949903772	7	14	47678	FBTSQILOGYXGMD
7	0.29601732503151423	7	14	184045	JBYKTQOELHTCNX
8	0.7332004540858053	7	14	280916	ZFXWNLZXWXOKAY
9	0.9251922549210887	8	17	15066	CNWOWHSRWIMIIY
10	0.8593959999386351	9	17	39991	IKXVCSKDYINBFT
11	0.7647172884271545	8	17	51836	MFEZJNMQTQMDRQ
12	0.8815946926209185	8	17	125656	BCFQSKMCVGWWPK
13	0.8841388138099893	9	17	289089	KMFKPYCUWKUIHH
14	0.22444654308708367	8	20	77052	QFCXPIZNNLLXTL
15	0.24042163306501366	10	20	155533	STSAUBXDRWXQBN
16	0.5358443946749032	40	23	6604	WQUFOQOJRNRZNB
17	0.6278381615971024	20	23	173766	APMYDBPENKLBFT
18	0.5091790045559497	39	23	182827	GNJWFARVIURMAW
19	0.5564218417539095	42	23	198853	HZSCAIKPGSXTOF
20	0.5454188127659952	41	23	280033	PKCDBAJESFUNQJ
21	0.7697023824700134	47	23	285349	YRPQTVNCCVPGFA
22	0.5558728315350633	47	27	4638	NKFFXNLIDWNGAG
23	0.6255915367029902	49	27	10152	PPXXPCVCAHJUQP
24	0.4245965903411834	49	27	30494	JUSMYQGXNCVARI
25	0.4966068918161422	41	27	47905	BFZOTKYPSZSDEV
26	0.663439401073398	52	27	123267	LTUMRKDLVGQMJU
27	0.6764003550258044	52	27	132247	TUCMDDWTBVMRTP
28	0.6856665174289291	46	27	133350	LAEIZWJAQRGPDA
29	0.6259170569771784	48	27	148120	FYTVLSLHXKPOEQ
30	0.6270979165846966	51	27	169792	JJTXQCMHUFFVOF
31	0.5982627412155082	47	27	176085	HXPJEKSKJRYDGV
32	0.6272626081677719	47	27	197379	KRVFOGYBUVKPJD
33	0.5685835170839862	47	27	250686	GMVGICPZYOQEHV
34	0.31915142328929863	22	27	283090	UWXUBLOUNKBKIO
35	0.8329059468133514	61	28	38544	SFIHQZFZMWZOJV
36	0.4615023443554203	33	28	119610	CXUNGJFNAGVPSI
37	0.8184693766839652	54	28	125977	QFIHQWXKTUONPL
38	0.45143912176699064	44	28	157604	AGJAUFUNZWHLKE
39	0.6546577208658303	49	28	248624	CJPAHDXHCYFKCY
40	0.5101639068555386	44	28	251347	OVFMKKLQLQCHKA
41	0.2536783519735305	28	28	274742	DXBDZYJWHXTGMU
42	0.21192619399364204	30	30	3570	YBFDEMZEWRINKR
43	0.285953105751403	30	30	102847	YANFXFSKWPJWNB
44	0.2781393189187522	36	30	177334	WACUWVFUDHSWLY
45	0.2841141077666971	22	31	128787	WRRCOCSUBHVKHF
46	0.410548356283075	54	31	129620	YFVXJVUOUCABDU
47	0.5158655010398553	54	31	135073	CUVHEIULKCSXLD
48	0.5406787693750434	54	31	149727	OFOZQDMSBJOEHH
49	0.33924016029683746	20	31	206653	BGBFXHCJNCIRRA
50	0.44097978852411895	41	31	223598	ACPYOBRCKMOLFK
51	0.20149350556525547	30	31	242399	MFCDLPLTSUEWOF
52	0.26654855978640035	32	32	172600	USWXONDRQANYOY
53	0.2053979390775078	34	32	197812	VWRVFGDREFUXQU
54	0.20976259350389226	27	32	282205	FYWALSJPIPIPGW
55	0.6229180472315785	64	34	60069	PEVJDMWZXLRJSP
56	0.42632857224036247	58	34	118221	JCMLOIKRBBQIBA
57	0.4728228081666862	52	34	145905	YIOUPFBHICGXGU
58	0.4156191709552654	56	34	186756	RVYUTDKHUFWTFC
59	0.20780782747154422	46	34	188964	NYLFQLXBQJZGOR
60	0.4259374467533344	48	34	253816	KNDQZHFTKYJGCP
61	0.634211475643378	64	34	256778	YNNQTVPKSXTDCK
62	0.26514997956558295	33	36	4289	WFRLANWAASSSFV
63	0.5011329973024644	35	36	7409	QPRMGHKASRLPJP
64	0.4221122992466772	35	36	11953	KWDXKYNWAKMLKK
65	0.45610893415263865	37	36	52988	PLMLPTOHDLJVEL
66	0.4246723431884081	31	36	107810	LNSIIDDYOVTXHK
67	0.4565805566099087	35	36	122286	HHBMAUAHAWVHBL
68	0.37072539424914	32	36	129905	ZHVCUICBHSGXOZ
69	0.4864291557252281	34	36	275227	XGMIRPUCRYMXKG
70	0.5056018204138444	35	36	281187	RTQVJTLVVBJRJG
71	0.7008051284215276	51	37	2492	DPMVADJPFYRUIG
72	0.4698840553706867	10	37	5968	RSYBQKUNBFFNDO
73	0.5801559626846551	49	37	27875	BHSXLKWHFWXXQE
74	0.39085095007239506	51	37	33648	BQSSVHXJCDPXOQ
75	0.7417330917821808	55	37	37598	KMJLGCYDCCCRHH
76	0.6540847516021878	55	37	40133	SXCDAEFYAJTNJF
77	0.5809066636027426	55	37	44765	QXMRYABYXKUWCX
78	0.6842535224748068	46	37	63514	NWYRRXBYHIIGGM
79	0.4403889756856532	13	37	79436	ASZWJTACCJWRGP
80	0.6470381984295053	51	37	103804	IUOXRAKIPNECTH
81	0.6375261811072371	52	37	110465	ZJEXMXIVGPGYGS
82	0.5996540356558447	49	37	118746	SZWZLWGBWZARPP
83	0.6069437849742483	55	37	126478	FEMMLZBDOKRYQM
84	0.654793234804042	40	37	134464	XAYRJRACRFQKDK
85	0.3050685467545092	40	37	139290	BVUXDWXKPROUDO
86	0.6791116792597791	55	37	156534	USMAGXMGZXKLHT
87	0.5823851289391347	49	37	166216	BFWKKBSHTOEBHL
88	0.6274022496996617	48	37	225100	MPWIIQYWQOBNKS
89	0.6565189265257221	28	37	226208	STGDIGPHLKTVET
90	0.6595679887733362	39	37	233533	UWSUGXFVYBVFDX
91	0.5594813657877673	43	37	249742	LDGKUWWYKXNMRB
92	0.7087847860301068	52	37	269408	FKDMTOCPIDCTDG
93	0.4919941480010118	33	37	276824	JMZYPGXSFGKKLR
94	0.5335734702532846	34	38	257098	GJDPGFHVEKFXEZ
95	0.6499892896077667	67	39	6424	DDVNUHLHDWACFY
96	0.6834201148297822	64	39	7544	LYAZOPAKEWHIMH
97	0.4777286879516414	52	39	10501	IWVLAGLIVNXCBP
98	0.7709839225003579	61	39	15696	JWGJHRDGLVDUIT
99	0.5721898917481817	68	39	28979	YZNVJVWNDZBBBA
100	0.6987763780872774	65	39	35676	BWSIKEZDJMZITO
101	0.589220325933272	71	39	36180	CNESKTGKCQGZAS
102	0.606404314529742	65	39	38113	AXTSIJIRCLEZEN
103	0.7290011324475162	51	39	38392	PGCYEKRDYMCFNF
104	0.7115263974029327	59	39	43871	GCCUWZBYWXQZDX
105	0.7707160350159008	65	39	47805	DSZQZURPKJVVGY
106	0.7382106686225139	46	39	48009	VXCBVCVQEPHVDJ
107	0.6528741767051267	42	39	54117	FRBPVGRMDGELKN
108	0.5453094624911325	34	39	54413	PHNCACYNYORRNS
109	0.5998456458734883	53	39	55264	SANDYHMGZOWTMT
110	0.7608790321252803	72	39	58145	LRGHKKFXSQEYHY
111	0.49380229307782747	72	39	60533	KDFIUXIPXNKEPM
112	0.614831346261636	59	39	66874	UYBNRMWMKVBBTM
113	0.6906661199689076	47	39	81273	IGLIUFGSGJRAQF
114	0.6468835718971041	50	39	81802	CDQRKPOIGQRDHU
115	0.7489247060494959	59	39	87725	DTOSIQBPPRVQHS
116	0.34010185733937637	42	39	91484	HHRSDQSDKLOWFI
117	0.7442612184610257	59	39	92015	JJTZDTIVFFYIOY
118	0.568808410307698	43	39	98808	ZOVPLJJDPDLGND
119	0.6492069716121402	60	39	104475	LRJUWHLEMHCWJI
120	0.5874775061785122	56	39	105202	MLIZDIZAMVPOLA
121	0.5736531015100442	50	39	112373	QQPOPKOZBMEWKE
122	0.8375447733497907	61	39	113542	LZZANLYIVGPJEZ
123	0.6493310675191495	64	39	115420	CUXYLFPMQMFGPL
124	0.7021709618386902	61	39	115635	KGQONBKICZUGHP
125	0.7333390074818773	57	39	120399	VCVCZNVYBRBLHO
126	0.7556623871899357	59	39	122860	KQQKGWQCNNTQJW
127	0.5937114142325587	56	39	124788	LEOJQXZLSIFSFW
128	0.4821025788444912	77	39	126020	FTUAIEDAAMWBHD
129	0.6626755443020457	61	39	142875	VENIIVIRETXKSV
130	0.6508056185615659	51	39	145353	YREXDJKVVZTWSU
131	0.5629332449939298	63	39	157018	MCQYQKOOVQBHSZ
132	0.4718292514774504	10	39	157056	HTERFNUMHPQMKV
133	0.6587673865725479	64	39	160561	VZUCBUQOWZRZJJ
134	0.5994018521804247	69	39	160881	KUTNIFBDXANLKK
135	0.7117056287012059	61	39	163874	DQGMPXYVZZCNDQ
136	0.6527793469805122	62	39	167216	XKFUZZHODDFIKA
137	0.7358575097606641	57	39	168678	IHBRXZJPXHXMCN
138	0.7020890548811154	61	39	170791	WJCXCEGHYNLAJA
139	0.5878790625298126	57	39	173698	WHEVOQUCZMDNBG
140	0.7668270556081308	59	39	179899	HXQHFNIKBKZGRP
141	0.7076055632501856	58	39	190344	ZSXWVPXJLXTOQQ
142	0.4207511408459146	60	39	197788	ZLALDYHBEJYUAT
143	0.73242474339476	57	39	199506	FEWFGHQMEYATJR
144	0.5575645691369345	68	39	206993	TZNBCSGCHOVZDX
145	0.5658372635447764	67	39	208110	PXRMRTBZBVLHPQ
146	0.490172565006111	60	39	208469	IGJMOONLKHMHNY
147	0.73097742526291	61	39	214091	VTNSDMZVIKRPSZ
148	0.7607573272915319	62	39	214181	CTMZJQAVRYEWHS
149	0.3904372088130692	55	39	214701	SNUHZNCSBAQVJV
150	0.6403579195228923	70	39	220773	VSKHIMSIYRKCTC
151	0.5909297910978004	66	39	223141	YPPIVQDVJZVIPK
152	0.7644617239713594	61	39	225843	VZCCETWTMQHEPK
153	0.7383998285038105	62	39	228350	LTKPTPJAITTZMS
154	0.8286090010758932	63	39	232649	XADKGDBMULSEAC
155	0.5986661476876028	70	39	235291	PSKPVVULUXBPSS
156	0.7446073725193548	60	39	241015	DVXBOWVVKYGWMA
157	0.6366348489553035	68	39	248481	QSOXHGWBNRSJPE
158	0.6958636256396823	71	39	249919	BCMCYUUFPFCEKN
159	0.7386226817131692	59	39	251820	OBUFHUJYTJTQRE
160	0.6390775673287123	57	39	252718	CYQGLBVVGFKFJV
161	0.7197288778877388	66	39	255111	UAMGAHBYTASXHU
162	0.8256102299047552	64	39	257065	GVHVFTUIDJXBIS
163	0.6877469660560823	64	39	262392	BUCDDVUHZLDYJO
164	0.7843583189484227	60	39	263815	ZUUFLXSNVWQOJW
165	0.5889424483211397	55	39	264021	JMXCLEFVXYXEQH
166	0.4666415631807607	64	39	269192	MWINCPOPMHABNZ
167	0.6684191009561108	60	39	271259	SAOSKFBYQJLQOS
168	0.4060847332627074	67	39	278867	YMFUKUBKNARDRB
169	0.7312767401688592	61	39	279163	JSDJDUFIGGRVBJ
170	0.6471747739256645	70	39	281391	BOCJMIRVDOHYKS
171	0.6222673681294729	66	39	281839	WFIQWFJWGZPVFS
172	0.32291611877365983	47	40	17546	CSMSTHRRSQLQQJ
173	0.4433547995935627	27	40	105451	MZBGOCMCPKJJHA
174	0.28918474673180167	29	40	140366	JKLNTQRRLOXRDE
175	0.31470192675937136	28	40	247607	LWXKAVPXEDNHLL
176	0.2332797759338147	20	41	43287	ZJSCAZNZJKSFGX
177	0.21310091299831235	10	41	120881	AXYGIQAHRDDHJD
178	0.46238602283241637	42	42	32124	GQLOPESZZKDYJD
179	0.23881764292648452	41	42	49994	PVEPOGRPSLDEPB
180	0.36732388889541423	28	42	114982	LHTFDJUSHWHGTR
181	0.525853057902151	44	42	204069	KYBOBXNXZQTAKA
182	0.5680937724531557	45	42	206192	DPSQDOCBOUVEOW
183	0.23797982099990497	30	42	251957	KVTFEOAKFFQCCX
184	0.5463114166716652	45	42	253299	MIFRRGTXIZEERF
185	0.3505723272082604	31	42	265639	WNTPYSGBPUIOAG
186	0.5538247491609881	41	43	5024	OVCNLQUMMGZZFV
187	0.3426410621846013	33	43	33280	IGOWIHNQOCQAAD
188	0.28168616460669427	30	43	86641	NGCIMCKRDVIWAA
189	0.4719888052527722	50	43	91453	BBRMJCAPNGJKEM
190	0.4349271732482781	41	43	156065	OKTQTXDNHCOLHT
191	0.5186778712014594	50	43	170780	ZZRUATRJSMWKIB
192	0.43687873971073965	51	43	261750	JNPRQUIWDVDHIT
193	0.3298039842932862	7	44	36258	QWBBPBRQALCEIZ
194	0.30496826846108105	7	44	144768	NKTOLZVEWDHZMU
195	0.41461857083144904	7	44	157507	DSFLRCFOOKHZFN
196	0.5867102386476544	7	44	165876	OWBPKUZFLHCXCR
197	0.367700596557308	7	44	197928	HXDOZKJGKXYMEW
198	0.22459067165248708	7	44	211167	KMTDMTZBNYGUNX
199	0.45561491225282397	7	44	224331	KUFFULVDNCHOFZ
200	0.4825318437922429	7	44	262928	HMNKTRSOROOSPP
201	0.2884254590197717	7	44	280954	IXQGCWUGDFDQMF
202	0.2586864157371024	51	45	119630	CJAWLAWAWJGSJC
203	0.2107384713763966	34	48	21850	PRVBRHBWWSPESP
204	0.2247459798916107	35	48	261701	HKCVQKQNBZLFNI
205	0.33492112531021156	51	50	8972	XJGNXZWMUQOBJJ
206	0.27176715711865806	71	50	20235	FQXOWZSDLQTBFO
207	0.36226789264706855	43	50	132069	NAWJHHYDDZFUPG
208	0.44208822166582246	45	50	142777	HSFPMLIZJAVYHM
209	0.4769000648779084	25	50	145766	QQZOGIKRDRFDSY
210	0.3840588661931552	72	50	149373	OBNIDIWJYWROBE
211	0.38211467018124357	71	50	186630	FUSIHPXPVQSRQH
212	0.46593013696825036	42	50	195775	KQXKVJAGOJTNJS
213	0.3676688816763933	57	50	244723	YLQYCJRZGMOQIA
214	0.3652464211025677	71	50	245418	GXRQZKLWHNBLTO
215	0.4670825216766447	42	50	284438	VICBRJCQEHYYSJ
216	0.2286367799269814	53	52	11673	YILPETBITVIXIX
217	0.3153516551663481	62	52	18898	AMCKSJIHLFXIIZ
218	0.27966575694166634	63	52	59450	MBUPMCAGGCGJDW
219	0.5259031138395682	40	52	61204	OMYRBCZBTQDJHF
220	0.38507868871583106	57	52	78455	BKOAXGLIGFXNIJ
221	0.3205085492710958	65	52	185002	AGSDDWKTIRYHSX
222	0.2379238899852896	46	52	190771	GXHXGGMXSYRHTE
223	0.2718347465800696	51	52	205099	TZSCTOSDUYUBJK
224	0.2679646426561373	49	52	243514	CFZBYEMAQOZSHS
225	0.2569391105955906	20	55	686	ZVANSROSLWBTEC
226	0.40956674414835986	22	55	2523	NEUCUEHDGUFUDL
227	0.2756335927050967	22	55	4562	OAKHNFTWNASSDJ
228	0.7193524854465594	15	55	5196	DHQOGIDKGUOIOC
229	0.22014953806828508	23	55	6894	PHRLIXFEBORQQV
230	0.24401030982406546	20	55	7394	FFKHFHCOKGCZGL
231	0.3958462707558267	24	55	8297	HSBZCMPCYVPQSX
232	0.20448378870067935	20	55	8855	AGLNNHMUZJAUFJ
233	0.21042163396411295	22	55	10167	ADNYYDOZAWMEEV
234	0.4328577606065538	14	55	14479	FOCVEWGELGYRTJ
235	0.3035467731508219	24	55	14984	DWSLSQNKRUODOY
236	0.4123890163506214	24	55	15703	PCIRZCVYFQHVCY
237	0.3084777538841198	22	55	16907	KJWQGIIGURZVRO
238	0.47121291461551656	23	55	17672	LIZJFLBJMLSYHO
239	0.31146472631102806	25	55	18401	ACMVTBNUSUSHGY
240	0.27544842968136246	20	55	22311	NRYNTARIOIRWAB
241	0.3392687629140115	20	55	24783	PBTFJUXOLJJSAW
242	0.36766891595975465	23	55	30629	JWWWAEIMVGEDRK
243	0.3897037029518895	21	55	32042	SJCQJLXYLFQJRA
244	0.3233815085784408	23	55	32437	VOPLTHMNRBRAGZ
245	0.26906380121355206	25	55	36840	LCWHTWNKEOSQBZ
246	0.39262439978529917	25	55	37091	LRPPQRCHCPFBPE
247	0.2975456722157274	23	55	37978	CPESDJXXAPDHHT
248	0.4076248529069134	22	55	38102	KNCLQQIOJPEOIX
249	0.3928941790504249	23	55	38645	OTPRPHMFFCMDFE
250	0.34297496598101573	25	55	40395	SLKPSOAPQXKJDE
251	0.24812770262907943	24	55	51327	ASUQJVFQUSIITP
252	0.330740350501466	23	55	52518	WCGXSRNTWLXRGM
253	0.3068079926121395	21	55	54514	WPEHANBMYIXAGR
254	0.45002122941653916	21	55	54672	ZFUXYLITBOMLBN
255	0.2800261509438832	17	55	57079	KRGUNUMKPQQOQA
256	0.30410418356175284	18	55	58032	BOHSTQDZSQRESD
257	0.21717758151205657	19	55	61952	GLRQCZGXPULESM
258	0.346110502732115	17	55	63844	ZISDTJMXRGXDMB
259	0.36734032884388534	25	55	64234	WZVREYXKNGNMNA
260	0.31766916203222506	18	55	70048	LUZHBXQXDGCRJK
261	0.2664997139904646	24	55	70664	LPKFXUXEIDWKHQ
262	0.2952259851981533	22	55	73353	MXHRQWXLVXRIMG
263	0.310366684834551	21	55	76810	RAIKTCXFCYLQFE
264	0.2034518746688904	20	55	78006	FPVDNQSURCZWLC
265	0.2570125594368591	21	55	80155	CJVPWEXNHMICQO
266	0.28404268081369827	23	55	81733	XRCAEANTJFWNNN
267	0.35808979266682284	18	55	81898	UWQAXILRVTVBNS
268	0.31211390720482357	21	55	81937	WFHASUQWIDESIS
269	0.30355831850203946	18	55	84074	MFFZAFOCKBAWCU
270	0.3756959977921613	20	55	87597	GFNYAPAJUNPMGH
271	0.331868128029352	19	55	91829	WPMWSYYVAMDDNR
272	0.4196246733779686	20	55	92379	QETAPCQZVILDST
273	0.3567826385775625	22	55	94768	VUGGKUMCQFGQDJ
274	0.21465107384941506	23	55	95533	NCIVVGQMYOZDSP
275	0.47248459990301384	22	55	97873	SGIFMADMFIWPSQ
276	0.2862669981260677	26	55	98019	OJYNMAREYBQEPO
277	0.44303932824125913	25	55	103933	MWFNTTCPIZHSQH
278	0.2145565856020763	23	55	104971	SQOSIRPMZMWBHD
279	0.40374249072555257	20	55	107369	HKDUSDYDTPLGBQ
280	0.3550143447880335	23	55	107932	LDFXVMMUPFCSSW
281	0.3637655509557773	24	55	110316	VMPCSQZZXPUVEG
282	0.2933292787111501	24	55	111411	GFYNKSLVMQVEBT
283	0.3838774364413605	18	55	112459	AXWMSRWNBVURRA
284	0.3164912725089918	21	55	113740	OFZLWKQJQGKQGV
285	0.2724185980731406	19	55	114192	BNAVCUYWBCCYQA
286	0.46512122014012364	21	55	115629	PUEDXDXTWYRMDP
287	0.3573192145691132	14	55	121822	BEAXQAULPSVWQY
288	0.28140309796259483	23	55	122339	SQUNLDCROGKYJE
289	0.2833495067148223	23	55	125022	GOELIYKZTRQWFB
290	0.35071502054295645	15	55	130770	DTXAQQMHPCOLBL
291	0.2528286026088027	19	55	131421	IBGMRNOLPKLLRL
292	0.32442836147877957	21	55	131848	HAEAVKBVZVAUFR
293	0.22540497381588956	19	55	133797	BIPACBIPISLDRK
294	0.3260051651792002	21	55	134117	DYFPWFVMODSRIS
295	0.5429107178633019	24	55	139469	OHKKUNPRQQYOJY
296	0.3135423142932401	20	55	139492	RINHODQGMTWSAG
297	0.24513611974658284	23	55	139639	XQHSNLWCJZCSBW
298	0.3310127531095729	15	55	142094	KEUROELNTNNUBA
299	0.40610531195772054	24	55	143899	SYAWGTIVOGUZMM
300	0.31440135752459136	25	55	145053	OJKVRWLJKONKNX
301	0.21401423905405143	11	55	154290	PNSFHPGODPYTML
302	0.3946711594404302	17	55	154714	VZEWPRRAMBSLHN
303	0.3068050345642141	21	55	157487	MHBIPUOMMSRZKQ
304	0.289346690354005	21	55	170415	COMXNNJQOALRDW
305	0.3758386485685653	20	55	173229	DCJBINATHQHPKO
306	0.24745750064979805	22	55	173400	AKCWKACKPGSALW
307	0.30271022793405056	26	55	177126	ALMHGXLMPRLQSC
308	0.27567944638125425	27	55	179484	WOISDAHQBUYEAF
309	0.2969679003083672	23	55	182705	SVQWIGUHDMWKTK
310	0.36803137466092556	25	55	183139	NDZGOTBFXVTQGP
311	0.6171954281530858	22	55	184473	NOFOAYPPHIUXJR
312	0.29559350772565873	18	55	185879	ZABAWBAJZCMNQM
313	0.20758794629773042	15	55	189571	FCKGLSONUYBLLE
314	0.3637374713939981	23	55	189650	RPHNSADJHUEKRG
315	0.5950906810313854	14	55	190848	KDPFNEAIIBJHRZ
316	0.4643474756200159	22	55	191406	BKWJPHZWDVDGNW
317	0.3926720736918012	15	55	192757	FSMKXRWRQYROAW
318	0.3990533197172095	18	55	194961	NYVUJKBYRUEZKI
319	0.27685378701268337	21	55	195457	CYJDHAXSZJABJA
320	0.21560595635242777	19	55	197195	SMWFFXGYNIDWPX
321	0.2977049736598729	23	55	199642	BIRYTQFFNQPJBQ
322	0.37467683227055654	20	55	200167	ZHIYNJZBJDWRKG
323	0.4169156124484467	22	55	203395	AAMYMLZZYOONFN
324	0.46662400405783033	23	55	203727	UWPOHPPAFURVAJ
325	0.4155437908709854	17	55	204599	NOYMQHDGCKKLAF
326	0.25899507867878463	19	55	205445	HPEWMDSJFJEDHK
327	0.4279743134494474	18	55	212582	YDGALDXSZGMRLF
328	0.39412195676807693	16	55	212956	WQVFXTRUOHEXIR
329	0.3404201658110024	20	55	216100	KCLVLUSMFYUPAY
330	0.37686546626693673	23	55	217233	JTFPNHYBWFZKEX
331	0.25698733132330726	20	55	218595	SQNSRNLUJZKCEY
332	0.2782648909287026	23	55	222960	QKZYNFSEZUMMQT
333	0.34420447952383854	9	55	229666	QVXHUQXNTXETOI
334	0.2581049504705704	23	55	233107	XBLJAVLLTSKQKX
335	0.38526051066626427	21	55	233570	VIKGNLDIWKTBAU
336	0.24260849776432558	18	55	233832	UGZZUIVLQIFCMS
337	0.4243625423749686	18	55	235664	CWRLZRIEZIOFOF
338	0.31632070807751667	25	55	236470	DPNOTBLPQOITGU
339	0.32727953395417325	20	55	238538	RKAPARDPGINYIT
340	0.24047386057084144	22	55	243256	YXRXLBSGBAXVBE
341	0.3496699054598195	22	55	244318	IYSBWLRXTOIYFZ
342	0.34090404323891843	19	55	245387	ZRHLUTXOIYNCOW
343	0.2768466306329711	19	55	248939	PFXZWKZNAKJFSJ
344	0.4876953646097752	15	55	249710	AKJUXPHPVJRSGJ
345	0.4146640848392133	17	55	252229	UICCWCWMTBQVAX
346	0.23530606015460037	22	55	254394	MMDGRRLDAOVYIQ
347	0.44672955627237876	14	55	256718	PDFJWHKWCWTYFO
348	0.3398537597490841	21	55	257313	AQFDLPKDGJJOGK
349	0.4373353655264105	13	55	261144	PFJPEXVARUSMJU
350	0.2086728818825526	23	55	263896	AHNAWBIRHJZEIX
351	0.2226756650027677	16	55	268390	TYUIIMQERZUJOC
352	0.25625354033438486	19	55	270492	RVRGTDZYAYFBEA
353	0.37020113605254973	24	55	272988	WYQVWOXROIDTRG
354	0.40770296542209455	21	55	274107	NKUPFHTVILUPKF
355	0.27871979896039445	21	55	274257	BSGLVGUYWPXPIB
356	0.3190974728971606	22	55	274823	CKPXZUFMUYWXAT
357	0.28496867304561646	22	55	276095	RMAJUEUHZWCNQM
358	0.21354165138121534	22	55	277132	MRBQQESZUMBYBU
359	0.5410925870430976	23	55	277975	ASMNOZPUTZNPFJ
360	0.3350141547109521	23	55	279972	VOTOTJDYOUBLLO
361	0.2702990388214464	18	55	280699	BIHBNHSOYQGDNK
362	0.36444180519867997	24	55	281254	XRDHAXIOHKTIGF
363	0.3849491304726889	22	55	282289	IWHRBBMJMXVCAE
364	0.2917059177982281	25	55	282913	XEDCLIOKVSOTJJ
365	0.2593079906290942	24	55	283478	UUJZIOLXONJIGY
366	0.25093943140922875	18	55	284398	QPLXPTUEQLEOGR
367	0.3056093510800615	24	55	286906	UGSDYVOGLODNLQ
368	0.43476912702120973	20	55	287694	BXYJNGPPYVDNSK
369	0.35646729366486907	25	55	287950	PEQQTISYMVHJBM
370	0.30625866190435613	23	55	288077	YSIVERHSGIJYEX
371	0.5303739987595762	48	57	72363	DIPDTUOTIZEHEQ
372	0.5193727318158515	48	57	80413	WGNPLLQDSRTCDM
373	0.4010389993020558	42	57	117004	ZWOWUVBTGMGXFA
374	0.3365088138142008	47	57	149100	LUMDYBWCUSZXFA
375	0.4397545089350132	47	57	150948	ASRZUUIQEMYXLQ
376	0.476358057622585	55	57	155476	BGURCEBDLFPFSC
377	0.4245992392720061	45	57	169382	WNSKMJPVTNVRSD
378	0.4277229301164259	45	57	206809	YFRGJIVWBMOBIT
379	0.3955065817502012	32	57	245487	XDDJYYVXLXUTSA
380	0.47644929845380873	56	57	273615	DBUTWWBBBQFAJO
381	0.4131861425611566	39	59	1856	WKRUOKHBRSCBBO
382	0.39342321033221667	33	59	2491	HRGLPWOEXXAQME
383	0.4992658084157687	27	59	2551	XXAIWJXSJHIEOV
384	0.2715011237536395	38	59	2834	WLFSWVRRRLUZSL
385	0.3011895052146007	28	59	2867	AYJCFTLSTDQFOW
386	0.5409991550919838	35	59	3098	ZCDQLEWLEXWSJT
387	0.5119304926911296	32	59	3796	SMJRKTGCQAVGTN
388	0.3468215320162405	44	59	3903	DXOYQVHGIODESM
389	0.3400688561868338	41	59	4723	CBKJHFNAXLEAEZ
390	0.2086541132697123	45	59	4857	WALNBYJTLJXJLX
391	0.5831200868431832	35	59	5751	QINJSZQKVPOZCC
392	0.3303554105637046	37	59	7324	IEFOVVVAKRWGFT
393	0.21688672649570534	40	59	7776	NLUNAYAEIJYXRB
394	0.4714282917808644	34	59	8976	ABMWPEGMCJFKLH
395	0.38027051392562855	34	59	9190	ALKVKOUORCSRJH
396	0.4236825396601827	36	59	9319	LXHRQKRVBJFDRM
397	0.4773497701935404	26	59	10492	LDZCJAGHLQSBQE
398	0.48793643357299726	38	59	10551	CXLWGSMVADTCBP
399	0.49466768104206194	33	59	12146	JEFYFBNKYNDEAZ
400	0.3883142137668382	37	59	13621	DVFIRGJQFQLMDR
401	0.25345497454246063	44	59	13747	OPPIPPRXLIDJKN
402	0.3737676750636491	43	59	16286	FQUSLEQFAZWKIA
403	0.3259436524736498	40	59	16355	IOJVPVSNCYHILP
404	0.39133046804240434	39	59	16429	VKLKRGLKYBVHLB
405	0.37034765256293656	22	59	16674	DBSXNUYNJKKRLU
406	0.23958753185395945	15	59	16801	DKQIFANEGGFWQF
407	0.2988200566061326	30	59	17351	XICXQFFQGAYTQK
408	0.35642107753370605	43	59	17768	QGFYQEJEXQQZOU
409	0.6230343566828137	30	59	19015	OAZJGXYQZDNBCP
410	0.4952952031448153	42	59	19593	NYGOVTZSCMYFRS
411	0.28803147994410505	43	59	20058	XGKGQFWDBLFNSJ
412	0.29720536005868314	37	59	20254	ZEVZUJMCBTVCIU
413	0.4345138636447653	37	59	21974	XUMKGXYFJLQZOV
414	0.5786680742298297	7	59	22669	JGZXPWGYSZPDEM
415	0.4231041598415053	33	59	23591	MINQDQAGQOTQDE
416	0.5030487645076079	35	59	23828	JIIXJGMENVNZNE
417	0.5028057247123383	18	59	24368	FVNDVDDHIZTLES
418	0.3402568219969725	23	59	24434	MYZKXRZOEDHLRE
419	0.38622507500519304	40	59	24555	UCKHUGXNJNCONK
420	0.4766216759505267	28	59	24824	ZHAIQJLGKAVXSD
421	0.5378563856297442	38	59	26392	AZOJSAXKYCOSKF
422	0.5443427400347844	40	59	26413	HGSLTWCHZKTSMQ
423	0.3939192019001104	41	59	27530	UZMHSOXTTHVKPU
424	0.33422423409855767	38	59	27760	KHONFVRUJCGDDX
425	0.2603916254069778	36	59	28129	OACSWPFHEOKUGW
426	0.49738872293765646	28	59	28488	SDMOIXMDFLIWLM
427	0.34649434577696503	41	59	29218	QPLUSCGQBUSKOF
428	0.24671784542880928	33	59	30378	PVBKHWHXNRGSBL
429	0.4643537317172506	42	59	31438	CYGIFCNWAGBMNK
430	0.26354076596310627	35	59	32049	SIZAHOUGIFIGKC
431	0.5635428918073597	20	59	34827	AFGDEAFJDXIVRK
432	0.35365408244598573	35	59	35991	PCCOLWBPVHEWFN
433	0.20715981888008334	39	59	36594	HSJZBWSHLZFUSH
434	0.2786979182805518	38	59	36686	DBWQSCSXHFNTMO
435	0.6335242618005285	23	59	37027	AQCWXXFWDZMZFD
436	0.22715757491300395	39	59	37147	HAJOZSCGDNIJGQ
437	0.36616064634488105	43	59	37610	GUUZVDQTHMDHEH
438	0.2463052843118557	40	59	37789	JNBXBMRMWOJURW
439	0.20924947003992117	37	59	37912	SDNCUWYLZFLTRE
440	0.5805992867738566	16	59	39313	STUZCDLGYBIYQE
441	0.3254153727325466	29	59	40348	XZCAMMNTVAQDPZ
442	0.3310562432569091	29	59	41273	YQHFZHVDTYPXNE
443	0.4995103917477034	40	59	41475	XUUISTPPZJETLP
444	0.2730967274331391	44	59	41716	USXGDFAHMRCBBX
445	0.29407426260510017	42	59	41903	YWMLRNLAYOGYAY
446	0.22144460622120452	39	59	42586	DKSTUBPHCLFFAR
447	0.32137329406775206	7	59	43847	ABWQGWFWPLZDAK
448	0.36385940879270123	22	59	44113	JPGMIFOMFPOCLA
449	0.38735887692529597	38	59	44502	NXPBEWQMSGGADR
450	0.33819577469217577	42	59	45153	JVWZWSDWGZGHPG
451	0.28202995615481646	34	59	46735	FYMJISNFMKESPL
452	0.293228311220762	47	59	47705	WKRNXBWIIHEZTF
453	0.38730274298798417	39	59	49251	XGGIAKWAYXZMGM
454	0.5976039393203902	29	59	50211	RAPHXYUQUCCBAG
455	0.39499813911918735	36	59	50752	BUPPRASFVFZARE
456	0.30581346997881875	43	59	51997	LPJGXKVYNPSGEM
457	0.3303839860093138	33	59	52423	AQBFYVGLACCUEY
458	0.6822860873431079	26	59	53669	SYEJJTJVSSKDSP
459	0.576995228550007	35	59	54251	LDNAOWMCPDDNLK
460	0.4108626030409902	19	59	54421	UQFRWBRHRWRNEJ
461	0.5158012638958139	29	59	55783	PRJHBPDLCPVDAO
462	0.43463586525927905	33	59	56221	UEDUPDORWMKTOQ
463	0.2647502528098364	41	59	56525	LGOBAIBEBCMDCC
464	0.41226431674983777	30	59	56678	IQWDFKJTAWTCEH
465	0.35736631811191527	43	59	60545	NWTCXHOAWSTIJU
466	0.5407283833847244	36	59	60805	ZSFNAJUGUSBWCA
467	0.4693909675753968	27	59	60881	KPGPBSSECUKJIB
468	0.41008776921178886	37	59	61274	LIBBWEZNMNXORM
469	0.3817951802994336	31	59	62994	KUDNZZJFTVEEJP
470	0.28070224741292976	37	59	63246	UGKNFEHFTHPYCN
471	0.37780467413459523	23	59	63402	KIZAKRQUJAYYGA
472	0.29237704762290273	31	59	64410	XEBCWBLEBFUGQW
473	0.22138943955097298	41	59	64583	ICVDWVDHHWQZLB
474	0.22694163936199843	34	59	64880	DAUNBCQXEUSDOH
475	0.3493529248332872	31	59	65626	JPZIPCONPIVLJB
476	0.3035429257324427	38	59	66920	UDWZCWDVSLSUQZ
477	0.39329226846393234	45	59	67338	NSOFQABPZBEMPW
478	0.4194590741621785	41	59	67470	UVPWMWNBXKSSAA
479	0.3505568965060149	39	59	68423	PFNQAMJQPRENKC
480	0.3827975451937837	30	59	69804	VFGNIWFPXSNVLI
481	0.5172123584934052	30	59	70040	HHAMKMUMKLXDFQ
482	0.6605302052882897	22	59	70068	FHFPWTMUWCHFPA
483	0.3258399854153231	35	59	71981	NBDWLPBRLBBEHX
484	0.27125697172300645	37	59	72191	BHXCSUCHIUZBFZ
485	0.47161398003399696	27	59	72459	QQCMUPIMXNNEHV
486	0.44365459915371896	33	59	72672	IBNJOVCUKYRABA
487	0.5942147770680865	37	59	73998	DLAKAFLZDHTCJJ
488	0.26039195382936453	40	59	74171	LMODNMXJBXUOQF
489	0.21206390515597556	41	59	74552	ZUOCVLADVGGUGH
490	0.43954563357962356	31	59	74697	ZKTRNIAGKXVOQI
491	0.5102745696742099	30	59	74918	QUNPMTQLZSEZDS
492	0.5447157978134899	34	59	75173	BDWKHKXSYDEDRO
493	0.5375104719283986	29	59	76264	CBEDFJLNGRMUQV
494	0.4686959530805886	7	59	76432	UORKGCGVAYLWPF
495	0.35380096776230585	42	59	78756	SFGABANRHKAHGP
496	0.40836491847756007	39	59	78775	VKALYCIKIXGXBW
497	0.44916776035191885	40	59	79235	PESXOSKSLKBILK
498	0.36002029625254856	34	59	80543	FQYUAQGDVORRCL
499	0.4517710509493601	39	59	81084	UGWAIUADKLHWOS
500	0.5312502586289908	29	59	81571	LXFVJPXFMHKULK
501	0.5741801254962884	31	59	81729	CNEAFYADRZPYEP
502	0.5080070934663643	21	59	81872	YUMOQULICSTAGN
503	0.5295841400607852	36	59	82053	AIFIAZSRVCWZJR
504	0.33650811124317187	34	59	82748	HVJLGJXEWCPPDB
505	0.3557664780269932	33	59	83223	CUMWBCCQQVPVSK
506	0.23601104682966678	42	59	83884	QAUIEDVFBQRSRD
507	0.42494471535227063	32	59	84406	JSICAMHPRQJNMG
508	0.4080566511686968	37	59	84704	ZUPPZZNCOGWGLT
509	0.5664403458926219	33	59	84823	YHUOVJRNTFTRNX
510	0.39219507739433807	41	59	84836	AHTWDRQYHUGSCT
511	0.4076648397286705	28	59	86174	NWECRLCQJHNNSA
512	0.4316114989734493	40	59	86753	CCCCFLLMPJQTTQ
513	0.3471135642919307	37	59	87456	KROOJMCNWRRPCC
514	0.5231771042717387	22	59	87502	XQEWZLFDJKFNOB
515	0.2307518934882774	47	59	88201	KHIGQKHDPOLRRR
516	0.5905257301473379	30	59	89381	OWLAORDUGLXNBF
517	0.440171683738936	38	59	90066	DHPMWWMZIJXUAF
518	0.4559664993755924	20	59	90264	KNLLXERQHPCIRN
519	0.2827197699288768	37	59	92079	TULQSOIJEHVLNT
520	0.27665617994572	40	59	92230	OZZHGCYPWHSLKA
521	0.4876299091585343	34	59	92309	AXIGYXLFTGICHT
522	0.29503125455480234	43	59	93944	VDOBUMDPVLFOKL
523	0.49151307619133044	24	59	94089	SOSYAYXUPXWPRP
524	0.4194854362019711	39	59	94544	GNWZEPMTZKFXQV
525	0.3459085204641299	41	59	95146	KTMRENYEKLIDBV
526	0.581901775217458	27	59	96213	AIBLHAHWWHPWAB
527	0.2665201492845493	44	59	96400	SOQRHWPPWJIDAU
528	0.2886594113691642	34	59	98301	JWDLCYFTPXSMGV
529	0.47357723044990646	18	59	98584	XRVKVNPMLQRAQW
530	0.35727596340657614	7	59	98815	PSTBRYHJMYQAKG
531	0.431007984248076	28	59	99100	ZLDARLMVRWMFLG
532	0.23744224012854462	37	59	99414	RRUPJFUYGNMEPN
533	0.3599654249854103	39	59	99793	ZVUVZLPXEJYHQB
534	0.39399744654096786	31	59	99869	XWUIGIQNNFPWFK
535	0.3853406259489541	16	59	100685	OSJWMAZWNQTCBI
536	0.29823803311641783	38	59	100931	CSRHEZQOPPNDRK
537	0.27558235864877534	33	59	101298	DUXNDCQVGKLHKE
538	0.22763967820051548	41	59	101313	LTXVHDUNIFEKNO
539	0.5086934752066931	37	59	101490	WFDJKCCXEZEQKC
540	0.3624780534966656	34	59	101697	KSNRDTJGXAAEIQ
541	0.38458879027987436	33	59	101737	BHLWYXNPQWHDHX
542	0.3332861690279366	41	59	101739	JZGCHVPKWZIFQB
543	0.275241874674947	40	59	103698	RMFOHDNAEOCEQV
544	0.41286484810488405	38	59	104420	SQNUJIBCOGUBTB
545	0.6848361337160245	33	59	105546	ZAKITPKIZFTDJV
546	0.45172309994007304	35	59	105620	SBGSIUCAYIGSIQ
547	0.42542378060828123	22	59	106128	LPOXGUVBIVOTBZ
548	0.406824804577023	40	59	107950	QSBSWAUSLLQUDV
549	0.3932559870238141	36	59	109693	WMHREDSUBDBVMM
550	0.22966550640481312	36	59	110040	AUMLCVNLZJLOHA
551	0.4689302929764312	33	59	110546	XJSSRXITQUJZLO
552	0.4938038144233445	19	59	111362	UUWJTHHVWSOUKY
553	0.34657711072260877	32	59	111681	MFRPASSMPOECIY
554	0.279721096580729	37	59	111706	VYYQHKVFFRYRIH
555	0.20992237978707862	41	59	111744	KATOYYZUTNAWSA
556	0.4702810842885465	43	59	112065	SXGCIBIVJREBBY
557	0.3886521058790155	29	59	114052	PDRYQKYYJPFATG
558	0.5122751315338764	40	59	114260	PIJPBDSFAHXVGP
559	0.3346198799373844	41	59	114860	DGJJIXQYRHCGFI
560	0.25211376765273813	36	59	115015	RAEJIZHFOZNGMP
561	0.513667941278614	35	59	116087	IMOGGJYMWTWRHW
562	0.3305053113360825	28	59	116224	LNMWUFNTMRHVCW
563	0.6142864538760037	10	59	116572	CUMXILZMQFRPNI
564	0.3593209116763262	38	59	117161	ZYWHCDRAABRVKM
565	0.3106544365046191	43	59	117492	WZOZVXFTOYPKBM
566	0.24964046815131694	37	59	118018	RYIKCWWQEACMPJ
567	0.5302109385092904	39	59	118039	OJVSSCWLDLYDFI
568	0.3879590806411193	22	59	118141	CUMUGEMLYYDSSL
569	0.389506033065173	35	59	118888	XEOLFTFTJPBNEG
570	0.6173139786560449	29	59	119288	BHKRVZSJLOLABB
571	0.2668652847923985	43	59	121249	RYEKYKSIPVXONA
572	0.27057102029051316	37	59	121819	ZRFMUKGAYTXLJV
573	0.4989842904180434	22	59	122324	BRJUMLJGYHBEBT
574	0.33060026945998067	32	59	123111	DEFIPODFBLEAGD
575	0.2448904760534915	40	59	123692	XFUXZHQUWPFWPR
576	0.5112812042296567	20	59	123875	HLULTRZHIBJQGY
577	0.4706890914421586	17	59	124514	YXOPIDIAJAHOCT
578	0.3129989329326502	41	59	125994	YSIWCSGRHGCCHJ
579	0.5662593003590638	34	59	126044	RSYRPDGDHFBIEL
580	0.3380514805166079	27	59	127768	WFIRRHJNPNGJBS
581	0.5321293807033345	31	59	128608	VBKOVNPWBRQAGF
582	0.5226580549211978	34	59	128741	HGDMSESHMACQLG
583	0.2684374585567032	41	59	129191	YONIQALMYRGWBD
584	0.23435512879327394	35	59	129463	AITHZLYOAQLVQX
585	0.27584249549313133	38	59	130491	RHEHVLIPKYPSSK
586	0.48178271645599724	36	59	130736	HPFNWVJAAIBICN
587	0.5847989083869792	28	59	131714	ITXNSRHFHSYGII
588	0.373524999599218	33	59	131937	VBQNSZQZRAGRIX
589	0.35914136690156323	43	59	132112	JBSCUHKPLGKXKH
590	0.2900026303005912	38	59	134099	LRUXWKFVLKWKRF
591	0.38349816234434114	33	59	134543	MOIRVQWYMSQLSJ
592	0.3537238065326158	44	59	134651	AAPJXXBZLAKZSR
593	0.3374302917035633	40	59	134787	CASWWQVDGSTYMZ
594	0.5107184373732712	28	59	135261	OSAXTPCZBXLUPQ
595	0.5425546641856233	34	59	135564	INACFCTUORTUTR
596	0.23451099068741627	28	59	136487	WWOKEZLDOVSYHX
597	0.5971137934533736	31	59	137918	BYSCILLICJJVAQ
598	0.5093032116220805	44	59	138007	WDILQAJLZVUUEY
599	0.6152139594980853	15	59	138416	IFDATBSIDYQIHY
600	0.2136091793828077	43	59	139672	CEKJRDULVFVTQS
601	0.2342053686901451	16	59	144618	CPQCREOKZWJGEH
602	0.2917884280789757	41	59	144873	JPYCZNZJJGAYJR
603	0.5262859347425042	41	59	147071	RPBBHWOCEQFKAP
604	0.5658638349526016	31	59	147424	RYCDLMHEPZTQFT
605	0.4684558697650982	42	59	148545	CVGNCBYJLNGWJT
606	0.3491385883471025	33	59	149584	XLWWERNKTLITEF
607	0.3848082460652398	37	59	151326	KZLGFUZEKMOLGG
608	0.2828248252010073	33	59	152656	HEWMLBASHHIPHP
609	0.5160109127690998	29	59	153202	VEPUCZUJLKAVNM
610	0.3053397800307234	36	59	153283	KCXPYNUPXRHIEV
611	0.3167896107761895	42	59	153476	NNDIXBJHNLFJJP
612	0.3753649640157878	44	59	154223	POQLUTMXUBSNEN
613	0.4281424996696232	36	59	154387	PMUKMASMUOTCMA
614	0.3679483031558856	37	59	154568	NJLYRMIDCSNADJ
615	0.4297905385310919	34	59	155527	DLJPRZAOAHGUNE
616	0.3936575072227931	32	59	156098	LRZJASNGRXSNCR
617	0.3698573484065309	39	59	156165	AKLLLKUMCSIQMZ
618	0.5821299431328103	33	59	156341	RZZWGRWWEZGAEN
619	0.2165060444529326	43	59	159515	DOYKMKZYLAAOGH
620	0.43714261848647873	40	59	160013	HJNUJRDGRMXBAR
621	0.37095365377636114	30	59	160102	YQUCLQVACSYHNB
622	0.5398660341609304	32	59	160117	YZZDTRZQCHIHHD
623	0.4609113429171934	41	59	160806	PARJAFBQPWQWKC
624	0.3513767980215216	41	59	160972	VEOZJESRRYTEQB
625	0.29715474050194657	41	59	163172	BPKVXWLQELEKII
626	0.39015063924994015	31	59	163191	DCOUNUNOWWJFAA
627	0.45236844643889584	34	59	163591	HFKTUZJPXRDTKA
628	0.3283425911307901	36	59	164189	BMUDVDADXZOUGL
629	0.2105041530663167	38	59	164919	BJMXLMHAHQUQQH
630	0.3944680552583475	33	59	165425	VHQSTIAIPGOSMC
631	0.3359791872002619	39	59	167269	XJXDFXXKUNZHEY
632	0.5180835248359398	29	59	167632	JCLDBXDZGZQKGX
633	0.22551889306342143	17	59	169346	RTUZORNRPXKYFG
634	0.5477299003977522	28	59	169919	BOEJZQKGKUOOFY
635	0.4442605764115085	34	59	170267	FAFDFQFBHSBAGX
636	0.3237282463269697	21	59	170284	YLKMGNIBKKDJGI
637	0.5516306134442723	30	59	170488	OMWFJAIDJSZDFV
638	0.37433404757732414	38	59	174486	WYHLKCCBMRNDOB
639	0.24165874384058805	25	59	175397	SXCVPGXYCJAUPB
640	0.22031075020633217	35	59	175444	KOQIOIDWZPDZBR
641	0.39176275932627014	38	59	176385	SOBYMLTWZSESRW
642	0.3794321057311728	35	59	176720	LZQXGLPPZQKUDB
643	0.4686296714131122	37	59	177201	KBCMOTOXCUDFHD
644	0.4946787673614675	25	59	178731	WDDQSFSWYBVZJT
645	0.4055654892381196	28	59	179332	ZJGRTYYOPSVQQN
646	0.3132437530563004	43	59	182836	PPCHNRUZQWLEMF
647	0.43677173995296226	34	59	184799	BRAOSVPITSNBCN
648	0.45933367939495806	39	59	184884	NAXNRDRTMUJWHS
649	0.6124939394888939	30	59	185540	VYEDTAFUFNTUOQ
650	0.47686664280057617	38	59	185683	XSOSIACAJIVFGA
651	0.36128600862404625	38	59	185716	OBUUFWIMEGVAQS
652	0.28854473424103316	43	59	186506	HYXULMWPHCMLGR
653	0.38082470021391646	39	59	186873	NDROUXDZPPPVIM
654	0.39793999979288586	33	59	186902	TZTQVWGBCVPWCP
655	0.2837985698749385	42	59	191802	FMYLHDOPJATPCU
656	0.5973948537819905	30	59	192571	IPQYREFAGRPQPJ
657	0.40668915485374274	35	59	193999	ACIODAKBJVREKJ
658	0.4961104450268445	35	59	194184	QEKFQDWHWQXURE
659	0.29739228900697756	38	59	194823	KKSRPYFDSRXBHV
660	0.45671273305926996	23	59	195018	ILISEUGIXIAZSM
661	0.32891243339215903	38	59	195468	OMWYCTDCGPWCDM
662	0.3703555819326991	37	59	195628	MFXMFYDAHORRBV
663	0.4337696028283125	34	59	196758	HZOAVTPFVYHTEF
664	0.4161080316270377	39	59	197605	ARDSJDLJBATSCI
665	0.2450476894733014	40	59	198545	TVYYZQQFYMYKLH
666	0.2814312215483597	37	59	198884	RYRPVLPRIWUOEK
667	0.46678933039588055	37	59	198891	OZAJHJQSQQYTRD
668	0.39846227130656686	33	59	199879	ACYZMRNWGYYRKG
669	0.3311752655773664	44	59	200747	RJJOOMXDEZGZER
670	0.3537206155745932	38	59	200835	KLSZLVNNDDPPMI
671	0.540155706696023	7	59	201116	LTBYNDQYSTWVSM
672	0.5891198492630079	34	59	201481	HUQJLDLNVNPKBC
673	0.5610472205292144	25	59	202895	MBTVXFTXGGPUSC
674	0.4407981561183158	30	59	203295	JOIFXPCUYPWJKT
675	0.5211015852770113	39	59	204265	NMDGTWMKPKGYAI
676	0.44622296597410355	33	59	206825	LKXILSFITASWCO
677	0.5199281386706582	32	59	207359	OUDUFOYDAUOXPD
678	0.43939927458756933	37	59	209410	GFMRAAZMCOCUCY
679	0.3035720227047865	39	59	209968	PUWSLGIIKGDKAD
680	0.4715064265219003	31	59	210032	WZSACOQGPOAZIO
681	0.23477444789520485	41	59	210980	NWQPAIPOHZPJIR
682	0.42722017908497195	40	59	211181	OVSJDDXJKMHRHM
683	0.514083773939558	29	59	211264	MQWPDQKLLPDSQK
684	0.43945041092387804	41	59	211389	PMJUFRYZMSQUQD
685	0.30604096156633126	46	59	212093	PJAUFAVQRREMBU
686	0.46944703326411313	30	59	212118	OCDWEOHJNHOPPP
687	0.2602116987467378	35	59	212861	SKUJBWORJQITFK
688	0.49424331534511223	31	59	213801	GEZRVCVXNUNJDA
689	0.3583349333701807	34	59	215380	CUOBXRXYCJZJJM
690	0.24983910885317032	35	59	215661	HHWMQGNKVBAAAD
691	0.4787411122723215	36	59	216488	FVSKHJYYVSJPBD
692	0.41002408752583874	39	59	218654	NQXNNCAQMVIHBL
693	0.4634907510698515	38	59	219270	SVFACCMCEHBXFZ
694	0.37661886951249135	15	59	219413	AOIMAYBIPUIYPH
695	0.2830172040896373	29	59	219577	YKUBJKXDFHYMRG
696	0.44990998370313995	34	59	220134	SLPJNFMUVKAIQK
697	0.429230146379828	41	59	220205	MXIWMXYLONBZLI
698	0.2249746021185962	43	59	220527	CUIQJFFRKSRGBO
699	0.31960443421771767	38	59	220649	HWYJCPANXFVVGH
700	0.3821692076257492	41	59	220775	BRENCONTRXLLMU
701	0.3823585332918225	35	59	222622	LFAUHXBAHWVZDB
702	0.25111734064239205	28	59	223908	NKNBWLXFSRLYGQ
703	0.41654733579336817	41	59	224635	OWSGIFYIVMTONY
704	0.2737269577395039	36	59	225580	XZRSBBFTAAKSPT
705	0.5579593985647997	42	59	228629	DJASNNLEUJQLKZ
706	0.30150209463272826	41	59	229048	JJGYRVZPUJUFTR
707	0.2766104893085496	40	59	229407	RRGXTNAHUODMQF
708	0.648270773952452	24	59	230208	NOJRKGNMUGWPLG
709	0.3300779497530576	31	59	230615	SZAYSFWZPDVDRZ
710	0.3594625522629542	39	59	231020	SSQJEBQOKARYAQ
711	0.35881604363161995	44	59	233719	UUFWIQNOFSEUPP
712	0.5849721875322451	33	59	233801	TZPFWDHZUWQCLM
713	0.4867561634254085	38	59	234703	QWIXXDJUHXOKPB
714	0.5217993468309011	37	59	234848	WKQPFJNAQNETCI
715	0.2928711931570876	44	59	234851	GOWWGHVTLFYJME
716	0.43674266786000204	37	59	235301	QWUKITUPKRDVAA
717	0.3245987093801992	37	59	236670	ZIERSMJBWUDONC
718	0.35936934378119756	38	59	237132	IAEICLDONPRGOV
719	0.4599035114072549	39	59	237607	PJBQQIKTIGUTST
720	0.2683674057528894	40	59	237885	RQAGOQPWWLBECE
721	0.33744634230374626	27	59	238865	RSEITXVGDPLTPI
722	0.2670425294744766	42	59	239186	NXDYUTUEIUQVAK
723	0.5091272934540149	34	59	239540	RSUQJXHMFVYBBS
724	0.2464698151843435	28	59	239560	CBDXCUYKDIXPFD
725	0.5501667035226567	18	59	240237	BAYZMDRQKPFVTM
726	0.5510591884180498	9	59	241077	YMMMNSPQHCJJNL
727	0.48747820641291567	32	59	241305	MSZSOUFOMWOSNR
728	0.26163020688865773	42	59	241373	VSBANESZVWEDJZ
729	0.35959147807234804	38	59	242686	GDKBRPGQPSYBTE
730	0.48690916762637465	40	59	243386	BGKMEWSRQNGLOO
731	0.41792769185748974	42	59	243598	AWTRJROHUHRHRE
732	0.4499598624568106	32	59	243800	OYKNTSVOOWIRJG
733	0.5531065537109052	7	59	244085	KWKFMUOQTUUORT
734	0.47083100646337356	26	59	244716	YQGDZWWLYAMTAU
735	0.32801674699232053	33	59	244832	NPUVNTXDTYEVCJ
736	0.37082061171776914	40	59	245310	MPUBKBOFSPEADN
737	0.2430697405627044	38	59	245934	VDTYGZQTXPZLNA
738	0.3546056661903132	33	59	248823	KHBWVVURFCWYNT
739	0.38977185742884807	35	59	248934	QJLQFIWFCHUVNY
740	0.3850719488955953	33	59	250163	QVQRRSWZZSIFII
741	0.3745492446268812	36	59	250462	DXZARVMGCPQDSK
742	0.40577930068591184	33	59	250727	WUALHYBYIXXLLI
743	0.48176824096558674	37	59	251442	KQTCRXYOOKEUPO
744	0.6454228432035769	33	59	251760	AXSRWSSRKVIZHD
745	0.4089215668191519	32	59	253845	CEHOPNRYQMPRON
746	0.4593893957030639	18	59	254958	RLPZSBCGYLETMW
747	0.27049617434072337	36	59	255492	IHFQYDMTHUFNRO
748	0.30626887163031896	41	59	255937	KQYCLDHQGYRDHM
749	0.522846667586776	39	59	256409	MXGSLCNVYMDELJ
750	0.455703283254722	37	59	258040	KTDOLCHRZYHEBZ
751	0.4389903582453384	41	59	258208	OOSOKGVXAXDOMC
752	0.45746217436248426	34	59	258847	PEVPTRLNHNJRMF
753	0.3130663537935343	42	59	258890	DMFRMEFCVZUAEB
754	0.5889013875277678	13	59	259556	JHHMVYPDZHFWBI
755	0.31152163711964254	28	59	260804	KCRFVILSVQNHOR
756	0.3942860058804048	16	59	260815	QAEPEOKJVKUYOO
757	0.37718220625406235	18	59	260879	HADOPAZPQPTQTQ
758	0.5252017703090617	34	59	261713	GPSPSNASZGKBJQ
759	0.3527528766582206	40	59	262708	CDIODFIMDUGWCA
760	0.26817467688304536	35	59	262807	RNWHJFUXZQBBLK
761	0.35346765910419936	35	59	263423	VJGJPHDFEMLGTQ
762	0.49964695831621275	21	59	263640	MLSYHUFQDGSRNM
763	0.36273578993968475	35	59	263935	FUQTZTYSOGPJHR
764	0.45695087030010134	41	59	267313	JEXXIARQVKWIJS
765	0.4692207689092681	37	59	267441	MMHGXIKLIDWMFC
766	0.4508684023630157	35	59	268659	KRTZMEITZXZDOY
767	0.6489799794319887	21	59	269464	LLUFWVWPKVWQRC
768	0.4660152513722806	30	59	269661	JBNFGDCWMOEPTN
769	0.37894451633059245	32	59	270222	BKQODMJLTYMIPZ
770	0.3433961658490946	36	59	271265	DUMVREHZTJJZCX
771	0.20568389422926717	45	59	272425	ZNHVWPKMFKADKW
772	0.5106779055334045	42	59	272600	PMIBRRWTYWOPOE
773	0.4108948606905621	37	59	273259	CJQJESUGQUNJHK
774	0.4635648633862472	34	59	273446	PMKRDHYIJLQVRT
775	0.36922035138256926	36	59	274096	URPINZMXYYKSJU
776	0.43135412754657937	31	59	274205	RLSCJZUCEIYMHA
777	0.32937708569559626	40	59	274743	WFWZEVUAJFNRMA
778	0.4625407152168195	24	59	274815	VLOCIMCKBBUPCR
779	0.2233394266314054	38	59	275296	KGIJOOYOSFUGPC
780	0.5367519444423754	34	59	277600	MPDUJZZNNBJFAB
781	0.49425412998737084	36	59	277744	NVECILAMICWAEO
782	0.5451162102132612	31	59	278008	RPMHGIJZPLVYGJ
783	0.27796242036113034	39	59	278152	LNWOKEZJIRLIDO
784	0.26262112025408973	36	59	280028	DXIFQDQNWLQSCN
785	0.3777291566551277	40	59	280416	FTOYWFFJNNHSLW
786	0.33966078551707735	29	59	281514	CVUZCHSHTPTEMJ
787	0.5863011239043666	36	59	282307	PZTRPASJULRPGF
788	0.28245583461247004	39	59	283099	YGILXMANNHJYJZ
789	0.27196532642811116	34	59	283609	ZVENUXRGGULVSM
790	0.5043193617740602	42	59	285973	ZFJPUSKOMZLMLQ
791	0.3456298487305945	15	59	286448	HSGBINLKOKRGCU
792	0.4224036256985793	35	59	286954	TYAHOTSECGQFPS
793	0.32445895224289456	35	59	287223	UBCRZTCACCTRMI
794	0.47786134932570007	32	59	287473	MUNNLJBISOHONF
795	0.3997730091389129	23	59	287610	CAYJKXXFARHARS
796	0.4743044526300886	37	59	288235	LJSYRQSDMJDHAQ
797	0.9023788395744048	8	61	60661	ZDACRNZBFJOLTC
798	0.9070017062163462	8	61	106153	SZJNCZMRZAUNQT
799	0.7812583810150925	8	61	155346	NKUPVYWGJGYSJH
800	0.5657546396622324	8	61	173995	DSQIFKOKOQOCHJ
801	0.6948635055433968	9	61	189990	XAMCMRHCZWDKAS
802	0.6518668940741121	7	61	196248	OQWOPXLBIADHGF
803	0.6904765910766493	8	61	229860	NAGSETJZBAMZHC
804	0.31409716011796096	7	61	235197	DYFJSIOBZBGHAE
805	0.49584458514298557	9	61	239694	BOQHFRPRUMNNQZ
806	0.46719002372841906	9	61	262645	YYVOQOFDSWQVBH
807	0.5658299199987598	7	61	263392	CQUICEDRUOORIR
808	0.4000840056168324	44	63	14489	SQWBEAPIEXCZOT
809	0.2587322779304514	48	63	68561	NVCDYIVRRNILOL
810	0.3174344156700143	43	63	114684	CAUQHAIJBWAQIL
811	0.3011875826301576	50	63	164906	RLBAFDJXAXIJCH
812	0.4087777815717354	45	63	215811	CELZEZYUAVUZRU
813	0.4932816133283687	68	63	236014	FIGNHNKYVQYJHG
814	0.5359981428755611	38	65	14317	LUZYTSCABOWJAC
815	0.24782109363154453	37	65	39291	WFNKMDQDJZMORZ
816	0.42770968933828246	39	65	109952	RWIWYOYWKCQSCN
817	0.3145025899235245	37	65	138915	ATZALMRXHIBLKA
818	0.47552278152214683	38	65	195684	CQKNELOTFUSOTP
819	0.545388229686447	39	65	203066	QSBHSPFCUOHNKQ
820	0.47311649549734636	33	65	244613	FLPXYDHRVFVGRJ
821	0.23206370930474632	23	67	494	CUSAOHXMIBSEHH
822	0.2894499788333522	28	67	20391	HDNGHNOEMOMCKM
823	0.4013984262907672	27	67	25777	KZUSVZNJHFYUQX
824	0.22822204762988657	29	67	39550	FEHJIZDZFVLRLD
825	0.2572918758800632	23	67	39946	YKUZRVDDAPLZDF
826	0.3984239678424714	30	67	49195	UHHVTGOVUBSAIG
827	0.29785239988131534	25	67	60786	HFULRMSLMBVSDW
828	0.45990910319025674	31	67	64934	UXYFUYRKYUHZOH
829	0.4354430938562478	30	67	73097	DVKUEUADFHEKNX
830	0.2774687845888543	27	67	89098	CQVCJRAFQMGRDD
831	0.4524918839167256	28	67	99831	MGYJEJUWQRJNBN
832	0.4319849796031924	28	67	107751	UANZCTRZDQLPDX
833	0.2396995369363314	24	67	112173	GUVJPXABQYFWPD
834	0.24253577448003974	22	67	121777	HYUVPGKOZBLTBP
835	0.21192612796621285	25	67	129344	NAZSXQGQWGMPPM
836	0.5563485393397216	7	67	135088	JJQOCZNUTZIGAX
837	0.3065055994661475	27	67	135942	PSGRXCIJQHOXDC
838	0.33005699915725395	31	67	136484	XEPCTAKXVIPOJK
839	0.24021973671708802	29	67	154761	RKSYUYCKHRVFNL
840	0.2975915618011094	23	67	183614	TYFBKCNLJSYFSS
841	0.3910469040015505	31	67	184461	NJAYHLDXCVDTEV
842	0.32300154578237955	29	67	190281	XJDAAAPRTJXHFM
843	0.44634680237167673	31	67	194535	MHALAIOXRHAOFI
844	0.3169685102879576	28	67	198394	DGTXWIIFBBXJAA
845	0.5026028559947944	21	67	213088	RRYVAIMRWICAQE
846	0.4308827725584986	32	67	213544	MJHCLSMOSXLVMS
847	0.5040616385638825	31	67	218137	GDCBVHSUEZTUIW
848	0.2651532960997045	30	67	218681	VFUTWIAUDWRGRZ
849	0.248322100940005	26	67	219861	XZEIVZDLJSQWCC
850	0.40631160598500693	32	67	239465	XHMGEKKHSKIGMI
851	0.44700736154440895	32	67	249270	ABCUJZSRBYAWAE
852	0.2165470928904896	25	67	268561	QXGBPLWKLUOLSY
853	0.2199351255121382	28	67	269553	UHFDVJRNQGHKJH
854	0.26065107510081814	26	67	270206	YYZBBTIMECBEED
855	0.5863896359890697	29	67	283602	RCMABBHQYMBYKV
856	0.21233829569813872	42	71	7249	MKVNHBVBZJTLJG
857	0.40747763049888225	9	71	39889	GINOADVIBBPBEW
858	0.35920871326700443	7	71	65947	DQWOXVBLNUYKHM
859	0.4760766866352366	60	71	74124	LIVFDZRSAKTWKS
860	0.49492444944619246	51	71	86696	NHCONVHYGAHXRU
861	0.4386638327320279	46	71	92860	NXOSJVNWDRQXAO
862	0.513873381725784	39	71	114160	INKMFMILWFCUFK
863	0.24636834340847594	45	71	128231	YRVGMUCBUGPWMR
864	0.4733346534138662	48	71	155887	PBEPMKBBTYGDHS
865	0.30993941908105427	45	71	174329	KFIICUJUBGVCCH
866	0.4140747835743473	49	71	179741	ROKVEJVSNACDSL
867	0.5636325054698795	46	71	182449	BBMBCHAXOBFQPC
868	0.49329903841691536	58	71	184494	VBPJOLZEHVDXMU
869	0.33670783763907314	31	71	208355	YQMGLOAHUCEIGY
870	0.2962831312669082	26	71	209836	NGQKBZVVKVAIIG
871	0.3183411197433729	53	71	249693	IFZOCIXLXYPOSF
872	0.31999401575949965	46	71	258400	TYHKFWFVACFWKK
873	0.2405109982525157	58	71	285038	DBHVIZGJTLWNTC
874	0.3944572659337986	47	72	177018	CQOAKBVRRVHWKV
875	0.3578567542345297	50	72	195588	WRADPCFZZWXOTI
876	0.5319339205991972	55	72	275616	KQYIQWJQJFWGMP
877	0.40763133001484936	48	72	278783	AKQLFHXLRLKXAB
878	0.2006149204940115	18	76	191905	XKCLCATWJFCVNH
879	0.34928709424220505	44	81	144576	OPRYWCSVGFCHJA
880	0.3808004921666658	52	81	263890	VYEFYAVFLNSXSK
881	0.2148690709852352	7	86	2092	WWQZVICYWMLNPV
882	0.2397975889466023	8	86	45726	AVMGJSHERCLGHX
883	0.25636446371141264	12	86	47530	OYLWPOLNGAYAOO
884	0.22936514350156104	8	86	55242	DHVPVPIHMUTANQ
885	0.348719846049172	7	88	94766	NNVWKIHRHLCZEU
886	0.6655883822127421	8	90	44187	NPKBZPFOLSZYNX
887	0.675319507703802	9	90	50440	QZBUWPVZSXDWSB
888	0.3962691117463145	9	90	57531	BMQAHUYSWMCDPJ
889	0.5188514730159669	9	90	272406	ZMRXWCBDOBLXMB
890	0.41030012601760435	8	90	274564	OVNQNQOVBVQZCE
891	0.83707368148501	7	90	283009	FPCPQGHISRHYDY
892	0.3510315427358582	24	91	11191	WRLTVMQXNNNVTK
893	0.27040044366712757	24	91	55606	KJZIXCGHDVCNHL
894	0.2658041964359879	20	91	90093	OJWVHJFAQCYGMT
895	0.5605325686883651	30	91	172169	CCMDAWLYCNFDFN
896	0.34602879233263145	23	91	214020	RDNRJLZBXUHRHN
897	0.3600569316078696	23	91	238086	QXLWCTMPQRBCAQ
898	0.49288346256849996	27	91	238297	ZRLVJNQOEORYIS
899	0.5525795575543977	30	91	241762	XWYXUMDVQIOAPR
900	0.6697554090913208	7	93	201418	WLCCALNVGXBVEU
901	0.7876704197188632	7	93	251303	ZNFUNIIHSUSXNE
902	0.33723662186840064	9	94	80538	SJRPARRNABOJHF
903	0.28103439755420584	10	94	181064	YUTNOGOMBNYPFH
904	0.3859083851620871	10	94	185865	JNTMAZFVYNDPLB
905	0.43945338009470136	26	96	222329	SFVAQDFSJKXPAC
906	0.3199417381151101	8	99	150611	KSGZCKSNTAJOJS
907	0.20425949858420506	7	99	269169	UECKGSMEUCZKJK
908	0.22221267717472262	7	103	231887	YQOZLXLHUHCYAC
909	0.22610570530721785	7	104	115701	RJXAFJYIDIPJFH
910	0.27942436888329203	8	108	151406	JCDWJZKYFNMRNW
911	0.29556703392227035	7	109	36382	VLYAMKDWLDYDAN
912	0.5062171729141858	7	109	49485	ZJMYOQOMIMWWFE
913	0.5688583913104269	8	109	186676	VJFIILVPPZGOTO
914	0.5144832503186738	7	109	213819	QVRFSYRSSMDRPS
915	0.20659887571641022	24	121	166282	YWVFNBYKFOWGPG
916	0.33506199737707976	7	123	240341	CNIUEVQJABPUIJ
917	0.6135596779521877	8	125	88579	ZLSNTHHWQKSGDY
918	0.4584151592249857	9	125	208336	DBJPZCJQDRPOME
919	0.3676412285473113	9	125	269505	JDRIJDPCYNFZIT
920	0.29556703392227035	7	127	36382	VLYAMKDWLDYDAN
921	0.348585018514114	7	128	281144	IODUMQSUUADSTG
922	0.4089262141271257	7	129	196620	KCHLTEPRRNOEDH
923	0.20347590318958614	8	130	62032	SCVXVYUEOHWNLK
924	0.2159444047439072	8	130	87913	BKWLVIFXGPBQDJ
925	0.4257267664841493	13	130	103275	NHXZRXLFOBFMDM
926	0.20755652566819627	8	130	103649	LIBLOJFUIMXLIF
927	0.21998757525660087	8	130	128247	KLKKCYLRGDKDCZ
928	0.4237763890057522	15	130	129230	USLVEJAHTBLSIL
929	0.5281897209987001	9	130	219620	IFKLAQQSCNILHL
930	0.38391788831393797	13	130	236788	DLUYMIGFCRSTGQ
931	0.41549850421877654	11	130	286912	DVNLHTZKGDRVIN
932	0.27507033910247264	33	132	67830	YBWPFLPQZXWNNM
933	0.20076550445286398	30	132	242664	VHHUMCJOXTZJOX
934	0.2118791190107448	20	133	11091	JYAWVBFUJBVQLF
935	0.4532823285520583	34	133	31640	ZSFBNUBMKXAEFD
936	0.39520408723255696	24	133	33783	ZYQJGZAVMHNFNY
937	0.2341544783901419	14	133	141564	MDIDMOWWLBGYPG
938	0.6492803708212496	36	133	263542	YIMYIHLJRZROLC
939	0.28465502804240644	16	133	281237	RHGLPNYASVWIET
940	0.44390886943144897	9	134	60820	DXRJDPYAUGGBPB
941	0.56077303768807	9	134	79340	IIHODMXLVYVECB
942	0.537986572505573	9	134	84174	UQAARSRFYUOBII
943	0.6868135748665837	7	134	206798	BTUSGZZCQZACPT
944	0.9155926999242349	7	138	44546	WSLYCILIEOFQPK
945	0.6249096970315174	8	138	170466	PMGPVTQHMNDJMP
946	0.2894694168790304	7	138	186175	NHZMQXZHNVQTQA
947	0.7293773281147006	7	138	241375	NFYRGJUKSGFWQF
948	0.20170258393506943	7	140	46420	QDLLCZIPJWSASB
949	0.25209866311049195	7	140	159397	UAYRCOSFOXJQAB
950	0.640498672285455	8	142	62897	LIHMCRDYZWJENE
951	0.5653424904349685	10	142	125632	HKDISWISXOTDQE
952	0.4056345395646156	7	142	193188	RYFZBPVMVYTEKZ
953	0.27112495991248975	7	144	38633	UGNCQBJDUPXVHT
954	0.38763437778528986	9	144	46719	AAGASLNRMNLPPK
955	0.28730814337222793	9	144	56661	QWXTXMYCDLAOLX
956	0.4937583014537464	7	144	65986	WYVKBAUSAOYEHR
957	0.4136849451836043	7	144	67019	BECCUNGYVJUQCO
958	0.3314979350308731	8	144	101461	KBRVSMBFJLKDNC
959	0.4926382096102912	7	144	125533	ZASIWXYCOSBJJH
960	0.33125282994137484	7	144	187420	FAKPZXXKCGFUKJ
961	0.24509017157876103	7	144	214881	VVAHVWPREJBZKW
962	0.2356934563399278	7	144	242390	OPXDWQBUCXDVCJ
963	0.2996665345207585	9	144	243642	BXTKFJOTXLUZOE
964	0.6486621069698943	7	147	74021	KJKIEFUPAPPGBC
965	0.5031610281172574	9	147	104746	GNTVWGDQPXCYBV
966	0.4509567659584615	12	147	119177	XHIXPVCTDRNTTC
967	0.5638719340729768	10	147	201886	VDMMFAOUINDEGC
968	0.948421923543388	7	148	50577	QANLTHMDTMGPEL
969	0.3492907741828769	11	150	129245	VZDKNTSKFORBBF
970	0.3451959153705043	12	150	131737	LALIMVNVUDRVIW
971	0.34700072420516515	11	150	272196	HQVOLKBRDWRKFF
972	0.3339090945348163	11	151	39958	KXLBNQTUONJRNV
973	0.208785571743226	10	151	144790	LWLWJXUSPCIEFG
974	0.32547169303004386	10	151	242836	VNEMCNXMJWNLDK
975	0.23978481701958396	10	152	193952	IBYXDWNHLOGYIN
976	0.3500862161672235	7	154	111501	CPMKYMGGYUFOHS
977	0.48071196368858266	9	154	125631	VWXQFHJBQHTHMK
978	0.29498450193587994	7	154	246679	CQCYYMGLQMYXMR
979	0.27831199726621203	7	154	275203	OBTCMSPFOITUIJ
980	0.6876542252605109	8	156	2199	CNKPCFYYRDBGDX
981	0.39890115992479713	11	156	3837	ZARKFWPNFBXGGM
982	0.4233337291471325	10	156	6689	SBGBCGADKZIDIW
983	0.8061343175193443	7	156	43082	GMKKCPOMBXUTIO
984	0.54226302106178	12	156	54086	KYUGGMGPBJMTDQ
985	0.6335819749640277	7	156	56423	UOUNAWWCBHCAFG
986	0.20487843610740047	8	156	114036	IFNRDWSKKNGFGN
987	0.5045752976199687	9	156	115489	JRHYHNVSJWCMQQ
988	0.34450041206747106	8	156	165347	CMEASCHYTXEXMS
989	0.3762907833566927	11	156	172270	GCAMBACYWCGZAG
990	0.31808698940003977	7	156	194720	WJJGAKCAAJOICV
991	0.6827215000248151	9	156	206471	FBNGPXXWIZPFHE
992	0.2312951929414766	9	156	226690	CXXUWGHDFPLDBN
993	0.657381761760732	7	156	235019	ASEQCGRSDZOESL
994	0.43707228181194235	11	156	258418	KRSCNLMCJRYTNP
995	0.647578777911647	10	156	265566	DJEJYLAHOFKPHI
996	0.5071257055344621	12	157	134171	SVJAUSAOZOLUJQ
997	0.33247350675490617	19	157	142659	XWYDITRQXWMULZ
998	0.49115118329081486	14	157	219225	CSKRFYUNLAVIQP
999	0.5997502378613904	18	157	270195	SOEACRLLVZHBKW
1000	0.2512525675188604	20	158	149597	FMXMGMPOZHXTSH
1001	0.4735934025869099	14	158	264707	DXHNHQIKLTZOQX
1002	0.20125516004220262	10	158	287367	KLYKJOPFNDDFNE
1003	0.6263048169027093	13	159	117195	KLAKERNFCWWFHC
1004	0.2115331316317469	7	159	248121	QKYGZBTYBVYKRC
1005	0.5211481026167525	12	159	259629	NKMYDIXLLZQYJO
1006	0.29789105985207825	10	162	18347	DLPOANDLVJHGGA
1007	0.27932799194929486	13	162	59711	OCFIUNGSKQZESJ
1008	0.23474995351316214	14	162	62224	PGXXGODNTPWQHZ
1009	0.2862688433863709	9	162	63439	BMBSGGZMJQTQSO
1010	0.25601282540635406	9	162	68999	SLBWLZNGIKCLSL
1011	0.21743449830476919	8	162	104011	CVXXCIJNZNETDW
1012	0.2907498810613375	11	162	106834	UPMKELQKOTYAEP
1013	0.2849339460442275	12	162	135299	MQCYELLGZFKAFD
1014	0.29319278635342394	11	162	150996	IOPQLDLYPZSAEX
1015	0.2447799291524841	9	162	160149	YLXMGRTUPUJSOT
1016	0.326979739315524	14	162	266823	MZLKRMYSPAAJIC
1017	0.27414950817347944	9	164	123017	QYDMJTFKQVPEHJ
1018	0.36955889139609804	7	172	52810	ZMGVWRPCAINDHT
1019	0.28303051752041675	7	172	275442	RIPWQEMCHVZIRA
1020	0.47535765000770175	9	176	33959	QEDMGXHHRXIZDW
1021	0.7309011631087595	12	176	111840	BBIXOODYWPFNDT
1022	0.40559093976334554	10	176	137091	PWIAWDVLQXARBI
1023	0.4309692964188975	12	176	219367	ZKQOUHVVXABNDG
1024	0.6527363361069779	11	176	230838	VTJUNIYRYIAIHF
1025	0.3353792032834121	13	176	266171	OCYROESYHWUPBP
1026	0.28473904935912914	7	177	51330	PIPWAZYWYSAYRH
1027	0.2054974559210283	7	177	53789	LSDFTLVXLBHDLA
1028	0.3604311321108749	31	177	76798	AUTOLBMXDDTRRT
1029	0.20574638295940387	8	177	78477	FWAMSVJFINPKEF
1030	0.28982203331541095	21	177	80855	UBJFWFZZUVUIOS
1031	0.21495990319172864	7	177	87715	XYNONSHDCXPAOC
1032	0.22405685512345563	7	177	95388	UEAPOVJEVUNJHK
1033	0.25269703797242615	23	177	114887	IOPQLZMOUHTNSC
1034	0.21037168913801144	7	177	220705	SNEAPXILYVCZFK
1035	0.20878301709981972	17	177	239646	SNBONYSNCLHAOU
1036	0.2695843876961702	20	177	245200	GIAZPLMMQOERPN
1037	0.3380508772586431	12	179	71009	YOIFSTUAGLOWPB
1038	0.24890018684921725	11	179	74394	ODOPEICAGBYCFH
1039	0.34719167060631984	10	179	201418	WLCCALNVGXBVEU
1040	0.7589377247976641	10	179	251303	ZNFUNIIHSUSXNE
1041	0.24037254424782795	12	179	258069	SFDQXNKCXPKNSE
1042	0.2615222724679517	11	179	259346	JANBBPTXDKFOQR
1043	0.4656158689606431	7	180	51860	AJPIUNPJBFBUKK
1044	0.37532326885177153	7	180	187585	LAXOCXPBJXIBHO
1045	0.6617846380226442	9	181	62349	UBLWFFBGMBRBMC
1046	0.2549630574792824	9	181	79177	KIUSNPVZHFRLAJ
1047	0.43106910299487644	7	181	134133	GXNDDRVCUBWYBN
1048	0.38060212964315	8	181	268866	ZSQWOOAPZBZGAZ
1049	0.2571273788239841	10	182	193952	IBYXDWNHLOGYIN
1050	0.24840593031222385	10	182	200587	TWVROMMANBHSID
1051	0.3948327379281075	17	183	10955	YWEXXDIDIWGZDE
1052	0.46402763528469987	20	183	19995	DIHCUOAXOFINKK
1053	0.23625892037131557	13	183	46948	LTNUWWZNTOSEML
1054	0.507375117620481	7	183	118199	GLQDCKDJEAPNLG
1055	0.6087458938514545	10	183	125496	XALHQXXUICHGPI
1056	0.42759156224277833	9	183	140898	ZWXFCPNRVNMFOO
1057	0.6282171172960501	8	183	141378	VSNRSSFPVOZPQN
1058	0.40036705911818093	11	183	146605	WVSTXAFSNZQMSI
1059	0.44154590529262383	14	183	158751	WWUJVTWKCIUWTB
1060	0.2831499250069608	14	183	171405	YSBFGMTUOBCPDD
1061	0.3818683818982694	11	183	177270	DCDDFWOASGCFGZ
1062	0.24448662539728194	13	183	182253	IZUFMCOHAOFHPW
1063	0.3757817252727503	12	183	183743	WFNNOZZRFPORKZ
1064	0.3733001212523068	17	183	194508	JCCXOGGMYYZPJA
1065	0.47282579703804306	26	183	221981	FAXXHNWVMKTOFF
1066	0.4381681173875474	21	183	243863	HRMXETZEKQCWBC
1067	0.2837069823130083	15	183	266787	OBQPWRJUZHGREQ
1068	0.35289131608418856	27	183	266931	RZUFSJCGGIKYGP
1069	0.5096592488832182	11	183	272787	QCMWHSLNKVGUTA
1070	0.20354353797932542	13	184	141826	FXUAIOOAOAVCGD
1071	0.2092591772148728	11	184	250809	HRBZHPMMNALVKR
1072	0.25253295751259636	20	185	15846	UFJICWBLJCYNIK
1073	0.5247500726449328	22	185	25809	RFLOWTCRLWEZFB
1074	0.2681605372325807	18	185	27288	PWXCLVASQNMYJV
1075	0.28372257435413406	19	185	133755	GCSUVJPMEZMOIC
1076	0.2567992669403132	10	185	142677	FRLKVIXBUZDQBP
1077	0.2931936350808917	16	185	177821	MPUVBVXDFRDIPT
1078	0.24473485361193337	19	185	183292	PRPCIKOXPKFFLL
1079	0.30357866761435315	23	185	268004	VQAMJDZPHVOGBL
1080	0.5744818833465407	8	194	62897	LIHMCRDYZWJENE
1081	0.4963215760319717	11	194	125632	HKDISWISXOTDQE
1082	0.30158234194168965	9	194	193188	RYFZBPVMVYTEKZ
1083	0.46806821254794234	15	201	28948	BGWXHLHHEMHUPB
1084	0.20873868790353628	8	201	200161	OXUUEDHJHFWUCB
1085	0.4960540138640792	15	201	208183	NQGGGNVUCQSHAO
1086	0.5916479703099234	14	201	247419	NGJMDRAYQMMCCB
1087	0.23938390130151216	7	201	247641	ZNISLNHVUXLJKD
1088	0.2001207464842901	8	201	259970	HDIPTJUHEOGXQC
1089	0.5082804028311367	7	202	57174	MZGYUVNMCYKVFH
1090	0.7278136706129322	8	202	141161	OJEZGVJORRERCL
1091	0.6966961936947456	9	202	144898	VXNIFVLSWOZUNG
1092	0.6618055303760981	11	202	171320	VXRITKUERVYMCQ
1093	0.5767775414188033	10	202	191829	LTBIZVPBHYPMTF
1094	0.786562116709616	11	202	224990	LSGOTAXPWMCUCK
1095	0.22669098858980588	7	206	30628	LTKCYHWHZGDDBZ
1096	0.20156498528923214	14	206	82495	HFWPIKZCDWYCOP
1097	0.21525788426472153	12	208	171825	VIQYOKDVSJLKNG
1098	0.23907232134162437	10	211	232123	JWHAUXFOSRPERK
1099	0.46521072696634763	22	216	19852	AHRUFYIOZLJWPI
1100	0.6117697309480155	19	216	50981	QGQUORCPVPRLCK
1101	0.5945784540068023	23	216	209489	ZLZRLBMUOXIEFI
1102	0.46830075137567073	16	217	25358	RJIOYVYRNVCWLC
1103	0.37432671942203694	14	217	46505	XTWYBRSBORTKPF
1104	0.5798687417988535	8	217	65764	ZVEFMIXBVJXINX
1105	0.3158183615047702	14	217	167078	JIOFFOHRDKKVHR
1106	0.23130058851602653	11	217	196382	UXKHBPOYZOPFIH
1107	0.27744507083162734	12	217	226065	PSNKTPKTPUJJNP
1108	0.36419641903500116	10	217	234870	MLDWSQWMXACHHN
1109	0.35157837883001614	9	219	48969	MKCVLTRITQNGQI
1110	0.4862143788231493	9	219	153020	XXSAFGVAPGOYNT
1111	0.2202772752299719	7	222	255736	RRYKBMDPLZMZJS
1112	0.3287879811834206	11	223	241458	IKCYQZGLTBAIOD
1113	0.7576259003587739	10	229	44187	NPKBZPFOLSZYNX
1114	0.785620916019975	11	229	50440	QZBUWPVZSXDWSB
1115	0.5508237011734792	12	229	57531	BMQAHUYSWMCDPJ
1116	0.43272852110439425	8	229	103565	DTYNBONEAKXFNI
1117	0.3161290654607046	7	229	129298	CWGHZIOJFVTEPN
1118	0.45985678395790985	8	229	204215	ULQQQQMOGBDJEB
1119	0.3932838665149262	8	229	208357	WZHYQHKXXRMALW
1120	0.6406750145654279	10	229	272406	ZMRXWCBDOBLXMB
1121	0.5588612669671782	9	229	274564	OVNQNQOVBVQZCE
1122	0.9132284348491511	9	229	283009	FPCPQGHISRHYDY
1123	0.2036513238958024	13	230	155346	NKUPVYWGJGYSJH
1124	0.6441302470051207	8	235	62349	UBLWFFBGMBRBMC
1125	0.22708596017445395	11	235	79177	KIUSNPVZHFRLAJ
1126	0.43191099002479627	9	235	134133	GXNDDRVCUBWYBN
1127	0.3437988356968663	12	235	268866	ZSQWOOAPZBZGAZ
1128	0.2975490035706722	11	242	107997	XZEBIUSMTQUFGY
1129	0.5182822104412231	7	244	57174	MZGYUVNMCYKVFH
1130	0.7332966213590573	8	244	141161	OJEZGVJORRERCL
1131	0.7019066750463404	9	244	144898	VXNIFVLSWOZUNG
1132	0.6648082940939181	11	244	171320	VXRITKUERVYMCQ
1133	0.5906423276083076	10	244	191829	LTBIZVPBHYPMTF
1134	0.7929926064078316	11	244	224990	LSGOTAXPWMCUCK
1135	0.3424843998905728	8	246	2576	VLIHXBQWXDIQTE
1136	0.47487504946724496	9	246	20481	PNOKUGWGMLEAPE
1137	0.23531560703091292	11	246	152141	PEAQTUDKZGSVCV
1138	0.28241772748141974	9	246	167763	QYJOOVQLTTVTJY
1139	0.5026014315747871	8	246	232251	UEGDICIJUUEIOL
1140	0.37852650464267523	8	246	265099	GNMSLDIYJOSUSW
1141	0.34723740248794327	9	246	281423	VBBWEKADEDMWDH
1142	0.6776904803816461	8	250	16965	BFBOJKQZCATWLG
1143	0.4664871948450807	8	250	100492	NSCJVTIASPDNOD
1144	0.8700945187241703	7	250	117869	AHTDIKDEEMDJGD
1145	0.345997195970879	7	250	248082	BHBFTMZAKOOKIZ
1146	0.20243949173557993	14	252	42926	BVAAGSUIMXBLOC
1147	0.21046858226359139	12	252	171825	VIQYOKDVSJLKNG
1148	0.21934179456819272	9	254	80855	UBJFWFZZUVUIOS
1149	0.24627923457760487	12	256	232123	JWHAUXFOSRPERK
1150	0.6770366761030348	8	258	16965	BFBOJKQZCATWLG
1151	0.4654859480677345	8	258	100492	NSCJVTIASPDNOD
1152	0.8683919263134534	7	258	117869	AHTDIKDEEMDJGD
1153	0.34611937303956086	7	258	248082	BHBFTMZAKOOKIZ
1154	0.2051429908848338	11	268	157294	KCDXSQFCJRJQHA
1155	0.21063507615832494	12	271	3664	BCMVQUJCEJIVOD
1156	0.3629297561372632	17	271	18902	IXJGDLQDYQZOBH
1157	0.29462883858000466	16	271	127262	JRLAQUJSYKXZFV
1158	0.2018895634799614	18	271	228954	OGLXEAWGIBMKHR
1159	0.2954221437292123	11	272	107997	XZEBIUSMTQUFGY
1160	0.3915937826751621	7	279	6827	PRJKNHOMHKJCEJ
1161	0.3541509306962723	7	279	40442	JREJQAWGQCMSIY
1162	0.32944084303790383	7	279	70623	FNHVVMJBCILJGA
1163	0.7018814030732654	8	279	109549	RWQNBRDOKXIBIV
1164	0.5636724214333821	7	279	134500	IPCRXJIEGNBCCT
1165	0.4202924818635287	7	279	139481	VPLZGVOSFFCKFC
1166	0.4786635309129847	7	279	173701	MUUQAPKTKYCLIU
1167	0.42203786841943436	7	279	225563	SHVCSCWHWMSGTE
1168	0.376406055375846	7	279	255216	DTUIYOVMTFYCBZ
1169	0.37738613264570486	8	279	270294	XBCXJKGHPABGSD
1170	0.6176994444628287	9	285	62349	UBLWFFBGMBRBMC
1171	0.21234465411001024	12	285	79177	KIUSNPVZHFRLAJ
1172	0.4133035828404304	10	285	134133	GXNDDRVCUBWYBN
1173	0.3232348480761079	12	285	268866	ZSQWOOAPZBZGAZ
1174	0.34621018538469084	13	289	37399	NJMYZEJORPYOTO
1175	0.3123346538858454	13	289	58683	FSGFZJVYAZKWHO
1176	0.2575687575921016	12	289	175044	KIENYUDXZBOMJI
1177	0.201871463507453	7	290	139995	BYKNKNBUHGFXQF
1178	0.20829330730161938	11	292	157294	KCDXSQFCJRJQHA
1179	0.5289210550320648	11	293	48969	MKCVLTRITQNGQI
1180	0.6372713159881405	11	293	153020	XXSAFGVAPGOYNT
1181	0.24132304305951205	7	297	53521	TWGQGUSNEVWGCY
1182	0.29246412047453474	12	297	63267	QZNSDZBPNZUKEQ
1183	0.23610387888424458	7	297	211782	OVXPEDNPPMVUNR
1184	0.28700185345094287	9	297	228273	FKQQQROPNALGDM
1185	0.2628492307068841	10	297	237091	TXKSAMJHOAHOGY
1186	0.8156151664980915	19	297	272977	GHOKWGTUZJEAQD
1187	0.4459363644353452	8	300	131637	SECMLGVBAJAVTF
1188	0.22815075105650365	12	305	170384	NKJVQFFOGWSVTJ
1189	0.39457923044845444	7	308	6827	PRJKNHOMHKJCEJ
1190	0.3568998847931291	7	308	40442	JREJQAWGQCMSIY
1191	0.3322126550039145	7	308	70623	FNHVVMJBCILJGA
1192	0.7037514072196506	8	308	109549	RWQNBRDOKXIBIV
1193	0.5637494330079086	7	308	134500	IPCRXJIEGNBCCT
1194	0.42082378193250214	7	308	139481	VPLZGVOSFFCKFC
1195	0.47893517687772097	7	308	173701	MUUQAPKTKYCLIU
1196	0.42393338880043274	7	308	225563	SHVCSCWHWMSGTE
1197	0.37874504936572406	7	308	255216	DTUIYOVMTFYCBZ
1198	0.38000751919584225	8	308	270294	XBCXJKGHPABGSD
1199	0.48707470377519463	8	310	131637	SECMLGVBAJAVTF
1200	0.6893802161276272	11	315	16965	BFBOJKQZCATWLG
1201	0.4550493127446409	10	315	100492	NSCJVTIASPDNOD
1202	0.576265596785877	7	315	113288	JBVUOARNEYAAOS
1203	0.8814223230197556	9	315	117869	AHTDIKDEEMDJGD
1204	0.45747417186361117	14	315	248082	BHBFTMZAKOOKIZ
1205	0.22648323457536637	10	318	170384	NKJVQFFOGWSVTJ
1206	0.2748959875225029	8	325	146405	OPFQZSJENUEYCX
1207	0.35003506677334423	8	325	183942	NWUDALIQMUEQSX
1208	0.40278294241870477	8	327	90133	IXFLEFDZLCPNHB
1209	0.24330534819862368	8	327	164195	RZXMLQNGLFUMLB
1210	0.429051401639218	7	333	286200	NCZRNQKQWDIBGG
1211	0.5875999301544863	8	343	40498	XCEZCXFVJLMPKG
1212	0.6400678277879179	9	344	57613	SJLQYVZDSRERTN
1213	0.654843414808181	8	344	250770	MPMPYHKTFSOUHU
1214	0.6351219859855465	7	359	57613	SJLQYVZDSRERTN
1215	0.43938219873092194	7	366	32499	PBWKYOKRCLSNEK
1216	0.2730961992180411	8	366	138794	IOYVGPITPVKNSC
1217	0.3019315174039888	13	369	58672	BEVYCXGDASRHRK
1218	0.3474267752096893	12	369	86136	LLBCGXFFHNCCQC
1219	0.22780773212583377	13	369	105987	TUTIHHSZKFBMHM
1220	0.3634843681217415	10	376	44466	LDCYZAJDBXYCGN
1221	0.43576762711070693	11	376	71455	NXANGIZFHQQBCC
1222	0.49518956075677845	12	376	75866	QSHLMQDRPXXYEE
1223	0.4051734869347297	10	376	169505	SFJCKRJKEWLPTL
1224	0.22273934659884892	9	376	209372	ODYJVCFMZLLCPT
1225	0.22505546565974063	13	379	33853	VYDGWIUGIRBBJD
1226	0.219142431710946	8	379	58828	FSHFTBIZLJLROH
1227	0.20770570256745358	9	379	65213	YBJMAXIZMZDARP
1228	0.22378435886378178	14	379	113278	AQOHUVRYNRBZPV
1229	0.20211082628476276	10	379	210471	ZEHIXFMWFRDDON
1230	0.20762678039362517	10	379	218967	XTOVKEGQRJWFFV
1231	0.21901036299142523	9	379	231641	FWKOMHSJYZOWQO
1232	0.32923331425409935	9	380	80819	IYJXSJJCXYNKBU
1233	0.3217335099198704	10	380	165142	HVMXRHIFEALNRH
1234	0.32451623391273415	10	380	273552	AFBIDHYBVNNJGJ
1235	0.7198568848059622	7	383	208977	OWOHLURDBZHNGG
1236	0.2201404230144638	7	383	238139	HHIIEDKCAKFDBZ
1237	0.5196748236408396	9	383	259682	NOIOGQJFLIPRBI
1238	0.5254521625746629	8	390	111840	BBIXOODYWPFNDT
1239	0.30859530517950845	10	390	137091	PWIAWDVLQXARBI
1240	0.536803061346222	8	390	230838	VTJUNIYRYIAIHF
1241	0.6492750147231061	7	390	266171	OCYROESYHWUPBP
1242	0.226681276305448	10	404	42606	QHDQLWIVLBMZGD
1243	0.21141885683211784	9	404	273305	OWRDBHAORITUMQ
1244	0.23384559720916664	7	410	61326	OCEZPDBEDULORM
1245	0.3611956433658022	10	413	44466	LDCYZAJDBXYCGN
1246	0.43342969853368546	11	413	71455	NXANGIZFHQQBCC
1247	0.4917928865899655	12	413	75866	QSHLMQDRPXXYEE
1248	0.4041381192470037	11	413	169505	SFJCKRJKEWLPTL
1249	0.22166811488154578	9	413	209372	ODYJVCFMZLLCPT
1250	0.216877031142954	7	422	178213	SXFOZGYJEJAZDJ
1251	0.32526769008225465	9	424	1019	MUUXRHIHWJZCLF
1252	0.20276019598481956	9	426	27880	VUPGYGJDPXEHAE
1253	0.20996490616873326	10	426	113040	LSCSUEAXTUGLRK
1254	0.2755538316356769	7	426	140481	LFSJCXUDWKNWAV
1255	0.23677269013874658	7	426	194983	DUQBGCPHFYMBQE
1256	0.3230480225860023	9	426	218389	BYHFAHBQZDFLOS
1257	0.2975988345037246	17	426	239205	MTJYFJUODKJGPM
1258	0.2394783114811528	10	433	42606	QHDQLWIVLBMZGD
1259	0.2248427172936967	7	433	273305	OWRDBHAORITUMQ
1260	0.20658901748285408	11	437	28423	SUCGXPHEYBRFIL
1261	0.2088335110424247	10	437	48864	AEWQBAFSXFXHIT
1262	0.2441020735492734	9	437	75860	OAWHMSFCLIYBHE
1263	0.24075467948979729	9	437	149395	YVOZJYCBBUKBLG
1264	0.3773172302202787	10	437	201205	SEWIYICDCVPBEW
1265	0.3518784854228761	11	437	280774	FCXZBWSIAGGPCB
1266	0.3276808025114907	9	438	5488	AMGYVQUNMIEDMY
1267	0.4393028056168728	9	438	14074	FFMCJGYZAHPFJO
1268	0.5415451016136655	13	438	45691	FZXCPFJMYOQZCA
1269	0.29118289164603145	8	438	66741	HHGQBMHJPJMZRN
1270	0.624902258066261	12	438	94712	XGSXMDQVYYCSDA
1271	0.47491596649167495	13	438	139746	QQBMOLVYWYXMIA
1272	0.41203689030742996	12	438	145552	SBTHNGLUOHGTIG
1273	0.2024880398525841	12	438	170120	SRMQTNNUZYNBFU
1274	0.543021960589728	12	438	212825	ZCSKPKMAWTYOSK
1275	0.553146877266596	13	438	225196	UAISREBYDOFHJY
1276	0.2795496994088176	11	438	277728	CRVXTEJTLQIKDI
1277	0.5904684504735038	8	440	219103	DNDWZFHLZVYOGF
1278	0.8571788336259683	7	444	181064	YUTNOGOMBNYPFH
1279	0.7804518945283625	7	444	185865	JNTMAZFVYNDPLB
1280	0.24509035275598082	8	446	20806	QWDCXCRLPNMJIH
1281	0.3842236407467804	8	446	39057	ULXKXLZEOGLCRJ
1282	0.8831806342188925	10	446	219279	FFEARJCKVFRZRR
1283	0.20463464904760909	7	446	239019	ZGTUSQAQXWSMDW
1284	0.25810214541092985	7	446	247627	YOFBHFZFZSNSGS
1285	0.8510825745081279	9	447	60661	ZDACRNZBFJOLTC
1286	0.8537002060830626	9	447	106153	SZJNCZMRZAUNQT
1287	0.8194781322112418	7	447	116767	KHTADNRRTNWQDZ
1288	0.8154453291866085	9	447	155346	NKUPVYWGJGYSJH
1289	0.6070049723384708	10	447	173995	DSQIFKOKOQOCHJ
1290	0.8105265570565696	9	447	189990	XAMCMRHCZWDKAS
1291	0.7729097818724746	8	447	196248	OQWOPXLBIADHGF
1292	0.8185213501486598	9	447	229860	NAGSETJZBAMZHC
1293	0.3759466799332732	7	447	235197	DYFJSIOBZBGHAE
1294	0.5244784419745269	10	447	239694	BOQHFRPRUMNNQZ
1295	0.5543076071316477	9	447	262645	YYVOQOFDSWQVBH
1296	0.6529186694860307	7	447	263392	CQUICEDRUOORIR
1297	0.5247799766894355	12	448	125083	SSXOEAHANHUFRO
1298	0.3932663168013628	11	448	155976	KIIBBJKLKFTNQO
1299	0.5638822831731621	12	448	250878	CEVQXWMPODOBRM
1300	0.3869932597671962	8	464	33420	APPBPYQMDXDRJX
1301	0.5485985076564304	7	470	163741	IXCATFWRZYSQPS
1302	0.5289960829203707	9	470	235070	SLGUHHKEDMJMIH
1303	0.38716889763390716	12	471	86866	SREKYKXYSQMOIB
1304	0.6078007936973662	12	471	89632	JSJWCHRYRHKBBW
1305	0.4618825336081057	11	471	228331	PMLJIHNCYNOQEQ
1306	0.3264647131106929	8	478	22375	MRTODJRLEATFDX
1307	0.6120200385800492	20	478	58585	QMMASWWWQRGQQC
1308	0.25833760740631784	7	478	59724	PPEKGEBBBBNZKS
1309	0.2923798486617046	7	478	113164	BBWULCNJOJRQBM
1310	0.44822867013057516	12	478	153085	UQCXEUIWGXWMRT
1311	0.35016535005738575	10	478	253231	IQOJXRIZTPZJOY
1312	0.39356788512746016	9	478	256127	NTPFTKSDGMODKY
1313	0.588198968078148	7	482	235478	FPPCCQGECVKLDY
1314	0.48595008281189284	14	484	61326	OCEZPDBEDULORM
1315	0.23839654857807654	9	494	46260	QMTFGZUSTCRUEB
1316	0.44043377568751424	11	494	246743	UXKBFRKXLIYCTE
1317	0.42564148320014816	11	494	278547	FWMDDUDKZLDJRQ
1318	0.24335282985546594	15	502	24078	WWHBTBOQYHCJSL
1319	0.22139020785293004	15	502	157048	PBJNHHVHWVSQDK
1320	0.23113885719514657	26	502	235379	CMCKRMQTSPURJT
1321	0.24769648736000208	9	502	253700	LTWXDPJSMIXKPV
1322	0.22980899900317306	8	503	45706	LMGGPKYAWHDOLR
1323	0.8586045187342313	10	505	103275	NHXZRXLFOBFMDM
1324	0.7561235931875858	10	505	129230	USLVEJAHTBLSIL
1325	0.5569141012357837	7	507	235478	FPPCCQGECVKLDY
1326	0.23317286047425903	7	513	273239	UNVIKJZRLTXMOH
1327	0.4821557385670699	11	515	147855	FZBGMXYQPACKNC
1328	0.2377561056895518	8	525	13253	KWSUGULOZFMUDH
1329	0.32850639176930824	9	525	162994	PETFZPRPCAYEAH
1330	0.2183427866085441	7	525	229854	FMUMEWVNYMUECA
1331	0.35202420966005243	8	525	244077	RDFMDVXONNIGBC
1332	0.45103082053196314	17	533	138680	QTNCVVIHEYTVBY
1333	0.447769824910469	16	542	138680	QTNCVVIHEYTVBY
1334	0.7466647062078774	9	546	54396	UPLLAHJXKAOMHF
1335	0.303089849205687	12	546	54453	WPTUQMUCTTVOFW
1336	0.20242574130079197	7	546	188411	WABSIBOPGQPWRD
1337	0.3330401262518359	7	546	232914	GSLPCOCJGVTOIO
1338	0.38899770077371415	10	546	251280	PFXLGRDRRHOWCB
1339	0.347607487748793	11	546	258957	HCZNPUHZYPPINM
1340	0.24390202562029112	8	546	270359	HQVGCMKPDWKAJU
1341	0.41568939791629234	15	547	53973	YHFPHRUWZMEOIX
1342	0.6180763104214063	10	553	181064	YUTNOGOMBNYPFH
1343	0.8791995474617642	9	553	185865	JNTMAZFVYNDPLB
1344	0.33142994619728205	9	555	3930	HNZCCGYVANEENU
1345	0.20458119159660787	7	555	34028	MHTFMDBHBOTLAQ
1346	0.27656203333741985	7	555	72939	ASJDJBXXEHTEBW
1347	0.5901537514027652	8	555	200761	KMGYUXXXFPTQAM
1348	0.38250416995522396	9	555	254933	DOGIWBIDAAYBPO
1349	0.5481613755555302	8	558	46192	SAWSWZQULQPSLR
1350	0.5038792066927983	7	558	146994	HGOXSQCBJLZRJO
1351	0.4498426453206668	7	558	271091	DLKOUKNODPCIHZ
1352	0.3862297128848348	20	567	233262	QEZYFJFOYSPYQE
1353	0.4427650906233743	7	569	227917	BGHODGXGMJFOQR
1354	0.7129577713512515	7	583	193625	DLSUHFPRLXCWPH
1355	0.7815361225858185	7	583	255736	RRYKBMDPLZMZJS
1356	0.8140595725163072	13	609	103275	NHXZRXLFOBFMDM
1357	0.7633255129175773	15	609	129230	USLVEJAHTBLSIL
1358	0.4690847416813869	16	611	138680	QTNCVVIHEYTVBY
1359	0.32907029925598946	8	617	1019	MUUXRHIHWJZCLF
1360	0.708923033651671	9	626	57957	QYFSHTYKVAOVJM
1361	0.36749762293168886	9	627	2684	TUYOFUHICRWDGA
1362	0.5010696970848414	9	627	136268	PBOUVYGPDSARIS
1363	0.6892354749023355	9	627	136377	OGGRSJFVXREKOR
1364	0.318342667131932	9	627	190821	NTISAKGPIGTIJJ
1365	0.8474683295897458	10	631	103275	NHXZRXLFOBFMDM
1366	0.7810585821405335	11	631	129230	USLVEJAHTBLSIL
1367	0.3569875816723381	8	632	106325	FQQOZLHPNGWWQX
1368	0.71530374100344	7	632	236231	NAIPAPCKKRCMBL
1369	0.31522241511993704	7	633	128395	NOAQNMRRYMDRIU
1370	0.5692710384451504	8	633	133131	QADCERNTBWTXFV
1371	0.210032452643087	7	641	193952	IBYXDWNHLOGYIN
1372	0.5950550672652868	16	644	71074	PITVQFJBUFDJDD
1373	0.274285710462899	16	644	98616	BQVUABVGYYSDCJ
1374	0.3176874279499291	17	644	175063	BVRPESWOSNFUCJ
1375	0.6904357394048022	14	644	266593	LYMVXFSTACVOLP
1376	0.7156131158324466	11	663	57957	QYFSHTYKVAOVJM
1377	0.33938695341547387	14	682	138680	QTNCVVIHEYTVBY
1378	0.3560479578936545	7	696	227718	GJNDXQBALKCYSZ
1379	0.7181440833161201	11	703	57957	QYFSHTYKVAOVJM
1380	0.42591167765091326	7	704	138156	RITYBYCZDREYDS
1381	0.32516408013128156	7	710	187300	WIAREGARJIKKRJ
1382	0.373533804891716	16	723	135373	LZDNBBYBDGBADK
1383	0.20846444644240567	14	723	202782	FKIGOUKDKBOZID
1384	0.5653616067347037	15	723	218772	LWFWZRANSFAJDR
1385	0.30850362294543315	10	724	182851	PYOHXSMHFJQYIR
1386	0.5160407046262891	12	725	32499	PBWKYOKRCLSNEK
1387	0.3458430110489489	14	726	3968	GADKFYNESXNRLC
1388	0.37730012940149493	9	729	222354	LUDPCOYAGYZKCM
1389	0.5818265133022927	10	745	98616	BQVUABVGYYSDCJ
1390	0.5397122209176807	10	745	175063	BVRPESWOSNFUCJ
1391	0.28089699380993616	7	752	193708	KTXKDOREQCSHKL
1392	0.26511404032461044	7	753	266956	BIEOSECQPGGZMF
1393	0.37475730714340183	7	760	158434	ANNKVZSFQJGVDY
1394	0.2693331367748419	22	765	15300	KSIHMACFIAFKIG
1395	0.7143069347601843	10	769	193243	HLXXMJDWTBXTOR
1396	0.7154963359501447	8	770	215141	VFDJEJCELMPUBS
1397	0.7838913969233582	8	770	276605	NAKUGCPAQTUSBE
1398	0.45817328938792395	12	790	83641	FQRKFJSYMKRNGO
1399	0.41634204881051234	14	790	91551	WBZKJHCKLVKPJQ
1400	0.47640102929708344	13	790	183896	RRDPOWDCTPQQLT
1401	0.2218216608359503	7	795	26174	VNKUJZXHKKCWCV
1402	0.2001066667617805	7	795	26644	CBEBNXQBODNTIB
1403	0.2051800739412138	7	795	130953	PATCUDSVUMFCMB
1404	0.5977672974845645	14	796	49399	ILAITOFTZJRIFJ
1405	0.24204794223260104	13	796	142081	BGNZXEOTZCJZNF
1406	0.5940021711952648	9	798	16651	MUFXDFWAJSPHIQ
1407	0.4288969967898631	9	798	138520	LHSGPCFBGJHPCY
1408	0.6836098810243691	10	798	146537	AUEJLPRZGVVDNU
1409	0.6349790457504715	10	798	214947	QJKMCQRFHJRIPU
1410	0.24920670896618125	7	800	192206	WOWPMMVRUBMZAE
1411	0.2947795852843165	8	806	162134	RXGLHDWAZQECBI
1412	0.2819567773531431	7	807	49674	AUECXZXDRGLHII
1413	0.3062294769741579	7	807	144403	SBFWUSGEBYHVOC
1414	0.23524671506053607	10	811	11094	VGGYAIKSKIKULN
1415	0.22601887782420885	7	812	175936	VATMMNVFHMKPSF
1416	0.6156410347821123	15	824	42685	ITXHVWPICGMUBU
1417	0.3410199987779948	7	824	166040	LBTCUMZRXYUDKA
1418	0.2751569233794352	7	836	223486	ZZLFDROEVPWUTI
1419	0.7033775831991039	12	840	42685	ITXHVWPICGMUBU
1420	0.21632898511906193	9	841	71933	FXGAYCGWBYRTIA
1421	0.3330429281426346	10	841	277361	IUASHMBEKPLGEC
1422	0.2611191821017723	12	842	61398	FBTFPENKSFBRHH
1423	0.23643297357440404	11	842	68471	YDSRGWPRPWTZCK
1424	0.2826906577339926	12	842	119081	GRBTZPLUNSWVPO
1425	0.4587625733140706	11	854	43713	FSXRLASFHBWESK
1426	0.21565162174858415	8	854	48206	FSOWXZAERWXWJL
1427	0.6779646739286361	11	854	109073	CGWAPUBOXJWXMS
1428	0.7221808846054215	7	860	215141	VFDJEJCELMPUBS
1429	0.776531866639767	7	860	276605	NAKUGCPAQTUSBE
1430	0.8367563501618652	10	866	65201	DOFAQXCYFQKSHT
1431	0.359304834704608	11	868	141126	DRFIGWOPALMIBP
1432	0.24553349531510688	9	868	171485	VQBCKZDAUJALHN
1433	0.24856926138010507	7	871	1900	SMUNNMAWNRFDPB
1434	0.20276207943186605	8	871	107906	ZFIOKPNBFIPPLE
1435	0.2386902380289213	7	871	181394	OVCUEWPSMQMSOY
1436	0.3163486803246301	7	871	260339	XVZCIUKHFNVGBK
1437	0.5089345196662183	11	874	162134	RXGLHDWAZQECBI
1438	0.21909379029218526	17	891	49810	RFOZJQFBSZRMKZ
1439	0.27179696820294214	18	891	101188	WZNJWVWKTVETCG
1440	0.21707660567381126	8	891	125475	ZQLOWXRDVDYRGA
1441	0.21629120595308576	10	891	262194	OOGFPMKHMOAMMY
1442	0.3755515333467139	8	892	67024	QMWRTAYFWIVBAR
1443	0.46492288020632166	9	895	52428	DMQFGLHRDFQKNR
1444	0.46110894654450924	9	895	94527	YXPFFRMVLYZGBR
1445	0.5079823450333085	9	895	114102	TUKKZLIDCNWKIN
1446	0.41045242729996584	9	895	133771	NRTHKYABOMUPSC
1447	0.25109442708769447	9	895	241532	UMUZRISCJNWXTN
1448	0.36331108757077735	14	896	16092	PDQDCFBVYXEFSD
1449	0.4612781731135955	23	896	219895	INGJLBQKTRJLFO
1450	0.25807642536945347	11	898	16710	VKVDRTGWLVZJOM
1451	0.6425251402283445	10	906	122001	OYOQKMOWUDVWCR
1452	0.6479729067560401	8	906	229505	VEYJKJORLPYVLO
1453	0.23235146413283594	10	907	281184	AFIGUHJLNOWSNK
1454	0.3004763383323045	10	930	250303	NDCKGUDRHBPJAQ
1455	0.24695494223843212	16	936	15300	KSIHMACFIAFKIG
1456	0.5729873558230056	11	941	123043	TUHVEAJXIMEOSA
1457	0.8486816518482134	7	946	262476	ZRJHYOXNWCMGMW
1458	0.35020004462113596	11	951	93449	DRCKHKZYDLJYFQ
1459	0.6363654292762397	11	951	207470	LUMXICQAOKVQOB
1460	0.29657067377503993	8	951	253899	LRKCBIUDWAXNEG
1461	0.5839075000953942	12	951	256572	BQBCIBCLXBKYHW
1462	0.3874564289406485	7	952	151799	MIDZLCFIAINOQN
1463	0.7219216247338709	10	952	181860	OMNVYXHOSHNURL
1464	0.30750500192599867	10	961	250303	NDCKGUDRHBPJAQ
1465	0.5362781043690923	7	965	273123	SRVPRBUXKGDVKC
1466	0.6324719190132221	8	966	123076	VBSSYYRKWADWMM
1467	0.8220711740541237	8	967	229826	QIUGHHVKUUIMGE
1468	0.224968179304241	9	968	72999	YHALEYQLPSBELZ
1469	0.2700749529097778	9	970	17934	DKWOCYNYXACOCR
1470	0.383215232907365	10	970	48213	LSWJERSIRWNMBX
1471	0.2806856429329759	15	970	195770	NYIWEBCNBZGUSO
1472	0.23845070103786567	7	979	56834	LJLBEVFUKYLRNR
1473	0.26057855136175734	7	979	68664	GYANSQKXOLFAFP
1474	0.34655836240185484	7	979	96845	AZVOLHUZWCOOKC
1475	0.2530060040042788	8	979	235716	JFLKVAOGXZTMRU
1476	0.4067764525019351	8	980	244577	BQADMILWYUBNTA
1477	0.26044353980452223	8	982	72999	YHALEYQLPSBELZ
1478	0.230326877080965	7	985	178225	UKWAHTPTCUHEJW
1479	0.4890127941428042	8	988	131828	JMNHYFJQGCEGHL
1480	0.22554116789329018	10	989	17934	DKWOCYNYXACOCR
1481	0.3051034928644062	12	989	48213	LSWJERSIRWNMBX
1482	0.22897584346129374	18	989	195770	NYIWEBCNBZGUSO
1483	0.37471584407613584	8	990	41274	DNBZVRJVJAAKNX
1484	0.2612098409596132	10	990	46709	PXYSVWQRYUVEJX
1485	0.6068263521952164	12	990	72713	LOOAMPJDSIVZQC
1486	0.21331390853280427	7	990	112891	RRUSUWLPNDEQGG
1487	0.23587867901768117	11	990	131250	BEDLEVDTQLHJSE
1488	0.3111126531834347	8	990	280522	QJBHJCBPQGAAPT
1489	0.5073906094829761	10	996	16092	PDQDCFBVYXEFSD
1490	0.40657756941601547	15	996	219895	INGJLBQKTRJLFO
0	0.2570661685602811	12	1003	188426	MYWGORCHPZQEOA
1	0.30984919592856824	8	1003	221690	CGHXMODRYJISSK
2	0.2725373027672075	7	1004	231570	SGNVKVVRCUBSSV
3	0.24221562175936812	8	1007	39758	ACRWYXSKEHUQDB
4	0.5131300731878607	8	1007	83631	ONYNOPPOVKYGRS
5	0.3862707790366093	8	1007	169893	UZDXATQPJOOHQJ
6	0.4222325872939866	8	1007	171652	IOEPOEDBBPRAEI
7	0.5177440847322422	7	1007	261881	BHNHHSOHWZKFOX
8	0.500147018967359	9	1009	71184	QIVBCDIJIAJPQS
9	0.22292640950310874	9	1009	277228	KYNMONSTYCGIDJ
10	0.786560567906266	9	1011	262476	ZRJHYOXNWCMGMW
11	0.3491000964292472	9	1013	27382	KAFIOMPFBSDFPP
12	0.3850237429965758	8	1014	39057	ULXKXLZEOGLCRJ
13	0.888237015796687	11	1014	219279	FFEARJCKVFRZRR
14	0.24832330857238816	7	1018	188082	AKUJBENLRBOFTD
15	0.6004278054195759	26	1020	242209	WRNQQFNBEUKAAX
16	0.626058189568304	8	1021	56084	NYQBYASWHVRESG
17	0.8703949928268084	12	1021	169705	IQHUITKNHOKGFC
18	0.48158850938381015	17	1023	158102	KBIRYFSNYHBRLD
19	0.27823867847405626	9	1032	44404	HEBPXDNWUOXIPK
20	0.31399204283416404	7	1032	193604	YCIPFWPWHIKQMW
21	0.7361172616156916	16	1035	16710	VKVDRTGWLVZJOM
22	0.6682509452807465	10	1036	51580	VNYDHJARLHNEGA
23	0.32938659246713103	8	1036	147610	OIDKVWTWGDWMHY
24	0.6284573758794267	8	1047	123076	VBSSYYRKWADWMM
25	0.6640052205742072	7	1061	93449	DRCKHKZYDLJYFQ
26	0.6915623157491878	7	1061	253899	LRKCBIUDWAXNEG
27	0.20637328592422227	8	1066	273305	OWRDBHAORITUMQ
28	0.264836037286937	7	1100	44404	HEBPXDNWUOXIPK
29	0.5790290628983921	23	1102	242209	WRNQQFNBEUKAAX
30	0.2926514575580993	26	1104	156213	HXWUJJADFMXNKA
31	0.30463830997534525	26	1104	162245	MLTRLIITQPXHBJ
32	0.25661239289030063	26	1104	163615	MQLZLIYPFDIDMZ
33	0.21214600586569937	21	1104	228674	VWHGTYCRDRBSFI
34	0.2707632265402356	8	1108	60445	UJVLZLPEXZJNMA
35	0.27145432797861657	11	1108	95384	VYJQKLBLZQMFCB
36	0.40992535132271757	10	1119	75912	MYFMARDICOWMQP
37	0.3783028109897148	10	1119	78030	GOCSGRXGNYPQKL
38	0.3018313344411811	7	1119	78040	KTGFOCFYOZQVRJ
39	0.2745631363568713	9	1119	111788	WVJSFRYGZMBJOD
40	0.4663845022916257	10	1119	115182	YBAFDPFAUTYYRW
41	0.33178131824993656	10	1119	119897	OFRGWBPXUYJGKH
42	0.32140909314436505	11	1119	226017	SNCKGJWJABDZHI
43	0.33711856915589783	9	1119	280835	SNFUTDLOCQQRQD
44	0.5236646652013389	11	1120	48969	MKCVLTRITQNGQI
45	0.6277041070521222	11	1120	153020	XXSAFGVAPGOYNT
46	0.20698957615497696	8	1120	190285	HUNKOLLSBWNBAS
47	0.2458670249853817	14	1133	48026	XXYMNUOJMDOHBS
48	0.5572313294543654	16	1133	188426	MYWGORCHPZQEOA
49	0.3856128447076693	12	1133	221690	CGHXMODRYJISSK
50	0.6479381859970194	9	1136	56587	FYFJTCMGWLBLPG
51	0.6764236078901252	7	1136	180291	NWCPBHZYJHWSEL
52	0.41772463922928904	11	1139	239571	CCDHJFKYGOQXFH
53	0.3503005754861587	13	1140	39328	CKHWEVXPLJBEOZ
54	0.3062061792012016	11	1140	166589	VUXMGAKZQBQIAH
55	0.782375019119742	9	1140	179440	NFDYGNFETJVMSE
56	0.6365157798518738	11	1140	209624	BXLYSRPHVMCOPS
57	0.4610010708369857	9	1140	255664	XGDCYUQSFDQISZ
58	0.5170387527071422	10	1140	278922	TWVKGYNQQAUNRN
59	0.3987572280616625	12	1151	44466	LDCYZAJDBXYCGN
60	0.4664730985285273	12	1151	71455	NXANGIZFHQQBCC
61	0.5352752209241985	12	1151	75866	QSHLMQDRPXXYEE
62	0.4270352503927455	12	1151	169505	SFJCKRJKEWLPTL
63	0.22845080542008075	10	1151	209372	ODYJVCFMZLLCPT
64	0.2299491718099951	11	1151	228464	PNBGTYVVHKDDFM
65	0.2564156476386367	11	1155	65962	VYQPVVNDUJVMSE
66	0.21210310390980036	13	1160	48026	XXYMNUOJMDOHBS
67	0.507585788848008	17	1160	188426	MYWGORCHPZQEOA
68	0.36453956358253903	12	1160	221690	CGHXMODRYJISSK
69	0.3842493060118159	7	1182	258451	SJBHTLCEMGAZPJ
70	0.21016617506054025	7	1184	33853	VYDGWIUGIRBBJD
71	0.20977412518139754	7	1184	113278	AQOHUVRYNRBZPV
72	0.6630789041603065	9	1186	252633	PPQRSMGDOHLTBE
73	0.2900358177860456	10	1197	75900	IMDMJJAEVKFIJE
74	0.2998827091861172	9	1197	162813	XTUVFFIBYCLWPH
75	0.2841690436193388	11	1198	239571	CCDHJFKYGOQXFH
76	0.5388644154117886	9	1202	215554	OVPYIUNCVSOVNF
77	0.20613814151941667	9	1205	254775	UQRHBUYDCRKKKW
78	0.34723894413703876	22	1205	278066	YVDHKEZQOSFSPC
79	0.2898668041873673	7	1206	137929	XCWAULHLXDCTBW
80	0.21724687846754673	7	1209	75912	MYFMARDICOWMQP
81	0.32565947850512433	7	1209	78030	GOCSGRXGNYPQKL
82	0.6921769060257859	7	1209	78040	KTGFOCFYOZQVRJ
83	0.32074385749994977	7	1209	115182	YBAFDPFAUTYYRW
84	0.45795856544157576	7	1213	8588	KICRUFVTCBSNHV
85	0.20153393010655452	7	1221	13419	QBHDSQZASIBAAI
86	0.3200254320330698	11	1221	33466	NGSWKAQJJWESNS
87	0.5768971935112269	7	1221	42273	SEVSMVUOKAMPDO
88	0.20812960790378632	12	1221	71915	WOJKBHBBJMHDNJ
89	0.3894381149521269	9	1221	122419	AXMVYSVVTMKQSL
90	0.22207932181069587	10	1221	123075	ZAEFHXWWOCVZKR
91	0.3241509599210356	11	1221	166240	PMOWTIHVNWZYFI
92	0.28739096262516733	8	1221	208838	LTURIPNWWNHWAO
93	0.32038338715050424	11	1221	262290	KKSDGJDHHZEWEP
94	0.557453295058719	7	1222	140236	WRFPVMFCRNYQNR
95	0.5290476390480006	7	1222	193266	JYPHNHPXFNEZBR
96	0.640785494896416	8	1222	208260	JZKXXXDKRQWDET
97	0.8043341726261062	8	1222	222429	OUYCCCASQSFEME
98	0.46953619675670694	7	1223	271817	SPRBZXXSJTVSMN
99	0.7979663822378138	16	1228	49399	ILAITOFTZJRIFJ
100	0.29288393669227863	15	1228	142081	BGNZXEOTZCJZNF
101	0.357741984825456	7	1234	172045	WAFFUBPVCLGDOV
102	0.7773415727693153	8	1238	58683	FSGFZJVYAZKWHO
103	0.7812401384611745	8	1238	77109	SHAQGFGGJSLLHE
104	0.38884899775642806	12	1239	4007	ZVDPYSVOZFINEE
105	0.48879765512969314	10	1239	92810	IYJILWQAFPUBHP
106	0.728642705302127	10	1239	212821	DVCSNHXRZUVYAM
107	0.6186240976309717	7	1239	244075	WKXVAXOSIPTXEC
108	0.6701677215876042	7	1240	78040	KTGFOCFYOZQVRJ
109	0.28335552654103474	7	1243	174197	BIJOBGGPPMTVQR
110	0.5187716852713123	7	1244	224148	CECAQPBNUVTXME
111	0.4125334070803975	9	1244	245432	JAJMETBQBCMJSZ
112	0.3764994671817552	10	1246	239571	CCDHJFKYGOQXFH
113	0.6271340776550408	7	1254	56438	MRTVSXLSOAHEQF
114	0.26779670927772964	8	1254	133696	XHARUSJPEBQZJG
115	0.7494817845475038	7	1254	235811	GRGBTCMGCXJTOO
116	0.3283602086233251	8	1258	85497	CCHYAJPATWCUGC
117	0.21687734054157537	9	1261	120353	IYSWHZVUOGVQHH
118	0.21172518289081554	7	1262	70701	KLOIYEQEVSIOOO
119	0.28748238925971137	9	1262	220187	YUNVYJXZELRHOG
120	0.26416593880644296	9	1263	131571	VHLZDSUANXBJHW
121	0.5998403506229587	12	1263	194513	XWHWNYMBZXDFRP
122	0.6466416793830098	12	1263	276127	KLAONOISLHWJEE
123	0.463679714743479	13	1267	224235	ZRLUISBDKUWAIZ
124	0.22970510212874226	7	1273	19939	CZGCZRKZCDYSBP
125	0.45054526938802486	9	1273	90133	IXFLEFDZLCPNHB
126	0.22890798959081915	7	1273	145691	CMAZZORFNVWTEF
127	0.27002989066798166	10	1273	164195	RZXMLQNGLFUMLB
128	0.21778755673615463	8	1273	230006	ILWJPPQTSQDYCL
129	0.23160084913565612	7	1273	286730	BTRFIVPVBRRXKJ
130	0.34685449786316846	13	1274	118224	AQAKHZVPOOGUCK
131	0.2747930333841251	12	1274	153262	JQVXLSFKKPJRTC
132	0.2622369153572667	9	1274	189367	AYUKBDZEDWFGDU
133	0.2645176399898286	10	1274	230296	UPJONISHZRADBH
134	0.39301237746199	12	1274	260267	SITLTJHOQZFJGG
135	0.29699322561535213	10	1276	146405	OPFQZSJENUEYCX
136	0.3653181767606478	10	1276	183942	NWUDALIQMUEQSX
137	0.521575282523099	7	1279	264924	GFRJOLDSNWWDNT
138	0.6915064227515864	10	1282	18536	JYOAXOMPIXKMKK
139	0.6680546047953131	10	1282	94811	CNPNWGHRMBQHBZ
140	0.2290431947099514	8	1282	150364	BFDLYDRHDPSQHM
141	0.5432751248712574	9	1282	184242	WNGVUZWBXZKQES
142	0.6114536378631401	10	1282	230590	PFUZINYUQIJPNG
143	0.5738592845234137	10	1282	235857	GSRPWCGECLOSNH
144	0.2997987039063867	8	1315	149771	MHBUWPFQNPJTAS
145	0.6752011514509405	9	1334	18536	JYOAXOMPIXKMKK
146	0.6511001761900833	9	1334	94811	CNPNWGHRMBQHBZ
147	0.5254236319843775	9	1334	184242	WNGVUZWBXZKQES
148	0.5821505297325822	9	1334	230590	PFUZINYUQIJPNG
149	0.5461843320310199	9	1334	235857	GSRPWCGECLOSNH
150	0.5221787795881196	26	1349	34484	IESFZVCAVACGPH
151	0.573696197708281	9	1351	21001	OVSHTPJDSLETAK
152	0.5189384565539099	7	1351	125464	KLHRTBILXJZHSA
153	0.5689510553746475	7	1355	33999	HTXOIHGJECPJIU
154	0.5543423647609069	7	1355	132750	DAPBKYPJIFAAOX
155	0.5762844494091943	7	1355	211474	UCXHHODCLPKTBL
156	0.28103784330153236	9	1356	139225	QPENGVPAWUAJDV
157	0.272582745060313	13	1356	155976	KIIBBJKLKFTNQO
158	0.2627290648880708	10	1356	244440	ABDKJICLXDSVKH
159	0.22015486287850833	8	1356	265723	PLXRPOZBZWVXCG
160	0.46787712456585145	12	1359	224235	ZRLUISBDKUWAIZ
161	0.3075156003874179	9	1361	5488	AMGYVQUNMIEDMY
162	0.3900581219831409	8	1361	14074	FFMCJGYZAHPFJO
163	0.22605320784612204	7	1361	19770	UKISAGFGRDHYFO
164	0.5434451422118667	12	1361	45691	FZXCPFJMYOQZCA
165	0.32753787705765003	7	1361	66741	HHGQBMHJPJMZRN
166	0.25758228071042216	12	1361	94712	XGSXMDQVYYCSDA
167	0.7129774253559962	12	1361	139746	QQBMOLVYWYXMIA
168	0.49646719438475767	13	1361	145552	SBTHNGLUOHGTIG
169	0.5187638389376452	12	1361	170120	SRMQTNNUZYNBFU
170	0.2545312901927609	11	1361	212825	ZCSKPKMAWTYOSK
171	0.5086850459844181	12	1361	225196	UAISREBYDOFHJY
172	0.31223783299980334	9	1361	242749	AKQKIMBPUAKYFV
173	0.401773018633296	10	1361	277728	CRVXTEJTLQIKDI
174	0.7572278807078292	7	1362	58683	FSGFZJVYAZKWHO
175	0.6570778371402114	12	1364	22870	OLNLSTNFRUFTLM
176	0.2803472674488131	11	1364	57777	YZJSUQQZGCHHNQ
177	0.6046582459012929	14	1364	109903	YLZRFVZUZIJABA
178	0.49060844536045173	11	1364	130067	USGUVNUTPWXWBA
179	0.3883088012955124	12	1364	133335	KSZFSNZOGAXEGH
180	0.5233880385984236	14	1364	137425	SUUKRBBXVBJLSS
181	0.31866296391633914	11	1364	277369	OIMQYJJMDNKKOD
182	0.3558741147142663	7	1366	159968	KCVWUANWRXFBMQ
183	0.2863737234326173	11	1374	153262	JQVXLSFKKPJRTC
184	0.7237329074563288	12	1374	230296	UPJONISHZRADBH
185	0.30046299370460156	10	1374	260267	SITLTJHOQZFJGG
186	0.5902908280219309	19	1376	19433	SNEIUMQYRCDYCH
187	0.6197692164993497	7	1376	76241	AGILGFCOHSGLIT
188	0.7194882111356451	7	1376	148954	PBDGBPMJSGCVLA
189	0.5917341204494395	10	1376	240854	DLCYXQODDJUHQL
190	0.40675629222962534	13	1378	56499	RFGAANHNJBCQAS
191	0.5133754390531433	14	1378	187060	ZBXZIGNWODTNTI
192	0.21128927164729686	8	1378	243792	YOGYBVYVKDQUPM
193	0.27383131495894414	9	1379	53362	TXAFFKJATWOSLM
194	0.38161758893853914	12	1382	17109	YUDSMXMSHGHVHO
195	0.4774870379793445	8	1382	17216	WIFAPGQCDZHQFE
196	0.3567039262845414	7	1382	41012	XJWXEJVNOXQHPQ
197	0.2194351911469339	7	1382	88380	YVDKZXPAPMKZQV
198	0.599046777992969	8	1382	94495	LXRVZJFJYYQBCU
199	0.4872977296085558	8	1382	218136	IVBCBJAFOKUMAB
200	0.6593764005026549	7	1382	251926	XUTSPGYKKOHASN
201	0.3854189683971	11	1382	256049	GEWKQRPLHHMQHV
202	0.569656448897543	8	1382	268241	JXBWQABQRVPYGP
203	0.4634707369480616	16	1383	732	IMXSCCDUAFEIOE
204	0.4699075564125305	8	1383	810	CKDRPCYJCDMPFO
205	0.3100473073219537	7	1383	1812	RNEQHQZHRPJYRQ
206	0.5220084822465253	8	1383	3060	HVQUXKMKKKGSSD
207	0.2830134914183076	8	1383	5015	VUVJDSVSPZWNKZ
208	0.5060445985904801	7	1383	6599	HOIDSLSDZLEMRW
209	0.4391555222388293	8	1383	6718	QFGWGOXJKATWNW
210	0.4596426620826104	7	1383	9371	JQQMJMQBRBEIJP
211	0.3852981952879971	8	1383	13225	YGOZAWKQWUALON
212	0.5411821547209326	7	1383	23913	MFGSTGRFOHGVEG
213	0.4141858338985595	8	1383	24868	VYLLFUOJMGLWSN
214	0.3331144759640967	8	1383	27678	RTCBEIZCBZSCEH
215	0.47152193672739245	7	1383	30139	VNKCRRIDZAQRBP
216	0.6798009737733891	7	1383	31065	KYPVAEYWYXRXRQ
217	0.479684645637731	7	1383	33683	YNKRYYFPKLHACH
218	0.20424605560235717	7	1383	35674	KXTXCSBHGZDHPM
219	0.733848982537004	7	1383	35795	PMSRALCKSSJQPQ
220	0.34148213372321534	8	1383	39110	DBMLKNYVORYESN
221	0.327741470241813	8	1383	39940	ZBHVCVVWZRRCHE
222	0.6234742859621771	7	1383	42305	GLZFOYILRIEKJC
223	0.5185160262474499	7	1383	42596	GXTKMOFOIJHUGC
224	0.25075469342569295	8	1383	43266	ZBUBJXXTGLTVJY
225	0.4110186489386267	7	1383	45983	PLMAJOXIMBOLBY
226	0.32861305146864456	7	1383	49746	FHOZUROMAVCVCQ
227	0.29845385670885005	7	1383	49855	BKEFSIUCJAEOGK
228	0.4430479635680472	7	1383	51494	HFEIGOVBMFYQTI
229	0.5190472592495744	7	1383	53792	DMFSWNMSKDPBCG
230	0.22076849167680979	7	1383	54295	LMVBLGWKMLOBGT
231	0.4169381040356627	7	1383	61251	BXALHNFOBYDLMS
232	0.7661063554896422	7	1383	62749	OWAOEBZMCRBEJX
233	0.33384208936961207	7	1383	64685	FMWJLZZXAZJJIY
234	0.6373041464401638	7	1383	66153	LKDRIEFYPIJMMW
235	0.6064322432202321	7	1383	66338	MLNIJTRDXCDNQZ
236	0.30605887651680713	8	1383	69033	ZBGMIPWQNKUQOU
237	0.6133106206966397	7	1383	69037	PLDCIRZIXZQVGV
238	0.3262250879544419	7	1383	69427	LTYKNMYXRSIDAL
239	0.44653041280518474	7	1383	69745	GIKAUSKVSNRBNF
240	0.4058758832865795	7	1383	70593	VZTBSJNBYKYYRW
241	0.39497064371685703	7	1383	73031	UJVKTWDLLFYENG
242	0.32448952425452976	7	1383	74544	KOULYVSNTGWFCV
243	0.5540735834249918	7	1383	78063	POALEKYBFVPYJR
244	0.4133480333232369	7	1383	78890	VXWHDXWEQVLWLW
245	0.40075992106519515	7	1383	79749	YRMFMPDLOYHGGH
246	0.44505978158885895	7	1383	80646	KOGKCTOLCAZFRP
247	0.5140523787881072	7	1383	81562	LFAHVQSFSPUKPV
248	0.32467705674174857	7	1383	82498	XIDRVJKNRDJWII
249	0.611493018391328	8	1383	86763	GSNXYVKGBWUYDH
250	0.5160313691702559	7	1383	86833	IIRXDZAQYIEATQ
251	0.467045566072165	7	1383	89065	IAFLATQAKKHUAC
252	0.41198701654049313	8	1383	90143	WSWHSHJDUZRVPR
253	0.6046046445708112	8	1383	93678	IYPAOWOVJJJCBV
254	0.7093294866131531	8	1383	94433	LBKJBRYQBJBZHN
255	0.509928884218944	8	1383	95086	LAGZRKDQPWWRRT
256	0.5982759191185573	7	1383	97696	ZVLOTIBMQHGIML
257	0.5609151994742538	8	1383	99437	FHTKQALFDUHCBV
258	0.31440991411630337	8	1383	99839	ZAXYODGMXBVXFP
259	0.49257642509052135	7	1383	100544	MFXYIKGJSJSAJT
260	0.604764168157306	8	1383	101069	CHNSWQFAOPYBLU
261	0.3413437202938818	7	1383	103125	UFOMPLKBZUQCFL
262	0.5866690982992078	8	1383	109746	WNWZELJLVOBHBC
263	0.496823660069611	7	1383	110748	UJAUGIJBYGGHNV
264	0.45078276856243576	7	1383	116424	JYWURVVLRXXLFU
265	0.2750144691003174	7	1383	119324	SKCIDARANNVWBI
266	0.3644373788703704	7	1383	121033	OMUMNAXQLMCEOO
267	0.5800586469213934	7	1383	121393	XIKLPPAERLRBPO
268	0.590139052408586	8	1383	123077	LRWPUTIRAUMRFY
269	0.2193691851473726	8	1383	130110	QQQDFWJDGZDCQP
270	0.6617215021461215	8	1383	134911	OPECPXOTRXOBET
271	0.6532179718854079	7	1383	134972	JFFHVIUZNPTGGR
272	0.2158972480229874	8	1383	136531	YZCDHRPWTDTXRF
273	0.6074378470547773	7	1383	137937	RJFPIJMZSUUNHA
274	0.308831934466795	7	1383	138244	FPCQVGOUFYTXFX
275	0.25495939219741964	7	1383	145225	BPECSJWVNSQYFV
276	0.37494393941575815	7	1383	146243	CNZFXMFZSSKXQC
277	0.5212430844006452	7	1383	149862	ZLKGXNSQDUJSAU
278	0.2860309981015214	7	1383	153613	NQGBYHSLVPPGLA
279	0.3825142794016122	7	1383	154866	XLYBDSYQEKATOJ
280	0.24497400603508235	8	1383	155365	LZEOAWXRNGQEHO
281	0.5080983916048161	7	1383	156419	QXJYIGSXUBOSID
282	0.5459114246171718	7	1383	158425	SDAORLHFUFLZAZ
283	0.6376547564238115	7	1383	159220	XZHCTKZHBRTLRU
284	0.4934917762177673	8	1383	159548	FJGFQQQBFVCDNN
285	0.43367646579019303	7	1383	160631	ZJQBSHFABOKMJU
286	0.38397199593265374	7	1383	162060	CPEFGMOVXYEYIZ
287	0.28196250774200354	8	1383	162172	ASXMNWWZTLPXIF
288	0.4327771176458457	7	1383	162716	OAKMFBHDBVZTBA
289	0.48266674194170556	7	1383	163962	MMKLSUZGYHUSBG
290	0.45559260432262316	8	1383	164553	HKNJJLPZSUGXIH
291	0.593335992995783	7	1383	165459	ZOLPMMWNCLHKPX
292	0.2071313964525748	7	1383	169796	ZDVNWZXSNSTHPK
293	0.464928766830077	7	1383	171334	KDZGOEXAKYNKRO
294	0.22882648311230797	7	1383	175756	QLWWHKBNZGCCJP
295	0.3714933932225315	7	1383	175910	LJVHTBSSXIJSNU
296	0.6249168796568348	7	1383	177374	DRLIVGXTVZKSFR
297	0.5119546310626449	20	1383	177442	OHWCFZJEIHZWMN
298	0.5097676909030009	8	1383	178854	YJBNXTWWWBZJCY
299	0.3773373969445152	8	1383	180881	WBNLLLLVRKYJFP
300	0.5076027567520721	7	1383	181493	YGAZFGCBVZLCRF
301	0.5381612181129694	7	1383	181504	KIZFTYZOGYUOIN
302	0.5483955682759889	7	1383	181557	GNSCRYBGTWIJGO
303	0.31446958019347815	8	1383	181799	YBFOBRDUQVMFHB
304	0.44785139866489104	7	1383	182675	YJDBSTMPUSCVRZ
305	0.5978184618628466	7	1383	186234	FBZJFOKYYYQGEB
306	0.3802176729112518	7	1383	186665	ABWCGDUDDOFDSC
307	0.5887036483573477	8	1383	187183	XQDVPPYEUOGQKV
308	0.4582271676390364	8	1383	187239	ASZMEICBVBLBKQ
309	0.43552821641518336	8	1383	195607	DSTJGYCTYZXZNH
310	0.3458733242904298	7	1383	196536	JKZKSWRVCVQDQC
311	0.6123787133794177	7	1383	196707	BXZMLPWGVQRDDD
312	0.21691728842633282	7	1383	198828	NQYBHLFXUQZWRP
313	0.4210413798144824	7	1383	199252	GUQVBZWOPXBZGA
314	0.2967453264975866	7	1383	202882	QJVGVRZZNZSYMG
315	0.4877469168846148	7	1383	202967	VTEFIBXQBGMXNK
316	0.41890819444530575	8	1383	210820	FXRVEWDSOXJUFR
317	0.42319681709700985	7	1383	210911	RBRPTFMVULVGIC
318	0.3721370413044435	8	1383	212145	QHZJDZMUOAWFAX
319	0.4173888964256709	8	1383	219891	HVEZDXZXIXZTMG
320	0.4647784227963387	7	1383	225360	BJPSSVHNEGMBDQ
321	0.5932524490858367	7	1383	225861	XVOIFWMPUWNRJT
322	0.6066718361723787	8	1383	229043	INXSHIYPCYEVGP
323	0.35894303469717265	7	1383	230956	NUGNBKUCKSHEKS
324	0.5293903696495785	7	1383	232337	XYWIETPXXWYOFO
325	0.535461716817679	7	1383	235173	VVEYQDVUOCUDOY
326	0.37127375327885914	10	1383	238321	QFHMLRWKLHONAO
327	0.5395283389293859	7	1383	241341	QFUXWTVAALROJB
328	0.5350767759747799	8	1383	242358	STSBELBOEQBKCP
329	0.3149061688705967	7	1383	250286	KGXHYRJHDRLWII
330	0.22623114702412322	7	1383	250394	ANSNHOYHRRPFIU
331	0.6346107836581724	9	1383	250513	OQQPOHUVAQPSHJ
332	0.5566117832027845	7	1383	252214	FXAHVYFDNKHXBM
333	0.4424571696581094	7	1383	252384	LTMYABZZYAQAJL
334	0.36003731493766966	8	1383	254457	UXKPNBZMMBPABK
335	0.23698815488596467	7	1383	254575	WILUWUQTBHPHNQ
336	0.3179538708174489	7	1383	258732	ZLWTZXNAINCRCG
337	0.23330955416980664	7	1383	260027	RVSUBOUBGSVZRG
338	0.30200426674412795	8	1383	260600	KFNIOOQVUNXCSG
339	0.36522953977483896	8	1383	262094	SCQAWIJMLAWHOZ
340	0.4771145291802184	7	1383	263632	BFJZGJOZEZXOIT
341	0.5547832636357952	7	1383	264528	UPGGRZDSQOSTIB
342	0.3992437277691887	7	1383	267434	GNZYKMAGFQBGLO
343	0.403287693319227	8	1383	270183	YIXAEALWBVECGA
344	0.5318025472891996	7	1383	272121	QBWNNPGUGLIWHU
345	0.3537878558495852	8	1383	272426	UXQSNQPHEOKTFP
346	0.20147033668776856	8	1383	273027	JLCJSBOHWRDWQW
347	0.37081133553256795	7	1383	275494	VKILWIKFZQHLPU
348	0.676913979458024	7	1383	276857	QXLSQEJYLGGONF
349	0.46930192234388035	7	1383	278340	HGZNBZRPLXXXCS
350	0.22620985964625942	7	1383	284379	RBVBEULSUHQTPE
351	0.24811834445928443	9	1385	7206	IOTPUXNBQDYQLT
352	0.21067003256523806	8	1385	222485	XQPUSHMSCSIUTL
353	0.23374190045223714	7	1385	263403	QPTGEVJZVKQTAR
354	0.3399244960017919	11	1385	272249	CFQDQANDWNCASC
355	0.8368074214304502	10	1386	8849	NXIHNBWNDCFCGL
356	0.7473414942862902	8	1386	247897	AFTLDBVPRCDOJK
357	0.8953904228247731	10	1386	259557	HWDMHJDYMFRXOX
358	0.7338080432793104	7	1393	45712	HJVIUZHNRJYUTG
359	0.7716490720802088	10	1393	108952	QGDOQULISIQFHQ
360	0.7977085156499367	8	1393	149730	UXNDEPVXXDIZQU
361	0.6266607508663614	17	1393	185315	NWPRCRWQMGIBOT
362	0.7094440195500648	7	1393	214655	CXIOSEMXFPKHOB
363	0.7219037504910759	7	1393	247911	RIONCGSMVMMSPJ
364	0.2907619554590655	9	1394	68301	JQOHKCDMINQZRV
365	0.41355466631289495	17	1395	60917	NNFNVJXYWKWZTB
366	0.4864295698311687	17	1398	228409	ICYRCNICGBJLGM
367	0.7421783953653676	13	1401	2315	DTERQYGMUDWYAZ
368	0.22243416774473934	9	1401	11760	KGVHCTWYMPWEGN
369	0.2781422992257398	9	1401	85883	CJMKNGKQEBMDHR
370	0.7716458841167547	12	1401	97990	VEYYWZRYIYDQJM
371	0.6082151754883779	14	1401	124302	MBZWIPOSTWTKSV
372	0.22064593012080866	8	1401	201740	DKEXFJVMVGETOO
373	0.6230110696404291	10	1402	3801	ITYONPBTNRIEBA
374	0.25300702698224103	7	1402	212448	PFVRHYUXQWBCHT
375	0.22863287921261283	8	1402	236606	LRVNKWMVNDXIIY
376	0.2270899249930719	8	1403	120353	IYSWHZVUOGVQHH
377	0.2213004570611087	10	1404	163123	HUEOABWGBTXQNF
378	0.375757763924726	11	1404	245990	NVQTUZIAZHAOMF
379	0.4258138907812035	9	1405	173885	OGQVYQIZUYYYKI
380	0.33077252543958036	7	1406	9478	GOQOIZFMLWZVMB
381	0.3361009219575337	7	1406	39967	NBOYVAGNUSHWHW
382	0.2168623743119921	8	1406	57623	VHEGBMSVVODJTJ
383	0.33635996196929674	8	1406	58068	SVLSQZFHERPDFC
384	0.4808866702832809	7	1406	64190	CQJLALJVAKRAHZ
385	0.4169933371106282	7	1406	105100	GKMFOEIZCLMZDE
386	0.3720721645241536	7	1406	106437	ZNVXNYHXQCEWBS
387	0.33240114726999087	8	1406	157357	HRWSEFPZIJVSCP
388	0.3878698230471958	7	1406	159832	SXXVGOBLMIOENV
389	0.3412147830348802	7	1406	171893	LDAQYRWFMSRIAZ
390	0.301174485669421	7	1406	177084	SKFGFFNYYMHHMG
391	0.3375287354174092	8	1406	213125	MVHFMLCRUSMGMX
392	0.21617832837661072	8	1407	254645	XRWZKBMLCDQHHV
393	0.29191343490301036	7	1410	241850	MCKMLKOCQNGBII
394	0.4305538476767817	8	1416	8881	OGPKDZFHCUWZQQ
395	0.2533881717452051	8	1416	23158	FNBWGTNBJAOJDB
396	0.5388586878644123	9	1416	45555	QBSPTNMLIGDTQB
397	0.36671262609639893	11	1416	79051	IHRWUVSXOBLEJV
398	0.2247324125299547	14	1416	137173	CNNYMGVUSRNOJM
399	0.5142199364745571	10	1416	167065	GSQTUTYKOKHICA
400	0.2514449668352781	10	1416	168441	CRLIIVULAYHESO
401	0.2199921835399198	13	1416	173800	LJYLXAOQGKAHFM
402	0.4556291976800886	9	1416	182672	YCXCFEMQOUCEIS
403	0.47427246457616945	8	1416	201963	XPKBUMWSRMMYSD
404	0.4930314794984839	9	1416	207378	ACOOBFFCOFTQCQ
405	0.3355266650053298	10	1416	234770	UXQXXUJCPVUCOJ
406	0.21066996949857458	7	1417	12456	IXVXCXPQRNEULP
407	0.20299027975893702	7	1418	100153	HPTOOPOQHODVOA
408	0.21113785566349588	13	1424	84091	VJIWUTHTOFWQLT
409	0.7687264525905455	10	1427	18286	WCRFXRIWBFRZBR
410	0.6885550065208221	11	1427	222379	MFEVVAXTBZELLL
411	0.5546789681433607	7	1429	24283	BXWMZVREXWPYKF
412	0.47355218275490363	7	1429	33470	IIORHFPOKSGCHN
413	0.2095446738425402	7	1429	37347	QOUZNKNYXDVAOK
414	0.5111042133216347	7	1429	145145	VMLHZHSLMGIVED
415	0.5878693360369779	7	1429	184782	WNWCQIPRIITCPM
416	0.5414278091858737	8	1429	186061	FBYPJYWQMKFLTQ
417	0.5835869164504323	7	1429	187024	HDQFMSLXNCGZDJ
418	0.5098615583921745	7	1429	188270	LVVKXRQZSRUVPY
419	0.3261277341946402	8	1429	198305	SBZXUDQCWDMXCV
420	0.5116453352877424	7	1429	235573	WVWHRXVVAYXKDE
421	0.41284083955104206	7	1429	242553	AWSPRYIWXBTMOT
422	0.6909098323324959	9	1430	17418	SRXKAYJJGAAOBP
423	0.5108144855812469	8	1430	162648	JRLGPAXAGHMNOL
424	0.21432134901452768	9	1430	220225	DATAGRPVKZEWHA
425	0.4956069983434506	8	1431	4773	JMBFYDQTWYSZQM
426	0.27628155150755274	9	1435	22870	OLNLSTNFRUFTLM
427	0.21818957475263265	9	1435	109903	YLZRFVZUZIJABA
428	0.2100896092567979	9	1435	130067	USGUVNUTPWXWBA
429	0.2648146337635811	7	1436	87386	CVXXQOCSSYSSRD
430	0.25121983702242795	10	1438	53362	TXAFFKJATWOSLM
431	0.7375684184686334	7	1443	21584	KEJYWUJUCHKOFW
432	0.29880799747579484	18	1445	46923	SFWFEXAPJYQJDO
433	0.21474179541353544	8	1445	51291	LUIKRQNIARYCMK
434	0.389936817489084	9	1445	87105	SSWORBNMTDPEQY
435	0.4270461118189218	9	1445	113908	CVQQRWWNQONTMX
436	0.30731047770795233	16	1445	121566	OMYAYZKRMLYPNC
437	0.25145584985114217	10	1445	125769	JLBTYPJRECBOEI
438	0.42094632697599044	8	1445	131338	GBEBHUXJNVPKMN
439	0.22431180383003502	12	1445	153375	ALJOZFZHJAAUAP
440	0.36813855487962804	7	1445	171481	FCPDDEUTUGCTNS
441	0.4391438240698565	10	1445	184759	FKBXXVPBVMWIDS
442	0.3496602849598356	9	1445	189855	QJFMIKWRKMTTSL
443	0.3800866918469351	10	1445	190162	DBFMEGDHHAYDPJ
444	0.5255850310558057	14	1445	218518	WBXXQQWEDPUVBK
445	0.21989347634194123	11	1445	223786	BEAQKKODETVWOS
446	0.4011913768098288	7	1445	233228	OYXSMIAYHKUZQQ
447	0.3502478249383532	10	1445	236359	TWYLXVRZBCLGHB
448	0.3582987157060225	9	1445	238917	OLBDONNXXCVEBD
449	0.35308257871547466	8	1445	272565	CHULATXGEVFYAJ
450	0.28185360409245364	8	1445	273474	OWPVBMRQCFDSPY
451	0.34441047109840944	10	1445	274689	RXTVBISZHPGQKT
452	0.43332873866940536	17	1445	275236	CQBUTECROSOOEZ
453	0.24364318650103423	12	1447	67070	ITETYEPZHSFHJL
454	0.2029310971822513	8	1447	167131	OWAUPJWPBXIMAJ
455	0.24281157948456542	7	1447	176360	UQQBRVPVFILOGY
456	0.2848008433950086	7	1447	182227	XZBNCYSAGYQCEW
457	0.2612345781419145	13	1447	194532	PIYCAFHLSHGPIM
458	0.25096099438759395	10	1447	227603	DELYONBMOHZJNU
459	0.24151264147567714	10	1447	251815	DYQVUHJGPRMPQI
460	0.2779436040591826	7	1448	99511	MZDDJMJPPQGIRI
461	0.38899360409483746	12	1448	140605	LBYKSVBRLIKSEL
462	0.4702566551784541	7	1448	281104	FHZCFLYJSPEEGK
463	0.3044804523377348	7	1453	55386	BJOZCDHTYAUMSZ
464	0.9008503447763122	8	1456	71204	XBGGUPMXALFZOT
465	0.604694375750954	7	1456	288864	HPYDSVWYXXKHRD
466	0.3291137719609918	7	1461	108556	VIWUBXKCYJGNCL
467	0.5543551770512022	8	1463	146556	QXENAONMUSFVCF
468	0.37645197229767724	7	1463	164850	JTNFAPYQCBNWAJ
469	0.25907034627269276	25	1468	34484	IESFZVCAVACGPH
470	0.5392936511643345	9	1473	55997	FRXNXDHFQYZYNA
471	0.32237294159418534	7	1474	252884	ZFXQNADNEBRERM
472	0.6419254145937558	8	1480	23809	OYIFNHCXNCRBQI
473	0.7867065633912392	7	1480	28423	SUCGXPHEYBRFIL
474	0.21707201345966293	7	1480	75860	OAWHMSFCLIYBHE
475	0.9590327586103532	7	1480	178474	FGRNDHZIHWHWJL
476	0.532329397632974	7	1480	183843	GDOGZQGMGSWNOX
477	0.4518174889685188	7	1480	213210	KRKRAOXTGDJWNI
478	0.7512399667177557	7	1480	224059	XLBVNMSMFQMKEY
479	0.24505969570133193	7	1480	280774	FCXZBWSIAGGPCB
480	0.2989075464848703	28	1481	266387	PVMPDMIKUVNOBD
481	0.3717916432938027	9	1487	8678	KLKIRPUROSYHAE
482	0.6783070852525885	9	1487	9494	RVJDVUXMXQZYLK
483	0.5957304339910667	8	1487	28340	FRAVQEWNAHYTGR
484	0.406439962542708	10	1487	29997	VRALXRNJCAEGAU
485	0.7845958038791632	7	1487	31760	NCRWSARLWKDUFN
486	0.7439852084528664	7	1487	55490	STZUJCKEHJWUNP
487	0.2631156853736988	19	1487	59604	BCIARWGCSQRQRH
488	0.5189927225292778	9	1487	138043	SWXQUDDKNYJBBV
489	0.7255405304140301	7	1487	197768	KYKGSYAHKNQQER
490	0.7958110263877262	8	1488	71204	XBGGUPMXALFZOT
491	0.22457805743383863	7	1493	248504	CQGWJMIBOHOFNB
492	0.2180516090626242	8	1493	260285	FJZVRPIMSAZTOY
493	0.6105803316356635	9	1497	5542	LTUZVVOPXHMYOH
494	0.3090024337240556	8	1497	89532	YRFPBFOOZPGAAH
495	0.3693031971862205	7	1497	145701	SYKNCFFKLDWKMD
496	0.586662501887943	8	1497	185072	AZTMWIPCEFFOJD
497	0.5254160783814543	7	1497	206062	QYMDEOQLJUUNOF
498	0.5264520911798122	8	1497	233449	SCIRNASYBOGBOO
499	0.3874602509663231	8	1497	240897	OIIPKTMVZHTWNH
500	0.637676278451718	7	1497	275033	NEEOKQLSZSUUPP
501	0.2533108081665728	11	1497	282820	YKBZOVFACRVRJN
502	0.20125184207346877	8	1498	58254	WSFQKSIBZODGPB
503	0.3989566662297958	8	1498	106453	IWRKOSRQYRCBHW
504	0.6353418471120051	11	1501	28113	YSWHPLCDIMUKFE
505	0.7139190905079593	10	1501	191532	PDSLRCZINIDLMU
506	0.28341242683373835	9	1501	227430	CLSAEXZTTQJZHA
507	0.6917436788991534	11	1501	243646	VVLXCWVSSLFQDS
508	0.24706573353278397	12	1504	15441	MQIGTEQXYCRLGK
509	0.28056564221811775	15	1504	58683	FSGFZJVYAZKWHO
510	0.24939246989686406	18	1504	77109	SHAQGFGGJSLLHE
511	0.20465258750256224	7	1504	193334	PBINGJFJSSJYJE
512	0.2877073163080117	7	1506	99511	MZDDJMJPPQGIRI
513	0.3996902381800549	12	1506	140605	LBYKSVBRLIKSEL
514	0.26924961613033577	7	1506	202880	MSFSPUZXLOGKHJ
515	0.49200195968789	7	1506	281104	FHZCFLYJSPEEGK
516	0.6901945992261337	12	1511	64793	XXDVDTMEVBYRPK
517	0.5162870378433936	12	1511	212221	RNVIUPLZMWAIQD
518	0.40073617368613895	7	1512	198474	IDKWLUCQFVMXJX
519	0.524433891618053	14	1516	78464	FFJJSWCEJRPJEI
520	0.5287844052765579	14	1516	185807	MKYPKZSGLSOGLL
521	0.25266111870169095	12	1516	240132	LARRWQRLUSYTHC
522	0.2475487286213846	14	1516	246679	CQCYYMGLQMYXMR
523	0.374246531445302	11	1518	32171	XTTZAXBOUXWPAU
524	0.405997964819108	8	1518	116468	SQTUSSZUUTULQX
525	0.24226570697046212	10	1519	18436	GFTSUMCWUMUQFY
526	0.24011556916864943	10	1519	44575	VOAXJLHKCYLARN
527	0.3558548628722139	13	1519	49887	XWFVNSZCIXEJGX
528	0.20327664372174586	12	1519	64654	MTJZLAYVVBNPTR
529	0.40598727471966983	12	1519	157140	FRHFEZSFKILBAV
530	0.4228258976289325	12	1519	174889	JUPXAEVNLDWJAG
531	0.3809893279299196	14	1519	192755	CMQKQOPYRAXKCL
532	0.42047000729588196	13	1519	198452	VLPPPAAWUOUSCL
533	0.28169213227013135	9	1519	222511	BQTHMXBEHSFBBD
534	0.23510353062959688	11	1519	234427	FSSLQNHNRMLILK
535	0.24038218429574426	11	1519	264725	LRAMGZJNHKKIPZ
536	0.25444406851510715	14	1520	73388	PWIWCVBUQJLBEK
537	0.22779679784369192	13	1522	148020	LMCOVLVJSBQVNA
538	0.20865051099438028	13	1523	67507	VHGTVBAZDFWWOL
539	0.6741716433650624	18	1523	228409	ICYRCNICGBJLGM
540	0.28437961424353	8	1524	117150	BUQICHWNXBIBOG
541	0.3452449609507778	10	1524	182627	SLUXPOIDTZWGCG
542	0.6389846727591585	10	1524	195896	VPZKQTYZIVOJDV
543	0.2422551229740119	7	1527	145587	KEHFJRVBOUROMM
544	0.45929602567748246	16	1534	17418	SRXKAYJJGAAOBP
545	0.2965722191783443	16	1534	55172	KLPJXDPPMSJWKI
546	0.5855011681332088	14	1534	162648	JRLGPAXAGHMNOL
547	0.4240191661602284	12	1534	281540	KBZOEWOSIUJWIO
548	0.467038383857346	11	1536	4773	JMBFYDQTWYSZQM
549	0.3717924268236808	7	1536	112532	ANBXQOWFSKIIGC
550	0.2084380682538523	9	1540	8809	SKVUFSAOYWVJAQ
551	0.452803826593377	12	1546	37657	GOWKPDISMUMUIO
552	0.2934802637953216	18	1546	228409	ICYRCNICGBJLGM
553	0.23530280740615664	16	1546	250987	FXJIAFNALAAWRV
554	0.3472120336693737	7	1548	872	OPOFIXPDEMKSON
555	0.5507320710079994	7	1548	235319	VQSWVFALFFYCMJ
556	0.26361918459034733	8	1549	237573	UHBHNXZLILDFLM
557	0.4987161057323926	7	1549	266190	BATKVFDLIDCNEK
558	0.3408473544047465	8	1550	175044	KIENYUDXZBOMJI
559	0.545341645278345	9	1550	193334	PBINGJFJSSJYJE
560	0.2551142511227609	7	1551	33363	MZTMCSKWSQDRAX
561	0.27804014608223937	8	1551	41748	DRRFUZLWQFLKPE
562	0.2327568687190944	7	1551	50529	LVOKURVXVXDDLR
563	0.26446617113509924	9	1551	69451	HWPHEPOWULNHKC
564	0.2144545146336079	7	1551	97342	PUDJVOUPUJHFDP
565	0.23786502695927822	7	1551	112207	BFWZGAOENBIXKZ
566	0.22973528012581534	7	1551	115069	BTDAOPUGXVSATO
567	0.6759528304250375	7	1553	86039	QEFRNWWLZKMPFJ
568	0.2776909249076563	7	1553	127918	WAYHNLGKMVZKIA
569	0.2218724908065844	7	1554	5269	QXJGZXXZZGCXBZ
570	0.4639997939820814	7	1554	285638	KTTDUUHPDYQNQV
571	0.2015419313130322	8	1555	286658	SXFSQZDSUWACKX
572	0.5559166188449823	9	1560	136072	WITCOKQIPFWQQD
573	0.5546333158304105	7	1563	22429	GQFPCYNDHKNZCF
574	0.3592189872188272	12	1563	24526	BCLVLAZXTOULCD
575	0.4393970022175898	13	1563	54383	NPKNLZYTSOWNFP
576	0.2806926100348268	13	1563	71247	QELUMPYXLLFVAX
577	0.38087822907142316	12	1563	269958	HNXKAWFNQGNMNH
578	0.20111967500928643	12	1563	274839	KWWHDNLMGLRNRN
579	0.2440888106752156	8	1565	275458	OIHLMOMAFMVOQY
580	0.2438761451412484	9	1566	92460	QZBLEZWHCZPHCC
581	0.20054058170031352	7	1566	136390	ZEWCHEYJHBQAHF
582	0.3397125456644757	11	1567	3801	ITYONPBTNRIEBA
583	0.2374339006677945	7	1567	119303	ZXKOJMMUPXTIIZ
584	0.248627320951683	11	1567	174711	ODUVBPBVKBYRID
585	0.30371923353212815	9	1568	56028	BWWOPVHQIVCIES
586	0.24747070971482468	9	1568	157203	ZWNULKWSSVDLQQ
587	0.22165451879356549	11	1568	277417	YXNIEZJFCGTDKV
588	0.49556861607310637	8	1570	50440	QZBUWPVZSXDWSB
589	0.3384585952422415	8	1570	272406	ZMRXWCBDOBLXMB
590	0.5396059107162943	7	1570	283009	FPCPQGHISRHYDY
591	0.22241586723270038	11	1574	64304	OLPOUQMVOMXOGV
592	0.7670270834856195	8	1576	58683	FSGFZJVYAZKWHO
593	0.781810106741294	8	1576	77109	SHAQGFGGJSLLHE
594	0.3917626279838682	12	1578	120353	IYSWHZVUOGVQHH
595	0.7312716961995251	15	1582	163123	HUEOABWGBTXQNF
596	0.3719831391666714	7	1584	75389	ZGNBLKBZJBJFDG
597	0.33538103880192105	12	1584	172290	OEZFTGUQNATVAL
598	0.44148555417446766	11	1584	222391	QLTCHMYAEJEXBT
599	0.3489933964025023	23	1585	266387	PVMPDMIKUVNOBD
600	0.27272390690250686	13	1587	15505	YBUBTXWRRFOSDF
601	0.2605888945466241	17	1587	185431	MZJDROJQANXOKH
602	0.505754918526616	7	1589	195577	SSFZVWKVKADKHZ
603	0.5143679822736587	7	1589	259426	SWOUMBVGTZBCCP
604	0.28313969789153803	7	1590	41121	DCYKYFYDBJFJHO
605	0.23968810465465187	10	1590	42875	PEGWPXZCLWDFGG
606	0.2183965153396814	11	1590	94097	XOJSZMKCAWHTOR
607	0.21237425287695755	8	1590	112792	HEBLDGBALIMNKK
608	0.211588813071118	9	1590	257595	DTWUHAOZSGPUHQ
609	0.3840296639530039	7	1591	33223	WNXWQSWPZZTNHV
610	0.8078007779981948	14	1591	73204	GVCTYSKUHKXJDZ
611	0.40305383342601353	7	1591	237012	NMYIPKXDNJVHNS
612	0.2236306768804984	8	1591	249955	CYZNJFJVKGVIPW
613	0.45991862845848436	16	1594	95427	HFKJBCPRWWGPEY
614	0.23269942029682042	14	1594	135373	LZDNBBYBDGBADK
615	0.5292912210044389	15	1594	175959	MPZWMIIOPAPAKE
616	0.46187084669802364	10	1594	186106	LROQBKNDGTWXET
617	0.31930864629942707	7	1594	199491	AAVXUMMGKWTSSG
618	0.35183545322663373	13	1594	202782	FKIGOUKDKBOZID
619	0.5071710863754986	7	1594	207557	SXUIUFISUUTEMX
620	0.5677796523992651	7	1594	214957	YLFKDWVECRVHGB
621	0.5358994214370256	9	1594	215827	XSVKAYYNFNXTDA
622	0.5845793443269989	9	1594	230155	NJAONUQFLGTYPU
623	0.5962001710885784	9	1594	252276	FDOLQMMDYXRCEY
624	0.4866504041191658	17	1594	273207	AKAHWGGIUSJNNM
625	0.3377828979626265	10	1594	276761	QRLFNGNRLBMKBQ
626	0.8898964543979179	8	1599	159085	XMAUFHMAAVTODF
627	0.22443323351670685	9	1599	223234	OHUXOEXBXPZKPT
628	0.3799373870069016	8	1600	203719	XZTCTKKANUDQCW
629	0.20332507573390335	8	1600	255326	LFOPKUNXBOAHAB
630	0.47290949475943644	8	1601	117150	BUQICHWNXBIBOG
631	0.5468960427393037	7	1602	33470	IIORHFPOKSGCHN
632	0.6895648911431721	8	1602	184782	WNWCQIPRIITCPM
633	0.6748489907179136	7	1602	187024	HDQFMSLXNCGZDJ
634	0.5961218136744942	7	1602	235573	WVWHRXVVAYXKDE
635	0.7407332107330525	7	1602	286786	HKOIXWVRNLGFOR
636	0.4699480248877427	7	1603	135628	ORBSYPFBZQJNJE
637	0.3448509685931578	8	1604	127796	ZEDBVEJBXNAZMF
638	0.3233831223224958	22	1605	255389	YQKYLDVPCOGIRB
639	0.2186855642547981	9	1606	42553	OVMFTYYJXMDIDM
640	0.2992935224168905	7	1606	181785	IASGNHXZHCRCBY
641	0.2264435287361851	9	1606	269522	WYWJSGONLKGLJA
642	0.3624086124565336	8	1610	32187	YYWGABLTRMRUIT
643	0.31799243870650984	8	1610	212286	WGLIGFSNTUENBE
644	0.337051883375625	7	1611	52199	OHBQZXBAGISRFS
645	0.2832135459002262	7	1611	82876	BBWDATRBMFZKCL
646	0.2517419501504581	15	1611	120353	IYSWHZVUOGVQHH
647	0.27227996355759104	8	1611	177251	OUXSWZRXEDQYNX
648	0.20992343851951253	7	1611	190111	JRTZMTILBXNYEF
649	0.25555694892004266	7	1612	120596	JOZSYXLMLHPMNC
650	0.4739631533708157	7	1612	216813	AROXIPUZSBETRD
651	0.46014559567870816	16	1612	230418	WNTZEYCYIWINNV
652	0.3406477278017891	7	1614	123008	ZIBRHSJPOBMBAR
653	0.680841813143199	7	1614	202739	WQXXXVRAFAKQJM
654	0.5917105959444476	7	1614	202879	JZDHUJAFXGNDSB
655	0.7727520146064921	7	1614	288032	NVWURHFYDLADGP
656	0.5138257453877959	14	1617	15441	MQIGTEQXYCRLGK
657	0.48794941436423134	14	1617	37399	NJMYZEJORPYOTO
658	0.7119526450771753	14	1617	58683	FSGFZJVYAZKWHO
659	0.6951759374942833	17	1617	77109	SHAQGFGGJSLLHE
660	0.3649008576731517	9	1617	148285	KAMHSHAKYKJKHS
661	0.2891619526414046	7	1617	184796	JMBZNSBOSHLXFX
662	0.35179958075027845	8	1617	192898	ZIGXHGHUAYWJCO
663	0.23812363817987028	7	1618	2155	GCZMAMNLUPNIJZ
664	0.27994343528336724	8	1623	41121	DCYKYFYDBJFJHO
665	0.23386644690726088	8	1623	42875	PEGWPXZCLWDFGG
666	0.20332710381651775	7	1623	88445	ZFQUJONRIXMVMF
667	0.22269175403585223	8	1623	94097	XOJSZMKCAWHTOR
668	0.21984019354079726	9	1623	112792	HEBLDGBALIMNKK
669	0.20000545176290374	8	1623	221976	YDLPHQOVJALSSU
670	0.20489106431003307	7	1623	257595	DTWUHAOZSGPUHQ
671	0.20715344076468298	7	1623	258685	KRDZPLIXVXKNST
672	0.6835695595437146	14	1626	57957	QYFSHTYKVAOVJM
673	0.4917396323308178	7	1629	25417	ZTVIKZXZYLEVOL
674	0.4734937344202269	14	1629	28316	UGTZHPSKYRIGRJ
675	0.40648431871526874	7	1629	28362	CTECRPNIWSEFRW
676	0.6723803688833343	17	1629	40789	LNLLNTMHVMIMOG
677	0.4242986518423663	7	1629	44722	CSWCMJGHMIGDOH
678	0.22355379948464427	7	1629	57058	RQGCVDNSIYRULR
679	0.8209760273013599	17	1629	63106	JPKNLFVGUZRHOB
680	0.4458117007998452	7	1629	87594	DWZMBCWBOXICOZ
681	0.24997795664359987	9	1629	119256	CSGDXLXTJVRNEA
682	0.32169221535756265	10	1629	121733	WVEFQNOWFOGYOJ
683	0.4044761504868809	9	1629	126208	CWEPACWBWIOYID
684	0.4781347066958356	9	1629	153898	CMMJWJKGQZIJPB
685	0.3769581308224678	9	1629	173454	KNWPAVJLJQWJMR
686	0.5009056702350977	10	1629	192372	JKRCSMHOINNVSU
687	0.4062191498358516	7	1629	198832	QDCBJSYOXAIUBJ
688	0.45515925890082715	9	1629	203911	VLHHLVNQINKFNS
689	0.24535838528106105	10	1629	208569	ZECKKAHILSTZLB
690	0.5765441895911062	15	1629	236428	BBBXWRGITSUJPB
691	0.4646090696686725	8	1629	246129	UWASKMIYDLVYRH
692	0.4950367634075609	7	1629	251193	BQZUUNXSDURSBX
693	0.43451363788404124	7	1629	254490	SUUYFWPFLGFWRW
694	0.5088892711903117	9	1629	256528	SRWQJNXCSFVCSK
695	0.9296012144675735	8	1634	39362	MMFKFJORZBJVNF
696	0.738023729163163	9	1634	102610	QNBYCZTZNOVDMI
697	0.5391023129045666	9	1634	168552	XWOBNBRUDDUEEY
698	0.9066041286443687	8	1634	188421	IDXZDKMBEXLFMB
699	0.20907849367311682	10	1636	111085	XEPJPIFQSAHGNY
700	0.2106176879839606	7	1638	26376	NJKMFUYYGNGQBI
701	0.20074268822757843	8	1638	42114	MLKHBAGEFHLVOV
702	0.5801960674976115	7	1638	89294	BIQXDBVZHTZOTI
703	0.3453984494518385	7	1638	109997	NHLOTBBTMHHKBT
704	0.5249579463688644	10	1638	142421	NHEPIBXSMIFXIO
705	0.3554373657883747	10	1638	193237	RYHVNXLXTBESAE
706	0.6152170126138962	7	1638	230721	JXSLKTOGVPMPCS
707	0.6570719963384573	15	1639	11534	UBAQSAUDKMIEQZ
708	0.5548531696767542	12	1639	169690	NIZKGBJVCMRDKO
709	0.2872718272285636	8	1639	175587	KSIJXZKSFPPNIM
710	0.31648636561694726	12	1639	199967	KGNSGRRALVIRGR
711	0.5557373472646958	15	1639	226078	NHXCEHCKISFORA
712	0.22954049915643768	7	1639	239357	SRNVEYNZWVBYOH
713	0.24662761935126595	9	1644	259519	CXRCVCURMBFFOL
714	0.6561797636436586	23	1651	21517	YJCKPRSVGUPZBH
715	0.396295417366161	18	1651	258482	AFUIRDQMGCTJBM
716	0.5557467181897494	7	1652	47321	WXCQAWGXWVRCGP
717	0.3171661846998323	7	1662	8782	UMVGRFOTOHQYTQ
718	0.44681785366621873	9	1662	64323	APLHEOBEIBHCHW
719	0.22037615562687107	8	1662	83781	DBTCDTYONKJKNS
720	0.5006582970787807	8	1662	92619	WXBFTDAYFIQSSK
721	0.41384098575727485	7	1662	158111	IEIBMDHVWPZRMY
722	0.4671611805986818	7	1662	168698	XPNFCDPLHVHPHB
723	0.4207759732202885	9	1662	180931	ZRJBHWIHUMBLCN
724	0.45146607242184134	9	1662	249746	IZGRHSRWTILCID
725	0.22786293686443743	7	1664	54229	PFXCWAMTIBDTQF
726	0.22867482415810353	7	1664	236880	MEGAIYLFOJKEBX
727	0.341817284111371	20	1667	125631	VWXQFHJBQHTHMK
728	0.36056112530956475	10	1668	119328	VXEIXZSLBQUUHO
729	0.35436479572522483	12	1668	234716	LSRMHWSOHWFVGB
730	0.6771469862650346	8	1671	82935	VYZAGTDAHUIRQA
731	0.2481679530927134	9	1671	123008	ZIBRHSJPOBMBAR
732	0.2074814313266039	9	1671	202739	WQXXXVRAFAKQJM
733	0.42951906225958486	7	1672	88199	OBDFYDGODWWFEX
734	0.5007546248103414	8	1672	113508	FKJKCZVRHZSDOT
735	0.35752600604122775	8	1672	224124	FNPKNWJUFWGJJV
736	0.23563319525078474	9	1674	244005	NEXDSXZWQJEVKJ
737	0.3285842034814694	11	1675	263336	JCMUOFQHZLPHQP
738	0.22404001766399897	11	1676	82935	VYZAGTDAHUIRQA
739	0.5295989148913303	14	1676	123008	ZIBRHSJPOBMBAR
740	0.7809090747623196	14	1676	202739	WQXXXVRAFAKQJM
741	0.6186407188249977	12	1676	202879	JZDHUJAFXGNDSB
742	0.812439953460542	12	1676	288032	NVWURHFYDLADGP
743	0.4441928570996169	13	1677	230418	WNTZEYCYIWINNV
744	0.22111217387477958	7	1678	1517	UVWPICUGQSIBQO
745	0.24774024419007995	8	1678	158426	COKCKHYUZSETSY
746	0.2686895998728014	8	1678	171858	YOHUCVRCSMMGNP
747	0.608703369698171	7	1678	230963	AAQRLPMQWQNFFZ
748	0.22260234426405884	7	1678	263055	QUUUEWBMPVGPDF
749	0.5704112570284755	7	1679	17635	TXFYGVSFMUHNGL
750	0.38092491360156927	8	1679	58673	MBFADIHUYGBMMA
751	0.6436245702691749	7	1679	81545	WSVXCQOWHVNUTM
752	0.6603496565188911	7	1679	87379	AFVOSKFTETWUMH
753	0.34304656461150645	7	1679	96931	KCUYNFOCMMREKC
754	0.5235505815516108	7	1679	113233	NJYHQLKQBUJZIS
755	0.6825490503653187	7	1679	117603	FEPWCBNZAPJQDK
756	0.46345978485534767	7	1679	119625	DVQGSNPWOLEDRV
757	0.40342874372382426	7	1679	127609	IWDSEBFYBFZXFE
758	0.4448591514191582	7	1679	155232	HYAKGEDIQGALEN
759	0.7632885632165096	7	1679	155345	APYCBBUCRVHTDX
760	0.6142294449577047	7	1679	168176	DLTXHYYHQJSFHR
761	0.5197539079159539	8	1679	216453	ZDFJCIGCVRJOIG
762	0.2864460702512648	8	1679	234438	XTIUOWHHNFBPEN
763	0.6235615390326278	7	1679	237059	WYMFWFGGRMNJEA
764	0.28563441113951943	7	1679	266535	ZNZYKNKBJPZETN
765	0.3909727816288944	7	1683	51306	QBNBBWQHHVAZIW
766	0.5109041018493086	7	1683	253683	GSLOHPSPTJDYHS
767	0.7045975079350958	12	1684	44725	DSGIVWSDDRDJIO
768	0.6923450286414741	7	1685	167403	ZKNZAWGJQIYHNE
769	0.6833374420961297	7	1685	263592	TWCYRHJCVYNEGL
770	0.32875489657887436	11	1688	47806	UCYJORZOKGPDNG
771	0.2340426418919244	13	1688	156794	HIIJOGIBQXHFKE
772	0.2381019107345628	13	1689	79072	UNTLMPNSJZDBOO
773	0.6428986675390018	12	1690	732	IMXSCCDUAFEIOE
774	0.3232435861042934	8	1690	13225	YGOZAWKQWUALON
775	0.5039648324226398	8	1690	20571	NHFDVEVAKLYKKT
776	0.2772928125661678	8	1690	39940	ZBHVCVVWZRRCHE
777	0.5268308325347617	7	1690	144234	XMUPBUHYLHBBMH
778	0.7023349695819016	12	1690	177442	OHWCFZJEIHZWMN
779	0.30721392188180585	10	1690	238321	QFHMLRWKLHONAO
780	0.5244209002068669	12	1690	250513	OQQPOHUVAQPSHJ
781	0.23934040167125023	7	1691	29699	BYYKTKJIXRSHRJ
782	0.2399412169055111	7	1691	39100	SJAZWXNXMSMVBP
783	0.37739546795468204	7	1691	52129	MUDBNSUKTFIAJT
784	0.28501123604799794	9	1691	79447	LIZVLIIDTHTSSZ
785	0.23014366335787032	21	1691	95707	RCPIEMQVRDMETC
786	0.2553113650358644	15	1691	127373	PUWVNTVQJFSBDH
787	0.2438433529299719	7	1691	129465	VVWMFAZEWLGMFC
788	0.30607277600110766	7	1691	148270	RWOHLOJZUBOHEP
789	0.24408445381541455	8	1691	154426	UOPXXWDGQCFNHZ
790	0.20254330482750266	8	1691	198097	YLMBPXVTCXMOGQ
791	0.40926258410589117	8	1691	235098	VKPACLKGSZYFPS
792	0.3325408610446557	7	1691	244549	JWHHXJJTWYOOAO
793	0.33041924984587945	7	1691	257783	UDCZRFHFCDWHNU
794	0.7014774988439714	16	1692	31504	XIGSAGMEBXLVJJ
795	0.5358576783027638	14	1693	15441	MQIGTEQXYCRLGK
796	0.42676893797875215	11	1693	37399	NJMYZEJORPYOTO
797	0.7761516147587584	16	1693	58683	FSGFZJVYAZKWHO
798	0.7677730549933686	14	1693	77109	SHAQGFGGJSLLHE
799	0.36707264347184265	7	1693	148285	KAMHSHAKYKJKHS
800	0.30406628027788846	9	1693	193334	PBINGJFJSSJYJE
801	0.2247156229963863	15	1694	17780	QRQGRICUEXEWHL
802	0.4561643899968685	8	1694	23312	OTHGANFGYSWHJH
803	0.35619434889609725	22	1694	60557	JYNALUKELHWIEI
804	0.4524986346646384	7	1694	90366	WJGFWJOXVNVISL
805	0.5080469639126965	9	1694	94919	VLRJLXGQZGIYLP
806	0.4127415615258915	9	1694	103723	ZHQUQLVWQAGMLA
807	0.2824335461749354	27	1694	121507	QPHOLMMRCUCRIL
808	0.44177444148957323	7	1694	178781	QNAISVUYZYHGLP
809	0.4230885726791824	10	1694	178822	RGYPZVKKWWLOAA
810	0.3096045508000708	9	1694	182069	UNTJYOFZBHSHIU
811	0.5183285727310956	10	1694	187113	CJJAHMHXACHEGV
812	0.4925857158308442	9	1694	190050	PKXUOMMMJICCQJ
813	0.2837962623548428	33	1694	256027	IJMKCGGRBBSJIP
814	0.33108166382068016	8	1694	269737	VYKMUJRNPMCAKV
815	0.533548437767865	7	1697	256703	JEZZKSQFJNWDCY
816	0.29265817442914616	9	1699	41748	DRRFUZLWQFLKPE
817	0.42701590713923365	8	1700	9943	JNIIDKODPGHQSS
818	0.22591037594666863	11	1708	40651	YPUKEVIVDLXYHG
819	0.23857509067898275	9	1708	144442	RHBRKICJOIFBBF
820	0.35690305967453456	23	1708	186975	CMBDUPIBCOEWNE
821	0.2489325332686353	12	1710	264730	HQOOOYBCJOKAIX
822	0.8741209824620635	7	1711	14094	SSJMZMUVNKEENT
823	0.48160723163059577	7	1711	272976	IPWKGIFRRBGCJO
824	0.45732941405762956	7	1714	6070	VAZRQQVHTFMATO
825	0.20211512736633158	9	1715	274469	JJTMJXAQWCCMHD
826	0.28853800328299467	10	1715	282380	GTLPWMXEGPCOQX
827	0.3932480617489574	12	1720	271408	XUQOUAIMZATHGP
828	0.24273943251313557	7	1722	5235	PVENYVXDCRKQLZ
829	0.23691768162691146	14	1722	12644	KEXSDQSHFVELQX
830	0.31723249110023233	7	1722	13300	YEEOCARHOXSUFN
831	0.2651712303748299	16	1722	22095	GQBHVJHKFKICMO
832	0.22649728798300775	17	1722	73466	JLQQJIWDVGIGMI
833	0.2313658296855246	8	1722	96414	NTBOLWMPXFGUHO
834	0.2226906608671314	11	1722	103499	KNHSUZDZQMWGRE
835	0.22741005365379885	8	1722	119478	GMIDBRPHCFRJEG
836	0.2030581763690555	7	1722	147630	BVRDRHRMMWTKQW
837	0.23786765757702272	8	1722	152328	LPZSTPCYWWRQFU
838	0.23782630427570417	10	1722	154853	XFYRJHANHCHCTK
839	0.2250255990473135	7	1722	167596	QOXAISGIEITGJU
840	0.20423850408344196	8	1722	252862	OEHCOEOVBILETL
841	0.2718075978855492	14	1722	274657	QOAPGRJTTCYFMV
842	0.21823002746450898	7	1728	68721	LYYNFZYGNXMEQX
843	0.30953727346195736	7	1728	109919	NIYWWSSZSAHRIW
844	0.32211652964526527	7	1728	195744	VLTQADXREMVNJX
845	0.2759198717675663	7	1728	229301	QYVKDCNEUJQCPH
846	0.24269592285390243	9	1729	97253	VAXBYZCUDVPKHJ
847	0.20050202031565403	8	1729	127914	KIFHIEFFBLMWAK
848	0.34751192860300195	7	1731	13838	DRQXUCVJDCRJDB
849	0.4123768752450218	7	1731	35982	DHVHRMKJUUCPHX
850	0.45307143280910367	7	1731	36870	VQVUTGNNCTVJST
851	0.3092252829843617	7	1731	37964	OKPQBUWBBBNTOV
852	0.2806993731633941	7	1731	57987	HDTRYLNUVZCQOY
853	0.4019481222692697	8	1731	66256	RULSWEULPANCDV
854	0.4028068459598576	7	1731	73547	DLRVVLDZNNYCBX
855	0.2778810163288267	7	1731	90199	PUGHZUFESKUDNP
856	0.4107195603101294	7	1731	96810	FEXBYMWJVRXRSN
857	0.2875577578228434	8	1731	99438	PFCRQPBOOFTZGQ
858	0.306823242094847	8	1731	102549	DXALOGXSFLZLLN
859	0.31829525112141444	7	1731	110756	KZSXJTYOPKQNLT
860	0.42661206266224566	7	1731	116350	GUBGYTABKSRVRQ
861	0.3346614640238098	7	1731	116473	RZJPFBHCQVOHKY
862	0.38123981227486514	7	1731	137351	MFBRTXIZJUHGPH
863	0.32730611265776827	7	1731	138805	PVXPPJIGRGXGCY
864	0.2585882333862611	7	1731	147586	LUCDVCBTQNBACV
865	0.36240635381763575	7	1731	156517	WOHYVFWWTVNXTP
866	0.22750203738196612	8	1731	174034	NMELTECMHKKXLF
867	0.508842447592559	7	1731	176376	CZMRCDWAGMRECN
868	0.31631419048462045	8	1731	179261	YGEHCIVVZVBCLE
869	0.34329771491717725	7	1731	192591	NMXLJRHBJVMYPD
870	0.21331469602978795	8	1731	222964	RJPPRBMGVWEZRR
871	0.36940027861504476	7	1731	226452	JPFGFRMPGVDDGE
872	0.36537734474682654	7	1731	227584	IXMYCKDMDICSSP
873	0.3839607721410401	7	1731	230497	SEWFWJUQVJHATO
874	0.28713428224232873	7	1731	232342	VCWMRQDBPZKXKG
875	0.3763102405150289	7	1731	238909	SVBWNHOBPFJIRU
876	0.21484118684527087	8	1731	244325	PZDOWFGHCNHPQD
877	0.2773019565999613	7	1731	247883	MOBDYHVKUQMFMM
878	0.26141042697342254	8	1731	257471	DKXNBNKWCZZMJT
879	0.36737246958068664	7	1731	262627	QIGJYVCQYDKYDW
880	0.2725328493349802	7	1731	263892	HIWPGCMGAMJNRG
881	0.2220016222575801	8	1731	275523	AYRXSINWFIIFAE
882	0.4592437254945097	7	1731	279789	JCQLYHFGKNRPGE
883	0.285212798532254	7	1732	254344	VXEORMGBKTUUCM
884	0.27486867448458463	12	1732	261669	WKZASVMLDXQBSP
885	0.21978926566589913	10	1732	262257	ZCSKDMXKXSJPTL
886	0.34238476727352124	25	1734	255389	YQKYLDVPCOGIRB
887	0.2679222659551606	7	1742	30605	XWQSYLYFCJTIEL
888	0.9293290428456109	11	1743	31504	XIGSAGMEBXLVJJ
889	0.2534687954910403	8	1744	16696	RZAGWJFGBMUIGY
890	0.37497504692354217	10	1744	58254	WSFQKSIBZODGPB
891	0.3060242237620524	8	1744	106989	MJPKMDAPFRGJGV
892	0.49278497701415297	8	1744	214540	BJWYJZGECNLLCG
893	0.3085184690890019	11	1748	47806	UCYJORZOKGPDNG
894	0.26387842493756275	8	1750	19031	KTUFNOKKBVMGRW
895	0.22935062468408782	12	1751	49410	DVUFTQLHHHJEMK
896	0.4134277051117488	12	1751	124200	XAEWTDMGFGHWFK
897	0.78884554619182	18	1754	137489	FBNPMTNBFFAMMH
898	0.21898029474349667	9	1755	3493	WPBBGAHDYHELMX
899	0.29852609571669086	14	1756	3210	AZPRWDLAWWUGLG
900	0.3311109817483497	10	1756	4296	NTNBEVYOGWWDRB
901	0.5101671639115125	12	1756	4616	QSUUUTFIHNUUQX
902	0.5239768844502907	8	1756	6463	HXTZXDWMLRAQTL
903	0.23685345776019726	10	1756	6619	FZOMPLAKFHKKTO
904	0.20599184715930954	13	1756	7875	BAIHGBNYLVDYFA
905	0.5125213710645258	13	1756	7969	YBTZYMZAMUEVJB
906	0.3087308789743287	8	1756	9569	DLQOQKDKDXTVNF
907	0.24357076094412614	10	1756	13650	RFPWROUYSWUWGU
908	0.4622457833913064	16	1756	22154	MRVZBYVLLGHZED
909	0.41582166250301356	11	1756	22238	PRHOYQNBWGQUNN
910	0.5924186199065617	8	1756	22265	GEUDUDDEVTYBEK
911	0.24551122712724863	12	1756	26287	KGQIYLSVVQCRJA
912	0.5107102449261713	10	1756	26439	SKVMWRGOCFXZAE
913	0.37155154681547947	11	1756	27976	JVHMWZMCDGDAIW
914	0.2682104165790251	12	1756	28921	AECULMKGNBGPKV
915	0.3879801277930694	11	1756	29063	OYQPQPGFSKMTGS
916	0.31165071656287074	12	1756	29642	FEBSXNBVWFAZRC
917	0.2765105753274143	13	1756	30366	SVWHWFYWEYBAAB
918	0.46687338317463917	8	1756	30960	UORANAYTJIYPGS
919	0.31691712250721965	14	1756	32854	VZTXGPWRBOVDPF
920	0.5032415742235605	20	1756	33254	QKLWSBLPNXRDBT
921	0.5186045127023907	11	1756	34395	OCBRHHMDESBRER
922	0.2768739249224031	11	1756	37510	HWDQCWAPHWSUDD
923	0.38769812764373374	10	1756	41730	NRLHCGGXRSDJGO
924	0.46764595032281026	14	1756	42875	PEGWPXZCLWDFGG
925	0.414965169158018	13	1756	43787	ISKSLPVHTHRLNJ
926	0.5057153978688774	14	1756	47377	FFLFRIHESKJIAF
927	0.2702620071592613	15	1756	47427	TYMFAPVKTZAHEP
928	0.45392619367989423	13	1756	48551	QASLLWRAIZOPSU
929	0.350617152638994	11	1756	48563	RYQFQWNLOIXOQQ
930	0.4905040146341437	10	1756	49699	YIPMKFWEORGSOZ
931	0.3511263132871379	15	1756	50105	KXBAKXZOYFTMPG
932	0.2951654802519281	12	1756	54422	ASFCVUNSBKAGCL
933	0.4525605625453076	9	1756	55040	FYLCZEUNDKNEIK
934	0.3551910317928689	12	1756	55318	IEOOSGHJUHQQLU
935	0.49866446983736296	11	1756	56365	QZRJGJCGCXCSOM
936	0.21374823587494288	11	1756	59588	GWPLGGJNZWWQIB
937	0.5376055798659423	9	1756	61078	XEADZIJHKLPIKW
938	0.48938499230096927	9	1756	61169	MENXOAAQJIIUMB
939	0.6241637477579187	9	1756	63209	NQGDTWVXUYEVGZ
940	0.3425857694077513	10	1756	63927	QIEKSXNZSTZQPU
941	0.21553860760391758	11	1756	65861	LPBBOCMPCDPSPZ
942	0.43941421286015186	9	1756	66342	ZTZQURAKDHKLSW
943	0.21085120882486444	9	1756	66591	MAFBIFFUOWPIRW
944	0.4939834432838112	10	1756	66735	RXXVASHQUFGTFX
945	0.5959133845877121	7	1756	67584	YDDAGNASPSUTIA
946	0.442846433680191	8	1756	70228	OMMKXICLKWYTNA
947	0.3215057330614932	9	1756	70990	MRPGQFVUOONPLE
948	0.26994075555187014	13	1756	73626	MHXCIKYXNYCMHY
949	0.2697811385675129	15	1756	73773	SUQFZABZUSAQSY
950	0.36005915280233664	10	1756	74103	ODXDQNDOZZLJEE
951	0.3970340287465749	11	1756	74335	HFRUTFXBVKAWAM
952	0.2772933609288529	9	1756	75871	KGLPAYVPVJYUOF
953	0.30981449234475084	10	1756	76166	CDQGQFPAQVLTLZ
954	0.27960026365677154	12	1756	78200	ZKZSLTBRRQHKHZ
955	0.41044255564103843	13	1756	80492	MHQCFVVDBXCFCK
956	0.35226331975548403	9	1756	81885	FYPGPQFZDQDWEI
957	0.5652815547286217	11	1756	84342	FMNGEZFKGNLPPJ
958	0.2896673563657406	9	1756	86451	WMQGCJZWNVVZGH
959	0.6362105236802943	7	1756	88445	ZFQUJONRIXMVMF
960	0.4627176238177075	13	1756	89383	XOEIXXQFEVEJIA
961	0.23893111759472682	11	1756	90129	DHCLUBMQECJTCD
962	0.5307621431343174	12	1756	94097	XOJSZMKCAWHTOR
963	0.29541376291638777	15	1756	95740	VROIYIJLFIRSJU
964	0.6273012922793803	7	1756	98078	WFNOPFDDUYBCLS
965	0.43907873538929354	10	1756	99625	VOBMPBLQBUANQN
966	0.44163440560905487	9	1756	101215	ZZEYREBRTKBREJ
967	0.34691835580563546	10	1756	101310	AQTZWMJGAOIWFV
968	0.40446986056293116	11	1756	101354	MYZCATFSEVPFKW
969	0.2858050603064116	12	1756	102690	IWNYNBDVMJGLFZ
970	0.34361745035828967	12	1756	103753	LDYVVKWGJMWITK
971	0.5463250655885161	7	1756	103828	SCNLTHYRBWAFLC
972	0.33410377130773955	11	1756	107802	RCYGSCAXXOLSIX
973	0.21030117471284748	12	1756	108198	LMLJUECRBQYQEU
974	0.28868347951826256	12	1756	110807	RVPNMMMHNAJZDK
975	0.5674673920186346	14	1756	112792	HEBLDGBALIMNKK
976	0.3173626102657461	13	1756	114372	AOMUBLFRVWEUNV
977	0.3702155932582483	17	1756	114622	GRUCAXMUJKCJPE
978	0.44176884739730404	11	1756	116010	CHCJTKQTGGPVAQ
979	0.40175630471555046	14	1756	118024	BLQHDGIROHJOQR
980	0.2730107672436609	10	1756	120782	SEDBAGHKXIEGAI
981	0.4590928970277965	9	1756	122477	LHJYVIOTFLVGAF
982	0.22187598505476916	9	1756	125426	GFGDSISFOCNXIZ
983	0.37057116666988793	17	1756	131311	XTKADYALXVCBGX
984	0.4473321247922115	10	1756	131814	JRRUBQLITXADFJ
985	0.5297874530211721	14	1756	135166	OJOZVNYJCMKPSU
986	0.5308383128743233	9	1756	137875	ZYKXSWCKEJLGFS
987	0.25168097330809597	11	1756	139381	XMQJZJZLYCPQEM
988	0.34719556616932334	7	1756	140265	WYJQHJRXHTZJFV
989	0.42172112062013817	12	1756	143223	DNNHFMISYIEDCK
990	0.47755402270107195	10	1756	143486	ZRXPKIJUPUKYSG
991	0.29828454282314437	12	1756	145720	LMPDPCMZPQKHGQ
992	0.20252954628288433	12	1756	152795	MSLIBNPPWWCGPY
993	0.4275857146176102	16	1756	157222	ICCZVVDZXBQQBA
994	0.27099514842239486	11	1756	162145	FRULJTQVEBVPHI
995	0.2636149400731958	10	1756	163448	GWBOCBSRSSJWFR
996	0.345098816765602	14	1756	166500	TZXRBQBTDQZFMQ
997	0.293512181842662	12	1756	167046	AADHJCJGLIXFMQ
998	0.2113090224376485	11	1756	168030	BZASULXQHCUCCW
999	0.35530076794086235	13	1756	170483	VDQCKUZZTGKPLY
1000	0.40633690692302277	9	1756	170578	YJKFINKKXCMYDY
1001	0.47888618468384503	11	1756	174974	WJRALSRHNJBFLQ
1002	0.25152318437152693	10	1756	175807	SYJCCKICCGMETD
1003	0.4729902240437731	9	1756	176130	USQTYLHBAXTPBI
1004	0.33318658265841744	8	1756	179568	WHWQODMTPANPLY
1005	0.4881782982825772	9	1756	180332	TYJYBYSNFUCICQ
1006	0.35660789968717227	8	1756	182637	UKFYIKOSRJMAAB
1007	0.35157684141782913	10	1756	183261	FYAXAVDAOHOFKP
1008	0.2569212357690621	10	1756	185825	XVAZATVWTAESBZ
1009	0.4467933614893435	11	1756	185957	XBMCDOXTSZGJOH
1010	0.23956819978120203	9	1756	186464	DZYWCUBDWNAWCC
1011	0.3218210405528735	11	1756	189097	KURJGUWPUHGLBX
1012	0.3733818005272282	12	1756	190087	GSCHVLOLTMYNAH
1013	0.32973353172331554	16	1756	191004	KIURVBZLCHKNCM
1014	0.33161606326488474	8	1756	192001	LMQWGENTCNSYQP
1015	0.4294637531290515	11	1756	194388	PWDBBSBHBDCKBE
1016	0.31027308602739767	13	1756	197099	ISXKHMGADCEXKD
1017	0.4774658433759476	8	1756	204250	RACFGZBMVCDIDQ
1018	0.5044024799355271	10	1756	207152	LTTTVCLKKGSVRZ
1019	0.661802300751733	8	1756	209248	GXVJLBUSARFIRR
1020	0.6300527659190536	9	1756	210718	DCWMPDIKJVJVTN
1021	0.2309800244725637	15	1756	213996	UTMVUZIMIGFWKZ
1022	0.5988231276173475	10	1756	214976	DFBIRQPKNDILPW
1023	0.2934905280086964	12	1756	219046	HGCYKZMJUGVUQS
1024	0.4643123850939724	14	1756	221976	YDLPHQOVJALSSU
1025	0.3869055631313207	7	1756	224683	RJWQJLOBPVJMCW
1026	0.26668258477877	14	1756	225506	BAEQZLZMQQHROD
1027	0.48685887971742825	9	1756	226308	XWEKTYHXTIZEIO
1028	0.5725919753362689	7	1756	228439	UAPYBFIBSYIWBS
1029	0.32803876448762154	14	1756	233310	HZTWMVHGQPLAIO
1030	0.2815254588673189	13	1756	241661	UQFKZAAOUCMTRM
1031	0.5099352594938821	10	1756	242507	MALNZFMESUARAT
1032	0.2865359207200967	9	1756	242814	PIIRZBCQJFAHCK
1033	0.35718079262442215	13	1756	245391	LXTUGFKNNBOQES
1034	0.46360425009885786	13	1756	247660	CQBQVCRKBBUMGP
1035	0.3903275890716691	10	1756	250112	XHIOULPFUBIBHT
1036	0.21344588146845883	17	1756	253670	OPVVAVBJTXAZFL
1037	0.4250304288277298	9	1756	255571	IJZLGGKVGKCUIY
1038	0.27684402298482447	12	1756	256260	ACJAQJHYAGLMOL
1039	0.22579755581294814	11	1756	257135	OBHRYPZHQYYDFI
1040	0.39919373749233533	11	1756	257595	DTWUHAOZSGPUHQ
1041	0.6553422683332739	9	1756	258685	KRDZPLIXVXKNST
1042	0.2385234506275343	9	1756	258891	NSQGUXJXHIHJSI
1043	0.20752104246065062	11	1756	259094	XDSRCXGGTYGDHK
1044	0.44358095114906504	10	1756	263574	WYWQNESKFYQJBN
1045	0.22723176910220136	11	1756	263614	QBUQVCHSAZLAGJ
1046	0.39330837255789486	9	1756	269008	FNOWQNASVNSUCO
1047	0.34324822802065974	10	1756	270014	ZYPCXCQCIVYBNM
1048	0.49073855183297105	11	1756	271607	SBLZVJIHPWRSQQ
1049	0.4912220779125412	7	1756	272537	ZBOBUWDPMWUBSY
1050	0.4880955250753476	7	1756	278702	YDQJXVYGARVLRT
1051	0.2882535442290946	7	1756	279423	AZKDNDQVWNXSHU
1052	0.4794943236352358	7	1756	282728	OFQSHUGUFJECCE
1053	0.38332903664561113	11	1756	286576	OWACIDNMPZLRTG
1054	0.42021287733467766	12	1757	125083	SSXOEAHANHUFRO
1055	0.3402182919632483	15	1757	139225	QPENGVPAWUAJDV
1056	0.2029476122948275	14	1757	244440	ABDKJICLXDSVKH
1057	0.21761818951222117	9	1757	265723	PLXRPOZBZWVXCG
1058	0.27412953027018966	12	1758	73143	IFQUWYZCAGRUJN
1059	0.5937483422362443	10	1758	134442	OLIFSFOFKGKIRH
1060	0.44037113770031655	13	1758	175757	BIYXEUAFGLTAEM
1061	0.24763735082935112	8	1760	5711	AGVVZMFQGIQOBR
1062	0.2309696052635409	11	1760	11238	DVCLJMAFRIENKG
1063	0.25468393359746627	8	1760	15480	IIIHHROCXRCVMQ
1064	0.23059411751301723	7	1760	29473	SMTIGAXALFVTMH
1065	0.26130767525315773	7	1760	31030	ARRDBBNYVHXBPR
1066	0.22524561693837097	8	1760	55825	XRCZQBCGHHTFEK
1067	0.2072889237739642	9	1760	58894	QKJREGHEJKXVIE
1068	0.220205529905443	7	1760	73860	GFTQNJVFVWPIAZ
1069	0.2068704892338052	9	1760	79210	BVHBMPTTZTZCCL
1070	0.2932234565196167	7	1760	103784	QELQLIGVVFESFR
1071	0.2546743491814563	7	1760	114120	LNXCGMDIRKMWRL
1072	0.22090145135669856	8	1760	164866	YUSQMBTTXHDJRO
1073	0.29397892488480776	16	1760	192852	CKLKAIFISQKFTE
1074	0.21973784141600916	7	1760	196738	RIFPLKNALPAJGW
1075	0.20833327693813553	7	1760	216790	IDKTZIKUYHCIQO
1076	0.22563444366228683	7	1760	217244	QDIDPQAOQDLMCP
1077	0.21968192186587623	7	1760	217473	BJVDGVPUXJNXHR
1078	0.21481828067798736	7	1760	246289	VVWMTDXTJZOOLN
1079	0.38975844527211106	7	1764	79099	AGMPGRYRWNVPEQ
1080	0.3797279731449588	8	1764	185597	DOVBZYKFKYDNLN
1081	0.38793352876480486	11	1764	228597	KMZLQNUZDFXWBQ
1082	0.2024766978362027	8	1766	220123	MGYKBHUJUVNFML
1083	0.6415962212151443	7	1768	84199	GJELQVOFONTDCI
1084	0.5485915566249062	14	1769	75414	JSIQVRIXMINMTA
1085	0.24560675749860522	7	1769	75701	JJOYJHKNKRXXFW
1086	0.2035983777300351	7	1769	75787	CLJMUGBMMVBGHE
1087	0.3130155608357092	7	1769	104668	ZCEUBPHEBYXFLM
1088	0.3338050400458107	7	1769	109415	GTKQSGJQKFIMAB
1089	0.23059223676859142	7	1769	146743	KEYNBOUNPFJEST
1090	0.2552483367556767	7	1769	147732	MSXAYWSJIMYMQW
1091	0.2242023103638864	7	1769	150517	GEBOZHKBHBHNNZ
1092	0.2616245064093648	7	1769	165867	JCBWXABBJCZSAS
1093	0.5501413659812029	15	1769	171276	GWNXFCYUJXASDX
1094	0.5480479361103765	12	1769	178941	BECPPKYKPSRKCP
1095	0.2433934679091076	7	1769	219847	ILTHKXACPHXMAG
1096	0.2026371812671279	11	1770	96304	QLVOXIULTKFQOQ
1097	0.2428935774526089	8	1770	127023	QXZMTPFLKWPTJR
1098	0.49112359440520326	7	1770	193039	PGZRDDYTKFZSFR
1099	0.41886023892814056	7	1770	284421	FWQYFEISOYHYQH
1100	0.3659910727632605	7	1771	156747	OHGGLHKAUNSGMN
1101	0.2437320778794731	8	1772	85753	KVKPUNTZFLWTSM
1102	0.23471275948128692	11	1772	110736	GSDSWSVVBLHKDQ
1103	0.49239710669390835	12	1773	83641	FQRKFJSYMKRNGO
1104	0.4404904243827532	14	1773	91551	WBZKJHCKLVKPJQ
1105	0.5159438419396961	13	1773	183896	RRDPOWDCTPQQLT
1106	0.3737418827058298	8	1774	96941	HCWLJSDMOMMDRF
1107	0.2093989551626812	7	1777	131735	IHVKPVYCYNOJIL
1108	0.2437111891993635	7	1777	179736	NXAZRMOHQCAIEI
1109	0.3683082009619104	7	1777	261319	KLQIBJPFFZUXCD
1110	0.2498701358121508	7	1777	262766	WTZAMQVJDAEWKD
1111	0.20081520052149388	9	1777	276481	XAWYAZSPAYVPBC
1112	0.4364777684181736	7	1778	73559	BRSBFYLXCMGALM
1113	0.3546280570711364	9	1778	117651	AQAVLWBEEHYBHV
1114	0.4054847196820371	8	1780	217922	XOHAWTZWSLESAQ
1115	0.2240789219692642	9	1781	166019	ITVGQZHSTOVIHX
1116	0.2566638606067833	10	1782	97938	HWDSOMYWLHLSRI
1117	0.21961895321179897	11	1785	242732	GBTPTPUHMWBISR
1118	0.3619190223366416	10	1785	264730	HQOOOYBCJOKAIX
1119	0.30070235076223284	25	1791	82661	VBKIFHUVGLOJKT
1120	0.23944114198504113	27	1791	115564	UQTNIFUCMBFWEJ
1121	0.32797847779504635	28	1791	142070	XSBSFWZOXUFADP
1122	0.2793742254457318	26	1791	177631	UJTZHGHXJKIAOS
1123	0.8615797069584892	13	1792	20573	RVQDZELMXZRSSI
1124	0.4667702018841498	10	1792	87302	PMGIXDOHMGRTOF
1125	0.6665603042748898	11	1792	100465	AIXUQKMMBQJZCU
1126	0.2169180424448022	8	1793	52204	OEAXBXDTDCSRPQ
1127	0.2007911618837553	8	1793	107488	HTQXQVMIWWLNLG
1128	0.23173947943747578	8	1793	163497	XYELSYGEQPFQMP
1129	0.24564667337360369	8	1793	277338	DANCYSRUGMFZQS
1130	0.21758847785315846	7	1793	283301	UVLMOXBOUWFDIG
1131	0.2891942468955273	8	1800	14730	FXWJFIUPHBJBNM
1132	0.2247264277446574	9	1800	54047	NBEUOSIBAPDEQE
1133	0.2739771694432607	8	1800	122850	GZJLBSSDXHSQDI
1134	0.23686842210910436	7	1800	145587	KEHFJRVBOUROMM
1135	0.3770493741746595	13	1800	195108	PUHPUKQMXOCIJV
1136	0.24578624222898418	7	1800	225720	FTEGUKWEUQPKIS
1137	0.20186366772431868	7	1802	38282	WTDRDQBEARUVNC
1138	0.5599871172219101	7	1802	73675	JBOPVTXRXAACGG
1139	0.3994047647840003	7	1802	176803	UZRUFOMXLWRIQS
1140	0.2307120542055382	7	1802	182553	NATUQRGCLABGAL
1141	0.3844090857167465	7	1802	237559	GXKOWQKLXRMVLF
1142	0.46279563401714413	7	1802	278695	HTVKXERRSSMRJB
1143	0.5616356622636878	8	1803	45484	WJGYUTHBDPPYCA
1144	0.6992776734620135	11	1803	195579	RHGKLRLOHDJJDR
1145	0.4709165850466226	9	1804	125083	SSXOEAHANHUFRO
1146	0.323939148353348	8	1804	155976	KIIBBJKLKFTNQO
1147	0.5560986175446043	9	1804	250878	CEVQXWMPODOBRM
1148	0.4375568281189003	7	1806	33322	XNLIVSBSMQWLHV
1149	0.4412493910658579	7	1806	48195	RDTCGLIOAVLUHK
1150	0.3681978831394037	9	1806	253670	OPVVAVBJTXAZFL
1151	0.2725898411755835	9	1807	278642	DWIGGRCLBNNMEG
1152	0.5725491588864904	8	1809	70671	GJFFPZMEAWWELD
1153	0.5470973572830555	7	1809	213744	HTCMSHYEBOYLTE
1154	0.2595396924491258	7	1818	23930	CGNTVLXZFURCER
1155	0.24898702809899204	8	1818	161690	HLDYJAPSUOSQRX
1156	0.3494336313142253	12	1819	27256	XCSTZNJIQFIVPE
1157	0.4525482493980815	10	1822	102527	IOWJRKAVLALBQB
1158	0.4142007153405456	8	1823	39362	MMFKFJORZBJVNF
1159	0.4830174505030966	10	1823	102610	QNBYCZTZNOVDMI
1160	0.4163001380522424	11	1823	168552	XWOBNBRUDDUEEY
1161	0.4128550326398931	8	1823	188421	IDXZDKMBEXLFMB
1162	0.4153423024540593	15	1826	39761	ACIJGUBIMXQCMF
1163	0.2719524675501207	13	1826	102075	LSPKYLAFTPBWIL
1164	0.6228256422035522	13	1826	128420	IEFJWDNGDZAYNZ
1165	0.2673355815219514	14	1828	233895	KJSNRGLIDTZBNF
1166	0.22747953410545763	18	1828	242865	XYNKFXKHZLLMJQ
1167	0.21830171415185348	15	1832	200862	FUYZNZHRVJWTLT
1168	0.5672930990506182	15	1832	208227	BONQGFBLZGPXMG
1169	0.3367327344618675	19	1832	251022	KCAIYJDHLVYANU
1170	0.3639985794331892	10	1833	29959	XEMDRWVKLPUYDR
1171	0.25287836588052726	8	1833	62653	RDGJHWJFPRQLEJ
1172	0.6634054247661177	12	1833	103392	HJCMDXDYPOUFDY
1173	0.21618018890159738	8	1833	273001	RLMISHABBKUNFO
1174	0.41601523936007373	7	1835	5238	YROMSAHWZXGDKR
1175	0.4246707700116086	7	1835	125960	VXIZQQKPMIQQET
1176	0.43793629628149505	7	1835	159081	MRTLVFNBTBKYFV
1177	0.36460438861221967	9	1835	196482	SNTNLZPQLRPWCA
1178	0.43958168160693734	9	1835	250864	CARRZAASGLNADG
1179	0.6581583661436232	7	1835	268684	YNEMNUWIXPOKHX
1180	0.30076893091540763	8	1836	26447	WVVSZNPYNCNODU
1181	0.2256368947306867	7	1836	123360	CLDUDDLAODNKEY
1182	0.3055127663966625	7	1838	45720	AXHPCMJFAOEIJI
1183	0.24147225588612253	9	1838	45797	CRCUMKBKBUHXCF
1184	0.20208810108953837	15	1838	96304	QLVOXIULTKFQOQ
1185	0.23186950063255832	12	1838	127023	QXZMTPFLKWPTJR
1186	0.2760862255924648	7	1838	175593	NGQCCEAFBSISCH
1187	0.24594910237565806	7	1838	183363	ADAGZDQSLWVWDS
1188	0.4824647701334048	10	1838	193039	PGZRDDYTKFZSFR
1189	0.21895442209817598	8	1838	203902	YNWVOQXZCIUDCQ
1190	0.26389242207274805	7	1838	210011	KQTRIZLQZKQLOA
1191	0.2104207981686609	7	1838	226307	XMOYAJSUUCZZLU
1192	0.2023594740793153	9	1838	255732	YZTLBKLOFZVPRV
1193	0.40387554238196266	7	1838	284421	FWQYFEISOYHYQH
1194	0.21961421195606973	7	1840	38218	DJHOYLVBKALWBH
1195	0.23711109618668946	11	1840	163550	LKJTYSAERBZGJU
1196	0.30564678078848767	7	1840	229301	QYVKDCNEUJQCPH
1197	0.31472883501294907	10	1841	119328	VXEIXZSLBQUUHO
1198	0.21701927061592033	7	1841	153652	BKHLZEMFIBYSEZ
1199	0.37880251229793455	10	1841	234716	LSRMHWSOHWFVGB
1200	0.9798119645767381	7	1843	157414	UDMBCSSLTHHNCD
1201	0.8577689404839419	7	1843	234408	QDFHPFSBQFLLSW
1202	0.9696042732293911	7	1843	262172	LNQVTSROQXJCDD
1203	0.20217056870235947	9	1844	116609	CAWZYUQNVABYFN
1204	0.7225765937936701	11	1845	131292	LDEBVRIURYMKQS
1205	0.47371136172431755	12	1845	137998	GXDLGHLJTHMDII
1206	0.7211351674722377	9	1846	159455	HVPFXCBJHIIJGS
1207	0.7570880180566436	9	1846	204068	YDGMGEXADBMOMJ
1208	0.24255194548437953	9	1847	154210	KBRMYAFKZQPUNJ
1209	0.8984798633753517	7	1848	149970	VLDVBZICYBVQHB
1210	0.6983045228223416	8	1848	160201	BNQVUHQWZGTIBX
1211	0.28163875557858226	7	1850	62640	XHIJUZNRGPLVKF
1212	0.2774766737227141	11	1850	156818	QXUGXSMOZSERHH
1213	0.2507103838277491	7	1851	239037	JZNWSCPGTDBMEW
1214	0.22101382640899525	7	1852	106798	WXONUDVFJKSQDR
1215	0.2572931188746809	8	1852	133988	SOXOUCOZZYMXPU
1216	0.35493659474763495	8	1852	226063	BRAPCANIBVCQTR
1217	0.8523548345664527	9	1852	253989	OWQDWQKWSLFFFR
1218	0.489510233746089	8	1852	261779	KOSRFJWDECSPRO
1219	0.3084585337806652	10	1854	250303	NDCKGUDRHBPJAQ
1220	0.4693009296518203	11	1857	63214	RPVCUZZJCXVVDW
1221	0.4413339942984142	12	1857	83908	UDXGQZURTGBEOD
1222	0.32014496241396606	13	1857	98258	OWOFCNWTMWOOJJ
1223	0.40261712607585737	12	1857	138609	MGHKSHCBDXNTHX
1224	0.5602247750012749	11	1857	155735	FCWNOQOVMGNKNG
1225	0.6133909673518663	13	1857	214300	JBFYFLXEJFQWMU
1226	0.20108973661797097	7	1861	252726	STSBYRGOIMMOGC
1227	0.2403590324091195	7	1864	102072	HNGIUAHOLYCEHW
1228	0.487970582194723	9	1866	5146	AEFGUQJJQWSYJR
1229	0.4077733366563215	7	1866	105306	QESOYLZLBJPMRG
1230	0.37857150260071004	24	1867	45976	IIFDPDVJAHQFSR
1231	0.20201793292607692	27	1867	58672	BEVYCXGDASRHRK
1232	0.27721620238035927	30	1867	86136	LLBCGXFFHNCCQC
1233	0.28954096187361633	27	1867	105987	TUTIHHSZKFBMHM
1234	0.9305262488125151	8	1869	157414	UDMBCSSLTHHNCD
1235	0.8021129303547659	7	1869	234408	QDFHPFSBQFLLSW
1236	0.9170171587955728	8	1869	262172	LNQVTSROQXJCDD
1237	0.21083047842255248	7	1870	109651	YWVPHLBYGDGZLY
1238	0.29954100298361	7	1870	134707	XFPCTGRZFICERW
1239	0.43985498880525836	8	1871	39362	MMFKFJORZBJVNF
1240	0.4971444290125124	10	1871	102610	QNBYCZTZNOVDMI
1241	0.4204620845733493	11	1871	168552	XWOBNBRUDDUEEY
1242	0.43508939851551903	8	1871	188421	IDXZDKMBEXLFMB
1243	0.4119334746614654	7	1872	174103	AUGSBULULWSOSA
1244	0.9177505705115954	12	1873	103536	KGQMQNPFMOBJCY
1245	0.25981891339915014	7	1874	92425	OSDURHXYMXPYAH
1246	0.313315865969243	7	1874	154210	KBRMYAFKZQPUNJ
1247	0.45122432550148256	11	1877	61394	CCUAQNUWXLYFRA
1248	0.47834219715821696	11	1880	137998	GXDLGHLJTHMDII
1249	0.2555704769175711	11	1880	177342	SMJOTFXGNSMOFX
1250	0.3292334526500823	7	1882	23824	NYWDXRKGBVXINM
1251	0.35466581295408556	8	1882	85995	YRBJVYDMJRCQJB
1252	0.49402036981539355	7	1884	194474	MHIUKVANXZGZSA
1253	0.42078676692506645	7	1884	242450	KZFZDYGSHDBMJU
1254	0.5565473575138111	7	1884	261737	QMADYYQXCAFLSS
1255	0.602803308615835	7	1884	288160	ROJIBFWBJFUCSO
1256	0.22120847394350637	10	1889	41748	DRRFUZLWQFLKPE
1257	0.3145682179214562	7	1889	50529	LVOKURVXVXDDLR
1258	0.2792963160040033	8	1889	69451	HWPHEPOWULNHKC
1259	0.23710073643411275	7	1889	205592	VYJFSROTGBEULZ
1260	0.215725513975001	7	1889	238484	NARXDKNFDGSLCT
1261	0.5232758162155416	13	1890	27505	PQBHGSGQZSOLIR
1262	0.6239183385194594	7	1890	82983	MVUAJZINPWEPIR
1263	0.3823085699781411	8	1890	196292	NIFSXMTZZIQERU
1264	0.49567918254493426	15	1890	276952	OZILORBBPKKGRI
1265	0.7659383115164999	19	1893	157772	BWUHENPAEMNGQJ
1266	0.6619176805198259	19	1893	215458	BTVBLYICTTUOEJ
1267	0.2035458607304464	7	1893	268327	ZMLVZOLWYXOOAB
1268	0.25067861028155985	18	1893	274593	HHSJMSCOLJVTCX
1269	0.43854593091736804	10	1895	81727	FKLFNCQECFWNTL
1270	0.7369254758885365	7	1897	174462	FQTGWQFUPQBOJP
1271	0.22702091199910068	9	1901	135031	PREPUTJROSKPDO
1272	0.687139268586869	19	1904	50306	JKHXYJKMNSSFFL
1273	0.4700689385436972	18	1904	89987	YQAIUOWPSUOINN
1274	0.2616877959659503	16	1904	133191	VMEUAYJQBCZLNT
1275	0.2277308953300222	7	1905	200427	YPWGHJKEGSXKOV
1276	0.34312089423854264	7	1905	204279	OPCQWQMQPFYESC
1277	0.3248530073619065	7	1906	104201	JFNOZOIQSSNDRN
1278	0.3414363317211324	7	1906	145772	VHNGEMFBXNSVGJ
1279	0.3638494792895694	7	1906	278642	DWIGGRCLBNNMEG
1280	0.35896981061979466	13	1909	88579	ZLSNTHHWQKSGDY
1281	0.29020063722518386	14	1909	208336	DBJPZCJQDRPOME
1282	0.22043623670391804	11	1909	214689	OAUYENAPBFTAQT
1283	0.30803459374195497	14	1909	269505	JDRIJDPCYNFZIT
1284	0.7975282055812298	12	1913	93518	LAFKUZYWNCHOHT
1285	0.3536271627641676	13	1913	168747	UQHGAYSULGRWRG
1286	0.36392134737409754	16	1913	235337	SQBNIUOYNOKDTI
1287	0.2935481610542357	7	1914	3763	GBPVGIIDWSHOQN
1288	0.21018801465204112	9	1914	6609	IUJFQZBWGCCVPO
1289	0.21805547040603346	9	1914	8462	IFRKCNPQVIJFAQ
1290	0.21263800691321316	8	1914	14032	LNMKRKBQQWLMTG
1291	0.31436747003973886	9	1914	14154	DKFWEVHDRVCABW
1292	0.2934395455610734	7	1914	40039	QSGPAMWFRMOPST
1293	0.24028929000372887	9	1914	45265	HTOFIYVRZJIYGK
1294	0.4481892076792245	8	1914	55206	OTVSVVDNOOVYKN
1295	0.4756568237327771	8	1914	55934	SUPRJJJQWXCFRF
1296	0.32225586792235716	8	1914	72536	JUGUHBOSBPSHQY
1297	0.2473028526006687	7	1914	83560	YMWZSNQZURFZMX
1298	0.20832756173919387	7	1914	85444	SJKXQWZJYOQHJG
1299	0.2178552891091013	10	1914	91079	UACVRGSPUQDTJA
1300	0.32165150432636747	7	1914	96425	SCZSSESJVCCONT
1301	0.3034701326601745	8	1914	102072	HNGIUAHOLYCEHW
1302	0.30601617718404894	8	1914	102351	CFRVIZMQEXSEDF
1303	0.2753116081896614	10	1914	105588	ALKQOCXLHHKOJQ
1304	0.21287233747075693	9	1914	106216	HKJMMRFBVWBHKX
1305	0.33800366619659084	10	1914	108555	SEBSSAWZGCYWIL
1306	0.2746454842676554	9	1914	111777	XNNFKZGZYPONJD
1307	0.3159170538668897	9	1914	116000	FQDZHSSQQKDINP
1308	0.268483252248129	7	1914	124000	DUKFNOHXGGAHSO
1309	0.22105518776598362	7	1914	132101	DCFKVKFLEPMEGT
1310	0.201544301162086	9	1914	133713	YYZNJWZRJUGQCW
1311	0.3206612162216254	7	1914	133958	RINKJBMSKXPWBE
1312	0.283466923569426	10	1914	145297	BNZJGBGPSWQEAU
1313	0.22644763610458768	8	1914	156876	RQMCGISPMJVVKJ
1314	0.25672330586950465	8	1914	158238	PHSKKUGTTBRRRA
1315	0.23351000359844615	10	1914	163631	HEFOAGVZRBHVPE
1316	0.23377400109375598	7	1914	173492	KNKNDFJJDANQJU
1317	0.2094944043098268	8	1914	176894	YAAQLHDVTLNIEV
1318	0.4141319155470384	8	1914	191997	NROZBIHZZUIGDJ
1319	0.4515197560013584	8	1914	201053	RDHUODBWHKJREL
1320	0.23526868608208484	7	1914	201913	KQRLNMJAVTWITO
1321	0.2733422589978179	8	1914	217271	WXPZMADMEPGVCC
1322	0.227972136341104	7	1914	220166	LDISHKNDKIDRQP
1323	0.2841418486564449	8	1914	220237	AQHHWDSYSJKTFJ
1324	0.22565735146781624	8	1914	227884	JSVFSMMYZKBYGK
1325	0.31318915904282657	9	1914	235104	RTHBKQKTWBMPLC
1326	0.335941868512644	7	1914	262232	KAOMOVYHGLSFHQ
1327	0.42377458468745377	8	1914	269780	SEMOPQVZELKPIB
1328	0.28438134023062733	20	1918	45976	IIFDPDVJAHQFSR
1329	0.39888485782854344	25	1918	58672	BEVYCXGDASRHRK
1330	0.40950570853905927	28	1918	86136	LLBCGXFFHNCCQC
1331	0.30091328843775145	23	1918	105987	TUTIHHSZKFBMHM
1332	0.35403670994564906	21	1918	137649	SSHIXEILTLPAQT
1333	0.2962341624998335	24	1918	138411	GSMPSRPMQQDRIB
1334	0.6356791566405805	16	1919	71378	WYBVBIHNJWOLCJ
1335	0.6921751015546062	18	1919	76720	QYLJIYOGHRGUIH
1336	0.7672268654628236	8	1919	126062	FSRWSNKMDQDICY
1337	0.32742530775612017	7	1919	190603	CFWNADOJWQRNRY
1338	0.507016222984995	16	1919	199966	HYXQKVOADYPQEA
1339	0.6973673985436027	9	1919	201356	XUUVBLNLKQHRLZ
1340	0.5084326576215844	17	1919	235739	SENJXOPIZNYLHU
1341	0.4159204187405591	7	1919	274229	KYTJFPITNZLESG
1342	0.29921629829174984	7	1921	17060	XUULFFYQZPYLEM
1343	0.22017263920788757	7	1921	28340	FRAVQEWNAHYTGR
1344	0.24936980384234275	7	1921	107180	ASJWEHCPLGMOJE
1345	0.20330570499096634	7	1921	138043	SWXQUDDKNYJBBV
1346	0.27748503478837017	7	1921	238759	PYKVMQZMVZAUQN
1347	0.23996099583007102	18	1921	267307	PIJUAYKLMIQQRF
1348	0.6502501505408586	14	1922	27505	PQBHGSGQZSOLIR
1349	0.2945645522053095	14	1922	276952	OZILORBBPKKGRI
1350	0.539528393595209	10	1923	62801	JTJZAUVWVBUZAU
1351	0.47680655529392146	10	1923	233625	FYYSIASRLDJUNP
1352	0.49923369978897864	7	1927	198123	NTYMNKDOXUGECC
1353	0.5299044107321517	14	1929	254570	HHKLXKKHKRJGGK
1354	0.5026489684704456	11	1930	81727	FKLFNCQECFWNTL
1355	0.256196269517162	7	1930	195847	RQUJDLYPEZVGRT
1356	0.3587892181586735	18	1931	36089	NTQDELBZOMWXRS
1357	0.20513894136386848	17	1931	102527	IOWJRKAVLALBQB
1358	0.20301739347511127	7	1934	15409	WXBORBNFASCHJC
1359	0.20114980422878778	7	1934	26429	ZMYIBFCKVLQNFE
1360	0.2039367561155323	7	1934	82108	TUKQCXFKPBANNM
1361	0.3096754957012256	8	1934	119257	YOTADZGIQLXIIK
1362	0.2546787437922186	7	1934	142556	YHNWRENETFFAOQ
1363	0.24765599064664795	8	1934	162826	LCCOXVDJFONGRT
1364	0.45538370715547893	7	1934	254212	CZUWMDQGAMIHOY
1365	0.8555057902652622	13	1935	20573	RVQDZELMXZRSSI
1366	0.46628991384512364	10	1935	87302	PMGIXDOHMGRTOF
1367	0.6945117145531546	12	1935	100465	AIXUQKMMBQJZCU
1368	0.4801273168556063	10	1938	203371	SFQOMZKAYCYLSZ
1369	0.48748190043330947	8	1938	207148	STAYKUHDGMBJKQ
1370	0.3893806042112549	11	1939	192610	RRCVSEIUUWDDGJ
1371	0.35144924038410214	9	1940	23824	NYWDXRKGBVXINM
1372	0.4255494819923023	8	1940	85995	YRBJVYDMJRCQJB
1373	0.20278117738215665	9	1940	147368	UYFWZQOVYGPJFE
1374	0.6035099677397057	11	1944	46226	ATIPDCIQTUXABX
1375	0.3251794626242983	11	1944	97410	UWBDLNOCIDGPQE
1376	0.41248873703144767	11	1944	172552	FMIIKPHLJKUXGE
1377	0.5786123145481555	12	1944	200925	OTXBNHIUIHNGAO
1378	0.632883930944527	11	1945	181908	QCZYYEFXOBKCNQ
1379	0.21964432768035422	8	1947	280564	KTOQSCPKEQMTEY
1380	0.28890217089059755	7	1949	11839	FUCBQNSQRCPSGC
1381	0.7828927079673693	15	1951	49399	ILAITOFTZJRIFJ
1382	0.30221213223899246	14	1951	142081	BGNZXEOTZCJZNF
1383	0.618503716994884	11	1952	63214	RPVCUZZJCXVVDW
1384	0.5705006767355693	12	1952	83908	UDXGQZURTGBEOD
1385	0.29385033855015946	10	1952	98258	OWOFCNWTMWOOJJ
1386	0.5077160336266252	12	1952	138609	MGHKSHCBDXNTHX
1387	0.7078375643720042	11	1952	155735	FCWNOQOVMGNKNG
1388	0.745470499371949	13	1952	214300	JBFYFLXEJFQWMU
1389	0.5347905917031358	15	1957	99068	BUZMZDDKFCSKOT
1390	0.6963287744382125	7	1958	244704	CSJQVFBLVXOXPH
1391	0.2775008445000701	7	1959	36457	ANAHNOBSBAKDHZ
1392	0.4438176940810536	7	1959	75297	AFAQAPFOXSKMCG
1393	0.28331336526674944	12	1959	124954	VBJAVXUALMEUNC
1394	0.5322416532808902	10	1960	71318	DWBZEJHQQIURML
1395	0.48553304441119455	9	1960	193651	VBKBDLMWICBSCY
1396	0.6751895206985169	22	1961	9601	CKAJHWFHHFSCDT
1397	0.24096265047449128	10	1961	18972	XWXBFBNYADVVGP
1398	0.2198753522826444	7	1961	35905	SLXYBYCLCBXBFK
1399	0.30708281619007755	8	1961	51012	LOXOTXNAGUJAIG
1400	0.4140716796053778	24	1961	62208	HULCBRRKIWCSOF
1401	0.4704987983248326	18	1961	62801	JTJZAUVWVBUZAU
1402	0.2103969618585878	8	1961	92212	JWWIYTKCAJCERS
1403	0.2173711530533666	8	1961	120813	GDUBSKSXHONENA
1404	0.21562908482721163	7	1961	143875	LFXRCUCPMXGCOR
1405	0.630949458087935	23	1961	149325	DBMVITQDGVMXEY
1406	0.20965682971842522	7	1961	168511	HTJVOFIMNDKXIU
1407	0.2226050791221631	7	1961	169238	UCDAWFNICCNZOP
1408	0.2789577084977121	7	1961	172887	STKXUBBSZBYOQM
1409	0.233163596616749	9	1961	188357	CGBCIFJWNSWZDU
1410	0.2738252304393304	9	1961	190255	PFMXYBKDEUJQTA
1411	0.22985174654234958	8	1961	205991	BPFGBDIKKUWXCB
1412	0.2962914133148058	9	1961	214799	ZLTUYUWQECUBBS
1413	0.20069202571920866	7	1961	225532	LYMFBENHIQPDBU
1414	0.46081801665192507	21	1961	233625	FYYSIASRLDJUNP
1415	0.2137352405525568	11	1961	239659	XSYRDVCSKQJINC
1416	0.22734685416354938	7	1961	241332	WCBFKVBQHXJRCX
1417	0.5297477926827754	15	1963	71378	WYBVBIHNJWOLCJ
1418	0.5640349260278186	17	1963	76720	QYLJIYOGHRGUIH
1419	0.6623908176807417	9	1963	126062	FSRWSNKMDQDICY
1420	0.3405166731259426	7	1963	190603	CFWNADOJWQRNRY
1421	0.6028998438068126	19	1963	199966	HYXQKVOADYPQEA
1422	0.6146805065117138	11	1963	201356	XUUVBLNLKQHRLZ
1423	0.3713714562265565	7	1963	223059	AIWVETHMKZUFIZ
1424	0.6141030485338673	17	1963	235739	SENJXOPIZNYLHU
1425	0.37682828150893766	31	1965	18062	DXJZITDUDUPINW
1426	0.5254331916650073	30	1965	49488	CXTYHSFBRYPJED
1427	0.21817764386576904	10	1965	141329	ZBCOHNOMPRPSTI
1428	0.3723570360387359	26	1965	145810	QCWJKJLNCFEVPQ
1429	0.22613554667267255	11	1965	150096	YVBCHASWLJBRCA
1430	0.20740684415792077	10	1965	231004	OPCVSKQBBWXUMQ
1431	0.25325640685261247	9	1965	277806	HTXAKOWTTUTRIK
1432	0.3990192071358309	14	1966	192610	RRCVSEIUUWDDGJ
1433	0.20370881084512346	7	1968	27237	WKSOWWZVDAHHAD
1434	0.22461887182823143	9	1968	34903	PXTLOHBBSLCKAY
1435	0.20238939813507886	8	1968	49173	WCQMJODEMARIPM
1436	0.32104720721825314	7	1968	53622	GGNLRMHJOHXVED
1437	0.44070972312348855	7	1968	59216	XWNYJTMVXNAWFA
1438	0.21939017438706385	8	1968	63541	TVZGKJDUXSOVAU
1439	0.3928566088045994	7	1968	74719	GQSQALRNJKGVPV
1440	0.4013469181639732	7	1968	76177	BPNHQUDTVYQGKS
1441	0.3446130874911095	7	1968	84411	DINAQASJKYTZTC
1442	0.3365283548445539	11	1968	85459	FAXPUMXEROXVIL
1443	0.280803978924752	7	1968	88263	UAVAKZZJZHYMKV
1444	0.36576480177255055	7	1968	100164	KGNHEXFRIJLHJE
1445	0.30846364613943	20	1968	129076	RSSRKKMWVNCQBZ
1446	0.22594465829654098	9	1968	129085	DSADWXLBBLJYHL
1447	0.20816209284970585	7	1968	129201	DTZDZUCBLITYQY
1448	0.3337299968184322	7	1968	130297	YFMNECJVGMKBNA
1449	0.3899083306143136	7	1968	143654	YGVIOEWPGBSUAX
1450	0.25237387944116735	7	1968	143932	GGWUZGKUILQFSW
1451	0.3178334412238193	7	1968	159566	NMEGHQQRWKBPQO
1452	0.3010621401286095	7	1968	163095	XHEVPZPCTQRZSR
1453	0.24540070725494612	7	1968	163231	CKTFDSDDVYJNBS
1454	0.21822679451185234	8	1968	163703	QFJHTSVAVAZSBZ
1455	0.38290190919920447	7	1968	163930	SSEONAISKMWBAR
1456	0.24313605161399546	7	1968	176932	YKEOLTDVFAPURE
1457	0.2250768713410703	8	1968	177299	SKOAWDUTRYLJOB
1458	0.33558163826015536	10	1968	186821	QHVKOPHHINRKTD
1459	0.4225944876368794	8	1968	233050	DWIWMUUILKSZBM
1460	0.2736078811795153	7	1968	241418	ZNSBBXLEVUCDDP
1461	0.3803136400270278	8	1968	246102	YDMMAWOPEAEISR
1462	0.3801031210832651	7	1968	276769	XBZLKENMOXIMDN
1463	0.31260445777120965	7	1968	285690	IJVIKNXNFILSIN
1464	0.3216289649354662	9	1970	123041	DLVGAIIHVCTEDF
1465	0.20094722884800112	8	1973	270454	YTISGDQKEGUAFL
1466	0.326303275899285	10	1975	51868	ULTQROJTHUHPQL
1467	0.3154432781391985	7	1977	47232	HHALIBXXDHYSQJ
1468	0.3348894540542997	9	1977	47981	UBEYTSVZBWBYGS
1469	0.3335310383947359	9	1977	55008	LXRTXCAMHFXNMG
1470	0.32601474902096245	8	1977	92001	FJSDCBCMOLWEOW
1471	0.3091720375611804	10	1977	118177	AYJMWTNWNSZQBH
1472	0.42474915327775503	7	1977	118832	UNHIKAJHDZXSBW
1473	0.3321701718457272	9	1977	122711	BIQIVSGDUYDNRT
1474	0.2889198654747181	8	1977	156702	CFXXFGCOVLKQAW
1475	0.33559004522804586	10	1977	160221	JQRPHTASECARAU
1476	0.23101777849202534	8	1977	190364	COHMFJLIODDBTF
1477	0.31306190431623016	12	1977	196842	AAOOVFKOTYJAEJ
1478	0.36267836355556554	8	1977	268597	HREPKYSNTPRGQR
1479	0.32901042490020904	24	1978	88021	YRJOLUDFVAUXLI
1480	0.20165217797698812	12	1978	219324	ASDRLEIRFUEAND
1481	0.4422934956529348	7	1979	59209	VPAOKPNCSUMTKK
1482	0.36665369966532174	7	1979	225600	XUGXERDQTCXIBU
1483	0.2752756691902172	8	1979	233872	DYWUETZJTIACBT
1484	0.3726757004741067	8	1979	236054	GURCLRPJAALUEO
1485	0.6412478538506989	8	1979	280122	VMVNSKSVCTXZOD
1486	0.26056388958600313	7	1982	7435	QXSGZNGSUBCBAZ
1487	0.27700175169498215	7	1982	53152	DTDADHMBRZKXSC
1488	0.2775524840568167	12	1982	80568	UIVAKGXUTLURSI
1489	0.2845552532296325	7	1982	108480	AZQJCMKZNJKNSU
1490	0.3267686868263953	20	1982	108556	VIWUBXKCYJGNCL
1491	0.25417921696689344	8	1982	109506	DQRITVWCETVLHO
1492	0.22999341098046464	7	1982	136982	SOGDWQZGQVLFRY
1493	0.27924554617101577	11	1982	144919	CNYOIGMTKAXVDP
1494	0.2736826692838165	7	1982	160385	KXEMQEGRZWUKJS
1495	0.24598907274507845	7	1982	191683	RODCMQNDIKIJPO
1496	0.2871827611890618	8	1982	198410	YLQUEZKRWSZMBS
1497	0.2657604547267929	7	1982	205683	AWIMFNRKWCFEBE
1498	0.252739089477908	7	1982	223522	WWXGZAUMVCMJGR
1499	0.25149590237960456	9	1982	266983	UQVRSNOOFJMHDB
1500	0.20246714540715977	7	1982	280121	KNIXOMDKHJPREN
1501	0.24256890783443685	11	1984	143969	GQYNYOOJEMDNNZ
1502	0.47579235562119215	9	1984	156317	MPYOUOJZDJHSMU
1503	0.29889963526989827	10	1984	167555	HBYCKZGWOOBEHA
1504	0.23438096656354473	9	1984	220482	VDWRDDZQVFDHGJ
1505	0.2888994857662291	11	1984	224968	ISHIUSZGAFLPLK
1506	0.2722284364303713	21	1984	226704	CVJNIJAHEUPPTE
1507	0.27554495845777816	12	1984	286360	YMIQGKRGQLZZBA
1508	0.2086121473421767	10	1985	135031	PREPUTJROSKPDO
1509	0.45422489617341694	9	1986	109297	DCTIDBRLUYVPBC
1510	0.3323632083246129	16	1990	20915	IJFLDLYNHBRNLJ
1511	0.3637670336315571	12	1990	25309	RYFCMIGAUPUYLA
1512	0.21892632857431296	8	1990	77433	ZUWHINCAQDXMJU
1513	0.34834288829087473	9	1990	130230	ROFUKMLUAVIQAH
1514	0.5470246538846184	18	1991	239728	QUAADUAOVLZBJM
1515	0.5546224939654457	10	1992	10862	JMKNWGRELKJWOJ
1516	0.5910635792922874	9	1992	117361	LKRMSSDDHQZQHJ
1517	0.7968317197617627	8	1992	211145	QUOGESRFPZDMMT
1518	0.6649837460829855	8	1992	268122	VRWSVIUPXSFVFZ
1519	0.4728254475443327	17	1993	58672	BEVYCXGDASRHRK
1520	0.460767631879438	18	1993	86136	LLBCGXFFHNCCQC
1521	0.38858226405835455	18	1993	105987	TUTIHHSZKFBMHM
1522	0.21809359115431126	16	1993	137649	SSHIXEILTLPAQT
1523	0.23937278842516094	17	1993	138411	GSMPSRPMQQDRIB
1524	0.2286566182704314	7	1997	6124	WYTJZJPVCDWOOI
1525	0.3664371908645748	8	1997	85660	TUOUOVJHILDBDM
1526	0.4430952720750567	11	1999	249139	WHLPINMHMWSWLW
1527	0.5555839038555268	10	2000	46226	ATIPDCIQTUXABX
1528	0.6523811248610587	10	2000	97410	UWBDLNOCIDGPQE
1529	0.43045837058646896	11	2000	172552	FMIIKPHLJKUXGE
1530	0.7202191478440064	11	2000	200925	OTXBNHIUIHNGAO
0	0.2725358067099271	7	2001	30473	PCELJKHBOHMUAX
1	0.22680403493802326	7	2001	33420	APPBPYQMDXDRJX
2	0.3099383533700404	11	2001	139203	IYOQFKGLWNJULG
3	0.20437524232924	8	2001	208112	CAOZRKSWBPCPCG
4	0.3497543946831872	8	2005	149970	VLDVBZICYBVQHB
5	0.45802153616881697	10	2005	160201	BNQVUHQWZGTIBX
6	0.21013168016129735	11	2007	32726	UKKNTTCNGZLJEX
7	0.2909791086503831	10	2007	109000	VYNNRGPBBRKNNQ
8	0.3364483631266408	10	2007	115564	UQTNIFUCMBFWEJ
9	0.7594056278463515	14	2007	142070	XSBSFWZOXUFADP
10	0.7976013867966887	14	2007	177631	UJTZHGHXJKIAOS
11	0.39766554674870763	12	2007	287475	NBTGEURICRTMGL
12	0.5316861070650852	9	2009	81727	FKLFNCQECFWNTL
13	0.5124821823813754	7	2010	4708	HURFCPCPTXOVJN
14	0.5380785786467042	10	2011	110402	XSBUQJKROKZPTL
15	0.6346337024329779	9	2011	204319	XSOJYKOUKHDMCI
16	0.22243677127105937	11	2014	215505	YUSUBSJGVDVLHP
17	0.2413788349705609	7	2015	58712	WKFLBKVAORHFGH
18	0.2339180259682188	7	2015	59216	XWNYJTMVXNAWFA
19	0.2122243523387671	11	2015	85459	FAXPUMXEROXVIL
20	0.3062214713975885	7	2015	103405	XDEDGBSGSOJBIY
21	0.2499454902646937	16	2015	129076	RSSRKKMWVNCQBZ
22	0.24886420124735797	7	2015	143654	YGVIOEWPGBSUAX
23	0.23657157737483175	7	2015	163930	SSEONAISKMWBAR
24	0.21739703619419917	8	2015	186821	QHVKOPHHINRKTD
25	0.23664189631630253	7	2015	233050	DWIWMUUILKSZBM
26	0.24030562890782275	7	2015	246102	YDMMAWOPEAEISR
27	0.22774448249550286	7	2015	288823	XAVVMSYVMVNGSC
28	0.3007170979974374	15	2016	192610	RRCVSEIUUWDDGJ
29	0.2094768073519072	7	2017	193616	AHATTYLVLSMFAQ
30	0.8795320784232153	7	2020	141662	XZKQVQKUZMAADP
31	0.2359857243035961	8	2021	23166	VEMLLYURLWGAJH
32	0.2470368074137061	9	2021	29814	ABZBWWRKJASESX
33	0.2459572122944352	10	2021	53321	NUKGHHFFUZZIBA
34	0.25820704566306085	7	2021	53772	OZOQWWVKNPUDDG
35	0.21847894818509	11	2021	57697	VMJVMTNZBQFQTG
36	0.2299012042562768	9	2021	59344	FOMFJZRLKXEJQY
37	0.20241907733475978	9	2021	82485	CZKPUZKGTUPACP
38	0.21749858340382153	16	2021	95876	SKXHEWJKXKMUKV
39	0.26578370024702547	11	2021	109795	GOXDFVCHTSHAGI
40	0.2266322132634621	15	2021	149147	FJBNSUFBTNKHTG
41	0.2824185580961984	8	2021	150967	UPGHTKNUBRMECH
42	0.2180996959936607	8	2021	153607	RMEWVMSOJLERQX
43	0.25697108432625126	8	2021	176033	PDABOOGSLAXXJV
44	0.21969430636195997	7	2021	189904	CSZIQSKJVWELPK
45	0.25920559222227996	7	2021	193303	PVEKMPNUMRVXDU
46	0.20661248826962417	13	2021	216514	NRDKOXSXHXTKHR
47	0.2193279225694885	8	2021	239977	LYPPSIGDDZKHMA
48	0.23811650681068497	12	2021	250994	YXFYVKDXNWPWNE
49	0.22508907389742644	7	2021	252504	MVNKZJOHLPIVIG
50	0.25877562423446837	12	2021	254403	KAUCEKKFWOJGPB
51	0.21033469320643888	12	2021	265127	MWNLNZNKNVTZFI
52	0.2673877903480699	8	2022	258529	KMJMUFMAMDFUQZ
53	0.39082761947150707	11	2025	269689	HJFXGPLQIPLHSS
54	0.48757984506611324	8	2026	109297	DCTIDBRLUYVPBC
55	0.2663235603114016	8	2026	201823	UWDIQZJVMAKUPJ
56	0.24999506186439766	7	2028	19640	FVZNRLLUBWYIGZ
57	0.2384986541797228	8	2028	100869	QJSPUICDETZEEZ
58	0.3836342419418123	8	2028	166879	FNZOZDSSFOCSNG
59	0.3159288944411116	8	2028	167092	TXHBNVYFCZMCPB
60	0.42850305489067886	8	2028	190225	PKHQAQJFPWYLRC
61	0.3310898554541757	7	2028	196115	OKZHUJCGPDGMIC
62	0.4136087934168657	8	2028	205336	UEUBGZRBSVKCEF
63	0.26264007282190643	7	2028	236722	KLLFPCJBJGXWQA
64	0.21843499361201402	7	2028	253734	FOCRIHXZXHBZHM
65	0.4555869814658206	8	2028	254811	MPRQXZAUJGRFNI
66	0.3585788997933103	7	2028	264494	VODVRLMPRRXINS
67	0.29153418281111804	7	2028	269950	LFHUMFIPBHTBDU
68	0.25614371931240915	13	2029	37353	PRCZPOBZJVCPKL
69	0.3427304756868897	10	2029	165807	OKKCBNPDVFFQFL
70	0.23280168256644918	10	2029	194165	GRBXFTOUISIXRP
71	0.28990706747870426	12	2029	204861	RFMLVNAGBNQIDH
72	0.35140546886792356	13	2029	227794	MQQOZPYNKMAOLT
73	0.3946029350110584	9	2029	257556	XYBYQSDXLDETKO
74	0.2930837643776063	15	2029	280488	PAZSAUONEHJCKX
75	0.28706182132267655	17	2029	286627	BBZYXAHGWHABMD
76	0.5019739216441634	13	2030	10751	SBXAMKRXWQKDBV
77	0.3378228721268667	12	2030	22128	HVZLMAKDSJVDRH
78	0.3567694697086602	7	2030	28315	JFBRTBHCTSTACV
79	0.3992635242598301	9	2030	67544	HGTZECQHPGDRBK
80	0.511471630659313	7	2030	94230	KBJKWXDTUOJWAI
81	0.44404591482429867	25	2030	115087	NKRBCHAZRNKYCR
82	0.5223497116729752	8	2030	139485	ZKCSFQZJDZSMCH
83	0.4466151518313293	7	2030	168640	YFLRHJHWWJCLAN
84	0.3184580839411819	22	2030	193753	VFIPOZSOMJAAJD
85	0.23606125817622234	8	2030	227153	HNGLSAZJLQWHMF
86	0.26457538313528944	7	2030	228958	YVLZKLOWMPZZGP
87	0.24550428350552486	7	2030	252551	WXSOPQHIBDVTDR
88	0.3455820341879631	23	2030	269358	IHPJPQIRNONWGH
89	0.44433510536551696	11	2031	177511	UTIRJVJBKWSIOX
90	0.24499833340076616	13	2031	239276	TWBJULYXAIUUEZ
91	0.7195161916429337	7	2035	215141	VFDJEJCELMPUBS
92	0.7767797871147634	7	2035	276605	NAKUGCPAQTUSBE
93	0.6989150656243902	9	2036	3726	LNCFUHAPNTYMJB
94	0.37525418943423267	9	2036	272696	BEPSGCXDIVACBU
95	0.3024287656136683	8	2037	13379	ZUNPKKNJINJWLQ
96	0.346540829482379	7	2037	14921	NCRFOCSSFDGHIA
97	0.2640618496861818	7	2037	17917	XVTXVFPGIWKQPM
98	0.2451474181295342	7	2037	21981	PLENBSMXKJXHMM
99	0.20756962617948482	7	2037	27237	WKSOWWZVDAHHAD
100	0.3118830186898282	7	2037	28892	SEEZIOZEUUMJME
101	0.22463687505193425	10	2037	34903	PXTLOHBBSLCKAY
102	0.26714741416867427	7	2037	43494	HTOGWGIDXDORHJ
103	0.20572828933699167	7	2037	49173	WCQMJODEMARIPM
104	0.2826248779656023	7	2037	49391	RAWJLQOZIWQUKM
105	0.3047574223761591	7	2037	53622	GGNLRMHJOHXVED
106	0.3592207127999803	7	2037	55165	SJLLOOAEKQHUAQ
107	0.23687131744479628	8	2037	57155	JHFHVYCDYDOWSL
108	0.3950985487064119	8	2037	58712	WKFLBKVAORHFGH
109	0.38981309000496916	10	2037	59216	XWNYJTMVXNAWFA
110	0.2282233381126082	9	2037	63541	TVZGKJDUXSOVAU
111	0.25434258517409664	8	2037	67785	FGQRGNDJJATRPA
112	0.3807053283930203	8	2037	74719	GQSQALRNJKGVPV
113	0.3954993270204617	8	2037	76177	BPNHQUDTVYQGKS
114	0.29406260880054974	8	2037	77509	VYKZQTXPZPFUEN
115	0.3499105424184548	10	2037	84411	DINAQASJKYTZTC
116	0.40184152814259916	9	2037	85436	OJSJNWQDEOTLSR
117	0.3479436086124799	9	2037	85459	FAXPUMXEROXVIL
118	0.2887939355904594	7	2037	88263	UAVAKZZJZHYMKV
119	0.3530097202413568	7	2037	89140	BDOAWQRZWHQUEM
120	0.23006882263337347	7	2037	95077	LAJGASBCGGWVNQ
121	0.3263197662700391	8	2037	100455	KIFHEGOOWBXPAC
122	0.4874212007568338	8	2037	103405	XDEDGBSGSOJBIY
123	0.3555012996310843	7	2037	104995	NOLSJJVOVHCQOR
124	0.20513427713432886	7	2037	113239	JUJWZGSOPFTUIW
125	0.27165066192342757	7	2037	115380	CQHXGGUREVDGGK
126	0.28612615712291606	7	2037	116322	QEGKOTVMJLTBMK
127	0.366398639282819	18	2037	129076	RSSRKKMWVNCQBZ
128	0.2208043101989648	10	2037	129085	DSADWXLBBLJYHL
129	0.2064014448290114	8	2037	129201	DTZDZUCBLITYQY
130	0.34130719566995105	7	2037	130297	YFMNECJVGMKBNA
131	0.30154793603894336	8	2037	134383	RMGHMAQSHNALPO
132	0.295572211849277	8	2037	137440	QZZCEFJNCWQSNJ
133	0.2513005024438895	7	2037	142099	OPWCWNCERZLVTP
134	0.20266127999947417	7	2037	143462	LECAKRZOTZHHCK
135	0.3944338168587878	8	2037	143654	YGVIOEWPGBSUAX
136	0.2246891228386154	9	2037	143932	GGWUZGKUILQFSW
137	0.3821437754302632	7	2037	148760	GTVZKXBUEWHMES
138	0.2590644129815739	7	2037	155057	YECAYGFCZGTSLB
139	0.32789370664573353	7	2037	159566	NMEGHQQRWKBPQO
140	0.27872944410309286	7	2037	163095	XHEVPZPCTQRZSR
141	0.21799039992178784	9	2037	163231	CKTFDSDDVYJNBS
142	0.2268556007661828	8	2037	163703	QFJHTSVAVAZSBZ
143	0.3792998099532651	8	2037	163930	SSEONAISKMWBAR
144	0.253807237317915	9	2037	167988	SVALACXRZQDMEY
145	0.23883968269794692	9	2037	176479	DRTBQJCHFNAJMN
146	0.2391367263122875	7	2037	178467	JPMWBEHLCOISNJ
147	0.3491429065218287	8	2037	186821	QHVKOPHHINRKTD
148	0.24868744470830934	7	2037	186840	VQPFPTKSJITEAS
149	0.2134970339646876	7	2037	187153	BNDIEBQEHNGNLK
150	0.3372837268025615	7	2037	190086	AXXGVIAGQXWYPN
151	0.2531049378602444	8	2037	201027	PAXVPBKYCURYQJ
152	0.3873216111907807	8	2037	201357	CJVBZIQGZJNATL
153	0.2618807936267851	7	2037	203377	JGYWFEGGXKXYQG
154	0.37186536938217757	7	2037	205717	BOIUVRSZWXZMJR
155	0.3846663555372796	7	2037	206737	MHWVAJUNZBZLQR
156	0.21444317495153176	7	2037	220271	CEFLFJSAQJIEGR
157	0.277033759464727	7	2037	223603	OPNOLPXASWDPNP
158	0.39053691280839997	10	2037	233050	DWIWMUUILKSZBM
159	0.29083314221066753	8	2037	233583	RETJUHNLXFFREX
160	0.305517243855688	7	2037	235286	WOKVOSAADLEXDD
161	0.24954933981819544	7	2037	235427	VJDYKUCZRPEJSI
162	0.28016156192677677	8	2037	241418	ZNSBBXLEVUCDDP
163	0.38051963477940315	10	2037	246102	YDMMAWOPEAEISR
164	0.26114309519111417	7	2037	252669	RCPRYCIUHLTHOL
165	0.24863703037108098	8	2037	257062	GOGJZXOQVDAELE
166	0.2670346255489344	7	2037	264875	VILPHYLLWVHAHK
167	0.3010881232024537	8	2037	269693	SCCKTHUJBMVUPS
168	0.24021397784006907	8	2037	271338	KKDFVJMHBWOJRT
169	0.2498442068052703	7	2037	283687	VOMKERLMONTVKI
170	0.2338131547742541	8	2037	285690	IJVIKNXNFILSIN
171	0.3670272594649713	8	2037	288823	XAVVMSYVMVNGSC
172	0.3541172858957751	7	2039	167555	HBYCKZGWOOBEHA
173	0.33687228609017417	10	2039	226704	CVJNIJAHEUPPTE
174	0.3421451835957738	7	2040	68172	QNKCTBKZCHLQNV
175	0.2035004093693977	7	2040	272112	FEDCRPXHIYMJLH
176	0.28067292435645164	7	2041	258529	KMJMUFMAMDFUQZ
177	0.29778041808588895	12	2042	17443	DUGNFLRRNRIJOU
178	0.45021473931164624	11	2042	149761	QWGIOMIEVFVREE
179	0.7246940561156131	16	2042	248709	UASDAHIAHBRZQV
180	0.6438171007627602	16	2042	259621	ROWCTNFEMKOIFQ
181	0.43984578782629685	14	2043	192610	RRCVSEIUUWDDGJ
182	0.5387237259664442	13	2045	46260	QMTFGZUSTCRUEB
183	0.46197740160027134	11	2045	246743	UXKBFRKXLIYCTE
184	0.5213208566131098	13	2045	278547	FWMDDUDKZLDJRQ
185	0.3119090354653274	9	2046	7435	QXSGZNGSUBCBAZ
186	0.2899856712059682	8	2046	9926	VCNYNWHVJKWJRQ
187	0.24752459955655334	8	2046	32087	AXGLILFVSXFQKJ
188	0.3319807939454281	9	2046	53152	DTDADHMBRZKXSC
189	0.2893616804652074	7	2046	58720	FFGSUUFWXITFBY
190	0.34106638995159766	12	2046	80568	UIVAKGXUTLURSI
191	0.3537757293445288	8	2046	108480	AZQJCMKZNJKNSU
192	0.4134242133145994	28	2046	108556	VIWUBXKCYJGNCL
193	0.31832693787641236	11	2046	109506	DQRITVWCETVLHO
194	0.27693624261152444	9	2046	117715	GGRGYUVPQMEXGS
195	0.33979865807957604	11	2046	144919	CNYOIGMTKAXVDP
196	0.3281400085034098	8	2046	160385	KXEMQEGRZWUKJS
197	0.3273569682091572	7	2046	191683	RODCMQNDIKIJPO
198	0.2850711357695085	7	2046	197566	MUVGVMUWMAGNSY
199	0.33694260939409776	8	2046	198410	YLQUEZKRWSZMBS
200	0.31537233847251117	10	2046	205683	AWIMFNRKWCFEBE
201	0.316775020138161	9	2046	223522	WWXGZAUMVCMJGR
202	0.2907244061377595	7	2046	234207	RFHZMDBYJUMARX
203	0.4212628642208485	8	2046	244086	KQEBWWUZXARNSU
204	0.34362267997382956	7	2046	253291	QRYQVCQRVMGDEO
205	0.32543675063658417	10	2046	266983	UQVRSNOOFJMHDB
206	0.2667145072437129	20	2048	45976	IIFDPDVJAHQFSR
207	0.6929868651666976	27	2048	58672	BEVYCXGDASRHRK
208	0.6858240783621311	28	2048	86136	LLBCGXFFHNCCQC
209	0.5847703497295569	25	2048	105987	TUTIHHSZKFBMHM
210	0.33406852096810435	23	2048	125863	NTBVVEFUJUCXPF
211	0.2593748906323812	20	2048	137649	SSHIXEILTLPAQT
212	0.6284160675036023	27	2048	138411	GSMPSRPMQQDRIB
213	0.28628216005420126	20	2048	158247	AFMLHDIYFHCIAJ
214	0.41370626633362595	24	2048	183613	FCFXHAVNZIHNQN
215	0.27819680223222526	22	2048	279021	KIUYPHAMDKDICO
216	0.47105465341785274	13	2049	215505	YUSUBSJGVDVLHP
217	0.4490186305375885	8	2049	217079	LRVKYZGTBYOADC
218	0.24693634751396204	7	2051	23158	FNBWGTNBJAOJDB
219	0.6299881037502904	15	2051	127739	DAQIJMOLTMGJLO
220	0.2274677303930125	9	2051	137173	CNNYMGVUSRNOJM
221	0.23523993680318844	8	2051	173800	LJYLXAOQGKAHFM
222	0.45646602315070395	7	2051	201963	XPKBUMWSRMMYSD
223	0.4241921919069925	17	2051	247233	IBIDRSSEHFLGSD
224	0.32113132734146715	16	2052	185659	ZQOOYCZQENFIMC
225	0.5837998600241614	14	2052	280610	HTOOKGDPMXSJSY
226	0.27485212987380747	7	2053	65774	BGGMJBAZWROVFT
227	0.27166384024598644	7	2053	260717	LMTOFPFSRGQYTF
228	0.3529696874496518	8	2054	48088	YTDXJCOYNQNAIP
229	0.4038687870127661	8	2055	46155	XBZOQGHZGQLEQO
230	0.3763538002621381	10	2055	273444	IMTUWVJPCQPJEE
231	0.5242606174554234	7	2056	44048	QFHVUHOKPSKEQO
232	0.43693088321894885	8	2056	45745	APQOFDZPRBQRLC
233	0.3899876702242859	7	2056	54042	ZDPXTYJWRPEBSK
234	0.5479466423556126	7	2056	72779	YAFVVJNTIALWDB
235	0.2693647665298944	8	2056	87075	YHKYFYCSTJGMID
236	0.2966845682636295	7	2056	133052	MOMBVLIMWZDBMW
237	0.2953482838497443	8	2056	176551	SLOQQJFOWFUUMP
238	0.4362118589210868	8	2056	212687	OMVQPKQKZVZTMM
239	0.37175163217103585	18	2056	249139	WHLPINMHMWSWLW
240	0.2708937206498087	8	2056	285325	QNQBPPQLRODXET
241	0.4069773814006965	7	2056	287406	ORLNSYNXGYMFAG
242	0.2784616100435991	12	2060	8809	SKVUFSAOYWVJAQ
243	0.21558157194326327	7	2062	30129	ZBPZAHHJROEFGA
244	0.3271394065618093	11	2062	137091	PWIAWDVLQXARBI
245	0.21543199478202182	10	2062	219367	ZKQOUHVVXABNDG
246	0.2126498879319821	11	2062	230838	VTJUNIYRYIAIHF
247	0.5173191325654386	10	2063	50306	JKHXYJKMNSSFFL
248	0.5318405445514087	8	2063	89987	YQAIUOWPSUOINN
249	0.2988078555102664	7	2064	216666	JDLOASBKUAQMFJ
250	0.450404907090786	8	2065	42903	IETDACKCCZBCRX
251	0.21849487554387562	10	2065	71418	ZQYJKIOOBBBACO
252	0.595281360254063	7	2065	74418	BPEKZUQGBZALTF
253	0.3104505374544625	7	2065	141958	CBPVPTUUJSJVNN
254	0.48606087755534966	10	2065	150279	RZZINBCDSLPYJV
255	0.3268213855156561	12	2065	166845	SNXAKSRHGXBEES
256	0.29456860894376335	11	2065	221548	IJBOAXAIAMSFIA
257	0.39734033936893115	10	2065	241840	JTASKWMDKKUCBF
258	0.3531760885480705	25	2065	268023	XBIIUEZNTSTEGE
259	0.2315337006881193	12	2065	268248	STIOSLNPZYMIHR
260	0.3213136088112209	11	2065	282224	NPINLXJFOYKRFO
261	0.5968487161973397	19	2067	1640	FRYULLIZUDQONW
262	0.38683081883120524	18	2067	10422	KXAWLANLJYMEGB
263	0.28666357574781504	10	2069	20915	IJFLDLYNHBRNLJ
264	0.33277807630029754	10	2069	25309	RYFCMIGAUPUYLA
265	0.22142401713462337	7	2070	9357	XLIFCYLFFHWALC
266	0.32385060674235355	7	2070	18022	UOEMPXBRSQAQTH
267	0.2077931984397605	7	2070	19063	BMEBQSNRADUDKN
268	0.220826924158035	8	2070	148056	AVZCSGMWWXMJEA
269	0.20207423379152453	7	2070	190014	XGQRDDHNEFHONB
270	0.22730384478803684	7	2070	235128	KLFCZJPRAVIRKE
271	0.5048395640498319	10	2071	187355	RIXDFYAJYWMUMR
272	0.20325320761841534	9	2072	134422	BBQZJXLHUGZAAC
273	0.2000187166397699	9	2072	267220	CNEDYYGQQWMNKU
274	0.4119784949277828	9	2075	25554	RVSJRSRXTISNGT
275	0.20348111283076017	8	2078	36622	YESGUVDNGFUTHO
276	0.20342874787858628	9	2078	39496	BVHMHHVRJIFURL
277	0.23273954581539857	11	2079	216768	SCMSYZJDIQPSDI
278	0.215658590500375	8	2080	141236	BFBHIDWDNNOXCF
279	0.4999990546408494	14	2081	109297	DCTIDBRLUYVPBC
280	0.22362517528010584	7	2081	201823	UWDIQZJVMAKUPJ
281	0.40045404348206826	12	2081	206663	UHGWRNKEZUWTHK
282	0.22335134923183617	7	2082	16627	JIRQMGICGBYTAW
283	0.2634684868824286	8	2082	32545	RKBXBXNXLGZKSX
284	0.20450422284154285	7	2082	51571	XQNCZSAVXBHWSC
285	0.3563801035828787	8	2082	67596	YWYUTUNHZMPPNO
286	0.3255798735034613	7	2082	89341	AMEMJFNOQFOHIG
287	0.2529000092031595	9	2082	101653	ZJZYSAJQOPJREK
288	0.4147404902636348	7	2082	107235	NMRUOBBBQHRCQX
289	0.29850977687342134	8	2082	110824	OFRSFHVMKHEUJK
290	0.33434596045967435	7	2082	130762	UKKLQQNAXRBSIP
291	0.28557103469987627	8	2082	150164	HKEONPHWSUCJPX
292	0.2006823538108504	7	2082	153987	YKVCOIYMAIJKTB
293	0.4790745675728948	7	2082	154022	PJXZSSQRXDPULQ
294	0.263326646206311	8	2082	162908	ITXTZJSELNILSN
295	0.4013505748433661	7	2082	163608	MNEJUZVNGNCLJU
296	0.20007246294312347	7	2082	166850	FCMMTMZFACYHCP
297	0.2553104589108733	8	2082	177708	LUXFGIHVUNJRSK
298	0.22070808388954954	8	2082	181875	VBECWEPKNVSRNI
299	0.24327220072118408	7	2082	193687	JLFYVNFOWXFKST
300	0.2464423199262463	7	2082	205462	HVIZCRZXNRVXKY
301	0.36551591134524963	14	2082	215505	YUSUBSJGVDVLHP
302	0.44422280637250566	7	2082	221688	NBBHYZHFIYFOCX
303	0.38600885250363914	9	2082	237700	XDBVTCDGDQLEKG
304	0.21478863052275673	7	2082	252380	MWKQZQOBWYIJHX
305	0.2216099025779493	8	2082	253069	XYKLXGAMSCMNFT
306	0.29783458000800395	8	2082	256985	AXZCEEXAVLHHOY
307	0.25669117856343104	8	2082	272443	QGJOZBRXAVBQQO
308	0.33425654173736835	7	2082	283755	DXXNRRAYPLARAY
309	0.6679082236300011	14	2084	71318	DWBZEJHQQIURML
310	0.4178186605348838	13	2084	193651	VBKBDLMWICBSCY
311	0.22093506778928892	13	2084	256213	HKUWZGIXOSUJLV
312	0.23938351106668518	7	2086	63700	FIQIJTGYCDYNPQ
313	0.21458821562534278	7	2086	178936	NKMTZHWTSVILKU
314	0.3448239367543061	8	2087	38994	QFTDGJLGJWMBSY
315	0.3217665296209822	8	2087	132277	HPHYQZNMDQIWSH
316	0.32942758343308676	9	2088	42302	YAJQQKOQCRUKMW
317	0.5181101870248964	14	2089	127739	DAQIJMOLTMGJLO
318	0.2418034834635551	10	2089	137173	CNNYMGVUSRNOJM
319	0.25669820518146746	10	2089	173800	LJYLXAOQGKAHFM
320	0.614459667490657	16	2089	247233	IBIDRSSEHFLGSD
321	0.3014407626203343	10	2090	20915	IJFLDLYNHBRNLJ
322	0.3263571780998957	9	2090	25309	RYFCMIGAUPUYLA
323	0.20320513273268823	9	2091	240572	WUEVZLPTHXVTBC
324	0.7026462524686844	7	2092	42606	QHDQLWIVLBMZGD
325	0.658195725609944	14	2092	65270	LQJAALCCPOTJGB
326	0.5299566242175152	8	2092	85149	UOUSOVIIGLVTJY
327	0.718682171093605	16	2092	266108	HMNSRTLZAJHSIK
328	0.32593330991227715	20	2093	215505	YUSUBSJGVDVLHP
329	0.7919032991841286	7	2096	77649	CAPORZWUTKSILW
330	0.3283765224832119	13	2097	249139	WHLPINMHMWSWLW
331	0.31586495939626985	11	2104	19654	DZHDVYLBNKMLMB
332	0.561499694762828	11	2104	135063	RVKIPWVMZANZLI
333	0.3162164406759187	7	2105	84043	TYCWBBBQIATAJE
334	0.41056637261806567	9	2105	149339	YYPQWZQXPTVJCT
335	0.34736474360017483	7	2105	225723	MTBZQRDMGDZYOE
336	0.21184062914846075	11	2106	57858	MZJBLCYABOIFMK
337	0.2247848404637776	13	2106	99255	YINRDGUEQYDEDR
338	0.3595102917522552	9	2107	732	IMXSCCDUAFEIOE
339	0.2055311938190428	7	2107	62439	HIXXWWAPSBAUHL
340	0.3756727190175968	9	2107	177442	OHWCFZJEIHZWMN
341	0.3560948169456857	7	2107	238321	QFHMLRWKLHONAO
342	0.5539581048995228	10	2107	250513	OQQPOHUVAQPSHJ
343	0.3144778358204907	8	2109	47232	HHALIBXXDHYSQJ
344	0.3349056421164067	8	2109	47981	UBEYTSVZBWBYGS
345	0.3403739929075319	11	2109	55008	LXRTXCAMHFXNMG
346	0.32322170374397174	8	2109	92001	FJSDCBCMOLWEOW
347	0.31941841734823795	12	2109	118177	AYJMWTNWNSZQBH
348	0.3268904337670865	7	2109	122711	BIQIVSGDUYDNRT
349	0.28799683754278105	10	2109	156702	CFXXFGCOVLKQAW
350	0.3357340041587121	11	2109	160221	JQRPHTASECARAU
351	0.22547625074019897	8	2109	190364	COHMFJLIODDBTF
352	0.32760457816013544	14	2109	196842	AAOOVFKOTYJAEJ
353	0.3350591567308655	10	2109	268597	HREPKYSNTPRGQR
354	0.3799910886608544	11	2112	229477	MMDYTVSMFNLBAK
355	0.21998798030438738	7	2113	5805	JJCLVRRVBIRYNG
356	0.3122425591766738	8	2113	6129	GPFVBJYXFRIOFB
357	0.3098310375582424	7	2113	17675	XRAFGTJQLAQJKG
358	0.21601614836506014	7	2113	23161	OBJMARNFEOOGOL
359	0.21882540166101563	7	2113	23734	ODFSGGBGOKCJFA
360	0.259671362656871	7	2113	32512	HCBGCKVXNZHPSJ
361	0.2545470611010464	7	2113	64715	ZVJZJSRGRVMUND
362	0.2575049708714279	7	2113	80453	AATAEFKOGVRLNH
363	0.22393660642008045	7	2113	107477	GOADHRDZJUNBQS
364	0.2831618334116283	8	2113	118320	PWJWCYQORRUMEF
365	0.2507312024173505	7	2113	121052	LIGIQPXMDXEBFA
366	0.2913694485296747	7	2113	127226	PRLZIKVNWDVXAF
367	0.32393934297902954	7	2113	147142	BTMOBYPZHUSPDS
368	0.2138545826388497	10	2113	156498	UUHRPODHDGXIPG
369	0.2504136755288266	7	2113	172589	SAIKKQLCXTYHIM
370	0.20901565025242072	8	2113	177500	JHPRIWZCNRYXGI
371	0.3276730317887968	8	2113	183319	ZEFZXYIOMPBINF
372	0.2538035605437717	7	2113	186547	DIURMAFIAYOVGU
373	0.2989818051054555	7	2113	191886	OUTPEFUPVQXLSZ
374	0.3867374962480596	19	2113	192610	RRCVSEIUUWDDGJ
375	0.28186022530448734	7	2113	205400	JFCDIWDAHULRAD
376	0.26182606975068673	7	2113	208938	WDNSQJUSURKLDG
377	0.23063952466270704	7	2113	215142	IOEBLBXUQYAOAK
378	0.3200652878400331	7	2113	230339	HNZQIMRKAQKJCD
379	0.3011011012566775	8	2113	231477	WQBNGXOJBVBQKP
380	0.27078576833107065	7	2113	235640	DHJHHWUTSBRYMY
381	0.28220671243384304	7	2113	254435	SNMGOHHNEMZVJR
382	0.23538581344358347	7	2113	265011	OTSJYWFBWZYZTG
383	0.23981869899273534	7	2113	265406	ZMXPSMLBSFAIOY
384	0.25728123824229215	7	2113	269151	RCARZUHPYSDVER
385	0.7695843475578505	12	2114	50306	JKHXYJKMNSSFFL
386	0.49363070050814556	9	2114	89987	YQAIUOWPSUOINN
387	0.32448503526929834	19	2115	25554	RVSJRSRXTISNGT
388	0.234273610149572	9	2115	119835	RRIOOBNHZCOXRS
389	0.38768300406144407	7	2116	2145	NNMDIMWITXQKTK
390	0.31678497606936157	7	2116	5025	IIJLVJMZYPZQLW
391	0.2910970715732112	7	2116	9631	GMCXIFIKPROBFX
392	0.3086355080833289	7	2116	20290	MAZBZBIKZVXXQP
393	0.2602693650388596	7	2116	20546	DRRKGPWOHIAOQU
394	0.28074639302453186	7	2116	23061	WMTFXMUALXFFOA
395	0.22817313345394113	7	2116	28209	LTTJUZDBCHCEME
396	0.21125201675480731	7	2116	29119	YGSBCRBVGUZWBC
397	0.2243903823042765	7	2116	35121	NSFZNZUBLBMNLD
398	0.21667045488895312	7	2116	61029	NZLPMABGNQUXBT
399	0.34284739858662006	7	2116	65162	FUHHXQHMWOVSNL
400	0.212626941440036	8	2116	71602	VTROQBYQKKVCAU
401	0.20086650168628503	9	2116	87726	KOATXBNOVXBDJE
402	0.2006311753049351	10	2116	88391	BDMIMSPBTFWTBC
403	0.4021228034198407	20	2116	109297	DCTIDBRLUYVPBC
404	0.20000721886082223	7	2116	132869	IWMNBRVWXUYRDS
405	0.2177063233948751	7	2116	137582	VVRSQBGCRLDCNK
406	0.24251962202247732	7	2116	160119	QHHZVAQZZDJWAE
407	0.2152343879251282	7	2116	175887	NNFYPMHXMLVZMN
408	0.23953263829882548	7	2116	185076	KHFBFRHBGOGELT
409	0.2209717328579251	8	2116	201823	UWDIQZJVMAKUPJ
410	0.32069734123494015	14	2116	206663	UHGWRNKEZUWTHK
411	0.30324424571074166	7	2116	217747	WSSVDOWLXBYLHU
412	0.2305746922849347	7	2116	222398	NKARAGRVHGKUSJ
413	0.2488686960737387	8	2116	239973	JSYXVZUBVBFHGI
414	0.23800924911238586	10	2116	250470	LTAKJWJITPBCJA
415	0.20584496446232173	7	2116	259537	COMIYBIVFVCIQP
416	0.20644083112620548	7	2116	259996	AWZZJUDSRONIBA
417	0.20643943785657293	7	2116	278091	ZTAJMOUEANOMLQ
418	0.2572204252965156	8	2117	215505	YUSUBSJGVDVLHP
419	0.28735064112701125	7	2120	8511	VUJISNFQYSHCGH
420	0.42261464904521734	7	2120	68183	FQEQMASDZFXSJI
421	0.27264226654233537	7	2120	123954	ZVTFRRVBMAUIQW
422	0.3353793869501907	9	2120	163861	CUANCTHYEDWUMU
423	0.7927430575931116	13	2120	168924	BJVRJQOYGCWXAR
424	0.26783525421222115	7	2120	176512	NGPBJMQBCPPYQP
425	0.3551122407334507	8	2120	284891	SJRGHHOFXSLZOB
426	0.24711265474185748	9	2123	26583	YTFRBKWUHCZUFA
427	0.2642164016812273	8	2123	27847	YOKBTBNVNCFOBF
428	0.26841705448094877	15	2123	31527	BBAYFIRFVORJLJ
429	0.3170585326056853	8	2123	31761	HSNHZGKSAZOEPE
430	0.41315803693704045	7	2123	41799	LWQYGMPJSNROAE
431	0.2759920573388335	7	2123	87923	BRRDATYVUWMJSQ
432	0.3126618199868491	7	2123	97829	CLFDZWJTRTXHNV
433	0.32363980286194083	8	2123	120126	ASRQYZPCZNZWMA
434	0.20250024588377094	7	2123	136412	WZCFRUBITAJTOI
435	0.23346363500036194	9	2123	152160	VNNQYZLNEYSKDK
436	0.3598872475658124	7	2123	179860	DJXZMJWCDITTEO
437	0.35586675273246554	7	2123	204374	XCBIVSYMPNVWRX
438	0.5840437371402335	15	2123	233113	OAMLVOVXNKILLQ
439	0.39043148588108373	13	2123	233952	CIOWSLJGLSUOME
440	0.4343002638962772	8	2123	238619	LZWWEWXPJDKRIW
441	0.2088913635393724	13	2123	263364	AXKHXUMOECWSPG
442	0.2838275806219935	10	2124	69817	TWXHDBRYAIWMMQ
443	0.2991794190855512	8	2124	81367	LKJDIDQKBASUHE
444	0.3030371104631449	7	2124	175017	AREWDCKEEGTYPG
445	0.26796554619956625	7	2124	196859	QCUYNKMUDZHGNK
446	0.3108975462954391	10	2124	219830	WHTUBPJAGYKOQP
447	0.2580604922535805	7	2124	230199	GVDOWBFOBISZEJ
448	0.32505543326117264	7	2124	265952	CZQLULNMKQAIQL
449	0.48560819698444857	8	2125	244577	BQADMILWYUBNTA
450	0.20123670384556638	27	2126	192642	MFHCYGBCTOROEX
451	0.38595964390235216	8	2130	5807	YGMUTOUTBXHMBA
452	0.4078488044303248	7	2130	46791	MYOLTTUQDQAGPD
453	0.6443689646070073	7	2130	156127	WZXJJKDRFJCLPT
454	0.49884993271118927	14	2130	208222	XTWSWDJMIKUJDQ
455	0.41191074467359656	14	2130	255281	JXNRXNCCROJZFB
456	0.21083296119422315	10	2133	57858	MZJBLCYABOIFMK
457	0.3848936403815502	7	2134	4411	DRONYLUYEWUHOX
458	0.6412887467348772	7	2134	6330	WHUYYLXWQSFRQH
459	0.20388763910626195	8	2134	18399	QNGWHIXADYIMET
460	0.260221123153268	8	2134	23171	MZOMYVOGPUTEFR
461	0.4976707176639222	7	2134	28069	NQLVFDGWRYGOAP
462	0.4116963888115648	7	2134	36407	ACUVMGZYVIGZFQ
463	0.5869494846594604	7	2134	41432	GTARHKGCDCSIQV
464	0.54785551695748	7	2134	45417	LOTLRGXKXKFTMA
465	0.2763547682083969	7	2134	70591	SZJSZKIAVZJNAR
466	0.48340775372727895	7	2134	77697	DIIQTGSURWGCOZ
467	0.2895103041788519	9	2134	84573	WATDGXVTUFFFRW
468	0.5478039199108038	9	2134	94320	NUWDHPXLZJCAPS
469	0.48523688082139066	8	2134	95758	RDMYSZGUHAXMQC
470	0.2934893822175752	7	2134	103851	WMYUPMDGHNMILW
471	0.5007746702116067	7	2134	107723	VJTDREXVTFNKHG
472	0.4241409417754862	7	2134	126279	NOLXJURGCOVKJG
473	0.5452904121367003	9	2134	164572	UCWGBMJSELERSI
474	0.32515432905841474	8	2134	166083	NDHWWMCGDXLCHL
475	0.3238492841180035	7	2134	168320	NOIYNURXAPTADQ
476	0.48718324020609927	7	2134	174224	FVKJDMCWMDPFPH
477	0.3469863199481727	7	2134	181126	IXWGQFUDXHHAIA
478	0.5744073410119295	7	2134	184416	OCSJCFZXXRVYIN
479	0.37786662016743744	7	2134	189391	FNKOWYBMMCEKRV
480	0.2300278244345779	7	2134	202286	WRDONMBZQCLIFA
481	0.2953904139000735	7	2134	264736	IBKFXCFBLZDABS
482	0.4171155692116109	7	2134	271943	LMLXJFJEKFMCNK
483	0.4972756503412029	7	2134	274305	QMOOIUWWWLVKMX
484	0.5328875385957099	7	2134	278247	KRVKWYDGEFEJRI
485	0.397910035567369	8	2135	51959	IGTCYLQHMDCGHA
486	0.3657582761996627	10	2136	42198	WCGAINYZGGJPMC
487	0.588750660158482	8	2136	137199	XYMQMTNLCXERSU
488	0.7218739587522226	8	2137	57521	CQOVPNPJLQNMDC
489	0.8863493387531207	7	2137	207507	FRJIAZKQGSCKPQ
490	0.7844109896640112	8	2137	253202	XZWXFWBHYRFLEF
491	0.3234368577947759	9	2138	199759	SSPZYLNFWHZLPD
492	0.35657742098989403	8	2138	226754	OKLZAYMBKSZPIL
493	0.20766111069165474	7	2138	258201	SUCUTFWYARNZJR
494	0.4316465568824381	7	2139	225049	IOELOYWUEMCABZ
495	0.413544571462276	7	2140	577	NCBLKWGLSQARQJ
496	0.3771148706712266	7	2140	17960	YOVRGSHRZRJTLZ
497	0.38055364043185524	7	2140	38043	DLOQRHPCAVGJOL
498	0.23810746566960267	8	2140	52796	LRAWGXAUTVKVQH
499	0.46082952581208536	8	2140	56200	NEANQMHNHHJJNL
500	0.2629345076774921	7	2140	74649	HOGKFHXABJYZNO
501	0.4729247077228665	8	2140	105781	ZPGPREPDSQALNB
502	0.24937239526819244	7	2140	111192	UAYXKLJOJBUGGL
503	0.24087361477072586	8	2140	119686	MSOQVSJVBDMWGJ
504	0.31834590060094237	10	2140	126821	NPECRGHPSAVCMJ
505	0.3117480212429762	7	2140	131644	ZEYCJSDKNCCDKH
506	0.35681655066904094	7	2140	168408	NGQOYIBROVRKQB
507	0.41895020684144	8	2140	179362	SCEZFTGJCZWFPY
508	0.22290658113042927	8	2140	210021	VFOUERLEVBHGEB
509	0.6154026614908431	7	2140	231652	XVJVYYOTHOAHCB
510	0.2030450400342464	7	2140	232575	HLRMXKKVBXAHAO
511	0.23133894035883582	7	2140	237171	GDLZVHXDIRSIJQ
512	0.34149058018197137	8	2140	249001	BVAYTJBBDODANA
513	0.3235414121443399	7	2140	257962	HAXBDMZRASNNOV
514	0.22589294330971607	7	2140	286189	VYACEWQNELOLJE
515	0.8440584284858905	13	2141	20573	RVQDZELMXZRSSI
516	0.4529645359313563	8	2141	87302	PMGIXDOHMGRTOF
517	0.6868984428710109	11	2141	100465	AIXUQKMMBQJZCU
518	0.2936163623125774	7	2142	87075	YHKYFYCSTJGMID
519	0.32416984941658533	7	2142	133052	MOMBVLIMWZDBMW
520	0.3209478134487853	8	2142	176551	SLOQQJFOWFUUMP
521	0.41478527828312395	17	2142	249139	WHLPINMHMWSWLW
522	0.5676284020488569	7	2142	277964	IYWSIDKNUJVAFH
523	0.29389003429753713	7	2142	285325	QNQBPPQLRODXET
524	0.4053979909471667	8	2144	36741	LCWCFXWKNADLOU
525	0.5307830572369836	7	2144	52199	OHBQZXBAGISRFS
526	0.4010223937065935	8	2144	117485	RGEKUUPDAHXQFL
527	0.4204611854085955	9	2144	120353	IYSWHZVUOGVQHH
528	0.47624747371974147	8	2144	210844	OBKLTAKGMJSCGE
529	0.7886386532281421	7	2146	222583	WXVIGTAUZBUDPZ
530	0.2595100470368117	7	2147	48088	YTDXJCOYNQNAIP
531	0.2572287851597278	10	2149	251220	PDIGSOAOQOXRDU
532	0.7267704330434628	7	2150	14286	BENRMCVWICIKQJ
533	0.4840121301303814	9	2150	236718	ASRGROWOTGSLRY
534	0.41793707653861073	10	2151	68861	QBJCJWAZOPCNIX
535	0.3928758371583105	7	2159	4667	MBJDYNFDJNNEHX
536	0.29655732906061166	8	2159	26583	YTFRBKWUHCZUFA
537	0.32870508623272654	8	2159	27847	YOKBTBNVNCFOBF
538	0.2890203081413252	12	2159	31527	BBAYFIRFVORJLJ
539	0.3656013666233973	7	2159	31761	HSNHZGKSAZOEPE
540	0.4706566580636375	8	2159	41799	LWQYGMPJSNROAE
541	0.4956462427809661	9	2159	41874	VCDSPMHMHZTILR
542	0.34099472001408704	7	2159	87923	BRRDATYVUWMJSQ
543	0.3928867110590621	10	2159	97829	CLFDZWJTRTXHNV
544	0.3878960402758334	9	2159	120126	ASRQYZPCZNZWMA
545	0.23385796757572433	7	2159	126247	GTOFGNOMRUHITA
546	0.25174600645780754	7	2159	136412	WZCFRUBITAJTOI
547	0.28554721918343107	10	2159	152160	VNNQYZLNEYSKDK
548	0.4153430398053937	8	2159	179860	DJXZMJWCDITTEO
549	0.20408224626155005	7	2159	229044	DSOITGJEUKHAJN
550	0.6293730771692324	17	2159	233113	OAMLVOVXNKILLQ
551	0.5763193483136644	14	2159	233952	CIOWSLJGLSUOME
552	0.5256724007577626	9	2159	238619	LZWWEWXPJDKRIW
553	0.29123489300916156	16	2159	263364	AXKHXUMOECWSPG
554	0.2643117937665121	8	2161	21856	OWGIPADQEWDBDL
555	0.2552134194907304	20	2161	42198	WCGAINYZGGJPMC
556	0.20768845610987122	7	2161	55902	TXBALSBNPAMGGJ
557	0.2213323567727632	8	2161	119375	PXBSRTRBLUYJQB
558	0.30854882975731757	19	2161	137199	XYMQMTNLCXERSU
559	0.2131755627136989	7	2161	172374	PGRQEXADGLUWFM
560	0.26667591129983054	7	2161	182206	AOIVVVYELQRCFE
561	0.2187577599553609	7	2161	212269	IQSIJJOWDAYBIC
562	0.26009906116108816	7	2161	214065	NFAVXFOQTAQQBH
563	0.20792229442529445	7	2161	287821	FEOFLRVZBOQGQA
564	0.2152717998039867	11	2162	39496	BVHMHHVRJIFURL
565	0.384574748748245	12	2169	5807	YGMUTOUTBXHMBA
566	0.5747004039268128	10	2169	156127	WZXJJKDRFJCLPT
567	0.3699590600463682	10	2169	208222	XTWSWDJMIKUJDQ
568	0.5364722465848708	11	2169	209261	QAYMESRTGILCFQ
569	0.24005647894563284	9	2170	7979	YLZPJQVMLYKGIB
570	0.24850888073843128	8	2170	11917	ZDNWUWNORPCCBP
571	0.2611453557741944	7	2170	13284	FQVOUBMAFAEGLT
572	0.24801691390431563	7	2170	20932	WURVHQYPIFSXKQ
573	0.2150389486335582	9	2170	29661	YIWQRXOLZOSKOP
574	0.22552277086343647	7	2170	32545	RKBXBXNXLGZKSX
575	0.23319704022438797	7	2170	34931	OUOLSVCEHYECNL
576	0.21863476365829296	7	2170	47433	DXZQQHDOMLKRCR
577	0.220106666741237	7	2170	66082	ARWBDZSFVQLSJE
578	0.3221190057786746	8	2170	67596	YWYUTUNHZMPPNO
579	0.2258079692923756	7	2170	101653	ZJZYSAJQOPJREK
580	0.37695057344616956	9	2170	107235	NMRUOBBBQHRCQX
581	0.30401691347563675	9	2170	130762	UKKLQQNAXRBSIP
582	0.35184770405851257	7	2170	135146	SKDFEGJTDARUCV
583	0.2712050920275147	9	2170	150164	HKEONPHWSUCJPX
584	0.4361895592218808	7	2170	154022	PJXZSSQRXDPULQ
585	0.3590634999161273	7	2170	163608	MNEJUZVNGNCLJU
586	0.36787443134040837	7	2170	174468	NDAJKZJCHFSTHB
587	0.22910632237571388	8	2170	177708	LUXFGIHVUNJRSK
588	0.20186607701747897	7	2170	181875	VBECWEPKNVSRNI
589	0.28290048955088454	7	2170	188422	RIPUUOOMDLZCBV
590	0.22933330451476294	8	2170	193687	JLFYVNFOWXFKST
591	0.2266459597548715	8	2170	196397	QFEJDDXYLXDDGI
592	0.21809783252821055	9	2170	205462	HVIZCRZXNRVXKY
593	0.32415523706828975	7	2170	210237	RWBIECFPGSVNFV
594	0.315823063043912	10	2170	215505	YUSUBSJGVDVLHP
595	0.3231153093846682	8	2170	219974	MSVYSHCEMUVDJI
596	0.23041003067675817	8	2170	220052	XXDPOBFOFASYAX
597	0.4068624803063354	8	2170	221688	NBBHYZHFIYFOCX
598	0.3446767434259522	8	2170	237700	XDBVTCDGDQLEKG
599	0.22319657650683614	9	2170	244966	HYQALHGQBHHHNT
600	0.21042103078275895	8	2170	253069	XYKLXGAMSCMNFT
601	0.22332517538315383	8	2170	255475	APYTZDKULJFTIN
602	0.27153682772665133	9	2170	256985	AXZCEEXAVLHHOY
603	0.49031904288078065	8	2170	262384	FHWOANGPYCUZLI
604	0.2398005170170271	8	2170	272443	QGJOZBRXAVBQQO
605	0.22093830630920355	7	2170	272789	HDQFIVFINXJTNV
606	0.21304950741021297	8	2170	280933	RXAHIJGRSQAORT
607	0.3092951887733741	8	2170	283755	DXXNRRAYPLARAY
608	0.26625666747140825	8	2172	199759	SSPZYLNFWHZLPD
609	0.2918086327975791	8	2172	226754	OKLZAYMBKSZPIL
610	0.3188005212823907	8	2175	11829	VAWDXOCBSZJIEL
611	0.34984165247406124	8	2175	76494	FRESVRQONWYDRN
612	0.20616810922505613	7	2176	70780	BQDYRVLUVYEYKM
613	0.4492684420283495	8	2176	183388	BZCUJLGQIQXOMA
614	0.3956180462556875	7	2177	75528	DGZXFJBRHFOJBC
615	0.2759436361354788	10	2177	88542	TWTJIYXWWAQKGT
616	0.3739665254707702	8	2177	149547	UNKISUCMCFKTBI
617	0.3741902167770041	7	2177	240053	ZOYWWAGVGBSJDL
618	0.8024632837618676	7	2178	184149	PCDOLDGJAUQLBO
619	0.7157509185404247	7	2178	210468	ZXPRYJHVDMWTMA
620	0.24506317243633421	7	2181	39413	QFHMNFAUXJAINK
621	0.9096128254169633	9	2181	155780	ODKSFYDXXFIFQN
622	0.6312678426503833	7	2181	200991	GFAXSDSHYATBAW
623	0.2049259729821018	10	2185	47124	ILXLWOFSJVYTGS
624	0.3561211492790157	12	2190	229477	MMDYTVSMFNLBAK
625	0.3955374761323954	7	2194	168679	ZNTRFYBQZJQJRD
626	0.4303467080205099	8	2195	25975	UDXCOJMLJPAVLF
627	0.25735557224362693	7	2195	29090	RERGFALRPJNYKW
628	0.2089061885740866	9	2195	34421	STEZVHWESYNLGU
629	0.24938037959248657	7	2195	79063	FYXHSRBJYWBBHF
630	0.20968664562938352	13	2195	83961	ZTGGVKXNOBHWBN
631	0.25436081769237573	9	2195	97601	GNVCAVGOJWFZOD
632	0.4251935606440875	7	2195	108621	HLORMQRMDNZHJH
633	0.35845879119448737	12	2195	128948	UCHZCLQNPFKZIV
634	0.4024562692267008	7	2195	140762	VSQCCKOLPLZFCM
635	0.21254490036604318	9	2195	181591	QIEAJYJXGQAYRU
636	0.41704537147105347	9	2195	224281	JDJPVLKZPZDTNT
637	0.3666620108423219	18	2195	238988	FPXJXUBJNVLMOH
638	0.37378072058208495	7	2195	278405	KDHCNBXWSJRGJW
639	0.29635845734994243	7	2195	281499	PQGHCMRKXHWVRP
640	0.23285056518497577	7	2195	286483	KHUVRRVIZOSFTI
641	0.9016918840010969	7	2196	115587	ZDGJAHTZVHVLOT
642	0.8017221154397877	12	2198	57521	CQOVPNPJLQNMDC
643	0.5719959999348783	9	2198	207507	FRJIAZKQGSCKPQ
644	0.6626364391529564	11	2198	253202	XZWXFWBHYRFLEF
645	0.2594239560542564	7	2202	142556	YHNWRENETFFAOQ
646	0.21556195837755232	7	2202	156762	GGCUJPCCTQNTJF
647	0.2331757046605254	7	2202	162826	LCCOXVDJFONGRT
648	0.36550977137231955	12	2203	25554	RVSJRSRXTISNGT
649	0.35423704431653313	12	2205	71625	WEYYGDRFGZHZAL
650	0.37633534542168495	11	2209	20573	RVQDZELMXZRSSI
651	0.5852640488397487	9	2209	100465	AIXUQKMMBQJZCU
652	0.35775422397469836	11	2211	1670	PMZWOTYETIZKIT
653	0.2098030759364925	11	2211	14255	WJUCKDQZAWZICN
654	0.3116160786961674	18	2211	19689	LHADJQFMWXAVMZ
655	0.2714205286021976	19	2211	40163	KHDXXECCHTVYKK
656	0.3106016093395595	12	2211	47742	YJEQWQVYFJDLDS
657	0.23344924778636988	15	2211	206576	BDCKGMJAZLGRDU
658	0.319469619103889	13	2211	232161	LCJUMPXQRZKCNA
659	0.22865959536359554	11	2211	241008	LFLUKKBCPUVQAB
660	0.27970723101111183	12	2211	256847	ZFKANXSSGOUVLL
661	0.2316856531257326	10	2212	42198	WCGAINYZGGJPMC
662	0.2744245845207195	11	2212	137199	XYMQMTNLCXERSU
663	0.7619083426329997	15	2213	31747	BTBUEVAGZCKULD
664	0.24552389229641589	7	2213	34230	UIFOBERPRVNZPL
665	0.34509453050829964	12	2213	135428	JZOYFBPIEHCDFV
666	0.7809052012762508	15	2213	165907	PFZUBGMULASFDW
667	0.2610016572577909	7	2213	226372	PRUSJIIZBOAXFR
668	0.8170222096047748	14	2213	278037	CTCFZNBRZBNKAX
669	0.2635415668540526	8	2213	285713	BOGYWTWEAMJNRX
670	0.20659142752891468	8	2215	56389	PCCWBFWMHAMKQV
671	0.3399835353028263	14	2215	203570	OLSFPMRHLRKMNU
672	0.4159520928430469	13	2216	46260	QMTFGZUSTCRUEB
673	0.5008079414979727	9	2216	246743	UXKBFRKXLIYCTE
674	0.39935323986598276	11	2216	278547	FWMDDUDKZLDJRQ
675	0.28005251449161317	8	2217	142561	FXQUVBUSJLMEOX
676	0.3719796100820662	7	2219	5807	YGMUTOUTBXHMBA
677	0.6452276401797905	14	2219	208222	XTWSWDJMIKUJDQ
678	0.2673182690367151	13	2219	255281	JXNRXNCCROJZFB
679	0.21489843862035513	10	2223	245174	LDYDNDBXTDINHR
680	0.571008643934901	8	2224	112774	BDMDCGQHWQNWTD
681	0.5018948828626779	8	2224	179217	TUOXXENDICUNMW
682	0.4034167737925381	7	2224	235396	HWYGUWXBFRLTQD
683	0.5195290783375657	7	2224	263507	ZSSIVXBCHJDPDR
684	0.2028747332080819	11	2225	215505	YUSUBSJGVDVLHP
685	0.21741730960284175	7	2229	12638	XQXYUVSETLGDLK
686	0.350991673729285	9	2229	16635	USMHVDBYUBRDAM
687	0.20444277685738518	18	2229	29025	POFBFVNAWAPSPO
688	0.43777767995177014	7	2229	32442	LSGGLLUQYVJIEO
689	0.2652673106432964	14	2229	48640	YTUDEPVCXFHZPW
690	0.24368979734073232	11	2229	50650	PSLYPPVQIKMPCH
691	0.23603676307494115	11	2229	53248	MLMWYCWQLQQCNR
692	0.20291465083710225	14	2229	55050	PERPNFLGJXUDDW
693	0.29268574643591805	12	2229	75352	AKPQZUDAFNJCQT
694	0.3258528013723796	16	2229	77378	SPFJXGKWFGYCFK
695	0.25209775355931546	15	2229	95945	OLCVEOSSVCAFGR
696	0.36246706580156557	12	2229	107594	CMCRREGYVZRYNZ
697	0.2702218670824729	8	2229	121236	TTYFXJZDLYVOTG
698	0.33843474535035273	13	2229	124073	PDIQMKRQFHBXJF
699	0.24368209560309284	7	2229	125806	IOABKADHJWYPLN
700	0.28240872498898134	8	2229	138785	FPMPIGZORJWWJX
701	0.3145306754715215	9	2229	142530	HCBOQHLANZMWLV
702	0.3372508176808477	14	2229	177771	RGKKEFIQHJTNIY
703	0.31187144765277053	16	2229	178360	UUDRKGZCNYHHAN
704	0.22688763196350767	14	2229	178371	XTZXINIDCHJWNB
705	0.2053435598136985	12	2229	180847	QNJXAEVGLMVYJF
706	0.24363312117913738	11	2229	188186	UPUMEBJDZQEUFC
707	0.20142856386556457	8	2229	209146	AAXSQJZTSPDAGW
708	0.2759101450051169	15	2229	209312	JAYVHSBYKLLDJC
709	0.25920421061321747	12	2229	218486	FMDSCPPQABHNLB
710	0.3405097128609896	11	2229	225311	NPQUNXUBKDMBID
711	0.28251239821723073	9	2229	241999	MCMLGCMLBJFWHN
712	0.23779216186791152	7	2229	266269	BCJZNJYVRTUZBS
713	0.3769221368897977	11	2230	172233	LTLYEAJONXGNFG
714	0.5005065189995723	11	2230	262890	UWHDHUKDMHBCOD
715	0.47803731945069716	14	2230	270118	VDQLSHBTEUIHBU
716	0.4231120769287791	10	2230	285736	DDQYUQPEQYHDHG
717	0.4538241368273327	10	2230	288062	YFRYJFMFQOBOSY
718	0.45091578289971057	9	2234	56833	DEKQQSLPRUYOAG
719	0.5955867443015408	9	2234	78839	HKTRDWYCAUTRRL
720	0.7904139682562755	9	2234	89191	PXVCMZCJAUJLJP
721	0.8722685926800892	7	2234	126301	VHOLZZKNEBBHTH
722	0.23784389913224174	11	2235	15193	AOLHUMAVONBBEZ
723	0.6786914077312148	9	2235	20337	MYTOTTSMVMWVJN
724	0.7938832482551585	16	2236	65270	LQJAALCCPOTJGB
725	0.5359964020042591	10	2236	85149	UOUSOVIIGLVTJY
726	0.8405286003877703	17	2236	266108	HMNSRTLZAJHSIK
727	0.26057936354759836	9	2237	149339	YYPQWZQXPTVJCT
728	0.22052865720639575	7	2238	12390	RGMLUOWRYIYJIS
729	0.2091657120718547	16	2238	34147	CJCSNWWKPUXVRD
730	0.5691821179899988	16	2238	111442	WRPDZHJNLYNFFT
731	0.6998560310748198	15	2238	222583	WXVIGTAUZBUDPZ
732	0.45385438584853793	8	2239	212687	OMVQPKQKZVZTMM
733	0.33104104714781585	11	2239	249139	WHLPINMHMWSWLW
734	0.5257716660977487	7	2239	277964	IYWSIDKNUJVAFH
735	0.329482418354054	7	2242	34340	QLBANCFGJCRFAR
736	0.23218245541958163	8	2242	52838	HLFLCRYVHOAXOU
737	0.40773979861766346	8	2243	48026	XXYMNUOJMDOHBS
738	0.6219362265801923	7	2243	146593	HENGXXJBCZKGME
739	0.3174946752275826	9	2243	188426	MYWGORCHPZQEOA
740	0.6902050685735841	12	2246	70022	ZQISRDCJNBUVMM
741	0.4022756652350251	7	2247	62899	DNBYIRPIGWYFFR
742	0.38909038441646204	8	2247	71924	OZIZTTZINGFAIO
743	0.42032859071279044	10	2247	115651	UMQMXLLNFXQTIE
744	0.5313496558930062	10	2247	269430	IQVNREJWRXOHEO
745	0.46014751056284864	7	2248	162624	SHGAESAOOZYSHY
746	0.27995069988946664	7	2248	214664	SCTQYYSQPUVRHV
747	0.411482136938333	9	2250	48026	XXYMNUOJMDOHBS
748	0.6321007918707205	8	2250	146593	HENGXXJBCZKGME
749	0.32191976063943456	11	2250	188426	MYWGORCHPZQEOA
750	0.7340288230616698	9	2251	3726	LNCFUHAPNTYMJB
751	0.3892428506432094	10	2251	272696	BEPSGCXDIVACBU
752	0.5200545153663398	10	2252	29030	KRLKPTMEUFJHKD
753	0.49965731853252754	10	2252	34838	ZINXBXMBDZMGJW
754	0.4142313022304328	12	2252	65940	BIBKONJGMVYAQA
755	0.6402478617729871	11	2252	96074	QSWLNIUXXLDKFB
756	0.24879076210239218	12	2252	112538	ZQYBDDWUEWCXIM
757	0.32253827987744793	14	2252	119058	JWWKBOBMBFAOAR
758	0.49954953980467115	7	2252	211608	SSSAXSWSFJNJIO
759	0.4438308114222746	9	2252	254589	MHTYQKSVNSMROU
760	0.5832769122245176	10	2252	259591	JSUUDYDMJBXBJC
761	0.240634726235889	7	2253	110795	YIDOPADQZHZRNX
762	0.7445863761828322	8	2256	43612	ZGNNPADHGZHIKQ
763	0.3602446458885259	14	2256	92223	DLFIWFDONDYZKI
764	0.2483836195405905	9	2256	98046	RYSQYERCEFGENH
765	0.4585156724603716	14	2256	192501	OFGGVQXEUQTPLZ
766	0.33462946011086914	9	2256	205767	URLYMLYMCVOFRU
767	0.41292656686128254	8	2257	159551	NKLZPEVECPMIRX
768	0.4539055796794417	7	2257	195122	YRWFYJHVFNQJOK
769	0.24966789178851062	7	2259	126258	IXVFZMSDMKUPSM
770	0.412124165080426	7	2261	181437	YQTIWISENUYMQD
771	0.6584106005557986	20	2262	7904	NSSFBLAWOMFCOV
772	0.5045096888740698	17	2262	53043	OPINTGHFESTVAX
773	0.6253711445741976	8	2262	75229	DYEJLTKYPWPEJT
774	0.6078589694338773	16	2262	85824	PMGDADKJMCOXHX
775	0.6049506862291487	11	2262	86347	RYXHANAVTISKEF
776	0.30722494914021087	9	2262	89353	DYQNYIHFQZDARC
777	0.35466762222959486	11	2262	169548	YUSUBTWFELLECN
778	0.20415811127629932	7	2262	175259	JENSDRCOEGISIS
779	0.504490291830765	9	2262	183403	CQRQHABGNBHMFC
780	0.545360824622004	10	2262	184531	RSGRSUVVCYUKLM
781	0.5917225689755542	7	2262	198663	RCFAHSGZAAFQJH
782	0.589579739604911	9	2262	206936	RJZQVFRNYPBISN
783	0.22122068062561098	8	2262	212416	RTKIYFITIVXBLE
784	0.46514984534572784	7	2262	223662	KTONQTZUWGFNIE
785	0.5126390931753431	7	2262	234755	WOXXKFZZPFAEHI
786	0.327945314955773	9	2262	262595	VAHKEXGAPJHHGJ
787	0.3479871716097577	9	2263	152136	JBVIBJNDYOGEFC
788	0.4867435972874909	16	2264	56833	DEKQQSLPRUYOAG
789	0.5938589579727571	16	2264	78839	HKTRDWYCAUTRRL
790	0.6780779760062038	16	2264	89191	PXVCMZCJAUJLJP
791	0.6247976343651148	14	2264	126301	VHOLZZKNEBBHTH
792	0.30011439074489227	13	2265	149339	YYPQWZQXPTVJCT
793	0.30687871941641004	12	2268	163465	JGHOHVUBTOPRAL
794	0.8709310601679409	11	2269	45829	YIWFXZNIBQBFHR
795	0.839084701596931	10	2269	101597	LYCVKHSJGDMDLM
796	0.39666496610092644	9	2273	37008	YJQCCPULUOYKEZ
797	0.4099995911573131	8	2273	48260	KZAOEMMZRGEBST
798	0.45917051445006635	7	2273	56425	TWQNFZMQHHPBKS
799	0.22234144628125657	7	2273	71880	VUSNLFYUMKLEAV
800	0.23276820915674204	7	2273	75048	SSOWIOSOBYYHKD
801	0.33370577505971205	7	2273	89730	ZBQFYXIUXSJWJZ
802	0.4357588972599154	8	2273	103483	KWBWFPDGXBNSDY
803	0.2725331508364995	8	2273	123703	PUEXVLNGOBYUEW
804	0.3069639585977746	10	2273	168679	ZNTRFYBQZJQJRD
805	0.27451255711156114	8	2273	181305	BPEWUONYVDABNZ
806	0.23848445463741033	7	2273	187606	FYKPJEAJLMQUNZ
807	0.28010918697468307	8	2273	189991	GPJALRVYVIPYKC
808	0.2889631010888712	8	2273	235894	PTBDXTFUXPCGIP
809	0.8121061819706489	7	2274	243153	ATHGHQPFGPMSJY
810	0.4134288189361239	7	2276	48149	TWULTRQJGUTHML
811	0.5510895986953201	14	2276	104409	SITWEMZOJNKJCH
812	0.5050291503199084	8	2276	105487	XGHPBCGPQMNHDP
813	0.46596437786825634	13	2276	167368	WVRUNFYJIHNFKD
814	0.4975069402539264	8	2276	183514	PNQJTQOADGCNIA
815	0.5571568557226146	14	2276	205521	DLRGFJGVZXSSTP
816	0.5189985973727611	8	2276	242609	GGPJHCXMRSQPSS
817	0.6133285889657389	8	2276	276369	BUHQQOWVMYXDEI
818	0.35554787247640707	10	2277	42498	TVEFLTMYSPQRMW
819	0.5173423120216428	7	2278	13050	LISCNUCDEMJKLE
820	0.42448043207049	8	2278	56252	WLUVMRPCQHOBCZ
821	0.21754003449521356	12	2278	88052	KLTXRQGABURCIX
822	0.42049258198139117	7	2278	101181	HXESSAIQLDFZEP
823	0.24171525771362565	7	2278	159458	HUWHDSWKOJKFSR
824	0.4096687012870044	12	2278	169464	IFRWBXDIHYULSU
825	0.20640605106962398	8	2278	215343	JYTFKHLGHVVPOM
826	0.7835332814198244	7	2280	159254	HSPSXROIMXIJQW
827	0.8105456177304555	7	2280	203051	KABYBYFUSGXITA
828	0.2357814002840613	8	2281	56672	LWFBNGLRUHINGB
829	0.35820665228638626	9	2282	10793	VRQBQHFFHBFLQO
830	0.36591305360389503	8	2282	43662	XTSHQMYKABNJBI
831	0.3942108248988191	7	2282	48398	AZVZTFHHCZQLHG
832	0.6242669784894761	10	2282	112774	BDMDCGQHWQNWTD
833	0.5441426501986075	10	2282	179217	TUOXXENDICUNMW
834	0.4444835080088573	7	2282	235396	HWYGUWXBFRLTQD
835	0.576423611928812	8	2282	263507	ZSSIVXBCHJDPDR
836	0.40288864691056175	7	2283	83725	YOSHYTLCDANDAN
837	0.6168107865352795	7	2283	107023	JPEVGZLXTREPOA
838	0.3716300379169872	7	2283	158500	HACONLPFVNFCEC
839	0.4323276878938411	7	2284	159551	NKLZPEVECPMIRX
840	0.27334966082464246	9	2285	151547	KNIWRLJEMCZTRC
841	0.2063819504928406	9	2286	126258	IXVFZMSDMKUPSM
842	0.3478692258426491	9	2288	23816	LSLTZMQPHAAWAW
843	0.5772032426355221	10	2288	149263	WXZSUBHBYQYTNM
844	0.5909369968722371	7	2288	153156	ODVJNWGWNQNGDM
845	0.526472893995067	7	2288	234043	NYXVPWGUPZCOPE
846	0.2471561298948787	10	2288	243903	IDWQQCFJVNDOLI
847	0.2998354587809309	7	2289	114446	IVUTXCVFXXWYAB
848	0.3057403178496309	10	2289	203570	OLSFPMRHLRKMNU
849	0.4853276360920066	7	2292	7012	BFDHEKFEPMAOLG
850	0.3869072202747974	8	2292	72796	PRZIYDFKKSMMTD
851	0.5575113290669963	14	2292	74941	MEFNTMKESSGLSP
852	0.5577641206866134	11	2292	103415	OAPNERBWQWUPTI
853	0.39534729562340176	7	2292	158383	IVANPGILQDNOCW
854	0.428549916833331	7	2292	190648	IAOPFZUIWAOEEV
855	0.27283726965433897	8	2293	2052	FGULWWOROLZDAM
856	0.34766604137368207	8	2293	2298	PJGOIJNVNPXCLJ
857	0.4441532509719332	7	2293	13543	XPYFTYFJFUHXJX
858	0.5071392713727921	8	2293	14259	IQYLTOAHUWXVHW
859	0.26366156879031794	8	2293	18722	NBYZWVMOBJMEHE
860	0.253668399386885	7	2293	29632	SDTHWDQNMACDRV
861	0.4388296647534475	7	2293	36708	BUJZGALXYNSLEB
862	0.24843979843694863	7	2293	56354	OXQKKNKDWOPJKZ
863	0.23107966401983868	7	2293	110179	QEFTUXLFRCPYJT
864	0.4441532509719332	7	2293	112601	WMCCWRHFUWISGU
865	0.35430089770720785	8	2293	151073	MHHWKYUSJKVZMV
866	0.29045463283343953	7	2293	158541	UFQDHYJVPQGCMX
867	0.5415074076899853	7	2293	166059	VATZGOROHSVECH
868	0.3714725695231899	9	2293	166979	DTHZYTRJZMDQLM
869	0.4617388235797043	8	2293	173963	FWQKQJSYRWMMRV
870	0.21616446783481352	8	2293	177633	LEXWUGMNKNPDEI
871	0.4677484386171716	9	2293	180381	XRQNPZAVERMVOM
872	0.3199471673334405	9	2293	212108	YEWUHIZLARNQKT
873	0.3451914944530001	7	2293	224607	GJWHPPVSGXEHIR
874	0.2529747535738981	7	2293	226048	OAISMEXZDGJMOQ
875	0.3594689751427636	9	2293	230359	LOBSTWNCPNNOKH
876	0.27101911276592566	9	2293	234172	WPSHDYTWZNMOQT
877	0.5392999156408536	7	2293	251278	NTAPKTSBAKEYPS
878	0.4076997317992052	8	2294	17586	SYVCFDKBUKNCBX
879	0.31150275590893917	15	2294	19654	DZHDVYLBNKMLMB
880	0.6001172646663551	10	2294	100063	HBOLNRUBYUUVLM
881	0.2923760294740163	10	2294	120521	ALIZZKDFAUEXAD
882	0.20084505862066265	12	2294	120592	QNUJNVFQFSGZFW
883	0.2658556270446681	11	2294	122965	WOTLWTYQIXFLFZ
884	0.40931773564257573	12	2294	135063	RVKIPWVMZANZLI
885	0.28476873104789385	10	2294	173198	JOSAMYDQMDTOTO
886	0.29415473500061706	10	2294	178353	AUNSFXNQIFBBRL
887	0.37175366080861677	7	2294	179327	RABARORWOHVBMF
888	0.2186252784715278	11	2294	210817	MEGDALVBZDBGAT
889	0.4954720523905339	8	2294	222662	SJBBAZBESYDCJC
890	0.49254907163044914	8	2295	9223	LUSIDMIZRMEVBC
891	0.32802301372030473	7	2295	30333	XCJZURYTBYWKBH
892	0.3257510502001929	8	2295	35178	UZYWWKILBGMMGO
893	0.4321423559876972	8	2295	38676	HVRVTAYCDRHBBW
894	0.20132868462141967	8	2295	50089	ZGEPFJFMCHOCAG
895	0.24805510475081755	10	2295	167001	DRQIAVPAIDLSEH
896	0.3885580612774125	8	2295	178408	PSRRBVUCCRPJJP
897	0.49953678725024	8	2295	227836	UXNTVDPSNWKYNJ
898	0.3995226351136442	11	2295	228064	IGRYWJPZWRJWMU
899	0.2757789597354575	10	2295	233787	AZFOWFPALBQOTD
900	0.3825896999212109	7	2295	252405	BUUHDERFHDMSIH
901	0.36030516613693064	15	2295	282848	OWZMKODIYAUWSL
902	0.3178050633884419	8	2296	5971	JRTIKBMBXBPGNG
903	0.4229819818686715	9	2296	9556	YVHZSHLHIUHLCM
904	0.22618897349195866	8	2296	14972	PZYPCUKIIHXLCC
905	0.26613719429974153	8	2296	15968	IHXIBOVXBGWUIU
906	0.695939587182177	21	2296	16675	BFSYFTQDGRDJNV
907	0.25489387661518986	9	2296	30548	YXYLQALWYQEJAY
908	0.2891426911039165	7	2296	32923	ILRDZGBYVMMKQQ
909	0.29389766510145204	8	2296	34403	PRKPJFMBPDIYCG
910	0.37406827962807015	7	2296	37894	SGSNVQGXQWQASF
911	0.25630136535324455	9	2296	38063	UXPUMTCLHVWFKC
912	0.24546926810786454	11	2296	39296	CRNHYCBDESPWOY
913	0.5018823315222376	7	2296	40087	ZRILRSOPEHSHBG
914	0.4239074368809556	7	2296	47265	ACNXNUFAMRWFQW
915	0.38869413520370033	10	2296	51140	IGOTYBMCEPJXDL
916	0.38269228400675454	8	2296	51198	GRAPHCHSEGTYRN
917	0.3238519892083839	7	2296	59614	HLKWNCCNDMCUHL
918	0.22666885284749996	8	2296	64578	NOONIMVJSKMYOV
919	0.2210797445302136	7	2296	79888	QWMYRYSQSPMMLF
920	0.3072826224408371	7	2296	90973	JEVVAMLQVWGXGO
921	0.4692664763185778	7	2296	95389	SMFDUNDNVFMERG
922	0.44258533152078	7	2296	96290	DXJVHMPBOIJQMO
923	0.31423444801236566	9	2296	113610	XPQGXORPENMVHR
924	0.29594353741802765	7	2296	114428	WCMAWWIQISCHNQ
925	0.25169069721529497	8	2296	120104	HLBAOWQFVZMNJK
926	0.3529758698452457	8	2296	123070	XYXSSTQSUDGMMV
927	0.3360785783262069	7	2296	131325	UMKMULRHGWNGIU
928	0.4922652330214075	12	2296	134325	DVXGTBWBYFEERZ
929	0.2590645147994844	7	2296	134352	DUKXKHCYGRDGCW
930	0.3642522747452435	7	2296	139750	WDVHXCGXSFJFIS
931	0.7471394429201402	24	2296	142387	ZAWLGBRDVQURAK
932	0.24135544933004413	7	2296	145315	BUXZHZSVBKUBCL
933	0.26842458287742615	10	2296	148841	SLOXZTURMQKWSH
934	0.2975086805358301	7	2296	152091	KVLIHKPYKBKMAN
935	0.27622982544818414	7	2296	152751	BMTHJJMWAGGHQC
936	0.2701028882220713	9	2296	153561	ONQRYWZPIBLPAM
937	0.3324840510212401	8	2296	157000	XVNOHAQYZIGMCF
938	0.24633389890508994	9	2296	161256	PLVZMXKRJMWMNE
939	0.2774639945484637	8	2296	163105	JMZJOSBAVGUGNR
940	0.2993284792788265	9	2296	170770	UKLMEFSRPRDOLD
941	0.358888152156917	9	2296	179782	SIPZPOSXKDFDJR
942	0.24722374961615587	10	2296	180156	YRYLPGBBQAUIFV
943	0.2135717344371826	9	2296	180608	AAAOYRYYYQBEKQ
944	0.36274943642933943	8	2296	181662	GMUZVRWOVIOSAG
945	0.44183965130663877	9	2296	181728	SOHUHIMLDXOFBI
946	0.38375145315185705	8	2296	182565	ISAZYTVNCAMCRX
947	0.40561476140052055	9	2296	183397	ZZKMDFGLUQEYGB
948	0.23514656920592722	7	2296	190200	IQAPKJJRFFTZML
949	0.29740672820570513	9	2296	190688	YNIPIBVFVRXGEW
950	0.41815656183376787	7	2296	199781	QRIDDVDKSXHDHM
951	0.38761080596511716	7	2296	210884	NDRMXJQIHGDADJ
952	0.28914091273455955	8	2296	211046	BRNRZUWILJEQSZ
953	0.31710076304730345	8	2296	212395	GKFVUEOYWZJNBJ
954	0.2836778434737216	9	2296	212447	SOMPCSONEFNXPT
955	0.4334309253516129	7	2296	216461	FQIJIXDHDJNSIE
956	0.5969096370646728	8	2296	241719	MZQAQDFAVDYWKZ
957	0.2398887062570072	9	2296	249162	FDSYJSBLPXPUKP
958	0.32211273226753806	8	2296	258459	CYTCTRAEJYIZRX
959	0.32545522171719793	8	2296	260036	PSJFPRLDKNCZGQ
960	0.4050995873741734	9	2296	268541	DZVYPGSJYATFHF
961	0.4431845180455186	8	2296	269036	OJXRIQPTGOMHMO
962	0.5208597708017598	7	2296	277637	JDSAQKQEQDPDIP
963	0.3997744555267737	7	2296	277777	DGMDZTUKWDQSTB
964	0.3023134175250119	7	2296	279703	JJJPJGVQMLYESL
965	0.20866312753967564	9	2296	288372	YXOWGQBJIZVGNU
966	0.3310723843502474	9	2298	108952	QGDOQULISIQFHQ
967	0.2930020114038556	7	2298	149730	UXNDEPVXXDIZQU
968	0.27160585949600446	14	2298	185315	NWPRCRWQMGIBOT
969	0.756930672044543	12	2299	31747	BTBUEVAGZCKULD
970	0.32749044472074745	11	2299	135428	JZOYFBPIEHCDFV
971	0.8326054576511894	14	2299	165907	PFZUBGMULASFDW
972	0.8794201076806062	13	2299	278037	CTCFZNBRZBNKAX
973	0.20456828192924895	8	2299	285713	BOGYWTWEAMJNRX
974	0.3334057803242881	9	2301	1154	ASZIGQFYGXSPCO
975	0.26005508801367744	7	2301	3731	XGGAGMDNSJNIHH
976	0.3346165726870555	7	2301	5439	JEPPTGUOOWLKBL
977	0.3533942549265611	9	2301	5873	HJXGUAIRSRWQOH
978	0.30292195916110043	8	2301	6029	CUAYQBPKSHXYKZ
979	0.38503135640819053	8	2301	6867	PCFGGSVRNBCJAA
980	0.25796632852041695	7	2301	9385	QLASPINFLLNESN
981	0.3631888515102588	8	2301	9797	CDEYQYPZXOJACW
982	0.2978821293024677	7	2301	12582	BPUNWVGCTMEMKQ
983	0.25171608128636924	7	2301	13168	GAVBRCLALBKFCD
984	0.2501094075198511	8	2301	15559	USTIINMUQPTYAH
985	0.2575473347223737	8	2301	16981	JYHOSVVOYWBLRW
986	0.2856920031470088	8	2301	17036	RCBXMIOQASEMIL
987	0.24178303505818483	9	2301	19765	RBWCHYBHSSKRBY
988	0.34973120801505964	8	2301	19895	PBXKFMXJVNEHCU
989	0.25896997054524346	7	2301	20540	YSPXJFAWIAKFIJ
990	0.3040262114129618	8	2301	21084	PAMKMSXEULAYKN
991	0.22372992817399226	7	2301	23290	ZMGVUFQCVRTZRB
992	0.3464343119379444	7	2301	31758	QYLGMYMTIYQVTL
993	0.38331244937548525	8	2301	34631	FRZROEXQZHRNOE
994	0.3041238772957041	8	2301	38000	GCZUNBFNRYZCOY
995	0.29660202409417813	7	2301	38904	YZGDHGODNYXGIN
996	0.29744191443024376	7	2301	40097	PVBSTLWHHZPUSK
997	0.3051295431592774	9	2301	40647	KLADPYBOXIBKEM
998	0.2836752173534924	7	2301	44284	KSKWKSWQPIJLNG
999	0.3533694614068033	7	2301	45447	XXFLOPBDRWUQBW
1000	0.4082273481135409	8	2301	46055	UXXPIIFLCFHOMQ
1001	0.3307169951554201	7	2301	46683	ACESEDZONNAREN
1002	0.21103743692576035	8	2301	46705	BWDRVAKXNVFADI
1003	0.3640988164428015	7	2301	46952	TZWAFSAXUHHSKV
1004	0.3970327809459367	8	2301	49349	HZQUMPOZBMYWDA
1005	0.3424481854936299	7	2301	49752	LRABONCHKNSUBB
1006	0.211585417659299	7	2301	49976	OZBUHIIPYQKAED
1007	0.33426336211258273	7	2301	51530	VFZMFAPMJCXZNH
1008	0.3114466260039349	8	2301	57302	WRRKQXYWTOXYET
1009	0.3929072341130469	8	2301	58247	AOWXDQICAWSECK
1010	0.26531723928743983	8	2301	59156	OGKHGHZDFGFFMZ
1011	0.3020639977960165	7	2301	60489	QSFSKQKVBNITLP
1012	0.3125556912511883	7	2301	60541	QNHJQMWDCQMNKF
1013	0.2692166759234294	7	2301	62315	NVXJDQXVTHYURW
1014	0.2971923026306209	8	2301	63866	WTFUIEHNDPETDD
1015	0.4000439830447993	7	2301	64425	VFLQIGPZQYBWKD
1016	0.3602524523573922	7	2301	64454	HLOLZJQTBAHVLG
1017	0.2990273236434448	9	2301	65131	UGBHLGXQNHUOHV
1018	0.24954437889265904	7	2301	65642	KIKLBHUPUINLAP
1019	0.31772541814963384	9	2301	66024	LPIKLQYERDVLLX
1020	0.29948038815259714	8	2301	68275	PFDGLXOOSQNAKH
1021	0.25351073141514296	8	2301	69398	HZTFESNQWFMOFU
1022	0.30319719334845646	7	2301	69961	DFQGNWLQBKGFOD
1023	0.24610137355315884	8	2301	70989	BQDXDGDOYPUUOD
1024	0.22950799354477966	7	2301	72272	RIXLJEHCUPAPRJ
1025	0.21588468554695908	8	2301	73043	YRFWEPYMRLGVBZ
1026	0.20781214827164815	7	2301	74479	LISPNEILPNWOAY
1027	0.3229631280672298	8	2301	75893	ZHGHWBHFNAIEDW
1028	0.46774536973429653	8	2301	77288	NMLDIEWGTYDDJB
1029	0.2776530709468908	8	2301	82594	ZFCRHGITKWEXDY
1030	0.2572025507979435	7	2301	83316	YLMSJTAFOFIDRW
1031	0.2681795916656088	7	2301	83505	GSNMNPBWIVTHHA
1032	0.33422667429624375	7	2301	83861	WTUUXOKSFWSVCT
1033	0.27799289160602825	8	2301	84228	QMBKDJABOPPEQF
1034	0.2506337384745871	7	2301	86580	HSKFMRHLLSXFBY
1035	0.22879248943371552	7	2301	87902	SCHUPVUUEKIZGP
1036	0.2806821947690531	9	2301	89420	SAAUSGDGZGFSKS
1037	0.31938198354735686	7	2301	95747	GYHLSYICWPZCBR
1038	0.31705068374905265	7	2301	96267	ITJIJDWFGMAIKB
1039	0.3199403553696345	8	2301	97673	HTOITNHFWAHEHQ
1040	0.26539614590541966	9	2301	99009	VHFXPBHLQOPQHJ
1041	0.223920792891737	7	2301	100085	XOUYHRFAEOZZQI
1042	0.2725698690767244	8	2301	102475	MRKDDZNWFZRYRN
1043	0.3364110827023058	7	2301	106713	SDSNQAZBYSPPHG
1044	0.31062359796538425	8	2301	108600	PXBZMGHIEDYLOI
1045	0.23743491854396379	7	2301	111683	OQZGMELLQSHWQI
1046	0.28500551649397204	7	2301	113049	CCOGMNXJHQYPKW
1047	0.31089775132082487	7	2301	114129	FFDNVMGPKVVVOG
1048	0.36438958755322604	7	2301	117921	DKMYJERRSIWFQK
1049	0.279223370315529	7	2301	118077	ACMLQGZCWIWZAV
1050	0.33411935306491897	7	2301	124943	DUSIVVSRERWIKR
1051	0.32233666955808515	7	2301	125634	STPABWNXXWUEBW
1052	0.2975944272446262	8	2301	126030	CJLHTKGWEUGORV
1053	0.2956044644942513	7	2301	126728	WKSCGYPNYYBCSB
1054	0.3664011250236431	7	2301	127129	CUJOWLDRULOIOA
1055	0.35186575285134736	8	2301	127320	IOYVXXQKVQKQIG
1056	0.23419986228465264	7	2301	128118	QHMVDJGMBDTIEY
1057	0.3956207762364532	7	2301	129321	WEHLZWJUGYFTKK
1058	0.2693328580481476	7	2301	129875	ACCHXZDTUKFBEE
1059	0.25194926358553393	8	2301	132353	JIBCHCJSBYLSTP
1060	0.31817286893322294	8	2301	132361	WQBRGPAKTOXTFK
1061	0.33951671988147675	8	2301	133965	IBIJTDJAWRYXRF
1062	0.24851120202200075	8	2301	134715	LASQZSRKRLHSPX
1063	0.34505006197145277	9	2301	134749	VBQMPXNFLQSHMH
1064	0.24896930176890006	9	2301	136409	CKEATZFCOZVTMU
1065	0.3882673118839088	7	2301	139125	WWVGDHWKSRNIDY
1066	0.2000353907765602	8	2301	139318	XTTCSJSJWINVKA
1067	0.40327233963468534	7	2301	142499	ZSRVBNXAPSQDFY
1068	0.27169465540043847	8	2301	143004	GCSHVHWZHASVKX
1069	0.3918961433429381	11	2301	143211	METKIMKYRPQLGS
1070	0.3611927867066385	8	2301	145569	DQXGQJRINZEDMO
1071	0.3338995924303177	7	2301	147990	ZRKOWOWFJSHDPD
1072	0.3425431251115951	8	2301	148577	TZPNSKUJWADAOC
1073	0.2344333360984816	8	2301	149437	SXEAGZWYCWSVSS
1074	0.3957791279115321	9	2301	152957	SYVFTMNVSBBWJI
1075	0.23534488013772525	8	2301	158246	UUTDDCCHVKTGBI
1076	0.35136820790720846	7	2301	160022	VHSOLPPARHTCAY
1077	0.2617167092513608	7	2301	160193	TVHFAQKTIGHVST
1078	0.21944736307833698	8	2301	164600	KMYZDJARJMLULC
1079	0.2594185708904317	9	2301	165991	WSMKPZGGGQUUQW
1080	0.2570889309648297	7	2301	167218	HEZSHBCEDJAVDJ
1081	0.27572255561903586	8	2301	167851	BYTQURZUKRLNDH
1082	0.2334566625264552	8	2301	169292	CFKTZYNSXOJSRK
1083	0.27364142116871704	7	2301	169997	SKVBOXXEOMZDMH
1084	0.35523517720955794	9	2301	172015	ZDHVEDWQKYUSQD
1085	0.33713765776253596	7	2301	172492	KSSFMQIBDVMDIX
1086	0.415820354013538	8	2301	173711	XSOCQYULFUMBRN
1087	0.21223649434346586	7	2301	176832	BOSZFTJTEITMLK
1088	0.2610535600807554	9	2301	177119	XOHLQUXJDANHQE
1089	0.30165115712871216	7	2301	177626	ZOKQSCUWIKMMTB
1090	0.4546123693275386	8	2301	180665	PDRYJKLQCQXETI
1091	0.31062948232671467	8	2301	181547	IMDDBFKJQVMAMZ
1092	0.32051582512263305	9	2301	182746	SFYCHZOHMRIYJL
1093	0.23161712407665508	7	2301	190105	FZRWFGUOALKHJG
1094	0.2403716790657397	8	2301	190613	SZCYKIWOPBWRQI
1095	0.39300634445836796	7	2301	192185	INMDHOFDLKYMSO
1096	0.25487453295207696	8	2301	195369	BOJLRPXCHKKNCK
1097	0.26829347165378464	8	2301	195685	GCNXKKFTFOQQRB
1098	0.371018162635741	7	2301	198837	LKVUYIVBFVLWLC
1099	0.2909104711511796	7	2301	200859	XGWXGPXLJKXRRK
1100	0.28002739234273094	8	2301	202015	XAOHJINHOQXUTQ
1101	0.26287263730948524	7	2301	202696	BJNRYKWHTCAVLA
1102	0.24832394640297656	8	2301	203852	VJHMBPAKWGACHZ
1103	0.3154852867132379	9	2301	204469	BIURAVISNLIZHC
1104	0.24286845322873893	7	2301	205925	AMHCJQBKGMEAAJ
1105	0.28345050965829205	7	2301	209469	QYXPLYRFOBRWGH
1106	0.39420325522215377	7	2301	211070	NBRKAFIHDFEBCP
1107	0.36110632326062175	7	2301	212141	LJAIXRZIYOOFCY
1108	0.2751862486528781	8	2301	213414	HLEGAPKZEJEXHT
1109	0.34436388167138815	7	2301	213539	YGEXJFGZYRLOHG
1110	0.3339671046149795	12	2301	213990	KHLOMLBNZUMIHX
1111	0.274111318520532	7	2301	214484	LNHHETCHVOGQEP
1112	0.2914146620833861	8	2301	216838	JSWXGWYFIPTZSL
1113	0.28809254894016545	9	2301	220915	STVITZBETCSTPL
1114	0.3574524481725189	8	2301	223121	YCHOWGQHQBRWKK
1115	0.20392347208996708	8	2301	223388	CRJYIDXYIZSNHX
1116	0.3202648420726543	10	2301	223463	GHFFAOAOOLGSQW
1117	0.3272084775689185	7	2301	225648	DIFWDYWGFQATQG
1118	0.2440605286199763	7	2301	225907	FLFLTGYDHAHKPY
1119	0.361694273503227	7	2301	226199	NZLXVTHNPSCQMS
1120	0.24244303616784868	9	2301	229738	LWZYMGJOEZRREO
1121	0.4270399495077277	10	2301	230679	WCGBYYXQLCTVMJ
1122	0.32715335133016904	7	2301	230923	LVABKRFKENTQBT
1123	0.30826896791687736	7	2301	233008	FDNIRHNTGYYBBP
1124	0.3193895501284839	8	2301	233296	WHRVEOYAUAOADS
1125	0.34676202305494613	7	2301	233318	MUBHHZMATFUDDO
1126	0.25137594703257266	7	2301	234812	KNFLHOLSWVMGJT
1127	0.2048828742312435	8	2301	235188	BOHBJXLUZBNTRJ
1128	0.2826428576101778	9	2301	236604	URUFDILVJMYHIE
1129	0.22417338960519906	7	2301	237543	NKEGBJQNBIHVLT
1130	0.33616814138560547	8	2301	240791	MCANGZFHUXRWCD
1131	0.2505755215884256	9	2301	243037	FUNBBILLRNYBAX
1132	0.3720784133800388	8	2301	245981	FHPVBZKSIDMPHU
1133	0.28314305707896636	7	2301	247996	JKTAMRQCOYUPQI
1134	0.27428735862319537	7	2301	249441	ZSYCHTODXAXQPN
1135	0.2824394445844883	8	2301	252377	XLGNZQXMDVSKOV
1136	0.39136728558888195	7	2301	252942	UPEKSQGFNHCRFN
1137	0.28702089441000345	7	2301	257616	SMEJXMYNQKQENF
1138	0.21511576489407858	7	2301	258041	PYOQCUKYALILJL
1139	0.31474719064022755	8	2301	260362	VKALAWOSHGRQLE
1140	0.33574654609146815	7	2301	262689	TZHQBINEZIOIBW
1141	0.28611425819047515	8	2301	263630	PMIAMDMHQBGJFB
1142	0.4439345165794082	7	2301	263996	ZAKWUHSAJVMDOL
1143	0.23855431386575018	7	2301	265109	UHIDZLOHKIJPTQ
1144	0.2615600116129993	8	2301	265452	MZBCHIZPJNVBJA
1145	0.3136423398304774	9	2301	265959	BKVXPJGDTWUKIM
1146	0.27579137725700376	8	2301	269279	CWRRKHALABZUET
1147	0.34688223435495197	7	2301	270404	HEGLSOPJIACORB
1148	0.24569719444122587	7	2301	270692	UOGCXTUFYJBFHD
1149	0.3380795022009152	8	2301	272168	ZWKJYFGQYZANRE
1150	0.30350062343395373	9	2301	272887	LPLCSWXZHGSEDE
1151	0.3389578429190098	7	2301	273029	VUKDAGKHYBRCNR
1152	0.25582390264387317	8	2301	273251	PATRHAXJDHVMQW
1153	0.23026529168838922	7	2301	275116	CUSVNXHUOAFDTF
1154	0.3122376593479644	7	2301	275819	VWPXNITVBHRGOA
1155	0.23114244132058312	7	2301	276628	ZUVZYHLJLPPRFY
1156	0.2514819039176514	9	2301	276966	CYSMLBGETRLFEW
1157	0.20147306360253142	9	2301	284726	JTJGUCQHALEULJ
1158	0.36595365365996463	8	2301	285941	JQMWJLAWQHNIGZ
1159	0.3668762952426036	8	2301	286484	BGCYJLOTCHVMBQ
1160	0.2509599652430995	8	2301	288380	MTVKTTBORXMRAK
1161	0.764264184552398	7	2302	24256	IZQGEZGZCIIKOP
1162	0.611277712044468	7	2302	82259	YZMPDHTZJJCGEI
1163	0.7858406369445218	7	2302	175024	MYLPOAPVPIJSGR
1164	0.5135660660372174	10	2303	236718	ASRGROWOTGSLRY
1165	0.7329096818122811	9	2304	3726	LNCFUHAPNTYMJB
1166	0.38072717831696057	10	2304	272696	BEPSGCXDIVACBU
1167	0.3922658232963942	7	2305	190163	DKLDWUSNYOQWHW
1168	0.3003048532313104	7	2307	49277	XGWDQUCPQMERCP
1169	0.2785468901790793	9	2307	49478	XNEOELZDRXHBGF
1170	0.21067861205877766	11	2307	86948	SYQQOOAPNXKIKF
1171	0.3112842833210535	11	2308	47564	VQRMWYSVDQFYBE
1172	0.24530461815734214	8	2308	74435	LXVRFYVHYMCDDM
1173	0.41538410729812947	8	2308	100673	QNAIKXGGGBWXKV
1174	0.23928015294010263	7	2308	110862	NALDMLNGLAARFY
1175	0.4997303486564751	8	2308	119421	AQHHHDLHHXJYJD
1176	0.43501595026321355	7	2308	130981	INDBQLZJXZLFIT
1177	0.3331513486036413	8	2308	236446	FPCLZPLGLWECHR
1178	0.49706210314878124	7	2309	63441	HFLJBBDRUCDXAS
1179	0.31648890280288705	7	2309	222501	OENWNCIXTGHZLR
1180	0.3310441923934706	7	2310	42335	GASLQKLINLFAPU
1181	0.2616164267688765	7	2311	150249	IWALHFMBCZSCRZ
1182	0.9262457355165652	11	2312	80490	WSDOHRLQDGAOGU
1183	0.6284036655479105	10	2312	258073	FFMIYIMKQIMDPK
1184	0.7304884680227309	9	2314	3726	LNCFUHAPNTYMJB
1185	0.37483336909973325	11	2314	272696	BEPSGCXDIVACBU
1186	0.7163824200107087	7	2315	5208	CJMDWDVSGREFDX
1187	0.6329151667382542	7	2315	12247	VJILFEGOWCJNIK
1188	0.46999752440610887	7	2315	54520	YQXUGVCMIWBNGS
1189	0.40711502988754433	7	2315	102722	GVGYEFKIHJTNQZ
1190	0.4768218911451005	15	2315	142535	SIFXMYAHXJGAFC
1191	0.3989184801401914	10	2315	166353	OXGGYEZTRLRHHP
1192	0.5597762733155872	8	2315	172181	IYCCFGSYWHEKDC
1193	0.4825023904611132	7	2315	196341	VPNKCPHNFBSHAP
1194	0.2623735710210549	8	2315	197405	KQBPHAMPXSFIPO
1195	0.5509359194467486	7	2315	244007	QSZYHDFXRRMLLX
1196	0.3140162969388248	8	2315	264297	KNAGLFRHSWIJBB
1197	0.38840907831766647	7	2316	48149	TWULTRQJGUTHML
1198	0.48987993146313474	14	2316	104409	SITWEMZOJNKJCH
1199	0.48877468760398074	7	2316	105487	XGHPBCGPQMNHDP
1200	0.6044945440085222	12	2316	167368	WVRUNFYJIHNFKD
1201	0.44358955817024776	8	2316	183514	PNQJTQOADGCNIA
1202	0.43996682806202647	13	2316	205521	DLRGFJGVZXSSTP
1203	0.4931167245575781	7	2316	242609	GGPJHCXMRSQPSS
1204	0.5937187413634522	7	2316	276369	BUHQQOWVMYXDEI
1205	0.28742794888641826	8	2317	10217	DCZFGIZLSLPJPL
1206	0.35384730123035407	8	2317	14045	IPONPQPHYIXXDX
1207	0.39313714256856885	7	2317	25366	MCWBEUKGVFWARY
1208	0.3074356896864257	7	2317	29233	RGQJPOUCIOLHHX
1209	0.2638968814343558	7	2317	34585	JMRXLJIRIMJFBW
1210	0.2925119244874898	7	2317	46966	BAWYEWZAKONWNZ
1211	0.29627560866982655	7	2317	51546	DWPJBFAFARBYHB
1212	0.35805498060827623	9	2317	57424	WXRQALXHCUURIK
1213	0.21922462878530793	7	2317	57580	PFUOQSREIFFBQA
1214	0.5235302553246532	9	2317	64204	DYHMKBLKWFFFSZ
1215	0.20906037736864663	9	2317	67532	NUOABBLRCVSYGA
1216	0.20863271358680532	8	2317	69624	VKWLZGJSLIKARX
1217	0.2849338689346096	7	2317	73195	WVMYRDBAJSJKGW
1218	0.3726093553191013	7	2317	75932	JFWCSQODZHRDLG
1219	0.20976366969209348	7	2317	85179	QKVORNAKOXSMAM
1220	0.4447604534018701	7	2317	97389	YWQJKAJFLCNHPB
1221	0.26450422366711124	7	2317	103034	YPGQBVBJFQCVKA
1222	0.3133862090884824	7	2317	105655	DHTWVKTXQLZELP
1223	0.29513586990729607	8	2317	109485	WTMUKHSRDXXTED
1224	0.22233772438561575	9	2317	111570	JDJKAUSVESMORO
1225	0.2448570184048471	7	2317	116454	NKLDAIQKFGVGAV
1226	0.20289165465407724	7	2317	117432	DEFTZXRVNXBQLO
1227	0.32020839859879063	11	2317	121961	BKOYWKMGSFTPHB
1228	0.49915332221022773	7	2317	126320	TZGXVFYTKTWKCU
1229	0.36022534833641023	7	2317	135315	GBPPJYKZXGTQRC
1230	0.5195450704513073	7	2317	144163	AIAUJFWJTKYVMK
1231	0.400927791216363	8	2317	144779	CGPLDOFHTXYRCG
1232	0.3284081637707414	9	2317	146386	IRWCHIUBVZVANX
1233	0.29365597500473206	7	2317	147309	GUNGXQJKXNQLMP
1234	0.37638764358740695	7	2317	147471	RXDCDAQUSULMJB
1235	0.49838158573253794	7	2317	166764	SCJWRCCFAICMEA
1236	0.3393840816299332	7	2317	176787	NQSSKHLLGOQPOU
1237	0.2942243253800381	7	2317	179820	HJVXBCIWVQHCEF
1238	0.21081201604293837	7	2317	180480	UYZIACKZHQQZMC
1239	0.4427489333079608	10	2317	184647	NTNYEJFDYFYWKG
1240	0.32950381797445905	7	2317	187413	YRCASJKZANUXJO
1241	0.26412632846026773	7	2317	202273	PKIVGLHIIGYAGD
1242	0.22820530782419585	7	2317	204260	PVWIUPXWXVHYTM
1243	0.23090981457228493	7	2317	210630	HVPKRKMUIFIKAV
1244	0.3498849216179232	8	2317	211129	RHLDHPZFWIWCSQ
1245	0.5285107854991946	7	2317	214132	NZWHRXXSCOJPJP
1246	0.20779072107802135	7	2317	218786	PNGXGTNEDGSHJV
1247	0.3906693200222326	7	2317	220151	WPAJWKNCYOFZTB
1248	0.4816543000349364	7	2317	221814	IESLWBVKXPGPQJ
1249	0.2998138352305229	8	2317	235472	IJEYJQAPQVCFJK
1250	0.40481293688235404	8	2317	236161	BJWKGFBYJPLIQS
1251	0.43612586371830264	7	2317	242590	RMWYNGTXQIWPHK
1252	0.2923172741317814	8	2317	245873	KNCJXWGKUMJLLE
1253	0.30513827941089783	7	2317	246568	XMFSQKSJFSGAHJ
1254	0.33087345105802374	9	2317	256666	FYKIZBPSTADBEK
1255	0.33278449238351815	8	2317	257414	KGQNHQFCNRBBCH
1256	0.4037141497964648	8	2317	259074	QPJRFHRTQNTKHS
1257	0.36574908363865294	7	2317	271553	XOSUIROVCFABAY
1258	0.2412864091365764	7	2317	272773	HAFQCHYKJMFRGP
1259	0.5224014102560265	7	2317	274642	RVQCZHZIMZMGAD
1260	0.5606546487225472	8	2317	276099	RMRHQECYAYWBIS
1261	0.6171616497050375	7	2317	280868	LRECIABFFPIQSO
1262	0.3111756836731158	10	2318	113011	OSINFMIOMWBGDS
1263	0.6123861542444715	7	2318	122181	HRTCUJBTNCFSIO
1264	0.23941485471186924	7	2318	151954	OKNKACRVIGPQAW
1265	0.4933277682725853	7	2318	164434	UJHOJFYNJYVNOZ
1266	0.47711220111632474	20	2318	223567	JLXVRFDTDUGQEE
1267	0.6534727163216858	19	2318	275570	XUUXCWCKKCZEAW
1268	0.46558203055372827	8	2318	277715	OJOPCZUBBUSXGR
1269	0.39386806169331284	7	2319	168821	PFYZRZOUDJVNSM
1270	0.37152518603817963	7	2320	41874	VCDSPMHMHZTILR
1271	0.3000524942476583	8	2320	97829	CLFDZWJTRTXHNV
1272	0.6028134260016152	15	2320	233113	OAMLVOVXNKILLQ
1273	0.5869349400409509	13	2320	233952	CIOWSLJGLSUOME
1274	0.40188257949393413	7	2320	238619	LZWWEWXPJDKRIW
1275	0.33949154289400757	8	2322	181764	KTBSCUNHJHKRPA
1276	0.3544897660913779	7	2323	144759	YXBDSGAPQHJCIN
1277	0.22983879560944276	8	2323	183222	FRRDNUIIZDKPFD
1278	0.3817819098145562	8	2324	134311	QXRNAOYBCYVZCD
1279	0.5829983826583864	8	2325	31696	BTBCVQAQGJRNDO
1280	0.2959670329736628	7	2326	67816	XFLVJFHNXBWJDL
1281	0.42163669922871766	7	2327	70761	YJHFAFJKTXEFDR
1282	0.29183863536578203	7	2327	77567	RGAYCSMWAMNOSF
1283	0.70248351394619	7	2327	85454	SXVRADFYFHAOSH
1284	0.3487207848969566	7	2327	126492	FRKQXCXTRIFGAC
1285	0.5696579186397589	7	2327	136394	VSABNZFZVFUZGA
1286	0.29442241770270844	7	2327	150269	OQVJMFXCPCQPLG
1287	0.38157096773515564	8	2327	155716	YDWIIBRQNZACSH
1288	0.4150939804429004	7	2327	185882	OBIGGACUEAIFMA
1289	0.26053330686244913	10	2327	211360	ZTPXHRXMKLAVGG
1290	0.5096505572642943	7	2327	211740	JJKHSUKHIOSGQI
1291	0.2960522310279631	7	2327	226099	LZNRHCGNSYUMNG
1292	0.2775316879649275	7	2327	226329	FRAXXRVHRJWSCM
1293	0.4466762020752716	7	2327	268516	SFPJDANZIPLSTD
1294	0.5651060003955638	9	2328	59288	CTSOUSRCWCZQCB
1295	0.20306228552310515	12	2329	148563	VRPTYZSPBLYXAD
1296	0.27518730285357473	7	2330	211793	PQKTYRJLSIDFMW
1297	0.5313238091225407	12	2333	46981	ZOKVLMBYDSIDKG
1298	0.6644157651525162	12	2333	58476	YKRQRPFODDJQTC
1299	0.23710260662472857	17	2334	203522	IKHFJPZQZVMLRH
1300	0.4878186880805344	10	2336	246806	UOILBRZCKBLNDS
1301	0.519543950518713	7	2337	243153	ATHGHQPFGPMSJY
1302	0.27095949790284224	7	2339	19702	BUGJJLOUCDBMAS
1303	0.24312498976867972	10	2340	97225	YGNXEZOPSLBXAG
1304	0.2421455285244155	8	2341	103682	BPKMPDBOJSCKEJ
1305	0.6449519761771124	8	2341	235613	JOWTUFDWMRQOEN
1306	0.3259105629560933	12	2342	62930	NNUOUKPPTMCFQE
1307	0.2737123563641198	7	2344	40702	JMIHHZJRBXJKLS
1308	0.3322161542733743	8	2344	94208	CGFRNNVBYXSTHE
1309	0.24331350411784525	7	2344	145705	MQOMHFMKUJFDBH
1310	0.21673202403995706	8	2344	222501	OENWNCIXTGHZLR
1311	0.7658002050630041	8	2345	24256	IZQGEZGZCIIKOP
1312	0.8861208859030544	9	2345	69756	KRBMQYPTDYSENE
1313	0.6100640902456805	8	2345	82259	YZMPDHTZJJCGEI
1314	0.7892277204516788	8	2345	175024	MYLPOAPVPIJSGR
1315	0.48418765091402566	8	2346	70798	OMZJKSUONYLCNL
1316	0.41466996557974306	7	2346	210253	AULGBYCWKJOWIY
1317	0.4967841887477585	10	2346	250215	TWLRRSVJAXLDPR
1318	0.4318784961671495	13	2347	28316	UGTZHPSKYRIGRJ
1319	0.44695894635591443	17	2347	40789	LNLLNTMHVMIMOG
1320	0.3310441923934706	7	2347	42335	GASLQKLINLFAPU
1321	0.6350485977123974	17	2347	63106	JPKNLFVGUZRHOB
1322	0.36732372698459825	16	2347	236428	BBBXWRGITSUJPB
1323	0.3192707623456185	8	2348	25442	VRUYEFQLMTVERU
1324	0.6332361949164513	19	2348	25911	NPDLYUOYAGBHFB
1325	0.6960303453355832	10	2348	54396	UPLLAHJXKAOMHF
1326	0.2471663920415012	9	2348	54453	WPTUQMUCTTVOFW
1327	0.7408642191676817	19	2348	97931	JSLGXODUIAFWCF
1328	0.6551819181079327	9	2348	112331	PIFVUABPAUPHCD
1329	0.43719347355865446	9	2348	196631	KGNQLIBQXKIUBX
1330	0.3507719266553334	17	2348	213125	MVHFMLCRUSMGMX
1331	0.3993782206112299	9	2348	232914	GSLPCOCJGVTOIO
1332	0.3153084458215583	9	2348	258957	HCZNPUHZYPPINM
1333	0.2728417590180617	8	2348	270359	HQVGCMKPDWKAJU
1334	0.5475945095426868	7	2349	21190	LZOBTQFAAZQLPU
1335	0.46364774679012954	8	2349	45772	PUXJBBDNPJFKAM
1336	0.2772615524237927	7	2349	70701	KLOIYEQEVSIOOO
1337	0.25373312172789286	10	2349	202979	GJQVSSLADSEGDL
1338	0.4177225740270802	12	2349	237843	VJLHQOFHYPUZLL
1339	0.43616386257375567	12	2350	64446	IKAIKUBBJHFNBZ
1340	0.6718235008303647	7	2350	238137	HGNRJCINZYHNOU
1341	0.4359181359519544	8	2351	12592	FRRVGRCLXTXJOB
1342	0.7031498092972143	8	2351	41874	VCDSPMHMHZTILR
1343	0.6026231743333095	7	2351	48993	FEPKUMYKOJNXBH
1344	0.5587632975920102	9	2351	97829	CLFDZWJTRTXHNV
1345	0.5669688587012054	19	2351	102341	IJYZHIOOBGIINM
1346	0.408971153326678	10	2351	152160	VNNQYZLNEYSKDK
1347	0.5420327745939176	8	2351	179860	DJXZMJWCDITTEO
1348	0.6028781203971525	17	2351	207377	RZEQTVHJZCIUBT
1349	0.5965928038203288	7	2351	225143	BRJKVEZOBBRQDJ
1350	0.39199206733136127	9	2351	232472	GPONHWSDHNCYFZ
1351	0.234988633388527	7	2351	257490	DLEYFILNNFMARG
1352	0.3418294584814732	13	2351	263364	AXKHXUMOECWSPG
1353	0.20159657759927124	8	2351	268225	VYFCXJJUVVOWSV
1354	0.406901908632653	8	2352	284042	MJCQORCESAPFCR
1355	0.39197944089083653	7	2353	2172	OHJYNGOVAZUEKF
1356	0.20562112136068603	7	2353	22868	QRCTUFJCBXMBPP
1357	0.24675377327617776	7	2353	29924	DEWFEGAYVMERFF
1358	0.22241334722300954	9	2353	49245	BSVVKCYFWUIZLC
1359	0.26989233387100187	9	2353	50218	YWAFSTAPSPQVPP
1360	0.31359591052013636	8	2353	52007	OGMOBRCVARJBFB
1361	0.302411195155263	7	2353	102810	ULXVHDBQEPWLDR
1362	0.28519655989022413	8	2353	105006	CMUGLDJTLLEUBT
1363	0.21446786724021877	8	2353	109481	UFRLMTUHNLTWIZ
1364	0.22803572677421477	7	2353	119942	DGXNORYLNOBGEV
1365	0.2983244453521231	7	2353	158983	UDAQXTOMMRTMKH
1366	0.36452922789142483	9	2353	161158	YUIYCQJDSNUSCD
1367	0.27989208496194073	7	2353	172576	OTGXSXSAUGEVPE
1368	0.3656284802964323	7	2353	172867	CBQMSTBWOOOTIJ
1369	0.2439953759875344	13	2353	181761	GBXSMTUPTTWBMN
1370	0.2274898915923823	7	2353	182556	METCZOHMWLJDQD
1371	0.20942854907359315	9	2353	251027	IJCGYKJLAZFDNU
1372	0.48986342464279464	23	2356	11298	QJMCHPGWFZZRID
1373	0.41833302136901485	7	2356	11393	MJZFFAVGHWJTJN
1374	0.2630341940792685	7	2356	13141	TYDAVVLLMQXJBM
1375	0.3761163370841071	7	2356	15534	AOOCSKCGZYCEJX
1376	0.2474673947888456	8	2356	16662	SLFJNCYZBMUTFR
1377	0.4042999533434199	9	2356	24561	QPDMOMIYLJMOQJ
1378	0.2621515505633311	7	2356	30253	ZDGMMCGYZOUNQP
1379	0.4244550045310028	12	2356	31688	FLAZKCMOQNUBTK
1380	0.2498253959243013	9	2356	54678	XFQZPZFTYDDJIR
1381	0.3564960483998928	8	2356	60572	UKAIGLPSMCEDPR
1382	0.4987680077851587	8	2356	61572	HDEXKFWRBAIRHI
1383	0.34634164336569906	7	2356	86815	IJEQRAOGPKEXEG
1384	0.35610964576036697	9	2356	107104	HBHCBIIRYVIJGE
1385	0.29484794554667687	8	2356	111586	RVYSVJQJLLVSQF
1386	0.34313335860346333	8	2356	120203	ILMZKIAURDMXLT
1387	0.24994734774646168	8	2356	123324	RCINWCSGJZMAOQ
1388	0.315163559238181	7	2356	139668	WASGYVQSAZPDIT
1389	0.20642684431282127	8	2356	141942	VIFLRDCGNFHSSK
1390	0.3043651175941308	7	2356	145092	RFEBXOACIADDAU
1391	0.3112855748358525	8	2356	165860	MXUIHJGOBSDXKG
1392	0.21518744456963237	10	2356	177972	YIXVBISJCATYND
1393	0.2259063505581655	9	2356	178386	UJNUPYSAYCPRDL
1394	0.30983871787249595	13	2356	206262	PYKYIMCTZCJSJP
1395	0.2415273132326461	8	2356	221870	AWCOKEKYXUVULZ
1396	0.33313549122935254	7	2356	222106	DRMIXJGFDXRPMS
1397	0.2505047171492536	8	2356	245821	JXOIHFVZSJWYBB
1398	0.24908176839250065	7	2356	248445	FRFCHESZCOFWTN
1399	0.20561122213427568	12	2356	256990	VLTYZZCALDIHPH
1400	0.35763775975769	7	2356	259029	DIBXOBBIICUONB
1401	0.2732137362298162	7	2356	264892	XXSOVMSTJJYBOO
1402	0.20136985987272957	9	2356	268822	LIQKTQMCDRLBJR
1403	0.597431867189964	20	2356	277627	JPNRPAJITHRXRH
1404	0.3135928123734417	16	2356	283898	ALIBGDLGPQIBDM
1405	0.5443560231523294	12	2357	95427	HFKJBCPRWWGPEY
1406	0.24144085677405938	10	2357	135373	LZDNBBYBDGBADK
1407	0.4127283108744062	13	2357	175959	MPZWMIIOPAPAKE
1408	0.3559245250076556	9	2357	202782	FKIGOUKDKBOZID
1409	0.40332926386376156	13	2357	273207	AKAHWGGIUSJNNM
1410	0.34350138633138794	7	2357	276761	QRLFNGNRLBMKBQ
1411	0.26946773169495647	11	2359	21824	ZTJJIBURSBTUAR
1412	0.23319955002057807	8	2359	55366	KFJCKGHURGOYCG
1413	0.42878332954501513	7	2359	61568	BJDOEQCQNLBDBQ
1414	0.5053929974841661	7	2359	88840	WXCVDEUJZBRYIT
1415	0.20853221801210134	8	2359	92387	URNXRKWZDFHSAU
1416	0.49978196842396494	9	2359	96335	CNEADBPJIPHAPD
1417	0.5072742431477518	9	2359	109970	JAHUCJRURRJKRD
1418	0.25241813839434063	7	2359	134569	ADEAEUKXVJOXIM
1419	0.37480736118187413	7	2359	160755	LAYTWLGOICEGFT
1420	0.4361185061208252	8	2359	277660	CKLSVRXBFWXLDE
1421	0.5789943376859717	17	2360	21013	IQPWNQRRAJHOKV
1422	0.23924447626937612	7	2360	55550	ANYAYOXOTVFILM
1423	0.2811977022955855	9	2360	283542	ZXUQSKOTCGZCHH
1424	0.23476096661734497	8	2361	10979	KUYJWBPGCKZFTH
1425	0.3177886976005148	8	2361	58272	VZUIBLOZHYYUON
1426	0.38303505164303386	7	2361	114131	ATXCWIIOGZFJCZ
1427	0.27323832969624207	8	2361	118671	GNSKDNKVOSRHRE
1428	0.4172800744709698	11	2361	122732	QSNHYOPKYUTYCK
1429	0.29452600314887856	8	2361	135985	JLJVIEXZXKXNAZ
1430	0.30158492363332073	9	2361	138678	PTLYOYNZZDSYSJ
1431	0.41178184688526426	7	2361	139977	XJODSYDWNGXKRJ
1432	0.47135360865089776	7	2361	147968	RZJIBEVEDZVFSE
1433	0.2955503936034598	8	2361	158615	XPMXYEFQBQWMEC
1434	0.2959971324304878	9	2361	161489	NXWLBJSHCPLDLQ
1435	0.29333945215082985	8	2361	209725	DIKBTXNOKQJEIK
1436	0.2637553969383882	7	2361	214415	GLDVIKFETPAZNV
1437	0.4006608498377245	9	2361	240920	CJUFYKORDZSOLF
1438	0.3578593943083222	9	2361	241300	HPJZWBFOEUEKQQ
1439	0.34765712666310183	9	2361	255245	QDWAXHUADNCTMW
1440	0.3390125105474477	8	2361	260151	VSUQUSVBOASRIA
1441	0.2569539668853417	7	2361	280568	XDCWGMPAZYVPRX
1442	0.22528450784681883	9	2361	285523	RUEDYFNZWFDQJO
1443	0.2989646388577285	8	2361	289012	BJTHOGLBSHINBS
1444	0.4226471749728509	11	2362	28316	UGTZHPSKYRIGRJ
1445	0.38904506355073365	12	2362	40789	LNLLNTMHVMIMOG
1446	0.8754594087246976	12	2362	63106	JPKNLFVGUZRHOB
1447	0.2646289833183256	12	2362	236428	BBBXWRGITSUJPB
1448	0.6770537116120999	12	2363	22262	YSZNURNVYFUEHC
1449	0.6729723206589722	17	2363	57533	IMSOBGJSYSFTKG
1450	0.22084138962996683	16	2363	146701	XVGBKWQWYRNGDG
1451	0.5782297803826786	18	2363	148069	SBMNPABNWKXNBJ
1452	0.20483058179442373	8	2363	195668	PHANHBRQZNTKQI
1453	0.20821970403043233	8	2363	204578	UCZKCDVFOFEBTO
1454	0.27591682075774404	8	2363	252712	JXMSGYYKVRNTSG
1455	0.20874777463892186	8	2363	287933	JUMBEHLEQICDSF
1456	0.20084105264485602	7	2365	126492	FRKQXCXTRIFGAC
1457	0.32561274305014737	9	2365	136394	VSABNZFZVFUZGA
1458	0.2140382251345355	9	2365	155716	YDWIIBRQNZACSH
1459	0.32145892962759226	9	2365	163221	KGVAAXZLUAKZEO
1460	0.2252766836815256	7	2365	185882	OBIGGACUEAIFMA
1461	0.21029325107228145	7	2366	5971	JRTIKBMBXBPGNG
1462	0.2791131818174496	9	2366	9556	YVHZSHLHIUHLCM
1463	0.6006875365632847	21	2366	16675	BFSYFTQDGRDJNV
1464	0.3295619145732852	7	2366	40087	ZRILRSOPEHSHBG
1465	0.24368473536580595	7	2366	44794	CEKDKDCPOVSUBX
1466	0.2804410171753692	7	2366	47265	ACNXNUFAMRWFQW
1467	0.24955128595264056	9	2366	51140	IGOTYBMCEPJXDL
1468	0.29940608034220073	8	2366	51198	GRAPHCHSEGTYRN
1469	0.3053863958963662	8	2366	53016	ODZUPGUSIOTTSS
1470	0.2330636518532768	8	2366	58095	LHMJRRLGZPCRAH
1471	0.3459880359165787	7	2366	95389	SMFDUNDNVFMERG
1472	0.29118766551642344	7	2366	106854	QBVSABVMVPCSEJ
1473	0.20880681321679115	9	2366	113610	XPQGXORPENMVHR
1474	0.22377222164813723	7	2366	114428	WCMAWWIQISCHNQ
1475	0.23759553017879298	8	2366	123070	XYXSSTQSUDGMMV
1476	0.327396579515995	14	2366	134325	DVXGTBWBYFEERZ
1477	0.6102480554352	23	2366	142387	ZAWLGBRDVQURAK
1478	0.25354695427198237	7	2366	152751	BMTHJJMWAGGHQC
1479	0.22471598971059997	9	2366	157000	XVNOHAQYZIGMCF
1480	0.20324082649568317	8	2366	164226	YYMLSDZZIONHQX
1481	0.31944672791319195	7	2366	174663	LZKXBUNPFIYTJY
1482	0.23996777293764437	9	2366	179782	SIPZPOSXKDFDJR
1483	0.27249583224865115	7	2366	181662	GMUZVRWOVIOSAG
1484	0.29209793468302253	8	2366	181728	SOHUHIMLDXOFBI
1485	0.2570437745052005	7	2366	182565	ISAZYTVNCAMCRX
1486	0.2933895667683746	9	2366	183397	ZZKMDFGLUQEYGB
1487	0.32692419419076635	7	2366	189065	DKZWNGVSFWOEDT
1488	0.26568691694690544	9	2366	199781	QRIDDVDKSXHDHM
1489	0.2574160227580465	8	2366	210884	NDRMXJQIHGDADJ
1490	0.22455916066021273	8	2366	211046	BRNRZUWILJEQSZ
1491	0.23932815599530585	8	2366	212395	GKFVUEOYWZJNBJ
1492	0.3420297048792999	7	2366	216427	OCDRYJIMVCBNSI
1493	0.4084904136573847	8	2366	241719	MZQAQDFAVDYWKZ
1494	0.2047650239391588	9	2366	249162	FDSYJSBLPXPUKP
1495	0.21032358220222447	8	2366	258459	CYTCTRAEJYIZRX
1496	0.20393560302771904	7	2366	260036	PSJFPRLDKNCZGQ
1497	0.27552177239039416	9	2366	268541	DZVYPGSJYATFHF
1498	0.37618102277323134	7	2366	269036	OJXRIQPTGOMHMO
1499	0.21094101293723397	7	2366	270090	TUULVEFCUUWTLG
1500	0.3788024992228221	7	2366	277637	JDSAQKQEQDPDIP
1501	0.3144133255246103	7	2366	277777	DGMDZTUKWDQSTB
1502	0.2715838166718158	11	2367	107359	KBUBZAMBIVEFEI
1503	0.2368067111913259	9	2367	150507	UDFIHUCOBHHOBR
1504	0.23621273706957807	11	2367	153474	MCCDONDJMCBPNA
1505	0.7768720256453832	18	2367	237052	FBTYOQIYBULKEH
1506	0.3387308144534382	9	2369	4496	XPKMYSGMENLPIB
1507	0.4600080073803795	12	2369	26981	LAWXJUPNZNBRDV
1508	0.395320691785634	9	2369	51917	LNDPRITVIFKMJL
1509	0.38006646713447156	7	2369	57510	JCBFTVVDJBFDDD
1510	0.2511075023274843	15	2369	104918	DWHMGFROGDTAJR
1511	0.46982315236204936	7	2369	122102	ZSVCDCCZZTUVMY
1512	0.3726585422136739	7	2369	216725	SPWSUFUPTSJWNG
1513	0.40448740794899596	8	2369	229306	QAGOKKIRIONYAD
1514	0.35583421399067583	7	2369	250379	YUUHTZSDSDKWDN
1515	0.388757990013041	8	2369	270227	KWQURPQPOKEJDR
1516	0.4874613092864305	7	2369	280946	UTTZNWQGZHNUIG
1517	0.45560601410217727	8	2370	12592	FRRVGRCLXTXJOB
1518	0.7453053274668673	8	2370	41874	VCDSPMHMHZTILR
1519	0.5479622339032183	7	2370	87923	BRRDATYVUWMJSQ
1520	0.5919015325099042	8	2370	97829	CLFDZWJTRTXHNV
1521	0.5822520120661551	18	2370	102341	IJYZHIOOBGIINM
1522	0.43040379883163327	10	2370	152160	VNNQYZLNEYSKDK
1523	0.5370723822157238	7	2370	179860	DJXZMJWCDITTEO
1524	0.6349747681659743	16	2370	207377	RZEQTVHJZCIUBT
1525	0.6325471150901051	7	2370	225143	BRJKVEZOBBRQDJ
1526	0.4138050077502584	8	2370	232472	GPONHWSDHNCYFZ
1527	0.3579355973845572	11	2370	263364	AXKHXUMOECWSPG
1528	0.21563859953947276	8	2370	268225	VYFCXJJUVVOWSV
1529	0.2908035402771315	17	2371	73320	ZAZHPBXBNGWCDV
1530	0.3524244091754675	17	2371	249637	NLEHZOMZLCBMKF
1531	0.5102500766987705	13	2371	259913	JEROBJSONOURKW
1532	0.2828752452190197	7	2373	100840	OJUMAFDYWJDVPA
1533	0.3575030261501478	12	2376	229477	MMDYTVSMFNLBAK
1534	0.47446718798555343	30	2377	15190	BNRXZEPOHPEEAS
1535	0.41724492063913077	9	2379	59423	VDMDVMLESNROMD
1536	0.27540982169506084	8	2379	84354	IIAJFEOSAJZPPZ
1537	0.4820411317360782	7	2379	132056	KJTJMPLOHNMNKP
1538	0.2830805079669284	8	2379	158411	XRUJOVRWNMBAAA
1539	0.34225705219668096	8	2379	271777	VBHHNENFZAONCS
1540	0.42397455211459334	7	2381	6803	AFRTUXMOKYWHEU
1541	0.33030728925783265	7	2381	10999	BMZQSJPEGUQSCC
1542	0.5118486550347223	7	2381	29603	OQULIVDFDLHSKR
1543	0.2859547419238735	7	2381	64979	OUOLTOTTXYKBAH
1544	0.44609719999436265	7	2381	72886	TTYINVYQSOYIRU
1545	0.21996737176212958	7	2381	77132	PXSUBLMVADHFOG
1546	0.2084762612919005	7	2381	103682	BPKMPDBOJSCKEJ
1547	0.5108121979085335	7	2381	107760	NWAGJEHYRXNHPW
1548	0.5035872966714997	7	2381	120989	QZQPRYSKCKJNCO
1549	0.3367487103905212	7	2381	122883	GSFTYBWBSKQRGH
1550	0.3793592862350111	7	2381	131018	MFBXVHFBISQHLH
1551	0.37657891960762574	7	2381	158759	GNTXYCFFUGFYMK
1552	0.2302376199853209	7	2381	200870	DNYXRLCGHGHJGU
1553	0.30624507571954146	7	2381	226472	UICRIZKNKXCEMT
1554	0.2843381904462151	7	2381	252505	MSFRPQRZSHPFPM
1555	0.4722094160585975	10	2381	262797	XNSAINXGIQZQOO
1556	0.5263307139831734	7	2383	54520	YQXUGVCMIWBNGS
1557	0.38226138378735525	7	2383	102722	GVGYEFKIHJTNQZ
1558	0.6215026805037875	15	2383	142535	SIFXMYAHXJGAFC
1559	0.3614319735104351	11	2383	166353	OXGGYEZTRLRHHP
1560	0.5248205153824533	7	2383	172181	IYCCFGSYWHEKDC
1561	0.2449945359194077	7	2383	197405	KQBPHAMPXSFIPO
1562	0.32171087903340906	9	2383	264297	KNAGLFRHSWIJBB
1563	0.5595252402924575	7	2383	285426	NOSFEQOTMWZZBB
1564	0.2243874795568062	7	2385	2860	NKKARPKHGCESHH
1565	0.24427085554106082	14	2385	9898	USCNPLNVQVMWKV
1566	0.2987009859109715	9	2385	11369	OMQCWEJQYPUGJG
1567	0.24909253948080212	9	2385	20474	GYJNAHSPSGNXIF
1568	0.5674410252710317	28	2385	21013	IQPWNQRRAJHOKV
1569	0.21204344312002577	10	2385	21865	QHTWVJOMDDBORA
1570	0.3112692209230113	9	2385	23818	WKUOPGZYLRFCHJ
1571	0.3447902439282984	8	2385	32400	QPBISJOGTWZEHQ
1572	0.4560837837295598	7	2385	34923	XNKUHAHPEOMHLA
1573	0.5126694118313796	8	2385	35427	WGVIRXSVGNPFAX
1574	0.28856695985000086	7	2385	38355	WOBIYOUKUXILKH
1575	0.24142055169608154	7	2385	38560	MPMVQQPKRNZSDV
1576	0.32770670695737547	7	2385	53532	AKFBPFXKQZFPFL
1577	0.29225436767013446	11	2385	54283	YEEJXCPTBFKPOA
1578	0.20610218055846224	14	2385	55550	ANYAYOXOTVFILM
1579	0.3930478007496337	9	2385	63890	QQXHZJNYZQQVRZ
1580	0.32704627460263347	7	2385	68613	SLIFIKMJTDYTJV
1581	0.21319772921110391	8	2385	72057	ZMQPXMBRSIEPJQ
1582	0.2183604017206371	12	2385	80203	SAFFYRCQDFKPOV
1583	0.3707381136323691	7	2385	81137	CQXWQSADANSNJW
1584	0.24474662696327404	9	2385	86490	MPBKCXXGPWCLDD
1585	0.2596002130553227	7	2385	98609	IDJQTNTZPPTSEU
1586	0.3371710602324091	13	2385	103633	KTPMGTIXJWEUNR
1587	0.3845782637803087	10	2385	107482	CKHMDPMOGLKXHJ
1588	0.24096958480121689	8	2385	117277	GWOXTKUSUXAZSB
1589	0.4068644717365089	8	2385	120362	ASVCVIRNTVOHTE
1590	0.33572878398738665	7	2385	122078	PZGAEBIPXRQKFC
1591	0.39175170131012826	7	2385	131215	DREHJXZHUCILLE
1592	0.40461973282990293	10	2385	132180	ADPDJDKFIYGJPX
1593	0.5523203838727041	8	2385	134816	BGUBTIGWBFXLGY
1594	0.3183433966682247	15	2385	143862	ACXODXBUYIMEFD
1595	0.21820459119043853	10	2385	164946	LMGGWELCSDOKNG
1596	0.22238657978379373	9	2385	170515	LXRIJVGNDSEBQX
1597	0.30903229568509516	9	2385	171178	LDQOXMVEVCLTTM
1598	0.48342038452660363	7	2385	172986	QGQPQHFFISNKCW
1599	0.21777514562727932	9	2385	187538	GAHOCRFJJCFALU
1600	0.32425491067424916	7	2385	203578	MYBJWOFMVRJZGH
1601	0.211482721594942	14	2385	210189	KYDBWGRCKWMGOO
1602	0.2833800217465922	8	2385	210364	KPKVDWQJGWXVTN
1603	0.3948201812706173	12	2385	223204	UORPENNKHKMXSG
1604	0.3529281130305477	7	2385	224524	CUWBJCBYZZKRQZ
1605	0.5839445495268026	7	2385	228852	YEJOGLGTCMPSQQ
1606	0.4740407075797451	7	2385	231048	JWXVSQGKALYNIU
1607	0.21721108887709342	7	2385	231644	FNGGTASNJIZMGZ
1608	0.2090899446927865	10	2385	235152	RVFYDHCJYJFUAD
1609	0.2169512193127872	12	2385	244277	HBBPSZMHZYLCEF
1610	0.45689843041365585	7	2385	246836	UXQRQUWVFFNSKE
1611	0.5609001031012238	7	2385	248660	JTJYZGTVZHYAHW
1612	0.2075050178540049	8	2385	250748	QKUUQBHLXIHOGB
1613	0.515778377030033	9	2385	252812	OYYZWRVOMXLYIZ
1614	0.3039774963010578	10	2385	253327	XGYOGKCULAUKGU
1615	0.4568407248359978	7	2385	255705	OWHJIFBGXNKCCV
1616	0.3180617494932367	7	2385	257523	KUOBBZCXVSNVQG
1617	0.26392850304762666	7	2385	258719	VNUGGVPJAGNDCW
1618	0.3169154662793488	8	2385	263054	JWPAVAPOANDRMB
1619	0.39316241661019924	7	2385	263992	RUJJINASGSJJBC
1620	0.2462258215035461	12	2385	283542	ZXUQSKOTCGZCHH
1621	0.4258756713826362	10	2385	284546	GEAKLPVKLKYFLZ
1622	0.23205294179480918	9	2385	285800	NOSFDEDTECLESF
1623	0.2883429683728423	8	2385	286665	GOKMCEPAKYDIRF
1624	0.23046469000357067	12	2386	63939	VVULKSCKRBKZQX
1625	0.21750210188443334	9	2386	91503	VCPNUFLMOXRQGI
1626	0.20382599231311804	14	2386	103916	LVMADDXZVOMHTH
1627	0.31362266570984765	9	2386	111031	INAHHZGABKVHDE
1628	0.3620822313908128	10	2386	111967	HWXUULZEZCQPLE
1629	0.3222490190025287	8	2386	128586	ZSXWWLROIRICMW
1630	0.2749701869842025	7	2386	135020	XFGATWSZJCRYIZ
1631	0.27996179997938253	16	2386	142034	LUBDISRPOXFANL
1632	0.4905456860001437	10	2386	157726	PRUYLDGNBVOCHA
1633	0.27441305852197173	11	2386	215000	HYVRDAVINPRPHX
1634	0.3369362095897509	14	2386	224350	OPCNBYUJAGAASS
1635	0.23165958794262795	14	2386	247191	OGUZZVIJHOTFEW
1636	0.6866276911761926	9	2387	22262	YSZNURNVYFUEHC
1637	0.6728484222863861	13	2387	57533	IMSOBGJSYSFTKG
1638	0.22791617583233054	9	2387	146701	XVGBKWQWYRNGDG
1639	0.6058695447046167	12	2387	148069	SBMNPABNWKXNBJ
1640	0.5564005854766764	8	2388	41874	VCDSPMHMHZTILR
1641	0.4755491913462045	7	2388	48993	FEPKUMYKOJNXBH
1642	0.4422397568007774	9	2388	97829	CLFDZWJTRTXHNV
1643	0.32492609574611636	10	2388	152160	VNNQYZLNEYSKDK
1644	0.4974052950837388	8	2388	179860	DJXZMJWCDITTEO
1645	0.4724148762210828	7	2388	225143	BRJKVEZOBBRQDJ
1646	0.3444715932175978	13	2388	233952	CIOWSLJGLSUOME
1647	0.27022195350757017	13	2388	263364	AXKHXUMOECWSPG
1648	0.3045337847280318	7	2389	74117	JKLCERLINKCBEF
1649	0.4768193000485026	8	2392	94766	NNVWKIHRHLCZEU
1650	0.37819452520988184	9	2392	104217	JALVGDGROFEEJD
1651	0.21860314246564755	13	2392	147855	FZBGMXYQPACKNC
1652	0.2755484234344306	7	2392	193254	CRROGTXEBBUBPC
1653	0.2881583782804938	9	2392	274905	LPWXDYPENKJYSQ
1654	0.5347446472057384	9	2392	278951	UEJKTNXAIXCFSD
1655	0.22354685935092283	8	2393	83966	VBCIDGIPTKGREO
1656	0.3307261593714718	7	2393	153697	JFPPAMKYTXBMED
1657	0.2605473595824381	8	2393	208521	JYRNWDFSBDZJDV
1658	0.5289779525020283	12	2394	14518	IIXXOKNZZNVVTK
1659	0.3403286881844417	7	2394	50483	MNFMEFPMUGWNCI
1660	0.4674742827327123	7	2394	85594	VRIQQGSSTSKOGR
1661	0.20651420376277946	9	2394	93355	JKVHMQFXNMEOSL
1662	0.21417670845472728	9	2394	105327	RCJFBFLKNJWIDL
1663	0.20061807006598523	8	2394	109224	OHBXSRVIYYVINH
1664	0.5311597797866274	10	2394	117029	IWIXXHDEMUXTSB
1665	0.3032806217964707	8	2394	127522	IPKISNGUERKNJL
1666	0.2851393579534251	8	2394	180478	WULQGBINMZBNFJ
1667	0.22309971726427846	7	2394	182160	SURHFMWOJCDRBY
1668	0.4455216915947384	7	2394	188556	QBWNXTVYEZBVKX
1669	0.2762296578937292	8	2394	213756	CYBWDGOHPIQERY
1670	0.2827183594323943	7	2394	214903	IMPYLWTUBJWLNC
1671	0.29936066443757203	8	2394	223821	IWPYBYYIKMWWGA
1672	0.20734733297738242	7	2394	277280	CEAMYRLNQUHXPU
1673	0.23127605299713563	11	2394	277332	MRTUFVRJHFZVOT
1674	0.36861230958956354	8	2394	281346	HSFCGFNWQSFFQM
1675	0.2573600455225334	20	2395	85985	FMNCPUGORYYCEM
1676	0.3724558994511554	8	2395	120411	HKVXJIPTDPLMRH
1677	0.29929610636200593	12	2395	122732	QSNHYOPKYUTYCK
1678	0.23505198155308402	7	2395	160662	UAAUIGGJJFTEBJ
1679	0.464046197333264	13	2397	74941	MEFNTMKESSGLSP
1680	0.6035531195483561	12	2397	103415	OAPNERBWQWUPTI
1681	0.8311001108315872	22	2398	7904	NSSFBLAWOMFCOV
1682	0.460720079699532	18	2398	53043	OPINTGHFESTVAX
1683	0.5380988624673614	10	2398	64139	VPPDVMIBZXNZES
1684	0.6344975811295402	7	2398	75229	DYEJLTKYPWPEJT
1685	0.7907640724969556	23	2398	85824	PMGDADKJMCOXHX
1686	0.6232182605672844	13	2398	86347	RYXHANAVTISKEF
1687	0.3225904717841986	9	2398	89353	DYQNYIHFQZDARC
1688	0.3960871246118739	11	2398	169548	YUSUBTWFELLECN
1689	0.2072437427096019	7	2398	175259	JENSDRCOEGISIS
1690	0.2630281108358892	7	2398	177036	JASLHRGORGXSTG
1691	0.2708876815240655	11	2398	180724	FROOGKVRWMYTPK
1692	0.5369654895831246	11	2398	183403	CQRQHABGNBHMFC
1693	0.5747909458808791	8	2398	184531	RSGRSUVVCYUKLM
1694	0.6021546026201491	8	2398	198663	RCFAHSGZAAFQJH
1695	0.5997966634883183	8	2398	206936	RJZQVFRNYPBISN
1696	0.22538348120800644	9	2398	212416	RTKIYFITIVXBLE
1697	0.3381297621679647	9	2398	262595	VAHKEXGAPJHHGJ
1698	0.2836543269599156	7	2399	120411	HKVXJIPTDPLMRH
1699	0.24493685345806207	12	2399	122732	QSNHYOPKYUTYCK
1700	0.22740727790436036	8	2399	182450	JPJQULLMOMCISM
1701	0.41959465914692456	7	2400	12592	FRRVGRCLXTXJOB
1702	0.47256882927295824	7	2400	27847	YOKBTBNVNCFOBF
1703	0.5093589180928528	7	2400	41799	LWQYGMPJSNROAE
1704	0.6880720730050277	8	2400	41874	VCDSPMHMHZTILR
1705	0.6305950408771102	7	2400	68237	QVOZBDJFWDSZQW
1706	0.5498767794912417	8	2400	97829	CLFDZWJTRTXHNV
1707	0.6798127300174769	16	2400	102341	IJYZHIOOBGIINM
1708	0.2379774123099057	7	2400	119402	JNYXIBXBHMJEBQ
1709	0.3967191087107613	10	2400	152160	VNNQYZLNEYSKDK
1710	0.554789878419015	17	2400	207377	RZEQTVHJZCIUBT
1711	0.5829451016758298	7	2400	225143	BRJKVEZOBBRQDJ
1712	0.3762836106517749	8	2400	232472	GPONHWSDHNCYFZ
1713	0.36942307891869225	14	2400	263364	AXKHXUMOECWSPG
1714	0.20696501526609337	9	2400	268225	VYFCXJJUVVOWSV
1715	0.7261002485808437	10	2401	22262	YSZNURNVYFUEHC
1716	0.7293713444166274	11	2401	57533	IMSOBGJSYSFTKG
1717	0.21234907735499686	9	2401	146701	XVGBKWQWYRNGDG
1718	0.35236268896275535	11	2401	148069	SBMNPABNWKXNBJ
1719	0.2643586976798989	8	2402	113011	OSINFMIOMWBGDS
1720	0.4902552886760137	7	2402	164434	UJHOJFYNJYVNOZ
1721	0.35777128493969645	16	2402	223567	JLXVRFDTDUGQEE
1722	0.8386250068818571	15	2402	275570	XUUXCWCKKCZEAW
1723	0.29694522699017156	11	2403	11298	QJMCHPGWFZZRID
1724	0.20211315971390234	7	2403	24561	QPDMOMIYLJMOQJ
1725	0.20662170924194576	7	2403	31688	FLAZKCMOQNUBTK
1726	0.5089218138701191	9	2403	277627	JPNRPAJITHRXRH
1727	0.29144265685349824	8	2404	25442	VRUYEFQLMTVERU
1728	0.5787749052837341	17	2404	25911	NPDLYUOYAGBHFB
1729	0.5794343597796091	12	2404	54396	UPLLAHJXKAOMHF
1730	0.8192196266694366	18	2404	97931	JSLGXODUIAFWCF
1731	0.5413365684872704	9	2404	112331	PIFVUABPAUPHCD
1732	0.3595443087417341	9	2404	196631	KGNQLIBQXKIUBX
1733	0.297726417575088	13	2404	213125	MVHFMLCRUSMGMX
1734	0.32685482335698757	8	2404	232914	GSLPCOCJGVTOIO
1735	0.30170640191052533	9	2408	68456	JCEIASOPZZRWEA
1736	0.3194908907092636	9	2408	105848	WOVFSYAJXQSJES
1737	0.31050533099301775	9	2408	141017	XZOYKSWUMHBJPJ
1738	0.24146195673268267	8	2409	21824	ZTJJIBURSBTUAR
1739	0.25237867689658006	8	2409	92387	URNXRKWZDFHSAU
1740	0.3063969573849367	8	2409	134569	ADEAEUKXVJOXIM
1741	0.2463088864719547	7	2409	228916	OEEXJHFQVSGEBK
1742	0.7381525687752468	9	2410	3726	LNCFUHAPNTYMJB
1743	0.388978775192531	10	2410	272696	BEPSGCXDIVACBU
1744	0.36005867698140914	12	2413	229477	MMDYTVSMFNLBAK
1745	0.3656888444228153	7	2414	2652	PMBMUQRFNVZUDB
1746	0.2784453702335389	7	2414	45772	PUXJBBDNPJFKAM
1747	0.269800270003491	9	2414	237843	VJLHQOFHYPUZLL
1748	0.7333804542482301	7	2416	248060	MYFWUKZYURBPHI
1749	0.7142452303362903	7	2416	282005	HNDVDQJCIGZPNO
1750	0.3435232267768252	7	2417	14121	ZWFSQWLYDLATHD
1751	0.4323498583411378	7	2417	26981	LAWXJUPNZNBRDV
1752	0.3301543640159135	7	2417	57510	JCBFTVVDJBFDDD
1753	0.34097068983363166	7	2417	270227	KWQURPQPOKEJDR
1754	0.28325493093673093	7	2418	111031	INAHHZGABKVHDE
1755	0.34142977055279533	8	2418	111967	HWXUULZEZCQPLE
1756	0.30986234182057837	8	2418	128586	ZSXWWLROIRICMW
1757	0.24305982474163976	13	2418	142034	LUBDISRPOXFANL
1758	0.4129715547376837	9	2418	157726	PRUYLDGNBVOCHA
1759	0.24473076053229822	9	2418	215000	HYVRDAVINPRPHX
1760	0.3259628056542587	11	2418	224350	OPCNBYUJAGAASS
1761	0.20805116888759587	13	2418	247191	OGUZZVIJHOTFEW
1762	0.21952751282802638	8	2420	8521	KHPBRJKLVIUPRG
1763	0.22927381056289065	11	2420	91219	PLJRJPNBIDCWND
1764	0.28418436285425797	12	2420	129572	QTZAJISIBYXRKG
1765	0.29808993618958607	7	2420	167917	QORHOAMPZJRLQH
1766	0.2072490936202777	8	2420	194117	LXBNXHUTCVFRFI
1767	0.20215894693171302	7	2420	218455	QSHYYIYLRZCESD
1768	0.253189055041055	9	2420	267073	UYAKMJUNAXPYTG
1769	0.23600682744244145	8	2420	276902	VSZILFSCHHLHOH
1770	0.26334447117157866	10	2420	288772	DTUUPLDKCMKMKW
1771	0.22217622203852072	7	2421	29985	YGXXFSKCHMIRPK
1772	0.28434946261755123	7	2421	91628	MIIHWGMQEHFNQG
1773	0.24410083030130347	8	2421	110291	FMRNCDXSOOJISX
1774	0.260673010026959	10	2421	110603	MUGSWIPDCQTGOG
1775	0.24127807100664414	12	2421	145874	JXWHIUUKXPMTQG
1776	0.22845862312731732	8	2421	250659	QPDWSFOINDDQGZ
1777	0.2304796782347139	7	2424	29985	YGXXFSKCHMIRPK
1778	0.2948477835316338	7	2424	91628	MIIHWGMQEHFNQG
1779	0.2522384117271142	7	2424	110291	FMRNCDXSOOJISX
1780	0.2675166628322923	9	2424	110603	MUGSWIPDCQTGOG
1781	0.2506429443120805	12	2424	145874	JXWHIUUKXPMTQG
1782	0.20508088913003114	8	2424	164794	WKPMXNGZXIRIRJ
1783	0.23601076977864663	7	2424	250659	QPDWSFOINDDQGZ
1784	0.37437683419732687	12	2428	229477	MMDYTVSMFNLBAK
1785	0.35638698196357055	14	2430	229477	MMDYTVSMFNLBAK
1786	0.21598321529888548	7	2432	282984	XWGXRXFYQSOFEO
1787	0.5256017582118264	10	2433	269689	HJFXGPLQIPLHSS
1788	0.2791184406763324	14	2437	115612	RPHCJSPQKSVBSH
1789	0.7990476041281253	7	2440	243153	ATHGHQPFGPMSJY
1790	0.5365710939253424	7	2441	554	FIHGINDTQGOOMA
1791	0.6521468769643555	13	2441	131828	JMNHYFJQGCEGHL
1792	0.5440773756537782	7	2441	217397	PLNBIPHLIPNPLJ
1793	0.7328655012370258	7	2444	248060	MYFWUKZYURBPHI
1794	0.713090611346081	7	2444	282005	HNDVDQJCIGZPNO
1795	0.2974907488449875	18	2445	267151	KGKQCUJAKSCORJ
1796	0.22987476568943455	23	2445	281038	MGTQLUNHALWRKA
1797	0.37646049731546416	11	2446	229477	MMDYTVSMFNLBAK
1798	0.8997040887991535	18	2449	284591	RWSXRVCMGQZWBV
1799	0.22284004609106295	7	2450	278933	GSBQSICGIBSDBW
1800	0.7937326046870221	7	2451	243153	ATHGHQPFGPMSJY
1801	0.39919895810959216	9	2455	10091	DUQJBBKYMADWET
1802	0.25179211143934954	7	2455	41419	NVTVXFHNZZSTKH
1803	0.3765406640396474	10	2455	144276	NXGAFUCUPABQGK
1804	0.423777924010394	12	2455	178600	OWRMWSSPJZYACF
1805	0.267655999888308	8	2455	259749	PZXIJQKQPJKPLE
1806	0.2412045244045243	9	2455	282391	NZVBMSJIHBRYNA
1807	0.42938421392867493	9	2459	196486	UOPKVKPKFXHMOX
1808	0.4546941211420236	8	2459	243549	QHMLSDSMAKJEBA
1809	0.6532451394984969	9	2461	131828	JMNHYFJQGCEGHL
1810	0.6110502314566825	10	2464	2780	IGRMTQMIDNDFAA
1811	0.8573575179595798	11	2464	148496	CZVQSYNVUHAILZ
1812	0.3049883330816652	7	2466	98914	BSMLPEDJLYCYLE
1813	0.5803359618190735	9	2466	191129	DHWCRSNZCPDTKZ
1814	0.7979758042487394	7	2471	243153	ATHGHQPFGPMSJY
1815	0.317376555810922	8	2473	98914	BSMLPEDJLYCYLE
1816	0.6029378056251098	9	2473	191129	DHWCRSNZCPDTKZ
1817	0.633066283859081	11	2474	2780	IGRMTQMIDNDFAA
1818	0.8414396871525535	12	2474	148496	CZVQSYNVUHAILZ
