row ID,row m/z,row retention time,row ion mobility,row ion mobility unit,row CCS,correlation group ID,annotation network number,best ion,auto MS2 verify,identified by n=,partners,neutral M mass,20260428_CVOL_Group_02_1F12_1.mzML Peak height,20260428_CVOL_Group_02_1F12_2.mzML Peak height,20260428_CVOL_Group_02_1F12_3.mzML Peak height,20260428_CVOL_Group_02_1F12_4.mzML Peak height,20260428_CVOL_Group_02_Control_LB.mzML Peak height,20260428_CVOL_Group_02_Delta_phzC_1.mzML Peak height,20260428_CVOL_Group_02_Delta_phzC_2.mzML Peak height,20260428_CVOL_Group_02_Delta_phzC_3.mzML Peak height,20260428_CVOL_Group_02_Delta_phzC_4.mzML Peak height,20260428_CVOL_Group_02_Delta_pvdE_1.mzML Peak height,20260428_CVOL_Group_02_Delta_pvdE_2.mzML Peak height,20260428_CVOL_Group_02_Delta_pvdE_3.mzML Peak height,20260428_CVOL_Group_02_Delta_pvdE_4.mzML Peak height,20260428_CVOL_Group_02_QC_01.mzML Peak height,20260428_CVOL_Group_02_QC_02.mzML Peak height,20260428_CVOL_Group_02_QC_03.mzML Peak height,20260428_CVOL_Group_02_QC_04.mzML Peak height,20260428_CVOL_Group_02_QC_05.mzML Peak height,20260428_CVOL_Group_02_QC_06.mzML Peak height,20260428_CVOL_Group_02_R47_1.mzML Peak height,20260428_CVOL_Group_02_R47_2.mzML Peak height,20260428_CVOL_Group_02_R47_3.mzML Peak height,20260428_CVOL_Group_02_R47_4.mzML Peak height,20260428_CVOL_bk_mapp_pre_01.mzML Peak height,
1,297.0824536022017,0.48884472,,,,,,,,,,,0,0,0,0,0,0,0,0,0,0,0,0,0,0,0,0,0,0,0,0,0,0,0,1756913.8,
2,539.1634833673904,0.48884472,,,,,,,,,,,0,0,0,0,0,0,0,0,0,0,0,0,0,0,0,0,0,0,0,0,0,0,0,6220402.5,
3,850.2514352521376,0.48020104,,,,,,,,,,,1152791.2,0,1221824.6,1149382.6,0,0,0,0,1159399.4,0,0,0,1112651.9,0,0,0,0,0,1316631.1,0,0,0,1187266.2,2824223.5,
4,425.3626122039863,0.49218234,,,,,,,,,,,3191079.2,2939549.2,2320550.5,3203654.8,4748258.5,3296469.8,2605163.2,3929770.2,3124727.8,2842453.0,3708347.5,3422763.5,1868500.0,7683127.5,6007220.5,6291990.0,5640881.5,5841678.5,4790138.5,2909312.0,2854231.5,3110959.0,3972973.0,0,
5,463.13073064065895,0.49299502,,,,,,,,,,,1290935.6,0,1049983.5,1050140.5,0,1108533.6,0,0,1150908.5,0,0,0,0,0,0,0,0,0,1231919.0,0,0,0,0,2775939.8,
6,405.13462311629837,0.52617687,,,,,,,,,,,0,0,0,0,0,0,0,0,0,2026147.1,1362309.4,2238968.2,1724424.0,1773979.4,1712677.2,1835192.1,1659227.1,1634321.8,1845457.1,1762447.2,3393900.5,1769508.6,3246280.2,0,
7,423.09110708641407,0.5269065,,,,,,,,,,,0,0,0,0,0,0,0,0,0,3859802.2,2709060.2,3658939.2,3116480.5,2353652.5,2043651.4,2106798.5,2050549.0,1777561.1,1892999.4,3156989.5,5289863.5,3947938.0,4333982.0,0,
8,155.0468446634948,0.5301615,,,,,,,,,,,1.0457091E7,0,6458359.0,2168519.5,0,9098585.0,4959598.0,5810667.0,5313939.5,0,0,0,4524592.5,3252180.8,3143778.2,3511803.2,3939994.8,3296912.5,3549105.2,9574253.0,2680027.8,0,2930897.5,0,
9,127.01564085559014,0.53271854,,,,,,,,,,,2517774.5,0,1549176.4,0,0,2203389.5,1357381.5,1480557.2,1226991.8,0,0,0,1128284.9,0,0,0,0,0,0,2242052.8,0,0,0,0,
10,299.2772141183813,0.5713733,,,,,,,,,,,2317919.0,8591856.0,1.2229562E7,1.1648827E7,0,1341969.6,1468592.8,1133910.1,1492903.9,9080041.0,1924917.9,2097071.6,2725546.0,3939275.8,3577371.0,3367847.2,3451638.5,2591442.2,2899152.2,1619896.6,0,1127931.9,0,0,
11,211.08668402423004,0.5456265,,,,,,,,,,,0,0,0,0,2815675.2,0,1360864.9,0,0,0,0,0,0,0,0,0,0,0,0,0,0,1302754.1,0,0,
12,270.2427543361503,0.5556275,,,,,,,,,,,5444022.5,8554708.0,1.3754086E7,1.1436764E7,0,3116772.2,1287456.8,0,1112119.8,5985301.5,2139313.5,2817131.8,3852735.8,4091057.8,3881566.8,4226189.5,3913275.5,3981628.8,3688034.0,1926546.8,0,0,1129763.4,0,
13,318.2403576351463,0.5524402,,,,,,,,,,,7827417.5,5061932.5,4471283.0,4525074.0,1637335.8,2427063.0,0,1955149.6,1448525.4,4414519.0,9637846.0,1.1221182E7,9883994.0,4313810.0,3729181.8,3655289.2,3348303.8,3437452.5,2982989.0,2665936.8,2369320.8,2200015.0,2295821.5,0,
14,227.07134288452806,0.55711806,,,,,,,,,,,0,0,0,0,0,0,0,0,0,8475907.0,6811048.0,8994683.0,6235572.0,4026464.8,3543490.8,4004444.8,4086460.2,4165344.2,3606344.0,6230727.5,6644708.5,7023965.5,5941745.5,0,
15,207.05546579365657,0.5562983,,,,,,,,,,,0,0,0,0,0,1.5623625E7,2.0609318E7,2.0755178E7,1.6666866E7,1.7094886E8,1.5408208E8,1.9434571E8,1.5639835E8,1.04511064E8,8.169503E7,9.127194E7,8.7145704E7,9.522761E7,8.776729E7,1.3811587E8,1.6463546E8,1.6976984E8,1.3961659E8,0,
16,179.06027690812348,0.55778646,,,,,,,,,,,0,0,0,0,0,0,0,0,0,6979715.5,6743460.5,8497383.0,6691685.0,4471794.0,3560658.2,3865280.2,3583135.5,3911180.0,3915828.5,5768574.5,7202998.5,7086419.0,6482123.0,0,
17,227.07657510083212,0.55182445,,,,,,,,,,,0,0,0,0,0,1952102.0,1701367.9,0,1703052.6,3114290.8,2849967.0,0,2718969.2,2354782.8,2442007.5,2727369.5,2307329.5,2407800.2,2525949.0,2763438.5,3134436.0,2641845.8,2895092.2,0,
18,171.0553286960745,0.55786407,,,,,,,,,,,0,0,0,0,0,0,1334224.2,1117956.1,1196954.5,2750860.8,2269020.2,2835101.2,2444937.0,1847811.9,1485995.5,1793090.5,1648079.0,1587326.2,1749031.5,2050957.1,2619081.2,2414787.5,2340428.2,0,
19,225.06600116948673,0.5579236,,,,,,,,,,,0,0,0,0,0,8.502614E7,1.1599902E8,1.1345491E8,9.047154E7,8.97503E8,7.85854E8,1.0430512E9,7.7553274E8,5.0694736E8,4.5557078E8,4.9940858E8,4.5563418E8,4.8174333E8,4.6153738E8,7.417678E8,8.1448986E8,7.960745E8,7.115079E8,0,
20,320.2560076835912,0.5601888,,,,,,,,,,,6838487.0,6059673.5,6255268.0,5424735.5,3440429.8,4338248.0,3090187.0,2951357.0,2631258.8,1.4396672E7,9742525.0,1.1864064E7,1.0083774E7,7803514.0,5988578.0,6525715.0,6222213.5,5854948.0,5363946.0,4859655.5,3975003.0,4201542.0,3951621.0,0,
21,189.06589394659835,0.5600423,,,,,,,,,,,0,0,0,0,0,1302995.1,1966976.2,1506952.9,1588445.8,3537118.5,3200494.0,3590173.8,2798308.2,1994226.4,2281511.2,2215106.8,2002100.4,2185544.2,2087331.0,2915305.5,3483712.8,2882512.0,2856869.5,0,
22,281.26680885383814,0.5643288,,,,,,,,,,,3.1430966E7,1.1616974E7,1.3930862E7,9943994.0,5861589.5,1.1463095E7,6849332.5,6403347.5,6522301.5,2.0761668E7,2.2775348E7,2.0865324E7,2.8616064E7,1.4044486E7,1.1795828E7,1.4401212E7,1.2740558E7,1.1360554E7,1.1893024E7,6891285.0,5271832.0,6055473.5,5836878.0,0,
23,254.24780304893252,0.57599163,,,,,,,,,,,3066869.8,0,1675834.6,1631642.0,0,2065955.4,0,0,0,0,1507368.8,1435936.2,2092669.6,1318626.0,1330630.4,0,1033656.9,1273452.5,1280377.9,0,0,0,0,0,
24,241.0607368251791,0.5626819,,,,,,,,,,,0,0,0,0,0,1301164.2,1591888.8,1906614.0,1824558.0,1.1378056E7,9217297.0,1.4255966E7,1.0189971E7,5128948.0,4895599.0,5466743.5,5146623.5,5955445.0,6801893.0,7931957.0,1.0197167E7,8364053.0,9678042.0,0,
25,158.06014063377626,0.56424385,,,,,,,,,,,0,0,0,0,1.9332288E7,0,0,0,0,0,0,0,0,0,0,0,0,0,0,0,0,0,0,0,
26,227.01329093747825,0.56327355,,,,,,,,,,,0,0,0,0,0,3379179.5,3542602.5,4135520.2,0,3467003.8,3225115.0,2966568.2,2893533.0,1887299.1,1550933.9,1567024.9,1513522.2,1360805.9,1482758.2,0,1549505.2,2521873.8,2190171.0,0,
27,263.2369921047413,0.56488895,,,,,,,,,,,1.7310962E7,5975212.0,8318755.0,6283982.0,2849004.0,6282996.5,3930613.2,3445867.8,3309308.0,9790946.0,1.136366E7,1.1129009E7,1.4390583E7,8149709.0,6111278.5,6862426.5,6679174.0,6164458.5,6156896.0,3229212.0,2562206.5,3039412.5,3420312.8,0,
28,280.2635229159522,0.565328,,,,,,,,,,,1.5443384E8,5.637998E7,7.194444E7,5.011109E7,2.676387E7,5.706181E7,3.4808E7,3.1105184E7,3.027998E7,8.877387E7,1.0843623E8,1.0641577E8,1.2994922E8,7.234881E7,5.6853936E7,6.241336E7,6.033634E7,5.3298664E7,5.677847E7,3.3809684E7,2.2699094E7,2.6648488E7,3.0035908E7,0,
29,245.2264151480119,0.5647267,,,,,,,,,,,4395452.5,1746189.0,2101486.0,1573494.9,0,1791050.5,0,0,0,2500974.2,2744988.0,2439939.5,3405288.0,2106605.0,1482757.1,1625228.6,1698371.6,1515014.0,1722969.5,0,0,0,0,0,
30,297.2617732839644,0.5792371,,,,,,,,,,,1.8753412E7,1.3085162E7,1.4187991E7,1.891924E7,0,4215407.0,5422003.5,4719184.5,5832276.5,5135874.5,1.2415862E7,1.3231618E7,1.4880072E7,7357635.5,6566941.5,6216432.0,5832596.5,7210989.5,7646382.0,4012350.2,3675102.0,4210172.0,4400209.0,0,
31,266.24782097332815,0.57395625,,,,,,,,,,,4177233.0,1562810.2,2235017.2,1664809.4,0,2397915.0,1563886.0,0,0,2142069.0,2571755.5,2390848.5,3540031.0,1850075.8,1913395.4,1549975.1,1643606.5,1717911.8,2029834.6,1352140.9,0,0,0,0,
32,254.17502064359132,0.5726294,,,,,,,,,,,2268177.0,2705970.5,2589345.5,3184742.8,1945748.5,2352928.2,2752879.5,3118650.0,2758964.5,2144258.0,1842329.2,0,2305566.5,2385742.2,2021825.2,2042068.1,2038841.8,2118349.5,2446715.8,2157126.8,2136617.8,1676252.6,2250267.5,0,
33,205.17014745597874,0.5747751,,,,,,,,,,,0,0,0,0,2622798.2,0,0,0,0,0,0,0,0,0,0,0,0,0,0,0,0,0,0,0,
34,278.2480206887413,0.5750274,,,,,,,,,,,2.2127688E7,1.0687897E7,1.6355352E7,1.5733973E7,6952692.5,1.5228819E7,1.113015E7,1.0490967E7,1.0252843E7,1.1266942E7,1.4371291E7,1.388841E7,1.9193848E7,1.3010678E7,1.1298962E7,1.1157892E7,1.0809309E7,1.2107993E7,1.2703812E7,1.0650968E7,8215172.5,8345621.0,1.1022881E7,0,
35,415.21160513605247,0.57513523,,,,,,,,,,,1.1191075E7,8955542.0,8882908.0,1.2905607E7,5567039.0,8355051.5,7720825.5,9687432.0,7217178.0,7197995.0,5243897.5,6056397.5,8468871.0,8682495.0,8362867.5,7485874.0,7716956.0,9600707.0,1.1144222E7,8050296.5,6549634.5,6247886.5,8805749.0,0,
36,298.2738621643734,0.57555634,,,,,,,,,,,1.1358696E7,4.2522684E7,6.2061024E7,5.9813276E7,0,7085647.0,6703159.0,5872155.5,7990462.0,3.8424436E7,1.038117E7,9724808.0,1.3157396E7,2.0355426E7,1.8010772E7,1.7809594E7,1.769521E7,1.4167393E7,1.4470809E7,7539118.5,4774475.0,5848049.5,6327561.0,0,
37,235.20566360386897,0.5789523,,,,,,,,,,,4459904.5,2062316.1,3106357.0,2033658.1,0,2545320.0,1581694.0,0,1236688.9,2044616.2,2530436.0,2315234.5,3511591.2,2173125.5,1958654.2,1838563.5,1970230.8,2146941.5,2206767.5,1860394.1,0,0,1326213.0,0,
38,296.2584365944408,0.57630545,,,,,,,,,,,8.8824056E7,6.5569476E7,7.106105E7,9.873034E7,4286551.0,2.0064342E7,2.388474E7,2.0688672E7,2.6870708E7,2.6369128E7,5.586929E7,6.556486E7,7.10688E7,3.7397748E7,3.2637072E7,3.2482486E7,3.1317342E7,3.452625E7,3.6001156E7,1.8742834E7,1.735344E7,1.9841356E7,2.3610944E7,0,
39,279.23208863747175,0.578622,,,,,,,,,,,6565085.5,5514362.5,6567740.5,9448831.0,0,2050090.9,2447778.5,2168371.8,2847650.0,2463788.5,4285467.0,5062004.5,5873214.5,3776536.2,3557389.5,2948723.8,3086157.2,3439275.8,3583960.5,2148834.2,0,2059446.8,2241869.0,0,
40,268.22714709400515,0.5782163,,,,,,,,,,,1.3236357E7,6506151.5,7464150.0,1.0075387E7,0,7013636.0,2949419.8,2193301.0,2724673.8,2815105.8,7825634.5,7694693.5,9597005.0,4528797.5,4090215.5,4100580.2,3999354.0,4608550.0,4695099.5,2190715.2,1877887.4,2008165.0,2199048.0,0,
41,241.12220693090543,0.5800458,,,,,,,,,,,0,0,0,0,0,2285432.2,2298216.5,2189056.2,3105724.0,1715903.4,1389857.2,1716753.5,1520219.2,1415300.6,1354030.9,1004617.5,1322310.6,1635930.4,1512018.6,0,1704430.5,1136229.8,1771997.6,0,
42,314.2688745765514,0.5799247,,,,,,,,,,,1.3238882E7,1.3895743E7,1.7108612E7,2.2655002E7,0,7748511.0,8192436.0,7135590.5,6128257.0,7276870.0,9156559.0,1.0032316E7,1.3531034E7,9270958.0,9170399.0,7871546.5,7781191.0,9439229.0,1.0231878E7,5819844.5,4458359.5,5844586.0,6652071.0,0,
43,252.23222581349162,0.58049494,,,,,,,,,,,3.0496486E7,1.2847565E7,2.0331904E7,1.2616251E7,3727470.2,2.0970148E7,1.156752E7,9889226.0,8598811.0,1.3480963E7,1.7361418E7,1.5943698E7,2.513763E7,1.4144009E7,1.3957627E7,1.2243763E7,1.2413263E7,1.4479829E7,1.6551977E7,1.1601091E7,7677432.5,6298711.5,1.0337924E7,0,
44,123.08065445763445,0.58246243,,,,,,,,,,,1484342.1,1966952.2,1608151.9,1972938.6,1038958.25,1510307.8,1752240.4,1860398.6,1582589.1,0,1186128.6,0,1299803.0,1422323.9,1358637.8,1292277.4,0,1566082.0,1808918.9,1287759.6,1355571.6,0,1476444.4,0,
45,295.2463164464094,0.5897424,,,,,,,,,,,5656408.5,3920570.8,6622235.5,6139327.0,0,3048892.5,3310015.5,2913546.8,2980653.8,2875500.8,0,4561700.0,6169701.5,3621532.5,3503289.8,3257095.5,2825087.8,4130236.5,4137037.2,2126777.8,0,2010782.1,2371694.8,0,
46,334.2352478823613,0.5821381,,,,,,,,,,,6761850.5,4853408.5,8108538.0,6546849.5,0,5148581.5,5289543.5,5306668.5,4703485.5,5142826.5,5124482.5,6385909.5,8599209.0,5302359.0,5589275.5,4331229.5,4405850.0,5869612.5,6711766.5,4118517.5,3826967.0,4116804.2,5757055.5,0,
47,286.23773581902105,0.58571625,,,,,,,,,,,3177329.8,3555869.5,3797346.5,3477398.0,3866520.8,3308656.2,3269207.8,3645163.2,3062389.0,2092938.8,2540296.0,2215000.8,2702561.8,2980178.0,2822445.2,2460529.5,2317227.0,3206887.5,3198731.2,1872112.9,2954752.5,2394370.0,2578585.2,0,
48,312.2532283666196,0.5852927,,,,,,,,,,,1.4357374E7,9691403.0,1.7125432E7,1.917108E7,0,8297920.5,7791994.5,6775148.0,7038903.0,6819173.0,9416456.0,1.0442498E7,1.3967328E7,8916147.0,8908060.0,8197132.5,7380397.0,9827820.0,1.0298898E7,5502292.5,4940589.0,5649939.0,7692001.0,0,
49,193.05289327171403,0.58872354,,,,,,,,,,,0,0,0,0,0,1.5704046E7,3.3450488E7,4.45519E7,1778932.5,4.5427852E7,4.4073804E7,2.4425878E7,3.392999E7,2.0536924E7,1.926238E7,1.769801E7,1.6550191E7,2.0699284E7,2.1744334E7,1.7288734E7,3.01315E7,3.2875152E7,3.5317784E7,0,
50,292.22702869831664,0.5882922,,,,,,,,,,,1.8573062E7,9293098.0,1.6433618E7,1.385598E7,0,1.4962082E7,8284118.5,4884001.5,7012974.5,9413867.0,1.2888252E7,1.237014E7,1.8154708E7,1.0593416E7,1.0164378E7,9377007.0,8101326.5,1.1410579E7,1.2548995E7,7720729.0,3993160.0,4221641.0,5834387.5,0,
51,279.25132445845554,0.5817691,,,,,,,,,,,4134489.2,2105327.8,3515354.5,3479250.0,1440157.1,3256547.2,2281306.5,2341508.0,2262768.5,2684339.2,2897005.8,3053030.2,4500176.0,2381603.2,2361240.2,2073679.2,2357490.0,2527695.2,2630430.0,2164543.2,1826535.9,1867321.6,2268463.0,0,
52,294.2428973669563,0.5886426,,,,,,,,,,,2.915494E7,2.0199538E7,3.3088568E7,3.1843786E7,1416210.5,1.5794567E7,1.415181E7,1.2160283E7,1.4488111E7,1.4447594E7,1.8391788E7,2.0912062E7,2.8271874E7,1.7468982E7,1.7339626E7,1.6258029E7,1.4245571E7,2.0394154E7,2.101233E7,1.1530573E7,9835401.0,1.0569077E7,1.4322511E7,0,
53,336.2510436785586,0.5888177,,,,,,,,,,,6240217.0,7724240.5,1.0073398E7,1.0716889E7,0,5183887.0,6466496.5,6518864.5,6453369.0,5641792.0,5766610.0,6694354.0,7934176.0,6108294.5,5863662.5,5346332.5,4872736.0,7279848.0,7596127.5,4982405.0,4989990.5,5541614.0,7117316.5,0,
54,258.20643018902683,0.5919734,,,,,,,,,,,2014735.4,2488678.5,2304541.8,1965407.6,2931651.2,2529005.0,2417565.5,2308324.2,2663053.5,1619101.4,1665338.0,1384113.5,1494310.0,2064402.5,1923900.5,1777582.2,1651418.4,2424631.2,2221740.2,1672921.1,2006955.9,1959528.6,1964565.4,0,
55,339.25301290053443,0.5896023,,,,,,,,,,,0,1334910.5,0,0,0,3.9032296E7,4.3206452E7,3.8665868E7,4.7988788E7,2.7182044E7,2.4493794E7,2.395243E7,2.2979932E7,2.1037442E7,2.0954672E7,1.9427204E7,1.7154184E7,2.6167866E7,2.690309E7,1.7763204E7,3.1730832E7,2.8526218E7,2.8998914E7,0,
56,157.0761429161077,0.59039307,,,,,,,,,,,0,0,0,0,0,3226475.5,6882927.0,8717515.0,0,9747525.0,8963596.0,5412914.5,7915997.5,3740857.0,3934805.2,3560709.5,3461001.5,4378590.5,4688957.5,4519454.5,6152324.5,6528827.5,7639803.0,0,
57,276.2323767498379,0.59148383,,,,,,,,,,,5570369.5,3687074.8,6236866.0,4960311.5,1454094.5,4178180.8,3880217.5,3554371.5,3754259.0,2870842.8,3560965.2,4040344.8,4967745.0,3656571.8,3825821.8,3301244.5,3101728.2,4210435.5,4475334.5,3206554.8,2828914.2,2781042.0,3722184.8,0,
58,193.17004716718156,0.59253764,,,,,,,,,,,1371034.5,2175630.8,1592480.1,1758682.8,3273907.2,1606124.8,2443095.0,2612865.0,2437743.2,2790784.5,2667480.8,2203718.2,1992283.4,2137332.8,2125644.0,1997281.4,2013706.2,2173687.5,2452587.8,0,2291452.0,2671219.2,2672837.0,0,
59,321.24241880900377,0.5903348,,,,,,,,,,,0,0,0,0,0,3964377.8,4583832.5,3896377.8,5421927.0,3192803.5,2459400.8,2394929.5,2730835.8,1999487.5,2263204.2,2025837.9,1791253.1,2535843.5,2772185.0,2037893.6,2972963.2,2839932.2,3102413.2,0,
60,145.07608810262633,0.5944305,,,,,,,,,,,2118935.2,2134964.2,2413933.5,2074898.4,1489874.1,2328747.8,2214629.0,2105625.2,2466466.5,4434359.0,4019831.2,4228248.5,3777468.0,2786262.8,2762921.0,2469653.5,2316652.2,3056309.5,3198070.2,3142986.5,3687672.5,3856579.8,4189592.0,0,
61,211.14423650135794,0.5976379,,,,,,,,,,,1.4872083E8,1.4866926E8,1.5455797E8,1.3282311E8,1.5369283E8,1.393421E8,1.3128283E8,1.528066E8,1.623974E8,1.3416945E8,1.3144626E8,1.1681897E8,1.08077864E8,1.31898536E8,1.3069201E8,1.199037E8,1.3350097E8,1.757125E8,1.602264E8,1.2819694E8,1.5313331E8,1.523187E8,1.1934151E8,0,
62,320.22191251928945,0.59769475,,,,,,,,,,,2396535.5,3343476.5,2039648.6,2080457.6,9394900.0,4742150.5,4910164.5,4506132.5,5973074.5,3827044.8,3867781.8,2998170.0,2817253.5,3414955.2,3505767.0,3170770.8,2841959.8,4307541.5,4430517.5,2671486.8,3814198.5,3366825.8,3890938.5,0,
63,310.2376333306235,0.5985012,,,,,,,,,,,1.2385934E7,7578004.0,1.4282763E7,1.5002199E7,0,7649513.5,7017735.5,5333928.0,6988015.5,6046531.5,9064032.0,9013005.0,1.1521106E7,7888989.5,8191406.5,8154758.0,7462173.0,9095479.0,9747731.0,5614405.0,4435417.0,4925163.0,6028251.0,0,
64,327.1914244411427,0.60290253,,,,,,,,,,,2774762.5,3795410.2,3348625.8,2977212.0,4283107.5,3202047.2,3284314.2,3345355.2,4207564.0,3089933.0,2820936.5,2147013.0,2310003.2,2773753.5,3120764.0,3192804.0,2593071.2,3499790.0,3653193.0,2196987.8,2933745.0,2310206.8,2614826.5,0,
65,316.28456899242497,0.60439116,,,,,,,,,,,7775694.0,4985890.5,8357011.5,9245781.0,0,4876954.5,4739033.5,3881577.2,4986961.5,5137833.0,6805687.0,6317864.0,7578693.0,5342450.0,5772115.0,5249984.5,4681653.5,5817366.5,6319499.0,4965253.5,3359766.5,4047494.2,4051715.5,0,
66,226.06953278158574,0.56157804,,,,,,,,,,,0,0,0,0,0,6478971.0,7790821.5,1.1540839E7,1.010938E7,1.4366595E8,1.4234653E8,1.7192254E8,1.31096136E8,3797310.8,8.8820584E7,1.03157896E8,8.678136E7,8.823652E7,8.377973E7,1.2825995E8,1.4377304E8,1.3996858E8,1.3034166E8,0,
67,311.22181430947876,0.60621226,,,,,,,,,,,0,0,0,0,0,6520785.5,7010816.5,7744923.0,1.1193835E7,6045461.5,6829156.0,4971536.0,5436049.0,3897276.5,4366030.0,4499624.0,4102979.0,5311379.0,5101586.0,4267545.0,6221477.0,5651364.5,4663994.5,0,
68,159.09177926671617,0.6071657,,,,,,,,,,,1526738.4,2960988.8,4509463.5,4174488.5,0,3646922.8,1.5113523E7,3.6881656E7,0,2.4777268E7,2.360796E7,1915582.8,2.4402126E7,1.13116E7,1.2190111E7,1.1268781E7,1.0921276E7,1.2325661E7,1.2532836E7,1.2683337E7,1.937142E7,2.1163582E7,2.1237202E7,0,
69,292.1908885353754,0.61339587,,,,,,,,,,,3509686.5,4261894.5,4167725.2,3184270.2,5595896.0,3849398.0,3983163.0,4627100.5,5363716.0,3926077.8,3812895.5,2878742.2,2995967.5,3326910.8,3830057.0,3674519.5,3480778.0,3746511.5,3509972.2,3684876.0,3831775.0,3472516.0,3298933.0,0,
70,226.14355445684797,0.61615884,,,,,,,,,,,7935415.0,3371593.5,8753446.0,8880598.0,0,4456377.0,4871180.5,4110251.0,4417091.5,2958102.0,4701310.5,5609973.5,7639242.0,4224606.5,5080017.0,4892814.0,4856279.5,4457733.0,5324416.0,3926651.8,2779462.8,3310373.5,3234770.5,0,
71,308.22182123797444,0.6190133,,,,,,,,,,,5241348.0,2731148.2,5697084.0,6836301.5,0,3079570.2,2668623.5,2260183.2,2758417.8,2485002.0,3636157.2,3769536.5,4702640.0,3170639.8,3465460.8,3671093.0,3238943.5,3435064.8,3490137.0,2238033.8,1820946.2,2229536.8,2484907.0,0,
72,328.2482377687298,0.62168485,,,,,,,,,,,6711338.5,3256917.5,7672253.0,9274727.0,0,4207479.0,3971824.2,3221846.0,3936378.2,3169906.0,5271687.5,5462076.0,7124051.0,4430435.0,4896155.5,5292826.0,4920636.5,4718869.0,4991889.5,3892218.2,2811280.2,3089242.8,3539324.2,0,
73,557.2976088995839,0.62894964,,,,,,,,,,,3746316.8,3859959.0,3405227.2,3191914.2,4392439.5,1.0458068E7,8268792.0,8833205.0,1.2502203E7,1.0135189E7,1.0051449E7,8174008.0,7769512.5,9600144.0,7519275.0,1.0191076E7,8382254.0,9821234.0,8685204.0,6678295.5,8906504.0,8631050.0,9941523.0,0,
74,410.2288335221045,0.6301746,,,,,,,,,,,3950838.2,4059729.2,3793936.5,4100223.0,5572624.0,3915769.2,2976855.2,3027295.0,3521734.5,3432186.5,3497548.5,2693637.8,2813804.2,3548518.5,3061828.8,4266765.0,3577213.8,4020146.2,3508835.8,2851533.5,3443849.2,3093401.8,3774188.5,0,
75,531.2795706346707,0.63187057,,,,,,,,,,,2909294.0,3243067.8,2648506.0,3126239.8,6116214.0,3819457.5,3035550.8,3102460.2,3711495.5,3121754.8,2904020.5,2210480.5,2346218.8,3063855.8,2862144.0,3457669.5,3122599.0,3347181.2,3015110.0,2459569.5,3253107.5,3407384.2,3674060.2,0,
76,268.1656839967432,0.63331836,,,,,,,,,,,7069424.5,5996813.0,4655957.0,5091187.0,0,5558750.5,4759455.0,4454635.5,4339197.0,3877246.0,3568031.8,2809878.8,3501706.8,4377324.0,3848044.0,4975979.0,4452607.0,4828194.0,4300333.0,4880600.5,5115244.5,4334630.0,5818672.0,0,
77,509.2974966696933,0.6334695,,,,,,,,,,,1.2450064E7,1.2114773E7,1.0853174E7,1.2993306E7,1.9471816E7,1.3535683E7,1.0423268E7,9626413.0,1.2218525E7,1.0662563E7,1.1014317E7,8959350.0,8930694.0,1.2136061E7,1.0602012E7,1.2607944E7,1.1210858E7,1.2119841E7,1.092661E7,9552101.0,1.0494951E7,1.0720891E7,1.2620345E7,0,
78,197.1284513300349,0.6371329,,,,,,,,,,,7.349013E7,7.765166E7,7.815847E7,9.316073E7,8.855664E7,8.149918E7,7.574874E7,8.078238E7,8.045026E7,8.1526344E7,7.664291E7,6.2802824E7,6.219966E7,7.295768E7,7.024731E7,8.5883976E7,7.909604E7,6.920585E7,7.115451E7,7.089536E7,7.985237E7,7.157336E7,7.4361864E7,0,
79,430.2010043624673,0.63748676,,,,,,,,,,,5679847.5,5925049.5,5305424.5,6052406.0,4932660.0,5285027.5,4729120.5,4494362.0,5224730.0,4701878.5,4457056.0,3843141.5,3535825.8,5066091.0,4592868.0,4977363.5,4513485.0,5116391.0,4926953.0,3934450.8,4565840.0,4269592.0,5404662.5,0,
80,344.24325422358106,0.6391409,,,,,,,,,,,1.1000391E7,4694707.5,9601864.0,1.428773E7,0,7502815.0,6324675.5,4458069.5,5710145.0,4719129.0,8347731.5,9465291.0,1.071042E7,6952856.0,6691913.0,7542074.5,6870688.5,7598968.5,7039780.0,6119053.5,4253372.0,5100319.0,5943820.5,0,
81,330.263867382778,0.63952273,,,,,,,,,,,8085482.0,3731877.2,7206351.0,1.0711763E7,0,4785564.5,4331174.0,3435249.5,4323500.5,3814922.8,6032940.5,6826217.0,7700462.0,5215273.0,5168766.5,5813033.5,5258513.5,5575619.0,4943148.5,4205448.5,3046072.5,3970490.2,4643543.5,0,
82,378.2366769923847,0.63984036,,,,,,,,,,,4013226.2,4858841.0,3867315.8,4156902.2,8359567.5,5440635.5,4475621.0,4344975.5,4778331.0,3723289.0,3834369.0,2952438.5,2825211.2,3760739.8,3946849.8,4177142.8,3763237.5,4280114.5,3902854.0,3833318.8,4575642.0,4527172.5,5140545.5,0,
83,264.1596090029244,0.64102566,,,,,,,,,,,4219556.5,4338851.0,3870286.5,4595960.5,6539263.5,4600419.0,4765824.5,3881144.2,4475658.5,4195526.5,3940050.0,3315948.5,3234752.2,3524255.8,3389216.5,4174449.0,3630979.2,4147411.0,4035585.5,3983143.5,3991536.5,4213386.5,4588807.0,0,
84,564.3595775688649,0.64718056,,,,,,,,,,,2256464.8,1835292.1,2150306.5,2537758.0,1798481.5,2449704.8,1848698.1,2060113.0,2252028.8,1785528.6,1859015.6,1609290.8,2107372.2,2454955.5,2742782.2,2405271.5,2638993.5,2420395.0,2444555.0,5424787.0,2124031.5,3574353.2,2417367.5,0,
85,271.2017671491932,0.64356387,,,,,,,,,,,2962835.5,2814700.8,3056292.5,3312072.0,3956673.8,3289266.0,3175832.5,2989988.8,3014080.0,2751620.8,2890753.2,2666229.0,2781099.8,2705517.8,3152332.5,3029124.0,2657694.5,2716713.0,2830743.0,2966986.2,2855581.5,2708330.8,3171535.5,0,
86,356.254472958349,0.6459241,,,,,,,,,,,7.111378E7,6.635067E7,6.948659E7,7.512897E7,1.1904408E8,7.653015E7,7.349585E7,7.2065864E7,7.5331736E7,6.578406E7,7.826449E7,6.036833E7,5.845071E7,7.269388E7,7.448342E7,7.578742E7,6.0996028E7,7.0475624E7,6.3603308E7,6.6090252E7,6.82368E7,6.833958E7,7.793717E7,0,
87,390.2388382045174,0.6483901,,,,,,,,,,,1.2307457E7,1.1682647E7,1.2041956E7,1.276056E7,1.97266E7,1.27336E7,1.3492028E7,1.324903E7,1.363352E7,1.1960468E7,1.3639776E7,1.0870389E7,1.02219E7,1.2631829E7,1.3041895E7,1.3176655E7,1.0525677E7,1.182373E7,1.1182045E7,1.1156044E7,1.2524942E7,1.2142498E7,1.3115568E7,0,
88,376.2230688068004,0.6536851,,,,,,,,,,,5730949.0,6118180.5,5629473.0,5773501.0,1.1961736E7,5568676.5,6256035.5,6151235.5,6726377.5,5192304.5,6749538.0,5338626.5,5053228.0,6481070.0,6685256.0,6190484.5,5387435.5,5783000.0,5554543.0,5112062.5,6226551.0,5090820.5,5931643.5,0,
89,476.3072942626852,0.6553219,,,,,,,,,,,2588527.5,1518220.8,2479295.5,0,2490870.8,2721322.8,2270863.5,2747855.2,3073553.0,1492803.4,1740614.4,2012638.9,2189618.2,3442872.8,3738184.0,3317857.5,3009801.8,3010695.8,3333921.8,1.2269199E7,2507815.5,4146212.0,2701557.8,0,
90,245.12857138451685,0.65501827,,,,,,,,,,,1.3242887E8,1.5378434E8,1.2751275E8,1.6142712E8,1.6992066E8,1.4507008E8,1.42877E8,1.4496181E8,1.3941366E8,1.372558E8,1.4420626E8,1.2435126E8,1.2185114E8,1.2518092E8,1.2558973E8,1.4147656E8,1.3441082E8,1.2946016E8,1.4146098E8,1.259459E8,1.404254E8,1.359161E8,1.45455E8,0,
91,227.18343273023177,0.66203403,,,,,,,,,,,6244525.0,4520110.0,6149565.5,4851182.5,0,3494589.2,4319498.0,6362037.0,3875117.0,2324174.5,2697591.2,5086610.5,3940888.2,5015561.5,5159408.0,3995584.2,4479479.0,4552832.0,4361315.5,6911029.0,6024305.0,2558296.2,4778660.0,0,
92,520.3332860098291,0.6544395,,,,,,,,,,,2880362.8,1898712.4,2784431.8,0,2248837.2,2854583.2,2105515.5,2608595.8,3032266.8,1705857.6,2256372.2,1939509.8,2280606.5,3196408.0,3408416.8,3144697.2,3120022.8,2730633.2,2836114.0,8831138.0,2643837.0,3954556.5,2774285.2,0,
93,181.0972230113015,0.6569737,,,,,,,,,,,2.5023762E7,2.335659E7,2.256584E7,2.674468E7,2.1428034E7,2.1775112E7,2.4115628E7,1.9233086E7,2.322469E7,2.111772E7,2.4130096E7,1.9434062E7,2.1222882E7,2.1888854E7,2.0789274E7,2.2958744E7,2.1825906E7,2.0266088E7,1.957119E7,1.88794E7,2.3541028E7,2.2917334E7,2.3888124E7,0,
94,342.23876090482105,0.6593145,,,,,,,,,,,1.9753576E7,2.3546104E7,2.2100732E7,1.740297E7,2.6207724E7,2.1990538E7,2.0263032E7,2.101551E7,2.4056132E7,1.812037E7,2.4740342E7,1.9568802E7,1.983026E7,2.3051614E7,2.4280072E7,2.0008106E7,1.9897326E7,1.9832206E7,2.0628792E7,1.803968E7,2.14154E7,1.9929244E7,2.1199122E7,0,
95,244.1911518895518,0.6593017,,,,,,,,,,,2.1394756E7,1.5409304E7,2.0992998E7,1.6532891E7,2223857.5,1.2074034E7,1.4049029E7,2.0053998E7,1.273675E7,1.0009636E7,8563861.0,1.8701816E7,1.2970622E7,1.2856442E7,1.7276356E7,1.5046069E7,1.614719E7,1.6375801E7,1.653454E7,2.7088694E7,2.0510122E7,8065172.5,1.5292577E7,0,
96,180.174781237239,0.6627121,,,,,,,,,,,4453362.0,3745685.5,5442573.0,3977259.0,0,3607984.5,3913385.5,5147511.0,3131369.8,0,2555051.0,4348029.5,3882548.2,4550099.0,4849835.5,3591476.2,3581796.2,3295476.0,3782138.0,5980585.0,4991611.0,1973958.1,4447385.0,0,
97,374.2108096374067,0.66859597,,,,,,,,,,,3998642.0,4813201.0,4141313.8,3428519.5,6259588.5,4313522.5,3858656.0,4501557.5,4390750.0,3365722.2,4350034.0,3643730.0,3619485.2,4301351.0,4442258.5,4003926.8,3543351.8,3595277.2,3803197.2,3316905.2,3957932.8,3876793.0,4157109.8,0,
98,216.10206329063163,0.6690518,,,,,,,,,,,4990725.5,5856107.5,4905836.5,4859678.0,1.0267463E7,6122798.5,5629775.5,6077455.0,6785992.5,5345093.5,6679964.5,5859289.0,5614063.0,6221714.5,6645716.0,5947496.0,5678527.0,5181298.5,5936530.0,4608522.0,5260357.5,5887737.5,6002176.5,0,
99,473.27627089670057,0.6714908,,,,,,,,,,,1.3601856E7,1.7918532E7,1.5684568E7,1.3132332E7,2.6522584E7,1.7023744E7,1.4157122E7,1.5483439E7,1.6940396E7,1.3226864E7,1.6488608E7,1.2915408E7,1.3707285E7,1.6353881E7,1.6306802E7,1.643107E7,1.3224693E7,1.287481E7,1.5306473E7,1.121283E7,1.3318946E7,1.5119915E7,1.4657729E7,0,
100,229.10058763616672,0.6728839,,,,,,,,,,,3.1409398E7,3.7251956E7,3.0559628E7,3.1112404E7,2.6309004E7,2.7852728E7,2.7298548E7,3.3992284E7,2.8911128E7,2.519998E7,2.6708238E7,2.5247138E7,2.2571548E7,2.5744138E7,2.7643842E7,2.86985E7,2.932322E7,2.6551802E7,3.2374024E7,2.9103582E7,2.5848814E7,2.5720806E7,2.363315E7,0,
101,406.1949207904932,0.6777296,,,,,,,,,,,4089307.2,5820150.5,4546216.5,4209901.5,5250473.5,5568665.0,4267476.0,5711459.5,5670677.0,4019039.5,4320670.5,0,3393006.5,4058001.2,3926234.5,4952696.0,3724604.8,3505363.2,4761954.5,3877050.0,5129205.5,4858376.5,4703606.0,0,
102,384.21305542784324,0.68035245,,,,,,,,,,,4.0990388E7,4.893452E7,4.563308E7,4.1101224E7,4.681082E7,5.163579E7,4.0830156E7,5.0230132E7,4.8515892E7,3.8357444E7,3.969472E7,3.2271626E7,3.3518134E7,3.964496E7,3.6946996E7,4.7520656E7,3.865343E7,3.3710824E7,4.760577E7,3.571803E7,3.8900484E7,4.2731264E7,3.824451E7,0,
103,453.307419696941,0.681584,,,,,,,,,,,1.388022E8,1.5793027E8,1.4606995E8,1.3647669E8,1.4710525E8,1.6389E8,1.3500818E8,1.69855E8,1.4996331E8,1.2522821E8,1.3296568E8,1.1033581E8,1.1305505E8,1.3487184E8,1.2404271E8,1.6514166E8,1.3915643E8,1.1539387E8,1.5201562E8,1.18585656E8,1.2787921E8,1.4193758E8,1.2100543E8,0,
104,487.29181879386755,0.6816446,,,,,,,,,,,3.0495072E7,3.7010496E7,3.302086E7,3.0554984E7,3.1044478E7,3.7606496E7,2.9403498E7,3.7298396E7,3.4263744E7,2.828896E7,3.0557916E7,2.3977412E7,2.6189654E7,3.0629382E7,2.621798E7,3.7109676E7,2.9870724E7,2.4987416E7,3.414273E7,2.7050504E7,2.9554596E7,3.2693518E7,2.8056708E7,0,
105,475.2893352936377,0.6823625,,,,,,,,,,,1.5097864E7,1.8577678E7,1.6245243E7,1.3756054E7,1.4398762E7,1.7764726E7,1.4633517E7,2.0985636E7,1.704508E7,1.3472894E7,1.399715E7,1.154075E7,1.1834534E7,1.4205608E7,1.2451053E7,1.6494265E7,1.4888544E7,1.315619E7,1.6544539E7,1.3354189E7,1.444736E7,1.5682083E7,1.3710712E7,0,
106,151.08667267364385,0.6853839,,,,,,,,,,,7413367.5,7080638.0,8584710.0,1.0640183E7,4.697588E7,9202019.0,8821929.0,9905539.0,8333058.5,6589689.5,7240809.5,7257579.0,7839526.0,9529197.0,9557860.0,1.1516045E7,1.0329785E7,1.0095918E7,1.2074135E7,8677057.0,8642883.0,8646187.0,7848636.5,0,
107,257.18598923102286,0.68807346,,,,,,,,,,,1.4737312E7,1.4799616E7,1.4606986E7,1.4127629E7,1.4457625E7,1.4720909E7,1.5034796E7,1.7750952E7,1.3722697E7,1.1237255E7,1.2668262E7,1.215061E7,1.1137384E7,1.2488325E7,1.2703633E7,1.3918599E7,1.3474369E7,1.2932289E7,1.5474783E7,1.2834409E7,1.2315778E7,1.2471055E7,1.1298357E7,0,
108,439.291792840181,0.69142497,,,,,,,,,,,4.819697E7,4.501031E7,4.806428E7,4.5397376E7,4.1760584E7,4.805492E7,4.6889436E7,5.714671E7,4.397307E7,3.41707E7,4.0802076E7,3.872119E7,3.9737276E7,4.0874424E7,4.4872196E7,4.969788E7,4.733361E7,4.3781996E7,4.5029716E7,4.4632004E7,4.2333556E7,3.9516384E7,3.5584692E7,0,
109,195.1131037877877,0.69146925,,,,,,,,,,,1.4766281E7,1.5551396E7,1.420513E7,1.4821407E7,1.267671E7,1.2733434E7,1.3376178E7,1.5940023E7,1.3875775E7,1.125965E7,1.2728946E7,1.1586919E7,1.1949804E7,1.1633102E7,1.2899871E7,1.3783049E7,1.3763533E7,1.3058588E7,1.430656E7,1.4947882E7,1.2274672E7,1.1910954E7,1.148996E7,0,
110,626.3304856246192,0.6918265,,,,,,,,,,,6937379.5,7481480.5,7593690.0,6867467.5,9981961.0,6844318.0,6911848.5,8347995.5,6959664.0,5964478.5,6100542.0,5924470.5,6277170.5,6493030.0,6850855.0,7792161.5,7845037.0,6729616.5,6844701.5,6954459.5,5970032.0,6275340.0,5410178.0,0,
111,144.0478299522202,0.69267833,,,,,,,,,,,1.1251418E7,1.0663096E7,1.13962E7,1.0404533E7,1.1560296E7,1.1814246E7,1.2627944E7,1.3098314E7,1.1552315E7,9196920.0,1.1461528E7,1.1467492E7,1.1446935E7,1.0499362E7,1.0810279E7,1.1147858E7,1.0735531E7,1.1332212E7,1.1907525E7,1.2109149E7,1.1289223E7,1.0582305E7,1.1034671E7,0,
112,291.17035118124454,0.69659895,,,,,,,,,,,8673870.0,7908351.5,7661374.5,7364086.0,6953870.0,6951797.0,7585111.0,9436272.0,6645824.5,4492132.5,6276432.5,5552614.5,5639833.5,6333610.5,6820254.5,7074766.0,6548704.5,6756624.5,6823311.0,6775984.0,6044313.0,5800997.5,5875005.5,0,
113,363.1948108245752,0.6979406,,,,,,,,,,,1.1482702E7,1.0641614E7,9963240.0,7726749.5,0,2374238.5,2994663.8,3527652.8,2062308.8,2245088.0,2819264.5,2415018.5,2470994.0,3794521.8,4399950.0,4493660.5,4478207.5,4222388.0,4578596.5,3164407.8,2639777.0,2640188.5,2614345.0,0,
114,233.13191694855874,0.6972469,,,,,,,,,,,1.2421073E7,1.067044E7,1.0031878E7,8176909.5,0,2511995.8,3291312.0,3760307.0,2220883.2,0,3168938.8,2593202.5,2701657.0,3565486.0,4772533.5,4464033.5,4390487.5,4545354.5,4537967.5,3018898.0,3050003.5,2799914.2,2641602.0,0,
115,471.26362460178206,0.7049141,,,,,,,,,,,1.0154858E7,8866178.0,9540976.0,8376369.5,1.0959169E7,7960240.5,1.0352353E7,1.0422662E7,9555928.0,7212248.0,8376481.0,7416529.0,7977097.0,7549304.0,1.0361988E7,7992734.5,9013154.0,9253646.0,8932758.0,9129494.0,8283249.0,7872307.5,7258041.5,0,
116,120.04460941722219,0.7060909,,,,,,,,,,,1.3677949E8,1.5242398E8,1.1766502E8,1.578795E8,8426516.0,4.2306064E7,5.7952896E7,8.712162E7,3.1567894E7,3.708548E7,4.069559E7,2.1943556E7,5.6366496E7,6.9656104E7,7.844851E7,6.2659024E7,6.427385E7,7.383354E7,7.16867E7,7.267521E7,5.675695E7,7.807695E7,5.508224E7,0,
117,138.05501286163363,0.7060909,,,,,,,,,,,5.756958E7,6.4235612E7,4.8636184E7,6.5309624E7,4379332.0,1.7494668E7,2.4235424E7,3.702445E7,1.3114773E7,1.5652178E7,1.7251642E7,9299510.0,2.3950322E7,2.7772042E7,3.1855394E7,2.5480996E7,2.6200824E7,3.0702244E7,2.9738502E7,2.9818192E7,2.3579914E7,3.2327858E7,2.3866332E7,0,
118,151.03253550731506,0.7100595,,,,,,,,,,,0,0,0,0,0,5505529.5,5569980.0,4241482.5,1.0268651E7,9246204.0,9960171.0,1.0650527E7,8726937.0,5207791.5,5810875.0,4749536.5,5000970.5,5584843.0,5826290.5,5865653.5,7019529.0,7688604.5,5881820.5,0,
119,354.23880359854564,0.7104481,,,,,,,,,,,5571174.5,5445519.5,5489876.5,5057902.0,8558661.0,4745719.0,5633115.0,5452811.5,6128665.0,4522199.0,4705389.0,4159971.8,4528114.0,5810515.0,5997315.5,4524294.5,4789725.5,5292324.5,5054650.0,5057497.5,4872493.5,4323404.0,4261088.0,0,
120,457.24789525170667,0.7175304,,,,,,,,,,,8086349.0,8742193.0,7955851.5,7603204.5,9786234.0,7928616.0,8918797.0,7678566.5,1.010162E7,7106852.0,7893299.5,6964227.5,6829527.0,8629874.0,8857236.0,7198615.0,6854459.5,7846580.5,8648989.0,7447555.5,8516852.0,7081871.5,6916447.5,0,
121,216.15951759853553,0.7194034,,,,,,,,,,,3911640.0,2014184.8,3717041.2,5323954.5,0,2783181.5,7338599.0,5763564.5,3877813.5,1856955.1,2138242.5,3188658.2,3757898.8,4616822.0,4396534.0,3904326.0,3903111.0,4026644.0,4260912.0,7821151.0,5603862.5,5535167.5,4063032.5,0,
122,198.14859971626572,0.71942973,,,,,,,,,,,8522662.0,4213506.5,8126086.0,1.0517491E7,0,6439838.5,1.4731954E7,1.1271327E7,8012901.0,2963938.8,3440533.2,5823891.0,7167771.0,9383735.0,8982927.0,7585852.0,8012264.0,8233023.0,8789282.0,1.5740525E7,1.1213896E7,1.0351461E7,8484933.0,0,
123,198.07430220750445,0.7211823,,,,,,,,,,,0,0,0,0,0,1743675.1,2958939.8,2281421.5,2069989.1,3.9876628E7,4.0577E7,3.967335E7,3.1892836E7,1.9092914E7,1.7031856E7,1.6513191E7,1.5683015E7,1.7186406E7,1.7196582E7,4.053928E7,3.538292E7,3.877244E7,2.737134E7,0,
124,197.07122864670302,0.72116494,,,,,,,,,,,0,0,0,0,0,1.4583774E7,2.5170694E7,2.083768E7,1.959936E7,3.3149434E8,3.3336413E8,3.252691E8,2.7485235E8,1.6658893E8,1.5312421E8,1.4116846E8,1.3420781E8,1.4434275E8,1.4950749E8,3.3924317E8,2.9882454E8,3.2262822E8,2.4121771E8,0,
125,185.12854151546853,0.7284167,,,,,,,,,,,5031591.0,5854604.0,5447301.5,6109377.5,6730136.0,5198239.5,6109686.0,6009247.5,7229032.0,5466216.0,4982672.0,5166661.5,4878054.5,5749304.0,5246668.5,5394616.0,4922445.5,5535732.0,4571538.0,5035872.0,5407186.0,5622539.5,6045102.5,0,
126,666.3616412850356,0.7379032,,,,,,,,,,,6603260.0,8820916.0,9233579.0,6803372.0,0,1.0570522E7,1.2231354E7,1.1536265E7,1.4468787E7,1.2306204E7,1.1277331E7,1.1564244E7,1.0664542E7,1.3240014E7,9702149.0,1.1728202E7,9106453.0,1.0047765E7,8954090.0,9249978.0,1.0687532E7,9359672.0,1.1444018E7,0,
127,195.12286147579167,0.73913974,,,,,,,,,,,4836416.5,5488649.5,4671588.5,6306381.0,2461208.8,4733278.0,5017767.0,4189543.2,5187241.5,4936931.5,6023324.5,3889016.5,3968608.8,2.2820098E7,1.790695E7,2.2563646E7,1.8222928E7,2.051478E7,1.6625702E7,5830892.5,4625221.5,6268178.0,4241769.5,5987885.5,
128,165.10232070435907,0.74372184,,,,,,,,,,,6739706.5,7553009.5,7057267.0,6768635.0,8260088.5,7192357.5,6847010.0,6770604.5,7345880.0,7036210.0,6485835.5,6436683.5,6660013.5,7245611.5,5779935.5,6387309.5,5773323.0,6433824.5,6132864.5,5990847.5,6891277.0,6165709.0,6468132.5,0,
129,524.2872660768484,0.74811554,,,,,,,,,,,3072262.5,3573987.5,3089821.0,2792444.5,5679589.0,2905203.8,2649912.5,2395254.5,3030148.2,3064809.5,2961181.0,2489306.8,2633065.2,3199877.5,2443718.2,2906480.2,2347479.8,2700651.2,2583328.2,2509385.5,2834806.2,2253261.5,2680443.0,0,
130,328.2228394228233,0.7477862,,,,,,,,,,,4011021.8,5074940.5,4668671.5,4313770.5,5241743.0,5312407.5,5221585.0,4262192.5,5469027.5,4720575.5,4381479.5,4066891.0,4379838.0,4845075.0,3769856.2,4370092.5,3960633.8,4172078.8,3891371.2,3927496.2,4478356.0,4054728.2,4199049.0,0,
131,370.23368437057906,0.7477059,,,,,,,,,,,4073170.0,5004923.0,4374900.0,4098700.5,6253157.5,4806028.5,4818857.5,3907094.8,5311685.0,4434136.5,4225483.0,3918990.5,4125163.8,4747633.5,3838116.8,4162250.2,3752084.5,4347072.5,3836729.2,3959598.5,4342465.0,3827333.2,3695896.2,0,
132,202.14378670167574,0.7502081,,,,,,,,,,,3597563.0,1734984.9,2939696.8,4439088.5,0,2169920.2,2291191.0,1891461.8,1985867.4,1768291.0,1931338.2,2737718.8,3645372.5,2399206.0,2259757.2,2261965.8,2161365.8,2339096.5,2154733.8,2415474.5,1787913.8,1955833.8,1852623.1,0,
133,184.1332836321496,0.7540193,,,,,,,,,,,7448753.5,3240950.8,6521064.0,9396832.0,0,4511194.5,5427076.5,4095748.8,4202390.5,3919075.8,4128362.5,5907840.5,7789453.5,4859088.0,4819127.0,5063357.5,4717504.5,4354360.5,4862131.5,5265948.0,4279184.5,4219258.5,3820279.5,0,
134,272.25852505757246,0.74306154,,,,,,,,,,,0,0,0,0,0,0,0,0,0,1708874.1,0,0,0,0,0,0,0,0,0,0,0,0,0,4158514.5,
135,316.3209614543771,0.75510323,,,,,,,,,,,0,0,0,0,0,0,0,0,0,0,0,0,0,0,0,0,0,0,0,0,0,0,0,1545609.9,
136,174.11253088149138,0.7556511,,,,,,,,,,,7112170.0,7158114.5,6100769.5,7723545.5,2909832.0,8770795.0,7767160.0,9134667.0,9361426.0,9804339.0,9007690.0,9320815.0,1.1319729E7,8240185.5,7545312.0,8501492.0,7028526.0,6604047.0,7493302.5,7072994.0,9571461.0,8208405.5,7227982.5,0,
137,193.09732244024374,0.7558077,,,,,,,,,,,4804338.5,4628045.5,4691500.0,4835194.5,5027937.5,4975758.0,4592017.0,4240772.0,4718686.5,4825333.5,4810410.0,4172515.0,4720089.5,4407723.5,3786033.0,4449228.0,3952258.0,4175314.8,4048582.8,4495983.0,4460158.0,4237162.0,4156286.5,0,
138,169.09721771082727,0.7624367,,,,,,,,,,,2.0480208E7,1.8532096E7,1.676313E7,2.2932578E7,2.6443098E7,1.899581E7,1.7222026E7,1.8212496E7,1.7671086E7,1.5778391E7,1.6997874E7,1.7102586E7,2.0703676E7,1.7274266E7,1.6023307E7,1.9125406E7,1.5915163E7,1.6787238E7,1.7537822E7,1.8469662E7,1.9406448E7,1.735524E7,1.8363436E7,0,
139,511.2556246145832,0.7657229,,,,,,,,,,,1.0838617E8,8.52254E7,8.551454E7,9.795615E7,9.0873464E7,8.142599E7,7.87978E7,8.101714E7,7.757942E7,7.331556E7,9.490508E7,6.727605E7,7.270352E7,8.290943E7,7.88719E7,8.4235416E7,9.009069E7,9.173869E7,8.101002E7,8.012161E7,7.986997E7,7.215798E7,8.002494E7,0,
140,152.07065268836104,0.7702152,,,,,,,,,,,6193695.5,6155965.0,6236479.5,6718270.5,6035628.5,5833724.0,6288960.5,6501702.0,6087862.5,5975282.0,5854775.5,6164755.0,6159006.5,5519898.5,5584387.5,6310855.0,5728012.0,5541577.5,5256837.5,6200825.5,6325213.0,6595368.5,6297765.5,0,
141,164.0705787137261,0.7728409,,,,,,,,,,,3597535.5,3399565.0,3616157.0,3944314.5,5435062.0,3733741.5,4022035.2,3773433.5,3814337.8,3184704.8,3501069.0,3062711.2,3426935.0,3165417.8,3292069.2,3233170.5,3713522.8,3509874.5,3409695.2,3683183.0,3602413.8,3642781.5,3793379.0,0,
142,284.139400779319,0.7732211,,,,,,,,,,,3.1918926E7,2.9447942E7,2.5288222E7,3.277603E7,3.5923544E7,2.6065904E7,2.7538502E7,2.8854706E7,2.6874712E7,2.6020742E7,2.7296418E7,2.1407392E7,2.5485208E7,2.6372632E7,2.493207E7,2.7951868E7,2.6057464E7,2.812954E7,2.7666006E7,2.70696E7,2.5420426E7,2.641185E7,3.1815926E7,0,
143,130.06523863622627,0.77368814,,,,,,,,,,,5598976.0,5036353.0,4979197.5,5244228.5,4210805.0,4216580.0,4672657.0,4464317.5,4370756.5,4255120.0,4573131.5,3649211.0,3909470.2,4395529.5,4049074.2,4302150.0,4710480.5,4849769.5,4389918.0,4418570.5,4154741.8,4312540.5,5047863.5,0,
144,341.1244600968679,0.7741159,,,,,,,,,,,4905028.5,4111312.0,3815385.8,4315643.5,6078671.5,3592320.0,4287439.5,3918555.8,3764755.8,3983337.8,3942943.5,2913913.8,3193444.0,3549029.2,3714270.2,3716605.5,4078665.0,3885462.2,3702311.8,3951996.0,3404576.0,3733936.8,4447705.5,0,
145,160.0757432716678,0.7812762,,,,,,,,,,,3.8388486E8,3.4865606E8,3.1670374E8,3.3578227E8,1777672.8,2.1779536E8,2.731991E8,2.484091E8,2.3122558E8,2.6078718E8,2.4221002E8,2.1821802E8,2.318918E8,2.4157467E8,2.3360338E8,2.387064E8,2.4482758E8,2.4703522E8,2.5870368E8,2.5003253E8,2.6460562E8,2.6124354E8,2.8370022E8,0,
146,188.07411234989874,0.785091,,,,,,,,,,,5164000.0,5187711.5,4562837.5,4174618.2,5037560.5,4112648.5,5026160.5,4203837.5,4248157.5,4867747.0,4434162.0,4449091.0,4146400.5,4145003.0,3818609.2,4502601.0,4321114.5,4068354.2,4434905.5,4282576.0,4749066.5,4548909.5,4949410.5,0,
147,258.1237830644042,0.7959724,,,,,,,,,,,4884692.0,5477802.0,5055965.5,4645072.0,6253177.0,4326981.5,4570133.0,4377763.0,4019386.2,4516472.0,3872426.8,3704842.2,4347145.0,3856800.5,4133708.5,3864391.5,4668626.0,4425038.5,4513655.0,4286196.5,5159493.0,5110932.0,5126509.0,0,
148,320.17155078774147,0.7952688,,,,,,,,,,,9630845.0,8252648.0,5554810.0,6526057.0,0,0,0,0,0,0,0,0,0,1323029.1,1553688.1,1259738.9,1679397.2,1635935.0,1568705.9,0,0,0,0,0,
149,201.10229594817412,0.796166,,,,,,,,,,,2.7144548E7,2.8509898E7,2.7905796E7,2.599646E7,0,2.4127626E7,2.749275E7,2.6962384E7,2.4331944E7,2.7761436E7,2.3801114E7,2.5138288E7,2.7399186E7,2.2484092E7,2.2879658E7,2.0542808E7,2.5680972E7,2.4449104E7,2.556534E7,2.4889188E7,2.7957182E7,2.8490954E7,3.130599E7,0,
150,356.2179693889586,0.7983894,,,,,,,,,,,5473126.5,6498360.5,6045992.0,5514648.0,6973121.0,7036862.5,6992338.0,6528564.5,6648790.0,6708979.5,6203827.5,6440418.5,6875580.5,5600703.0,6103598.5,6204471.0,7387749.0,6634548.0,6405127.5,5875027.5,7538472.5,7485942.0,7789695.5,0,
151,429.2498132159984,0.7991963,,,,,,,,,,,5390893.0,6240137.0,5442573.5,5624340.0,6597981.5,5249086.0,4639808.0,4947006.5,4759745.5,5105804.5,4518118.5,4365978.5,4956467.0,4317635.0,4705599.0,4886099.0,5389297.5,5052071.0,5109190.5,4487738.5,5634565.0,5587934.0,6016400.0,0,
152,425.27580333014095,0.8540787,,,,,,,,,,,5784461.5,7651406.5,6332642.0,7954126.0,6607849.5,8905579.0,8343186.5,8482122.0,9726691.0,8667044.0,7728687.0,1.1298618E7,9585750.0,9192450.0,1.0664783E7,9532967.0,5479693.5,4749501.5,8756019.0,7568538.5,8161248.5,7501187.0,9926384.0,0,
153,173.0709755388244,0.80452776,,,,,,,,,,,5215928.0,5200327.0,5459352.0,5242539.5,5780969.0,7300029.5,6595252.0,6872500.5,7195718.0,7386442.0,6957335.5,6922342.0,6774048.5,7723894.0,8129395.0,8617018.0,9538521.0,8282466.5,8920133.0,6183186.5,7432596.5,7004707.0,7779577.5,0,
154,233.10324893422958,0.81073874,,,,,,,,,,,4532212.5,4633704.5,4409276.5,4897831.0,5251488.5,5090426.5,4512010.5,4724370.0,4568497.5,5149816.5,4393582.0,4225695.0,4695494.0,3980639.8,4369769.5,4776507.5,4982508.5,4312529.0,4520651.5,4449239.5,5138140.0,5161835.5,5626804.0,0,
155,151.09643613949578,0.8140941,,,,,,,,,,,0,0,0,0,0,0,0,0,0,0,0,0,0,4031972.2,4470429.0,4407171.5,4909264.5,4546973.0,4343181.5,0,0,1087776.6,0,1622369.5,
156,210.11014015309337,0.8133487,,,,,,,,,,,5876206.5,2769443.5,5645653.5,7978910.5,0,4578552.5,7581600.5,6405092.5,3699262.5,2923912.5,4026380.5,5224513.5,6941815.5,4554426.0,5152576.5,5597656.0,5727211.5,5628299.0,5708475.0,7208229.5,6941971.0,8222747.0,6139381.5,0,
157,124.11224745963872,0.8141865,,,,,,,,,,,4748797.0,2464019.8,4547295.0,6467541.0,0,3496386.5,6103670.0,5231646.0,2982684.0,2314287.0,3499807.5,4288344.5,5193889.5,3958816.0,4155724.8,5086470.0,4725909.5,4379562.0,4643645.0,6737321.0,5858987.5,5994052.0,4349518.0,0,
158,170.11755319888135,0.8146201,,,,,,,,,,,6.010351E7,2.5209436E7,5.753785E7,8.277812E7,0,4.0431456E7,7.58476E7,6.053752E7,3.5268004E7,2.8111952E7,3.670501E7,5.3099276E7,6.5709856E7,5.191364E7,5.656524E7,5.950393E7,5.9355064E7,5.3236092E7,5.096996E7,8.228091E7,6.369942E7,8.388136E7,6.006591E7,0,
159,300.13429737653576,0.8188955,,,,,,,,,,,1.1600275E7,1.1772366E7,1.1450788E7,1.0858232E7,1.371154E7,1.2064406E7,9301883.0,1.0392969E7,1.0256219E7,1.1706869E7,1.1822193E7,1.1171396E7,1.0603515E7,9750348.0,1.0764929E7,1.203491E7,1.03962E7,9239823.0,1.008128E7,9100414.0,1.2410379E7,1.0511538E7,1.2358571E7,0,
160,321.14769488834327,0.8195491,,,,,,,,,,,0,0,0,0,0,4224427.5,3210461.8,2933671.0,4683133.5,4489359.0,4453110.0,5716757.5,3406964.2,1228995.6,1599341.1,1639946.5,0,1320148.1,1246015.0,1818839.4,2518630.2,2667060.2,3388888.5,0,
161,437.27596184601583,0.81936014,,,,,,,,,,,4487326.5,4162555.5,4536305.0,4777580.0,7346115.5,4696713.5,3823565.0,4286119.5,3789508.5,4525002.5,4555217.0,4446415.5,4618699.0,4147178.2,4395079.5,5044043.5,4497938.5,4023007.5,4517044.0,3718347.5,4726229.5,4168140.2,4685760.0,0,
162,191.08499942592363,0.8200996,,,,,,,,,,,0,0,0,0,0,6306503.5,4832972.5,4601945.0,6947326.0,6021264.5,6866768.5,8628870.0,5430648.5,1771355.8,2195355.5,2274964.8,0,1808402.2,2026301.4,2567439.2,3774359.0,3754605.0,4888111.5,0,
163,243.08772930441373,0.820517,,,,,,,,,,,4893670.5,5729177.0,4988848.0,4380987.0,3453617.0,3492773.5,2826985.2,3727330.5,3348513.5,3113540.8,3109243.5,3413220.2,3159290.8,3600233.0,4083055.5,4578024.5,3704248.5,3752207.2,4148499.5,2803070.8,3927789.0,2711875.2,3844072.8,0,
164,217.09724309784968,0.82267755,,,,,,,,,,,1.8328396E7,1.956908E7,1.9545048E7,1.7289428E7,0,2.0140664E7,1.9561578E7,1.9401138E7,2.0213522E7,2.0898796E7,1.8513456E7,1.974273E7,1.8509488E7,1.7598734E7,1.9901348E7,1.9975114E7,1.6852812E7,1.531567E7,1.703886E7,1.7258118E7,2.0696878E7,2.1438378E7,2.2557542E7,0,
165,586.3241358366694,0.829194,,,,,,,,,,,2120403.0,2132354.5,1675018.2,1847306.2,1682188.5,6459082.0,6559848.5,5428113.5,6423330.0,5751691.5,5390101.0,6235421.0,5818417.0,5616184.0,4659101.0,5295359.0,4647001.5,4722969.5,4862893.0,5103220.5,6218603.0,5156737.0,5526430.0,0,
166,151.0866696999341,0.8342957,,,,,,,,,,,1.8913746E7,2.1011926E7,2.0064706E7,2.0087512E7,2549181.5,1.6131111E7,1.9039278E7,1.8522134E7,1.8060078E7,1.8725566E7,1.6456922E7,1.8859498E7,1.9065022E7,1.6755908E7,1.7214418E7,1.7076648E7,1.680722E7,1.5873473E7,1.8251556E7,1.6787E7,2.0706924E7,1.7740954E7,1.9528104E7,0,
167,510.292699530271,0.8342453,,,,,,,,,,,7504584.5,8118050.0,6791540.0,7271311.0,5995014.5,6823390.5,8069903.5,6551237.0,7393613.0,7940735.5,6643752.5,7894714.0,6928739.5,8030105.0,6636261.0,7175587.5,6727037.0,6681846.0,7330736.5,6193674.0,8474703.0,6392080.0,7203670.0,0,
168,526.3028717369749,0.8462191,,,,,,,,,,,2.0500534E7,2.4102794E7,1.71408E7,2.238995E7,1.899766E7,1.8519728E7,2.3309256E7,1.6275478E7,2.2007116E7,2.3187106E7,1.9163486E7,1.6442819E7,1.7322872E7,2.0523566E7,1.7446056E7,2.2995762E7,1.7324784E7,1.948821E7,2.3294902E7,1.9189802E7,2.0325796E7,2.007989E7,2.107664E7,0,
169,151.1230030163963,0.8476273,,,,,,,,,,,5064141.0,7145895.0,4879067.0,7036325.5,8727734.0,6559188.5,7251664.0,6989585.0,6604948.0,6800393.5,6919758.0,6538697.5,6711474.5,6436672.0,6381156.0,6816949.0,6275976.5,5793753.5,6405272.5,4483336.5,6627335.0,7090837.5,6461329.0,0,
170,627.4079058003982,0.8501833,,,,,,,,,,,8132117.5,1.1279021E7,7755694.0,1.2240307E7,1.2849279E7,8760698.0,1.1504763E7,7653255.0,1.0640374E7,1.0474576E7,7896383.5,7212860.0,7591554.5,9807413.0,7638333.5,1.049228E7,8148170.5,8806045.0,1.0279488E7,8723001.0,8292774.0,9265780.0,1.2531323E7,0,
171,204.12425069519534,0.8506383,,,,,,,,,,,2.1732112E7,2.6071426E7,2.389707E7,2.6846682E7,1.1725259E7,2.3408316E7,2.5709784E7,2.1340852E7,2.4009886E7,2.415828E7,2.3134882E7,2.0323288E7,2.1265116E7,2.223793E7,1.9791542E7,2.443355E7,2.0213634E7,2.3856838E7,2.7010366E7,2.4113114E7,2.2473984E7,2.3943452E7,2.2515692E7,0,
172,315.21034305259354,0.84980714,,,,,,,,,,,3.4388084E7,3.6101212E7,2.8772562E7,3.804503E7,3.6715972E7,3.5388816E7,4.0680664E7,2.8135714E7,3.4388028E7,3.193293E7,3.4863764E7,2.9773914E7,3.2893334E7,3.020326E7,2.8563582E7,3.8338136E7,3.0502118E7,3.4851536E7,3.4177276E7,3.031099E7,3.1481472E7,3.5695844E7,3.789963E7,0,
173,336.18926117692996,0.85186,,,,,,,,,,,8246748.0,9925003.0,6973502.0,9117072.0,8691559.0,8806309.0,9593919.0,7735113.5,8961881.0,8645274.0,7220519.0,6871902.0,7430862.0,7586432.5,6985081.5,8723905.0,7424651.0,8430826.0,9548067.0,8187620.0,8240145.0,7925103.0,9213404.0,0,
174,314.20736653051404,0.8519033,,,,,,,,,,,1.871931E8,2.1659182E8,1.6814904E8,2.2631899E8,2.0236237E8,1.9364675E8,2.2369818E8,1.6904549E8,1.987105E8,1.968992E8,1.8200694E8,1.6785923E8,1.7839013E8,1.8921722E8,1.7919283E8,2.107727E8,1.6471525E8,1.8564934E8,2.1142654E8,1.9023504E8,1.803839E8,1.8168982E8,2.0249613E8,0,
175,626.330200509215,0.8523601,,,,,,,,,,,9703370.0,1.1834937E7,8530517.0,1.0672718E7,1.0726384E7,9815579.0,1.175648E7,8578966.0,1.1006209E7,1.1308531E7,9781006.0,9012993.0,9032120.0,1.1430864E7,1.0206527E7,1.3303942E7,9181034.0,9598834.0,1.1617142E7,1.0073235E7,9527908.0,9961767.0,1.1051396E7,0,
176,229.15465666193387,0.85349864,,,,,,,,,,,6079694.0,6631149.0,5074633.5,7103192.5,5840900.0,5690953.0,6615435.0,4966382.5,5441319.5,4839144.5,5540783.5,4682274.0,5321239.0,5051289.5,5528658.5,5990402.0,5089215.0,5338791.5,6047144.0,5083628.0,5398184.0,4994969.0,5536599.0,0,
177,215.13912693537534,0.85436827,,,,,,,,,,,1.2095316E7,1.1235278E7,8613579.0,1.0615255E7,1.0204211E7,1.0335763E7,1.0240683E7,9279878.0,9167967.0,8991266.0,8996900.0,9299755.0,9856748.0,8160313.5,8694365.0,1.0000503E7,7567239.0,9562633.0,1.0132621E7,9657129.0,9374734.0,9044384.0,9442113.0,0,
178,186.11251930508757,0.85664386,,,,,,,,,,,6321239.0,6393959.5,4406393.0,5334364.5,0,5313253.5,5325904.5,5332093.0,4771324.5,4897740.0,5606659.5,5013435.0,5200149.5,4473701.0,4860155.5,5339749.5,4334376.5,5227062.5,4907712.5,5036218.5,5512961.5,5396762.5,4876509.0,0,
179,181.09714783213823,0.860753,,,,,,,,,,,1.7583932E7,2.0535742E7,1.7517922E7,1.848737E7,1.6572728E7,2.228006E7,1.7377346E7,1.966772E7,1.8475086E7,1.6979334E7,1.773436E7,1.9319806E7,2.0284884E7,1.5696979E7,1.6957074E7,1.9630884E7,1.5337453E7,1.8002604E7,1.8449392E7,1.739918E7,2.0886456E7,1.8432214E7,1.9665326E7,0,
180,153.10227314025167,0.8611496,,,,,,,,,,,9107458.0,1.0662576E7,9092920.0,9864734.0,8520854.0,1.1779698E7,9019686.0,1.0318953E7,9443237.0,8592687.0,9134818.0,9844257.0,1.0824373E7,8008150.0,8931814.0,1.0507796E7,8100731.5,9334599.0,9586708.0,9427047.0,1.0719575E7,9087498.0,1.0043805E7,0,
181,199.10776993698127,0.8611477,,,,,,,,,,,1.6762875E8,1.7841075E8,1.3920669E8,1.4987413E8,1.5174976E8,1.7844262E8,1.4196584E8,1.5737664E8,1.3513037E8,1.2697807E8,1.6249618E8,1.6370058E8,1.6920248E8,1.2856145E8,1.3355667E8,1.6548962E8,1.2042108E8,1.5351032E8,1.4979414E8,1.5722315E8,1.7573531E8,1.4629464E8,1.548462E8,0,
182,425.27582687541917,0.85896915,,,,,,,,,,,4966174.5,6936190.5,5836313.5,7131468.5,7047479.0,9390685.0,8072416.5,7913695.0,9237326.0,7632267.0,7417011.5,9315779.0,9395621.0,8133740.5,8701423.0,9672770.0,7605862.0,7421771.0,7595853.0,6925938.0,7514303.5,6943160.0,9176475.0,0,
183,344.21788005168844,0.8666967,,,,,,,,,,,4974149.0,6860244.5,5927343.5,6928633.0,6540276.5,7739609.5,6660221.5,7834092.0,7472580.0,6078159.5,7017578.0,7350427.5,7771860.0,7308611.5,7733536.5,8082549.0,6907585.5,6942981.5,6538735.0,5617174.0,6398337.0,6189446.0,7667887.5,0,
184,174.1125083659065,0.87122726,,,,,,,,,,,5594599.0,2630861.2,5509697.5,6914360.5,0,4451657.0,3291116.0,3326317.0,2777135.5,3168561.0,4567250.0,5707233.5,6648030.0,5008579.5,4618639.5,4707999.5,3771888.8,4272066.5,3749116.8,3611858.0,3613428.0,3549845.8,3187836.2,0,
185,156.10190472647975,0.87247473,,,,,,,,,,,1.9185074E7,9312663.0,1.6888506E7,2.4196264E7,0,1.1443217E7,1.1438182E7,1.1878457E7,8904137.0,8659193.0,1.5893937E7,1.8805514E7,2.270934E7,1.4538066E7,1.4285184E7,1.5371938E7,1.2415299E7,1.2911054E7,1.1296654E7,1.1661844E7,1.1299644E7,1.134538E7,9614648.0,0,
186,433.242137091486,0.87354106,,,,,,,,,,,1.1506331E7,1.6788586E7,1.1744447E7,1.3414909E7,1.3528834E7,1.9031474E7,1.368351E7,1.5952649E7,1.8674148E7,1.1880136E7,1.444919E7,1.5858692E7,2.2231178E7,1.3265712E7,1.517402E7,2.0017742E7,1.2247709E7,1.7048556E7,1.5071572E7,1.2113328E7,1.3462566E7,1.5204441E7,1.4361977E7,0,
187,155.08152387854713,0.875501,,,,,,,,,,,4.5979292E7,5.8720748E7,6.810857E7,5.9825576E7,1.8609292E7,5.4353224E7,4.7865076E7,7.107297E7,6.2665508E7,6.2376384E7,6.0445772E7,7.577977E7,7.7993336E7,3.547555E7,3.474035E7,3.908871E7,3.625544E7,5.825004E7,6.2190332E7,4.053893E7,6.385739E7,4.7559504E7,7.194409E7,0,
188,345.16557484409117,0.87516844,,,,,,,,,,,7201970.5,7683753.5,6039891.0,7160454.0,7878120.0,1.0125584E7,6830814.0,8038301.0,7409897.5,6692525.0,7899758.5,6946994.0,8901477.0,7414185.0,8159070.5,9447146.0,6765487.0,8634632.0,6677630.0,6017035.5,7682973.0,7697547.0,7390471.0,0,
189,304.13251163587415,0.87587416,,,,,,,,,,,1.1346966E7,1.6510676E7,1.5759181E7,1.6411419E7,0,2.837912E7,2.3100402E7,2.4021686E7,2.2074374E7,1.8910486E7,2.1432838E7,1.932471E7,2.161739E7,1.8706106E7,1.9795384E7,2.2703468E7,1.6778416E7,1.993559E7,1.676837E7,2.0980112E7,2.2070768E7,2.337526E7,2.31669E7,0,
190,130.0652305178442,0.8506883,,,,,,,,,,,8618714.0,1.0675145E7,2591735.0,2223198.0,2610482.5,2836102.5,2220435.0,3777045.8,3037693.2,2889415.5,2859706.5,2907522.5,2320449.5,3284118.2,2461166.2,3611285.5,3553939.2,2868670.5,2760937.5,3670526.8,2424857.8,2286154.5,2602633.5,0,
191,446.1955887956719,0.88393044,,,,,,,,,,,4.03818E7,5.0336324E7,4.4681976E7,5.2351184E7,6.309899E7,5.040533E7,4.083739E7,3.7984144E7,4.5017684E7,4.1824732E7,4.8690264E7,3.374465E7,4.0070348E7,4.0475116E7,4.1093364E7,4.989722E7,3.8785708E7,4.7410692E7,4.9196136E7,4.060423E7,4.2519744E7,4.362543E7,4.2116116E7,0,
192,821.5136733379335,0.88512415,,,,,,,,,,,2.8248122E7,4.2540724E7,3.6755668E7,4.5178816E7,5.997529E7,4.087077E7,4.008453E7,3.4965856E7,3.724302E7,3.5384044E7,4.097277E7,2.8391298E7,3.505147E7,3.8860108E7,3.6389416E7,4.27908E7,3.3719188E7,4.2964576E7,4.6704616E7,3.3343654E7,3.7076068E7,3.8549948E7,3.396832E7,0,
193,411.26039742055576,0.88551146,,,,,,,,,,,3.6367904E8,4.4707888E8,4.3376883E8,4.8551062E8,5.1854186E8,4.7088288E8,4.2794867E8,3.7207616E8,4.2274022E8,4.1619776E8,4.722848E8,3.3252032E8,3.939198E8,4.1133002E8,4.0343094E8,4.668114E8,3.928285E8,4.5269904E8,4.8054714E8,4.179136E8,4.386184E8,4.266932E8,4.0819267E8,0,
194,284.13939756182583,0.86506385,,,,,,,,,,,5602835.0,8184388.0,6148351.0,7655316.5,6570000.0,8351089.5,5999393.5,1.3321203E7,1.2738334E7,5485890.0,6475723.5,8270017.0,7439612.0,6531720.5,8955595.0,7494089.0,5894320.0,7284775.0,1383339.0,6487439.5,7206974.5,6452099.0,8547121.0,0,
195,341.24349731146395,0.8899161,,,,,,,,,,,2531927.2,2205467.5,4836524.5,8995861.0,0,2844782.8,2.312115E7,1.4762672E7,5496477.0,0,2612390.8,4062498.5,4062827.0,1.0081703E7,9082474.0,1.1315267E7,9378224.0,9575929.0,1.0675973E7,2.2744592E7,2.3900138E7,2.3947338E7,1.0995465E7,0,
196,485.2763430684335,0.89025533,,,,,,,,,,,8124684.5,1.2112987E7,1.1571755E7,1.3377567E7,1.3670045E7,1.1251912E7,1.0397923E7,9139909.0,1.0085617E7,1.0394442E7,1.1785472E7,9064415.0,9431661.0,1.0400286E7,1.0470136E7,1.3380604E7,9558708.0,1.0456309E7,1.232115E7,1.0695746E7,1.170843E7,9298714.0,1.0293214E7,0,
197,623.3406124620928,0.8910553,,,,,,,,,,,1.1452709E7,1.631996E7,1.6019271E7,1.7746168E7,2.3808552E7,1.5078621E7,1.4634486E7,1.1613546E7,1.4575236E7,1.3791894E7,1.6182583E7,1.1431449E7,1.167517E7,1.4946305E7,1.4810755E7,1.83314E7,1.3398689E7,1.4064507E7,1.80797E7,1.2792174E7,1.5477303E7,1.1904506E7,1.3406586E7,0,
198,356.2179728280603,0.8910553,,,,,,,,,,,1.8823454E7,2.0281184E7,2.1331758E7,2.3073688E7,1.9253978E7,1.8643778E7,1.8647962E7,1.6485619E7,2.127398E7,1.9188084E7,2.1880928E7,1.6155325E7,1.5612858E7,1.84568E7,1.7826344E7,2.429204E7,1.6203834E7,1.763821E7,2.2327684E7,1.9354392E7,2.1127602E7,1.8250608E7,1.9948654E7,0,
199,164.09316139236913,0.89163893,,,,,,,,,,,1.7639936E7,2.0343216E7,2.029E7,2.7659382E7,0,1.1419849E7,9026988.0,8891059.0,1.1537094E7,1.0945421E7,1.0633622E7,7693986.5,1.00134E7,1.089056E7,1.1449216E7,1.5713344E7,1.026348E7,1.113924E7,1.3555978E7,1.130333E7,1.1246259E7,1.2069843E7,1.2360346E7,0,
200,487.2570320490395,0.8938155,,,,,,,,,,,6658764.5,9908610.0,1.0156377E7,1.1813138E7,1.6308264E7,9046870.0,1.0006314E7,8174230.5,1.0148715E7,9623783.0,1.0467253E7,8719248.0,7462579.0,1.0230218E7,9824647.0,1.121541E7,8796656.0,9271229.0,1.18214E7,9368000.0,1.1079603E7,7951731.0,9538757.0,0,
201,339.13403825821365,0.89382046,,,,,,,,,,,1.2164816E7,1.5468458E7,1.4971171E7,2.211622E7,1.7475224E7,1.6458275E7,1.3686575E7,1.1808895E7,1.6197329E7,1.9582194E7,1.5935299E7,1.1322362E7,1.5622218E7,1.324373E7,1.4057003E7,2.2145044E7,1.2776864E7,1.2932956E7,1.6037877E7,1.3887469E7,1.506261E7,1.3140364E7,1.9640946E7,0,
202,261.12351011661895,0.89538294,,,,,,,,,,,3.1355942E8,4.243789E8,4.195236E8,4.4479517E8,4.643014E8,3.6171293E8,4.4510275E8,3.7146176E8,4.252767E8,4.0463936E8,4.6293283E8,4.2208432E8,3.2937245E8,3.784163E8,3.7143344E8,4.1802486E8,3.5222614E8,3.824003E8,4.6078576E8,4.179368E8,4.5543443E8,3.4881453E8,4.180015E8,0,
203,427.2552219886968,0.8957808,,,,,,,,,,,4.3843268E7,4.942821E7,4.834365E7,5.6116188E7,5.501582E7,4.2663776E7,4.3635584E7,3.690073E7,4.332205E7,4.1599012E7,4.7682436E7,4.2268124E7,3.87118E7,4.423955E7,4.8248004E7,4.8715748E7,3.868073E7,4.271866E7,4.86593E7,4.1880588E7,5.3547964E7,3.8792304E7,4.20968E7,0,
204,123.05548360683417,0.89734626,,,,,,,,,,,4882286.0,0,0,0,2.3758456E7,0,0,0,0,0,0,0,0,0,0,0,0,0,0,0,0,0,0,0,
205,558.2924201785805,0.8965624,,,,,,,,,,,8217853.0,1.3281898E7,1.879936E7,1.3300318E7,1.4954672E7,1.2632802E7,1.4988061E7,1.2048283E7,1.2501355E7,1.228261E7,1.4106755E7,1.2085789E7,1.1085256E7,1.4796014E7,1.3570121E7,1.5248173E7,1.8748658E7,1.1186179E7,2.0716828E7,1.2529648E7,1.6229067E7,1.0104749E7,1.1444789E7,0,
206,300.1917751530696,0.89813995,,,,,,,,,,,8198718.5,9916053.0,1.0074903E7,9901172.0,1.1050852E7,8125834.0,9570557.0,7729779.0,9361290.0,8168161.0,8728144.0,8418399.0,7801830.0,9483105.0,8994670.0,9034165.0,7768683.0,7503202.5,9425810.0,9030990.0,1.0568331E7,7494513.0,8692042.0,0,
207,538.3239600200445,0.8985301,,,,,,,,,,,1.1316352E7,1.7544946E7,2.6054406E7,1.7423154E7,2.6375642E7,1.9559428E7,2.2809388E7,2.4769846E7,1.8813832E7,1.7658724E7,2.0481302E7,1.8767024E7,1.6956644E7,2.2591198E7,1.997714E7,2.1789252E7,2.7506346E7,1.5915091E7,2.2365198E7,1.8659782E7,2.443855E7,1.6114788E7,1.7015354E7,0,
208,330.2022494809545,0.900102,,,,,,,,,,,2.607156E7,3.4461784E7,3.2439782E7,3.3149288E7,3.5917784E7,2.7492746E7,3.1280978E7,2.4796472E7,3.0588026E7,2.6939428E7,3.0356654E7,2.9094488E7,2.6528156E7,3.105653E7,3.1131322E7,3.1037542E7,2.3020472E7,2.6370904E7,3.056259E7,2.8898656E7,3.632994E7,2.662643E7,2.966642E7,0,
209,821.4200613405103,0.90486014,,,,,,,,,,,8543919.0,1.062288E7,9700783.0,9591136.0,1.0491384E7,9168136.0,9419700.0,8341738.0,7896632.5,8238585.5,9727888.0,1.0341412E7,8234398.5,1.0564382E7,1.2036644E7,9562766.0,7938716.0,9038220.0,9081980.0,8478636.0,9443736.0,8582447.0,7162871.0,0,
210,579.3504915622657,0.9076591,,,,,,,,,,,1.4695641E7,1.668286E7,1.4099497E7,1.3677828E7,1.9249504E7,1.1690049E7,1.4368017E7,1.2020293E7,1.1451444E7,1.182151E7,1.3655168E7,1.5647364E7,1.2619255E7,1.5619615E7,1.7035662E7,1.4671222E7,1.0782934E7,1.4953988E7,1.4605196E7,1.2624258E7,1.5471753E7,1.2938487E7,1.1253948E7,0,
211,342.2023248458603,0.90846,,,,,,,,,,,3.8734124E7,4.0339896E7,3.4373244E7,3.436571E7,3.9190012E7,3.327773E7,3.760738E7,3.2323704E7,3.625804E7,3.200268E7,3.861246E7,3.886872E7,3.7010388E7,3.988505E7,4.030436E7,3.8828944E7,2.5547548E7,3.585742E7,3.3307428E7,3.3669412E7,4.5950724E7,3.5714332E7,3.5702836E7,0,
212,838.4462753818195,0.9092574,,,,,,,,,,,2.4019186E7,2.892506E7,2.4589186E7,2.422925E7,2.6847422E7,2.160236E7,2.4760382E7,2.014243E7,2.1223976E7,2.1345562E7,2.465537E7,2.7166382E7,2.1190614E7,2.7001584E7,3.027556E7,2.7031808E7,1.9273538E7,2.6480984E7,2.3070976E7,2.1144764E7,2.4774158E7,2.2824886E7,1.9210622E7,0,
213,439.2552279016676,0.9120604,,,,,,,,,,,1.2395968E7,1.2675181E7,9785551.0,1.0585251E7,1.1604937E7,1.7690824E7,1.9925784E7,1.8335934E7,2.229745E7,1.7907416E7,2.2138222E7,2.1301644E7,2.0531506E7,1.7113152E7,2.2665318E7,1.83701E7,1.5359204E7,1.9758926E7,1.7921386E7,1.7808764E7,2.1444434E7,1.9023784E7,1.7354746E7,0,
214,843.4015185307068,0.9140386,,,,,,,,,,,1.0413948E7,1.0824717E7,9309272.0,9513966.0,8824480.0,7826299.0,9218778.0,9338934.0,8501128.0,8526120.0,8993960.0,1.0823397E7,7723560.0,8538712.0,1.1298508E7,9514369.0,8275175.5,9534312.0,9166648.0,8998741.0,1.0125153E7,8968892.0,7389991.0,0,
215,536.3083942354752,0.9156289,,,,,,,,,,,5.432534E7,5.048858E7,3.7651508E7,4.0817224E7,4.7676256E7,3.7702944E7,4.4684464E7,4.0317596E7,3.874103E7,3.821728E7,4.434214E7,4.4849064E7,3.9236244E7,4.015894E7,5.236481E7,4.372889E7,3.5900056E7,4.6283416E7,4.2420364E7,4.1353572E7,4.7734508E7,3.9207E7,3.558654E7,0,
216,299.1489543149618,0.9160305,,,,,,,,,,,1.6830476E7,8627684.0,8990104.0,1.2013968E7,9337917.0,1.5969554E7,1.1449999E7,1.5368166E7,1.5157401E7,9130485.0,5858293.0,1.1868663E7,1.1570539E7,1.2834407E7,1.5785211E7,1.4836592E7,1.2060686E7,1.4096774E7,1.3059241E7,1.7474726E7,2.167622E7,1.5855582E7,1.624197E7,0,
217,374.17228230156417,0.91841507,,,,,,,,,,,3312223.2,2633437.8,1817828.5,2196097.8,7500159.5,2950644.8,2612960.8,2435391.0,3023687.2,2685338.8,3155032.8,2849756.8,2702406.2,2379024.5,2750948.2,2462509.2,2675850.5,2890630.5,2447353.2,2787235.8,2832643.2,2558356.2,2351117.2,0,
218,225.12334620794059,0.9229569,,,,,,,,,,,1.3261779E7,1.2690218E7,1.170246E7,1.1675857E7,1.1234973E7,1.2152978E7,1.1901471E7,1.1774407E7,1.1394547E7,1.2696104E7,1.4551492E7,1.1844121E7,1.2208634E7,1.1405286E7,1.1298684E7,1.1785175E7,1.0636324E7,1.281721E7,1.2106932E7,1.2712427E7,1.2402548E7,1.0745115E7,1.0494628E7,0,
219,243.13400140133862,0.9262543,,,,,,,,,,,3.2436552E7,3.3336564E7,3.0134462E7,3.1566462E7,2.7969958E7,3.1779618E7,3.0468938E7,3.1946708E7,3.057096E7,3.6464516E7,3.552701E7,3.1399914E7,3.3830092E7,3.0728924E7,2.9198306E7,3.3216176E7,2.806229E7,3.5167196E7,3.2427098E7,3.1663206E7,3.325781E7,3.1722642E7,2.9835634E7,0,
220,397.24469056031194,0.9262488,,,,,,,,,,,1.1023111E7,8577323.0,7054019.5,7862068.0,7932393.5,8909774.0,8276619.5,8500634.0,8098425.0,7640877.5,9237085.0,7915698.5,7797423.5,7107830.0,7587005.5,7105380.0,7260659.5,8907638.0,8005785.0,7952647.5,8239458.0,7496906.5,7211604.5,0,
221,146.06005722014402,0.9325652,,,,,,,,,,,5.6028348E7,6.0859456E7,6.253215E7,5.2092516E7,6.2575972E7,6.313546E7,5.7894684E7,6.11736E7,6.3595228E7,6.285034E7,5.7773436E7,5.9475284E7,6.278753E7,6.1135764E7,6.0547364E7,5.732845E7,5.9435E7,6.621971E7,6.4415988E7,5.7780536E7,5.785468E7,6.032057E7,6.635043E7,0,
222,197.12853641121575,0.9354051,,,,,,,,,,,1.0711555E7,1.1252751E7,1.1820839E7,1.0756589E7,1.0790359E7,1.2188758E7,1.0824087E7,1.1438825E7,1.2598053E7,1.2215045E7,1.0996828E7,1.0440087E7,1.1419147E7,1.221757E7,1.2193615E7,1.0764035E7,1.0810287E7,1.2601591E7,1.1799947E7,1.2108013E7,1.0766929E7,1.0892593E7,1.189409E7,0,
223,489.2348126464596,0.9569386,,,,,,,,,,,1.0851861E7,9746941.0,9374743.0,8861735.0,1.0367713E7,8825079.0,1.0239805E7,8439369.0,1.0264548E7,8582781.0,1.0592177E7,1.0120867E7,1.1201782E7,9239621.0,1.0216581E7,8148306.5,9861100.0,1.021396E7,1.0786867E7,9164765.0,1.073075E7,9691353.0,1.0477032E7,0,
224,176.0706371963787,0.9718535,,,,,,,,,,,0,0,0,0,8514341.0,0,0,0,0,0,0,0,0,0,0,0,0,0,0,0,0,0,0,0,
225,207.05540837263564,0.9761338,,,,,,,,,,,0,0,0,0,0,0,0,0,0,5303482.0,6159151.5,6646516.5,4838607.5,2447546.2,2363090.0,2351335.5,2312601.0,2810619.2,2703212.2,3904120.8,4546603.5,4476951.5,3684965.0,0,
226,160.07571874100887,0.9767085,,,,,,,,,,,1.8722472E7,2.070598E7,1.758033E7,1.815785E7,0,1.3571846E7,1.3058165E7,1.3683155E7,1.3584646E7,1.2384991E7,1.4195244E7,1.1391854E7,1.2737681E7,1.4505966E7,1.4025151E7,1.3767412E7,1.3173598E7,1.5314471E7,1.3789779E7,1.2827833E7,1.4949594E7,1.3793109E7,1.2527725E7,0,
227,197.07109601648563,0.98022544,,,,,,,,,,,0,0,0,0,0,0,0,0,0,1.3957666E7,1.6013044E7,1.39468E7,1.1323234E7,6077356.5,5765311.5,6203279.0,5514573.0,6242662.0,5713438.5,1.3713748E7,1.2899559E7,1.3970667E7,9288548.0,0,
228,225.0659807198342,0.9800396,,,,,,,,,,,0,0,0,0,0,1711074.8,2020273.0,2100688.5,2156852.5,2.9452106E7,3.495454E7,3.526997E7,2.765034E7,1.348124E7,1.3494486E7,1.4039872E7,1.3584044E7,1.5461433E7,1.4420566E7,2.2689934E7,2.6005836E7,2.4984418E7,2.1355998E7,0,
229,245.1283922487072,0.98211646,,,,,,,,,,,8087115.5,9746625.0,8044260.5,9586942.0,8207705.5,8376499.5,8083694.5,8193297.5,9902927.0,8134512.5,8407960.0,7827066.0,7824511.5,8058889.0,8445273.0,8289079.0,7683207.0,1.0451957E7,9023808.0,7764772.0,8602493.0,8594754.0,7863032.5,0,
230,211.14404959703492,0.98287225,,,,,,,,,,,7443540.0,8979118.0,7676706.0,8519129.0,7471987.0,7332274.0,7036921.0,7287858.0,8930114.0,7254815.0,7586433.0,6828652.5,7543262.0,7147408.5,7141241.5,7440411.5,6770075.0,9028884.0,7734920.0,7108426.0,7643359.5,7488654.5,7232712.5,0,
231,602.2648204111991,1.0024538,,,,,,,,,,,3.452212E7,3.1120342E7,2.8222786E7,3.1185534E7,0,2.9604418E7,2.8423924E7,3.0803564E7,3.527936E7,2.8375354E7,2.8725494E7,3.0242584E7,3.0813988E7,2.7524394E7,2.9383314E7,2.946707E7,0,3.4328252E7,2.7719826E7,2.7307446E7,3.0250676E7,3.0054726E7,2.8622172E7,0,
232,317.13422214586416,1.0075597,,,,,,,,,,,4.0344788E7,3.9943732E7,3.4608436E7,4.1118364E7,4.116168E7,3.4511264E7,3.5123748E7,3.7382652E7,4.1472452E7,3.381914E7,3.54108E7,3.4287428E7,3.901617E7,2.8969538E7,3.5275164E7,3.3118328E7,3.0078504E7,4.16451E7,3.1839836E7,3.264394E7,3.4637216E7,3.5961796E7,3.576019E7,0,
233,639.3504618874167,1.011269,,,,,,,,,,,8023612.0,7383366.0,7231050.5,7827056.0,8775716.0,7728844.0,6851311.5,7988884.5,9160594.0,7106009.5,7552546.0,7774486.0,8229159.0,7545667.5,7819949.5,8155464.0,7373371.5,9043207.0,8044852.0,7094239.5,7781024.0,7669494.0,7020748.0,0,
234,624.2465734693351,1.0223831,,,,,,,,,,,2963728.0,3053382.0,2654173.0,3155431.2,2312607.8,2341135.0,2429452.0,2852516.2,2863304.0,2665088.2,2379845.8,2429489.0,2735746.8,2088898.0,2206185.2,2059277.6,2203565.0,2828327.2,2551171.2,2437887.0,2678464.5,2615620.2,2565965.2,0,
235,199.10777596720763,1.0431002,,,,,,,,,,,1.7473736E7,1.7350094E7,1.7304922E7,2.0106916E7,1.6735483E7,1.8099986E7,1.711076E7,1.7896872E7,1.8989396E7,1.8014064E7,1.754979E7,1.7686226E7,1.856752E7,1.7304552E7,1.9420856E7,1.7782958E7,1.759809E7,1.7155204E7,1.7219708E7,2.1188328E7,1.9648194E7,1.731276E7,2.0185268E7,0,
236,339.1162963901108,1.0441731,,,,,,,,,,,3675745.0,4203230.5,4054131.8,4275357.0,4025369.5,3703612.5,3286945.2,3895526.8,4057468.5,3786227.2,3520343.0,3330770.8,3947893.0,2883960.2,3205820.8,3502669.0,3226606.5,3986862.2,3367784.0,3779575.2,3493713.2,3511913.2,3798256.2,0,
237,137.10735830649477,1.0605526,,,,,,,,,,,1.2065724E7,1.3117859E7,1.209066E7,1.3907382E7,1.7065624E7,1.3331191E7,1.2437597E7,1.3379085E7,1.4749871E7,1.4688052E7,1.4154611E7,1.4769874E7,1.4500192E7,1.3259589E7,1.2527397E7,1.3916362E7,1.347938E7,1.3914336E7,1.2498067E7,1.1087699E7,1.2463551E7,1.3230563E7,1.3547376E7,0,
238,149.10735568113802,1.0656182,,,,,,,,,,,3258653.0,3170432.8,3060742.5,3081019.8,4682262.0,3149833.5,3029165.8,3451661.5,3416264.5,3533478.8,3565900.8,3734134.8,3491066.5,3191418.5,3199846.2,3304123.8,3370849.5,3525859.8,3220411.0,2812840.2,2788299.2,3454055.0,3455361.0,0,
239,433.2421810109779,1.0652726,,,,,,,,,,,4719007.0,4631641.0,4663269.0,4837123.0,4717801.0,4638933.5,3802964.0,4774307.0,4878600.0,4281481.5,4203525.0,4654072.5,0,4549487.0,4702062.5,4528934.5,4430116.0,5706072.5,4428001.0,4716208.5,4240582.0,4195300.5,4453283.0,0,
240,202.21668543981554,1.0805864,,,,,,,,,,,0,0,0,0,0,0,0,0,0,0,0,0,0,0,0,0,0,0,0,0,0,0,0,1906568.6,
241,211.10781139754292,1.0873946,,,,,,,,,,,3.480546E7,3.4918788E7,3.3343038E7,3.5376976E7,3.8965384E7,3.8210504E7,3.480211E7,3.571811E7,3.405511E7,3.5190812E7,3.874252E7,3.519167E7,3.60875E7,3.4136336E7,3.8102576E7,3.6299284E7,3.3752504E7,3.616478E7,3.377843E7,3.741195E7,3.4808904E7,3.5128176E7,3.6087024E7,0,
242,228.1342099974656,1.088097,,,,,,,,,,,4.0484668E7,4.4165716E7,4.1571428E7,4.3083308E7,4.71642E7,4.8463284E7,4.3738136E7,4.3098212E7,4.2689068E7,4.3553652E7,4.746561E7,4.365894E7,4.3392324E7,4.1848624E7,4.5931804E7,4.242605E7,4.5000132E7,4.3510856E7,4.176399E7,4.4569776E7,3.963234E7,4.385532E7,4.04527E7,0,
243,411.26027740357677,1.1039934,,,,,,,,,,,6.0345732E7,6.302074E7,6.0545772E7,6.241884E7,7.5144264E7,6.5118908E7,5.894097E7,6.163677E7,5.819768E7,6.51415E7,6.4318884E7,5.474761E7,5.352843E7,6.5474996E7,6.797933E7,7.2454344E7,6.045952E7,6.3334668E7,6.0597748E7,6.2031984E7,5.821574E7,5.83424E7,6.0874412E7,0,
244,261.1235390867976,1.1183836,,,,,,,,,,,4.2393544E7,4.3573144E7,3.8734636E7,4.1775668E7,4.210913E7,4.582439E7,4.304003E7,3.737519E7,3.7268E7,4.2321868E7,4.360229E7,4.2538332E7,3.9975796E7,4.3465E7,4.57881E7,4.2859724E7,3.910317E7,4.086785E7,3.6318564E7,4.40321E7,3.9973884E7,4.2919884E7,4.2286516E7,0,
245,446.1956257441415,1.1094755,,,,,,,,,,,1.6742648E7,1.6563807E7,1.5312204E7,1.6836712E7,2.5076328E7,1.816077E7,1.5552579E7,1.605389E7,1.707551E7,1.7605888E7,1.6606941E7,1.4311061E7,1.431583E7,1.70041E7,1.7597092E7,1.8990044E7,1.555936E7,1.6242506E7,1.6061882E7,1.6454278E7,1.6054715E7,1.5356168E7,1.7461438E7,0,
246,158.08123126769115,1.1460507,,,,,,,,,,,8122469.5,7758629.5,7222260.5,7433465.0,7229905.5,7238050.5,7514007.0,6494694.0,7815223.0,7569972.0,6779131.5,6888283.5,6771715.0,6901244.0,7402391.5,7193574.0,7212078.5,7258467.0,6679237.5,7409824.5,7089466.5,7544330.0,7198788.0,0,
247,339.11630727610003,1.1061043,,,,,,,,,,,3765323.8,3866152.0,3605815.8,3376704.0,4155968.8,4076250.0,3237436.0,3619015.8,3664971.0,3461860.5,3580092.2,3389524.8,3477557.0,2929655.8,3495104.2,0,3293314.8,3365424.2,3594139.0,3428636.0,3368285.2,3387636.0,3906349.5,0,
248,227.1026939396322,1.1800958,,,,,,,,,,,4.4421904E7,5.0036296E7,4.351598E7,4.4406596E7,5.1741864E7,4.5053652E7,4.3778668E7,4.666499E7,4.258077E7,4.882302E7,4.5056828E7,0,4.2999024E7,0,4.512588E7,4.3620508E7,4.461127E7,4.432576E7,4.5239996E7,4.618219E7,4.3275308E7,4.244087E7,4.9122976E7,0,
249,209.09223282337288,1.1768124,,,,,,,,,,,3.2634154E7,3.4186052E7,3.0316608E7,3.1035626E7,4.140535E7,3.483991E7,3.4076024E7,3.1167056E7,3.2216824E7,3.2377304E7,3.4546544E7,3.2420998E7,3.1674272E7,3.4643844E7,3.3420382E7,3.0609104E7,3.1795278E7,3.296088E7,2.9808236E7,0,3.1578098E7,3.0836826E7,3.231945E7,0,
250,185.0921151069149,1.1794386,,,,,,,,,,,2.0100396E7,2.1894192E7,1.952058E7,1.9787058E7,2.0817146E7,1.9946608E7,2.0763092E7,1.9625488E7,2.042008E7,2.1362356E7,2.0849946E7,1.9652732E7,1.993239E7,1.8272586E7,2.0984808E7,2.0413874E7,2.1152764E7,2.0884986E7,1.8355764E7,2.1727216E7,1.9344374E7,1.971486E7,2.0343166E7,0,
251,623.3405491318799,1.1811974,,,,,,,,,,,3641269.0,3679437.8,3265923.2,3732879.5,5549385.0,3286443.2,4126166.2,3117027.2,3357232.5,3267553.8,3503209.5,3279312.8,3090857.5,3759093.2,3708882.8,3751649.8,3291754.8,3548391.8,3701598.5,3430509.8,3432993.8,3821629.0,3140921.5,0,
252,330.2021788401237,1.1817316,,,,,,,,,,,1.0991267E7,1.1667362E7,1.0716687E7,1.2435646E7,1.2383238E7,1.0483755E7,1.1998458E7,1.1318732E7,1.062446E7,9943624.0,1.0815955E7,1.1020049E7,9744206.0,1.0867156E7,1.212865E7,1.1824701E7,1.0796822E7,1.1913649E7,1.0913147E7,1.2539423E7,1.0857796E7,1.2774756E7,1.0356402E7,0,
253,146.060059984529,1.2131188,,,,,,,,,,,1.9282948E7,2.0374788E7,1.8895886E7,2.2381774E7,2.2322918E7,1.9143936E7,2.0175546E7,1.9167366E7,1.8463254E7,1.8211422E7,2.099951E7,1.9061432E7,1.8148942E7,2.079841E7,2.0864928E7,2.1070482E7,1.8993464E7,1.9406834E7,1.8949632E7,1.9583252E7,1.8709072E7,2.2057274E7,1.7916806E7,0,
254,215.13911019561337,1.2323397,,,,,,,,,,,1.099346E7,1.1325672E7,1.0377551E7,1.1560502E7,1.206887E7,1.0090345E7,1.1445062E7,1.1939737E7,1.108201E7,1.0853602E7,1.122698E7,1.1224492E7,1.1938087E7,1.1585757E7,1.0229756E7,1.0953139E7,1.0676635E7,1.0718581E7,1.1225188E7,1.0707593E7,1.250906E7,1.1709194E7,1.0099286E7,0,
255,174.18527864390515,1.257894,,,,,,,,,,,1178940.1,1615409.8,1426281.9,1577471.1,0,0,0,1363088.2,0,1220977.9,0,1290378.0,1668842.4,0,0,0,0,0,0,0,1469406.5,1349646.4,0,2356963.2,
256,342.2022574290488,1.2673935,,,,,,,,,,,7074221.0,7745593.0,7236127.0,7261243.5,7436598.0,8328311.0,9472188.0,8147914.0,7654662.0,8117438.0,8398459.0,8644080.0,9817427.0,8003136.5,8845097.0,8195249.0,8205453.5,9040069.0,8225208.5,7873003.5,8838427.0,9310318.0,8217511.0,0,
257,427.25520161249466,1.2702262,,,,,,,,,,,1.4815979E7,1.6956494E7,1.4928481E7,1.6214921E7,1.6779818E7,1.5909718E7,1.7519486E7,1.5094802E7,1.474129E7,1.5199669E7,1.5813851E7,1.6735782E7,1.799456E7,1.683675E7,1.7984202E7,1.5934055E7,1.6316929E7,1.736007E7,1.611976E7,1.5404723E7,1.6346339E7,1.7965378E7,1.6935182E7,0,
258,185.09211456909685,1.2408592,,,,,,,,,,,2.0475322E7,0,1.949289E7,0,2.5933358E7,0,2.0134436E7,0,2.0642412E7,2.427976E7,2.2932446E7,0,2.155554E7,2.0820524E7,2.4544034E7,2.0155436E7,1.990566E7,2.0768724E7,2.1810786E7,0,1.9581198E7,2.0467554E7,1.9850764E7,0,
259,226.12677140332062,1.2957406,,,,,,,,,,,3970069.8,4245823.0,4056329.5,4473490.5,0,4027489.0,3865825.5,3851933.5,4247184.0,0,3937756.5,4085633.5,4001263.0,4049416.8,4304599.0,3852785.0,3865538.2,3900971.8,3812397.5,0,4011171.0,4094510.5,4024816.2,0,
260,135.09174188563446,1.2916223,,,,,,,,,,,5558595.0,5368071.0,5833428.0,5177647.5,7400228.0,5800662.5,6259512.0,6157398.5,5996389.0,6089039.5,5469573.0,6431149.0,6091988.5,5752374.0,6300669.0,6161187.5,6149084.0,5688958.0,6166436.0,5162254.5,6067397.5,6459465.0,6566772.0,0,
261,225.12349669009745,1.3014083,,,,,,,,,,,3.3779536E7,3.570671E7,3.263432E7,0,3.3530956E7,3.433317E7,3.2570588E7,3.3586868E7,3.2514774E7,3.5704492E7,0,3.4534076E7,3.3446264E7,3.3388824E7,3.693393E7,3.270321E7,3.1647728E7,3.2825792E7,3.203981E7,3.2331844E7,3.5084868E7,3.4422064E7,3.281093E7,0,
262,181.09717135706092,1.363099,,,,,,,,,,,7.583607E7,6.9875656E7,7.287173E7,7.287613E7,9.887392E7,9.077847E7,8.406583E7,8.244072E7,9.098014E7,0,0,8.648246E7,0,7.7496424E7,9.277704E7,8.425959E7,8.108715E7,7.92529E7,7.411949E7,7.68617E7,7.5899704E7,0,8.402412E7,0,
263,242.15024065314074,1.3204868,,,,,,,,,,,4.763053E7,0,5.0397656E7,5.1062136E7,4.742073E7,4.2667176E7,4.7143644E7,4.6397212E7,4.5115624E7,0,4.8733024E7,4.6467776E7,4.613455E7,4.6056428E7,5.184633E7,4.9436816E7,4.3823004E7,4.6966604E7,4.5481376E7,4.4745016E7,5.0675856E7,4.7864964E7,4.6100224E7,0,
264,128.07073648988387,1.3246077,,,,,,,,,,,9526034.0,1.1851375E7,1.7152074E7,1.5795182E7,0,1.1742273E7,1.4798424E7,1.382148E7,1.5327182E7,1.6765026E7,1.5138396E7,1.7912542E7,1.5349022E7,1.1305702E7,1.2931331E7,1.2056527E7,1.1465837E7,1.3475276E7,1.466661E7,9953415.0,1.5125492E7,1.2972E7,1.4468487E7,0,
265,245.09522750483865,1.3607192,,,,,,,,,,,1.163258E8,1.1165566E8,1.0779468E8,1.1715281E8,1.5783522E8,1.2249313E8,1.3080148E8,1.3071063E8,1.3027152E8,1.4125106E8,0,1.4631834E8,1.30776056E8,1.22182936E8,1.3729824E8,1.3162437E8,1.2426451E8,1.21368344E8,1.25081384E8,1.2077474E8,1.301908E8,1.2765925E8,1.3882978E8,0,
266,246.09848129923935,1.3691417,,,,,,,,,,,1.2335908E7,1.2231699E7,1.1405607E7,1.1978873E7,1.6630469E7,1.3313347E7,1.4264245E7,1.3231901E7,1.4084613E7,0,0,1.501357E7,1.37696E7,1.2759872E7,1.4464986E7,1.3224077E7,1.3317894E7,1.3154498E7,1.3789191E7,1.2631707E7,1.3903953E7,1.3554437E7,1.438191E7,0,
267,439.2552421490855,1.3326834,,,,,,,,,,,3701168.5,3778843.5,3440032.5,3617154.5,3328211.0,7344473.5,6627340.0,6472782.5,7269729.5,6543601.5,6236808.5,7748561.0,6381163.5,6835645.0,6614896.0,5582556.5,6403825.0,5782163.5,5999965.5,5372015.0,5819497.0,5998406.5,5830900.0,0,
268,197.1285459634478,1.3632128,,,,,,,,,,,2.2007668E7,2.1381512E7,2.1330446E7,2.4133458E7,2.0963504E7,2.1545452E7,2.032404E7,2.0477752E7,2.00202E7,2.1482792E7,0,2.2380234E7,2.1689988E7,0,2.1476856E7,2.027202E7,2.1085728E7,1.9379174E7,1.9919048E7,1.8488874E7,1.9984928E7,0,1.994822E7,0,
269,838.4461878915373,1.3363663,,,,,,,,,,,7271596.0,7931986.0,7263969.0,6901131.5,8868311.0,8525134.0,7210377.5,7289234.5,7316050.5,7219074.0,6562001.0,7219409.5,6587104.5,9040528.0,9440992.0,7718358.0,7678621.0,7735065.0,7721860.0,7093716.0,6513475.0,7316595.0,7235584.0,0,
270,228.10605880695815,1.3592459,,,,,,,,,,,5570046.5,6110545.5,5236786.0,6769700.5,5169136.5,5408138.0,6058806.0,5475321.0,5531324.5,4882991.0,5912559.5,7144923.5,5599670.5,5053648.0,5416053.5,5272400.5,5822506.5,5043493.5,6092732.5,0,6119790.5,5647927.0,0,0,
271,186.07610096173215,1.3355604,,,,,,,,,,,8237093.0,9293670.0,7078692.5,9270978.0,0,1238435.9,1723752.8,2095398.2,1763745.1,2704758.0,0,1867043.9,1420266.4,3808521.0,4099953.5,3511767.5,3551028.5,3457499.2,3715806.0,2112077.2,2148399.0,1887073.9,1577787.0,0,
272,228.134182144743,1.3382831,,,,,,,,,,,3.991871E7,3.9538852E7,4.279401E7,4.6459148E7,4.187246E7,3.8878884E7,4.720038E7,4.172446E7,4.029265E7,4.223135E7,4.172533E7,4.2939016E7,4.2887548E7,3.8459784E7,4.3865404E7,0,4.0149996E7,4.1925016E7,4.2257908E7,3.8784536E7,4.411152E7,4.0438812E7,0,0,
273,138.05497821481023,1.347031,,,,,,,,,,,8891384.0,1.0231134E7,7495981.5,9919104.0,0,1341252.2,1914366.1,2305683.0,1930040.0,2769453.2,1431025.8,1714833.5,1491361.1,3823156.2,4343955.0,3698813.2,3533130.2,3566856.8,3961291.8,2237711.5,2453207.8,1996957.0,1801239.2,0,
274,276.1078032989554,1.3500073,,,,,,,,,,,9.059461E7,1.0106765E8,7.833574E7,1.0062421E8,0,1.0463253E7,1.7366982E7,2.1018778E7,1.7238984E7,2.7264956E7,1.3593167E7,1.8462748E7,1.1568735E7,4.062449E7,4.2419364E7,3.687057E7,3.6089936E7,3.6618444E7,4.012991E7,2.233276E7,2.350964E7,1.9704992E7,1.5671298E7,0,
275,225.12349586607806,1.3352486,,,,,,,,,,,3.2623922E7,3.2651196E7,3.263432E7,0,3.2498114E7,3.3234176E7,3.3888892E7,3.1857832E7,3.335328E7,0,0,3.4534076E7,0,3.3337082E7,3.693393E7,3.270321E7,3.5111796E7,3.0353924E7,3.203981E7,3.814513E7,3.2088954E7,3.4422064E7,3.4471252E7,0,
276,226.12679178298134,1.3399696,,,,,,,,,,,4188214.5,3692016.5,4056329.5,4473490.5,4121527.5,4027489.0,4089469.2,3947817.0,4247184.0,4056092.5,0,4190367.0,0,3831639.2,4124565.0,3852785.0,4371841.0,3833118.2,3812397.5,4396587.5,3661116.8,4094510.5,4024816.2,0,
277,209.0922210195141,1.3605789,,,,,,,,,,,3.5280188E7,3.738912E7,3.3640828E7,3.6201852E7,3.4633844E7,3.361486E7,3.2528442E7,3.2485604E7,3.3393814E7,3.1260138E7,3.257426E7,3.906371E7,3.689601E7,3.0387918E7,3.474176E7,3.1855252E7,3.1639734E7,3.0998426E7,3.361449E7,3.2741714E7,3.4047236E7,3.2213502E7,3.2206222E7,0,
278,227.10265444371637,1.3641589,,,,,,,,,,,4.956687E7,4.67434E7,4.603049E7,5.3684716E7,4.7143828E7,4.503339E7,4.765867E7,4.7680364E7,4.4926304E7,4.444513E7,4.5332412E7,5.823604E7,4.5478996E7,4.122367E7,5.0158744E7,4.227445E7,4.5362148E7,4.508751E7,5.181767E7,4.9888228E7,4.737901E7,4.7435664E7,4.672405E7,0,
279,127.05035492293919,1.3828298,,,,,,,,,,,8154205.0,8882040.0,6852619.0,7721810.0,0,0,1264556.2,1281100.2,0,1274413.4,0,1471052.4,0,2456969.0,2741635.5,0,2591417.8,2593134.8,2717031.8,0,1333940.5,1528900.4,1261183.6,0,
280,469.22962241313604,1.3836473,,,,,,,,,,,1.0461418E7,1.1426097E7,1.0587398E7,1.1127405E7,9507304.0,1.0960568E7,1.0972313E7,1.044435E7,1.0847122E7,1.0494098E7,1.0558592E7,1.1123786E7,9942687.0,9289672.0,1.2362946E7,9620070.0,1.0071559E7,1.0728267E7,9919184.0,1.0353272E7,1.068288E7,1.0926797E7,1.1610784E7,0,
281,536.3083796609545,1.3978915,,,,,,,,,,,1.1358025E7,1.1740446E7,1.048417E7,1.0984219E7,1.0552521E7,1.0762679E7,1.0850692E7,1.0426478E7,1.0024274E7,1.1102884E7,9915364.0,1.209224E7,1.0260094E7,1.0300964E7,1.3282453E7,1.0162594E7,1.1766028E7,1.1446845E7,1.0328345E7,1.0993689E7,9455750.0,1.0938344E7,1.1379615E7,0,
282,245.095219440047,1.4011552,,,,,,,,,,,1.11084424E8,1.1245715E8,9.9622184E7,1.10480696E8,1.5083298E8,1.4680485E8,1.31570104E8,1.3004105E8,1.3390857E8,1.3527325E8,1.194325E8,1.3843034E8,1.2581834E8,1.2305699E8,1.3433776E8,1.2037495E8,1.2421699E8,1.2497097E8,1.1940302E8,1.4655075E8,1.2255958E8,1.1586145E8,1.35208E8,0,
283,246.09852749493166,1.4041313,,,,,,,,,,,1.1423774E7,1.1726715E7,1.0444608E7,1.1566153E7,1.6167517E7,1.6159223E7,1.3813219E7,1.381151E7,1.3682787E7,1.4437336E7,1.2643268E7,1.4113628E7,1.3711106E7,1.2972232E7,1.4067952E7,1.2859366E7,1.328638E7,1.3626354E7,1.3054783E7,1.5614507E7,1.314701E7,1.2217916E7,1.427069E7,0,
284,181.09717432175196,1.4101837,,,,,,,,,,,7.155492E7,7.116937E7,6.360592E7,6.873753E7,9.980707E7,8.7461624E7,7.999301E7,8.536756E7,8.183077E7,8.392305E7,8.2865256E7,8.8117496E7,8.765787E7,7.972544E7,9.092302E7,7.496697E7,7.972902E7,7.6614424E7,7.641166E7,9.123808E7,7.490372E7,7.92088E7,8.799339E7,0,
285,199.1077780612923,1.4059262,,,,,,,,,,,1.7149228E7,1.796986E7,1.7258168E7,1.8899298E7,1.7943884E7,1.6719362E7,1.7784784E7,1.6842852E7,1.7517192E7,1.8687732E7,1.8280434E7,1.8550246E7,1.7176702E7,1.6653416E7,1.915728E7,1.6047749E7,1.828137E7,1.7612248E7,1.6086311E7,1.890448E7,1.8182632E7,1.6316207E7,1.8340812E7,0,
286,469.26578830436887,1.4391667,,,,,,,,,,,4834207.5,5617655.0,5076572.5,5695804.0,5779178.5,4808015.5,4906160.5,5081927.0,4392005.5,5181247.5,4752825.0,4523264.5,5024854.5,5273426.5,5977382.5,5135303.0,5460081.0,5341259.0,5200026.0,5345125.0,4713558.0,5143318.5,4856517.0,0,
287,485.2607887621143,1.4497184,,,,,,,,,,,4.7793056E7,5.3094516E7,5.229317E7,5.4794824E7,4.8599876E7,4.2813424E7,4.926817E7,5.1635744E7,4.294503E7,4.880199E7,4.648647E7,4.8093668E7,5.0012508E7,5.1805404E7,5.3939604E7,4.7315876E7,4.8179972E7,4.8345036E7,4.5075564E7,5.134824E7,4.5672724E7,5.2926332E7,5.2240864E7,0,
288,570.3137063133294,1.45273,,,,,,,,,,,6375863.0,7372745.5,7818301.5,7705886.0,6544355.0,6116569.0,6908471.5,7297948.5,5933239.5,6755839.5,6649414.5,6950466.5,7070084.0,7344352.0,7158034.0,6864258.5,6899721.5,7017048.0,6261972.0,7017004.5,6372117.0,7607919.5,7605394.5,0,
289,244.1372504906172,1.4539425,,,,,,,,,,,1.7184246E7,1.800054E7,1.6238978E7,1.8294466E7,1.6527019E7,1.5307718E7,1.6174388E7,1.6762895E7,1.5507104E7,1.6968658E7,1.7032322E7,1.7764044E7,1.5323732E7,1.6229852E7,1.7888792E7,1.6447869E7,1.5989735E7,1.7364246E7,1.6627082E7,1.8380992E7,1.8170934E7,1.7464222E7,1.5720816E7,0,
290,328.1865745388951,1.4551827,,,,,,,,,,,1.4985955E7,1.6611679E7,1.6168875E7,1.7906952E7,1.758467E7,1.4743836E7,1.6141912E7,1.6155594E7,1.455275E7,1.5839664E7,1.6195614E7,1.5671511E7,1.5855858E7,1.7121252E7,1.8370378E7,1.6363183E7,1.6416569E7,1.7155196E7,1.6136264E7,1.8148074E7,1.5497553E7,1.7268492E7,1.6674959E7,0,
291,225.12348617006575,1.4577047,,,,,,,,,,,3.3788708E7,3.1845834E7,3.1874006E7,3.3914536E7,3.460154E7,3.427085E7,3.1793256E7,3.3730028E7,3.2068382E7,3.1203842E7,3.2002132E7,3.377614E7,3.2735138E7,0,3.4268756E7,3.2583328E7,3.280226E7,3.2461524E7,3.0833604E7,3.6016676E7,3.3615148E7,3.4580284E7,3.4396756E7,0,
292,197.12853126716277,1.4554015,,,,,,,,,,,2.2140002E7,2.0765906E7,2.0579028E7,2.1727062E7,2.1820394E7,2.2829976E7,1.960721E7,2.1079088E7,1.977259E7,1.993322E7,2.0446648E7,2.2378674E7,2.0570058E7,1.9938446E7,2.2117506E7,2.0520556E7,1.9275556E7,2.0482616E7,1.9486854E7,2.3371052E7,2.2234718E7,2.1570702E7,2.22119E7,0,
293,243.13418097230513,1.4584436,,,,,,,,,,,1.449689E8,1.470142E8,1.3261644E8,1.542894E8,1.3983789E8,1.290624E8,1.3440138E8,1.395316E8,1.2841156E8,1.4317427E8,1.4327445E8,1.4790901E8,1.304139E8,1.372289E8,1.463196E8,1.3678398E8,1.361043E8,1.4543117E8,1.4034054E8,1.5309358E8,1.4868157E8,1.4358826E8,1.3317634E8,0,
294,242.15025711677131,1.4588556,,,,,,,,,,,4.8971624E7,4.5839456E7,4.5780536E7,4.884827E7,4.305111E7,4.8054004E7,4.62921E7,5.1342384E7,4.784724E7,4.6410744E7,4.5541228E7,4.726999E7,4.719475E7,0,4.8543504E7,4.6811144E7,0,4.741678E7,4.983529E7,5.1060212E7,4.882585E7,4.9535124E7,4.738088E7,0,
295,226.12669133661439,1.4617012,,,,,,,,,,,3916608.8,3733107.8,3674341.2,3917956.8,4032957.8,3971597.0,3851552.8,3834203.0,3873103.2,4056092.5,4220507.5,4149991.5,4055479.2,3845117.5,4200407.5,3768333.8,4093358.5,4219827.5,3752626.0,4332970.0,4523260.5,4248821.5,3810331.0,0,
296,214.11865585285673,1.4843966,,,,,,,,,,,7649001.0,7536784.5,8229316.5,7638325.0,8590167.0,6913667.0,7396733.0,8356309.0,7874887.0,7324403.0,6835367.0,6707413.0,7242712.0,8243263.0,7179897.0,7113074.0,7864618.5,7187327.5,7075569.0,8396429.0,7767386.0,8196331.0,6767888.5,0,
297,220.11803959958635,1.4776518,,,,,,,,,,,8295463.0,6646496.0,6622723.5,6129959.0,1.7558796E7,1.0438239E7,9466825.0,9850966.0,9451379.0,8954354.0,9094680.0,8728021.0,9216064.0,9610709.0,9461311.0,9699711.0,8937449.0,9801343.0,8913035.0,1.0939653E7,1.0736536E7,9426917.0,1.0334801E7,0,
298,183.09172759362852,1.493911,,,,,,,,,,,1.4945928E7,1.5601799E7,1.4553519E7,1.3283618E7,3.722093E7,1.9162158E7,1.8028386E7,1.6362439E7,1.8038776E7,1.7210258E7,1.9246828E7,1.6448437E7,1.7483374E7,1.753424E7,1.7640514E7,1.842503E7,1.6251329E7,1.7338778E7,1.6208904E7,1.2203111E7,2.1207062E7,2.2130158E7,1.8518604E7,0,
299,559.2612627476524,1.4990072,,,,,,,,,,,5153787.0,4641645.5,4942070.0,4744734.5,5496968.5,4895638.5,4422840.5,4240493.0,4329308.5,4316885.0,4741102.5,4138699.0,4483361.0,4823446.0,4633486.0,4956674.0,4738751.0,4552544.5,4654685.0,4412315.5,4608021.5,4835041.0,4660527.0,0,
300,197.09223248836025,1.5089666,,,,,,,,,,,6067317.5,5497942.0,6767556.5,5978231.5,6760183.5,6101920.0,5983418.0,6735136.0,5689405.0,5576616.5,5637646.5,5581627.5,5903201.5,6365234.0,5918938.0,7454796.0,6109083.5,5629449.5,6462657.0,6104295.5,6149436.5,6015764.5,5716442.0,0,
301,191.04851432154564,1.5130848,,,,,,,,,,,4083635.2,4573778.5,4798072.5,4425647.0,5866091.0,5420165.0,5180576.5,4820602.5,4975357.5,4516573.0,4163936.0,3901729.5,5444284.5,4388825.5,4734012.0,4796747.5,4312004.5,4614632.5,4624572.5,5219745.5,5822690.0,5359176.0,5183409.0,0,
302,148.06042755854324,1.5206387,,,,,,,,,,,6616050.0,6334014.0,6774126.0,6161407.5,9051552.0,6995951.5,5791389.0,5238773.5,6204272.0,5415610.5,5493109.5,5550155.5,6938764.5,6507512.0,6597709.0,6773524.5,5528449.0,5611563.0,6366460.0,6756973.0,7138853.5,6711137.5,6357763.5,0,
303,317.13426744912016,1.5206957,,,,,,,,,,,1.0577998E8,1.0304463E8,1.0277997E8,9.725503E7,1.3282667E8,1.0876697E8,8.963721E7,8.165484E7,9.613688E7,8.578794E7,8.597588E7,8.517571E7,1.0348896E8,9.579355E7,1.0149404E8,1.062108E8,8.65053E7,8.887051E7,9.881525E7,9.958501E7,1.0799766E8,1.015804E8,9.576569E7,0,
304,427.21907237282176,1.5278572,,,,,,,,,,,5688811.0,5674662.0,5525717.0,5274447.0,7711185.5,5954962.0,4787069.5,4448807.5,5330328.5,4704274.5,4731242.0,4705889.5,5756279.5,5489286.0,5761229.0,5874088.0,4876042.0,5094104.5,5570862.5,5460539.0,5735580.0,5580216.0,5484377.0,0,
305,303.1549804139607,1.6035326,,,,,,,,,,,4038488.2,2034511.1,2452313.5,2284586.8,0,4565937.5,5734356.5,5738478.5,4799222.0,4508752.0,6297171.5,4801536.0,4909400.0,4520827.5,4736583.0,5039551.0,0,4304049.0,4601642.0,0,4707285.0,5465045.5,5314709.0,0,
306,298.096822230935,1.5468307,,,,,,,,,,,0,0,0,0,3.8477236E7,0,0,0,0,0,0,0,0,0,0,0,0,0,0,0,0,0,0,0,
307,602.2647786626549,1.5552291,,,,,,,,,,,7.102775E7,6.39269E7,7.697243E7,6.751468E7,6.814117E7,7.020142E7,6.5380252E7,6.6637156E7,5.8639932E7,6.1608468E7,6.5419936E7,6.1420148E7,6.997686E7,8.005109E7,7.215365E7,7.644332E7,6.4420744E7,6.6948244E7,6.7030564E7,6.7189336E7,6.4444588E7,6.4266412E7,6.45623E7,0,
308,127.05034654868528,1.5484587,,,,,,,,,,,8671102.0,7131835.5,8913296.0,8232438.5,0,1387968.6,1373930.4,1570158.2,1243391.9,1370521.2,0,1189655.1,1388463.6,2934644.8,2860543.2,2786045.0,2966967.0,2660583.5,2624605.2,1748804.8,1583249.8,1740318.0,1501290.8,0,
309,214.1186513031649,1.5402062,,,,,,,,,,,8333865.0,7563002.5,8720753.0,8107748.0,8685006.0,7962622.0,7199971.0,6971429.0,6940222.5,7497654.5,7086349.5,6976367.5,8556626.0,7036210.5,7346254.5,7992628.5,6850487.0,0,7095664.0,8753737.0,8237864.0,7181665.5,6796130.0,0,
310,197.0922281995393,1.5470089,,,,,,,,,,,6255204.0,5538797.5,7165374.5,6299854.5,7259741.5,6657475.5,6091881.5,6013789.5,5901328.5,5826689.5,6146159.0,5692407.0,6821964.5,5995470.0,6327540.0,6080554.0,5351322.5,6000233.5,5868647.0,6524014.0,6440592.0,6602611.0,6231261.5,0,
311,169.07606437573332,1.5777555,,,,,,,,,,,9138471.0,8371948.5,1.0141809E7,7807406.5,2.0365372E7,1.1407495E7,1.2319846E7,1.1110165E7,1.0512092E7,1.0874735E7,1.224509E7,1.0674833E7,1.1263499E7,1.1686747E7,1.023512E7,1.1153369E7,9540855.0,9942436.0,1.0858535E7,7949887.0,1.0408513E7,1.2753532E7,1.1152984E7,0,
312,209.09222741997365,1.5928154,,,,,,,,,,,2.260627E7,2.0576408E7,2.3635862E7,2.2861028E7,2.363395E7,2.549926E7,2.4043044E7,2.5161922E7,2.3665138E7,2.4678606E7,2.3376674E7,2.1469098E7,2.5589478E7,2.409093E7,2.2400464E7,2.521508E7,2.2825596E7,2.3105514E7,2.3175716E7,2.2992146E7,0,2.6048692E7,2.3268602E7,0,
313,174.05500803873693,1.6096522,,,,,,,,,,,1.2259366E7,1.1690538E7,1.5741203E7,1.4697889E7,2494183.0,1.8942322E7,1.8078376E7,1.7069028E7,2.000503E7,1.7175776E7,1.683402E7,1.8807532E7,1.6544109E7,1.5574479E7,1.4879981E7,1.522493E7,1.597439E7,1.4533249E7,1.6680831E7,1.5497149E7,1.5008711E7,1.5171972E7,1.8106308E7,0,
314,639.3502960294537,1.6106521,,,,,,,,,,,1.3481696E7,1.1323306E7,1.3870002E7,1.4942414E7,1.5326421E7,1.4210674E7,1.2279736E7,1.2272195E7,1.1910037E7,1.2176771E7,1.2674924E7,1.111354E7,1.2410649E7,1.4308151E7,1.4139013E7,1.4190788E7,1.4866348E7,1.2507317E7,1.2497233E7,1.2358104E7,1.1908857E7,1.4517708E7,1.3083719E7,0,
315,185.09210491814355,1.6155996,,,,,,,,,,,1.2150656E7,1.0542723E7,1.2451236E7,1.3542009E7,1.0654734E7,1.3603761E7,1.192442E7,1.1864966E7,1.2749606E7,1.1428319E7,1.1739812E7,1.1014564E7,1.1301654E7,1.2103474E7,1.1631419E7,1.2325671E7,1.1391177E7,1.0330072E7,1.2562967E7,1.2429266E7,1.0489059E7,1.3269509E7,1.157184E7,0,
316,226.1188305577529,1.6224077,,,,,,,,,,,1.4968574E7,1.370853E7,1.4214861E7,1.4731863E7,1.4222827E7,1.6958538E7,1.5722612E7,1.4841938E7,1.6724336E7,1.6363036E7,1.5115739E7,1.4659074E7,1.513832E7,1.5336361E7,1.5024752E7,1.4871579E7,1.5041851E7,1.3319848E7,1.4936565E7,1.5065842E7,1.4878591E7,1.6489504E7,1.4227731E7,0,
317,340.1866634974259,1.6349716,,,,,,,,,,,2.3985252E7,2.2820208E7,2.4301526E7,2.5572576E7,2.5209286E7,2.4659196E7,2.3084868E7,2.3866226E7,2.4143248E7,2.4539924E7,2.2478008E7,2.2716352E7,2.169896E7,2.269241E7,2.4139614E7,2.5306594E7,2.468858E7,2.1725006E7,2.4941984E7,2.2105526E7,2.3785484E7,2.6106148E7,2.2969638E7,0,
318,303.15497425519754,1.6362451,,,,,,,,,,,3494646.8,2367189.8,2289471.5,2144073.5,0,5563876.0,5349212.0,5553300.5,4765152.0,5897488.0,5661301.5,4872176.0,0,4598352.0,4889637.5,5058701.5,5036957.5,4287902.0,4541558.0,4753265.0,4803061.5,5420485.5,5239214.5,0,
319,568.2980897904071,1.6705488,,,,,,,,,,,5551954.5,6364009.5,5944038.0,6977639.0,6612843.0,6551238.0,5702196.5,6256900.0,7246661.0,5500825.5,6215391.5,5716924.5,6117720.0,5629053.5,5431773.0,6700214.5,6224555.5,5245999.5,6458447.5,6454913.5,6114677.0,6714185.0,6121507.0,0,
320,471.2451056768534,1.6717378,,,,,,,,,,,1.4825954E7,1.6583E7,1.5012628E7,1.826848E7,1.7109916E7,1.6089913E7,1.4057937E7,1.6820554E7,1.7652082E7,1.6305267E7,1.5304404E7,1.446579E7,1.487781E7,1.423369E7,1.539381E7,1.6167787E7,1.5628565E7,1.4548389E7,1.5898799E7,1.4146954E7,1.4656816E7,1.6243196E7,1.4101463E7,0,
321,215.04848405769388,1.6951846,,,,,,,,,,,7898091.0,8482090.0,8762495.0,9100616.0,8328497.0,8455689.0,8758727.0,8833856.0,8328987.0,7679808.5,8556736.0,7863119.5,7718934.5,8677778.0,8459529.0,8609471.0,7988997.5,7961436.5,8668350.0,7927115.5,1.0113433E7,7936602.5,9242968.0,0,
322,458.1958467437461,1.7047542,,,,,,,,,,,1.6022256E7,1.4815831E7,1.6077939E7,1.6885558E7,1.43961E7,1.5605245E7,1.4676491E7,1.474213E7,1.5784184E7,1.6490156E7,1.5502658E7,1.4148803E7,1.3984742E7,1.7661888E7,1.414597E7,1.5556797E7,1.5682964E7,1.4319928E7,1.6620785E7,1.4525308E7,1.5816878E7,1.5970229E7,1.5156707E7,0,
323,195.07652541274172,1.7067689,,,,,,,,,,,1.18626344E8,1.1581967E8,1.1865701E8,1.2184187E8,1.1746919E8,1.18654584E8,1.10175576E8,1.1341161E8,1.1918398E8,1.24082504E8,1.1889868E8,1.1400929E8,1.077683E8,1.2539926E8,1.06628296E8,1.0811746E8,1.1352157E8,1.0694562E8,1.2533634E8,1.1887922E8,1.1990312E8,1.211456E8,1.2106176E8,0,
324,212.10305024904088,1.7076038,,,,,,,,,,,7.719878E7,7.4497256E7,7.362571E7,7.814702E7,6.91245E7,7.541371E7,7.674825E7,7.4798824E7,7.0628536E7,7.025966E7,7.409434E7,7.3223416E7,7.174799E7,7.602401E7,7.2350904E7,6.786135E7,6.743768E7,6.8523656E7,7.354295E7,7.659642E7,8.123235E7,7.4032664E7,8.083362E7,0,
325,229.11832404633344,1.7160076,,,,,,,,,,,2.3939978E8,2.3228202E8,2.3720866E8,2.3598595E8,2.3487382E8,2.5188882E8,2.3437866E8,2.2175722E8,2.1689736E8,2.371317E8,2.368938E8,2.2894624E8,2.1959498E8,2.4259674E8,2.1906947E8,2.0192693E8,2.103639E8,2.092493E8,2.3189848E8,2.3236518E8,2.5215104E8,2.3695611E8,2.454898E8,0,
326,457.2295245866615,1.7160584,,,,,,,,,,,1.4299702E8,1.3215881E8,1.4694114E8,1.3221463E8,1.3355158E8,1.3665755E8,1.2995352E8,1.3463174E8,1.3113735E8,1.5001262E8,1.4312198E8,1.1995864E8,1.1749085E8,1.4722827E8,1.2143749E8,1.30627544E8,1.31868296E8,1.2424332E8,1.3160321E8,1.3658157E8,1.4750867E8,1.3843435E8,1.3910792E8,0,
327,183.112822486555,1.7168345,,,,,,,,,,,3.0705008E7,2.8760994E7,2.9672092E7,2.9750344E7,3.0200748E7,3.177119E7,2.7603288E7,2.8622708E7,2.7964464E7,3.2218546E7,3.098392E7,2.898908E7,2.7780452E7,3.3172296E7,2.703399E7,2.5642498E7,2.80335E7,2.657641E7,3.0515212E7,3.0033756E7,3.0949076E7,3.164424E7,3.125186E7,0,
328,542.2823988002231,1.7485156,,,,,,,,,,,7456040.0,6863359.0,7250506.5,7995439.5,6821444.5,7261103.5,7178947.5,7811817.5,7022600.0,8388253.0,7158225.0,7828795.0,6643701.5,8093261.5,7432126.0,5673805.0,8085268.0,6746671.0,8001279.5,7128380.5,7468867.5,7292147.0,6890641.5,0,
329,518.2586574795968,1.7876141,,,,,,,,,,,1.3517799E7,1.436259E7,0,1.1492523E7,0,1.1110539E7,9237693.0,1.1044301E7,0,1.0783373E7,1.0051764E7,1.020992E7,1.0368517E7,1.106911E7,1.1058693E7,9038811.0,9460692.0,8630451.0,1.1397167E7,1.0199961E7,9540242.0,1.0187473E7,1.0669048E7,0,
330,314.17099615619344,1.7796944,,,,,,,,,,,1.352363E7,1.5424146E7,1.4286926E7,1.5143456E7,1.4099243E7,1.3938097E7,1.3876697E7,1.5542471E7,1.5031382E7,1.6792092E7,1.5478078E7,1.5949358E7,1.5477793E7,1.4952293E7,1.6920054E7,1.5903091E7,1.4901327E7,1.3607082E7,1.7226372E7,1.4813088E7,1.5176963E7,1.4029008E7,1.3861553E7,0,
331,586.2545017110028,1.7803487,,,,,,,,,,,0,0,0,0,0,8924541.0,8937119.0,9784692.0,1.153157E7,1.0069295E7,9676883.0,1.1881161E7,1.1334505E7,6287647.0,9145251.0,8005590.0,7952119.0,7513440.0,9727222.0,8885980.0,9165956.0,8942824.0,7930270.5,0,
332,518.2586625805043,1.7971699,,,,,,,,,,,1.3113466E7,1.3172853E7,1.1325004E7,1.4230694E7,9232742.0,1.0257125E7,9790351.0,1.024311E7,8884580.0,1.0101528E7,9127994.0,1.0135905E7,1.0044467E7,1.0159387E7,1.0693183E7,8994063.0,9894068.0,9514364.0,1.1161011E7,9646896.0,1.0610585E7,9633343.0,9374794.0,0,
333,245.09541033097716,1.8162053,,,,,,,,,,,4.278619E7,4.4185844E7,4.1396624E7,3.6841156E7,4.44348E7,4.231877E7,4.079195E7,4.291959E7,4.1563704E7,4.563336E7,4.211315E7,4.086983E7,4.1784324E7,4.5332908E7,4.4439324E7,4.0627412E7,3.8663932E7,3.909716E7,4.2931824E7,4.0243332E7,4.217532E7,3.9968584E7,4.5079764E7,0,
334,505.2290396837155,1.822305,,,,,,,,,,,1.1932003E7,1.1277042E7,8917285.0,8926625.0,8552096.0,8342705.5,8570158.0,7915248.5,8028512.0,7748198.0,6869431.5,8211326.0,6975989.0,9716905.0,8934223.0,6418217.5,7527461.0,6831263.5,7519197.0,7918618.0,7259279.5,8271588.0,8135915.5,0,
335,358.14308973232943,1.8314297,,,,,,,,,,,2665339.2,2894986.2,2719831.2,2371104.5,2460955.5,5.982968E7,5.6639904E7,5.432204E7,6.5573652E7,5.5386184E7,5.433591E7,6.4869476E7,5.921324E7,5.37794E7,4.7636476E7,4.7908324E7,4.963482E7,5.2029468E7,4.331594E7,4.8508244E7,5.1940492E7,5.3343284E7,5.0920708E7,0,
336,150.07746216615678,1.832933,,,,,,,,,,,0,0,0,0,8540709.0,0,0,0,0,0,0,0,0,0,0,0,0,0,0,0,0,0,0,0,
337,359.1465115515946,1.8412149,,,,,,,,,,,0,0,0,0,0,1.2004984E7,9745793.0,9445579.0,1.0735496E7,9869650.0,1.0343007E7,1.1171099E7,1.1630865E7,9511260.0,8859800.0,9293912.0,8290500.0,8437091.0,7689790.5,8086499.5,9195242.0,9355045.0,8320835.5,0,
338,496.27693285622934,1.8387172,,,,,,,,,,,2.7792746E8,2.9034096E8,2.790167E8,2.5493675E8,3.115967E8,2.774278E8,2.575185E8,2.6319258E8,2.5122606E8,2.9344874E8,2.482373E8,2.8580586E8,2.8165322E8,3.1577642E8,2.917328E8,2.8997453E8,2.945395E8,3.1155155E8,2.785959E8,2.5743805E8,2.6771902E8,2.5851963E8,2.6355731E8,0,
339,715.2795644998581,1.8482056,,,,,,,,,,,0,0,0,0,0,4939665.0,4094723.8,3896972.0,5669311.0,3871160.8,4118934.5,4792716.0,5135187.0,2901895.8,2998305.8,2761148.2,3145835.5,3240322.2,2528814.0,3172328.5,3307252.5,3491890.8,3311781.2,0,
340,853.4129710880509,1.8585938,,,,,,,,,,,0,0,0,0,0,6564868.0,5947214.5,5291259.0,6585943.0,5993113.0,5848828.5,5905495.5,6813644.5,5163369.5,5282797.0,4848151.0,5156176.0,5561041.0,4276987.0,4880047.0,4962372.5,5302696.5,5051861.0,0,
341,991.5463854414909,1.8619157,,,,,,,,,,,7854570.5,9143806.0,9651706.0,8657609.0,8910787.0,8845141.0,8463867.0,7790891.0,7959873.0,8833090.0,8212069.5,7653519.0,9636517.0,9356195.0,1.0013996E7,9033269.0,9223467.0,9997797.0,7026330.0,7409070.0,8048063.0,7568010.5,8552458.0,0,
342,234.13355061443917,1.8824664,,,,,,,,,,,0,0,0,0,0,6546112.5,6864513.0,6605165.0,8983084.0,7936322.0,8090073.5,1.0442408E7,7028514.5,5132735.5,5635149.0,5646581.5,5034995.5,5245285.0,5532371.0,4972324.0,6187176.0,5595691.0,5106532.5,0,
343,277.1183229979132,1.889412,,,,,,,,,,,4.2813492E7,4.24285E7,4.1346748E7,3.7237464E7,3.7322824E7,3.6430108E7,3.804075E7,3.266145E7,3.435049E7,3.9802496E7,3.7212852E7,3.9465532E7,3.8803784E7,3.8952924E7,3.959564E7,3.9903364E7,3.6498092E7,3.8074104E7,4.2653028E7,3.5393652E7,3.6005536E7,3.5648184E7,3.9078696E7,0,
344,120.0809247774516,1.9136131,,,,,,,,,,,5263533.5,5268094.0,5840324.5,5132696.5,4943481.5,5097722.0,5442710.0,4989649.0,4299279.0,5643181.0,5007805.5,5314516.0,4769388.5,5433191.5,5451225.5,5244417.0,5072732.0,5176282.5,5583066.0,5092619.0,4862959.0,5350459.0,5474250.5,0,
345,195.11278569669128,1.9237007,,,,,,,,,,,3383929.5,3034790.0,3644498.8,3369390.5,3434930.2,3880005.5,4351551.5,4264683.5,3717372.8,4069926.8,4065267.5,4082545.8,4076301.2,3609334.8,3624856.8,3931715.5,3701805.8,3888362.2,4118871.2,4200997.5,3949567.2,3876085.2,3949860.2,0,
346,160.13322175594863,1.9261588,,,,,,,,,,,1.2877809E7,1.8802224E7,2.0450454E7,2.3359124E7,3894806.0,6978398.0,7711840.5,7386621.0,6511247.5,8038188.0,7729105.0,7415227.0,7539593.5,8959442.0,9483726.0,9581226.0,8927609.0,1.0050093E7,9949113.0,7354507.5,7333597.0,7252165.0,6775420.5,0,
347,135.09172382945906,1.9269763,,,,,,,,,,,3722667.8,3389229.2,4013700.5,3769018.0,0,4189791.0,4295987.0,4296339.5,3771602.8,4469410.0,3869881.0,3995070.0,3673583.8,3704985.5,3652654.8,3454171.2,3766471.8,3604412.0,3846365.2,3839368.5,3594730.8,3839478.5,3740231.8,0,
348,153.10224824310527,1.9255683,,,,,,,,,,,1.2506771E7,1.0627696E7,1.2207302E7,1.1713207E7,1908934.8,1.1890103E7,1.2842942E7,1.259995E7,1.1056098E7,1.2251115E7,1.2175655E7,1.2322584E7,1.1173621E7,1.0474896E7,1.0986229E7,1.0800115E7,9650523.0,1.1067685E7,1.0710513E7,1.1855788E7,1.1006205E7,1.1276607E7,1.0756924E7,0,
349,240.11312372774165,1.9313271,,,,,,,,,,,6898694.0,5797412.0,7620421.0,7043479.0,0,5738500.0,6265564.5,6081196.0,4529004.5,5756408.5,5245094.5,5142241.0,5011385.0,5638068.5,5746469.5,5815947.5,5324293.5,5414509.0,5370024.0,6014495.0,5655347.0,5346187.0,5356195.5,0,
350,678.4189755751026,1.9315742,,,,,,,,,,,5587340.5,5382944.5,6406835.5,5780697.0,9622954.0,5824078.0,6868695.0,6126732.5,5625749.0,6150792.0,6093905.0,6208876.0,5819864.5,7934945.0,7238250.0,7460535.0,7289720.0,6517123.5,6974261.0,6186974.0,5773357.0,5403031.0,5753343.0,0,
351,747.3717525494241,1.938205,,,,,,,,,,,2.5883144E7,2.4530608E7,3.782248E7,3.1103206E7,4.291366E7,3.8221656E7,4.444406E7,4.1022E7,3.4196108E7,3.9281868E7,3.923291E7,3.5830136E7,3.681501E7,4.5506972E7,3.9951932E7,4.3529268E7,3.974215E7,3.8475984E7,3.69754E7,3.9852868E7,3.650347E7,3.5110068E7,3.4112708E7,0,
352,326.17091862865414,1.9413636,,,,,,,,,,,1.4206407E7,1.2923929E7,1.4276355E7,1.4674397E7,1.6262622E7,1.1973812E7,1.3709932E7,1.3283994E7,1.0957875E7,1.3009109E7,1.2428025E7,1.3413814E7,1.279231E7,1.3737092E7,1.3021586E7,1.3832093E7,1.3268568E7,1.3015143E7,1.2775124E7,1.3008018E7,1.2157906E7,1.2187243E7,1.0655626E7,0,
353,259.10782697009,1.9434669,,,,,,,,,,,4.8337228E7,4.9960464E7,5.3446496E7,5.3861264E7,5.0714284E7,4.877286E7,5.5269028E7,5.64853E7,4.7405932E7,5.29984E7,4.763722E7,5.8444656E7,5.0902212E7,5.5544084E7,4.9707036E7,5.0780064E7,5.390572E7,4.772123E7,5.1457816E7,4.95522E7,4.8533604E7,5.4253748E7,4.7990748E7,0,
354,399.22394788881843,1.9461902,,,,,,,,,,,3216787.0,2836970.2,3474206.5,3312164.5,3105992.5,4009322.2,4191530.5,3780742.8,3277366.5,3831300.2,3850466.2,4229339.0,3767722.2,4020388.0,3968668.5,3934554.2,3734897.2,3757928.8,3821929.8,3885057.2,3850094.0,3803559.2,3484387.5,0,
355,169.09715905100092,1.9487762,,,,,,,,,,,3085802.5,4876819.0,5090040.0,5831547.0,0,0,0,0,0,3893508.2,3213090.0,4869072.5,1138279.1,2137354.8,2039063.8,2048225.2,2114192.8,2160839.5,2192473.2,0,0,0,0,0,
356,277.13698460901753,1.9515878,,,,,,,,,,,1.4025375E7,1.5199632E7,1.4228554E7,1.4975465E7,1.5510301E7,1.5040957E7,1.604238E7,1.5919764E7,1.3355745E7,1.5342242E7,1.4166706E7,1.6899614E7,1.5485732E7,1.478931E7,1.438277E7,1.467115E7,1.580748E7,1.492895E7,1.4873868E7,1.3867224E7,1.5567852E7,0,1.281148E7,0,
357,276.13435026840597,1.9508736,,,,,,,,,,,9.69838E7,9.58208E7,9.938223E7,1.0292025E8,8.729082E7,9.027309E7,9.58891E7,1.03372456E8,8.5277544E7,9.109284E7,8.783981E7,1.0564807E8,9.6870984E7,9.519027E7,9.248712E7,9.252836E7,9.249196E7,8.762343E7,8.980615E7,9.304026E7,9.798077E7,9.334705E7,8.274815E7,0,
358,260.11118360079075,1.9508227,,,,,,,,,,,7842008.5,8415726.0,8726580.0,8822901.0,8590873.0,0,8724839.0,9749430.0,7663802.0,8737888.0,7034194.5,9105369.0,8344171.0,8552659.0,8374839.0,7806348.0,9120500.0,8080506.0,8035269.0,7976404.0,8033205.5,8320143.0,7209024.0,0,
359,120.08092467460318,1.9290513,,,,,,,,,,,5020615.0,5397755.5,0,5820420.5,5365238.0,5459891.0,5908392.5,5280207.5,4504339.0,5729098.0,5190838.5,5461034.5,5321600.5,5700707.5,6187604.5,5534904.5,6183668.0,5117340.0,5969831.5,5812235.5,5861021.0,5007620.5,4776424.5,0,
360,627.3169362941388,1.9804412,,,,,,,,,,,4888194.5,5791662.0,6236218.0,5852859.5,6324642.0,4986182.5,4414723.0,4749874.5,3588068.0,4607290.0,4315742.5,4837188.5,4197086.5,5484018.5,4348365.5,5367364.0,5397717.5,4424655.0,5009955.0,4502442.0,4744401.5,4789171.5,4523478.5,0,
361,318.1235797774257,1.9986144,,,,,,,,,,,7760122.0,7838923.5,7893477.5,7072991.5,1.2146969E7,8779154.0,8477343.0,7821413.5,7101107.5,8938991.0,8781525.0,8266687.5,6881267.5,7369426.5,7547125.0,7307536.0,7547290.5,7369928.0,8163231.0,7716407.0,7754322.5,9692624.0,7925721.0,0,
362,877.4568798882035,2.0094736,,,,,,,,,,,2271263.5,2380266.5,2604126.5,2423717.2,0,3857394.2,3859896.0,3781136.0,3916404.0,4453768.0,4090301.8,3653250.5,3352588.8,3323763.2,3216874.0,3313359.5,3355840.2,3326513.2,3385182.2,3214410.5,3240346.5,3107759.0,3889453.0,0,
363,199.08658652528993,2.0277724,,,,,,,,,,,4913084.5,4536148.5,4796648.5,4171048.8,5119650.0,4676668.0,4455440.5,4614561.5,4418115.0,5073693.0,4578054.0,4051562.0,4491515.0,3411062.2,3047675.2,2976520.5,3370386.8,3731682.2,4249666.0,4081700.2,4076148.5,4484519.5,5017719.5,0,
364,489.2017191490644,2.033402,,,,,,,,,,,5671713.0,5377674.0,5470131.5,5003141.5,4641133.0,4769543.0,4492346.0,5183016.5,4436017.5,5523218.5,4764753.5,3963636.8,4896235.5,4143093.8,3825035.0,3634821.8,3983285.0,3897935.5,4208864.0,4460767.5,4073259.0,4436528.0,4956177.0,0,
365,374.17095594724174,2.0384378,,,,,,,,,,,1.0486546E7,1.0781199E7,1.0953952E7,1.0034372E7,8962110.0,9206117.0,9018729.0,1.0513044E7,8530374.0,1.1968469E7,9401677.0,8323124.0,1.00804E7,7902020.5,7912349.5,7739438.5,7844736.0,7706836.0,8338528.5,9188890.0,9157202.0,9074571.0,9018436.0,0,
366,213.08698312567358,2.0414023,,,,,,,,,,,5613436.0,5504063.0,6193445.0,5389529.0,4575155.0,4748103.0,4914781.0,5088852.0,4562573.0,6140040.0,4931902.5,4640986.5,5209319.0,4237455.0,4423783.5,4413120.5,4119319.8,4387549.0,4478223.0,5049673.0,5122628.5,5094009.0,5098633.5,0,
367,261.0902672697884,2.0414076,,,,,,,,,,,7.194085E7,7.2863304E7,7.6587144E7,6.961187E7,5.475012E7,6.087288E7,6.071448E7,6.5571536E7,5.5920476E7,7.607363E7,6.171653E7,5.9623964E7,6.4335516E7,5.229771E7,5.255889E7,5.511747E7,4.9138504E7,5.5874748E7,5.9262508E7,6.2159304E7,6.349884E7,6.095608E7,6.0934052E7,0,
368,521.1737206978496,2.0452607,,,,,,,,,,,1.3311619E7,1.332357E7,1.4350954E7,1.306775E7,1.0573515E7,1.0693564E7,1.0565931E7,1.281303E7,9639836.0,1.3978271E7,9890051.0,9512784.0,1.1449278E7,8744456.0,9747104.0,9930423.0,9094244.0,9480354.0,1.0373497E7,1.086997E7,1.0387195E7,1.1090467E7,1.1220135E7,0,
369,262.0936496534133,2.044416,,,,,,,,,,,7840419.5,8142373.5,8537390.0,8048846.0,5955325.0,6488765.5,6599548.5,7760051.0,6031506.5,9012008.0,6818198.5,6283008.5,6718811.0,6032489.5,6157604.5,6167594.0,5514233.5,6102905.0,6206366.0,6860800.0,7390728.5,6840033.5,6584069.5,0,
370,195.07643339382605,2.0507405,,,,,,,,,,,2.0125052E7,1.9050974E7,2.0458024E7,1.8521948E7,1.4630439E7,1.6549547E7,1.9320254E7,1.8778082E7,1.5992462E7,2.1215656E7,1.6872974E7,1.665353E7,1.8063074E7,1.4828198E7,1.5244475E7,1.4920589E7,1.3953009E7,1.5106056E7,1.5564273E7,1.7468438E7,1.776579E7,1.7740316E7,1.746563E7,0,
371,212.10292768554027,2.0555034,,,,,,,,,,,5.323384E7,5.185681E7,5.5735596E7,5.1092584E7,3.4927544E7,4.360463E7,5.11283E7,4.955803E7,4.3888396E7,5.3338096E7,4.7869044E7,4.400169E7,4.5495356E7,3.900345E7,3.8063004E7,3.94811E7,3.4696536E7,4.0732732E7,4.268321E7,4.5715404E7,4.5828188E7,4.810621E7,4.7524828E7,0,
372,226.11851005366992,2.059347,,,,,,,,,,,7896032.0,7529184.0,8295275.5,7796783.0,4793606.5,6582726.0,7910907.5,7536349.0,6859491.5,7940249.0,6843683.5,6553191.5,6889867.5,5808194.0,5659580.5,5647332.5,5172532.5,5757554.0,6274081.0,6702257.5,6787738.5,7254452.0,7288140.5,0,
373,300.1552108484532,2.06146,,,,,,,,,,,6581606.5,6126656.5,7060441.0,6911506.5,4735329.0,6141102.0,7579228.0,7075535.0,6408092.0,7564569.5,6283230.0,5921651.5,6384066.0,5240619.5,5206995.0,5539366.5,4891324.0,5588273.0,5584283.5,6593931.0,6195611.5,6944269.5,6522580.5,0,
374,966.5294303021708,2.0640254,,,,,,,,,,,0,0,0,0,0,1.2973007E7,1.5528788E7,1.3813972E7,1.3683323E7,1.6760303E7,1.3787494E7,1.4952421E7,1.248624E7,1.006029E7,1.068837E7,1.0456138E7,9772053.0,9655402.0,9456629.0,1.2218547E7,1.195582E7,1.3627526E7,1.3570646E7,0,
375,635.2380120092207,2.0666206,,,,,,,,,,,1.0169506E7,1.0385953E7,1.1316771E7,1.1052073E7,9532663.0,9280069.0,1.2282703E7,1.1137534E7,9416780.0,1.2481136E7,8920167.0,9385173.0,9573824.0,8291536.0,8991093.0,9109777.0,8331261.0,8519949.0,8904645.0,9654310.0,9836655.0,1.0323748E7,1.0886855E7,0,
376,221.09187722280947,2.0971775,,,,,,,,,,,8491482.0,9018998.0,8901274.0,8922954.0,7257408.0,7862038.5,9056628.0,7296396.5,8589046.0,7342724.5,7101983.0,7602879.0,7757273.0,6532678.5,6634492.5,7135130.5,6251875.5,6199616.5,6879805.0,7301395.5,7167224.5,8373864.0,8011273.5,0,
377,144.0653710094216,2.1050973,,,,,,,,,,,7274698.5,9886089.0,8943467.0,9955278.0,1704218.0,2086191.1,2324577.5,2146495.0,2582515.0,2593034.5,2509300.5,2830962.5,2633230.0,3190015.5,3140429.5,3033707.0,3201877.2,3012483.5,2980376.0,2284965.8,2255703.0,2484669.8,2131380.8,0,
378,192.1593217135373,2.1224496,,,,,,,,,,,7064590.5,8842795.0,0,0,0,7661425.0,9133422.0,0,0,7650524.5,8377635.0,0,0,3131502.5,3474517.8,3305319.8,3712506.5,3684631.5,3239122.0,8196733.5,8031305.5,0,0,0,
379,344.181302909667,2.1323855,,,,,,,,,,,6434666.0,6823487.0,7235512.0,7037120.0,7582338.0,6151080.5,5694502.0,6248876.5,6813297.0,5896351.5,6496177.5,6065968.5,5930284.5,6130913.5,5845549.0,5784943.0,6137663.0,6569020.0,5864125.5,7443336.0,5570967.0,5779696.0,5988026.5,0,
380,310.21215797355154,2.1424613,,,,,,,,,,,6089750.0,6521654.0,6763500.5,6812634.0,6423817.5,6070340.5,6509868.5,6068836.5,7096845.0,5936715.0,6370909.5,5934353.5,6101862.5,5078929.5,4742269.0,4705077.5,5172905.0,5537651.5,4898076.0,7028121.5,5355988.5,6087402.0,5968919.5,0,
381,140.03398907181344,2.1460047,,,,,,,,,,,4839156.5,4841237.0,5666686.5,4280136.5,1215293.8,3469259.2,3046831.5,3386974.5,3719556.5,3257709.0,3821432.2,4188867.0,3177742.2,2927064.5,2707259.5,2828598.2,3275592.0,3084556.0,2819242.2,2955633.5,2626839.5,2097778.2,3073574.0,0,
382,219.07965462871985,2.1505451,,,,,,,,,,,1.4892421E7,1.4465164E7,1.7152872E7,1.3602221E7,1.8900554E7,1.5361789E7,1.4687575E7,1.3816802E7,1.4497277E7,1.4368363E7,1.5448772E7,1.5387078E7,1.4847584E7,1.396178E7,1.2870443E7,1.3209313E7,1.392888E7,1.3665803E7,1.347872E7,1.4772159E7,1.4116125E7,1.5301463E7,1.3034455E7,0,
383,155.08136038789036,2.1521807,,,,,,,,,,,1.1633393E7,1.0984597E7,1.2746458E7,1.0470958E7,1.3811732E7,1.1278306E7,1.1497318E7,1.1638719E7,1.0993957E7,1.0613124E7,1.1632567E7,1.1056455E7,1.1082481E7,1.0377948E7,9233210.0,9560231.0,1.0130198E7,1.0172118E7,1.1607987E7,1.2742914E7,1.1223835E7,1.0327192E7,1.0952158E7,0,
384,680.3976045712359,2.153655,,,,,,,,,,,4847062.0,4436559.0,4453329.0,4030815.5,4781158.0,1.317474E7,1.291284E7,1.4601977E7,1.3598606E7,1.3585958E7,1.4417781E7,1.1950917E7,1.3742802E7,1.3099378E7,1.3277722E7,1.3597937E7,1.3914992E7,1.4082735E7,1.427187E7,1.6284989E7,1.300602E7,1.2777398E7,1.2241245E7,0,
385,252.10862278321179,2.1587934,,,,,,,,,,,0,1269494.1,1236393.6,1592401.6,6401535.0,0,0,0,0,0,0,0,0,0,0,0,0,0,0,0,0,0,0,0,
386,637.3554795638781,2.156434,,,,,,,,,,,2426191.0,2235725.5,2814989.5,2301555.8,1913505.8,3.424442E7,3.250576E7,3.483758E7,3.2010678E7,3.5335144E7,3.4936996E7,2.873479E7,3.3045332E7,3.3258546E7,3.2812342E7,3.3456506E7,3.3842596E7,3.2714052E7,3.5535564E7,3.818172E7,3.1920282E7,3.1902722E7,3.0161028E7,0,
387,793.4086383639547,2.161296,,,,,,,,,,,6.843903E7,6.371417E7,6.5156068E7,5.9464316E7,7.916914E7,5.89622E7,5.514785E7,5.3026864E7,5.0515764E7,5.234935E7,5.77084E7,4.7090012E7,5.753023E7,4.875732E7,4.6677744E7,4.9751036E7,5.3938516E7,4.7108504E7,5.4501616E7,5.6102896E7,4.9572828E7,4.718899E7,4.792881E7,0,
388,351.20230019264903,2.164797,,,,,,,,,,,9680372.0,9478178.0,1.0014461E7,7901548.0,1.0790448E7,8546274.0,8601381.0,8361576.5,8091871.0,8701091.0,8170688.0,7469345.5,8243214.5,8162018.0,7730934.5,7742046.0,8767298.0,7737651.5,9118324.0,9384259.0,9057331.0,9055496.0,8544482.0,0,
389,379.1972413980839,2.1655424,,,,,,,,,,,1.0839682E7,1.0388784E7,1.1440232E7,9099534.0,1.2051248E7,9622161.0,9476359.0,9482148.0,9093245.0,9365661.0,9225758.0,8354764.0,9474501.0,9004384.0,8960687.0,8613228.0,9409808.0,8713186.0,1.0074527E7,9895414.0,9530947.0,9810661.0,9106734.0,0,
390,229.15440082390361,2.1672964,,,,,,,,,,,5489797.0,5106914.5,5643036.5,4493823.0,5972632.5,4824887.5,4850288.0,4513569.0,4565681.5,5027242.5,4757998.0,4692308.5,4788541.0,4519587.0,4491537.0,4577824.0,4805796.5,4438019.0,5344605.5,5006449.0,5287634.5,5010134.5,4868280.0,0,
391,815.3905164331873,2.1672482,,,,,,,,,,,1.3965995E7,1.2728898E7,1.0935588E7,1.1018501E7,9293369.0,9024833.0,8145486.0,8998488.0,8398154.0,8925063.0,8597975.0,7059188.5,9454344.0,7068497.0,7501188.0,7869219.0,8007470.0,7817008.0,8489170.0,9651275.0,8624422.0,8326367.5,8168019.5,0,
392,344.144829280482,2.168985,,,,,,,,,,,0,0,1498600.2,1636503.2,0,7242457.0,5086910.5,3294752.5,5980392.0,2457562.2,2298717.8,2737635.2,3642171.2,1673040.0,0,1526179.6,1724020.0,0,1522677.5,6456323.5,4336335.5,6393046.0,4529009.0,0,
393,399.2122946957233,2.168449,,,,,,,,,,,1.2272094E7,1.1504079E7,1.2499508E7,1.0111676E7,1.2840046E7,1.062185E7,1.0593114E7,1.0212685E7,9688113.0,1.1121382E7,1.0405772E7,9828183.0,1.0294119E7,1.0735053E7,9861361.0,9925822.0,9831987.0,9710756.0,1.1267912E7,1.1117313E7,1.0565997E7,1.1010499E7,1.0101762E7,0,
394,397.2080546929287,2.1692908,,,,,,,,,,,4.2197274E8,4.1130963E8,4.383036E8,3.5336138E8,4.5078896E8,3.7552614E8,3.7934627E8,3.616144E8,3.4825347E8,3.9528438E8,3.7145994E8,3.4676886E8,3.6696458E8,3.6442864E8,3.6025875E8,3.4994733E8,3.4786106E8,3.3835363E8,3.8249667E8,3.883746E8,3.6857235E8,3.854573E8,3.520657E8,0,
395,754.343721296298,2.1789925,,,,,,,,,,,9740851.0,9122130.0,7432836.0,7299996.0,8055629.5,8483378.0,7971948.0,7248034.0,7676252.0,7746945.5,8152105.0,7241815.0,8173522.0,7223171.5,7627310.0,7231234.0,6744596.5,6585914.0,6600131.0,7116917.5,7845771.0,7524509.5,7484847.5,0,
396,398.2098920573124,2.1744344,,,,,,,,,,,1.0382383E8,8.956485E7,0,8.3212376E7,9.637209E7,8.9684664E7,8.238405E7,8.068254E7,7.973853E7,8.24719E7,9.120731E7,7.450566E7,7.7881864E7,7.69831E7,7.54826E7,7.842807E7,8.026647E7,7.552907E7,9.0415816E7,9.2326376E7,7.800882E7,8.981249E7,7.309354E7,0,
397,535.2509855187188,2.1950397,,,,,,,,,,,2.2033336E7,2.8530376E7,1.0157153E7,2.6081494E7,0,2.274077E7,3.7653484E7,4.1210056E7,3.5203016E7,5.4670136E7,1.779473E7,2.0657118E7,3.569484E7,5.4946052E7,5.546599E7,5.4709092E7,5.343987E7,5.3167228E7,5.8665308E7,5.8137036E7,4.1532544E7,3.8529076E7,3.3133066E7,0,
398,865.4486542529594,2.2030165,,,,,,,,,,,1661331.6,0,0,0,0,1.8236388E7,1.9989686E7,2.3676922E7,2.1183256E7,2.0395116E7,2.110592E7,1.8270192E7,2.3711862E7,1.927704E7,1.886427E7,1.8324422E7,1.7511688E7,1.900901E7,1.853435E7,2.3681972E7,1.9506864E7,2.1753032E7,1.6965354E7,0,
399,358.1428098693101,2.2067623,,,,,,,,,,,2.4652448E7,2.3725642E7,2.4542482E7,2.315964E7,2.139681E7,2.500482E7,2.7372658E7,2.4506772E7,2.3547696E7,2.0612376E7,2.2500482E7,2.5961818E7,2.7325682E7,2.2046982E7,2.0972228E7,2.0071296E7,2.0295178E7,2.2147844E7,2.1513696E7,2.4774416E7,2.2207408E7,2.4043868E7,2.64114E7,0,
400,204.12294547942957,2.2083075,,,,,,,,,,,0,0,0,0,1.1208168E7,0,0,0,0,0,0,0,0,0,0,0,0,0,0,0,0,0,0,0,
401,819.460361339497,2.2091732,,,,,,,,,,,2876849.0,3146988.2,3016824.0,2883406.0,2724676.8,9799667.0,1.0838207E7,1.305037E7,1.1576295E7,1.121697E7,1.1209288E7,1.0573394E7,1.2246451E7,1.0345081E7,1.0104431E7,1.0376235E7,9612900.0,1.0197351E7,9906450.0,1.213447E7,1.0269751E7,1.0601248E7,9530389.0,0,
402,419.1898136554517,2.215303,,,,,,,,,,,1.8508836E7,1.793585E7,2.085059E7,1.8672274E7,1.1618892E7,1.5020947E7,1.5595274E7,1.5784098E7,1.3406814E7,1.0594411E7,1.3614033E7,1.5412606E7,1.7301236E7,8531926.0,7942898.5,9290742.0,8973911.0,8988088.0,9374391.0,1.2334653E7,1.1440464E7,1.2485705E7,1.6028099E7,0,
403,496.1858459238716,2.215581,,,,,,,,,,,2893846.2,3334813.8,1494473.9,3093070.2,0,2971963.2,4992035.5,6246817.5,4844129.0,6087455.0,2434840.5,2753173.2,4467285.0,6496172.5,5722689.5,6175287.0,6155565.5,5749711.0,6126726.5,6667067.5,5177427.5,4524903.0,4119304.8,0,
404,272.16024384261243,2.2194016,,,,,,,,,,,8597708.0,8382368.0,9654401.0,8094586.5,1.0877388E7,7649117.5,7316775.0,7163613.5,6234851.0,5076455.0,7203098.0,7966688.0,7429489.0,4671588.5,4538658.0,4689345.0,4215837.0,4615228.5,4485396.0,5404589.0,5357378.5,6903713.5,7470516.5,0,
405,441.3069777786598,2.214463,,,,,,,,,,,6007470.5,6357472.5,6771522.0,6052101.5,5937084.0,5706366.0,6222167.0,6659695.0,6115951.0,6151720.0,6414846.0,5581342.0,6743384.0,5560003.0,5009071.5,5568766.0,5236064.0,4738384.0,5140614.0,5669851.5,4992234.5,6289620.0,6110468.0,0,
406,528.2485310505109,2.2185123,,,,,,,,,,,1.3601167E7,1.3147404E7,1.3954364E7,1.3871592E7,1.1489979E7,1.1543814E7,1.3416514E7,1.5068388E7,1.3198833E7,1.2118209E7,1.1022412E7,1.1341462E7,1.4370427E7,1.2151731E7,1.1901269E7,1.327203E7,1.1481814E7,1.2558379E7,1.2301531E7,1.3304053E7,1.1132642E7,1.24895E7,1.2112897E7,0,
407,121.03972749203781,2.2206886,,,,,,,,,,,1.2812988E7,1.5210353E7,5239465.0,1.2775586E7,0,1.2955681E7,2.463263E7,3.0714078E7,2.4621488E7,3.8683704E7,1.1123292E7,1.1741422E7,1.8632178E7,3.9977004E7,3.4684136E7,3.879156E7,3.817855E7,3.7374868E7,3.8323188E7,3.709987E7,2.9074358E7,2.4376816E7,1.981146E7,0,
408,139.0501479236011,2.2206938,,,,,,,,,,,1.6122478E8,1.9668034E8,6.4535724E7,1.7981653E8,0,1.7628936E8,3.0856515E8,3.6893462E8,3.074277E8,4.5308547E8,1.4991966E8,1.4880974E8,2.3736482E8,4.8275523E8,4.5269056E8,4.8380387E8,4.9331798E8,4.612396E8,4.5585597E8,4.6884346E8,3.6039914E8,3.2143974E8,2.3536786E8,0,
409,279.13372898928577,2.223267,,,,,,,,,,,1.6046771E7,1.5718147E7,1.9145588E7,1.811125E7,0,8282981.0,8898134.0,1.0680887E7,9153943.0,8545065.0,8816827.0,8549450.0,8883529.0,8572240.0,8094309.5,9337109.0,8618290.0,8038233.5,8813947.0,8863420.0,7953699.5,8752314.0,9109329.0,0,
410,455.3225694984192,2.2295718,,,,,,,,,,,0,0,1383672.0,0,6385708.0,9321710.0,9198266.0,9878945.0,1.1109147E7,7257175.0,8147229.5,7962754.0,9119500.0,5384493.0,4968047.0,6265816.0,5180728.5,5303219.0,5341212.0,6636443.0,5725088.0,7201447.5,7410946.0,0,
411,198.1025092183506,2.236851,,,,,,,,,,,0,0,0,0,7639362.5,0,0,0,0,0,0,0,0,0,0,0,0,0,0,0,0,0,0,0,
412,174.12366786945364,2.246065,,,,,,,,,,,6787541.5,1.0572905E7,1.2349855E7,1.2381569E7,0,2389629.8,2447003.5,2720857.8,2853457.0,4335469.0,4268829.0,4168074.0,3195985.0,4398093.5,4389762.0,4513986.0,4061345.0,4513374.5,4176661.5,2235230.2,2195212.2,2467281.5,2560408.0,0,
413,221.09197689668142,2.2492466,,,,,,,,,,,2.6205586E7,2.4163204E7,2.6269426E7,2.7361928E7,1.6713711E7,1.9943526E7,1.9831328E7,1.999115E7,1.9360682E7,1.8008956E7,1.9932342E7,1.7217704E7,1.89823E7,1.4246742E7,1.3794363E7,1.4396894E7,1.3770031E7,1.4163683E7,1.4267936E7,1.6042783E7,1.6111118E7,1.9289934E7,1.9007062E7,0,
414,667.3657825490068,2.259495,,,,,,,,,,,4147429.5,4411673.0,4522784.5,5014492.0,4104067.8,4028814.2,4113848.0,5181478.0,4367690.5,4268747.0,4178502.8,3991351.8,3981168.0,4652167.0,4297125.5,4666345.0,3746799.2,4129985.0,3845483.8,4019444.0,4004562.8,3815403.8,4034170.0,0,
415,696.3559307943493,2.2607741,,,,,,,,,,,5913670.0,5936185.5,6454810.5,6318746.0,5991023.0,5830288.0,5786344.0,6505223.5,5102741.0,5415675.5,5494683.5,5105823.0,5088853.5,5184610.5,4953975.0,5255157.5,4625871.5,4650650.5,4916294.5,5028144.0,5403296.5,5060073.0,5485691.5,0,
416,130.04995014769574,2.2632835,,,,,,,,,,,1.9489357E8,1.7616978E8,1.9933602E8,2.0085496E8,2.153607E8,1.8233907E8,1.6802915E8,1.8424602E8,1.5718896E8,1.6562387E8,1.8373453E8,1.7840517E8,1.8227432E8,1.4535962E8,1.6571763E8,1.3450133E8,1.5238299E8,1.451338E8,1.33146296E8,1.332582E8,1.5078872E8,1.7775739E8,1.9083438E8,0,
417,664.404430425607,2.2636526,,,,,,,,,,,4894899.0,4634744.5,4971859.0,5098665.0,4043922.2,4800645.5,4974371.0,5143241.5,4423005.5,4331121.0,4506166.5,4417795.5,4167289.0,4547248.0,4607386.0,4854581.0,4041260.5,4022911.2,3937309.2,4309122.5,4487864.0,4111547.8,4789917.0,0,
418,498.29259999035673,2.2726374,,,,,,,,,,,4397605.5,4407736.0,4666719.5,5133791.5,4705095.0,4452306.5,4579764.5,5120827.0,4834863.0,4870022.0,4955515.5,4777680.0,4618789.0,4287601.5,5001896.5,4973311.0,4196877.0,4471823.0,3804350.5,3965738.8,4681243.0,4210105.0,4573751.0,0,
419,867.533256483989,2.28145,,,,,,,,,,,7216296.0,5604509.0,3466830.0,5034589.0,0,2996381.2,3296439.8,4097591.0,3294922.8,3379988.5,3528505.2,3412335.8,3009190.2,3982908.5,4699966.5,4731671.5,3565236.2,4319828.5,3871700.5,3581632.8,3559476.5,3068230.0,3277222.2,0,
420,300.1552801677895,2.284966,,,,,,,,,,,4.9288496E7,4.698732E7,5.236884E7,6.214991E7,5.548264E7,4.931381E7,5.2137764E7,5.503656E7,5.5925252E7,5.2668556E7,6.2323944E7,5.9833972E7,5.3817856E7,4.549789E7,5.329246E7,5.554026E7,4.9839144E7,5.0727676E7,4.6328628E7,4.873987E7,4.8516144E7,5.2235908E7,5.6863316E7,0,
421,599.303874996066,2.2879376,,,,,,,,,,,4780714.5,4538372.0,4723171.5,5488527.5,5381278.5,4478249.0,4200060.0,4573496.0,4769012.5,4144132.5,5112365.0,5088263.5,3964691.2,3624296.0,4612325.5,4417160.0,3808242.8,4385629.0,3679889.2,4235844.5,4463206.5,4191473.5,4651891.0,0,
422,320.1238071370522,2.2939703,,,,,,,,,,,5205569.0,4269363.5,4463936.5,5225582.0,2930428.2,3243266.8,3367784.0,4070321.5,3657635.2,3419879.8,3730671.8,3639134.2,3237181.0,3235449.8,3835591.2,3984794.0,3366745.2,3677751.5,3427722.8,3633477.8,3509291.5,3255599.5,4063465.5,0,
423,538.360274255743,2.2979667,,,,,,,,,,,2914445.2,2936354.8,2899633.8,3576522.5,2800185.5,5080253.0,4576422.5,5831734.0,5999410.0,4444725.0,4866033.0,5156396.5,4695238.5,3976707.2,4387794.0,4567487.0,3729494.5,4706439.0,3754545.5,4625691.0,4212259.5,4512375.5,5173706.0,0,
424,558.3288203734627,2.2988381,,,,,,,,,,,2965244.8,2509010.8,2439286.5,2724283.2,1949718.1,6718000.5,6203550.5,7651180.0,8142515.0,6078255.5,6909644.0,7141457.0,6026300.0,5111252.5,5781824.0,5881081.0,4782926.5,5662629.5,4780621.5,6046866.5,5699024.0,6037115.0,6204531.0,0,
425,318.12341460321574,2.3005555,,,,,,,,,,,3880511.8,3510027.0,4167333.5,4215256.5,4917468.0,3833742.5,3804659.5,4819663.5,4117682.0,4019626.0,4110375.8,3842260.5,3445346.8,4018091.2,3760722.2,3758075.8,3415877.8,3539542.2,3396593.8,3585269.8,3678592.0,3805303.5,4091501.2,0,
426,286.1759461901196,2.3069494,,,,,,,,,,,4829273.5,4499031.5,5425413.5,5770465.0,5564837.0,4641053.0,4159571.0,5977941.5,5061023.5,4253414.5,5340919.5,5001843.0,4537198.0,3491576.5,3873534.2,4195944.5,3787730.5,4126945.8,3617836.0,4410797.0,4413234.0,4229966.0,5406471.5,0,
427,489.30721357766515,2.3082316,,,,,,,,,,,6295259.5,6667103.0,6028772.5,6170547.0,6422298.5,8728522.0,8020168.0,1.0479885E7,1.0572937E7,8235429.5,9286422.0,9717279.0,7982074.5,6953111.0,7611977.5,7733125.5,7186699.0,8023387.0,6682434.5,8020232.5,7761043.0,7700920.0,9447824.0,0,
428,409.24444688629444,2.3130753,,,,,,,,,,,5.305736E7,5.068733E7,5.871854E7,5.8168016E7,4.9226164E7,5.4085596E7,4.3077776E7,6.9504456E7,5.4009572E7,5.05951E7,5.55392E7,5.3106188E7,5.105641E7,4.602499E7,5.200125E7,4.600635E7,4.999373E7,5.0517196E7,4.631867E7,5.149319E7,5.067598E7,4.762909E7,5.8441816E7,0,
429,439.29155767737836,2.3253891,,,,,,,,,,,1.465246E7,2.4689158E7,1.7087574E7,2.5199398E7,8299655.5,1.3569934E7,1.1744291E7,1.7029734E7,1.2862373E7,1.4743711E7,1.3727777E7,1.3227331E7,1.2998699E7,1.5244648E7,1.6447348E7,1.394332E7,1.5277444E7,1.5716408E7,1.4037792E7,1.6208851E7,1.3193461E7,1.3144301E7,1.4184429E7,0,
430,570.2772003627933,2.3411398,,,,,,,,,,,7640876.0,9171020.0,8220216.5,7527717.0,8017764.5,7297402.5,7516904.5,8930285.0,7348451.5,7332984.5,7873929.0,6860733.5,7224648.0,8036180.5,8318098.5,7369822.0,8235948.0,8416441.0,7819324.5,7628379.0,6716629.5,7191092.5,7988342.0,0,
431,302.1134131979161,2.3557045,,,,,,,,,,,4382586.0,5066451.0,5013172.5,4708800.0,4457161.0,4488039.0,4497676.0,4760035.0,4357628.0,4960121.5,5006258.0,4768436.0,4298618.0,4771136.0,4642937.0,4192312.8,5619175.0,4639701.5,4482665.0,5043831.0,4526989.5,4600990.5,4418364.5,0,
432,734.4083423881083,2.3590102,,,,,,,,,,,4666772.5,3516386.2,2155248.5,2645441.0,0,1938451.0,1941074.6,2274057.0,2075075.5,2125689.8,1977349.4,2064381.9,1907881.9,2994472.8,2669881.8,2677820.5,2643937.2,2743340.2,2552578.2,2594037.0,2349462.2,2185104.2,2106298.5,0,
433,272.16043884674826,2.360797,,,,,,,,,,,1.0507096E7,1.2686621E7,1.2352515E7,1.2819852E7,1.3461655E7,1.0729192E7,1.1194558E7,1.1571711E7,1.0279046E7,1.2118453E7,1.1281184E7,1.1855179E7,1.0104405E7,9822270.0,1.0478753E7,8829497.0,1.1252392E7,1.0111054E7,9841249.0,1.1265028E7,1.1874728E7,1.1656134E7,1.1123828E7,0,
434,221.0591054816135,2.361956,,,,,,,,,,,3971977.8,4661559.0,4588389.0,4581337.0,4187030.5,4278828.0,4170316.8,4297011.0,3968906.8,4179287.5,4304802.5,4224637.5,4161262.5,3929565.2,4272190.5,3823750.5,4742305.5,4227462.0,4642508.5,4226438.0,4494780.0,4256508.0,4338880.5,0,
435,468.2458057773692,2.3648086,,,,,,,,,,,6873532.5,9248617.0,8571509.0,9498925.0,8652999.0,8848196.0,9274702.0,1.0252233E7,9793115.0,1.0634841E7,9884428.0,1.0353924E7,8626428.0,1.0094224E7,9615783.0,9680482.0,1.0350925E7,9442880.0,9138711.0,1.0325933E7,1.0821296E7,9522573.0,9900770.0,0,
436,230.1022719384254,2.3676815,,,,,,,,,,,6389429.0,7621386.0,7288884.0,7000327.0,7334344.0,6164358.0,5840000.0,6658213.5,6926472.5,6329874.5,6404179.5,7188788.0,6064743.5,5781254.0,5883197.0,5792217.5,6909945.5,6489072.5,6799402.0,5787156.0,7108641.5,6242405.5,7040321.5,0,
437,162.07607646306448,2.3794389,,,,,,,,,,,6223604.0,7362041.0,6793343.0,7048817.5,6995421.5,6606023.5,6542603.5,6709789.0,7472587.0,7116364.0,7493905.5,6997556.5,5660261.0,6712052.5,6648347.5,6129412.0,7576454.5,6104712.5,6147793.5,6772333.5,7566749.5,7112838.0,7045856.5,0,
438,144.06551572734577,2.3794875,,,,,,,,,,,1.6156917E7,1.9433806E7,1.7309226E7,1.7361022E7,1.6594114E7,1.5367128E7,1.5568585E7,1.6500786E7,1.752249E7,1.6741144E7,1.8633012E7,1.6307759E7,1.355143E7,1.5470953E7,1.6346654E7,1.5915881E7,1.8374744E7,1.5106192E7,1.5037673E7,1.6141182E7,1.8509212E7,1.714952E7,1.6803856E7,0,
439,540.3762526007744,2.380317,,,,,,,,,,,1351688.6,1330072.4,2178198.8,1516597.0,3999494.5,5498192.0,4428336.5,5238181.5,5817435.5,5747055.0,5546273.0,5549715.5,4445273.0,5167302.5,4192516.8,5048469.0,4497516.0,4454089.0,4007318.2,4325564.5,5775842.0,4403891.0,4668930.0,0,
440,358.26995873180016,2.3852115,,,,,,,,,,,1202213.2,0,1701924.2,1167990.6,1.0006957E7,9644777.0,7615884.0,9367893.0,1.0657976E7,9501201.0,9860042.0,9804072.0,8053723.0,8472801.0,7039022.0,7453399.5,7144107.0,6956760.5,6484484.0,7469219.5,9927633.0,8012867.0,8717336.0,0,
441,169.09715294465542,2.3861568,,,,,,,,,,,3750090.5,4993413.5,4007997.5,4474908.5,3935976.5,4293300.0,3640933.5,4520831.0,4690223.5,4772664.5,4447857.5,4530043.0,3830848.8,4128521.8,3732946.0,3872040.0,4161195.8,4082793.2,3903410.8,3918418.0,4929210.0,4309587.0,4518403.5,0,
442,441.30736200274623,2.399313,,,,,,,,,,,1749661.1,1907792.9,2993966.0,0,1.6326441E7,1.4689704E7,1.004719E7,1.1810965E7,1.4716044E7,1.2612461E7,1.2520625E7,1.3076481E7,1.0898051E7,1.0094811E7,8859762.0,9327026.0,8816588.0,8867197.0,8523233.0,8937515.0,1.2351899E7,9655142.0,1.1728581E7,0,
443,301.12957503724044,2.3918967,,,,,,,,,,,3267992.5,4203431.0,3340636.5,3801771.8,3844358.2,4048775.2,3053583.8,3781379.5,3638931.8,3996095.0,3570326.8,3587255.8,3236754.0,3978674.0,3619201.5,3736897.0,3767421.8,3818971.5,3689086.2,3635717.2,4346566.5,3683969.0,3660082.0,0,
444,342.2386852457494,2.3943412,,,,,,,,,,,1.8712106E7,2.2948072E7,1.8170462E7,2.2467366E7,1.5096802E7,1.9868414E7,1.5378638E7,1.8854668E7,1.8458936E7,2.114586E7,1.82709E7,1.7758984E7,1.5687311E7,2.2590044E7,1.961918E7,2.1165778E7,1.9011886E7,2.1184824E7,2.0185062E7,1.9145608E7,2.3984796E7,1.7979434E7,1.9204002E7,0,
445,332.12734619043516,2.3955631,,,,,,,,,,,2.3474334E7,2.3672222E7,1.971811E7,2.3808088E7,2487155.2,5.254516E7,3.985837E7,4.880726E7,4.7095996E7,4.970239E7,4.809287E7,4.4445464E7,4.1979836E7,5.2248116E7,4.6340624E7,4.902758E7,4.4611132E7,4.9287956E7,4.848384E7,4.609385E7,5.7801284E7,4.5672292E7,4.9884748E7,0,
446,150.05833416243834,2.3959439,,,,,,,,,,,2572620.5,2680559.0,2066993.8,2590526.8,0,5574683.5,3959762.2,4963432.0,4960942.5,5158805.5,4901446.5,4433237.5,4272535.0,5300530.0,4817725.0,4762433.0,4777521.0,4808867.0,4783559.5,4654545.0,5983447.5,4997984.5,5122263.5,0,
447,211.14416923006632,2.4045146,,,,,,,,,,,3857915.2,3736481.5,3637193.2,3398514.5,4538536.5,3824107.0,3218544.2,3808108.8,3658326.8,3891564.2,3759805.2,3717924.5,3197491.5,5008884.0,4649544.0,4822953.0,4991803.5,4748948.0,4940978.5,3434527.8,4087418.8,3466870.0,3787507.5,0,
448,159.07644276073174,2.413056,,,,,,,,,,,7188485.5,7174961.0,7398279.5,7445384.0,7893065.0,7273788.5,5847047.0,6336419.5,6674061.5,5845170.5,6640469.0,6220744.5,6322564.0,5724037.0,5947665.0,5211975.0,5348928.5,5640713.0,5774997.0,6873444.0,7726230.5,6486948.5,7406004.5,0,
449,552.3759836508124,2.4183652,,,,,,,,,,,1.087698E8,1.01936984E8,7.355076E7,8.281826E7,1.6894354E7,9.558228E7,7.64452E7,8.4328936E7,8.510132E7,8.798241E7,8.116602E7,7.9199224E7,6.762438E7,1.0701718E8,8.5730216E7,1.00416904E8,9.274651E7,9.493739E7,9.390293E7,8.312996E7,1.0753285E8,8.798514E7,8.7481864E7,0,
450,473.2762095185577,2.426658,,,,,,,,,,,1.6603925E8,1.3747122E8,1.4896896E8,1.4413461E8,1.5557568E8,1.9612797E8,1.3519179E8,1.6587491E8,1.773781E8,1.6355096E8,1.7024354E8,1.3716206E8,1.2976101E8,1.5791798E8,1.6225709E8,1.6644827E8,1.655339E8,1.5980206E8,1.6194691E8,1.3866589E8,1.6985648E8,1.615319E8,1.7188901E8,0,
451,146.1175347190546,2.436308,,,,,,,,,,,8932844.0,8127613.0,7674092.0,7436512.0,9605921.0,7910914.0,6784793.0,7460399.0,6969971.0,6496332.0,6196556.0,5348093.5,6127145.0,6213168.5,6647219.5,7352607.0,6900082.0,7177327.5,7159322.0,6332208.0,7357441.0,6810957.5,8208040.5,0,
452,568.2979860567402,2.4376214,,,,,,,,,,,7.8713944E7,5.215197E7,3.7074596E7,4.7097104E7,7170145.0,7.102697E7,5.444308E7,6.0094444E7,7.692906E7,6.3846188E7,6.0340836E7,5.6375816E7,5.1666624E7,5.7104692E7,6.3200348E7,6.750334E7,6.764392E7,5.971219E7,6.058507E7,5.6510216E7,5.9144772E7,5.7639596E7,5.5781336E7,0,
453,365.1819822216029,2.4499154,,,,,,,,,,,1.412147E7,1.4699022E7,1.5685501E7,1.2657143E7,1.0511728E7,1.1358953E7,1.1137816E7,1.0435852E7,1.0656819E7,1.2358566E7,1.0684262E7,1.1078227E7,1.0446733E7,1.14984E7,1.0732793E7,1.3439182E7,1.2290299E7,1.1060068E7,1.1390683E7,9110484.0,1.1072371E7,1.0234512E7,1.0697872E7,0,
454,137.04580862432897,2.456966,,,,,,,,,,,4815416.0,3779664.5,4488149.5,3342404.5,0,1452704.2,1651831.5,0,1450799.1,1137514.2,1726456.8,1561221.5,1627742.1,2106302.0,2099144.8,2196823.5,2159111.2,2083943.9,1976119.4,1385752.2,1550524.8,1810860.2,1748567.0,0,
455,899.4875994964843,2.4621127,,,,,,,,,,,1866953.2,2146481.5,2605334.5,1938272.8,3702781.2,6304019.0,7989307.5,6320682.5,8074160.5,8102866.0,7133769.0,8553021.0,7485372.0,7220908.5,7346513.0,8065123.5,7031349.5,6770883.5,7156431.5,6541569.0,7129879.0,6812398.5,8016432.0,0,
456,371.1925397511313,2.4656475,,,,,,,,,,,3942572.2,4534954.0,4776215.0,3845818.2,3506220.0,5635387.0,6224913.0,5203992.5,5991310.5,5923636.5,5228981.0,5554957.0,5525612.0,6676026.5,5522806.5,7206395.5,6347786.5,5834766.5,5832573.0,5044381.5,6247080.5,6549557.0,6200083.0,0,
457,673.3198451493046,2.466135,,,,,,,,,,,4874840.5,5307968.0,5634969.0,4811261.0,5131076.5,3641649.5,4528001.5,3736837.0,4552462.0,4270402.5,3781860.0,4760781.0,4082624.2,5055197.0,4693560.5,5680735.0,4959470.0,4573559.0,4537597.5,4187396.8,4428937.0,4274563.5,4344627.0,0,
458,532.2628703332374,2.474145,,,,,,,,,,,0,0,0,0,4294365.5,0,0,0,0,0,0,0,0,0,0,0,0,0,0,0,0,0,0,0,
459,227.10261465784123,2.4805992,,,,,,,,,,,2.563044E7,2.7949028E7,2.763286E7,2.5139104E7,1.921564E7,2.2436164E7,2.2502682E7,2.1886018E7,2.2020862E7,2.1809928E7,2.1690278E7,2.0288872E7,2.0427256E7,2.2696036E7,2.13324E7,2.302175E7,2.2082652E7,2.3143266E7,2.1146192E7,2.1566106E7,2.269551E7,2.4224746E7,2.2159336E7,0,
460,449.2007058424443,2.4808416,,,,,,,,,,,2257414.0,2500420.8,2514040.5,2324220.2,0,4324527.5,5060941.5,5068513.5,5732591.5,5188161.0,5164743.0,4933066.5,4846899.5,5304878.0,4665453.0,5224684.0,4430576.5,4482199.5,4955944.5,4601576.0,5245248.0,5356569.0,5076512.0,0,
461,429.22290806073516,2.4856722,,,,,,,,,,,1768605.4,2016500.0,1870737.9,1960632.5,1515745.2,6068760.0,6997545.5,6937795.0,8576275.0,7218937.0,6956318.5,6692245.5,6949880.0,7321471.0,6315952.0,7264605.5,5872550.0,6043484.0,6129183.0,6822595.5,7560009.5,8488268.0,7133088.0,0,
462,427.2190492196874,2.4869392,,,,,,,,,,,6.720961E7,7.608435E7,7.502043E7,6.9324056E7,4.9517876E7,1.8881718E8,2.2216142E8,2.1547046E8,2.6254376E8,2.2135174E8,2.2942162E8,2.0913744E8,2.1928536E8,2.3484806E8,1.9736501E8,2.2452E8,1.824781E8,1.8816488E8,1.9313072E8,2.1389275E8,2.28358E8,2.5695584E8,2.2972184E8,0,
463,978.587465833122,2.4876409,,,,,,,,,,,2778674.0,2814896.5,1688690.4,2425608.2,0,5722765.0,5843582.5,5347223.5,6831283.0,6230859.0,6124523.0,6314018.0,6350058.5,6948830.5,7581482.5,7206440.0,5409043.5,5722497.5,6233564.5,7188479.0,5332591.0,7355960.5,5860384.5,0,
464,356.18157445440704,2.4885714,,,,,,,,,,,3397080.0,3689319.2,3905397.2,3400233.0,2366171.0,2306060.0,2716415.5,2726729.2,2769859.5,2499265.0,2685245.0,2264899.2,2474116.0,3099023.8,2637325.8,2935248.0,2566094.5,2539836.0,2565533.8,2564604.2,2829093.5,3079384.8,2840754.0,0,
465,853.4305912992454,2.4887295,,,,,,,,,,,1625876.9,1822682.2,1747320.2,1691894.8,999195.2,1.6861682E7,1.6720382E7,1.6258114E7,2.2577378E7,1.940851E7,1.9877968E7,1.963415E7,1.9757472E7,1.6943306E7,1.5533696E7,1.7294292E7,1.2946936E7,1.4269046E7,1.4774033E7,1.8530402E7,1.6310483E7,1.9741156E7,1.8294272E7,0,
466,215.1390720052812,2.490745,,,,,,,,,,,2456466.5,2740356.2,2807916.8,2565314.5,1927240.5,7282975.0,8178863.0,7854247.0,9428816.0,8106103.5,8914808.0,7735310.0,8490824.0,9047543.0,7193014.0,8403437.0,6795648.0,7025770.0,7452063.5,8452201.0,8603193.0,9330428.0,8581242.0,0,
467,562.2735231557566,2.495022,,,,,,,,,,,0,0,0,0,1.610241E7,0,0,0,0,0,0,0,0,0,0,0,0,0,0,0,0,0,0,0,
468,653.3147098896216,2.495636,,,,,,,,,,,1839002.1,1787022.8,1747493.6,1620871.4,0,3830918.2,4299454.5,4015585.0,4978812.5,4167172.5,4235696.0,4050641.2,4187245.2,4268646.0,3645688.0,4160733.2,3297560.0,3569149.5,3592821.8,4402774.5,3858067.8,4358318.0,4640218.5,0,
469,428.2218376288117,2.4864213,,,,,,,,,,,1.5610415E7,1.6787884E7,1.7466596E7,1.5007298E7,1.0700369E7,5.0442376E7,5.382037E7,5.405496E7,5.896881E7,0,5.244894E7,5.104494E7,5.310302E7,5.9826324E7,4.6642264E7,5.2761628E7,4.1068136E7,4.9006764E7,4.831371E7,5.201625E7,5.726351E7,5.987528E7,5.834867E7,0,
470,255.17028358836595,2.5018728,,,,,,,,,,,3252949.8,3605145.8,3219622.0,3079423.0,5954711.5,2663649.0,3067566.5,3219066.0,3310353.2,3030308.5,3140627.5,2788126.5,3098423.0,4524799.0,3969124.8,4259939.0,4189929.2,4295359.0,4121203.2,3301857.0,3134404.5,3141496.2,3224156.2,0,
471,133.06084238295745,2.5022964,,,,,,,,,,,0,0,0,0,0,2942603.0,3165568.2,3004818.0,3604054.2,3130143.5,3422101.2,3134687.0,3248888.0,2432640.5,2608018.8,2451079.0,2368421.5,2570307.0,2499571.8,3846363.0,3951129.2,4308201.0,3463206.0,0,
472,428.2481789997951,2.5146453,,,,,,,,,,,8037216.0,9235799.0,8188384.5,8252984.5,6449225.0,8294815.0,9112803.0,8595160.0,8465071.0,8885056.0,8419698.0,8029763.0,7998767.0,9362723.0,8684808.0,1.0016151E7,9435057.0,1.0274428E7,8908998.0,9239616.0,8381144.5,8149160.5,8887204.0,0,
473,348.1189327844466,2.5253556,,,,,,,,,,,3673489.5,4180924.8,4040383.5,3698205.0,3030416.2,3419487.2,3308874.0,3673730.0,3189208.5,3974389.5,3749463.8,3584242.8,3697010.8,3817428.0,3924856.8,4320372.5,4500517.0,5015543.5,4491981.0,3455295.5,4006496.5,3506886.8,4208502.0,0,
474,137.05876246623816,2.5258238,,,,,,,,,,,0,0,0,0,1.6489872E7,0,0,0,0,0,0,0,0,0,0,0,0,0,0,0,0,0,0,0,
475,137.0648166967343,2.5258238,,,,,,,,,,,0,0,0,0,5.0333884E7,0,0,0,0,0,0,0,0,0,0,0,0,0,0,0,0,0,0,0,
476,362.15707730852296,2.5258238,,,,,,,,,,,0,0,0,0,9275328.0,0,0,0,0,0,0,0,0,0,0,0,0,0,0,0,0,0,0,0,
477,631.2513028399839,2.5325434,,,,,,,,,,,5197006.5,5606965.5,5453890.5,5470157.5,1080930.2,4264830.0,3590926.8,3845629.5,3770896.0,4592142.0,3906276.8,3450289.5,4116103.8,4418886.0,3893336.8,4220788.5,4897819.0,5215845.5,4590271.5,3539081.8,4099430.8,3862544.5,4518809.5,0,
478,316.1291711801156,2.5332596,,,,,,,,,,,7.926322E7,9.473355E7,8.270647E7,8.781001E7,4.1191064E7,8.036034E7,6.8346296E7,7.294003E7,7.303641E7,8.679294E7,8.096338E7,7.45488E7,7.890071E7,7.5104584E7,7.692307E7,8.10141E7,8.8652696E7,9.769226E7,8.636617E7,7.117549E7,8.263753E7,7.76017E7,8.645638E7,0,
479,451.1837350411732,2.5354114,,,,,,,,,,,0,0,0,0,1.6235628E7,0,0,0,0,0,0,0,0,0,0,0,0,0,0,0,0,0,0,0,
480,441.23436293533547,2.549743,,,,,,,,,,,1.4035526E7,1.3119884E7,1.4751708E7,1.4248373E7,8743565.0,1.4294372E7,1.216759E7,1.2386263E7,1.1609779E7,1.4192819E7,1.3940626E7,1.2211051E7,1.3959533E7,1.2706422E7,1.3962842E7,1.5357595E7,1.3867859E7,1.5829556E7,1.4611864E7,1.3913419E7,1.4557983E7,1.2842239E7,1.3712661E7,0,
481,507.2088449678916,2.5530393,,,,,,,,,,,5482396.0,4668587.5,5319126.5,5403238.0,3698741.0,4637981.0,4090741.2,3822238.5,4003025.0,5056907.5,4725522.5,3882087.0,4741885.0,4580564.5,5184693.0,5612732.0,4978817.0,5522441.5,5130587.0,4836466.5,4653928.0,4244794.0,4589116.5,0,
482,344.2543066068253,2.5546052,,,,,,,,,,,3157958.0,2135699.2,5348300.0,3251697.0,2.4084378E7,2.0483442E7,1.6834062E7,1.6769497E7,1.9000494E7,1.5683664E7,1.8167616E7,1.6546652E7,1.7496166E7,1.2359979E7,1.3019297E7,1.5605948E7,1.3341681E7,1.2062312E7,1.1529926E7,1.4815942E7,1.4457207E7,1.4839159E7,1.6130909E7,0,
483,710.372425264708,2.553454,,,,,,,,,,,4643005.5,3829705.5,4789142.0,4591876.0,2607439.8,4288576.0,4007320.5,4025807.5,3849075.8,4686081.5,4672576.0,3931514.5,4444571.0,4666865.5,5322784.0,5377434.5,4634761.5,5144175.0,4679149.0,4974769.5,4129495.8,4146466.5,4428350.5,0,
484,455.3228477187335,2.5587223,,,,,,,,,,,1.0950481E7,9274002.0,1.0102848E7,1.0634133E7,7639737.0,1.0436437E7,9696571.0,8820378.0,9472963.0,1.0693587E7,1.1064138E7,9119775.0,1.0222377E7,9029975.0,1.0434787E7,1.1693221E7,1.0028244E7,1.1380777E7,1.0351293E7,1.2109668E7,1.0779203E7,9772497.0,9759552.0,0,
485,516.2093055917908,2.5635562,,,,,,,,,,,1.0407221E7,8947841.0,8612354.0,1.0435169E7,3517360.5,9627816.0,8823038.0,7854266.0,9048017.0,1.0333533E7,9072654.0,8471593.0,9564045.0,7731217.5,9047351.0,9385283.0,8193663.5,7409962.5,7231387.5,1.0401224E7,8404794.0,8153170.0,9154880.0,0,
486,344.1815997356249,2.5675604,,,,,,,,,,,1.0797418E7,1.0109416E7,9462095.0,1.0604805E7,5739397.0,1.1514682E7,1.1389854E7,9101057.0,1.0542851E7,1.2419114E7,1.1921761E7,1.0405497E7,1.1315382E7,9228371.0,1.1740312E7,1.1879099E7,1.0319529E7,9761320.0,1.0083064E7,1.236937E7,1.0645977E7,1.0658736E7,1.1311276E7,0,
487,540.3759961615921,2.573982,,,,,,,,,,,7268418.0,7208658.5,9510469.0,7959237.5,1.4110233E7,1.4412458E7,1.3949018E7,1.1555336E7,1.4495935E7,1.4209516E7,1.5712655E7,1.2348978E7,1.4422421E7,1.1162927E7,1.3656862E7,1.5168312E7,1.2031305E7,1.1526101E7,1.0630891E7,1.5326648E7,1.280558E7,1.331886E7,1.4732058E7,0,
488,427.18378275089304,2.5837562,,,,,,,,,,,7063702.5,7244459.5,7642492.0,7043553.0,3922434.8,8445913.0,8049225.5,6302060.5,7553616.5,7210384.5,8083928.5,6631599.5,8177919.5,5598620.0,7409282.5,7982397.0,6529709.0,6134358.0,6099018.0,8238497.5,6452797.5,7241137.0,7961708.0,0,
489,200.10319169990743,2.5886347,,,,,,,,,,,1.7065102E7,1.6208634E7,1.6003236E7,1.5087628E7,1.1239358E7,1.8108768E7,1.7639922E7,1.5614053E7,1.6235589E7,1.67685E7,1.7454386E7,1.5418339E7,1.8303796E7,1.3420562E7,1.7796772E7,1.8470738E7,1.5757425E7,1.3713038E7,1.6284102E7,1.933245E7,1.4279832E7,1.5401706E7,1.6764852E7,0,
490,155.08149867408858,2.5931525,,,,,,,,,,,6499400.0,6713675.5,6598411.5,5942371.0,5347072.5,7226912.0,6839392.5,6812695.5,6700008.0,6603887.0,6688307.0,6667112.0,7717189.5,6163769.0,6887042.5,7882853.5,6347938.0,6234717.0,6400476.5,7991793.5,6211003.5,6749664.0,7327529.0,0,
491,401.16673805004893,2.5976348,,,,,,,,,,,7.212453E7,8.03588E7,8.14568E7,7.378409E7,6.2341444E7,8.375036E7,7.898886E7,8.079619E7,8.286573E7,8.347004E7,8.207413E7,8.105396E7,9.140303E7,6.665482E7,7.880047E7,9.422487E7,8.126746E7,7.681028E7,8.10984E7,8.990379E7,7.249306E7,8.151405E7,9.426458E7,0,
492,286.1397114044063,2.5988538,,,,,,,,,,,7920947.5,7790176.0,7701414.0,7094736.0,5891309.0,8302248.0,7516156.5,7968254.0,8161480.0,8357465.0,7848058.0,8173617.5,8813864.0,7516773.0,8066502.5,1.006319E7,8093861.0,7291634.5,7732301.5,9073402.0,6951580.5,8233872.0,8866711.0,0,
493,201.08701649940667,2.6013975,,,,,,,,,,,1.7280091E8,1.8043552E8,1.7158307E8,1.4352506E8,1.4432589E8,1.814925E8,1.7327184E8,1.702051E8,1.6948971E8,1.8182451E8,1.6193749E8,1.6943523E8,1.9379443E8,1.7138507E8,1.6976432E8,1.9877146E8,1.727211E8,1.6036795E8,1.7374485E8,2.01031E8,1.6919082E8,1.6552538E8,1.8060533E8,0,
494,572.344752459744,2.6064315,,,,,,,,,,,1.0668235E8,9.521289E7,3.7822736E7,8.571221E7,0,1.0606085E7,1.2835941E7,1.5204835E7,1.1091909E7,1.4972824E7,1.1849662E7,1.0609365E7,1.1993857E7,2.300884E7,2.7702006E7,3.0633586E7,2.6810166E7,2.5761144E7,2.683642E7,2.0764378E7,1.5234571E7,1.6268953E7,1.5415474E7,0,
495,671.4133299730163,2.6202462,,,,,,,,,,,3.9762528E8,2.9928144E8,2.800614E8,3.6268906E8,7837455.0,2.8453037E8,2.6855286E8,2.8891315E8,2.537977E8,2.7555616E8,2.4843928E8,2.4464774E8,2.7616576E8,2.446061E8,2.897527E8,3.323463E8,2.9215664E8,2.7582086E8,2.9470128E8,2.539822E8,2.0820971E8,2.453791E8,2.885651E8,0,
496,1341.8190100967224,2.6281207,,,,,,,,,,,6916128.5,3612332.5,2566300.0,4226667.5,0,2368918.5,2214869.8,2147224.0,2014270.4,0,1761900.5,1999069.2,2138740.8,2796411.2,3033517.5,3180280.5,2818977.0,3151975.5,3079913.2,2022569.2,1822635.0,2092273.8,2033103.2,0,
497,554.2821605037195,2.6287417,,,,,,,,,,,3092964.2,3045009.8,3096230.5,3417143.2,2471656.2,5443052.5,4807554.5,5961497.5,5599185.0,5067448.0,4747816.5,5145103.0,5760942.5,4636594.0,5144057.0,6100204.0,4568615.5,4815537.5,5145177.5,5115218.5,4494439.5,4980932.0,5371492.0,0,
498,843.4226293869987,2.633655,,,,,,,,,,,5367735.0,6185424.0,8820094.0,8233110.0,1.211747E7,8930844.0,8088678.5,8732361.0,7873804.5,8279265.0,6871142.0,7604542.5,8243129.5,7792788.0,8052703.5,7703777.0,7134195.5,7814848.0,9193972.0,7340771.0,7073734.5,8286601.5,8619634.0,0,
499,821.4408669922469,2.6373692,,,,,,,,,,,7.489492E7,8.2975096E7,9.9082056E7,9.985542E7,1.1555562E8,1.1510288E8,1.0292215E8,1.2248673E8,9.122253E7,1.03887864E8,1.0095026E8,9.7719736E7,1.06349624E8,1.1507727E8,1.1506989E8,1.2085176E8,1.0701063E8,1.07746744E8,1.30341896E8,9.790253E7,9.396698E7,1.0806784E8,1.1984727E8,0,
500,770.4815554289868,2.64026,,,,,,,,,,,9501697.0,7408415.0,5452564.0,8054472.0,0,5079654.0,4749716.5,5692769.5,4456901.0,5299943.5,4545943.5,4576096.5,4784667.5,6268818.0,6474970.0,6387884.0,6171466.5,5745803.0,7152356.0,4473876.5,4140416.8,5221022.5,5032311.5,0,
501,279.1702522828521,2.6411333,,,,,,,,,,,0,0,0,0,3.4186252E7,0,0,0,0,0,0,0,0,0,0,0,0,0,0,0,0,0,0,0,
502,330.16582860975143,2.6464343,,,,,,,,,,,5707985.5,5092027.0,5536324.0,5231745.5,3753905.8,5315777.5,6365689.0,6693929.5,5518088.5,5113374.0,5467211.5,5663635.5,6065131.0,5090998.0,5655191.5,5378180.0,5450274.0,5017424.0,5943370.0,5807641.5,5693443.5,4787891.5,5619079.0,0,
503,138.0549140911908,2.6497252,,,,,,,,,,,4575940.0,4498382.0,4539716.5,4838912.0,0,2489339.5,3164786.2,2962100.2,3016317.2,2735653.0,3090067.5,3235102.2,3352158.5,2970163.2,2814280.0,2966800.5,3108766.2,2972023.5,2990548.8,2998680.5,2983389.0,2558890.2,2752674.8,0,
504,602.2829612810646,2.653864,,,,,,,,,,,4846930.5,3993605.2,4865002.0,4212763.0,3377803.8,7578562.0,8334973.5,8617962.0,7324946.0,7360899.0,7428429.0,7752712.5,8523397.0,7812998.5,8785176.0,7566012.5,7456045.0,6445393.0,8267476.5,7810368.0,7144612.5,7002103.0,6782276.0,0,
505,328.22301526799225,2.6571348,,,,,,,,,,,1.337804E7,1.1212468E7,1.3414309E7,1.3971978E7,1.491388E7,1.3358449E7,1.4764617E7,1.5349486E7,1.33266E7,1.2637444E7,1.3151812E7,1.386534E7,1.4803507E7,1.3363657E7,1.510941E7,1.4030525E7,1.3781881E7,1.2261544E7,1.4367961E7,1.4823609E7,1.336894E7,1.3109364E7,1.2606209E7,0,
506,637.4286756093966,2.6607118,,,,,,,,,,,2400614.8,1900138.4,2448046.5,2400398.2,2435956.5,5845989.5,6011111.5,6523680.5,6727698.0,5689857.5,5454991.5,5472329.0,5902799.0,5422837.0,6419960.5,5407707.5,5207247.5,5238596.0,6161244.5,5278308.0,5398989.0,5709389.5,5722185.5,0,
507,344.25435909177924,2.673112,,,,,,,,,,,5132167.5,3487429.2,9810380.0,5068417.5,1.8957568E7,1.8633178E7,1.8515728E7,1.6451994E7,2.1011652E7,1.4675882E7,1.7029552E7,1.5496463E7,1.6799446E7,1.423744E7,1.6782966E7,1.3657992E7,1.4405379E7,1.234712E7,1.2492773E7,1.4514132E7,1.660938E7,1.5553171E7,1.5512342E7,0,
508,1088.5373620328544,2.679608,,,,,,,,,,,0,0,0,0,6795741.5,0,0,0,0,0,0,0,0,0,0,0,0,0,0,0,0,0,0,0,
509,754.4503992060366,2.6798265,,,,,,,,,,,8189191.5,6606259.5,7256591.5,6956419.0,8021013.0,2.9249534E7,2.914486E7,2.7930874E7,3.515219E7,2.9615426E7,2.544836E7,2.3860632E7,2.9144504E7,2.9925158E7,3.1435394E7,2.6277708E7,2.5842604E7,2.8769604E7,2.4478194E7,2.6015118E7,2.9063482E7,2.6413382E7,2.39004E7,0,
510,1109.6971593929966,2.6806858,,,,,,,,,,,5051148.0,3578719.0,1858299.5,3094171.5,0,2351625.8,2112501.8,2467541.5,2354214.0,2750736.0,1984656.0,1829554.1,2194160.8,3131078.2,3200270.5,2771180.2,2676175.2,2890368.8,2787123.8,2144373.2,2361456.8,2211699.0,2196997.0,0,
511,137.04583168562093,2.6873703,,,,,,,,,,,3.1362228E7,3.2710584E7,2.2876526E7,3.4332476E7,3.725267E7,7079788.0,1.1584015E7,1.1390515E7,1.3667635E7,1.554912E7,9294934.0,8188757.0,6702166.0,1.3275393E8,1.4366754E8,1.3033761E8,1.27105944E8,1.3098026E8,1.2708779E8,5933908.0,1.2133072E7,9297626.0,7333608.5,0,
512,1247.7252132506094,2.6908855,,,,,,,,,,,0,0,0,0,4662278.0,3385543.5,2561423.0,2583878.5,3112343.2,2656257.8,2839434.5,2408633.0,2542448.2,2496744.5,2063802.0,2227120.8,2135453.5,2204368.2,1938420.2,2098857.8,2350130.2,2228107.0,2846495.8,0,
513,442.3108806965295,2.6988218,,,,,,,,,,,2853209.0,2606545.5,4195543.5,3160856.8,5029886.0,6414502.5,6492663.0,6283037.5,7363654.0,5572808.0,5830850.0,6039715.5,6278780.5,4902465.5,6186173.0,5267788.0,5270372.0,5863397.5,5208405.0,4748608.0,6540640.0,5724698.0,5628158.0,0,
514,441.3068492970631,2.7025795,,,,,,,,,,,1.0382622E7,1.0021089E7,1.6915306E7,1.3647011E7,2.0719548E7,2.628222E7,2.5561554E7,2.3451424E7,2.8454776E7,2.276981E7,2.3326916E7,2.378318E7,2.5030502E7,1.958063E7,2.4908794E7,2.0688022E7,2.1399262E7,2.1960852E7,2.0194562E7,1.8142598E7,2.4056516E7,2.3435652E7,2.1196096E7,0,
515,376.22320028706963,2.7141805,,,,,,,,,,,4.128351E7,4.5925876E7,5.416426E7,4.8380292E7,3.4082916E7,4.6417496E7,4.3887084E7,4.1199036E7,4.6708276E7,4.0863096E7,4.016351E7,4.280522E7,4.213358E7,3.879343E7,5.164083E7,3.9179036E7,4.0924508E7,4.257512E7,3.967684E7,3.7176492E7,4.5575656E7,4.1871184E7,3.7418604E7,0,
516,215.13910753606754,2.7125547,,,,,,,,,,,1345664.9,0,2791343.5,1346449.6,1.8766948E7,1.3043437E7,1.2349886E7,1.163217E7,1.4449627E7,1.1019962E7,1.1842527E7,1.2293204E7,1.1616737E7,7829535.0,1.0329598E7,7782538.5,8693604.0,9302516.0,8187677.0,8274967.5,1.0737069E7,1.014172E7,1.0600476E7,0,
517,428.29498590054266,2.719595,,,,,,,,,,,3604674.8,2349874.5,9142484.0,3304981.8,7.3771256E7,4.970874E7,4.6946348E7,4.2400044E7,5.0846452E7,3.875598E7,4.2710784E7,4.441568E7,4.2027092E7,2.8945642E7,3.6788228E7,2.6891992E7,3.1945386E7,3.2742614E7,3.0741168E7,2.9636448E7,3.9772604E7,3.57354E7,3.773448E7,0,
518,853.5759351068613,2.7172787,,,,,,,,,,,0,0,0,0,3.2244266E7,9820835.0,9249288.0,8456611.0,1.2052223E7,6631924.5,8285900.0,1.0009499E7,8265873.0,4158781.2,4702681.5,4551871.5,4909276.0,5369277.5,4264708.0,5509450.0,6845091.0,5239334.5,8596805.0,0,
519,427.2919504920642,2.717458,,,,,,,,,,,1.6565445E7,8708658.0,4.0238908E7,1.4118013E7,2.8209683E8,2.0481706E8,1.9203667E8,1.7554557E8,2.0780824E8,1.6395523E8,1.7643984E8,1.8842058E8,1.7733872E8,1.2006165E8,1.5597696E8,1.1739459E8,1.3541008E8,1.3905646E8,1.2648891E8,1.2398877E8,1.6203006E8,1.4789776E8,1.5538037E8,0,
520,268.10406720507325,2.7017138,,,,,,,,,,,0,0,0,0,6.240283E8,1200164.9,1255155.0,0,1365649.5,1079843.2,1931545.0,1448045.2,1441024.4,0,0,0,0,0,0,0,0,0,0,0,
521,802.5079757725995,2.719524,,,,,,,,,,,0,0,1694216.0,0,1.2161073E7,6335135.5,6026924.0,5742952.0,6852292.0,4983519.5,4988430.5,6725572.5,5073007.5,3694633.2,4687797.5,3935598.8,4218058.0,5225135.5,3980642.5,4060187.5,5555117.0,4293740.0,5774453.0,0,
522,489.3075050375209,2.7226083,,,,,,,,,,,3043626.5,3201797.5,3480539.0,3424666.8,3105545.0,4494041.5,4038629.8,3870400.0,4132836.5,3557580.0,3820912.2,4081191.2,3886643.2,3630601.0,5038900.5,3847486.0,3995953.5,4041349.2,3522223.2,3537819.8,4379273.0,4086488.0,3410305.8,0,
523,671.4701967537738,2.72801,,,,,,,,,,,0,0,0,0,8840938.0,0,0,0,0,0,0,0,0,0,0,0,0,0,0,0,0,0,0,0,
524,694.3888933298018,2.72801,,,,,,,,,,,0,0,0,0,4992772.5,0,0,0,0,0,0,0,0,0,0,0,0,0,0,0,0,0,0,0,
525,146.11759308956104,2.7304268,,,,,,,,,,,3.653727E7,6.957125E7,7.508083E7,8.147884E7,6425386.5,1.0846048E7,1.1024781E7,1.092662E7,8658635.0,1.4470227E7,1.476555E7,1.3194579E7,1.14723E7,2.058625E7,2.5056528E7,2.118635E7,2.114557E7,2.0453934E7,2.1993416E7,1.0727174E7,1.2165742E7,1.0747055E7,1.0232624E7,0,
526,710.3506695753995,2.7424657,,,,,,,,,,,4050917.0,5781599.0,7559608.5,7061780.5,0,2174745.0,1574138.9,2453893.0,2519814.5,2700374.8,2480349.5,4145211.8,2488805.2,2074184.0,1987453.5,2315517.0,2261503.8,3470007.0,3654345.5,1497617.5,2310338.8,1775810.9,2352408.5,0,
527,865.5765004591059,2.7492604,,,,,,,,,,,1627105.6,0,2936743.5,1784538.1,4737344.5,1.7933172E7,1.1445608E7,1.309683E7,1.4355484E7,1.2260627E7,1.4003759E7,1.4995168E7,1.245777E7,1.0272736E7,1.40923E7,1.1972286E7,1.0918231E7,1.2866075E7,1.1455574E7,1.204526E7,1.2481975E7,1.1998119E7,1.2996599E7,0,
528,950.6291634096712,2.7523649,,,,,,,,,,,0,0,0,0,1992387.0,8106633.5,4787109.0,5080965.0,6243335.5,4730154.0,5636076.0,6394862.5,4887552.0,3294296.2,3890502.2,3827561.0,3380738.8,4030383.5,4015648.5,4276340.5,4500669.0,4297840.0,4945747.5,0,
529,169.0608526143578,2.7572296,,,,,,,,,,,4459849.5,4433129.0,4058437.8,5089618.0,3321006.2,4524825.0,4243500.5,4778637.0,4129349.2,4314721.0,5017585.5,4407112.5,4306511.5,4240960.0,4082291.5,4956272.0,4862559.5,4273177.5,3613483.0,4948944.5,4243746.5,4667003.0,4689882.5,0,
530,439.29215780652305,2.817569,,,,,,,,,,,0,5.3595168E8,4.0033987E8,5.2121434E8,1.1763552E8,3.8177574E8,4.7698435E8,5.1045197E8,5.0953853E8,5.0277555E8,4.8149034E8,4.876429E8,4.7294173E8,5.4899757E8,5.22383E8,4.2592646E8,5.730569E8,4.174937E8,4.756335E8,4.9480384E8,4.5617565E8,5.2314854E8,4.5482013E8,0,
531,245.18597064908909,2.695245,,,,,,,,,,,0,0,0,0,1.4039942E8,0,0,1199446.0,1015014.3,0,0,0,0,0,0,0,0,0,0,0,1227478.6,0,0,0,
532,186.08740355702142,2.7611735,,,,,,,,,,,4357342.0,4304698.5,3971096.0,4828290.5,3322554.8,4359425.0,4133587.2,4337517.0,3926639.5,4148345.5,4801825.5,4410396.0,4264507.5,4145979.2,3903782.8,4492005.5,4447714.5,4020890.0,3385311.2,4717875.0,4303550.0,4356758.0,4593847.0,0,
533,530.2978195375973,2.7698557,,,,,,,,,,,1.0725231E7,9458505.0,8165963.0,8879631.0,3629470.8,3.293019E7,2.5117964E7,2.4003046E7,3.4700536E7,2.6343326E7,2.475829E7,2.822312E7,2.7289292E7,2.3192758E7,2.6177556E7,2.177873E7,2.1142732E7,2.1457294E7,1.919384E7,0,2.5379688E7,2.6590236E7,2.2756158E7,0,
534,473.27782920692835,2.7190783,,,,,,,,,,,9170399.0,0,7053034.0,8346190.0,6818364.0,5758871.5,9631757.0,0,1.0403102E7,8329495.5,8439770.0,8206990.0,1.0271726E7,7499869.5,1.010968E7,1.1105067E7,8916545.0,9369619.0,8665174.0,7599326.5,9611133.0,1.0024133E7,8049558.0,0,
535,498.3290948462594,2.7783675,,,,,,,,,,,1896728.5,1786362.9,3948194.8,2152600.2,1.8129472E7,1.2450937E7,1.0657388E7,1.0017459E7,1.2874805E7,8723979.0,1.0993417E7,1.2069731E7,1.1247238E7,9179729.0,8912635.0,7768498.5,7800448.5,8012707.0,7210281.0,8989754.0,1.0728306E7,1.0881956E7,1.0713126E7,0,
536,298.139871030012,2.7814317,,,,,,,,,,,4778032.0,4615453.0,4880151.5,4734145.5,3992474.8,4427696.0,4420375.0,4645237.5,4627593.5,3668801.2,4360400.5,4793129.0,4311773.0,4607002.0,4082525.2,4327179.5,4383333.0,3911555.0,3857088.5,4669758.5,4756437.5,4437729.5,4328126.0,0,
537,726.4191452081033,2.7818,,,,,,,,,,,4120750.0,3877770.2,3886066.8,4030746.0,4729870.0,4636905.0,4042364.0,3863367.8,4578754.0,3766367.8,4339535.0,4736544.0,4310303.5,4896001.5,4996370.0,4140043.0,4145600.2,4271968.0,4272616.5,4106763.2,4652695.5,5085355.5,4449750.0,0,
538,524.3449723207856,2.7822192,,,,,,,,,,,1.1916181E7,1.0632639E7,1.4887697E7,1.1849236E7,2.0905586E7,1.2394441E8,1.1192337E8,1.0921493E8,1.3762067E8,9.62403E7,1.16028584E8,1.2631812E8,1.20383736E8,1.2224047E8,1.1344496E8,1.0132157E8,9.947544E7,1.05195096E8,9.372899E7,1.0471254E8,1.2240286E8,1.2426668E8,1.0950641E8,0,
539,153.04080395452226,2.7880511,,,,,,,,,,,5790590.5,5313229.0,7863946.0,6079216.0,7720228.0,1.4848146E7,1.768897E7,1.6918914E7,9791541.0,7024769.0,8107392.0,5015592.0,1.3505653E7,1.4792206E7,1.3377304E7,1.3621447E7,1.2196873E7,1.234822E7,1.3039007E7,2.2680326E7,2.2668396E7,2.241961E7,1.6691111E7,0,
540,962.6292803241341,2.7918653,,,,,,,,,,,2440068.5,2134812.2,2515786.0,2404954.2,0,2.1301248E7,1.8847398E7,1.6619834E7,2.2123948E7,1.9862738E7,1.905368E7,2.2650654E7,1.955323E7,2.3363204E7,2.3069002E7,1.8922146E7,1.9104922E7,1.838103E7,1.8860882E7,1.8221218E7,1.8292318E7,2.087312E7,1.8104422E7,0,
541,651.3352144260562,2.808921,,,,,,,,,,,6480025.5,5371738.0,5364452.5,5606551.0,6078570.0,5646249.0,4710157.0,4881949.0,5829326.0,5008721.5,5238280.0,6042237.0,5798591.5,6443393.5,6462157.0,4787663.5,5228522.0,5282421.5,5340739.0,5208568.0,5312745.0,5191922.5,5278552.5,0,
542,530.2978057177149,2.8005035,,,,,,,,,,,1.0972451E7,1.017538E7,6649936.0,1.0603078E7,3533242.5,2.7192266E7,2.5254566E7,2.5779456E7,3.6744788E7,2.3612742E7,2.8378036E7,0,0,2.5244432E7,0,2.4716256E7,2.278431E7,0,2.2899166E7,2.0981352E7,2.850438E7,2.8677588E7,2.0945052E7,0,
543,372.1768503141167,2.8298867,,,,,,,,,,,5.204775E7,6.4370828E7,5.7677908E7,6.2595964E7,6.3225864E7,6.7422264E7,6.0969692E7,7.528112E7,8.122262E7,7.175139E7,6.830708E7,6.966977E7,7.3595224E7,7.930868E7,6.893387E7,6.262262E7,7.216151E7,5.4598744E7,6.088255E7,6.647372E7,6.24218E7,6.3486588E7,6.960353E7,0,
544,810.4618416542087,2.8306978,,,,,,,,,,,6526281.5,7408415.0,5389974.0,6333930.0,1108528.5,6098920.0,6225297.5,6757830.0,7132699.5,7264134.5,5947041.0,6663119.5,6147548.0,7177654.0,6695466.0,6308693.0,7100344.5,6112284.0,6210296.5,6310931.5,5880456.0,5925841.5,6176226.0,0,
545,763.43606891241,2.8312793,,,,,,,,,,,4251421.5,4842930.0,5026243.5,4885679.5,4564238.5,5477382.0,5185438.5,5932440.5,6373359.5,6110426.5,5839925.5,6125861.5,6256625.0,6750770.0,6174896.0,5604428.5,5967221.0,5118027.0,5241560.5,5194319.5,5584736.5,5190240.0,5349535.0,0,
546,289.1546053471859,2.8335247,,,,,,,,,,,1852829.1,2295966.8,2204140.2,2280723.0,4794872.5,1963729.6,2061260.8,2181644.2,2414823.2,2346644.8,1970930.1,2009131.1,1924436.9,2178550.5,0,1907556.0,2148917.5,1799134.8,1840373.2,2053017.5,2103709.2,2050566.5,2102031.8,0,
547,330.2388436925759,2.8429227,,,,,,,,,,,6006296.0,5417754.5,9848901.0,6885952.5,2.6214688E7,1.791444E7,1.8924218E7,1.879827E7,2.1183444E7,1.9574824E7,1.7982724E7,2.073426E7,1.9627606E7,1.5172058E7,1.4741682E7,1.5301127E7,1.6490311E7,1.4505736E7,1.4615054E7,1.4432895E7,1.7816624E7,1.857677E7,1.8276996E7,0,
548,439.2921000810552,2.8553782,,,,,,,,,,,4.5838243E8,4.9888717E8,3.5891888E8,4.4497552E8,1.1907722E8,4.487272E8,4.908301E8,4.8131658E8,4.825954E8,5.6567014E8,4.6675587E8,4.8094384E8,4.8428426E8,5.3165664E8,4.9537654E8,5.691175E8,5.1785616E8,5.093438E8,4.4384736E8,4.578361E8,5.0557274E8,5.2820832E8,4.4992506E8,0,
549,558.3868022084548,2.8569758,,,,,,,,,,,0,0,0,0,7563473.0,0,0,0,0,0,0,0,0,0,0,0,0,0,0,0,0,0,0,0,
550,440.29412215130895,2.8605,,,,,,,,,,,1.3812584E8,1.2737159E8,1.1088394E8,1.3180958E8,2.9707408E7,9.718115E7,1.2715E8,1.3240756E8,1.234257E8,1.426607E8,1.2013071E8,1.23314216E8,1.3574392E8,1.3680376E8,1.5197002E8,1.456589E8,1.3309644E8,1.345824E8,1.3364825E8,1.24882296E8,1.418233E8,1.3657158E8,1.2231593E8,0,
551,618.2603754470143,2.8651884,,,,,,,,,,,2.7735082E7,3.0240598E7,3.1786416E7,2.7770078E7,3.110232E7,2.2166806E7,2.8960186E7,2.5603678E7,2.4286306E7,3.454034E7,2.7218134E7,2.6494774E7,2.842529E7,2.531564E7,2.7378784E7,3.2681266E7,2.6552758E7,2.896662E7,2.5671012E7,2.2539954E7,2.856858E7,2.978347E7,2.4047606E7,0,
552,611.3044672412061,2.8683033,,,,,,,,,,,8294875.5,9021133.0,1.0444282E7,8880335.0,9777284.0,7523329.5,1.0265101E7,8880436.0,8372047.0,1.1588922E7,9520801.0,8600285.0,9765212.0,7256409.5,9294152.0,1.1333549E7,9132716.0,1.0113585E7,8886086.0,7733358.0,9031531.0,1.0393286E7,8471714.0,0,
553,342.2389425852809,2.8731186,,,,,,,,,,,1.0142136E8,1.1249345E8,9.693262E7,9.862078E7,5.256472E7,5.9007344E7,6.7384536E7,6.3659684E7,5.8445692E7,7.867506E7,6.2455576E7,6.1954976E7,6.4141364E7,8.113467E7,7.405692E7,8.525726E7,7.797667E7,7.703241E7,6.90116E7,6.278051E7,7.007033E7,7.436884E7,6.0512316E7,0,
554,877.5767674320854,2.8731105,,,,,,,,,,,3.9805296E7,4.3236932E7,2.551158E7,3.7827296E7,1941923.1,3.409163E7,3.6634204E7,3.770524E7,3.1855608E7,4.2589976E7,3.253162E7,3.5683468E7,3.2828662E7,4.2023584E7,3.6932068E7,4.6812064E7,4.3029708E7,4.4073428E7,4.035236E7,3.2093236E7,3.6700984E7,4.037484E7,3.5336524E7,0,
555,286.08576561498126,2.8737206,,,,,,,,,,,4512405.5,4597586.5,5265527.5,4274397.5,4458268.0,3770643.8,4337063.5,4379602.5,4094355.8,4827617.5,4106474.0,4003755.8,4458541.0,4486265.0,3775469.0,4644200.5,4348580.0,4260147.5,4210683.5,3701945.0,4526754.5,4212557.5,4028292.0,0,
556,780.5240916813157,2.8781977,,,,,,,,,,,1.1789617E7,1.26129E7,9857625.0,1.2190606E7,1719410.6,7269002.0,7980420.0,8071378.0,6155474.0,9451913.0,7464077.5,7710984.0,7527580.5,1.0261665E7,8441286.0,1.0896502E7,1.0029061E7,1.0463854E7,9153842.0,7534846.0,8510628.0,8630365.0,7598102.5,0,
557,768.4512726572383,2.8810282,,,,,,,,,,,4551362.0,4417072.0,4097027.0,4605536.5,0,4166375.2,3975908.8,4284713.0,3505067.0,4598075.0,3928852.0,4387838.5,4231167.0,4777685.5,4044439.0,4754802.5,5002616.5,5218114.0,4102563.8,3669311.2,4618887.0,4392289.0,4168809.2,0,
558,312.1555355832425,2.882854,,,,,,,,,,,5071364.0,5869542.0,6311039.0,5116874.5,5044173.0,5321086.0,5529815.5,5360367.5,4529489.0,5871886.5,5300015.0,5151758.5,5165150.5,5560822.5,4434407.5,5677603.5,5265606.0,5533544.0,5202194.5,4494275.0,4971503.0,5337516.5,4853581.0,0,
559,330.16616662370575,2.8832612,,,,,,,,,,,4.168157E7,4.307997E7,4.7619876E7,3.7312656E7,3.9447E7,4.1393316E7,4.4485616E7,4.366047E7,3.6583044E7,4.8065996E7,4.078344E7,4.1548924E7,4.3941116E7,4.5044004E7,3.5598824E7,4.312531E7,4.4892616E7,4.3809064E7,4.1369604E7,3.7157452E7,4.194313E7,4.292498E7,4.099762E7,0,
560,607.3821338511582,2.8832352,,,,,,,,,,,9781872.0,9933291.0,1.2186536E7,9701807.0,1.4165319E7,1.0365284E7,1.0836383E7,1.0604807E7,8490484.0,1.2237125E7,9907835.0,9975807.0,1.0061459E7,1.1775841E7,9950011.0,1.2092139E7,1.1494766E7,1.0862602E7,9633036.0,8545834.0,9797326.0,1.0574608E7,9672622.0,0,
561,331.169644847205,2.8828838,,,,,,,,,,,7355214.0,7333374.5,9116879.0,6229581.5,5975885.5,6395046.5,6578206.0,6684688.0,5518191.5,7155572.5,6326576.5,5790812.0,6449825.0,6566906.5,5606508.5,6652239.5,6504770.5,6697557.0,6900678.0,6033725.0,6283184.5,6559055.5,6157815.0,0,
562,1065.6358037876985,2.885715,,,,,,,,,,,8267196.5,8787640.0,7068591.0,8351554.5,2650185.2,7876418.0,8097121.0,8208914.5,6211599.5,7963931.5,7718409.0,8262189.0,7978240.0,1.036614E7,8268148.0,9757564.0,1.0449413E7,9324569.0,8263656.0,7619063.0,8269575.0,8399422.0,8805998.0,0,
563,313.1545642820547,2.8854191,,,,,,,,,,,0,0,0,0,7063363.0,0,0,0,0,0,0,0,0,0,0,0,0,0,0,0,0,0,0,0,
564,1073.6252464726815,2.8903654,,,,,,,,,,,1.944124E7,1.9048602E7,1.7259832E7,1.7676952E7,5077976.0,3.5927596E7,3.1706998E7,3.4546148E7,2.9953494E7,3.2897858E7,3.459881E7,3.6925876E7,3.2575566E7,3.4153164E7,2.9580856E7,3.1989242E7,3.3986276E7,3.2189984E7,2.9748424E7,2.916131E7,3.1622798E7,3.3410152E7,3.29242E7,0,
565,636.3431299516864,2.917719,,,,,,,,,,,5.517811E7,5.709197E7,5.204695E7,0,5.0338388E7,9.75022E7,8.542437E7,8.044121E7,1.0222639E8,8.858541E7,9.3821944E7,9.921861E7,8.630533E7,0,7.7482104E7,7.368468E7,0,7.554263E7,8.820136E7,9.290656E7,8.4620104E7,8.506187E7,0,0,
566,976.5725624871322,2.8936965,,,,,,,,,,,7155021.0,7705691.0,8456521.0,8160424.5,4069476.2,8136735.5,7537546.5,7846831.5,6744597.0,8155042.5,8208879.0,8335085.5,7213104.5,8491405.0,7147848.5,7410304.5,8451168.0,8168608.5,7149118.5,7388297.5,7871371.5,7720298.0,7692289.0,0,
567,627.351241126666,2.894579,,,,,,,,,,,2.3976627E8,2.610048E8,2.8696566E8,2.636293E8,3.1725834E8,2.7691088E8,2.6920816E8,2.7702803E8,2.5754238E8,2.8470813E8,2.8537136E8,2.5485158E8,2.6994874E8,3.0041802E8,2.3753325E8,2.898205E8,2.9866973E8,2.7984157E8,2.396689E8,2.3622643E8,2.5961042E8,2.4447509E8,2.5420686E8,0,
568,558.3130452845733,2.891919,,,,,,,,,,,4150721.0,2756567.2,2128084.2,2989904.5,6509827.5,0,0,0,0,0,0,0,0,0,0,0,0,0,0,0,0,0,0,0,
569,441.296738803438,2.8941233,,,,,,,,,,,1.8521494E7,1.8465316E7,1.5641576E7,1.5354291E7,2889898.0,1.81452E7,1.7384358E7,1.5618433E7,1.6460052E7,1.8590454E7,1.7181686E7,1.4569792E7,1.7405062E7,2.0098496E7,1.5826772E7,1.9104016E7,1.97676E7,1.847393E7,1.5977155E7,1.484159E7,1.6383435E7,1.7125228E7,1.4842384E7,0,
570,229.1548594958992,2.918138,,,,,,,,,,,2.779533E8,2.2191051E8,1.4325592E8,2.3342029E8,3.598573E8,2.6978308E7,3.6262692E7,4.3314828E7,2.7810858E7,5.7399452E7,2.15055E7,2.5323776E7,2.4914478E7,1.0216981E8,9.835201E7,8.542545E7,9.943024E7,9.693802E7,8.899527E7,8.0619576E7,5.6348956E7,4.3730236E7,3.6616904E7,0,
571,635.3404767929528,2.922972,,,,,,,,,,,1.3574234E8,1.4770131E8,1.4645277E8,1.4675397E8,1.2273762E8,2.4822394E8,2.3381437E8,2.2570642E8,2.802925E8,2.3720059E8,2.5548093E8,2.2617645E8,2.315637E8,2.1803834E8,2.136664E8,2.0869301E8,2.1806312E8,2.0803605E8,2.2525834E8,2.1184269E8,2.3674922E8,2.3260504E8,2.0406768E8,0,
572,863.4887194390765,2.9276206,,,,,,,,,,,1.6764228E7,1.5762868E7,1.0989153E7,1.6962166E7,2.578875E7,2876110.2,3191783.8,4164655.0,3272148.2,6531291.5,2410712.8,2642326.5,2603242.2,9538653.0,1.0350144E7,8829333.0,9844482.0,1.1281704E7,9983396.0,7939597.5,5951932.0,5009617.0,3845908.8,0,
573,608.342054677459,2.9323075,,,,,,,,,,,4680960.0,5413121.0,4937333.5,4884445.0,5231354.0,5009043.0,4614324.5,5194844.5,5829447.0,5529034.0,4594533.5,4227001.0,4825590.5,5361014.0,5469211.0,4406849.5,4905127.5,5091667.0,5624543.0,4765713.5,5047233.5,4884312.5,4489860.0,0,
574,1081.5574035056682,2.9369006,,,,,,,,,,,1.0845895E7,1.1644586E7,1.2529434E7,1.0738444E7,1.3550775E7,1.3648879E7,1.0426357E7,1.2609659E7,1.1949321E7,1.2020823E7,1.2346961E7,9399388.0,1.0440767E7,1.1164208E7,1.2358627E7,1.0757724E7,1.2179911E7,1.2943154E7,1.1984648E7,1.1401445E7,1.0212702E7,1.3022981E7,1.1280058E7,0,
575,683.3620097014832,2.941557,,,,,,,,,,,3.8903564E7,3.507521E7,2.4256382E7,3.607446E7,4.5903E7,3636533.8,3776693.0,6290471.0,3393582.2,9447310.0,2949884.2,3044133.5,3157208.2,1.3078297E7,1.4605333E7,1.1620994E7,1.3862784E7,1.2610162E7,1.5827958E7,1.0855207E7,7766354.5,6206621.5,4308538.0,0,
576,796.4462902901595,2.9407568,,,,,,,,,,,1.3941315E7,1.5655801E7,1.3921433E7,1.4443304E7,7066177.0,9957057.0,8427765.0,9532707.0,9434108.0,9941978.0,9140524.0,7767132.5,8368651.0,1.0864696E7,1.064534E7,8996577.0,9817343.0,1.0029463E7,1.2067885E7,1.0087058E7,9854676.0,1.0348752E7,8667090.0,0,
577,265.15485736055354,2.9433835,,,,,,,,,,,0,0,0,0,1.657491E7,0,0,0,0,0,0,0,0,0,0,0,0,0,0,0,0,0,0,0,
578,893.498935459577,2.944074,,,,,,,,,,,4.7269064E7,4.570767E7,3.55066E7,4.0260264E7,1.0793321E7,5.5673868E7,4.561343E7,5.289391E7,5.107423E7,5.3597696E7,5.187554E7,4.4829764E7,4.3056576E7,4.9616836E7,5.5657884E7,4.6163224E7,4.9567964E7,5.2895044E7,5.746036E7,5.2637944E7,5.1759664E7,5.4273124E7,4.4185136E7,0,
579,1106.5740672189077,2.950315,,,,,,,,,,,3823241.2,3639563.8,4112725.2,3654940.5,3452769.8,6864832.5,5843109.0,7276380.5,6310275.0,6913736.5,7634443.5,6746210.5,6331101.5,5007266.5,6993157.0,5196501.5,5835136.5,6289769.0,6508103.0,6389553.5,5943960.5,7267312.5,5582820.5,0,
580,909.4210858767428,2.9573586,,,,,,,,,,,8.48475E7,9.0028136E7,9.997088E7,9.2665016E7,9.60384E7,8.756361E7,8.000588E7,1.0195099E8,8.701784E7,9.143137E7,8.7250184E7,9.2196056E7,8.125784E7,7.525118E7,1.03182936E8,8.431118E7,8.2852E7,9.369439E7,1.0743942E8,7.8890584E7,1.0496057E8,9.650979E7,6.917775E7,0,
581,455.214087371962,2.9602375,,,,,,,,,,,4.602151E8,4.5704262E8,4.8196477E8,4.9755853E8,4.758654E8,4.3643978E8,4.2615722E8,5.0462634E8,4.89796E8,4.758346E8,4.279633E8,4.801794E8,4.2184534E8,4.1757824E8,4.8420422E8,4.7139168E8,4.367345E8,4.370236E8,5.601821E8,4.040231E8,5.388663E8,4.525867E8,3.99211E8,0,
582,215.13920921430662,2.9606283,,,,,,,,,,,1.0217722E7,1.0175648E7,1.035449E7,1.1120525E7,1.0659386E7,9849428.0,9012370.0,1.1257461E7,1.0373915E7,1.0611688E7,9364148.0,1.0691749E7,1.0112406E7,9568053.0,1.0427777E7,1.1386388E7,9506598.0,9465378.0,1.2337139E7,8953576.0,1.1663549E7,1.0057898E7,8589257.0,0,
583,197.12867286271685,2.973269,,,,,,,,,,,5234053.5,4541548.0,5241055.5,4710215.5,5961693.0,4875480.5,4394853.5,4806667.5,5496860.0,4543025.0,4620265.0,4814688.5,4672333.0,4140593.8,4296931.5,4602185.5,4420420.0,4575022.5,4884452.0,4002222.2,4578797.0,4520115.5,4526675.5,0,
584,553.2991222386211,2.9830854,,,,,,,,,,,4.7116144E7,4.274067E7,4.4388324E7,4.119205E7,4.538062E7,4.3840676E7,4.1518396E7,4.4048896E7,4.875092E7,4.429074E7,4.0725044E7,5.0059868E7,4.756941E7,4.3149584E7,4.3938996E7,5.5012796E7,4.5922868E7,3.8016456E7,4.543887E7,3.6357468E7,4.0056064E7,4.618203E7,3.7049596E7,0,
585,707.3000798333039,2.9976115,,,,,,,,,,,1.0308503E7,5098316.5,5020128.0,4694652.5,0,0,0,0,0,0,0,0,0,1508913.6,1801983.9,2172465.5,1683248.5,0,1514041.5,0,0,0,0,0,
586,487.24019177431046,3.0015748,,,,,,,,,,,8712385.0,7014373.5,7539157.0,7759676.5,7521011.0,7764993.5,7242578.0,7338646.0,7178459.5,7659595.5,6610169.5,7185006.0,8680898.0,8455065.0,6979036.0,9874611.0,7712743.5,7138829.0,6682813.0,7421172.5,7190203.0,6869660.0,6598889.5,0,
587,643.3816705787023,3.0082092,,,,,,,,,,,1.3237934E7,9449138.0,9629887.0,1.0552145E7,7164925.0,9925818.0,9546400.0,8525039.0,8536015.0,9974967.0,7848539.0,8722418.0,9808195.0,1.1513749E7,9224530.0,1.2626629E7,1.0046234E7,8629604.0,9310897.0,9760642.0,8689319.0,8823200.0,8069358.5,0,
588,137.04590113596373,3.0088594,,,,,,,,,,,5.328273E7,2.781423E7,2.2170604E7,2.40855E7,0,0,0,0,0,0,0,0,0,8704122.0,8395255.0,1.1726057E7,8516299.0,8774301.0,8194056.5,0,0,0,0,0,
589,330.165843046794,2.9961567,,,,,,,,,,,2.0628572E7,1.6053056E7,1.9108084E7,2.5069428E7,1.8608232E7,2.1050564E7,2.2046812E7,2.2757442E7,2.6144586E7,2.453804E7,1.8908604E7,2.0538812E7,2.275493E7,2.1660718E7,1.9758568E7,2.3577854E7,2.3196676E7,2.3047578E7,1.8871854E7,2.13549E7,1.8853092E7,2.5053002E7,1.8783482E7,0,
590,782.4301502813238,3.0094528,,,,,,,,,,,1.4587209E7,1.5625793E7,1.805597E7,1.3857446E7,3.3407338E7,3.0512102E7,2.8432526E7,2.4123304E7,2.8440758E7,2.7732568E7,2.5862892E7,2.7135748E7,3.0889442E7,2.622712E7,2.1247062E7,2.856141E7,2.303044E7,1.9917576E7,2.0076486E7,2.5579112E7,2.4094212E7,2.7883134E7,2.4075316E7,0,
591,556.3711121605777,3.0122106,,,,,,,,,,,2376057.0,1618631.0,2250610.8,1704024.5,1.292107E7,0,1013223.25,1317008.5,0,0,0,0,0,2687342.2,2222460.8,3103507.5,2475918.2,2368808.0,2250605.2,2099469.0,1579929.9,0,0,0,
592,326.20785052626854,3.0167887,,,,,,,,,,,3.590456E7,5.007939E7,3.0160724E7,4.2048564E7,1.358485E7,2.2935134E7,2.344553E7,2.2757404E7,2.2093452E7,3.2395478E7,1.9237586E7,2.2221464E7,2.4302582E7,3.4054044E7,2.8024698E7,3.37554E7,3.1648084E7,2.8427904E7,3.1276626E7,3.5436544E7,2.5058164E7,2.6377048E7,2.1777454E7,0,
593,962.556917893473,3.0200424,,,,,,,,,,,8118005.5,9376706.0,8197582.0,7405232.5,1.0137512E7,1.5390123E7,1.3888972E7,1.24635E7,1.5871433E7,1.4536202E7,1.3865634E7,1.4201862E7,1.4569446E7,1.3861861E7,1.0965837E7,1.4157465E7,1.1221661E7,1.0700866E7,1.1144828E7,1.3641725E7,1.2202784E7,1.4944503E7,1.1707332E7,0,
594,427.2920993302361,3.0275784,,,,,,,,,,,5573410.5,6148096.0,6135793.5,5478621.5,8954251.0,1.1160815E7,1.0727106E7,9979168.0,1.2106582E7,1.1768705E7,9503958.0,1.1577701E7,1.0211394E7,1.1896063E7,9539182.0,1.0530922E7,1.0399337E7,9503174.0,1.014885E7,1.0212335E7,1.0102739E7,1.0574192E7,9450124.0,0,
595,889.4827485832616,3.0330596,,,,,,,,,,,6.9443496E7,9.978222E7,9.3652216E7,8.051726E7,1.412014E8,1.0852451E8,1.0128275E8,1.045579E8,1.09390584E8,1.19775704E8,1.1225098E8,1.064917E8,1.0737012E8,1.2127387E8,1.04765544E8,1.2534411E8,1.125306E8,1.1981099E8,1.0823721E8,1.0129646E8,9.944219E7,1.0388345E8,9.2528824E7,0,
596,724.4032461857117,3.0335255,,,,,,,,,,,5157988.5,5550231.0,3120727.0,3292281.2,1850376.6,1.0666157E7,1.025851E7,1.0026236E7,1.2334696E7,1.1688537E7,1.0457614E7,1.0349389E7,1.0459434E7,1.2206537E7,1.0821208E7,1.0957962E7,1.0966093E7,1.2084368E7,1.074152E7,1.0813602E7,9712321.0,1.0789231E7,8814836.0,0,
597,213.0871539896149,3.034446,,,,,,,,,,,7565138.0,9603074.0,8773137.0,8193058.0,8236100.5,8074907.0,7900047.5,8039379.0,8232023.0,7944474.0,7208426.5,7054803.0,7434315.5,8068638.0,7641572.0,7870767.5,8696819.0,8279332.0,8287213.5,7010571.5,8692103.0,9407722.0,7291236.5,0,
598,231.09767851782627,3.0348465,,,,,,,,,,,1.7420614E7,2.137099E7,1.8232598E7,1.8854186E7,1.8619622E7,1.8370278E7,1.7956374E7,1.5451149E7,1.7337638E7,1.8403786E7,1.6467029E7,1.5712142E7,1.797808E7,1.7217424E7,1.9015758E7,1.770771E7,1.814182E7,1.6251768E7,1.7711054E7,1.6055377E7,1.7036844E7,1.9777768E7,1.5422944E7,0,
599,279.17041161375937,3.0372744,,,,,,,,,,,0,0,0,0,3.1611014E7,0,0,0,0,0,0,0,0,0,0,0,0,0,0,0,0,0,0,0,
600,185.1649336251797,3.0376897,,,,,,,,,,,0,0,1950617.0,0,8264576.0,5606689.5,4910909.5,4989589.0,5474162.5,4562070.0,4854170.0,5234545.0,4676908.0,4471991.0,3392825.2,3622734.5,3922282.2,4150464.0,3916962.5,4429288.5,4118044.0,4544976.0,4562951.5,0,
601,468.24565366154127,3.0396557,,,,,,,,,,,7096398.5,9808368.0,7915728.0,6273912.5,5849510.5,6410091.0,6108952.0,6028377.5,6793630.0,6529156.0,6322127.5,7104856.5,6114344.0,7292040.0,5730516.0,5869456.5,6245888.0,7439280.5,6828021.5,5857815.0,6388938.0,6359770.5,6039786.5,0,
602,657.3980199341274,3.041703,,,,,,,,,,,6844135.5,8227915.5,5735152.0,4801595.5,5658149.5,2.57239E7,2.4237872E7,2.4469958E7,3.1008908E7,2.6294086E7,2.5330018E7,2.5228944E7,2.446597E7,2.6498654E7,2.2100452E7,2.1393208E7,2.437356E7,2.6589994E7,2.3560902E7,2.3120226E7,2.3160184E7,2.49477E7,2.0560354E7,0,
603,1012.5357029037862,3.0453281,,,,,,,,,,,3945979.0,4496893.0,3853887.2,3023991.8,3845914.8,1.4696116E7,1.3817231E7,1.3377185E7,1.7008282E7,1.4608859E7,1.6771919E7,1.4767127E7,1.4416804E7,1.6582271E7,1.3961282E7,1.4165058E7,1.3893278E7,1.5174279E7,1.3225022E7,1.4245382E7,1.3396782E7,1.5359003E7,1.239254E7,0,
604,685.376730650502,3.046591,,,,,,,,,,,0,0,0,0,2.3244948E7,0,0,0,0,0,0,0,0,0,0,0,0,0,0,0,0,0,0,0,
605,996.6136009223704,3.0513482,,,,,,,,,,,5118888.0,5490530.5,3459819.8,3913795.8,1690406.0,1.6916968E7,1.7596994E7,1.7021346E7,2.0647298E7,1.6838058E7,2.0123466E7,1.6501392E7,1.7130666E7,2.0218086E7,1.8690892E7,1.7235024E7,1.8144934E7,1.9878198E7,1.8019952E7,1.7845056E7,1.6735134E7,1.9599684E7,1.6175251E7,0,
606,655.4394245480769,3.0569215,,,,,,,,,,,2.548817E7,2.5101828E7,3.174891E7,2.9120482E7,4.629939E7,3.4975296E7,3.3170774E7,3.0921402E7,3.9997904E7,2.6803632E7,3.4479588E7,3.1159588E7,3.1446356E7,2.5007656E7,2.3442542E7,2.2043412E7,2.2305904E7,2.6892726E7,2.6921486E7,2.5468272E7,2.5731752E7,2.9957306E7,2.8460906E7,0,
607,963.55918559788,3.035343,,,,,,,,,,,5283268.0,5343849.5,4966000.0,4701982.5,7094332.5,1.0973178E7,0,8415982.0,8658355.0,7888182.0,1.0499005E7,8634197.0,8796695.0,8321121.5,7626730.0,8124189.5,7047630.5,7702693.0,6008880.0,7706116.5,7453715.5,1.0507055E7,6625002.0,0,
608,865.5024259328443,3.065068,,,,,,,,,,,0,0,0,0,9648853.0,0,0,0,0,0,0,0,0,0,0,0,0,0,0,0,0,0,0,0,
609,328.22315987271253,3.071884,,,,,,,,,,,2.6135075E8,2.3608509E8,2.5123342E8,2.4360501E8,2.82081E8,2.5257442E8,2.47213E8,2.3654813E8,2.5883899E8,2.2472998E8,2.378496E8,2.446472E8,2.5670925E8,2.3297435E8,2.2515922E8,2.1785285E8,2.3221802E8,2.3269792E8,2.513476E8,2.3562277E8,2.0610146E8,2.418151E8,2.2921146E8,0,
610,166.0724373592789,3.076939,,,,,,,,,,,1.1720421E7,1.2052297E7,1.2190793E7,1.2511928E7,6174362.5,6122225.0,6010686.5,7277688.5,5921477.0,6458041.0,6080167.0,6365857.5,5916959.0,7565260.0,7058237.5,7271337.5,7654918.0,7238219.5,8239367.0,7603342.5,6865275.0,6870700.0,6138835.5,0,
611,530.298054410002,3.0386398,,,,,,,,,,,9359911.0,8934976.0,6597290.0,7490615.0,4458152.0,2.1166596E7,1.858501E7,1.5758124E7,2.1955784E7,0,1.5274753E7,1.6634976E7,0,1.5783078E7,1.4739746E7,1.6171686E7,1.6483619E7,0,1.3623568E7,1.5588183E7,1.3585827E7,0,1.4115429E7,0,
612,560.3341147050678,3.08406,,,,,,,,,,,8903596.0,8709812.0,0,9193145.0,1.5407073E7,4.1311976E7,4.3975216E7,4.2355004E7,4.6744708E7,0,4.510758E7,4.715084E7,4.5174696E7,4.5498148E7,4.545041E7,4.0375884E7,3.7680356E7,3.7564376E7,4.095935E7,4.6374464E7,4.399153E7,4.312684E7,4.7161108E7,0,
613,231.170365439086,3.0835302,,,,,,,,,,,0,0,0,0,5.3827955E8,0,0,0,0,0,0,0,0,0,0,0,0,0,0,0,0,0,0,0,
614,232.1733810273994,3.0835302,,,,,,,,,,,0,0,0,0,6.564057E7,0,0,0,0,0,0,0,0,0,0,0,0,0,0,0,0,0,0,0,
615,1193.6634305135924,3.085922,,,,,,,,,,,1639059.4,1419941.1,1668711.2,0,5312091.0,1.1249934E7,1.1252129E7,9786127.0,1.1563667E7,9075684.0,1.245483E7,1.3369517E7,1.1453429E7,8263836.0,9199391.0,8794689.0,7592892.0,7323454.5,7683337.5,1.0294591E7,8254194.5,1.0619132E7,1.078916E7,0,
616,772.4094388452315,3.0903924,,,,,,,,,,,8331226.0,9103569.0,9117150.0,9919954.0,5923549.0,4738846.0,4366532.0,5376463.0,4733105.0,4470960.5,4582076.0,4719799.0,4269609.5,5539192.5,5556559.0,5060712.0,5201780.5,4629204.0,5551327.0,5531115.5,4390120.0,5182589.5,5274501.5,0,
617,558.3293474443883,3.0909884,,,,,,,,,,,1.3398511E8,1.3064795E8,1.5908683E8,1.3619562E8,2.2978485E8,6.329553E8,6.5779245E8,6.5560595E8,7.146496E8,5.7307814E8,6.461851E8,6.7394854E8,5.4542214E8,6.101422E8,6.122723E8,5.800016E8,5.898804E8,5.1949965E8,6.104296E8,6.8445696E8,5.737571E8,6.578259E8,6.665041E8,0,
618,636.3417679353374,3.0648916,,,,,,,,,,,4.482412E7,3.572485E7,2.8916624E7,3.5040216E7,1.0073433E8,7.229437E7,0,7.052682E7,7.094391E7,0,7.5767704E7,7.481437E7,7.334756E7,6.0954404E7,6.0447524E7,7.073359E7,5.7453052E7,5.529776E7,5.6219868E7,6.288345E7,6.7006216E7,0,6.4954956E7,0,
619,1115.6507100905721,3.0938373,,,,,,,,,,,2904737.2,2708743.2,4009349.8,3251748.5,6450540.0,5.026614E7,5.4181184E7,4.9874544E7,5.6810588E7,4.8521484E7,5.995111E7,6.2140056E7,5.798709E7,4.2974052E7,4.9971996E7,4.7629224E7,3.9768556E7,4.118949E7,4.401056E7,5.446234E7,4.1002436E7,5.1653696E7,5.2926096E7,0,
620,445.1931659674818,3.0946603,,,,,,,,,,,5.746194E7,6.4728216E7,6.054144E7,6.2496656E7,4.851774E7,4.455807E7,4.7608776E7,5.1260996E7,4.916744E7,4.469975E7,4.6103156E7,5.0544844E7,3.8410156E7,5.624356E7,5.454261E7,4.9215244E7,5.0615556E7,4.8002212E7,5.5812428E7,5.339497E7,4.584055E7,4.4285844E7,5.18505E7,0,
621,559.3315352110794,3.0891645,,,,,,,,,,,4.715011E7,4.3566172E7,5.533828E7,4.826146E7,7.670475E7,2.1624661E8,2.2520774E8,2.2321403E8,2.4277989E8,0,2.3714582E8,2.2464646E8,2.3421453E8,2.3419558E8,2.3488038E8,1.959891E8,2.2607082E8,1.7503174E8,2.1321861E8,2.3514494E8,2.2702256E8,2.1805914E8,2.4635373E8,0,
622,885.5453414413893,3.100514,,,,,,,,,,,2.431759E7,2.2247812E7,2.9007062E7,2.678177E7,1.6015365E7,6.102606E7,6.346433E7,6.350999E7,6.34225E7,5.781889E7,7.0102776E7,6.7290056E7,6.176424E7,7.017811E7,6.689834E7,6.3815868E7,5.644868E7,5.6347212E7,6.218589E7,7.028877E7,5.4083364E7,7.111461E7,6.6896036E7,0,
623,675.3565374583079,3.1031384,,,,,,,,,,,0,0,0,0,1.6368114E7,0,0,0,0,0,0,0,0,0,0,0,0,0,0,0,0,0,0,0,
624,446.1964453527599,3.1000113,,,,,,,,,,,1.367758E7,1.3516402E7,1.3231935E7,1.3419964E7,9744177.0,9963452.0,9696096.0,1.1124306E7,9893642.0,9992141.0,9557999.0,1.0324802E7,1.0137887E7,1.1797902E7,1.1766909E7,1.1469596E7,1.0099034E7,9865717.0,1.1518627E7,1.1188182E7,1.0365705E7,9537328.0,1.1811787E7,0,
625,917.517315923619,3.1274703,,,,,,,,,,,8530838.0,7519156.0,1.0617484E7,8315054.0,0,1.9547844E7,2.2909068E7,2.5027758E7,2.421058E7,2.264142E7,2.4433046E7,2.881715E7,2.079954E7,2.8714112E7,2.4591322E7,2.2419396E7,2.3398222E7,2.4251202E7,2.3286872E7,2.6059386E7,1.9521696E7,2.8263248E7,2.517843E7,0,
626,251.15030593003067,3.1390686,,,,,,,,,,,2.1832436E7,1.6873744E7,2.170278E7,1.985627E7,1.7627954E7,1.7349404E7,1.6326472E7,1.7024292E7,1.7579202E7,1.51219E7,1.7935988E7,2.1216314E7,1.4622639E7,2.0393698E7,1.438489E7,1.6701938E7,1.6725577E7,1.6713841E7,1.9215002E7,1.7211672E7,1.2833333E7,1.7879142E7,1.808884E7,0,
627,263.1425333514506,3.140882,,,,,,,,,,,0,0,0,0,7788764.0,0,0,0,0,0,0,0,0,0,0,0,0,0,0,0,0,0,0,0,
628,655.4393653330546,3.100136,,,,,,,,,,,2.8330138E7,2.660734E7,3.5062496E7,3.623189E7,3.696712E7,0,2.30583E7,3.1831058E7,0,0,0,2.6514626E7,0,0,0,0,0,2.1161408E7,0,2.5787322E7,2.5817086E7,1.8902272E7,3.0476932E7,0,
629,677.3662823423,3.153528,,,,,,,,,,,5249074.0,4176001.5,4810905.5,4696778.0,5191227.5,5973634.0,5665734.5,5846402.5,7458550.5,5991417.0,7596985.0,7385238.5,5690573.0,6981917.0,5680606.0,6139572.5,6487886.5,7088332.0,7019367.5,5922263.5,5654168.0,6726216.5,6089958.5,0,
630,687.4113949096342,3.160927,,,,,,,,,,,2.0394322E7,1.7009928E7,2.004043E7,1.7791548E7,0,6626858.5,8604224.0,7743759.0,7620558.5,8181607.0,8281798.0,8797787.0,6646323.0,1.0242339E7,9428504.0,9153652.0,1.016107E7,1.1953948E7,1.0599279E7,9066968.0,8398546.0,9750386.0,7764167.5,0,
631,328.22312722882083,3.1025224,,,,,,,,,,,2.7890467E8,2.196585E8,2.810876E8,2.7207866E8,1.978568E8,2.4536987E8,2.1147685E8,2.5528853E8,0,0,2.2859944E8,2.2747435E8,1.9116926E8,0,2.3066437E8,2.3252859E8,2.5234184E8,2.1787418E8,2.2185941E8,2.4641334E8,2.4507082E8,2.2556414E8,2.4020784E8,0,
632,360.1943541432435,3.1671832,,,,,,,,,,,1.529369E8,1.2479803E8,1.4809669E8,1.280286E8,0,1.0757842E8,1.2868127E8,1.0854076E8,1.27825864E8,1.1720555E8,1.31032056E8,1.4040354E8,1.1448731E8,1.466362E8,1.2172941E8,1.2550377E8,1.28921576E8,1.4939314E8,1.3640008E8,1.2718315E8,1.2260712E8,1.360529E8,1.246441E8,0,
633,361.19757030890935,3.1646242,,,,,,,,,,,3.2088948E7,2.4868962E7,0,2.5998794E7,2499404.5,1.924214E7,2.2390292E7,1.8909934E7,2.192581E7,2.3880658E7,2.3208998E7,2.3980092E7,1.9527226E7,2.5601126E7,2.179544E7,2.3154178E7,2.2874248E7,2.7500628E7,2.4131214E7,2.3076716E7,2.1670062E7,2.481654E7,2.1222062E7,0,
634,629.366172928671,3.1836157,,,,,,,,,,,1.6635697E7,1.4561445E7,1.9667766E7,1.7390888E7,1.8025252E7,2.1620964E7,2.3569628E7,1.218678E7,2.4608216E7,2.191285E7,1.8575938E7,1.9252246E7,1.9712012E7,2.1144118E7,2.0208212E7,2.0049256E7,2.307414E7,2.2821244E7,2.2010456E7,1.9224022E7,1.9796362E7,2.1448426E7,1.6147175E7,0,
635,850.4465653409716,3.1853127,,,,,,,,,,,1.0586101E7,9272535.0,1.2086622E7,1.0707496E7,1.277161E7,1.0116806E7,1.1348658E7,9442642.0,1.1626498E7,1.0534863E7,1.0204904E7,9476417.0,9828275.0,1.064307E7,1.1242081E7,1.0536737E7,1.0947867E7,1.2255917E7,1.0274778E7,1.067828E7,8891692.0,1.1117983E7,8902987.0,0,
636,604.3459178711628,3.189488,,,,,,,,,,,6169151.5,5303181.0,7259101.0,5788015.0,6075612.5,6447221.5,6978333.5,5948807.5,7140289.5,6254246.5,6221147.0,5786495.0,6107249.5,5836479.0,6321019.0,6198362.0,6731041.0,6760525.5,6009274.5,6604571.0,5636229.5,6942723.5,5597913.5,0,
637,414.2269327221156,3.1904755,,,,,,,,,,,0,0,0,0,8528642.0,0,0,0,0,0,0,0,0,0,0,0,0,0,0,0,0,0,0,0,
638,293.11323172802514,3.1937103,,,,,,,,,,,1.6123569E7,1.6926448E7,2.2264886E7,1.6808416E7,1.7364378E7,1.6247681E7,1.7300402E7,1.6550691E7,1.7368124E7,1.81026E7,1.6211107E7,1.5347099E7,1.701323E7,1.7069908E7,1.6822192E7,1.6374115E7,1.8181946E7,1.5794881E7,1.6206484E7,1.8293266E7,1.67407E7,1.6932742E7,1.6477598E7,0,
639,511.27998525633996,3.1991215,,,,,,,,,,,1.1142379E7,1.1484439E7,1.2469451E7,1.0365664E7,5825277.5,7257783.0,7766868.0,7908373.5,6247200.5,7102427.0,6346461.5,5391589.5,6753886.0,7395986.5,8930526.0,7843860.0,8650269.0,8049349.0,8318975.5,9481030.0,7816305.0,9978427.0,7211116.0,0,
640,543.2522649120766,3.2011976,,,,,,,,,,,6566468.0,6206627.0,7167480.5,5682979.5,0,4610775.0,5282824.5,5682361.5,4347838.0,4815417.5,4888856.0,3865899.8,4768327.0,4834346.5,5492801.5,5105928.0,5826091.5,5455002.0,5352873.0,6530234.0,5442074.5,6775903.5,4969264.5,0,
641,425.27599990230135,3.2035215,,,,,,,,,,,8563364.0,8254032.0,8065345.5,8312249.0,3805117.0,1.0309509E7,1.127523E7,1.0454052E7,9382150.0,1.087457E7,9792038.0,9153176.0,1.0378745E7,1.2936211E7,1.2460385E7,1.1644029E7,1.3147533E7,1.3206992E7,1.2156451E7,1.5543897E7,1.1601918E7,1.4324743E7,1.0268031E7,0,
642,184.06389668848442,3.203988,,,,,,,,,,,5.112444E7,4.739632E7,4.984642E7,4.5576096E7,7.917305E7,5.788628E7,5.322397E7,5.4253284E7,4.57941E7,4.8088896E7,4.7469804E7,4.2672596E7,5.0741824E7,4.9876924E7,5.1072812E7,4.751331E7,5.190507E7,4.95056E7,5.1342548E7,6.3059428E7,5.1419036E7,5.8186012E7,5.4286056E7,0,
643,371.1925286545974,3.219014,,,,,,,,,,,6842475.0,6795198.0,7253652.5,7694369.5,4821050.0,7886085.5,7533167.5,6430864.5,7219868.0,6874331.5,7453150.5,6939160.5,7259264.5,7538596.0,7392774.0,6095769.5,7070523.0,7105867.5,7174438.0,7858644.0,6398903.0,7052381.5,6814084.5,0,
644,318.18124808794903,3.229146,,,,,,,,,,,0,0,0,0,7639810.5,0,0,0,0,0,0,0,0,0,0,0,0,0,0,0,0,0,0,0,
645,358.16124693836844,3.2351224,,,,,,,,,,,3.7046132E7,3.0995216E7,3.716094E7,3.3263764E7,3.5511356E7,1.1265005E8,1.2145643E8,1.228129E8,1.1082612E8,1.0284049E8,9.262521E7,1.2691214E8,1.1243293E8,1.0725843E8,1.1583123E8,9.801787E7,9.7657064E7,1.0633638E8,1.0989455E8,1.2631003E8,1.1348242E8,1.0127918E8,1.11745496E8,0,
646,968.5827540764433,3.2358932,,,,,,,,,,,5125340.5,3702012.5,2063110.4,3316200.5,0,6589901.5,6719971.0,6295457.5,6621718.0,7026575.0,6218711.0,6921464.0,6064158.0,7770934.5,6274753.5,6946523.0,6959823.0,6531808.0,5529894.5,6798314.5,7051018.0,6653437.0,5684132.0,0,
647,814.4025454357401,3.2376297,,,,,,,,,,,8840560.0,6929232.0,5821072.0,7257963.0,0,2995999.2,3727910.5,3802272.2,2985382.5,3766108.0,3099639.0,3647686.5,3248817.0,4382754.5,4026072.5,3789300.0,4400614.0,4295745.5,4079924.2,4373460.0,4292089.5,3959110.5,3682154.8,0,
648,782.4302430005305,3.240565,,,,,,,,,,,1.3277792E7,1.2049301E7,9834407.0,1.3197164E7,3019485.0,5752054.5,6513404.5,6173426.5,5102852.5,6799551.0,5385667.5,5762946.5,5805316.0,7089525.5,7451249.0,6255268.5,7385899.5,7572678.0,7103097.0,7418555.0,7781089.0,6460016.5,6600141.5,0,
649,505.3024606180285,3.244629,,,,,,,,,,,2.7114352E7,2.08222E7,3.9117356E7,3.0546276E7,8.3899176E7,7.736559E7,7.647244E7,7.919745E7,7.150558E7,6.6703468E7,6.5951056E7,8.243055E7,7.325231E7,6.5878092E7,6.940985E7,6.166018E7,6.2564084E7,6.5927964E7,6.480907E7,7.729789E7,6.804836E7,6.292325E7,7.443099E7,0,
650,359.1646321111065,3.2383146,,,,,,,,,,,6645555.0,5450913.0,0,5560590.0,5698779.5,1.8064516E7,2.0112526E7,2.017786E7,1.8159706E7,1.6847178E7,1.5700427E7,2.1083868E7,1.851336E7,1.713349E7,1.9858868E7,1.720404E7,1.5811926E7,1.7725596E7,1.8715932E7,2.0973678E7,1.8583516E7,1.6536179E7,1.8648182E7,0,
651,715.3146248707735,3.237292,,,,,,,,,,,1439471.4,1159228.2,0,0,1437392.8,1.2199477E7,1.3127713E7,1.3050209E7,1.1665984E7,1.2110008E7,9365531.0,1.3815024E7,1.2676922E7,1.0693816E7,1.2093396E7,1.0314794E7,1.0016777E7,1.1493533E7,9848634.0,1.3033316E7,1.2197422E7,1.0981792E7,1.1538409E7,0,
652,812.366968518684,3.251705,,,,,,,,,,,2123680.5,1782394.6,1617548.1,2229204.2,1236871.6,6103710.5,6383578.0,6525614.5,6159799.0,6628476.0,4864409.0,6624917.0,6424556.0,6832018.5,7153940.0,6062529.5,6061931.5,6942498.0,5487908.0,6788799.5,7090964.5,6021444.5,6525083.0,0,
653,316.22314044466054,3.2575173,,,,,,,,,,,2445664.8,2696595.5,4010645.5,2850940.2,6274917.5,5998600.0,6128589.5,5942760.5,5667661.5,5342317.0,5464972.0,6324238.5,6559670.5,5370806.5,5385596.5,4633938.5,4799035.5,4767106.5,4907573.0,5951528.5,5927077.0,5250452.0,6170393.5,0,
654,491.23284072265255,3.2579348,,,,,,,,,,,4.173324E7,3.4181056E7,2.4131166E7,3.013486E7,3517203.0,2.7861792E7,2.9344276E7,2.8566888E7,2.6813024E7,2.701698E7,2.6173078E7,2.9030004E7,3.057171E7,3.0288662E7,3.1319782E7,2.679431E7,3.0978638E7,3.0105604E7,3.123396E7,3.3572092E7,2.977486E7,2.6419382E7,2.8933912E7,0,
655,455.2139702437443,3.2613018,,,,,,,,,,,1.15417624E8,1.165533E8,1.1610585E8,1.19868424E8,8.411625E7,8.728091E7,9.1824E7,9.201693E7,8.444856E7,8.276286E7,8.5182744E7,9.236411E7,1.0282241E8,9.6227464E7,9.920629E7,7.853084E7,9.5654584E7,9.254221E7,9.3796824E7,9.802217E7,9.680515E7,8.3638136E7,9.3153864E7,0,
656,429.19835587405845,3.2654665,,,,,,,,,,,1.7772678E7,1.774368E7,1.7886322E7,1.7435368E7,1.7122594E7,1.3253792E7,1.2796029E7,1.3249427E7,1.2593713E7,1.2093527E7,1.2668225E7,1.3555163E7,1.5309222E7,1.463566E7,1.3556848E7,1.1869286E7,1.4009383E7,1.3185746E7,1.4723169E7,1.3403448E7,1.4335952E7,1.2095276E7,1.3900841E7,0,
657,698.3875717766851,3.273826,,,,,,,,,,,9345628.0,1.0390086E7,1.136229E7,1.0644112E7,9652965.0,1.0038538E7,1.0251781E7,1.0071374E7,9565293.0,9580323.0,9496033.0,1.0298863E7,1.0509486E7,1.0468021E7,1.0374547E7,9559243.0,1.1513444E7,1.0232186E7,9761217.0,9604135.0,9831797.0,9195093.0,1.0699039E7,0,
658,498.32906723547325,3.2775683,,,,,,,,,,,5286782.0,6501679.5,8476134.0,6850394.5,7499385.5,7677862.0,8160718.0,7437453.0,7879800.5,6938342.0,7703268.0,8197741.5,8751445.0,7801311.0,7081671.0,6601966.5,8422344.0,6982352.0,7663508.0,7114007.5,7845037.0,6671571.5,8542051.0,0,
659,790.4141527707495,3.2815723,,,,,,,,,,,1.1367119E8,1.0218413E8,7.679672E7,9.6068856E7,8732453.0,1.9626368E7,2.378569E7,2.4191892E7,2.029757E7,2.4617788E7,2.1705444E7,2.3026326E7,2.262331E7,4.261132E7,4.2767864E7,4.3770336E7,4.594357E7,4.2457076E7,4.1425756E7,3.515216E7,2.875539E7,2.7050576E7,2.6550382E7,0,
660,461.1700820111388,3.2943237,,,,,,,,,,,3.0959862E7,3.2358296E7,3.6268456E7,2.6252948E7,2.8351008E7,2.656877E7,3.2893434E7,3.1393072E7,3.4991212E7,2.6706352E7,2.9895086E7,3.0240114E7,2.9337632E7,2.9804692E7,3.0554786E7,3.0029222E7,3.4739644E7,2.7266992E7,3.2596584E7,2.7923858E7,3.1246494E7,2.726362E7,3.244438E7,0,
661,510.3291157045511,3.306765,,,,,,,,,,,1.4042639E7,1.5248117E7,1.669493E7,1.2686349E7,1.548266E7,1.4261466E7,1.5281396E7,1.6954716E7,1.836043E7,1.5688764E7,1.4979842E7,1.4856035E7,1.5659704E7,1.6094171E7,1.4698373E7,1.6170471E7,1.662586E7,1.4428669E7,1.6455324E7,1.5782568E7,1.5065484E7,1.5287435E7,1.6381312E7,0,
662,160.1081363185557,3.3165395,,,,,,,,,,,2.4535436E7,2.7816912E7,2.7752102E7,2.532705E7,0,2.0968616E7,2.5119212E7,2.8730826E7,3.825951E7,3.900388E7,3.38108E7,3.699566E7,3.906247E7,2.5330904E7,2.2652392E7,2.273662E7,2.577481E7,2.5155668E7,2.3458532E7,1.3457796E7,1.9413906E7,1.9264416E7,2.189599E7,0,
663,251.15041994426622,3.3466723,,,,,,,,,,,2.7540147E8,3.1011638E8,3.290153E8,2.7813846E8,2.1849029E8,2.5558491E8,2.6598762E8,2.735874E8,2.6852115E8,2.6146066E8,2.9109725E8,2.6038254E8,2.4203466E8,2.9652666E8,2.8486198E8,2.889296E8,2.3844267E8,2.9615603E8,2.4512914E8,2.6441067E8,2.8409005E8,2.2928106E8,2.6079306E8,0,
664,429.1983124349079,3.2763789,,,,,,,,,,,1.2295755E7,1.7878318E7,1.8025084E7,0,1.8970738E7,1.2940633E7,1.3366854E7,1.5106864E7,1.2924068E7,1.3086601E7,9546576.0,1.4257672E7,1.5390395E7,1.6390496E7,1.5227387E7,1.2569422E7,0,1.4889293E7,1.4953263E7,1.2430953E7,1.6546291E7,1.2034499E7,1.4828626E7,0,
665,263.13918318541874,3.3478408,,,,,,,,,,,2.235362E7,1.5946393E7,1.1516784E7,1.263958E7,4.239866E7,0,1911159.8,2011419.4,0,2931645.8,1208647.6,1451696.0,1409578.8,7334475.0,6770560.0,7411809.5,6928897.5,7208994.0,6622415.5,4342496.5,2803475.8,2211216.2,1689637.1,0,
666,795.4257926081422,3.3552597,,,,,,,,,,,9268522.0,1.0605326E7,1.0338909E7,9719872.0,1.044511E7,3632251.5,4358264.0,5077522.0,2568082.0,4911261.5,3789959.8,3641013.5,3357489.8,6227131.5,5169316.0,5882016.0,5251085.0,5904687.5,6074302.5,5312128.0,5244712.0,4459539.5,4984341.0,0,
667,399.26062350006856,3.358207,,,,,,,,,,,3.178067E7,3.61704E7,5.5519044E7,3.8656524E7,3.660405E7,6.6669864E7,7.362029E7,7.071236E7,7.600475E7,7.417635E7,7.7105256E7,7.565447E7,6.3587616E7,7.05403E7,6.7016172E7,7.888655E7,6.829653E7,6.992215E7,6.744601E7,7.51178E7,7.5526184E7,7.0857576E7,6.5163412E7,0,
668,292.129400134279,3.3594089,,,,,,,,,,,1.8775876E7,1.9586392E7,2.2060174E7,1.874149E7,1.4579332E7,1.5671434E7,1.6175099E7,1.6042635E7,1.7512582E7,1.8090478E7,1.8487444E7,1.8449568E7,1.5692329E7,1.7777508E7,1.669641E7,2.0727864E7,1.8872958E7,1.6213898E7,1.7277848E7,1.8392136E7,1.9229974E7,1.765788E7,1.5978945E7,0,
669,780.4415462622374,3.3594244,,,,,,,,,,,1.2593547E7,1.3617181E7,1.3581231E7,1.3590451E7,7275640.5,8772299.0,1.0038013E7,1.0269604E7,1.0200848E7,1.0541037E7,8938554.0,9678227.0,8540479.0,9584129.0,8925078.0,1.0588021E7,8703101.0,9938319.0,1.0205028E7,1.0532568E7,1.1023414E7,9697036.0,8646350.0,0,
670,277.0855583885726,3.35982,,,,,,,,,,,9820463.0,9266216.0,1.0108291E7,9824184.0,7096972.0,7536099.0,7883925.0,8300313.0,8618758.0,9146133.0,9279559.0,8537072.0,7574552.5,8737133.0,8275901.0,9807021.0,8460413.0,7965227.5,9276788.0,8996192.0,9204492.0,8367422.5,8065331.5,0,
671,229.15483776575883,3.3598113,,,,,,,,,,,1.6540084E7,1.8369644E7,1.9416988E7,1.6653317E7,1.6729597E7,1.6689556E7,1.962137E7,1.923999E7,2.1308778E7,2.0483384E7,1.8424542E7,2.0583226E7,1.8474582E7,2.172066E7,1.8561272E7,2.2787754E7,1.855366E7,1.9343258E7,2.0475428E7,2.032634E7,2.1341562E7,1.8912288E7,1.712944E7,0,
672,928.5514768711685,3.3651116,,,,,,,,,,,8871178.0,9943701.0,1.0859535E7,9541333.0,6700200.5,1.1262308E7,1.2116574E7,1.2986846E7,1.298405E7,1.4604259E7,1.1176622E7,1.273208E7,1.1268812E7,1.5375801E7,1.3116117E7,1.3937859E7,1.102645E7,1.1056412E7,1.3690698E7,1.2650815E7,1.4668928E7,1.2751911E7,1.0093016E7,0,
673,635.3884310492589,3.3661942,,,,,,,,,,,0,0,1485657.9,0,9275387.0,6624867.5,6202582.0,6074853.5,9503373.0,6188761.5,5853658.0,8200988.0,7445644.0,4191087.0,3629779.8,4221835.5,4417276.5,4085173.2,4322664.0,5422471.0,5409989.5,5734348.5,6123388.5,0,
674,300.19203988225655,3.367506,,,,,,,,,,,1.5954794E7,1.4836079E7,1.3254017E7,1.633029E7,2462561.8,6076646.5,6886052.0,7531714.5,7484209.0,9194536.0,6218229.5,7895311.5,6846694.5,1.1560071E7,1.0036562E7,1.0611177E7,1.0396838E7,9173971.0,1.1157524E7,1.1132927E7,9407018.0,9437254.0,8127216.0,0,
675,889.48337867377,3.310598,,,,,,,,,,,1.0094973E7,7710899.5,0,6818217.0,8571469.0,8654044.0,6942628.5,7856004.5,6762206.5,6812603.0,0,5625457.5,7268139.0,0,0,8758520.0,0,6582020.5,7078607.5,0,8229307.0,7183366.5,6662312.0,0,
676,599.3779661314709,3.3716323,,,,,,,,,,,0,0,0,0,1.2901745E7,0,0,0,0,0,0,0,0,0,0,0,0,0,0,0,0,0,0,0,
677,783.498887257908,3.3750942,,,,,,,,,,,0,0,2343455.2,0,1.3317919E7,1.4207198E7,1.4607353E7,1.2380387E7,1.914921E7,1.2850948E7,1.5108964E7,1.814875E7,1.4774315E7,1.1871647E7,9070977.0,1.0697279E7,8963673.0,8588207.0,1.0691306E7,1.0495466E7,1.1007606E7,1.1715287E7,1.2793499E7,0,
678,418.14590839466075,3.3929207,,,,,,,,,,,0,6.077338E7,5.36878E7,5.809255E7,4.9121976E7,4.322363E7,4.6811148E7,4.088405E7,3.978674E7,4.6703516E7,4.30083E7,4.578437E7,4.263648E7,0,0,4.526847E7,4.779916E7,4.76821E7,4.467901E7,4.3134624E7,4.5061976E7,0,4.5035692E7,0,
679,215.13933126028368,3.3878465,,,,,,,,,,,7040731.5,9832135.0,7185980.0,1.036813E7,1.0885027E8,1.1136935E7,1.1808394E7,9066561.0,1.4060274E7,1.1059643E7,1.1105586E7,1.149132E7,1.0339225E7,1.4192403E7,1.3364659E7,1.3522476E7,1.3673299E7,1.2299679E7,1.4444795E7,1.0208004E7,9229129.0,9433681.0,1.0454928E7,0,
680,531.3005889023533,3.3944998,,,,,,,,,,,2.9667808E8,3.2264915E8,3.1073245E8,3.1426582E8,2.2645722E8,2.2967237E8,2.8350227E8,2.1608651E8,2.7947325E8,3.1888563E8,2.8745635E8,2.8992944E8,2.5465382E8,3.1850525E8,2.801951E8,3.280152E8,3.0978874E8,2.7082163E8,2.9426192E8,2.9634157E8,2.878998E8,3.228201E8,2.6550992E8,0,
681,1059.5893893055022,3.3935902,,,,,,,,,,,1.2062754E8,1.2756253E8,1.27011224E8,1.22071656E8,7.111661E7,6.969631E7,9.796701E7,7.372888E7,8.447701E7,8.812146E7,8.834775E7,1.0120121E8,7.2781176E7,1.01648456E8,8.970618E7,8.9737816E7,8.682467E7,7.951099E7,1.0077721E8,8.994385E7,1.0351967E8,1.00482024E8,7.933892E7,0,
682,530.2987924833611,3.3940794,,,,,,,,,,,9.245514E8,9.4936755E8,9.9099104E8,9.3508864E8,6.7925344E8,6.9494925E8,9.0621523E8,6.8772326E8,8.454636E8,8.8180525E8,7.7323066E8,8.954359E8,7.438004E8,9.6468864E8,8.946824E8,8.851045E8,8.8482746E8,7.634747E8,9.313597E8,8.6627206E8,8.882539E8,8.774594E8,8.1451354E8,0,
683,532.303188114862,3.395108,,,,,,,,,,,5.3450436E7,5.560065E7,5.560783E7,5.377912E7,3.8613056E7,4.303376E7,6.050408E7,4.157706E7,5.0942764E7,5.77745E7,5.0548332E7,5.119846E7,4.7019116E7,5.792298E7,5.1301816E7,5.904826E7,5.536189E7,0,6.0682376E7,5.292742E7,5.297358E7,6.042987E7,5.1037564E7,0,
684,947.4372575874522,3.3965287,,,,,,,,,,,1.107692E7,1.0953875E7,1.0588141E7,1.216134E7,7766977.0,4632837.0,6114639.5,5223203.5,5633895.5,5889865.0,5533970.5,5886411.5,5469133.0,8079171.5,6467490.5,7025892.0,6784612.0,6581902.0,8166073.5,7336206.5,6981859.5,7115339.0,5967313.0,0,
685,914.536575196681,3.4042757,,,,,,,,,,,8875401.0,4171447.5,3.519726E7,8816889.0,1.7877211E8,1.2339051E8,1.4629035E8,1.014071E8,1.6559786E8,1.1884758E8,1.2942679E8,1.5021912E8,1.2349967E8,9.8954824E7,9.214755E7,9.741176E7,9.97381E7,8.572064E7,9.807925E7,1.1924205E8,1.258933E8,1.3321037E8,1.1898393E8,0,
686,769.4836331682316,3.4069676,,,,,,,,,,,0,0,4435431.5,0,2.1379979E8,1.2045654E8,1.0979545E8,8.084617E7,1.544437E8,7.8864136E7,1.140371E8,1.1301746E8,1.0551472E8,5.2508436E7,4.4367356E7,5.0887704E7,5.361795E7,4.661458E7,4.4829256E7,7.651137E7,7.2427144E7,8.255E7,9.156154E7,0,
687,385.24515459644437,3.413036,,,,,,,,,,,2.6892994E7,1.9040024E7,9.887147E7,2.7408854E7,8.559426E8,6.1187296E8,5.769787E8,4.8716874E8,7.040449E8,4.6266678E8,5.723292E8,5.685518E8,5.341225E8,3.620185E8,3.40355E8,3.8011136E8,3.981945E8,3.6341795E8,3.3460166E8,4.8108544E8,4.308629E8,4.604587E8,5.1061894E8,0,
688,802.3844015991087,3.413201,,,,,,,,,,,0,0,2506182.0,0,1.8535784E7,9857726.0,1.0343033E7,8208344.5,1.188364E7,8036180.0,9766220.0,8497760.0,8850766.0,7798085.0,6594796.5,6928591.0,8232907.5,6985263.5,6561287.0,9591349.0,8482881.0,8700457.0,1.0528211E7,0,
689,419.14937218340714,3.398504,,,,,,,,,,,9167529.0,1.0424014E7,1.021977E7,1.0077318E7,8601744.0,7363490.0,8675361.0,8263334.0,8200532.5,8378804.0,8125155.5,6886110.5,7453747.0,0,8756955.0,8407478.0,9213772.0,8869743.0,7905301.0,7614308.5,8727180.0,8136487.5,8260074.5,0,
690,130.09784943786866,3.417233,,,,,,,,,,,0,0,0,0,2.0287448E7,0,0,0,0,0,0,0,0,0,0,0,1302339.6,0,0,0,0,0,0,0,
691,1069.6308830262901,3.4227884,,,,,,,,,,,0,0,0,0,0,1.8677366E7,1.995737E7,2.0258728E7,2.026519E7,2.0140732E7,1.9074546E7,2.089175E7,1.8831664E7,2.3717292E7,2.027795E7,2.1108954E7,2.4984932E7,2.334244E7,2.1012678E7,2.3002634E7,2.1967366E7,2.2212808E7,2.2743904E7,0,
692,514.3358359039792,3.4239705,,,,,,,,,,,0,0,0,0,4.3663384E7,0,0,0,0,0,0,0,0,0,0,0,1398643.2,1223357.6,0,0,0,0,0,0,
693,659.3887551077446,3.4221866,,,,,,,,,,,0,0,0,0,2.54636E7,0,0,0,0,0,0,0,0,1859134.9,1832681.0,2037499.6,2058495.4,1993804.2,0,0,0,0,0,0,
694,924.5780229867612,3.432864,,,,,,,,,,,0,0,0,0,0,2.982582E7,2.5994728E7,2.298688E7,3.1332534E7,2.4612512E7,2.683191E7,2.4954588E7,2.4491612E7,2.0578524E7,1.8542652E7,1.8267368E7,2.2023338E7,2.0530586E7,1.8324906E7,2.3234298E7,2.050466E7,2.2520924E7,3.0821418E7,0,
695,988.5517101177778,3.434851,,,,,,,,,,,1.3116192E7,1.242288E7,6183148.5,9812885.0,1646842.9,2716309.8,3604823.2,3630378.2,2995270.0,4056641.5,3116639.0,3030283.8,2499467.0,6052644.5,5068171.0,5040274.0,6279282.5,4919940.5,5340962.0,5718082.5,4329001.0,4603572.5,4090338.0,0,
696,265.15532191792227,3.436405,,,,,,,,,,,0,0,0,0,2.0423532E7,0,0,0,0,0,0,0,0,0,0,0,0,0,0,0,0,0,0,0,
697,622.3244078770667,3.4478433,,,,,,,,,,,1997363.8,1775199.5,0,1717343.8,0,2.351937E7,1.7983686E7,1.4561997E7,2.3640896E7,1.7791004E7,1.8176884E7,1.883675E7,1.7878408E7,1.4370018E7,1.414073E7,1.2038064E7,1.4064966E7,1.3735969E7,1.2023031E7,1.3461086E7,1.4771427E7,1.5710035E7,1.706191E7,0,
698,875.5252346983865,3.4475894,,,,,,,,,,,0,0,2623190.0,0,3.615957E7,2.540997E7,1.6724975E7,1.4227976E7,2.011676E7,1.7590524E7,1.9497376E7,1.9742868E7,1.7223326E7,1.2352573E7,1.1348919E7,1.0734501E7,1.1576858E7,1.0226018E7,1.0623857E7,1.1614521E7,1.3400347E7,1.4275307E7,1.9542706E7,0,
699,1020.578074014626,3.448346,,,,,,,,,,,7200668.0,7377470.0,1.1259109E7,7498373.0,1.6726058E7,1.7827778E7,1.3669368E7,1.2654734E7,1.4056908E7,1.5685866E7,1.6395313E7,1.5222365E7,1.3216905E7,1.6433152E7,1.4883106E7,1.4124881E7,1.3513251E7,1.2721785E7,1.303438E7,1.1843865E7,1.3954932E7,1.5840542E7,1.6133564E7,0,
700,940.5514749394722,3.448726,,,,,,,,,,,2.4962576E7,2.7421918E7,2.6018628E7,2.4173166E7,1.755696E7,2.0679634E7,1.5674324E7,1.6538623E7,1.483481E7,1.9434262E7,1.6791108E7,1.6665282E7,1.4956233E7,1.997509E7,1.8492188E7,1.6997974E7,1.911951E7,1.8411992E7,1.7700966E7,1.5611559E7,1.7678126E7,1.801905E7,1.934726E7,0,
701,795.4984708415485,3.4525223,,,,,,,,,,,4401431.0,3427411.8,9870365.0,3839760.2,6.5144836E7,5.3317748E7,3.2868378E7,3.1868628E7,3.9328932E7,3.6665696E7,3.761153E7,3.7285292E7,3.3647264E7,2.632061E7,2.461435E7,2.3556216E7,2.5408446E7,2.4786346E7,2.5394434E7,2.6927596E7,2.8998354E7,3.0957154E7,4.1688748E7,0,
702,418.14598338045835,3.442083,,,,,,,,,,,5.0372344E7,5.7774012E7,5.096903E7,5.9487224E7,5.1949584E7,4.146744E7,3.967698E7,4.1842732E7,4.357777E7,4.3414876E7,4.263891E7,3.831971E7,3.69744E7,4.842038E7,4.622733E7,4.8658556E7,5.0391324E7,4.7157896E7,4.2713844E7,4.6842344E7,4.203016E7,4.039932E7,4.5318708E7,0,
703,251.15042853256173,3.4649546,,,,,,,,,,,1.0467023E8,1.0373794E8,9.041561E7,1.0954321E8,7.36701E7,7.7814856E7,7.411605E7,7.566181E7,6.97534E7,7.387831E7,7.2485576E7,6.9324104E7,7.015768E7,7.594127E7,7.508428E7,6.7922136E7,6.5973028E7,7.494224E7,6.862932E7,6.7086732E7,7.402735E7,7.238231E7,7.170704E7,0,
704,491.28710841057944,3.4673877,,,,,,,,,,,9.197413E7,7.06919E7,1.1265761E8,8.043224E7,2.838015E8,2.6530269E8,2.3371106E8,2.0945112E8,1.9485525E8,2.1957178E8,2.1186864E8,2.0501294E8,2.1977022E8,1.9362219E8,2.0385256E8,1.8366803E8,1.717696E8,1.8257875E8,1.748881E8,1.6527291E8,1.8924792E8,2.0909518E8,2.2848197E8,0,
705,528.3406291336972,3.476321,,,,,,,,,,,6992209.0,6650509.5,5237496.0,6113572.5,5456800.0,6815178.0,6249433.5,6554215.0,5439669.5,6158589.5,5832529.0,5360361.5,6540749.0,5930323.5,6204928.5,6230801.5,5586381.0,6356212.0,5939712.5,5078889.0,5767882.5,6414037.0,6600016.0,0,
706,901.540298101662,3.4767454,,,,,,,,,,,4833837.0,3570782.2,8413653.0,4546257.5,1.5348929E7,1.3897914E7,1.129164E7,1.1122286E7,8971141.0,1.0631689E7,1.0275754E7,1.0894169E7,1.0808936E7,9428850.0,9500080.0,9288186.0,8359249.0,1.131447E7,9162825.0,9318835.0,9995843.0,1.135197E7,1.2087287E7,0,
707,541.3422621609895,3.4936106,,,,,,,,,,,1936198.9,1804981.0,2032746.8,0,0,1.07438424E8,1.0972191E8,1.032145E8,8.6273544E7,0,1.1452623E8,1.0045499E8,0,9.089153E7,1.0056414E8,1.0570711E8,1.0829064E8,1.0655631E8,9.9909464E7,1.03908344E8,9.2740664E7,9.827009E7,1.030729E8,0,
708,459.2607567243312,3.479128,,,,,,,,,,,1.001689E8,9.314299E7,4.34388E7,7.205543E7,1650534.2,2.9577718E7,3.568883E7,3.8148588E7,2.5775104E7,4.198547E7,2.8970684E7,2.8196706E7,3.3124338E7,4.964291E7,5.227098E7,5.248339E7,4.4208936E7,5.30161E7,4.9787736E7,4.5120948E7,4.5220076E7,5.061629E7,3.697306E7,0,
709,770.3576412602762,3.4837186,,,,,,,,,,,7616235.5,7165782.0,5984219.5,6743651.0,5166805.5,6226857.5,5420025.0,5810861.0,4149451.8,6240925.0,5233420.5,5401776.0,5433663.5,6158207.5,6396164.5,6236457.5,6091936.5,6882159.0,5430328.0,4975603.0,4920763.5,5251364.0,5574953.5,0,
710,213.12352186965575,3.4931595,,,,,,,,,,,2.3691462E7,1.9765588E7,2.3883186E7,2.168317E7,3.2821794E7,2.7837852E7,2.7017318E7,2.897901E7,2.5298298E7,2.9689662E7,2.7344646E7,2.5376044E7,3.1085384E7,2.4038312E7,2.5150588E7,2.745179E7,2.5233E7,2.5744148E7,2.6884746E7,2.3564492E7,2.6470376E7,2.8038726E7,2.8295344E7,0,
711,869.5150254844452,3.493215,,,,,,,,,,,9985113.0,9753359.0,6179733.0,7938705.0,0,3068705.8,3719362.2,4471565.5,2710137.8,4762970.0,2979518.0,3306533.2,3354548.8,5172553.5,5350970.0,5393244.5,4884521.0,5858894.0,4930294.0,5563867.0,5066650.0,4777509.0,3789808.8,0,
712,542.3447868255128,3.499991,,,,,,,,,,,0,0,0,0,0,2.070511E7,2.006236E7,1.9424308E7,1.5434544E7,1.9895986E7,2.0973102E7,1.7175814E7,0,1.6587564E7,1.858619E7,1.757084E7,1.7241298E7,2.0327702E7,1.8310072E7,1.8007932E7,1.9408546E7,1.8653382E7,1.8721958E7,0,
713,411.26056098410436,3.4976575,,,,,,,,,,,1.6996445E8,1.4079832E8,1.6936126E8,1.5892277E8,2.3790288E8,2.0053986E8,1.992512E8,2.119089E8,1.7522773E8,2.1503675E8,1.9578978E8,1.8400294E8,2.2073402E8,1.7446163E8,1.7960219E8,2.0246222E8,1.8211365E8,1.9057203E8,1.9521566E8,1.7089456E8,1.9256898E8,2.031719E8,2.0889894E8,0,
714,357.1770357888778,3.497705,,,,,,,,,,,8765816.0,7522373.5,6770497.5,8368396.0,6948624.5,8279510.5,8239110.5,8959674.0,7046049.5,9261749.0,7661196.5,7724569.0,8716778.0,7777199.0,7702201.5,8656871.0,7814071.0,8407262.0,8869623.0,7337285.0,8042780.5,8429390.0,8677084.0,0,
715,540.3396272612571,3.4985917,,,,,,,,,,,7005970.0,6171346.5,7068500.5,7167292.5,0,3.4642813E8,3.209987E8,3.3050394E8,2.6502669E8,3.4359875E8,3.1191776E8,2.841905E8,3.6623693E8,3.005456E8,3.1350822E8,3.1581286E8,3.070966E8,3.1868826E8,3.0637866E8,3.1038173E8,3.0112336E8,3.2220006E8,3.4755754E8,0,
716,821.5138987999636,3.5035539,,,,,,,,,,,1.9106704E7,1.906275E7,2.7119832E7,2.1536842E7,3.2685408E7,2.4020564E7,2.2403866E7,2.5566794E7,1.7644832E7,2.6266024E7,2.3792248E7,2.3031358E7,2.4392128E7,2.1973578E7,2.0956442E7,2.4017428E7,2.3485272E7,2.1710362E7,2.1450764E7,2.1050704E7,2.289663E7,2.092638E7,2.5888388E7,0,
717,950.5928091931515,3.5054119,,,,,,,,,,,0,0,0,0,0,2.2745994E7,2.1992608E7,2.408834E7,1.9098772E7,2.489908E7,2.245882E7,2.0950416E7,2.310533E7,2.211316E7,2.0999682E7,2.422683E7,2.3345206E7,2.147692E7,2.0367066E7,2.1141286E7,2.2193642E7,2.04684E7,2.4692952E7,0,
718,1079.6721551238948,3.507653,,,,,,,,,,,0,0,0,0,0,1.0238198E7,1.0055217E7,1.0631857E7,9501674.0,1.102147E7,9719261.0,9221165.0,9836428.0,1.0657315E7,1.0117464E7,1.137053E7,1.054367E7,1.0496867E7,9114879.0,9564209.0,1.0410852E7,9576583.0,1.1549358E7,0,
719,419.2318543995937,3.5100627,,,,,,,,,,,0,0,0,0,1.1807617E7,6646368.5,5581538.0,5547599.0,5133572.5,4991881.5,5651645.0,5715974.5,6793092.5,3233602.8,3136246.2,3358600.8,3259139.8,3309169.0,3482625.2,3623123.5,3969082.0,3672429.2,5623435.5,0,
720,399.26055761791076,3.4987237,,,,,,,,,,,1.4510992E7,1.5496091E7,1.6719997E7,1.8758554E7,1.972839E7,2.5367842E7,2.6751094E7,2.6666956E7,2.443007E7,0,2.8552084E7,2.751984E7,2.8270612E7,0,2.5432694E7,2.5159396E7,2.8467688E7,2.2729168E7,2.2443276E7,2.5165946E7,2.4402468E7,2.5931978E7,2.624485E7,0,
721,217.15478659935715,3.5141304,,,,,,,,,,,4446863.0,4566555.0,4148523.0,5094759.5,6.93394E7,4490328.0,5257418.0,5573346.5,4409797.5,5101724.0,5046617.0,5166130.0,5770841.5,4896112.5,4426506.0,4523709.0,5026300.0,4189940.2,4530334.0,4493379.5,4697571.0,4581199.5,5625271.5,0,
722,126.06634505903669,3.5212522,,,,,,,,,,,1.4778446E7,1.4770541E7,1.382252E7,1.5285049E7,1688609.9,2163769.0,2225396.5,2466621.8,2307144.8,2024483.2,2024083.8,1846720.5,2319860.5,3929437.8,3584649.0,4149391.8,4030357.0,4015412.0,4117542.0,2420331.5,2695057.2,2556057.8,2372346.2,0,
723,304.1655616823729,3.5476832,,,,,,,,,,,0,0,0,0,9359200.0,0,0,0,0,0,0,0,0,0,0,0,0,0,0,0,0,0,0,0,
724,302.2074785492663,3.5542464,,,,,,,,,,,1.4616644E7,1.6994492E7,2.0819538E7,1.814318E7,2.807048E7,2.2791304E7,2.5214492E7,2.5816284E7,2.5717284E7,2.5017376E7,2.1521464E7,2.7859788E7,2.3889072E7,2.4249688E7,2.163057E7,2.6560732E7,2.5925972E7,2.5610902E7,2.24953E7,2.3113366E7,2.1338158E7,2.1793764E7,2.2085282E7,0,
725,213.08713106638297,3.5608149,,,,,,,,,,,8575869.0,9535197.0,8859190.0,9655585.0,7519401.5,7284781.5,7572845.5,8650638.0,8920664.0,8852125.0,7380632.0,8151419.5,7998308.0,8474337.0,7433402.5,8186312.0,8799945.0,8728713.0,7752118.5,8490675.0,8215574.0,7886049.0,8082666.0,0,
726,230.1135757572946,3.5608845,,,,,,,,,,,1.336262E7,1.4955765E7,1.4168733E7,1.4443138E7,1.1987868E7,1.128139E7,1.174882E7,1.2539005E7,1.264709E7,1.3845815E7,1.1868286E7,1.3018619E7,1.298317E7,1.3779269E7,1.1607378E7,1.2667464E7,1.3249704E7,1.3284179E7,1.2089552E7,1.4365667E7,1.0987037E7,1.1100871E7,1.2221283E7,0,
727,431.2322988459671,3.5658832,,,,,,,,,,,4823224.0,5600299.0,9690021.0,6764218.5,1.8465906E7,1.6937004E7,1.7842372E7,1.9523772E7,2.2147644E7,1.9136634E7,1.9212768E7,2.0547784E7,1.7650516E7,1.5656913E7,1.4294355E7,1.6292584E7,1.755137E7,1.655149E7,1.5422262E7,1.660264E7,1.7838314E7,1.8621398E7,1.865218E7,0,
728,765.4874975974842,3.577308,,,,,,,,,,,5110739.0,5357232.5,6430917.0,6267865.0,6011601.0,1382762.8,0,1485661.5,0,1704712.4,1725941.8,1236108.9,0,2289186.2,2490972.5,2699159.2,2771145.2,2117083.2,2521970.8,1640796.1,1598623.6,0,1778058.9,0,
729,684.3725671178162,3.5832417,,,,,,,,,,,3619773.0,4336102.0,4483087.0,4577220.0,4365467.0,4794786.5,4328025.0,5115104.0,4296813.5,4384300.5,4775439.0,5044644.5,4911071.5,4631561.5,4863954.5,5095504.0,5511652.5,4408799.0,4353187.5,4752448.5,4420688.0,4838528.0,4602195.0,0,
730,1092.6673431896938,3.5840793,,,,,,,,,,,0,0,0,0,0,5010648.0,4232453.0,4283030.0,3790911.5,4292232.0,4436300.0,4314989.5,4561225.5,4443502.5,5752499.0,5068160.0,4896541.5,3856976.5,4577110.0,4464304.0,4311700.0,4400002.0,4140040.8,0,
731,524.3084529276689,3.587137,,,,,,,,,,,5445855.5,6438858.5,5934955.0,6950847.5,7438640.0,4561026.5,4587074.0,5297164.5,4983569.5,4874760.0,5173690.5,5728693.5,4911409.0,5017863.0,5239484.5,5457768.0,5603486.0,5091549.5,5444486.5,4759980.5,4761517.0,5342859.5,5243603.0,0,
732,601.3348408820895,3.5947258,,,,,,,,,,,2.7652318E7,3.3812216E7,3.317692E7,3.3321294E7,3.2606528E7,3.5860596E7,3.4805404E7,4.0727292E7,3.0634284E7,3.3794388E7,3.6962932E7,3.595486E7,3.692541E7,3.6644412E7,3.750824E7,3.580549E7,3.8482684E7,3.4848572E7,3.4164416E7,3.497278E7,3.5396764E7,3.5934652E7,3.4532884E7,0,
733,326.2073249807538,3.6013045,,,,,,,,,,,8503940.0,9300777.0,6758125.5,8504841.0,5042017.5,1.0044342E7,1.0730286E7,1.2209987E7,1.0538336E7,9939731.0,1.070415E7,1.231875E7,1.0641235E7,1.0649008E7,1.0267922E7,1.0586566E7,1.1777228E7,1.0094539E7,1.1132957E7,1.0800255E7,1.1000383E7,1.0660092E7,1.0481906E7,0,
734,560.3083346734949,3.6016064,,,,,,,,,,,3931894.8,4684443.5,4406523.5,4473702.0,4124350.2,4257947.0,4247626.5,4648289.5,3796371.5,4082597.5,4196300.5,4847331.0,4451940.0,4294541.0,4544193.0,4501321.5,4596095.0,4370811.5,4674192.0,4062258.2,4525988.5,3930542.2,4289149.5,0,
735,385.2446543191928,3.554469,,,,,,,,,,,2.0333542E7,2.1951618E7,2.0845504E7,2.1706456E7,1.1595285E8,7.821595E7,5.677832E7,0,0,6.29383E7,4.403229E7,6.288113E7,8.749698E7,5.863233E7,5.1657376E7,5.320363E7,6.064778E7,4.4057244E7,3.446246E7,5.5267588E7,3.7083536E7,3.7048196E7,4.2322012E7,0,
736,145.1334755779346,3.6160958,,,,,,,,,,,3229356.0,2323577.2,2319786.8,1831750.2,0,0,1162029.1,2023406.5,0,1647144.9,1672582.5,1624112.2,1460669.0,5312263.5,4661982.5,4795338.0,5448948.5,4462097.5,5488836.0,0,1685360.9,1340608.5,1076045.5,0,
737,659.376791734654,3.6190093,,,,,,,,,,,3562690.2,3875234.5,3753220.0,3612382.8,4517605.0,7185843.5,8122579.0,7011628.5,7241517.5,6297767.0,6293661.0,9432544.0,7054138.0,6623682.0,6820620.5,7054782.5,7297244.0,6446591.0,6744184.0,6421920.5,6925269.5,6431338.5,7308513.5,0,
738,553.3347992123851,3.6232748,,,,,,,,,,,1.9604837E8,2.4042795E8,1.8757872E8,1.9975702E8,1.7980226E8,1.9128069E8,2.2552931E8,1.9202086E8,1.7636155E8,1.8476811E8,1.6253512E8,2.4361776E8,1.7809245E8,1.88919E8,1.9525387E8,1.9699069E8,2.2217107E8,1.9006142E8,2.0906851E8,1.7201624E8,2.0953154E8,1.6701099E8,1.90144E8,0,
739,1105.6631035173293,3.6260028,,,,,,,,,,,3451432.5,3438610.8,3122443.2,3343019.0,2703706.8,2823476.0,3146411.5,2787566.8,2944094.8,2713673.2,2780584.8,3683870.5,2601934.0,2670997.8,3283482.5,3321518.8,3093145.0,3123217.8,2712858.2,2852773.2,3373671.5,2487252.8,2996188.2,0,
740,855.4980443998614,3.6272385,,,,,,,,,,,8146582.0,7801871.5,6170374.0,6454822.5,4201131.0,6.175655E7,7.241146E7,5.6177816E7,7.491269E7,5.764502E7,5.359404E7,8.639825E7,5.8496652E7,4.7399096E7,5.2806708E7,5.4246772E7,5.1376796E7,4.9917976E7,5.187037E7,5.9090856E7,6.4355E7,5.654013E7,5.622363E7,0,
741,871.4936301705023,3.6119113,,,,,,,,,,,0,2479590.5,3050957.2,2369013.5,5156588.5,3735681.5,4293895.0,3629801.0,4163784.2,3365471.5,3522211.8,4753816.0,3550241.0,3456347.2,4150632.2,0,3744555.5,3041305.5,3671573.8,0,3935082.0,3003011.5,3567239.0,0,
742,428.2524658869703,3.6302745,,,,,,,,,,,0,0,0,0,0,5422754.0,6263892.0,6001888.5,6106645.5,5994789.0,5646255.5,7241058.0,5073592.0,4983518.0,5085400.0,4352392.0,5381623.5,4739809.5,4940317.0,5051231.5,5817241.0,5726087.0,5048631.0,0,
743,554.3375336226322,3.625946,,,,,,,,,,,6.92624E7,7.402859E7,5.851315E7,6.6333764E7,5.401577E7,6.1148684E7,7.2184216E7,6.201024E7,0,5.9675548E7,4.879007E7,7.7293976E7,5.3102544E7,6.980372E7,6.3339916E7,6.8590376E7,6.697732E7,5.7166416E7,7.1336984E7,5.609837E7,6.3168788E7,5.4889268E7,6.0758696E7,0,
744,575.3160799854755,3.640373,,,,,,,,,,,3343010.8,4093571.0,3357262.8,3527709.2,2177030.0,2731027.0,2926921.8,2673042.8,2648862.0,2638353.0,2228613.5,3028300.2,2563173.8,2308114.0,2504211.8,2494134.5,2539963.5,2544548.0,2972200.0,2345818.2,2805131.5,2332032.2,2654546.5,0,
745,318.1811848997136,3.6446826,,,,,,,,,,,0,0,0,0,6053315.0,0,0,0,0,0,0,0,0,0,0,0,0,0,0,0,0,0,0,0,
746,344.1452285428693,3.6472383,,,,,,,,,,,5687122.5,6707918.0,5129537.0,5428535.5,6967706.5,4535895.5,5753138.5,4947960.0,4397187.5,4776450.0,4205134.5,5314139.5,4034463.2,4787869.0,4693088.5,4952479.5,5104481.0,4543135.0,5086367.0,4550956.0,5574780.5,4578806.5,4807729.5,0,
747,1013.5703500057678,3.6504257,,,,,,,,,,,0,0,1441308.6,0,7688197.0,6053046.0,5912138.0,5016626.5,5418055.0,4890635.5,4822181.0,5611876.0,5350926.5,3128487.2,4082648.8,3576464.2,4006758.8,3871211.8,4173146.8,4241489.5,5041100.5,4024058.8,4778074.5,0,
748,461.24297435234377,3.6535647,,,,,,,,,,,1.5278634E7,1.1396892E7,3.0719872E7,1.2022052E7,1.6488557E8,1.455379E8,1.4006106E8,1.21879224E8,1.382713E8,1.1975227E8,1.168448E8,1.5785045E8,1.2647298E8,9.386899E7,7.906455E7,8.935147E7,1.00151256E8,9.77158E7,1.0143743E8,9.38245E7,1.128227E8,9.891703E7,1.3307623E8,0,
749,921.4782115863918,3.655764,,,,,,,,,,,0,0,0,0,6522939.5,4148130.8,3562139.2,3014652.0,3912116.8,2430417.0,3084243.0,4187681.5,3699841.2,1519031.1,1813964.8,1647546.1,1813582.6,1600889.8,2171294.8,1858139.1,2597824.0,2362631.2,2845426.2,0,
750,387.18742085106607,3.6596494,,,,,,,,,,,4998122.5,5433980.0,4839278.0,4361274.5,6149381.0,4951816.5,5244137.5,4909820.0,4870345.0,5256506.0,4336063.0,5659928.0,4800971.0,5366526.5,4325088.0,5279273.0,5702026.0,5777091.5,6020640.5,4546080.5,5545281.5,4927423.0,5380375.5,0,
751,965.5667251585535,3.65986,,,,,,,,,,,1.2354962E7,1.5546079E7,1.5698585E7,1.4114438E7,2.1427514E7,0,0,0,0,0,0,0,0,0,0,0,0,0,0,0,0,0,0,0,
752,990.5300888845397,3.660497,,,,,,,,,,,2223403.8,2614566.2,2975875.8,2465905.2,5559470.0,4097683.0,4141005.8,3814759.8,3802761.2,3849710.0,3389129.5,4358084.0,3730808.5,3589893.8,3742159.8,3823310.5,3588378.5,4325853.5,3548018.0,3265425.0,3749854.5,3180058.8,3466291.2,0,
753,570.3496057502393,3.668295,,,,,,,,,,,1575134.5,2153879.0,1722443.4,0,0,4064682.5,4202825.0,3956175.8,4505086.0,4126633.2,3533588.0,5180440.0,3900839.8,4077657.0,3124817.0,3928774.8,4095798.8,3980990.5,4371166.0,3399391.8,3735110.0,3877515.8,4088889.2,0,
754,526.3241822381343,3.671919,,,,,,,,,,,1596012.5,1847479.5,1359398.0,1353679.4,0,5762910.5,6316306.5,6302066.0,7001345.0,6140733.0,4988002.0,7482294.0,5559589.0,6117463.0,5116081.5,6700576.0,6377018.0,6683162.0,6331814.5,5791736.0,6258037.0,6493482.0,6316027.5,0,
755,1041.5981409939948,3.6749957,,,,,,,,,,,3726744.0,4164588.8,3001946.2,3231200.5,1274569.8,4306986.0,4166458.5,4316478.5,4404573.5,4366579.0,4085292.5,4376148.0,3956043.8,4582862.5,4351898.0,5088547.0,4777920.5,5289361.5,4492985.5,4402587.0,4166168.0,4155921.2,4675218.5,0,
756,512.2355096855022,3.6762588,,,,,,,,,,,5690111.0,7264339.5,4979670.5,5244718.0,7707202.5,6073311.5,5295806.5,6845723.0,7446950.5,6271036.0,5672882.0,7658067.5,5220858.0,6772245.5,5610170.0,7218313.5,6527934.5,6946921.0,6171618.5,6044674.5,5379130.0,6843988.5,6061679.5,0,
757,429.2708245412224,3.6835055,,,,,,,,,,,1.1621278E7,1.432449E7,1.0148977E7,1.1044928E7,1.05895E7,1.5505687E7,1.5111882E7,1.7836492E7,1.8801756E7,1.5198395E7,1.5099164E7,1.8653134E7,1.3334693E7,1.563315E7,1.3521094E7,1.6525727E7,1.5733099E7,1.6254749E7,1.494989E7,1.5492889E7,1.4783522E7,1.751042E7,1.6914588E7,0,
758,442.26613098074967,3.688825,,,,,,,,,,,0,0,1848497.9,0,7272652.0,6754443.0,5331252.5,6676529.0,7425585.5,5062536.5,5725269.5,6512049.0,5200190.5,4599283.5,4005166.5,5391031.0,4776146.5,5036637.5,4146066.5,4939744.0,4563909.5,5753008.0,6267268.0,0,
759,473.2972827545899,3.6982203,,,,,,,,,,,1.0756364E7,1.1579787E7,1.4316033E7,1.2062351E7,1.7084348E7,1.744053E7,1.7084802E7,1.834037E7,1.847037E7,1.6999956E7,1.5844357E7,1.6206872E7,1.5973043E7,1.7745644E7,1.4030597E7,1.5645051E7,1.5587986E7,1.6276815E7,1.6209134E7,1.7236654E7,1.6621068E7,1.7552366E7,1.9972814E7,0,
760,383.22883396435196,3.7020774,,,,,,,,,,,1.2883686E7,1.0900281E7,7995822.0,9294991.0,5435699.5,6928414.5,7037730.0,8092752.0,7745140.0,8456926.0,5913723.0,6804526.0,6440789.5,1.0408846E7,8233393.5,9433805.0,8986636.0,9692469.0,8403347.0,9678841.0,8504976.0,8476178.0,8574868.0,0,
761,695.3546095061762,3.7099228,,,,,,,,,,,0,0,2822744.0,0,1.4906901E7,1.2213315E7,1.0746753E7,8287080.5,1.1630934E7,9918081.0,9165977.0,1.0142919E7,9870917.0,8557430.0,6651130.0,6794474.5,6751410.5,6422027.5,6774543.0,8147516.5,9151854.0,7729052.5,1.2171509E7,0,
762,787.4464631814884,3.7153082,,,,,,,,,,,6961498.5,5796090.0,7711214.0,7488049.5,6764698.0,6693381.0,7525756.0,6151360.0,7045739.0,7157056.5,5844736.0,6165863.5,6676612.0,8385742.0,6760123.0,6303072.5,6212954.5,5412546.0,7129964.0,6263155.5,7058286.0,5789227.0,8415027.0,0,
763,728.398301884333,3.7226622,,,,,,,,,,,6830895.5,6670089.5,6289305.0,6006321.5,6895814.5,7065987.5,6677316.0,6503543.5,7365778.0,6449052.0,6602420.0,6805993.5,6489325.0,7710524.0,6326905.5,6728155.0,6318912.0,6778052.5,7693033.5,6834229.0,6693127.5,6152717.5,9059940.0,0,
764,236.00882095281787,3.7378068,,,,,,,,,,,0,0,4678848.0,0,0,4324820.0,0,0,4374546.5,0,0,0,0,4099082.8,4534058.0,0,0,0,4285086.5,4234805.0,3801528.5,0,0,0,
765,652.4031840874726,3.7292557,,,,,,,,,,,3972146.2,3888280.8,3948165.2,3473175.0,4442708.0,4477742.5,4712409.0,4160895.8,5090150.5,4165333.0,4329701.5,4530056.0,4237510.5,5074759.0,3996133.5,4185175.8,4481903.5,4537257.5,4837446.5,4390017.0,4348772.5,4137593.2,5529539.5,0,
766,234.23392413296625,3.7378974,,,,,,,,,,,5107797.0,0,4559668.5,0,0,4062174.8,0,0,4222573.5,0,0,0,0,3907796.0,4441477.0,0,0,0,4094435.5,0,3799624.5,0,0,0,
767,137.0458142343623,3.7319133,,,,,,,,,,,0,0,0,0,1.1267891E7,0,0,0,0,0,0,0,0,0,0,0,0,0,0,0,0,0,0,0,
768,236.12148017685737,3.7395148,,,,,,,,,,,1.8846962E8,1.9671646E8,1.7977533E8,1.6350246E8,2.0045362E8,1.6571174E8,1.6484005E8,1.9312408E8,1.9158266E8,1.8296789E8,1.7029746E8,2.1442237E8,2.09733E8,1.6911738E8,1.723496E8,1.6586398E8,1.85174E8,1.6704822E8,1.7971696E8,1.7660074E8,1.9067288E8,1.8118013E8,1.6844234E8,0,
769,285.1344346119178,3.7374291,,,,,,,,,,,1.0853654E7,1.2764869E7,1.0706678E7,9138578.0,9368254.0,9242432.0,9185948.0,9738934.0,1.0862667E7,9636755.0,9442936.0,1.2147802E7,1.0676465E7,8927007.0,9678035.0,9435002.0,1.0432727E7,8891011.0,9354247.0,1.0566297E7,9941363.0,9856428.0,9954799.0,0,
770,235.1189092992938,3.7374418,,,,,,,,,,,1.6279255E9,1.6960375E9,1.5270915E9,1.4146742E9,1.4794616E9,1.3898203E9,1.4096924E9,1.4616221E9,1.6326554E9,1.5365878E9,1.4964419E9,1.7353929E9,1.5957096E9,1.3568367E9,1.4622214E9,1.349335E9,1.5054045E9,1.420194E9,1.5182803E9,1.478524E9,1.540485E9,1.4598972E9,1.4383291E9,0,
771,234.2325858788233,3.7407923,,,,,,,,,,,0,0,0,0,0,0,4855721.0,0,0,4467518.5,0,0,0,0,0,0,0,4418688.5,0,0,0,0,0,0,
772,236.01007206368968,3.736885,,,,,,,,,,,0,0,4678848.0,0,0,0,4861692.5,0,0,4499103.5,0,0,0,0,0,0,0,4513666.5,0,0,0,0,3000827.2,0,
773,234.22679191314884,3.7398953,,,,,,,,,,,5418519.5,0,1982715.0,0,0,0,0,0,4273811.0,0,0,3681134.8,0,4003623.8,3716629.0,0,0,0,3826944.0,3163005.5,0,4551220.5,0,0,
774,619.357024027758,3.7473655,,,,,,,,,,,2236418.2,1906343.1,2229017.8,2335076.8,6877108.0,4312239.0,3984024.2,3724077.5,5351893.5,3908756.8,4454316.5,4914897.5,4790886.5,3712703.2,3343787.5,3125427.0,3094663.2,3653651.2,3889321.2,3726723.0,3257408.2,3250614.8,3985434.0,0,
775,588.3043587582735,3.7605846,,,,,,,,,,,9915765.0,1.0223731E7,8421337.0,9730827.0,7739486.5,7539210.0,8748581.0,7748636.5,8865380.0,8894768.0,8456530.0,8594294.0,8913339.0,9275850.0,9200790.0,8233754.0,8340703.5,1.0296756E7,1.1030624E7,8327612.0,8462257.0,8056754.0,8025926.0,0,
776,667.3567184443125,3.762715,,,,,,,,,,,0,0,2418104.8,0,2.355397E7,1.5639861E7,1.4627697E7,1.4315198E7,1.786046E7,1.267214E7,1.6902638E7,1.6438894E7,1.6346176E7,1.0234769E7,8882846.0,8076718.0,8069857.5,1.0574033E7,1.2407042E7,1.1801595E7,1.2591744E7,1.134724E7,1.3812365E7,0,
777,332.217740797862,3.7677984,,,,,,,,,,,5159306.5,3274909.5,6804126.5,6556073.5,1.1301487E7,1.2547935E7,1.3134764E7,1.2471768E7,1.2700413E7,1.2577663E7,1.3254939E7,1.2364157E7,1.3876465E7,1.1241999E7,1.1536971E7,9925320.0,1.0039543E7,1.1772252E7,1.3491736E7,1.0859356E7,1.3776791E7,1.1770789E7,1.2413221E7,0,
778,433.24448135539114,3.7725623,,,,,,,,,,,2378212.0,0,5532893.0,1530411.6,5.090701E7,3.6503024E7,3.8555396E7,3.433704E7,3.959751E7,2.9398126E7,3.648274E7,3.101437E7,4.204887E7,2.290109E7,2.454573E7,2.2501868E7,2.2439734E7,2.5930266E7,2.7732572E7,3.0108766E7,3.0569242E7,2.9185482E7,3.7678252E7,0,
779,522.3038579252203,3.775737,,,,,,,,,,,4428424.0,3831145.0,4476989.0,3978119.8,4345656.5,3155359.2,4248202.0,4184748.8,3098632.8,3175033.0,3349313.5,2839384.8,4207036.0,3488604.0,3694990.0,3387138.2,3431474.0,3654292.2,4056933.8,4189871.2,4112511.2,4005961.5,4750535.5,0,
780,661.392161460115,3.7808363,,,,,,,,,,,0,0,0,0,6187587.0,0,1731618.4,0,0,0,0,0,0,0,1521636.9,1418497.4,1326239.6,0,1362744.8,0,1863793.8,1497148.2,1313725.5,0,
781,490.2738464858167,3.805226,,,,,,,,,,,4.890999E7,4.425643E7,4.051175E7,4.357168E7,1.3779265E7,6.4966624E7,6.237099E7,6.932059E7,6.2575828E7,6.0997664E7,5.82678E7,5.9685532E7,7.0915944E7,7.116645E7,6.837064E7,6.483233E7,6.428878E7,7.025901E7,6.947155E7,6.3784484E7,7.048778E7,6.0299508E7,6.3721696E7,0,
782,419.2288148959918,3.7888923,,,,,,,,,,,6322387.5,4529213.0,4964230.5,5749509.0,1212982.2,3325047.8,4856189.0,4854546.5,3422900.0,4038601.2,4196257.0,3793456.8,5138447.5,5400258.0,5990577.5,5350546.0,5655817.5,5140587.5,5343980.0,5461667.0,5817154.5,5391547.0,4501025.0,0,
783,772.4242008325571,3.7888217,,,,,,,,,,,6576398.5,5603063.5,6682300.5,6708238.0,7598006.0,6932934.0,8166875.0,7576943.0,6151400.0,6477431.0,7058698.5,6700041.5,8843641.0,8237288.5,8213460.5,7658568.0,7803635.0,8139789.0,8235079.5,7571757.0,8049175.5,7532940.5,7829676.5,0,
784,269.10662000464646,3.7941422,,,,,,,,,,,8468669.0,6918920.0,8005082.0,7824656.5,6383446.5,6157921.0,6758198.0,7281223.5,6457510.5,6412952.5,6910841.5,7140184.5,7079130.5,6340352.0,6863190.5,6643693.5,7289171.5,6252897.5,6655310.0,6889883.0,7677677.0,7493120.0,7005647.0,0,
785,588.3502336818142,3.7941978,,,,,,,,,,,1.1193152E7,8677254.0,9909246.0,1.06807E7,1.0397407E7,1.0247012E7,1.0810735E7,1.1305724E7,9552306.0,8867881.0,9356639.0,9996661.0,1.1503412E7,1.0931793E7,9833775.0,9407698.0,9940134.0,1.0483748E7,1.0445737E7,1.0383108E7,1.0852708E7,1.0879017E7,1.0273952E7,0,
786,328.15020514146056,3.795459,,,,,,,,,,,3990222.0,3232870.2,3612308.8,3537190.2,3004978.0,7369137.0,7717066.5,7871254.0,7773057.0,7175912.0,7754551.0,8328233.5,9323482.0,6709669.0,6858846.5,7010122.0,7244849.5,6362176.0,6915164.5,7762643.0,8829580.0,7794104.0,7781898.5,0,
787,751.4714901664152,3.795841,,,,,,,,,,,4178092.5,3443383.0,4159660.8,4312049.0,5515026.0,2814141.2,3444964.8,3451739.0,2021336.4,3032776.5,2923330.0,2753247.5,3485183.5,4526160.0,4386861.0,4066560.5,4037879.8,4085522.2,3862778.2,3827952.2,4344982.5,3456394.5,4073229.0,0,
788,288.191642278274,3.7966697,,,,,,,,,,,1.6244544E7,1.4202866E7,1.6039376E7,1.5243741E7,1.831074E7,1.4994716E7,1.6243393E7,1.6400968E7,1.4210781E7,1.369313E7,1.6225157E7,1.5066559E7,1.7364814E7,1.4560576E7,1.5769356E7,1.4293705E7,1.737044E7,1.5201544E7,1.4069948E7,1.5754888E7,1.7847186E7,1.615424E7,1.6702652E7,0,
789,263.13893984556654,3.799596,,,,,,,,,,,5.0653612E7,3.2110596E7,2.8262892E7,2.7607418E7,4.6861176E7,2.429801E7,2.522651E7,3.1557518E7,1.63875E7,1.5132716E7,1.6749207E7,1.3052598E7,2.3979484E7,2.7197022E7,2.6833208E7,2.5012262E7,2.90648E7,2.4927072E7,2.5699522E7,3.1163568E7,3.2171498E7,2.7907326E7,2.9421192E7,0,
790,231.0978232600799,3.8048308,,,,,,,,,,,2.6531938E7,2.551347E7,2.829617E7,2.7071128E7,2.6495214E7,2.299349E7,2.7935126E7,2.6331888E7,2.3472282E7,2.3498118E7,2.4573972E7,2.4261006E7,2.9070868E7,2.5780754E7,2.2245966E7,2.6911286E7,2.5348228E7,2.4427232E7,2.4392684E7,2.2585612E7,2.495534E7,2.4217618E7,2.215956E7,0,
791,489.2709878269161,3.806358,,,,,,,,,,,1.7330243E8,1.3693845E8,1.3501755E8,1.4527507E8,4.2839068E7,1.9186022E8,2.0284811E8,2.3061514E8,1.8174475E8,1.8893891E8,1.8654043E8,1.9670277E8,2.2449594E8,2.2316107E8,2.213796E8,2.1909803E8,2.21144E8,2.3173099E8,2.3734477E8,2.1236261E8,2.2923672E8,2.0906446E8,2.0626467E8,0,
792,229.15481336138086,3.8088412,,,,,,,,,,,1.2112502E8,8.172973E7,5.2021696E7,7.849112E7,1.2295705E8,3.1237716E7,3.5817676E7,4.5860316E7,2.4828618E7,3.2795016E7,1.5973661E7,1.457195E7,2.76639E7,6.2483744E7,6.2548092E7,6.5108864E7,6.4975676E7,6.3487196E7,6.3776052E7,5.1527184E7,5.4147708E7,4.3919628E7,3.7281696E7,0,
793,977.5306367659753,3.8124986,,,,,,,,,,,3490446.2,3036835.2,0,2897177.5,0,5523870.0,5713215.0,6473337.0,4563052.5,5218297.0,5478330.0,5753136.0,5345299.0,7152652.5,5945921.0,6120358.0,7458369.0,6303853.0,6333023.0,6428843.5,6226588.0,6388194.0,5282522.0,0,
794,286.1760082697954,3.8186858,,,,,,,,,,,7420009.0,7016410.5,6166570.5,7831012.5,7334801.5,7731943.5,6381477.5,8911246.0,7102688.5,6841810.0,6419219.5,7621602.0,7822017.0,7734384.5,6331549.5,8236923.0,7989929.0,8152279.5,8198795.5,7588343.5,8623519.0,7275764.5,6803546.5,0,
795,241.08166377902842,3.8195002,,,,,,,,,,,6246557.0,5698097.5,5071529.5,6465960.0,4924371.5,5942698.0,5164079.0,6427355.5,5401656.0,5362598.5,5002793.0,6001658.0,6502658.0,5749285.5,5105576.5,5584998.0,5651575.5,6445952.0,6081417.0,5902153.0,6413371.0,5918619.5,5425863.5,0,
796,258.10848569081173,3.8199337,,,,,,,,,,,1.075734E7,9416400.0,7989735.0,9993352.0,7727856.0,9554786.0,8593616.0,1.049152E7,9768446.0,8813936.0,8326193.5,9250601.0,1.030697E7,9463357.0,8105846.5,9863791.0,8882900.0,1.0419868E7,9566150.0,8686538.0,9758697.0,9034274.0,8958480.0,0,
797,359.22880659819583,3.8264205,,,,,,,,,,,8818420.0,8277171.0,8467425.0,8937563.0,8075861.0,1.0069182E7,7418112.0,1.160895E7,8211102.0,8121804.5,8146071.5,9611919.0,1.0735498E7,1.0013774E7,8634237.0,1.0789439E7,1.0358889E7,1.1025889E7,1.0810755E7,9014288.0,1.0546337E7,9272015.0,9545009.0,0,
798,295.16517325862844,3.82835,,,,,,,,,,,0,0,0,0,2.7024892E7,0,0,0,0,0,0,0,0,0,0,0,0,0,0,0,0,0,0,0,
799,838.4459989953122,3.832105,,,,,,,,,,,3.9487596E7,4.4584896E7,4.0971684E7,3.870572E7,3.6068996E7,4.2862524E7,4.0668028E7,5.335278E7,4.0709016E7,3.9866984E7,4.5983016E7,4.2747024E7,4.5346104E7,4.6179028E7,4.6220896E7,4.7581036E7,5.4855884E7,5.1511012E7,4.828368E7,4.410918E7,4.69004E7,4.723378E7,4.090744E7,0,
800,394.2085891055497,3.8329306,,,,,,,,,,,6662345.5,6435322.0,6570139.5,6719504.0,5423293.0,7097174.5,5289069.0,8697621.0,6756040.5,6382958.5,6753289.0,6737722.0,7949645.5,6298650.5,6048539.5,7429132.5,7340871.0,7909956.0,7027287.5,6483941.5,7656517.0,7365670.0,7274056.0,0,
801,397.24458628715644,3.8432364,,,,,,,,,,,4252639.0,4880241.0,4948744.0,4140170.0,5456236.5,5617240.0,5747447.0,7266883.5,5827341.0,5976647.5,6038061.0,6043442.0,7030758.5,4987854.5,5463144.0,6145939.5,5815601.0,6614615.5,5383491.5,6125354.0,5678061.0,5973471.5,5621090.5,0,
802,753.3781580584052,3.8497763,,,,,,,,,,,1.889372E7,2.4916038E7,2.278279E7,1.8666064E7,1.5538709E7,1.8148942E7,2.0313146E7,2.7484736E7,2.2162698E7,2.362029E7,2.4897068E7,2.2960934E7,2.1521488E7,1.8605424E7,2.6441888E7,2.8552572E7,2.4857938E7,2.5790168E7,2.1490858E7,2.490635E7,2.0769106E7,2.439645E7,2.2838258E7,0,
803,645.361285250406,3.849884,,,,,,,,,,,3196756.0,4190590.2,4486824.0,3477236.0,5960223.5,6334206.5,6957293.0,8237198.5,6590707.0,6719522.5,7363512.5,6888055.0,7264968.5,5265725.5,6835149.0,7296809.5,6852365.5,7481294.0,6090297.5,6912320.5,6271392.5,6972600.5,6706511.5,0,
804,336.191581990315,3.8572145,,,,,,,,,,,4343113.5,5064387.0,5165193.5,4772347.5,5717865.5,5585993.5,5919490.5,7611415.0,6179904.0,6747438.5,7083858.0,6945082.0,7132617.0,5285680.0,6137540.5,7061413.0,6423311.5,5936553.0,5824316.5,7372917.5,6028045.5,6907916.5,6559260.5,0,
805,687.3829064572135,3.869495,,,,,,,,,,,6395589.0,7110078.5,6206590.0,6578903.5,7533977.0,7541353.5,9071321.0,9385270.0,8469499.0,8080538.0,8236092.0,7932730.0,7954699.0,7379150.5,8461952.0,9224574.0,9448873.0,7611795.0,7552348.5,9282162.0,8432185.0,8538251.0,7951033.0,0,
806,332.21782807469674,3.8715684,,,,,,,,,,,7929437.5,8010924.0,8697504.0,9510219.0,1.156913E7,1.221436E7,1.4151314E7,1.2653539E7,1.2762479E7,1.2456679E7,1.1897703E7,1.2409014E7,1.3485512E7,1.0608419E7,1.1250594E7,1.1784894E7,1.3205705E7,1.1223573E7,1.0954233E7,1.3527568E7,1.2255503E7,1.2812082E7,1.2424452E7,0,
807,463.2546743479359,3.8702683,,,,,,,,,,,6247006.5,5474532.0,4797396.5,5223351.5,4555977.0,7195962.5,9031382.0,8583165.0,7651089.5,7572790.5,8035624.5,7383300.0,8209035.0,7138912.0,7206217.0,8083685.5,7940980.5,7645436.5,6786264.0,8592068.0,7648310.0,7943575.5,7458754.0,0,
808,126.06632014937799,3.87397,,,,,,,,,,,1.3262271E8,1.1817608E8,1.09907624E8,1.2716368E8,0,1.2017139E7,1.4428269E7,1.2545412E7,1.0572485E7,1.0394349E7,9893829.0,7958833.0,1.2673514E7,3.4485452E7,3.6088784E7,3.5400468E7,3.9291164E7,3.7751252E7,3.70409E7,1.671072E7,1.3637814E7,1.6139489E7,1.3799704E7,0,
809,242.11341324046018,3.8743744,,,,,,,,,,,3.1244776E7,2.6744964E7,2.7661648E7,3.2607314E7,0,3287799.2,3609727.2,3240434.2,2684999.5,2548293.2,2553030.5,2030877.1,3373944.2,9431151.0,9613137.0,8425794.0,9778208.0,8809048.0,8830040.0,3592361.8,3428696.5,3986935.0,3412221.2,0,
810,127.0696153345062,3.8775659,,,,,,,,,,,7744576.5,7227702.5,6016383.0,7130260.0,0,0,0,0,0,0,0,0,0,1920761.9,2277035.0,2145786.5,2358277.2,1962454.2,2122264.8,0,0,0,0,0,
811,209.05576481466125,3.8912704,,,,,,,,,,,8157188.5,7905895.5,7001630.5,7242659.5,6778641.5,6929734.5,7806121.5,6817036.5,6731754.0,6874317.5,7739868.5,7489592.5,6671407.0,7599496.0,6758176.5,6352817.0,6835277.5,6551268.0,6113234.0,8690252.0,6524464.0,6964346.0,7148916.0,0,
812,587.3193421306661,3.8917153,,,,,,,,,,,3.9001284E7,3.5871396E7,2.9473422E7,3.397919E7,3.3342366E7,3.2701626E7,4.1345616E7,3.361136E7,3.580082E7,3.3587084E7,3.6240788E7,3.1187284E7,3.4550384E7,3.5735096E7,3.049166E7,3.740374E7,3.84784E7,3.3121478E7,3.207648E7,3.6580548E7,3.3733984E7,3.6168516E7,3.1706126E7,0,
813,300.19170114711306,3.8921068,,,,,,,,,,,1.2297521E7,1.0883318E7,8310016.5,9829554.0,8505907.0,1.7459E7,2.111694E7,1.7492978E7,1.8688948E7,1.6776703E7,1.9288118E7,1.7943016E7,1.8935184E7,1.770568E7,1.5798389E7,1.852467E7,1.7382292E7,1.810885E7,1.7179494E7,1.8212608E7,1.678841E7,1.8919414E7,1.7674888E7,0,
814,244.092743021393,3.8929105,,,,,,,,,,,1.7549042E7,1.6070417E7,1.5260749E7,1.5897634E7,1.5524939E7,1.448625E7,1.7687376E7,1.4535424E7,1.4528573E7,1.5095663E7,1.5081446E7,1.5721559E7,1.7181376E7,1.5801779E7,1.3567237E7,1.5457548E7,1.4340236E7,1.5986017E7,1.3467268E7,1.5610747E7,1.3879873E7,1.4770659E7,1.6394976E7,0,
815,320.1637429538379,3.8960752,,,,,,,,,,,0,0,0,0,1.4875545E7,8689242.0,8317203.5,6580483.0,8638022.0,5991066.5,8624403.0,7932656.0,8433981.0,4213129.5,3267873.2,4730065.5,3900768.8,3919292.8,3736431.8,5867397.5,4339722.5,5811031.0,6984717.5,0,
816,708.429634740901,3.896565,,,,,,,,,,,2.3103044E7,2.1152904E7,1.5656649E7,1.8782436E7,1.3090426E7,3.7333216E7,4.5055036E7,4.1049092E7,4.130503E7,3.9464812E7,4.114601E7,3.660689E7,4.075033E7,3.5121016E7,3.4023976E7,3.6883596E7,3.61352E7,3.6037936E7,3.5645504E7,4.0445652E7,3.837273E7,3.983918E7,3.70837E7,0,
817,597.2881479905124,3.8969517,,,,,,,,,,,5.565105E7,4.8449844E7,4.4829476E7,4.8168576E7,4.3260092E7,4.5407692E7,5.0758252E7,4.725091E7,4.6042896E7,4.816751E7,5.171667E7,4.7607364E7,4.469549E7,5.014521E7,4.6092244E7,5.5593356E7,4.9146084E7,4.7227572E7,4.5152E7,5.056442E7,4.0498364E7,4.8320588E7,4.4281064E7,0,
818,501.21925270972474,3.9070275,,,,,,,,,,,2.1157382E7,1.5740938E7,1.2501872E7,5.6407024E7,7.3424824E7,1.1921735E7,1.4842324E7,1.3583239E7,1.0269474E7,1.1871355E7,1.1020251E7,8933803.0,1.368237E7,1.0180345E7,1.1353152E7,1.2593378E7,1.3878649E7,1.4817721E7,1.4483717E7,1.5413617E7,1.334792E7,1.2768273E7,6.8536264E7,0,
819,293.1606142990037,3.907045,,,,,,,,,,,8925990.0,7391430.5,7200853.0,7898921.5,7392481.5,7806177.0,8744551.0,8047236.5,7518775.0,8096778.5,8631285.0,8044141.5,8288763.0,7733857.5,7410660.0,8634879.0,6930683.5,8642069.0,8521619.0,8061580.5,6994448.0,7769210.0,8315409.0,0,
820,741.3937288811397,3.9236584,,,,,,,,,,,9456394.0,7886812.5,7549009.0,0,3737428.0,0,3.0965426E7,2.8236096E7,3.8637612E7,0,3.1951896E7,0,3.5187828E7,2.5945662E7,0,2.7158254E7,2.5661732E7,0,2.6481702E7,2.6514156E7,2.6127558E7,3.2267058E7,3.0083518E7,0,
821,588.302819778113,3.9228523,,,,,,,,,,,9.680851E7,7.6288216E7,6.777837E7,8.61648E7,9987318.0,3.1048704E7,3.1537354E7,3.5021496E7,2.7475062E7,3.9173108E7,3.0298948E7,2.7046428E7,3.4359324E7,4.5682836E7,4.982812E7,5.0933868E7,4.865769E7,5.379158E7,5.6692404E7,4.4971348E7,4.3050948E7,3.472355E7,3.6635924E7,0,
822,589.305674150482,3.922311,,,,,,,,,,,3.463314E7,0,2.5308228E7,0,3962206.2,1.1139621E7,1.0884864E7,1.2519786E7,1.0133351E7,1.3977728E7,1.1534269E7,9640959.0,1.2872209E7,1.7670708E7,2.0160346E7,1.8332458E7,1.5742395E7,0,1.8990764E7,0,1.5089816E7,1.359317E7,1.250149E7,0,
823,648.2729443970602,3.9313643,,,,,,,,,,,1.5447993E7,1.2691556E7,1.5429242E7,1.4333168E7,1.6404767E7,9329188.0,8750951.0,9671532.0,8353320.5,9678848.0,9004273.0,7939085.5,1.0360731E7,1.0385391E7,1.1710043E7,9967539.0,1.0013232E7,1.0889244E7,1.1447711E7,7759440.0,1.0357099E7,8297457.5,9969990.0,0,
824,270.1924421239614,3.9376569,,,,,,,,,,,1.5711416E7,1.3741852E7,1.5989109E7,1.4522763E7,1.5167018E7,1.643258E7,1.5218366E7,1.6062691E7,1.5771549E7,1.5706336E7,1.5377482E7,1.4607857E7,1.6215606E7,1.4505865E7,1.3665625E7,1.4884141E7,1.4465958E7,1.5455753E7,1.5310938E7,1.4246786E7,1.6366232E7,1.5407427E7,1.5161718E7,0,
825,288.19175496519074,3.9469407,,,,,,,,,,,3.0949517E8,3.167511E8,4.0248803E8,3.1892163E8,3.5168976E8,4.129611E8,4.119542E8,3.9855744E8,4.1141846E8,3.725676E8,3.6116077E8,3.4410883E8,3.7750454E8,3.610321E8,3.8801773E8,3.3014858E8,3.5885728E8,3.720136E8,3.3954582E8,3.647779E8,4.062501E8,3.9455702E8,3.564006E8,0,
826,575.3767608952978,3.9477775,,,,,,,,,,,5.402182E7,5.6916764E7,8.186046E7,5.437593E7,6.497737E7,8.799691E7,8.321272E7,7.985704E7,8.443781E7,7.76683E7,7.093325E7,6.297892E7,7.520751E7,6.5128164E7,7.170732E7,5.597567E7,6.3558084E7,7.326798E7,6.418301E7,7.0756984E7,8.321091E7,8.194333E7,6.9366136E7,0,
827,1045.5933024044357,3.950637,,,,,,,,,,,1.1959504E7,1.1706702E7,1.708317E7,1.1315797E7,1.6297149E7,2.0698976E7,1.821981E7,1.6967164E7,1.817074E7,1.7913196E7,1.793191E7,1.446408E7,1.5498228E7,1.8032022E7,1.9525794E7,1.5059344E7,1.4259045E7,1.8393534E7,1.765145E7,1.4940842E7,1.786323E7,1.9349274E7,1.5596082E7,0,
828,758.4088574542466,3.9570966,,,,,,,,,,,3.088953E8,3.1645565E8,4.223456E8,2.865388E8,3.6564947E8,4.1756966E8,3.9205875E8,3.9817622E8,3.8115347E8,3.9233354E8,3.769238E8,3.349055E8,4.256505E8,4.1833296E8,4.439011E8,3.7067114E8,3.4759955E8,3.8819114E8,3.8083306E8,3.3739952E8,3.9035526E8,4.1376192E8,4.243731E8,0,
829,379.7078714428612,3.9586596,,,,,,,,,,,1.6977266E7,1.6891252E7,2.1361454E7,1.6005926E7,1.8835176E7,2.145421E7,2.1602892E7,2.1562734E7,2.0657172E7,1.9294496E7,1.8950154E7,1.844025E7,1.967977E7,2.2510108E7,2.4066384E7,2.0926798E7,2.3554096E7,2.1995938E7,1.9585366E7,1.904183E7,1.87882E7,2.0993398E7,2.1547582E7,0,
830,812.4520203808056,3.9643366,,,,,,,,,,,1.1977973E7,1.1126698E7,1.4922778E7,1.0180907E7,2.119627E7,1.5655299E7,1.3276602E7,1.5154837E7,1.2604089E7,1.2607248E7,1.3010737E7,1.2761987E7,1.6297796E7,1.3585709E7,1.4541551E7,1.3110488E7,1.1151687E7,1.3369513E7,1.3727618E7,1.3457604E7,1.2652043E7,1.4568453E7,1.6676108E7,0,
831,1124.6352178250092,3.9667568,,,,,,,,,,,5.3397136E7,6.4838588E7,9.342621E7,6.472012E7,1.0723273E8,9972148.0,9865450.0,1.5602847E7,3173641.0,1.6304334E7,1.3199515E7,1.0002181E7,1.2651187E7,3.0907012E7,3.0722766E7,2.6018072E7,2.6834788E7,2.7058808E7,2.839983E7,1.4390368E7,1.6185387E7,1.2640774E7,2.0119112E7,0,
832,563.3230866168406,3.9768412,,,,,,,,,,,1.4944923E7,1.7164344E7,2.4412714E7,1.6076479E7,2.8098326E7,3509499.2,3204418.8,3902426.5,1127052.2,4031194.2,3877397.0,2600054.2,2982504.0,7675957.0,7892352.5,7114272.0,7652931.5,7830612.0,7412677.0,3595102.8,4129734.5,3518012.5,5205804.0,0,
833,562.821528578389,3.9736593,,,,,,,,,,,2.1850712E7,2.4773718E7,3.5258504E7,2.5486144E7,3.9916684E7,3826922.8,4150540.0,6285985.0,1480593.0,5824896.0,5650317.0,3455508.0,3903248.5,1.2360675E7,1.1888276E7,1.1037399E7,1.0997755E7,1.050739E7,1.0016045E7,5174570.0,5823941.0,4580114.5,7063653.5,0,
834,765.4867399110635,3.9800625,,,,,,,,,,,8539064.0,7849810.0,1.2339061E7,8461734.0,1.4172043E7,1.5721906E7,1.3979954E7,1.3377891E7,1.2441161E7,1.293939E7,1.4484711E7,1.2930573E7,1.710354E7,1.3606669E7,1.4357562E7,1.3100505E7,1.4615634E7,1.3695905E7,1.2742763E7,1.3053192E7,1.2786891E7,1.3670348E7,1.6419413E7,0,
835,788.4033948539936,3.9816346,,,,,,,,,,,5949972.5,5308694.0,8302641.0,5745355.5,1.2294783E7,8406280.0,6917124.0,6726820.5,6377398.5,4515495.0,6015953.5,6305575.5,8595688.0,5815312.0,5687670.5,5818577.0,5151990.0,7256981.5,6259612.5,6444016.0,6990479.5,6691826.0,8643866.0,0,
836,385.24450539138326,3.9821322,,,,,,,,,,,3.672302E7,3.3511138E7,3.928994E7,2.8724554E7,4.4480004E7,5.073645E7,4.6284308E7,4.233127E7,4.8998724E7,3.9279476E7,4.408439E7,4.072398E7,4.6527428E7,3.974266E7,4.2232496E7,3.87545E7,3.9144304E7,3.962461E7,3.890852E7,3.8824624E7,4.227163E7,4.5810868E7,4.388492E7,0,
837,286.1763768743971,3.9877813,,,,,,,,,,,2.8534708E7,2.3937798E7,2.466735E7,2.5078334E7,5670212.5,1.2512606E7,1.2981537E7,1.3007756E7,1.261048E7,1.3539596E7,1.1400641E7,1.1093524E7,1.2065706E7,1.7572428E7,1.7457366E7,1.6737411E7,1.6442575E7,1.7291232E7,1.682513E7,1.5258136E7,1.3408724E7,1.4150981E7,1.2900689E7,0,
838,455.1886444962781,3.9912953,,,,,,,,,,,2.0617144E7,1.0251317E7,8128151.5,8733112.0,0,0,0,0,0,0,0,0,0,0,0,0,0,0,0,0,0,0,0,0,
839,491.2504314344753,3.9904697,,,,,,,,,,,2041576.6,1670189.8,1582950.1,0,0,9845178.0,9318658.0,8199536.5,1.2350269E7,7223318.5,8499080.0,8076604.5,9228312.0,7048532.0,7586151.5,7139112.5,7579162.0,6807456.5,6543782.5,7025712.0,7482466.0,8777031.0,7182162.0,0,
840,270.19244799703193,3.95743,,,,,,,,,,,1.4444809E7,1.4643926E7,1.8144646E7,1.5517035E7,1.2660297E7,1.748114E7,1.5442312E7,1.7842964E7,1.4338035E7,1.2003273E7,1.6692301E7,1.423992E7,1.5875075E7,1.7832244E7,1.5156271E7,1.5325643E7,1.4824784E7,1.8360458E7,1.5553076E7,1.1936058E7,1.2554782E7,1.3361745E7,1.5319817E7,0,
841,714.382859070027,4.00858,,,,,,,,,,,1.0823598E7,9730612.0,9881886.0,8616054.0,9632948.0,1.0986849E7,1.0177566E7,1.0569614E7,1.1659654E7,1.0155529E7,1.0648242E7,1.0910178E7,1.1591019E7,1.012135E7,1.1195917E7,1.1497552E7,1.2355894E7,1.0922251E7,1.0715544E7,1.0428371E7,9968284.0,1.1508421E7,1.022466E7,0,
842,613.3559726448005,4.010601,,,,,,,,,,,6183443.0,6226794.5,6205037.0,5027591.0,5709688.0,1.0852533E7,1.0311196E7,1.0722611E7,1.1827186E7,9942862.0,1.0755605E7,1.1473839E7,1.0801E7,8956617.0,9545878.0,1.0429311E7,1.0686842E7,9858847.0,9608452.0,9764348.0,1.0003214E7,1.1234636E7,9589078.0,0,
843,242.1862330476013,4.012204,,,,,,,,,,,3.794914E7,3.565029E7,3.9551636E7,3.400971E7,3.9359736E7,3.2135538E7,3.3733144E7,3.8306344E7,4.2900704E7,3.588616E7,3.61915E7,3.4905644E7,3.661439E7,3.6738124E7,3.753691E7,3.8715296E7,3.8288216E7,3.2034658E7,3.801456E7,3.5509612E7,3.5793428E7,3.711804E7,3.695193E7,0,
844,501.2194194228816,4.014224,,,,,,,,,,,1.0978261E8,8.942349E7,9.697777E7,9.016894E7,6.841592E7,8.394815E7,7.9420296E7,9.3681E7,1.0416325E8,8.818829E7,8.4928136E7,9.0648504E7,9.062927E7,8.577201E7,9.335542E7,9.824875E7,9.9238776E7,8.563041E7,9.399852E7,8.978484E7,8.7589096E7,9.080863E7,8.774654E7,0,
845,525.2672344705788,4.018333,,,,,,,,,,,1.4232546E8,1.4392691E8,1.4254146E8,1.2019264E8,1.0918615E8,1.2600117E8,1.1251672E8,1.3249009E8,1.4496632E8,1.2781122E8,1.1828172E8,1.3179185E8,1.2206453E8,1.2050048E8,1.29881016E8,1.4199008E8,1.3814258E8,1.3065705E8,1.33328504E8,1.2561806E8,1.24307736E8,1.3404504E8,1.2148963E8,0,
846,571.27262446112,4.0373926,,,,,,,,,,,2.4677528E7,2.8079776E7,2.6005772E7,2.3207416E7,2.2237874E7,2.6886434E7,2.1987738E7,2.2784792E7,2.1866948E7,2.1362966E7,2.182946E7,2.4983044E7,2.389581E7,2.4018532E7,2.2610566E7,2.893294E7,2.3865636E7,2.6055742E7,2.4521186E7,2.2811314E7,2.0408654E7,2.1421952E7,2.2124814E7,0,
847,302.1498077306447,4.0378447,,,,,,,,,,,1.1839986E7,1.3205371E7,1.134484E7,1.1657331E7,1.0988704E7,1.1172752E7,9679364.0,9941828.0,9362300.0,9084746.0,9348845.0,9853861.0,9516650.0,9210966.0,9340934.0,1.1064681E7,9787781.0,1.0284589E7,1.0264259E7,9913176.0,9115334.0,9172376.0,9017961.0,0,
848,548.3083174501079,4.043486,,,,,,,,,,,4128252.2,4560936.0,6947311.5,4303983.5,1.0146393E7,1.1020871E7,8820935.0,8848477.0,9648295.0,8955158.0,9380992.0,1.0096264E7,1.025971E7,8833862.0,9055854.0,9491828.0,8831397.0,9203336.0,7753930.0,8362386.5,7957222.0,8109432.5,8381159.0,0,
849,741.3935166566167,4.03827,,,,,,,,,,,9592968.0,8070122.5,6323145.0,5971656.0,0,3.371813E7,3.4215596E7,0,3.7125628E7,2.6742868E7,3.0928192E7,3.1018468E7,3.4939416E7,2.6560574E7,2.7855946E7,2.7632174E7,2.6504912E7,2.4994136E7,2.5888696E7,2.6821654E7,2.4328774E7,2.9669686E7,2.7186348E7,0,
850,631.345457394898,4.0531325,,,,,,,,,,,3.676811E7,3.7896996E7,3.522437E7,3.2534632E7,3.4556812E7,4.4029176E7,3.255476E7,3.7071548E7,3.7316292E7,3.9832524E7,4.2344184E7,3.6838084E7,4.1783084E7,4.3417268E7,4.6695664E7,4.423168E7,4.3130292E7,3.8467444E7,3.7800784E7,3.858188E7,3.2228316E7,3.8419624E7,3.5917284E7,0,
851,562.2907450953466,4.0672607,,,,,,,,,,,9517471.0,1.004072E7,9343847.0,8823745.0,9568678.0,1.0060153E7,8325435.0,9239919.0,9562608.0,8959435.0,1.0869257E7,8273926.5,9943643.0,1.0467018E7,1.1109427E7,9904723.0,9502824.0,9954427.0,9213859.0,9995574.0,7309212.0,9928918.0,8807020.0,0,
852,330.17355619037517,4.0688376,,,,,,,,,,,8602431.0,9037310.0,8965571.0,8324696.5,9707448.0,9995076.0,9509055.0,1.0269766E7,1.0281454E7,9722283.0,1.1232947E7,9457965.0,1.0445613E7,1.0041251E7,1.0319698E7,1.1416476E7,9959791.0,1.0450091E7,9641318.0,1.01358E7,9150668.0,1.0270095E7,9016149.0,0,
853,203.13916220310568,4.071602,,,,,,,,,,,0,0,0,0,1.5584408E8,0,0,0,0,0,0,1059513.6,0,0,0,0,0,0,0,0,0,0,0,0,
854,329.14959195389395,4.0718713,,,,,,,,,,,0,0,0,0,1.2390524E7,0,0,0,0,0,0,0,0,0,0,0,0,0,0,0,0,0,0,0,
855,613.283249881745,4.077268,,,,,,,,,,,1.0591067E7,1.2144312E7,1.2332202E7,1.0279201E7,1.0816497E7,1.0962973E7,1.0100359E7,9648547.0,1.1006727E7,1.0459492E7,1.1742243E7,9984700.0,1.1847284E7,9469639.0,1.1630074E7,1.2321162E7,1.1924723E7,1.2217092E7,8885902.0,1.2361687E7,7746258.5,9925655.0,1.0642695E7,0,
856,526.27017718114,4.0280137,,,,,,,,,,,6465800.5,3.957384E7,3.9685904E7,3.3568316E7,2.9980112E7,3.765885E7,3.120742E7,3.777823E7,4.0811148E7,3.4755252E7,3.3376534E7,3.854309E7,3.6400064E7,3828602.8,3.793942E7,4.193901E7,3.9563076E7,3.7488532E7,4.0289124E7,3.3394954E7,3.2630104E7,3.529183E7,3.6359104E7,0,
857,550.7930794689883,4.098761,,,,,,,,,,,5118193.0,6784992.0,9639308.0,8100888.5,5695586.0,4346301.0,4346278.5,4371604.5,4573399.0,4916035.5,5383161.5,4536985.5,4799549.5,5037191.0,5497673.0,5498448.0,5689825.0,5985483.0,4348636.5,4238303.5,3758091.8,4251747.5,4393688.5,0,
858,659.3402930157514,4.0878696,,,,,,,,,,,2.8571094E8,2.4906002E8,2.631907E8,2.260392E8,3.3209098E8,3.2244227E8,3.064484E8,3.3161853E8,3.0658144E8,3.311583E8,3.3304538E8,3.1044214E8,3.164461E8,3.1500867E8,3.387933E8,3.352963E8,3.3093875E8,3.2993418E8,3.5037293E8,3.144771E8,2.977503E8,2.938427E8,3.223561E8,0,
859,893.4518988436414,4.1068025,,,,,,,,,,,7169818.5,4540913.0,6798523.5,5234562.0,6199165.5,6585038.5,6770207.0,8009171.0,7029935.0,7781356.5,7440813.5,6953332.5,7145765.0,6982223.5,6462439.5,7059902.5,6863748.0,6828065.5,7897370.0,6766436.5,7263840.5,5582292.5,7504481.0,0,
860,235.11903208453532,4.1103883,,,,,,,,,,,5.3485043E8,4.6884403E8,5.3031325E8,4.7698534E8,4.9471978E8,4.504518E8,4.4995066E8,5.3733786E8,4.859757E8,4.8388758E8,4.712878E8,4.884604E8,4.9899584E8,4.2285526E8,4.378811E8,4.38428E8,4.4584896E8,4.6047498E8,4.6398074E8,4.978501E8,4.9462675E8,4.263266E8,4.6303702E8,0,
861,620.2752706664813,4.111147,,,,,,,,,,,6.100305E7,4.2959896E7,5.3025496E7,4.2149816E7,6.338085E7,5.5325696E7,5.7889908E7,6.6990228E7,6.067423E7,6.3820612E7,6.053126E7,6.4119676E7,6.366206E7,5.996776E7,6.0848656E7,5.6303696E7,5.7412252E7,6.1304124E7,7.104237E7,6.2005172E7,6.344066E7,5.4246052E7,5.8387356E7,0,
862,417.21335146454913,4.1251388,,,,,,,,,,,1.03426696E8,5.4481284E7,4.532641E7,4.315467E7,3.3811484E7,5.349023E7,5.9236828E7,6.190835E7,6.191961E7,5.359334E7,5.366145E7,5.5654616E7,5.7499176E7,5.8566644E7,5.8311284E7,5.0230816E7,5.5460136E7,6.3834024E7,6.0905404E7,6.3653204E7,6.170237E7,5.6843204E7,5.1619116E7,0,
863,133.10515277491805,4.13712,,,,,,,,,,,3.51996E7,3687178.5,3212512.8,4419401.5,8.381798E7,7.637749E7,7.822461E7,8.459292E7,7.070993E7,6.361265E7,7.314458E7,6.98876E7,6.7512136E7,6.1187664E7,5.7255812E7,6.006494E7,6.31364E7,6.754248E7,6.793405E7,7.008233E7,7.183529E7,7.40787E7,7.634579E7,0,
864,681.322191245409,4.1303306,,,,,,,,,,,7362560.5,4392746.0,4773156.0,4064221.8,8515971.0,8059766.0,9110366.0,7896386.5,7692472.5,6558886.5,6945949.0,7218004.5,6837262.5,5699195.5,5818725.0,5252993.0,5683729.0,7190821.5,7312933.5,7299218.5,8021899.0,6889761.5,7013773.5,0,
865,209.0921739845485,4.1310525,,,,,,,,,,,7750508.5,6335018.0,6993318.0,6305490.5,1.6951954E7,8415938.0,8659544.0,8990185.0,8200771.5,7539687.5,7806630.0,7875846.5,7842647.0,7893668.0,7648468.5,7362698.0,8025442.0,9519869.0,9492078.0,8118405.5,8884797.0,8638809.0,8817433.0,0,
866,312.1916586477383,4.131281,,,,,,,,,,,5.2592064E7,4.7808572E7,2.7460182E7,3.631777E7,0,4578744.5,7343189.5,8441925.0,5044549.5,8522137.0,6257463.5,6092270.0,5935858.0,1.4625326E7,1.3706169E7,1.185404E7,1.4733791E7,1.6170329E7,1.4416863E7,1.2491274E7,1.0965168E7,1.062335E7,8818266.0,0,
867,374.2285901217745,4.1315446,,,,,,,,,,,6920794.5,3664404.0,7774558.5,4354697.5,1.8177208E7,1.4526123E7,1.686177E7,1.5841203E7,1.428379E7,1.3753633E7,1.5601816E7,1.607257E7,1.4236683E7,1.3221115E7,1.2292179E7,1.1760266E7,1.2977973E7,1.4456987E7,1.3000588E7,1.328217E7,1.3621582E7,1.3940241E7,1.3522979E7,0,
868,710.4084933307173,4.1382966,,,,,,,,,,,4915465.5,3826704.8,3818863.2,3111525.8,2288633.5,1.9429202E7,2.1416956E7,1.8186936E7,2.5231646E7,1.8299624E7,2.0030532E7,2.569593E7,1.7615448E7,1.656291E7,1.3295508E7,1.3253564E7,1.5063943E7,1.8228592E7,1.5008398E7,1.7975256E7,1.8044052E7,2.296944E7,1.7424678E7,0,
869,334.17593736438226,4.1383777,,,,,,,,,,,2.3229016E7,2.0912802E7,1.945139E7,1.6302898E7,0,7409231.5,1.1130831E7,1.1496534E7,8203795.5,1.1307366E7,9398215.0,9708016.0,9410569.0,1.4570111E7,1.3474538E7,1.2715145E7,1.4246051E7,1.6280063E7,1.4297424E7,1.2359745E7,1.2754728E7,1.4065853E7,1.1124399E7,0,
870,751.3667381174446,4.139879,,,,,,,,,,,3.9812308E7,4.0805944E7,4.1768476E7,3.0677028E7,6.819737E7,4.2814464E7,5.007618E7,5.4460756E7,5.1936436E7,4.5094144E7,4.5901216E7,5.0758536E7,4.3664724E7,4.9565228E7,4.1933244E7,4.341229E7,4.850105E7,4.9164932E7,4.7749736E7,4.1455356E7,4.2842732E7,5.3838104E7,4.935077E7,0,
871,429.2709531450253,4.1402965,,,,,,,,,,,1.3880388E7,1.326054E7,1.1381246E7,1.1480979E7,1.2605356E7,1.1712603E7,1.2898818E7,1.4139436E7,1.4367266E7,1.2316944E7,1.2346099E7,1.3440094E7,1.2930382E7,1.3345523E7,1.2211655E7,1.1267463E7,1.3960438E7,1.3663014E7,1.2163902E7,1.183139E7,1.2628139E7,1.4180409E7,1.3151787E7,0,
872,457.26604922685243,4.1422935,,,,,,,,,,,8092332.0,4684187.0,3940661.0,3709412.0,2845438.0,6409164.0,7274171.0,6784396.5,8986578.0,6777530.0,6369869.0,8060584.5,6771571.5,7112559.5,6553846.5,6111527.5,7038024.5,7751721.5,7229543.5,7000776.0,6388782.5,7786646.0,5896957.5,0,
873,524.3084108699345,4.145877,,,,,,,,,,,9875807.0,9314320.0,7285001.5,8238685.0,5180296.0,5360657.0,6942875.0,7225685.0,7006369.5,7626101.5,5535786.0,6862661.0,6078814.5,8856355.0,7150171.5,6665431.0,8411732.0,9274670.0,7622832.0,8815022.0,6691433.5,8299036.5,6748941.5,0,
874,332.21790219870866,4.1470547,,,,,,,,,,,8.717782E7,7.703101E7,9.2030664E7,6.988349E7,1.7005714E8,1.1654946E8,1.2627739E8,1.212123E8,1.3266584E8,1.1514028E8,1.14444024E8,1.3132418E8,1.1829477E8,1.22460296E8,9.9163496E7,1.045018E8,1.23907144E8,1.3320788E8,1.0458887E8,1.095461E8,1.0882286E8,1.342402E8,1.2751366E8,0,
875,322.1760598923098,4.1474614,,,,,,,,,,,4161208.8,3714160.0,4306979.0,3760836.5,2.216484E7,4311291.0,4909850.5,5585215.5,4857201.0,4471462.0,3891537.8,4641711.0,4343304.0,4757585.0,4040699.5,4295982.0,5028383.0,5655568.5,4115008.0,3897706.0,4037580.2,4981708.0,4951462.0,0,
876,162.11251210644514,4.079396,,,,,,,,,,,6347459.5,3961484.0,3234258.2,2767553.0,3.4667932E7,2195728.5,2288130.2,3258935.5,1654975.4,1742555.2,1633524.0,1645975.8,1448060.2,3508021.8,3791658.8,3581520.0,3496635.8,3971181.2,2605182.0,2210043.0,2135242.5,2032903.8,1571637.4,0,
877,553.3348494981835,4.1514406,,,,,,,,,,,6.6240108E7,5.0403224E7,3.9905576E7,3.4182268E7,3.4063344E7,2.8656786E7,3.358812E7,3.896116E7,3.8139348E7,3.0987614E7,3.0499552E7,3.6179744E7,3.50663E7,4.025091E7,3.2072858E7,3.451935E7,3.91783E7,4.2685304E7,3.3632228E7,3.1338808E7,2.9871194E7,3.8755948E7,3.563449E7,0,
878,1100.5777798539232,4.1518517,,,,,,,,,,,7.194098E7,9.1488E7,9.7162216E7,7.9984536E7,1.16415736E8,7.2812424E7,8.516355E7,9.760676E7,7.605153E7,8.426962E7,8.639916E7,7.845681E7,6.840496E7,1.0491029E8,7.8792424E7,8.205296E7,9.302695E7,8.672438E7,8.649524E7,7.149298E7,6.783402E7,8.825236E7,8.479772E7,0,
879,166.08630875170863,4.1526237,,,,,,,,,,,1.7685085E8,4.295095E8,9.494518E7,5.7020212E7,1.290772E9,3.5539443E8,2.7508208E8,3.293029E8,1.17524824E8,4.0831576E7,3.0077428E7,1.2036895E7,2.2209678E8,3.298292E8,3.1587117E8,2.954472E8,3.6292032E8,3.7839216E8,3.440718E8,5.0685997E8,3.834894E8,4.3115853E8,4.013067E8,0,
880,152.05674117343298,4.1603236,,,,,,,,,,,2965471.2,1810498.9,0,0,1.7336198E8,0,0,0,0,0,0,0,0,0,0,0,0,0,0,0,0,0,0,0,
881,554.3382424771731,4.1476927,,,,,,,,,,,2.0730312E7,1.5773272E7,1.1679353E7,1.2660056E7,1.0433788E7,8582353.0,1.0552935E7,1.3590833E7,1.1385147E7,9457428.0,9141163.0,0,1.1069716E7,1.2862462E7,9793797.0,1.0431349E7,1.3067791E7,1.2151078E7,1.0808132E7,0,1.0376741E7,1.2897678E7,1.0950694E7,0,
882,120.08098354291475,4.153832,,,,,,,,,,,9.451288E7,2.4177374E8,5.173396E7,3.0690018E7,7.4456877E8,1.8582197E8,1.5608299E8,1.9265038E8,6.786829E7,2.0641328E7,1.5576423E7,6630409.5,1.1748999E8,1.793198E8,1.709664E8,1.7002021E8,2.0037062E8,2.098264E8,1.8436662E8,2.5513454E8,2.0061173E8,2.3990872E8,2.2923469E8,0,
883,131.0494858301726,4.1550946,,,,,,,,,,,1820446.8,4730077.0,0,0,1.457798E7,3436250.2,2915922.8,3657730.5,0,0,0,0,2014719.2,3175375.0,3214737.2,2812828.8,3534084.5,3798721.8,3449399.5,5174908.0,4324078.5,4369640.5,4046953.8,0,
884,668.3973443798285,4.1580596,,,,,,,,,,,1.6818098E7,1.097908E7,6658219.0,7463850.0,0,1607917.5,1730512.8,1846406.6,1781969.0,1734106.9,1674522.5,1842395.6,1713220.2,4666777.5,4180859.8,4373785.5,5346765.5,4825817.0,4013017.5,1759741.6,1723398.8,1850577.4,1799070.0,0,
885,521.2245328974782,4.1568475,,,,,,,,,,,1466417.5,2855625.8,0,0,1.2792626E7,1434560.1,1335248.4,1799654.5,0,0,0,0,0,1433408.5,1352379.0,1571593.1,1923567.1,2276720.8,1641156.6,2183591.2,1783040.5,2066224.8,1589364.8,0,
886,1001.5093774719185,4.1900954,,,,,,,,,,,1.7622204E7,1.747717E7,1.0957321E7,1.2441549E7,3934214.2,3633662.0,4108634.5,4925150.5,4856775.0,5090318.5,0,4460682.5,3805928.0,8047258.5,7305146.5,7863614.0,8152607.0,7575283.5,0,0,0,5165326.0,4479036.5,0,
887,654.3829359307581,4.1662745,,,,,,,,,,,1.7338856E7,1.7205488E7,2.243106E7,1.7082614E7,1.2117502E7,2.661788E8,2.74387E8,3.639011E8,3.198357E8,3.0599552E8,2.9464902E8,3.0386986E8,2.877769E8,3.069793E8,2.9499024E8,2.976394E8,3.3464058E8,3.2379638E8,2.6057552E8,2.5137701E8,2.5349518E8,3.1818566E8,2.9669926E8,0,
888,378.20229667988355,4.1738067,,,,,,,,,,,7647191.0,5152274.5,1.4125695E7,6166778.5,5.001757E7,3.234561E7,3.3167058E7,3.907744E7,3.6995828E7,3.3493344E7,3.6308244E7,3.7015172E7,3.9104292E7,2.6739842E7,2.808011E7,2.7186134E7,2.9017504E7,2.612598E7,2.5553166E7,3.1147896E7,2.8367486E7,2.936613E7,3.3898012E7,0,
889,838.4463145207083,4.1752152,,,,,,,,,,,1.7644306E8,2.020914E8,1.8959227E8,1.6572571E8,1.7791928E8,1.4471264E8,1.1813627E8,1.863271E8,1.5385611E8,1.7642434E8,1.5729016E8,1.6087846E8,1.4740125E8,1.6190826E8,1.68123E8,1.751121E8,1.6693891E8,1.6356821E8,1.4997442E8,1.2354078E8,1.2523534E8,1.4435194E8,1.4404846E8,0,
890,776.4196650081022,4.186979,,,,,,,,,,,1.1315247E7,7883317.0,6941273.5,8364418.5,8034546.0,8536898.0,8163165.0,8946849.0,8495222.0,1.0347746E7,1.0074277E7,7598663.5,8445860.0,1.1103752E7,1.0583136E7,1.0123961E7,9859741.0,8909900.0,7381481.5,9463495.0,8420145.0,8211679.0,8329253.0,0,
891,199.07138872122093,4.1897573,,,,,,,,,,,1.7166054E7,1.7746336E7,1.7790508E7,2.123918E7,1.7069354E7,1.6243022E7,1.3640589E7,1.4113005E7,1.5164198E7,1.7976488E7,1.8670644E7,1.6181494E7,1.5228121E7,1.6165152E7,1.7009316E7,1.6773756E7,1.4646991E7,1.6060382E7,1.5459063E7,1.5867637E7,1.4566348E7,1.3744804E7,1.590541E7,0,
892,216.09796194201385,4.19095,,,,,,,,,,,1.6883702E7,1.8692934E7,1.6857706E7,2.1500968E7,1.8252244E7,1.7526462E7,1.5160817E7,1.5356099E7,1.5752437E7,1.9711206E7,1.9030642E7,1.6535281E7,1.572865E7,1.6127874E7,1.8991336E7,1.5183541E7,1.4329659E7,1.6588457E7,1.6527092E7,1.8102146E7,1.6056909E7,1.5097014E7,1.5688951E7,0,
893,771.4611429056328,4.2019567,,,,,,,,,,,0,0,0,0,0,1.1213827E7,1.0285092E7,1.2355995E7,1.1684205E7,1.3206042E7,1.2713869E7,9631178.0,1.1579699E7,1.2868957E7,1.3037171E7,1.3330485E7,1.2933037E7,1.1723996E7,1.2757954E7,1.1871247E7,1.1079657E7,1.068865E7,1.2470852E7,0,
894,222.03168005996073,4.207043,,,,,,,,,,,0,0,0,0,0,1.8668748E7,1.3300979E7,1.0349157E7,2.5966906E7,7848557.5,8531953.0,1.1295674E7,9488684.0,8011945.5,6591685.0,8163165.0,7645707.5,8176714.0,9353149.0,9769434.0,8918542.0,9468516.0,1.0045569E7,0,
895,239.05798889470236,4.2085714,,,,,,,,,,,0,0,0,0,0,1.6427501E7,1.300977E7,1.0123155E7,2.6315076E7,6494530.0,7482239.0,1.1651749E7,9477950.0,7415040.0,6353249.5,6796194.0,7200243.5,7839311.0,8685407.0,9618865.0,7867708.5,8607741.0,8263950.5,0,
896,360.21288899982494,4.2144003,,,,,,,,,,,1.3688141E7,1.7173984E7,1.3880691E7,1.5252273E7,1.4380019E7,1.8843992E7,1.783058E7,1.7742954E7,2.027131E7,1.5516159E7,1.7452916E7,1.7419332E7,1.882216E7,1.965562E7,1.6287272E7,1.8711302E7,1.838226E7,1.6658374E7,2.0342908E7,1.8754798E7,1.5796406E7,1.8551848E7,1.985466E7,0,
897,203.13923208849528,4.2184243,,,,,,,,,,,0,0,0,0,1.1777679E8,0,0,0,0,0,0,0,0,0,0,0,0,0,0,0,0,0,0,0,
898,318.20230970173554,4.219962,,,,,,,,,,,8220452.0,1.0425555E7,1.0078609E7,8988543.0,1.2927182E7,1.0548595E7,1.0222397E7,1.1384397E7,1.095501E7,9475300.0,1.0479601E7,9631373.0,1.1187766E7,1.15189E7,1.0173718E7,1.0786609E7,1.1619508E7,9644082.0,1.1766532E7,1.1357457E7,1.0190429E7,1.0834962E7,1.244877E7,0,
899,235.1651045727183,4.220371,,,,,,,,,,,2.0295893E8,2.2785166E8,1.5974226E8,1.8239474E8,1.1898071E8,2.0619451E8,2.1915552E8,2.1106314E8,2.0491157E8,1.8521731E8,1.9578674E8,1.752835E8,2.0755467E8,2.4013248E8,1.9710922E8,2.0772206E8,2.261739E8,2.0835771E8,2.3615221E8,2.6766962E8,2.0964592E8,2.3809624E8,2.458486E8,0,
900,236.1683085053326,4.221158,,,,,,,,,,,2.2289074E7,2.5169232E7,1.7785184E7,1.9687656E7,1.3548438E7,2.2936934E7,2.4117322E7,2.3656772E7,2.2534096E7,2.0358826E7,2.1840652E7,1.9055378E7,2.250721E7,2.5623772E7,2.158159E7,2.2110058E7,2.5126564E7,2.207109E7,2.6220832E7,2.8315462E7,2.2734478E7,2.6214304E7,2.7208042E7,0,
901,955.5253013989277,4.2212005,,,,,,,,,,,2.0777168E7,2.5073228E7,2.2958012E7,2.1679366E7,2.3691846E7,1.9398294E7,1.7704836E7,2.0231972E7,1.979284E7,1.8896888E7,2.2409936E7,1.8743026E7,1.7239118E7,2.232962E7,2.3165902E7,2.4781892E7,2.3653216E7,2.4793536E7,2.3228552E7,1.8928478E7,1.7535898E7,1.9503422E7,2.0454566E7,0,
902,571.272570810035,4.227932,,,,,,,,,,,1.2059627E7,1.6950972E7,1.5444932E7,1.2237687E7,8468415.0,9444933.0,1.0182805E7,1.3080607E7,1.0780182E7,1.0797246E7,1.2018752E7,1.1340039E7,9822881.0,1.1348778E7,1.1108188E7,1.1848914E7,1.371775E7,1.2589455E7,1.3255855E7,1.0084742E7,1.0169927E7,1.0116081E7,1.2151848E7,0,
903,550.7929125872303,4.225886,,,,,,,,,,,5339502.0,7263162.0,1.0176795E7,8641222.0,4979995.0,4782116.0,5477597.0,5658210.0,5678497.5,5540960.5,5797149.5,6144788.5,5998874.0,6237367.5,6134460.5,6989678.5,6805055.0,7289205.0,7445418.5,5358778.5,5766744.5,5416638.5,5564165.5,0,
904,419.7266100757396,4.22911,,,,,,,,,,,1.5430996E7,1.8887166E7,1.951647E7,2.126438E7,1.0574125E7,1.147902E7,1.3346969E7,1.4247823E7,1.4077196E7,1.3275804E7,1.3652875E7,1.4019971E7,1.3260834E7,1.4836074E7,1.438448E7,1.5284879E7,1.5741878E7,1.6189779E7,1.6386406E7,1.2773859E7,1.3835205E7,1.3131809E7,1.3939332E7,0,
905,374.22863989821093,4.243991,,,,,,,,,,,5144382.5,5300624.0,6420824.5,4815786.0,8084257.0,6854630.5,6756298.5,7995540.5,8186908.0,6590971.5,7361197.0,7382725.5,7332503.0,8022802.5,6941769.5,7889353.0,6747668.0,8329263.0,6454457.0,6870448.5,6339140.0,7335915.5,7667098.0,0,
906,281.1497184832025,4.2547846,,,,,,,,,,,0,0,0,0,1.8237684E7,0,0,0,0,0,0,0,0,0,0,0,0,0,0,0,0,0,0,0,
907,617.3300700571003,4.272154,,,,,,,,,,,4.546699E7,3.9149536E7,4.121458E7,4.652969E7,4.842761E7,4.28231E7,4.871981E7,4.1425664E7,5.1971692E7,4.084956E7,5.7671908E7,4.47183E7,5.089946E7,5.2085996E7,5.011443E7,5.646965E7,4.2218764E7,5.777554E7,4.873998E7,4.1754096E7,5.4263096E7,4.7320536E7,4.55553E7,0,
908,1100.5779249958787,4.2354264,,,,,,,,,,,3.6872336E7,3.6280748E7,4.810838E7,3.9805384E7,7.954438E7,0,5.936646E7,6.3893428E7,5.8736416E7,0,0,4.750574E7,4.8214876E7,5.875836E7,0,8.984913E7,0,5.6685388E7,0,5.3395708E7,5.7506172E7,4.5144696E7,5.3690892E7,0,
909,679.3700096698777,4.2829194,,,,,,,,,,,1.3125543E7,1.0510382E7,1.1920204E7,1.3679345E7,7689624.0,1.1083029E7,1.2690019E7,1.0438801E7,1.1086606E7,8491784.0,1.3994452E7,9565184.0,1.4149997E7,1.0909422E7,1.2030737E7,1.1618107E7,1.0138571E7,1.1083235E7,1.1678022E7,1.0721435E7,1.325563E7,9965058.0,1.0592996E7,0,
910,389.2395811815329,4.290546,,,,,,,,,,,1.1921457E7,1.035391E7,1.2030115E7,1.144019E7,1.2536859E7,1.1960095E7,1.2576418E7,1.1592806E7,1.2276124E7,1.0396831E7,1.4391865E7,1.197791E7,1.3996277E7,1.0426143E7,1.3914546E7,1.2009316E7,1.1864274E7,1.1520871E7,1.1529123E7,1.1806602E7,1.3949838E7,1.0688475E7,1.1944292E7,0,
911,659.3400621712874,4.254105,,,,,,,,,,,8.387344E7,6.9789416E7,0,5.687192E7,3.3019042E7,3.6395756E7,4.123904E7,4.5256096E7,0,0,4.8651708E7,3.91023E7,5.2093188E7,6.3432892E7,5.31711E7,5.7516668E7,5.6374652E7,5.17558E7,5.564672E7,0,4.1292596E7,5.1332908E7,5.514497E7,0,
912,553.3352585173022,4.287857,,,,,,,,,,,4.039798E7,3.0068884E7,2.584705E7,2.7215008E7,2.5553306E7,2.420965E7,2.809465E7,2.3467222E7,2.5256582E7,0,2.8751124E7,2.5524484E7,2.6803594E7,2.9184622E7,3.1328384E7,3.1345856E7,2.8024696E7,2.9377244E7,0,2.434108E7,2.7026154E7,2.2529288E7,2.594635E7,0,
913,562.2911180471518,4.294537,,,,,,,,,,,2.01086E8,1.578296E8,1.7304291E8,1.852728E8,1.9700714E8,1.9348914E8,2.0372538E8,1.8150976E8,1.8470466E8,1.46467E8,2.1721322E8,1.79085E8,2.2513523E8,1.7817216E8,2.2187578E8,2.1672891E8,1.823017E8,1.7903405E8,1.9610646E8,1.7459576E8,2.105905E8,1.626187E8,1.7567968E8,0,
914,472.2775840999689,4.2997355,,,,,,,,,,,3897033.2,3644401.2,7662473.0,4122672.2,3.0347692E7,2.8933288E7,2.4837432E7,2.3418468E7,2.8045602E7,1.9878894E7,2.6854512E7,2.5732926E7,2.8938112E7,1.7721772E7,2.0532164E7,2.242043E7,1.7574096E7,1.5915348E7,1.905301E7,1.9734626E7,2.2410378E7,1.8220204E7,2.1683712E7,0,
915,286.17624701756677,4.302563,,,,,,,,,,,3.610292E7,3.3239546E7,3.0350726E7,3.1062412E7,3.374138E7,4.7849584E7,4.3512436E7,4.7045956E7,5.0217396E7,4.7241372E7,4.8253804E7,4.9210124E7,4.9379696E7,4.0501784E7,4.3449624E7,5.0994984E7,3.998954E7,3.7693316E7,4.2701064E7,4.3984356E7,4.8577636E7,3.9494536E7,4.4522132E7,0,
916,645.3275538499546,4.308526,,,,,,,,,,,9766441.0,9100444.0,7984353.5,8862496.0,1.1499377E7,1.1889305E7,1.0450035E7,1.0550225E7,1.0891117E7,1.0552064E7,1.1201538E7,1.0120248E7,1.1878733E7,1.0878357E7,1.1718E7,1.3306786E7,1.0871513E7,9455941.0,1.1191444E7,1.0244466E7,1.0964087E7,9060245.0,1.0894102E7,0,
917,229.15478529296053,4.3173747,,,,,,,,,,,1.3584043E7,1.3703737E7,1.225647E7,1.1934711E7,1.7278158E7,1.8793794E7,1.47308E7,1.6264338E7,1.7715662E7,1.8084636E7,1.4830671E7,1.5986218E7,1.8012996E7,1.4814762E7,1.4889122E7,1.774123E7,1.4793888E7,1.4941823E7,1.6977378E7,1.6362852E7,1.5791031E7,1.4864153E7,1.953992E7,0,
918,475.2227144606503,4.317376,,,,,,,,,,,2.9721002E8,2.8921312E8,2.785389E8,2.713661E8,3.5874458E8,4.105087E8,3.355838E8,3.7605776E8,3.848045E8,3.8852035E8,3.3191062E8,3.5784464E8,3.8124272E8,3.1601267E8,3.2741968E8,3.7981965E8,3.121932E8,3.362928E8,3.6521245E8,3.621925E8,3.3602938E8,3.2107216E8,4.1416294E8,0,
919,949.4374846630748,4.3173685,,,,,,,,,,,9777625.0,9642105.0,1.0769292E7,8662018.0,1.5840144E7,1.9440354E7,1.6649526E7,1.777067E7,1.702602E7,1.6010502E7,1.6212427E7,1.6930126E7,1.7351112E7,1.3684547E7,1.5302324E7,1.7350408E7,1.3471486E7,1.4813563E7,1.8733386E7,1.4069321E7,1.264759E7,1.5795679E7,1.664936E7,0,
920,882.4763327312822,4.319713,,,,,,,,,,,0,0,0,0,0,1.6609466E7,1.6263349E7,1.6675133E7,1.5883586E7,1.6668664E7,1.6808802E7,1.6736715E7,1.7128534E7,1.5774759E7,1.6679548E7,1.8154426E7,1.4575492E7,1.5839342E7,1.6152032E7,1.5282565E7,1.4387772E7,1.5760914E7,1.6298123E7,0,
921,215.13918438147545,4.3173013,,,,,,,,,,,7724659.0,8274085.0,4107600.0,7835139.5,3.810365E7,1330705.5,1554500.0,1524424.9,1580725.9,3381639.0,1414776.1,1597313.1,1420641.9,5250124.5,5046958.5,5812933.0,5153586.0,5059729.5,5023809.5,2046827.6,2152940.0,0,0,0,
922,390.18734390034837,4.339227,,,,,,,,,,,0,0,0,0,2.748892E7,3393569.8,2978513.5,3146801.5,1588925.4,0,0,0,1603074.4,1556094.2,1516782.1,1461438.8,0,2035853.4,1746287.8,4283874.0,3093656.8,3159746.8,3127567.2,0,
923,378.20260444813135,4.3434067,,,,,,,,,,,3506690.0,3419072.5,2597518.8,2991851.0,0,1.3215804E7,1.422665E7,1.1589263E7,1.6628698E7,1.142443E7,1.2722919E7,1.3143353E7,1.2436675E7,8848897.0,8575969.0,9678659.0,9210802.0,8891248.0,9998374.0,1.1665246E7,1.0739366E7,1.3461836E7,1.1882677E7,0,
924,769.4824238374457,4.340434,,,,,,,,,,,2.169057E7,2.1385264E7,1.883444E7,1.9482652E7,2.18156E7,2.7821938E7,3.2411196E7,3.3032398E7,2.7694054E7,2.5292306E7,2.7351764E7,2.554112E7,2.7179366E7,2.805225E7,3.0093076E7,2.751936E7,3.0207412E7,2.8274966E7,2.7281322E7,3.243357E7,2.9644794E7,3.3392896E7,3.7992732E7,0,
925,1001.5097483087084,4.343658,,,,,,,,,,,3.7713508E7,3.16386E7,2.0851298E7,2.687374E7,6234427.5,8202795.5,9812835.0,1.0397295E7,8715568.0,9970275.0,8941042.0,8731985.0,9901742.0,1.7495708E7,1.728855E7,1.7876874E7,1.7891182E7,1.5939885E7,1.6358477E7,1.1270738E7,1.0525666E7,9812014.0,1.0041084E7,0,
926,1126.6180426059113,4.350108,,,,,,,,,,,5195884.0,6640762.5,7700498.5,7076838.0,8068903.5,7827584.0,1.0476699E7,1.061827E7,8994577.0,1.0044763E7,9865583.0,8310605.0,8503984.0,1.3422181E7,1.0047316E7,1.099726E7,1.2141366E7,1.0281212E7,9807044.0,8708188.0,8870361.0,9674105.0,9181258.0,0,
927,698.4089591112304,4.3541627,,,,,,,,,,,1.75853E7,1.7330996E7,1.837419E7,1.9352102E7,2.313838E7,2.5404238E7,2.8790154E7,2.6744234E7,2.81054E7,2.5668424E7,2.605565E7,2.7764596E7,2.7626532E7,2.5943116E7,2.7472832E7,2.9981568E7,2.6402188E7,2.6196406E7,2.6170106E7,2.4747038E7,2.6901188E7,2.700784E7,2.8328094E7,0,
928,356.14538660714373,4.357977,,,,,,,,,,,9262679.0,1.0100073E7,1.0432701E7,1.0212989E7,0,6129288.5,7249198.5,6614277.5,7512591.5,6559431.0,6817449.5,8151190.0,6329053.5,6088714.0,6433792.5,6622253.0,7165267.5,6548776.0,7294026.5,6336446.0,7229758.5,6885676.5,7219515.0,0,
929,513.3043389607418,4.3631654,,,,,,,,,,,1.2142366E7,1.2707967E7,1.2026499E7,1.3405809E7,1.2758124E7,1.56919E7,1.9070464E7,1.7506224E7,1.6204821E7,1.4362832E7,1.5380167E7,1.5907332E7,1.6328137E7,1.4719744E7,1.3234752E7,1.4919768E7,1.6601601E7,1.5838751E7,1.747947E7,1.7037588E7,1.6820608E7,1.7514018E7,1.7183818E7,0,
930,259.09251115715443,4.365061,,,,,,,,,,,0,0,0,0,2.8399286E7,3261487.5,3945671.5,4114285.5,1763943.0,0,0,0,1679634.1,2277851.2,2462452.2,2517397.5,2872162.0,2980272.8,3684627.8,4303769.5,3868662.2,3323072.0,3073133.0,0,
931,689.4351478962889,4.3658967,,,,,,,,,,,3.019421E7,2.884889E7,3.426144E7,3.3231124E7,4.845065E7,4.284996E7,4.8609416E7,4.4538944E7,4.7315644E7,4.0480668E7,4.260923E7,4.6936332E7,4.4528308E7,4.3557932E7,4.0809052E7,4.3571228E7,4.5476572E7,4.288531E7,4.760409E7,3.956849E7,4.6021828E7,4.417672E7,4.697533E7,0,
932,727.3994254600718,4.3696284,,,,,,,,,,,5.326555E7,5.359755E7,5.4176132E7,5.796174E7,5.450548E7,5.589192E7,6.5436464E7,5.9825692E7,5.78284E7,5.1401252E7,5.4274196E7,5.766018E7,6.1866536E7,5.75344E7,4.927694E7,5.688533E7,6.403508E7,5.945573E7,6.368483E7,5.5892116E7,6.133577E7,5.754915E7,6.1480504E7,0,
933,1303.7998103536902,4.375701,,,,,,,,,,,1.2510621E7,1.2009132E7,1.4062655E7,1.364701E7,2.6773804E7,1.9523132E7,1.769807E7,1.7444726E7,1.765638E7,1.8229644E7,1.7033664E7,1.6948456E7,2.1042528E7,1.964387E7,1.7580968E7,1.7156174E7,1.5721236E7,1.999981E7,1.649028E7,1.3590512E7,2.0076912E7,1.7777294E7,1.9188202E7,0,
934,674.3852461923849,4.3777056,,,,,,,,,,,1.2780442E7,1.2552486E7,1.2137396E7,1.205525E7,1.4407172E7,1.87942E7,1.8581114E7,1.6680903E7,1.997128E7,1.6585411E7,1.8691654E7,1.8547936E7,1.898775E7,1.5886198E7,1.315416E7,1.6762234E7,1.5512233E7,1.6251767E7,1.5042743E7,1.4653107E7,1.8487124E7,1.6771934E7,1.858864E7,0,
935,653.4061910569046,4.3848343,,,,,,,,,,,2.703043E8,3.0343466E8,0,2.5319437E8,4.0817264E8,3.3773805E8,3.2956963E8,2.9734458E8,3.792252E8,2.755433E8,2.9072944E8,3.633321E8,3.3613917E8,3.5086115E8,2.9400982E8,3.65984E8,3.3576362E8,3.1870192E8,3.0398928E8,2.7741725E8,3.4367203E8,3.1532067E8,3.299443E8,0,
936,652.4040375003094,4.3841453,,,,,,,,,,,7.072249E8,6.660738E8,6.6558125E8,6.2512237E8,1.0761527E9,9.168295E8,8.936231E8,8.1345094E8,1.0310594E9,7.535288E8,7.9181606E8,9.9315066E8,9.216099E8,9.666736E8,8.0856205E8,9.985004E8,9.147126E8,8.7503616E8,8.332052E8,7.6489395E8,9.362048E8,8.5925306E8,9.0052544E8,0,
937,326.7052480657765,4.396549,,,,,,,,,,,9.162137E7,9.1068664E7,1.0685776E8,9.4378344E7,9.1973736E7,1.2190624E8,1.0663125E8,1.1545092E8,1.215995E8,1.019171E8,1.0944229E8,1.1954092E8,1.0413516E8,1.14608904E8,1.0703104E8,1.1035752E8,1.01131784E8,1.10745976E8,1.29799016E8,1.0519944E8,1.1698429E8,1.0593529E8,1.07854344E8,0,
938,805.3920514344006,4.4463344,,,,,,,,,,,1.0848168E7,1.1613047E7,1.4618304E7,1.0159897E7,0,1.6848588E7,0,1.6963908E7,0,1.7860892E7,1.6576696E7,1.8411766E7,1.5042337E7,1.5176518E7,2.104286E7,1.731214E7,0,1.7209914E7,0,1.8722192E7,1.6237969E7,1.618576E7,2.0158642E7,0,
939,1025.5676831954345,4.439926,,,,,,,,,,,8.996579E7,1.0426095E8,0,8.911896E7,1.3610082E8,1.7735602E7,1.8572246E7,2.927563E7,8770342.0,2.6826702E7,2.458018E7,2.0728462E7,1.8353076E7,4.077458E7,5.605736E7,4.9017132E7,0,4.5146956E7,0,3.289253E7,2.8922988E7,1.91172E7,0,0,
940,546.29302518284,4.402186,,,,,,,,,,,1.119737E7,1.3919287E7,1.3894475E7,1.2747367E7,2.0080438E7,5.8704228E7,4.950979E7,4.751025E7,6.4453108E7,4.3965756E7,5.023645E7,5.9395664E7,5.6287188E7,5.023526E7,4.5539308E7,5.3681704E7,4.5198772E7,4.797323E7,4.5818788E7,4.6559092E7,5.5232428E7,4.679599E7,4.5817268E7,0,
941,146.09253304725408,4.402973,,,,,,,,,,,3413104.2,4417387.5,3770448.8,4804161.5,1.9802586E7,5874665.0,4665277.5,4512525.5,6914986.5,5671941.0,6281087.5,6257679.5,7112585.5,7269049.0,8097701.5,7257146.0,7522641.5,8205393.5,8347727.0,4946044.0,5291140.5,5008310.0,5516333.0,0,
942,440.2507780480866,4.4073853,,,,,,,,,,,1.3834264E7,1.3486366E7,1.4938583E7,1.387334E7,1.5290332E7,1.811623E7,1.5566358E7,1.5569746E7,1.7704872E7,1.5773242E7,1.7044498E7,1.867383E7,1.63869E7,1.6867054E7,1.6514559E7,1.7131938E7,1.5366347E7,1.6908728E7,1.7960252E7,1.5986488E7,1.8241574E7,1.5857472E7,1.6016564E7,0,
943,371.2404359540205,4.419747,,,,,,,,,,,8.894352E7,8.177669E7,7.826467E7,7.460993E7,3.507005E7,9.821602E7,1.0321113E8,1.0401993E8,9.514908E7,8.8643384E7,9.316373E7,1.0162106E8,1.103116E8,7.9282776E7,9.636655E7,8.3386904E7,9.0663096E7,9.25724E7,7.7814264E7,1.1934887E8,9.619639E7,1.1548677E8,1.0639949E8,0,
944,905.557776673922,4.420593,,,,,,,,,,,5.8658076E7,6.3857096E7,7.483038E7,5.754808E7,8.969979E7,9.541508E7,7.5663256E7,7.531248E7,8.397271E7,8.1799E7,9.168966E7,8.8525224E7,8.802177E7,6.5989108E7,9.466276E7,7.880018E7,8.336728E7,7.43616E7,7.529689E7,8.3637896E7,7.121203E7,8.476562E7,8.928821E7,0,
945,195.11301587468185,4.4253807,,,,,,,,,,,1.7685178E7,1.6342971E7,2.0736122E7,1.7982494E7,1.6506335E7,1.712738E7,1.8682286E7,2.083661E7,2.1053872E7,1.9454398E7,2.1457644E7,2.293226E7,2.086076E7,1.6380532E7,2.0636222E7,1.9026194E7,2.0007458E7,1.9165966E7,1.7222202E7,2.0084798E7,1.82834E7,2.2155576E7,2.2893052E7,0,
946,254.161324374098,4.4261355,,,,,,,,,,,1.0697104E9,1.02113965E9,1.1746285E9,1.0523113E9,1.0142786E9,9.6097965E8,1.04815936E9,1.126049E9,1.1120776E9,1.0399276E9,1.1273622E9,1.1845801E9,1.1334793E9,9.729758E8,1.133166E9,1.02846976E9,1.1177572E9,1.0418076E9,1.0157616E9,1.1177604E9,9.9849536E8,1.1765975E9,1.1386001E9,0,
947,243.10903497193974,4.427823,,,,,,,,,,,9821578.0,1.0133575E7,1.0548502E7,1.0602009E7,1.0491353E7,9105832.0,1.1166521E7,1.0573133E7,1.1523537E7,1.0189271E7,1.1648623E7,1.1450891E7,9430548.0,1.0253802E7,1.1170122E7,1.0080805E7,1.100438E7,8943015.0,9523935.0,1.0851778E7,9393941.0,1.105831E7,9192555.0,0,
948,391.20918015791483,4.435565,,,,,,,,,,,1.4767979E7,1.2924316E7,1.3512661E7,1.5441398E7,1.3969385E7,1.3277717E7,1.5130631E7,1.8181392E7,1.6666097E7,1.3951168E7,1.7226508E7,1.7546042E7,1.3785237E7,1.8357054E7,1.8252126E7,1.9670736E7,1.9535868E7,1.8655438E7,2.0929756E7,1.5512036E7,1.5488691E7,1.8168454E7,1.4627516E7,0,
949,491.2506466450159,4.44184,,,,,,,,,,,2.229401E7,2.0273286E7,3.0169498E7,2.7452718E7,3.4190932E7,3.3314406E7,3.712436E7,4.2125756E7,4.640003E7,3.45241E7,4.132309E7,4.4280844E7,3.7238496E7,3.9352316E7,3.4388556E7,3.6561256E7,3.9068124E7,3.776302E7,4.148431E7,4.3006E7,4.066143E7,4.4251204E7,3.855915E7,0,
950,525.2312600774752,4.447471,,,,,,,,,,,1.1657627E7,1.1677594E7,1.2656074E7,1.4546929E7,1.3814636E7,1.0044613E7,1.1936812E7,1.3471337E7,1.5311673E7,1.168463E7,1.3513443E7,1.3401362E7,1.1914207E7,1.3584818E7,1.186687E7,1.2776837E7,1.3013655E7,1.4094465E7,1.3597221E7,1.4806065E7,1.317648E7,1.3948989E7,1.3238852E7,0,
951,233.14974637675965,4.457006,,,,,,,,,,,0,0,0,0,5.7116484E7,0,0,0,0,0,0,0,0,0,0,0,0,0,0,0,0,0,0,0,
952,237.12352357975436,4.457006,,,,,,,,,,,0,0,0,0,2.115259E7,0,0,0,0,0,0,0,0,0,0,0,0,0,0,0,0,0,0,0,
953,513.2873118303893,4.4570456,,,,,,,,,,,3.3169442E7,3.6413612E7,3.8461E7,3.8608184E7,3.976736E7,5005117.5,6091582.5,8872098.0,2830536.0,9208967.0,8351274.0,6747113.5,7008991.5,1.5471727E7,1.5456089E7,1.4854608E7,1.421661E7,1.7583886E7,1.5106209E7,9310796.0,1.0377535E7,7693923.0,1.0656268E7,0,
954,1025.5675914469903,4.457476,,,,,,,,,,,8.5572376E7,9.268764E7,9.007541E7,8.2746024E7,1.2970425E8,1.5483943E7,1.7402142E7,2.430033E7,8099514.0,2.2249594E7,2.2937732E7,1.864073E7,1.7319318E7,4.8629932E7,4.4456124E7,4.4465028E7,4.1790452E7,4.5299104E7,3.938109E7,3.0039006E7,2.7128008E7,2.0836738E7,2.8955106E7,0,
955,138.05504433361898,4.4586635,,,,,,,,,,,1.1857773E7,1.1379751E7,1.2282097E7,1.2777775E7,9566078.0,1.2138886E7,1.2048897E7,1.2691823E7,1.346112E7,1.1660385E7,1.1908235E7,1.3443335E7,1.2152619E7,1.3416937E7,1.3823201E7,1.4089262E7,1.4208307E7,1.5177591E7,1.4905471E7,1.2860385E7,1.1793974E7,1.2263903E7,1.2480783E7,0,
956,674.385270510444,4.4117737,,,,,,,,,,,1.340663E7,1.5257132E7,1.5512862E7,1.3398915E7,1.5054232E7,0,1.8202022E7,1.7433572E7,2.0099926E7,1.6708687E7,1.6163558E7,1.927768E7,2.0395772E7,1.31795E7,1.556559E7,1.8559564E7,1.5555132E7,1.5367725E7,0,1.5242682E7,1.9661278E7,1.413508E7,0,0,
957,983.557295317204,4.472338,,,,,,,,,,,0,0,0,0,0,1.9142856E7,1.8413144E7,1.8620496E7,2.0143356E7,1.6865506E7,1.9394362E7,2.0506494E7,1.6583417E7,2.2484728E7,2.1076922E7,2.011804E7,1.923445E7,2.1361786E7,1.8016522E7,2.18651E7,1.806186E7,1.9699898E7,1.9683712E7,0,
958,689.4352537228826,4.408812,,,,,,,,,,,2.6459372E7,3.540975E7,0,2.7433792E7,5.066481E7,0,4.4866172E7,3.8269644E7,0,2.9764316E7,0,3.625944E7,4.0053676E7,3.10101E7,3.9256164E7,4.8626304E7,0,4.132475E7,0,3.6452084E7,4.378785E7,3.1721032E7,0,0,
959,838.4462994428396,4.414976,,,,,,,,,,,2.4707594E7,2.7066466E7,0,2.423714E7,1.664158E7,3.7188988E7,2.5695276E7,2.311694E7,0,1.3210066E7,2.0409656E7,0,1.1718859E7,1.5945182E7,2.7687808E7,3.592421E7,3.0890406E7,2.1409762E7,3.5025664E7,2.3789466E7,1.3062864E7,1.4145316E7,0,0,
960,776.3474555772697,4.4738646,,,,,,,,,,,5.1327388E7,5.0435536E7,4.650136E7,4.8113064E7,3.9977496E7,3235121.5,3718891.8,5391853.5,1585914.2,5706177.5,5093951.0,3500710.2,3578045.5,1.1468409E7,1.2389973E7,1.0810333E7,1.0958003E7,1.2508526E7,9609527.0,7169208.5,6751600.0,4501072.0,7577400.0,0,
961,259.0922551147036,4.404207,,,,,,,,,,,0,0,0,0,1.7323336E7,0,2600993.8,0,0,0,0,0,0,2511296.8,2660769.5,2693922.2,1761377.1,2386884.0,3167813.2,2528326.8,2410339.8,2285066.2,0,0,
962,805.3918919982947,4.4758534,,,,,,,,,,,1.070875E7,1.0313121E7,1.3260466E7,1.0067773E7,1.6370905E7,1.599564E7,1.6950934E7,1.5852803E7,1.6373823E7,1.4962864E7,1.6554407E7,1.7983622E7,1.4738719E7,1.7530056E7,1.71377E7,1.5258416E7,1.682434E7,1.761511E7,1.5631794E7,1.6471687E7,1.5821459E7,1.6669983E7,1.8531318E7,0,
963,1001.5098469560344,4.4810805,,,,,,,,,,,2.7992956E7,2.3574208E7,1.5793015E7,1.796834E7,5147769.5,0,7299990.5,8125211.5,6401974.0,8023242.5,0,6925916.0,6432626.0,1.3154651E7,1.614497E7,0,1.3988057E7,1.278398E7,1.1811574E7,1.0409614E7,8154760.0,7745908.5,6716829.5,0,
964,877.5514567909848,4.510754,,,,,,,,,,,1.1466797E7,8524996.0,1.378752E7,1.0667055E7,1.5324002E7,1.3921377E7,1.6814138E7,1.4683403E7,1.3924084E7,1.2471883E7,1.4612104E7,1.6449161E7,1.366703E7,1.4773802E7,1.6010338E7,1.3216349E7,1.5616551E7,1.4011145E7,1.2698082E7,1.5623471E7,1.3655351E7,1.7110272E7,1.2975868E7,0,
965,276.17076797533645,4.5132384,,,,,,,,,,,1.6094191E7,1.5207676E7,1.6677406E7,1.5911868E7,1.855291E7,1.6367278E7,1.8299944E7,1.8653718E7,1.7699132E7,1.5435325E7,1.811317E7,1.9139592E7,1.6784542E7,1.8004432E7,1.86046E7,1.4949225E7,1.784849E7,1.810779E7,1.6291753E7,1.790629E7,1.7229502E7,1.8201574E7,1.6196183E7,0,
966,226.15510242508026,4.5211687,,,,,,,,,,,3.3611402E8,3.2780138E8,2.9782314E8,3.0519446E8,3.038345E8,3.306995E8,3.4876726E8,3.703506E8,3.5758387E8,3.291645E8,3.4759194E8,3.683347E8,3.2467347E8,3.4845187E8,3.0992957E8,3.32293E8,3.3752058E8,3.7315645E8,3.6094176E8,3.8463E8,3.064424E8,3.7133568E8,3.5129475E8,0,
967,209.1285656270619,4.521227,,,,,,,,,,,2.9795158E7,2.518815E7,2.5930496E7,2.5684486E7,2.5139102E7,2.6241768E7,3.071519E7,3.1670674E7,3.0314944E7,2.902053E7,2.9338724E7,3.19422E7,2.9489796E7,2.8969928E7,2.5644652E7,2.9844156E7,3.0089324E7,3.1466856E7,2.8275348E7,3.2244734E7,2.4560458E7,3.187763E7,3.1043076E7,0,
968,627.37195208583,4.5816693,,,,,,,,,,,1.0902651E7,0,6345961.0,8670904.0,1875041.1,7348381.0,0,8544596.0,9893528.0,9029336.0,9163587.0,7775369.5,9724609.0,9741149.0,1.0659996E7,9843891.0,1.0195754E7,0,8946450.0,8857575.0,9747588.0,8893488.0,8120397.0,0,
969,674.3515043689971,4.5415587,,,,,,,,,,,1.4879303E7,1.3920662E7,1.5323189E7,1.3819888E7,1.1160156E7,2.0304798E7,2.1065386E7,2.0972668E7,2.0430734E7,1.9627562E7,2.166882E7,2.173545E7,2.1618906E7,2.3247478E7,2.2148342E7,2.3382622E7,2.1930798E7,2.2678218E7,2.2951946E7,2.159732E7,2.0910664E7,2.1712728E7,2.4182216E7,0,
970,376.1882118667208,4.5740113,,,,,,,,,,,5.1546424E7,4.4606856E7,3.431458E7,3.9797644E7,1.7733502E7,2.2606508E7,2.5929486E7,2.6834472E7,2.6103898E7,2.630807E7,2.6934764E7,2.7246634E7,2.7969378E7,3.3006918E7,3.3672436E7,3.401695E7,3.205936E7,3.0264442E7,3.0628254E7,2.982376E7,2.8068002E7,2.728862E7,2.7354722E7,0,
971,244.09279955577114,4.551021,,,,,,,,,,,0,0,0,0,2.0925528E7,0,0,0,1052783.8,0,0,0,0,0,0,0,0,0,0,0,0,0,0,0,
972,487.1786483512489,4.5683093,,,,,,,,,,,0,0,0,0,1.6746096E7,0,0,0,0,0,0,0,0,0,0,0,0,0,0,0,0,0,0,0,
973,415.2552981134055,4.5814776,,,,,,,,,,,8061405.0,7962822.0,8828382.0,7702992.0,9850296.0,1.1016503E7,1.0211689E7,1.109137E7,1.065141E7,9938149.0,1.0528882E7,1.0760639E7,1.1207437E7,1.1186456E7,1.1527507E7,1.1466225E7,1.0765517E7,1.1013569E7,1.0235824E7,1.0577084E7,1.0321902E7,1.0492055E7,1.0453096E7,0,
974,546.2599233573858,4.578199,,,,,,,,,,,9365930.0,9540221.0,1.2889787E7,8348532.5,7561106.5,1.0921728E7,1.1351916E7,1.2020205E7,1.321527E7,1.1274386E7,1.2374053E7,1.2369874E7,1.4834692E7,1.016828E7,1.3283505E7,1.3189986E7,1.2614994E7,1.1589568E7,1.0907529E7,1.1540093E7,1.3086431E7,1.2439832E7,1.1814275E7,0,
975,427.2553446853259,4.581746,,,,,,,,,,,4627833.5,4161491.2,4843565.5,4225108.0,3629612.8,8639456.0,9139720.0,1.0117474E7,1.0545337E7,8377892.5,9886577.0,9678023.0,1.0505461E7,8443698.0,9190945.0,8620598.0,8708482.0,7585174.0,7794791.0,8833704.0,8888994.0,8905513.0,9079231.0,0,
976,470.29777709646567,4.5870132,,,,,,,,,,,9550600.0,8977003.0,1.0304556E7,8922399.0,1.0031145E7,9894934.0,1.0791599E7,1.1718275E7,1.0320178E7,9724973.0,1.0509754E7,1.0095971E7,1.1516137E7,1.099906E7,1.1532717E7,1.0771554E7,1.1330641E7,9226529.0,9873013.0,1.069101E7,1.08686E7,1.0422742E7,9983540.0,0,
977,316.1640965538149,4.5893335,,,,,,,,,,,6149494.5,5330812.0,7042623.0,5667371.5,0,2773993.8,2776720.5,5249062.0,2149777.0,3018025.8,3974619.8,2953948.0,2187592.2,3756578.5,4715214.0,4074201.8,4031144.2,3415575.0,3454932.8,4631399.0,5248837.5,4668164.0,2509005.5,0,
978,730.3599145869467,4.600543,,,,,,,,,,,1.7094118E8,1.7050016E8,1.89539E8,1.8305189E8,1.695794E8,1.2892742E8,1.435152E8,1.6347154E8,1.2336036E8,1.3068614E8,1.312918E8,1.2795031E8,1.4845958E8,1.4865162E8,1.7758824E8,1.740016E8,1.7282387E8,1.422848E8,1.549482E8,1.6344021E8,1.6129411E8,1.4223358E8,1.4910282E8,0,
979,507.22797153188816,4.6032,,,,,,,,,,,8375700.5,5681197.5,4009535.2,4683345.0,1549983.0,3486117.2,3985962.2,4342284.5,3838083.5,3421155.2,4005919.2,3619721.8,4052157.5,5182179.5,4994840.5,4428988.0,5060421.5,4555388.5,4860490.5,4925884.0,4612820.5,4248204.0,4159298.2,0,
980,209.10344758443173,4.6047654,,,,,,,,,,,6767475.5,6856529.0,7203850.0,7308254.0,6286136.5,6525848.5,7168913.5,8331306.5,6893617.5,6224715.5,6670680.5,6770845.5,7397406.5,6403295.5,6734017.0,6832589.5,6835161.0,6095995.0,6179272.5,6974501.0,7374639.0,6513478.5,6425742.0,0,
981,514.2877773725048,4.6054506,,,,,,,,,,,8.2944904E7,8.027952E7,8.7517096E7,8.130984E7,6.5394696E7,7.770628E7,8.310249E7,1.0303489E8,8.594211E7,7.007702E7,7.767241E7,7.6538296E7,8.562786E7,8.257494E7,7.86485E7,9.073275E7,9.179848E7,7.405649E7,7.679363E7,8.400243E7,9.115851E7,8.366349E7,8.5926024E7,0,
982,627.3720030723199,4.6054573,,,,,,,,,,,9326920.0,8009993.0,6231114.5,7414144.5,0,7841213.0,7981942.5,8486207.0,8870765.0,7343825.5,8102272.5,0,8754796.0,9748034.0,9491818.0,9234305.0,1.0016428E7,9156537.0,9097908.0,8774521.0,8263623.5,8725144.0,8240020.5,0,
983,515.2907717641605,4.603317,,,,,,,,,,,2.7956192E7,2.0692046E7,2.2899092E7,2.1304376E7,1.69701E7,2.1584302E7,2.3949986E7,2.7090502E7,2.6787844E7,0,2.2261378E7,2.2314292E7,2.5465288E7,2.1682884E7,2.0212158E7,2.347686E7,2.4425378E7,1.926229E7,2.006808E7,2.2599126E7,2.8117512E7,2.4030188E7,2.5935562E7,0,
984,555.2454699479445,4.626907,,,,,,,,,,,1.0218757E7,7583378.0,2.5274504E7,1.0329249E7,1.28874776E8,9.606783E7,8.433933E7,9.03093E7,9.371688E7,7.368793E7,8.842708E7,8.144684E7,8.866115E7,7.08856E7,6.0834696E7,6.814907E7,7.122321E7,6.6424244E7,6.711896E7,6.763345E7,7.415607E7,8.146769E7,8.510569E7,0,
985,644.3407195150769,4.632187,,,,,,,,,,,7933862.0,7936422.0,6977651.5,6918977.0,7887932.0,1.2947122E7,1.2196528E7,1.2184817E7,1.3071987E7,1.1313391E7,1.1693587E7,1.1106738E7,1.22113E7,1.4323936E7,1.165717E7,1.2490325E7,1.2950284E7,1.2883093E7,1.2859582E7,1.0710265E7,1.2373575E7,1.3548195E7,1.1926027E7,0,
986,415.25523858466215,4.5980263,,,,,,,,,,,9131352.0,9345797.0,8830051.0,8618322.0,8784912.0,1.0482916E7,0,1.1554862E7,1.1149381E7,0,0,0,1.1550609E7,1.0905385E7,1.2681852E7,1.2471124E7,1.1744696E7,1.0141414E7,1.0506433E7,1.0743378E7,1.256653E7,1.1186845E7,1.0763041E7,0,
987,427.2552906483007,4.5900044,,,,,,,,,,,5263213.0,0,4951377.0,4568452.0,3910783.2,9548093.0,0,1.0347554E7,1.2234279E7,0,0,9421690.0,1.0707698E7,8183978.5,1.056537E7,9067237.0,9463613.0,7290166.0,8074326.5,8976138.0,9889684.0,9935473.0,9089714.0,0,
988,470.29765742857444,4.5969353,,,,,,,,,,,1.1299314E7,1.0729912E7,1.038456E7,1.0276034E7,1.0303224E7,1.0415187E7,1.1652494E7,1.1643726E7,1.2026248E7,0,0,0,1.1943875E7,1.0513881E7,1.3033888E7,0,1.1747972E7,9642255.0,1.0222652E7,1.0881887E7,1.2800228E7,1.1233668E7,1.0717465E7,0,
989,376.18823579613075,4.601902,,,,,,,,,,,4.6452876E7,4.9611144E7,3.601638E7,4.473493E7,1.4586467E7,2.5467718E7,0,2.8468798E7,0,0,2.724947E7,0,2.9058476E7,3.1557E7,3.7586812E7,3.1612606E7,3.49517E7,3.1180982E7,3.1329634E7,3.029077E7,3.3444832E7,2.9647078E7,2.6301466E7,0,
990,316.1867451935479,4.644669,,,,,,,,,,,1.150159E8,9.424641E7,7.0941864E7,8.767979E7,9691500.0,1.3878349E8,1.3064938E8,1.4077794E8,1.377033E8,1.2715687E8,1.3025559E8,1.3099176E8,1.382323E8,1.2800662E8,1.2308936E8,1.1221687E8,1.1520386E8,1.2168224E8,1.1529254E8,1.3815842E8,1.3237215E8,1.3764862E8,1.32773544E8,0,
991,449.23971991244065,4.6514573,,,,,,,,,,,8049948.5,7980076.5,1.2637949E7,9309801.0,2.225807E7,2.1049716E7,2.0810248E7,2.211807E7,2.2413654E7,1.8591158E7,2.08916E7,2.1384992E7,2.1200638E7,2.0761546E7,1.9522402E7,1.7115562E7,1.8192922E7,1.961326E7,1.7458652E7,1.9273656E7,2.0517346E7,1.9585294E7,1.9552142E7,0,
992,631.3667545458028,4.652947,,,,,,,,,,,6636372.0,4403975.5,2946478.0,3600380.2,1602926.8,8524411.0,7193932.5,8605203.0,8250545.0,7981480.5,7745969.0,7924479.5,8190516.0,6810844.5,6804955.5,5587601.0,5917690.0,6823696.0,6287307.0,8490607.0,7854440.5,8027888.5,8169346.5,0,
993,499.287809860907,4.6525636,,,,,,,,,,,0,0,1642621.0,0,4510512.5,8202397.0,7758614.5,8595912.0,9483373.0,7134599.5,8221672.0,8438984.0,8353489.0,6884562.0,6815488.5,5517049.0,6690858.5,7230032.0,5967154.5,6426997.0,6628351.0,6941293.0,7018609.0,0,
994,674.3518021934935,4.6164994,,,,,,,,,,,1.5952218E7,0,1.4700249E7,1.5647896E7,1.2991668E7,1.9070184E7,0,2.214208E7,2.1987456E7,0,2.234462E7,1.8722946E7,2.3032348E7,2.1955276E7,2.396167E7,2.3050814E7,2.3187902E7,1.9670826E7,1.9910842E7,2.0892972E7,2.3503562E7,2.2551686E7,1.9721918E7,0,
995,619.2911877884147,4.66331,,,,,,,,,,,1.9889564E7,1.9240268E7,2.6528138E7,1.9849496E7,3.915006E7,3.9088624E7,4.0972824E7,3.9970796E7,3.892611E7,3.420354E7,3.692736E7,3.65958E7,3.5307344E7,3.8194492E7,3.7445556E7,3.535081E7,3.4936284E7,3.5896836E7,3.9555944E7,3.879832E7,3.55716E7,3.6437484E7,4.2910784E7,0,
996,360.21290529096,4.667215,,,,,,,,,,,1.2503491E7,1.2337404E7,1.5848623E7,1.2116736E7,1.9770314E7,1.8306588E7,1.8576132E7,1.8461534E7,2.0596616E7,1.8529878E7,1.9441214E7,1.8740938E7,1.6927234E7,1.7877474E7,1.9959052E7,1.8920534E7,1.7747156E7,1.6666861E7,1.7768532E7,1.7236294E7,1.9834184E7,1.8697444E7,1.8355382E7,0,
997,540.3088543006332,4.677354,,,,,,,,,,,9219177.0,1.2324177E7,1.0734955E7,1.2480778E7,1.25812E7,0,0,0,0,0,0,0,0,0,0,0,0,0,0,0,0,0,0,0,
998,528.3032466257754,4.6818604,,,,,,,,,,,2.0819462E7,2.2882232E7,2.0857644E7,2.1942176E7,2.1794628E7,2.4418254E7,2.5440528E7,2.2668338E7,2.4302036E7,2.183508E7,2.3644282E7,2.2645772E7,2.1202186E7,2.3954568E7,2.544865E7,2.5220308E7,2.368586E7,2.3506678E7,2.8777972E7,2.6275792E7,2.2377182E7,2.2017572E7,2.8617346E7,0,
999,590.2133237683586,4.6887317,,,,,,,,,,,1.3513082E7,1.4769626E7,1.3425515E7,1.572935E7,1.1815276E7,1.3446858E7,1.3695192E7,1.3333236E7,1.272699E7,1.1482929E7,1.2542316E7,1.237829E7,1.0927867E7,1.2379746E7,1.2811889E7,1.1472462E7,1.3799313E7,1.3190637E7,1.5679458E7,1.4375135E7,1.2271771E7,1.0607093E7,1.5009617E7,0,
1000,576.3508387038628,4.6941395,,,,,,,,,,,2.5498528E7,2.9153574E7,2.6888254E7,2.8473004E7,3.1473538E7,3.145207E7,3.5339236E7,3.0892878E7,3.099737E7,0,2.9535284E7,3.1984936E7,2.8968104E7,2.998377E7,3.3365874E7,3.2548134E7,2.9613042E7,3.089868E7,3.473164E7,3.264184E7,3.212748E7,2.9204588E7,3.4744644E7,0,
1001,286.1761825938549,4.7064724,,,,,,,,,,,1.4108011E7,0,1.453887E7,1.5480678E7,2.7045212E7,3.5422896E7,3.2995342E7,3.4220124E7,4.112997E7,2.8482666E7,3.1439874E7,3.8528308E7,3.6773764E7,2.439066E7,2.6268578E7,2.2750204E7,2.2545982E7,2.5060564E7,2.7800918E7,2.8450566E7,2.7195744E7,3.0503886E7,3.6094852E7,0,
1002,213.1234522634637,4.711465,,,,,,,,,,,8863953.0,6683487.0,6132734.0,7495125.5,9395600.0,7567538.5,8077499.5,8820563.0,8484881.0,7652289.0,7366905.0,8491023.0,8280177.5,7618678.0,8488568.0,7579609.0,7577008.5,8246923.5,9231345.0,8068407.5,7944953.5,8005553.0,9544311.0,0,
1003,346.1972821372658,4.711473,,,,,,,,,,,3.502596E7,3.2070452E7,3.0581192E7,3.704302E7,3.9661916E7,3.3899496E7,3.67746E7,4.136792E7,3.521742E7,3.480455E7,3.3364716E7,3.7607844E7,3.481996E7,3.624885E7,3.902931E7,3.429379E7,3.5324936E7,3.7812628E7,4.1238116E7,3.124834E7,3.334352E7,3.3446334E7,4.1386124E7,0,
1004,188.0706770741676,4.726038,,,,,,,,,,,2.9856496E8,3.149069E8,1.3004152E8,1.2474231E7,9.027839E8,1.8791648E8,1.5207563E8,1.8524214E8,4.2455068E7,1.6567425E7,1.322832E7,4001481.5,9.867937E7,1.9884466E8,2.146595E8,1.968091E8,2.0423046E8,2.2609738E8,2.7377997E8,2.879281E8,2.1664234E8,2.3840693E8,2.1579618E8,0,
1005,159.0917375578623,4.726223,,,,,,,,,,,7885894.5,9219136.0,3530582.0,0,2.7710314E7,5234173.0,4335093.0,5281210.5,1239385.0,0,0,0,2643727.2,6330279.5,7095785.5,6613191.0,6833908.0,6273024.5,7154464.0,8908493.0,6364250.0,7035665.5,5560777.5,0,
1006,146.06011937724642,4.726207,,,,,,,,,,,2.8059542E7,2.9821576E7,1.2117373E7,1433329.9,8.434759E7,1.6082769E7,1.451161E7,1.728948E7,4181846.8,1671553.6,1435661.1,0,8867500.0,2.0328458E7,1.9684E7,1.7607232E7,1.9088422E7,2.0624086E7,2.5976102E7,2.6641266E7,2.0211812E7,2.276657E7,1.9195264E7,0,
1007,132.08096026885104,4.7271905,,,,,,,,,,,5229168.5,5631877.5,2211332.8,0,1.6294548E7,3512269.5,3044126.5,3196061.2,0,0,0,0,1532541.2,3438195.8,3624827.5,3372861.2,3753800.5,3611834.0,4594083.0,5259738.0,3882099.8,4167074.5,3637452.2,0,
1008,144.08084896387564,4.727649,,,,,,,,,,,1.4542567E7,1.5690517E7,6663116.5,0,4.283727E7,9271141.0,7474620.5,8889690.0,2126684.5,0,0,0,4365932.0,1.0738675E7,9883505.0,9282837.0,1.0265022E7,1.0654173E7,1.3197917E7,1.4264985E7,1.0702538E7,1.1520686E7,1.0157512E7,0,
1009,205.09728995378242,4.727206,,,,,,,,,,,1.5284077E8,1.6253702E8,7.0172296E7,6111010.0,5.2485094E8,1.0762479E8,7.079995E7,9.688613E7,2.505565E7,9107353.0,6393945.5,2382154.8,5.4321244E7,8.6035704E7,1.15732296E8,1.0407589E8,1.0182414E8,1.1728486E8,1.3458885E8,1.4840955E8,1.0581789E8,1.22093816E8,1.3054475E8,0,
1010,170.06010822178274,4.7281957,,,,,,,,,,,6714660.0,7231921.5,2739418.2,0,2.0486854E7,3988449.8,3493687.8,3874765.0,0,0,0,0,2158162.8,4673900.5,4495955.5,4331422.0,4501101.0,5037794.5,6265661.0,6216991.5,4979898.5,5352581.5,4356473.5,0,
1011,254.16121985325483,4.737446,,,,,,,,,,,3.584569E8,3.4944013E8,3.8555082E8,3.206045E8,3.1597683E8,4.0017574E8,3.74116E8,4.251552E8,3.951099E8,3.910084E8,3.825972E8,3.9512595E8,4.4289616E8,3.5421648E8,4.3617392E8,3.481474E8,4.0848368E8,3.6792832E8,4.241042E8,3.8991997E8,3.818353E8,4.113751E8,4.0841328E8,0,
1012,723.4413405967109,4.737878,,,,,,,,,,,6554143.0,8892968.0,1.103778E7,8593212.0,1.1453503E7,1.2520921E7,1.1421582E7,1.1479777E7,1.1486299E7,1.1713652E7,1.3106264E7,1.2462096E7,1.3593551E7,1.3867767E7,1.5704267E7,1.1717562E7,1.3466962E7,1.2883748E7,1.6246136E7,1.2110903E7,1.2526932E7,1.3836164E7,1.2242916E7,0,
1013,133.0318945736287,4.7414546,,,,,,,,,,,1.134102E8,9.044486E7,9.524652E7,7.9816104E7,7.381381E7,1.1733269E8,1.1081646E8,1.1870965E8,1.3279469E8,1.1463603E8,1.1212126E8,1.1695972E8,1.3055463E8,9.979745E7,1.0847337E8,1.0868329E8,9.6048696E7,1.0178748E8,1.2211451E8,1.1452141E8,1.1064902E8,1.2347496E8,1.3371262E8,0,
1014,150.05840947759384,4.7422533,,,,,,,,,,,3.957715E8,3.2517648E8,3.4120224E8,2.8952173E8,2.6613339E8,4.1991888E8,3.996254E8,4.26587E8,4.7370915E8,4.0431856E8,4.035703E8,4.185534E8,4.6482835E8,3.614041E8,3.812411E8,3.8344067E8,3.429314E8,3.709631E8,4.2674806E8,4.0669856E8,3.9434435E8,4.36795E8,4.7660653E8,0,
1015,1079.609909814324,4.754298,,,,,,,,,,,5.5812148E7,6.838011E7,8.4904184E7,6.349626E7,9.033829E7,0,0,0,0,0,0,0,0,0,0,0,0,0,0,0,0,0,0,0,
1016,209.10341754068463,4.754851,,,,,,,,,,,1.0256335E8,1.1058797E8,1.1436829E8,1.1068463E8,1.1308268E8,1.2020346E8,1.194375E8,1.1397304E8,1.213901E8,1.2208962E8,1.3240838E8,1.3677691E8,1.3086863E8,1.1532585E8,1.3006696E8,1.2032068E8,1.1739349E8,1.2959301E8,1.151137E8,1.2896725E8,1.2861417E8,1.316662E8,1.3330253E8,0,
1017,375.22394482487266,4.7549424,,,,,,,,,,,2.5119168E7,2.865147E7,2.9342368E7,2.7702434E7,2.9086766E7,2.7962172E7,2.8368712E7,2.7699578E7,2.9455584E7,2.9797222E7,3.2505696E7,3.4848276E7,3.54384E7,3.2089566E7,3.659049E7,3.3006788E7,3.154199E7,3.467967E7,2.975697E7,3.25442E7,3.30218E7,3.3169756E7,3.279563E7,0,
1018,435.2271624913286,4.7592964,,,,,,,,,,,5317487.0,5859277.5,7127942.0,5919221.0,9156329.0,1.0658814E7,9502298.0,8717541.0,9017454.0,9162546.0,1.116009E7,1.1030979E7,1.1039361E7,1.0647652E7,1.072174E7,9353521.0,9841416.0,1.0374226E7,9217114.0,9694312.0,9926656.0,1.1081953E7,1.1722957E7,0,
1019,348.1587915671961,4.7595043,,,,,,,,,,,0,0,1208790.1,0,1.6546574E7,1.3736586E7,1.1205478E7,9643166.0,1.2628908E7,7992736.0,1.3854583E7,1.2770715E7,1.2618449E7,6666596.5,6281155.0,6329427.0,6560748.0,6512568.5,6272140.0,9075131.0,8321958.5,9157551.0,1.267784E7,0,
1020,604.2984033709699,4.772639,,,,,,,,,,,1.4653176E8,1.6541318E8,1.6280446E8,1.508673E8,1.8849534E8,2.0824952E8,1.9822357E8,1.7761347E8,1.8419525E8,1.9414573E8,2.024497E8,1.8578403E8,1.973849E8,2.0033757E8,2.0517624E8,1.7790539E8,2.0429227E8,1.9239414E8,2.1058966E8,1.8742826E8,1.962818E8,2.0136526E8,2.1358098E8,0,
1021,267.1341072876114,4.8230324,,,,,,,,,,,0,0,0,1232590.2,2.4441782E7,1476127.5,0,1363017.9,1195758.4,1283648.5,1383436.5,1076556.5,0,0,1224527.1,1224444.4,1154629.5,0,1523517.0,1162102.9,1245400.2,1130892.6,1187095.5,0,
1022,709.425372305372,4.773411,,,,,,,,,,,9302829.0,9791413.0,9493159.0,8913872.0,1.3712125E7,1.479962E7,1.4427093E7,1.2189397E7,1.1435905E7,1.4174081E7,1.3939618E7,1.2901661E7,1.3531519E7,1.401921E7,1.3391684E7,1.3254597E7,1.6231008E7,1.4396985E7,1.3133898E7,1.1727787E7,1.4023178E7,1.3879322E7,1.4814673E7,0,
1023,456.2818826468432,4.7754383,,,,,,,,,,,6222038.5,5853440.5,4459828.0,4710202.0,2471685.0,8.641833E7,7.445448E7,6.202993E7,8.3904744E7,6.4197036E7,7.736093E7,7.213689E7,7.641016E7,5.951152E7,5.9196656E7,5.4159436E7,5.9166028E7,5.716779E7,5.8869532E7,6.505029E7,6.5795224E7,7.550562E7,7.3128936E7,0,
1024,560.2722027620587,4.777454,,,,,,,,,,,5.4531452E7,5.0081836E7,2.5715928E7,4.0379188E7,3071241.2,1.8267318E7,1.8136444E7,1.6777201E7,1.6557951E7,1.8530484E7,1.70686E7,1.5652519E7,1.7999446E7,2.567254E7,2.592126E7,2.4308558E7,2.6373234E7,2.6517502E7,2.4537898E7,2.517002E7,2.1468282E7,2.205236E7,2.0203586E7,0,
1025,190.1264045659918,4.7821994,,,,,,,,,,,0,0,0,0,1.0820475E7,0,0,0,0,0,0,0,0,0,0,0,0,0,0,0,0,0,0,0,
1026,836.4883232323322,4.7943707,,,,,,,,,,,0,0,0,0,0,2.3272328E7,2.1935976E7,1.949343E7,1.9827962E7,2.2216642E7,1.9219446E7,1.6477883E7,2.2951938E7,2.4014218E7,2.5770488E7,2.214618E7,2.4808276E7,2.0446144E7,2.041022E7,2.1182218E7,2.149607E7,2.177224E7,2.006169E7,0,
1027,978.562437564577,4.7968407,,,,,,,,,,,1.0483408E7,1.0773032E7,8737907.0,9944806.0,1.2056095E7,0,0,0,0,0,0,0,0,0,0,0,0,0,0,0,0,0,0,0,
1028,540.3090466242576,4.802557,,,,,,,,,,,8557980.0,1.0202823E7,1.2624148E7,1.1987108E7,9732236.0,0,0,0,0,0,0,0,0,0,0,0,0,0,0,0,0,0,0,0,
1029,189.12335917642477,4.8012137,,,,,,,,,,,1309115.0,1248712.8,0,1548753.2,1.2648738E8,0,0,0,0,0,0,0,0,3561486.0,3513594.8,3797001.5,3281353.5,3841637.5,3989109.8,0,0,0,0,0,
1030,441.2347158931714,4.806958,,,,,,,,,,,1.4780157E8,1.2128659E8,9.222757E7,1.4102982E8,3.401699E7,6.5447004E7,6.4806396E7,6.4275664E7,6.366314E7,7.3286136E7,5.7978636E7,5.2756396E7,6.781419E7,8.548638E7,8.988309E7,7.667269E7,8.698761E7,8.073599E7,8.59585E7,9.4388856E7,8.519309E7,7.284405E7,6.2134044E7,0,
1031,488.25152911592727,4.810927,,,,,,,,,,,5975484.0,5986199.0,4777087.0,5754194.0,4572364.0,1.1403255E7,1.0523337E7,9662317.0,1.0848187E7,9270518.0,1.0619244E7,8512546.0,1.140588E7,9172548.0,9655152.0,8412836.0,9102260.0,8271398.5,9326468.0,1.0653563E7,1.1843317E7,1.0388424E7,9745015.0,0,
1032,553.3351558717858,4.8121185,,,,,,,,,,,1.8867157E8,1.7873589E8,9.317057E7,1.663869E8,8067358.0,4.235976E7,4.46645E7,4.800579E7,3.717242E7,5.0552364E7,4.361413E7,3.2972378E7,5.009718E7,7.826642E7,8.0322696E7,7.0489096E7,7.803433E7,6.774076E7,7.583301E7,8.1008E7,7.3699256E7,6.713083E7,4.6953224E7,0,
1033,387.2239609985048,4.8213177,,,,,,,,,,,2.3411004E7,2.0664212E7,2.898659E7,2.5463622E7,3.594542E7,7.426371E7,6.3516156E7,6.3068516E7,7.074521E7,5.919445E7,6.762478E7,5.564487E7,7.018248E7,5.191758E7,5.3840572E7,4.931847E7,5.179803E7,4.685589E7,5.3417544E7,6.6399504E7,7.043811E7,6.184272E7,6.2590576E7,0,
1034,187.1078428140095,4.8237886,,,,,,,,,,,3242608.5,3031423.0,4138434.5,3671982.5,5282896.0,1.1370615E7,9705636.0,9066618.0,1.0197743E7,8762071.0,9886057.0,8057636.0,1.0297722E7,7688988.0,7761498.5,7716242.0,7376777.0,7050209.5,7872454.0,9690883.0,9871274.0,9045462.0,9758290.0,0,
1035,318.2023619005905,4.827418,,,,,,,,,,,5655933.5,4372864.0,7461956.5,5200190.0,2.339936E7,1.7058188E7,1.3928717E7,1.5319287E7,1.6214423E7,1.3742819E7,1.548343E7,1.3315955E7,1.5547264E7,1.1687018E7,1.3187994E7,1.1599708E7,1.2863848E7,1.1732445E7,1.2999211E7,1.4420395E7,1.5024532E7,1.3311553E7,1.6395959E7,0,
1036,279.13404607958245,4.833403,,,,,,,,,,,1.2700182E7,1.2473489E7,1.0213187E7,1.1894236E7,1.8991188E7,1.5457696E7,1.3875395E7,1.4986352E7,1.4230506E7,1.281903E7,1.330805E7,9827117.0,1.4884347E7,1.2885269E7,1.3833823E7,1.322977E7,1.3923687E7,1.3189301E7,1.3741323E7,1.4936178E7,1.617772E7,1.5342419E7,1.6558837E7,0,
1037,546.2601161848223,4.8351464,,,,,,,,,,,7211537.5,7377107.0,6632225.5,7884998.5,9627225.0,8967127.0,7252558.5,8529888.0,8244810.5,8708189.0,8325438.0,6866284.5,8641037.0,7582213.0,8019297.5,8132976.5,8441788.0,7904376.0,8185450.5,8801279.0,8764770.0,8199983.5,8671323.0,0,
1038,1117.5660188596057,4.845715,,,,,,,,,,,9181505.0,1.2064162E7,1.0296903E7,1.1731741E7,1.5476343E7,0,0,0,0,0,0,0,0,0,0,0,0,0,0,0,0,0,0,0,
1039,152.05667373670994,4.846197,,,,,,,,,,,0,0,0,0,9.70524E7,0,0,0,0,0,0,0,0,0,0,0,0,0,0,0,0,0,0,0,
1040,284.0990337399155,4.846197,,,,,,,,,,,0,0,0,0,7.204312E7,0,0,0,0,0,0,0,0,0,0,0,0,0,0,0,0,0,0,0,
1041,874.4441833919929,4.8481584,,,,,,,,,,,0,0,0,0,0,9889761.0,7250829.0,6550425.0,9633165.0,9980572.0,7743855.5,8084816.5,1.0524844E7,9077707.0,8989912.0,7955867.5,1.0050789E7,1.0071099E7,8421348.0,9968986.0,7493211.5,9851307.0,9740816.0,0,
1042,425.1798894465838,4.851704,,,,,,,,,,,1.2238639E7,1.0946527E7,1.6675668E7,1.3117508E7,2.4850556E7,4.739155E7,3.3078126E7,2.8571268E7,4.2356052E7,4.1971164E7,3.035204E7,3.54692E7,3.917068E7,2.8378068E7,2.8108126E7,2.9704832E7,2.6943426E7,2.8421732E7,2.6604422E7,3.5204764E7,3.3862956E7,3.5718028E7,3.9123876E7,0,
1043,494.23794820946176,4.8554616,,,,,,,,,,,0,0,0,0,0,1.4517253E7,1.0270015E7,7788340.0,1.4417365E7,1.2690446E7,8936499.0,1.1232226E7,1.2276985E7,8283756.0,8727058.0,8749269.0,7016308.5,8098046.5,7305261.5,1.00785E7,9761481.0,1.128288E7,1.0263617E7,0,
1044,322.05482419018387,4.8555074,,,,,,,,,,,0,0,0,0,2.818085E7,0,0,0,0,0,0,0,0,0,0,0,0,0,0,0,0,0,0,0,
1045,591.2908197513208,4.8558154,,,,,,,,,,,4.169038E7,4.4352856E7,2.4321038E7,3.712927E7,0,9743403.0,8508918.0,8602007.0,8041548.5,1.306317E7,7588793.0,8386573.5,1.0214236E7,1.654973E7,1.6517484E7,1.7334758E7,1.5031438E7,1.6882178E7,1.481468E7,1.6353237E7,1.3232972E7,1.3968105E7,1.1234618E7,0,
1046,642.2541931110761,4.8765993,,,,,,,,,,,1.542513E7,1.690817E7,2.0921226E7,1.4264498E7,1.9446038E7,2.1095654E7,2.304752E7,1.7381696E7,2.1350336E7,2.2196322E7,2.302583E7,1.8276362E7,2.013916E7,2.3394744E7,2.0952674E7,2.3877506E7,1.9253086E7,1.89013E7,1.835776E7,1.671332E7,2.2343972E7,1.9488894E7,2.0674856E7,0,
1047,226.15505311995895,4.8930597,,,,,,,,,,,3.0314922E7,3.0203396E7,3.3708124E7,2.6086206E7,2.6844652E7,2.9304998E7,3.3042482E7,2.7929416E7,2.5094072E7,3.1642782E7,3.467004E7,2.8970864E7,3.1677582E7,3.768093E7,3.2554582E7,3.191175E7,2.9447256E7,3.0708848E7,3.0735432E7,2.4926224E7,3.472127E7,2.922186E7,2.8983982E7,0,
1048,145.10841833398558,4.899255,,,,,,,,,,,0,0,0,0,0,0,0,0,0,0,0,0,0,2.8946204E7,2.805115E7,2.625827E7,2.5914508E7,2.5235876E7,2.0821712E7,0,0,0,0,0,
1049,628.3305400060327,4.906325,,,,,,,,,,,3.378812E7,2.9294322E7,3.1956898E7,2.5816626E7,3.2068982E7,2.92676E7,3.1607434E7,3.1174802E7,2.8239008E7,3.244395E7,3.5344852E7,2.9530396E7,2.6084088E7,3.7074148E7,3.2954438E7,3.339654E7,3.613343E7,3.7249136E7,3.595063E7,2.5759292E7,3.1804974E7,2.7143998E7,3.0473084E7,0,
1050,668.3618793891361,4.909618,,,,,,,,,,,4.9158396E7,4.781865E7,5.174191E7,4.001333E7,3.8754676E7,4.3320428E7,4.8683576E7,4.7169096E7,4.5461084E7,4.6547452E7,4.7064936E7,4.5076412E7,4.722755E7,4.3542264E7,3.8290964E7,4.6432836E7,4.708075E7,5.714041E7,5.6365868E7,3.580672E7,5.36613E7,3.7783824E7,4.884654E7,0,
1051,577.3536370831674,4.9160748,,,,,,,,,,,4.989766E7,4.7726708E7,6.028283E7,4.5431184E7,7.126887E7,6.2164124E7,6.886839E7,6.6431904E7,7.713198E7,7.5226024E7,7.979907E7,7.098697E7,0,7.882513E7,7.2413976E7,7.831291E7,6.9296136E7,8.460356E7,8.5573016E7,5.8360268E7,7.67424E7,6.0098976E7,0,0,
1052,576.3510793674521,4.910026,,,,,,,,,,,1.5246699E8,1.3499051E8,1.732591E8,1.18947384E8,1.9355818E8,1.813815E8,1.9858707E8,1.9620299E8,1.8963458E8,2.0534947E8,2.1683315E8,1.8097096E8,1.7506549E8,2.0774502E8,1.850826E8,2.126353E8,2.0665064E8,2.2959899E8,2.2020286E8,1.5232261E8,2.1154317E8,1.6225165E8,1.8605022E8,0,
1053,667.2895386076759,4.914828,,,,,,,,,,,8071633.5,7730151.5,7018146.0,5767882.5,6165411.0,5714091.5,6656146.5,6454206.0,7684117.0,8815849.0,8218654.0,6948281.5,5411727.0,7905863.5,7860382.0,8598680.0,8215270.0,9001053.0,0,6433554.5,0,6087260.5,6249527.5,0,
1054,666.2865918989677,4.912793,,,,,,,,,,,2.1784934E7,2.0442002E7,1.9624594E7,1.6601021E7,2.0507254E7,1.9395724E7,2.0546394E7,2.0613474E7,2.0459176E7,2.4091264E7,2.4137116E7,1.9571602E7,1.7395142E7,2.2417306E7,2.0804876E7,2.4613324E7,2.4502056E7,2.6751334E7,2.3754106E7,1.8989504E7,1.7888286E7,1.9067226E7,1.9933212E7,0,
1055,629.2465093888403,4.9251246,,,,,,,,,,,1.1287587E7,1.1583854E7,5961178.0,8489990.0,0,1862908.8,2517826.8,2819904.8,1952803.8,3044760.8,2714861.8,2242069.5,2195240.5,4262575.0,4095789.5,4821335.0,4345584.0,4818009.5,4387184.0,3835418.0,2962393.8,3123655.8,2650055.8,0,
1056,615.309702190336,4.9261384,,,,,,,,,,,1.9401184E7,2.1261182E7,2.338149E7,2.2478358E7,2.3433914E7,2.285035E7,2.4838108E7,2.435804E7,2.3922228E7,2.5752452E7,2.8897766E7,2.2832634E7,2.3850258E7,2.7099396E7,2.3919798E7,3.0183738E7,2.7519934E7,2.960244E7,2.5506436E7,2.005841E7,2.5129336E7,2.1831374E7,2.3092032E7,0,
1057,288.67891612894937,4.9240303,,,,,,,,,,,1.981092E7,2.0119712E7,2.7475092E7,2.1180558E7,2.369932E7,2.5426552E7,2.4586758E7,2.4805528E7,2.3218848E7,2.7629942E7,2.6710988E7,2.4060694E7,2.474473E7,2.853536E7,2.7721462E7,2.6586448E7,2.754715E7,2.8473384E7,2.8213924E7,2.2058598E7,2.625822E7,2.3193944E7,2.2969224E7,0,
1058,461.2872347782548,4.9264836,,,,,,,,,,,1.0916427E7,1.3504553E7,1.5289894E7,1.2318088E7,1.3987209E7,1.3633167E7,1.4149232E7,1.515134E7,1.4133292E7,1.5573456E7,1.6745602E7,1.441902E7,1.4137628E7,1.6436202E7,1.5959973E7,1.4725589E7,1.6243278E7,1.5535956E7,1.5468624E7,1.2419229E7,1.4443004E7,1.3313415E7,1.4202851E7,0,
1059,614.3067577029846,4.926944,,,,,,,,,,,5.87709E7,6.478966E7,7.263944E7,5.8358584E7,7.1317896E7,7.060911E7,7.613896E7,7.365825E7,7.143945E7,7.990665E7,8.5573544E7,7.164315E7,7.271792E7,8.136503E7,7.517342E7,8.3064E7,8.230717E7,8.8706456E7,7.8994104E7,6.125979E7,7.567589E7,6.732461E7,7.107104E7,0,
1060,706.3180735520874,4.940502,,,,,,,,,,,3.5198556E7,3.7564188E7,3.547912E7,3.2583362E7,2.903697E7,3.386481E7,3.0040188E7,3.533784E7,3.8705012E7,3.878987E7,3.5635156E7,3.876996E7,3.386464E7,3.025105E7,2.9572702E7,3.7866212E7,3.395199E7,4.3191388E7,4.330696E7,3.1041832E7,3.4611656E7,2.9960702E7,3.4608468E7,0,
1061,233.14958360101366,4.9406548,,,,,,,,,,,0,0,0,0,2.0606122E7,0,0,0,0,0,0,0,0,0,0,0,0,0,0,0,0,0,0,0,
1062,309.06124759846836,4.9406548,,,,,,,,,,,0,0,0,0,7366248.5,0,0,0,0,0,0,0,0,0,0,0,0,0,0,0,0,0,0,0,
1063,205.99814446881604,4.9442625,,,,,,,,,,,6723654.0,3416225.2,2748791.5,0,7806441.0,9980186.0,9415686.0,9917021.0,9712782.0,7262270.0,7691722.0,7088360.5,8960677.0,6393879.5,6979439.5,6479000.0,7792475.0,7657887.0,7558782.0,1.0380176E7,9486979.0,9140351.0,8266004.0,0,
1064,432.9944561445353,4.9500184,,,,,,,,,,,5254224.0,0,0,0,7031278.0,7992844.0,7540408.5,7832852.5,7487257.5,6473253.5,6609214.0,7462231.0,7289744.5,5650252.5,5115708.5,5157215.5,5550827.0,6835353.5,6179897.0,7517972.0,7171386.0,7382096.5,6095881.0,0,
1065,349.0329069066762,4.9509377,,,,,,,,,,,8509580.0,0,0,0,1.0378821E7,1.2250088E7,1.152774E7,1.2573633E7,1.095459E7,1.0012252E7,1.0964015E7,1.0868522E7,1.1077001E7,8875691.0,8539377.0,8073258.0,9031027.0,1.0739193E7,9267611.0,1.179009E7,1.0861956E7,1.1089947E7,9401054.0,0,
1066,272.1605288050951,4.953845,,,,,,,,,,,1.0357716E8,1.0308242E8,1.0024064E8,9.945493E7,3362424.8,3.6030812E7,4.376912E7,4.954306E7,3.492908E7,5.3743868E7,3.936527E7,3.8223532E7,4.327527E7,5.4508936E7,5.5700844E7,5.978995E7,6.3075532E7,6.1447212E7,7.024172E7,5.420739E7,5.648164E7,4.9563004E7,4.2633132E7,0,
1067,652.2627255180641,4.958281,,,,,,,,,,,3.3211178E7,3.2803126E7,3.693234E7,3.1194112E7,3.981184E7,4.616566E7,4.6179676E7,4.15865E7,4.4611964E7,4.2828716E7,4.440993E7,4.29049E7,4.8456428E7,3.8093004E7,3.4385844E7,4.3290852E7,4.410624E7,4.3759124E7,4.393661E7,3.991442E7,3.8660624E7,4.405027E7,4.004215E7,0,
1068,193.99810203465483,4.9591446,,,,,,,,,,,5.9258464E7,1.3203071E7,5566653.5,8773697.0,6.231724E7,7.2082216E7,7.415262E7,7.258769E7,6.838716E7,7.759293E7,7.009862E7,6.644768E7,7.766831E7,5.8727424E7,6.1580696E7,6.2631604E7,6.763728E7,6.4108348E7,6.108562E7,7.6590616E7,7.201108E7,7.30012E7,6.5208596E7,0,
1069,744.2738538064724,4.9597816,,,,,,,,,,,1.0618626E7,1.2074566E7,1.1981871E7,1.1314836E7,8576934.0,1.1135136E7,1.0428508E7,1.0759242E7,1.1083985E7,1.077863E7,9883377.0,1.0803641E7,1.1380693E7,1.0346837E7,9448549.0,1.0961456E7,1.163329E7,1.1569814E7,1.1848723E7,9681844.0,1.0402871E7,9985347.0,9519211.0,0,
1070,782.2295742773111,4.9655776,,,,,,,,,,,7697366.5,7031117.0,7832252.5,7800493.0,6676940.0,8219993.0,7834767.5,7524232.0,8842050.0,8079953.5,7951687.0,8445229.0,8659585.0,7653863.0,7524538.0,8329684.5,8679755.0,8701947.0,8249499.5,7893874.0,7595091.0,8119349.0,7147821.0,0,
1071,310.1163055499372,4.9646745,,,,,,,,,,,7.23357E7,7.739381E7,7.757665E7,7.896656E7,2123623.8,2.6937608E7,3.5276936E7,3.5508496E7,2.6585844E7,4.1621176E7,3.0393788E7,3.087169E7,3.3574988E7,4.1503796E7,3.9453516E7,4.4092364E7,4.839275E7,4.826967E7,5.3095104E7,4.0583572E7,4.2524636E7,4.0768984E7,3.2364384E7,0,
1072,736.2242019374837,4.9683833,,,,,,,,,,,1.5710352E7,1.0819067E7,1.3363908E7,1.2431033E7,2.0174754E7,2.2348886E7,2.2297768E7,1.9341546E7,2.3480504E7,2.051602E7,1.9768458E7,2.1567704E7,2.3079358E7,1.9008204E7,1.7391004E7,1.9098282E7,2.1256824E7,2.1391032E7,1.9602214E7,2.0117888E7,1.8228174E7,2.2297564E7,1.9559122E7,0,
1073,277.95940923546925,4.971859,,,,,,,,,,,7073169.5,1837008.5,0,1314438.4,7463466.0,8763184.0,1.00265E7,8543403.0,8703670.0,1.031932E7,9043854.0,8569771.0,9753203.0,7744852.5,7540017.5,7955741.5,8140047.0,8021307.5,7961190.0,9515286.0,8924982.0,9835712.0,8167423.0,0,
1074,361.9207093662562,4.972778,,,,,,,,,,,1.4240693E7,3626869.8,1386745.1,2541927.5,1.5461511E7,1.845493E7,2.1298272E7,1.6297474E7,1.9031844E7,2.0567288E7,1.8137324E7,1.8074176E7,1.9544888E7,1.7169966E7,1.5860593E7,1.5011314E7,1.7956342E7,1.6582025E7,1.5569612E7,1.8845004E7,1.7155498E7,2.0593828E7,1.594726E7,0,
1075,348.07226341180655,4.9735265,,,,,,,,,,,3.782923E7,3.7274044E7,3.5169496E7,4.0626544E7,1173960.5,1.5115361E7,2.0418424E7,1.879246E7,1.6005429E7,2.221752E7,1.6981644E7,1.8408622E7,1.9943446E7,2.4870576E7,2.3100236E7,2.315739E7,2.6778382E7,2.6558678E7,2.7989382E7,2.277455E7,2.2124544E7,2.4821656E7,1.7853546E7,0,
1076,820.1854895050436,4.975167,,,,,,,,,,,6413054.0,4774082.5,5941891.5,5143820.5,7777090.0,9133700.0,9077022.0,7466651.0,9132013.0,7931545.5,7912684.5,8741182.0,9631280.0,7958152.5,7547777.5,7596030.0,8469283.0,8642121.0,7668695.5,8530010.0,7296596.5,8955992.0,7660775.0,0,
1077,432.0338551802097,4.9783487,,,,,,,,,,,2.77941E7,2.8142888E7,2.6665816E7,2.9513496E7,0,1.2134322E7,1.638179E7,1.4694612E7,1.3276448E7,1.778586E7,1.3032176E7,1.5096512E7,1.5400737E7,1.9984458E7,1.7941536E7,1.7314864E7,2.0851936E7,2.0879714E7,2.052155E7,1.798433E7,1.7063894E7,2.0451144E7,1.3885473E7,0,
1078,359.9050677528745,4.9996123,,,,,,,,,,,0,0,0,0,1.0538755E7,0,0,0,0,0,0,0,0,1071108.0,0,0,1103450.6,1223112.2,1255388.2,0,0,0,0,0,
1079,529.8439919470976,4.9906898,,,,,,,,,,,6566745.5,1900293.4,0,1340189.9,5887582.0,7567721.5,8873158.0,6573559.5,8760054.0,7629187.5,7576933.5,8490119.0,8479294.0,8103257.5,7473284.0,6761161.5,7243126.5,6804365.0,6013070.5,8548424.0,7535854.5,1.0118878E7,6594245.5,0,
1080,191.98243468853164,4.9956074,,,,,,,,,,,0,0,0,1114048.4,3.622538E7,0,0,0,0,0,0,0,0,3520011.8,3324177.8,3135998.8,3112764.2,3934365.0,3780047.0,0,0,0,0,0,
1081,518.1781498679044,5.0260067,,,,,,,,,,,7442963.0,4967369.5,7407151.0,6036376.5,9492211.0,2.421448E7,2.337855E7,2.6750064E7,2.4862192E7,1.9730306E7,2.2242824E7,2.633243E7,2.5443942E7,1.9985874E7,1.794826E7,2.1603156E7,1.8915402E7,2.0804292E7,1.8942706E7,2.0073112E7,2.2326396E7,2.7750096E7,2.278269E7,0,
1082,602.1397313030449,5.0259905,,,,,,,,,,,3823907.2,2489949.0,3560957.0,2907394.0,4523801.5,1.2018546E7,1.1751416E7,1.3307208E7,1.2781362E7,9770327.0,1.0815887E7,1.2571815E7,1.2818938E7,9293762.0,8619849.0,1.0380962E7,9141962.0,1.0252805E7,9375239.0,1.0252306E7,1.0698491E7,1.3982903E7,1.1411924E7,0,
1083,710.6546387704716,5.0341496,,,,,,,,,,,7867891.0,7496833.0,8355801.0,8946439.0,4486488.5,6736217.5,5908273.0,7957793.0,6925836.0,6076143.0,6131755.5,7471740.0,6695137.5,5778668.0,5044636.0,6451624.0,5886256.5,7473287.0,6086142.0,5978293.5,6558025.5,7026134.0,6985745.0,0,
1084,122.92465574847775,5.034938,,,,,,,,,,,2.7654328E7,2.464066E7,2.59545E7,2.6209594E7,2.221892E7,2.57921E7,2.290647E7,2.7196132E7,2.250178E7,2.4790362E7,2.4320076E7,2.5295018E7,2.51309E7,2.3126786E7,2.2027988E7,2.235744E7,2.2793272E7,2.4114942E7,2.330846E7,2.156614E7,2.4229402E7,2.5661982E7,2.3715296E7,0,
1085,208.8840622918834,5.034943,,,,,,,,,,,1.0458652E7,9195903.0,9752815.0,9578374.0,8621826.0,9707986.0,8584098.0,1.034431E7,8582368.0,8946668.0,8810075.0,9535446.0,9404573.0,8490771.0,8359779.5,8467572.0,8772589.0,8850572.0,8235179.5,7927621.0,9004659.0,9923584.0,9122375.0,0,
1086,374.8086247427237,5.034943,,,,,,,,,,,8208616.5,7400164.5,7848445.0,7911314.5,5540378.0,7178960.5,6461534.0,7861394.5,6304773.0,7018974.0,6352842.0,7566010.5,7078178.5,6301860.0,6070330.5,6260752.0,6485055.5,7534693.5,6228163.0,5898544.5,6686735.5,7168169.0,7151816.0,0,
1087,542.7318862319213,5.0349417,,,,,,,,,,,3.3250768E7,3.053414E7,3.2795878E7,3.2938268E7,2.0988342E7,2.829064E7,2.5506126E7,3.1332238E7,2.783936E7,2.6014542E7,2.602125E7,2.966894E7,2.7452374E7,2.3767758E7,2.1893258E7,2.6392288E7,2.476923E7,2.9622434E7,2.4319244E7,2.3498022E7,2.675427E7,3.0935578E7,2.8582612E7,0,
1088,626.6930846789946,5.034941,,,,,,,,,,,1.1294267E7,1.0406238E7,1.1471759E7,1.1847859E7,6469697.0,9824540.0,8384034.0,1.0918548E7,9476706.0,8816292.0,8746611.0,1.046661E7,9128047.0,8192776.0,7088569.5,9454007.0,8240806.0,1.0365205E7,8180330.0,8338442.0,9353955.0,1.0234321E7,1.0056661E7,0,
1089,206.88596736635907,5.0353365,,,,,,,,,,,4.8144364E7,4.232271E7,4.4661104E7,4.5144132E7,3.8676444E7,4.3922972E7,3.8397896E7,4.5980336E7,3.826509E7,4.17042E7,4.053787E7,4.3666724E7,4.293702E7,3.8925092E7,3.6854524E7,3.8576276E7,3.9431496E7,4.276861E7,3.7912996E7,3.5783228E7,4.023714E7,4.510327E7,4.0525544E7,0,
1090,290.8471419676967,5.0353365,,,,,,,,,,,7.976521E7,7.0036264E7,7.345887E7,7.527293E7,6.0892456E7,6.904146E7,6.1861064E7,7.581589E7,6.2514684E7,6.6916776E7,6.4456824E7,7.122301E7,6.875935E7,6.187123E7,5.9142696E7,6.1762556E7,6.33447E7,6.9544264E7,6.0265216E7,5.7235252E7,6.5110896E7,7.283971E7,6.742526E7,0,
1091,292.84500806447517,5.0353365,,,,,,,,,,,2.3362078E7,2.097545E7,2.1105086E7,2.1868684E7,1.7612042E7,2.0736502E7,1.7830186E7,2.137967E7,1.7844846E7,1.9509078E7,1.8426058E7,2.0812728E7,2.0371386E7,1.8243164E7,1.7012124E7,1.802594E7,1.8270768E7,2.0297678E7,1.7877054E7,1.665933E7,1.9157778E7,2.1078238E7,1.9844418E7,0,
1092,458.7701867742326,5.0353365,,,,,,,,,,,2.8670128E7,2.5838738E7,2.779253E7,2.7442104E7,1.931716E7,2.4880052E7,2.1686218E7,2.7324906E7,2.35344E7,2.3367712E7,2.2902776E7,2.6010254E7,2.45584E7,2.1376384E7,1.9200322E7,2.2861092E7,2.2019076E7,2.543946E7,2.0860908E7,2.022758E7,2.3115222E7,2.6649462E7,2.4687766E7,0,
1093,348.99651407282266,5.044748,,,,,,,,,,,0,0,0,0,1.33253E7,0,0,0,0,0,0,0,0,0,0,0,0,0,0,0,0,0,0,0,
1094,265.03515232720133,5.0539746,,,,,,,,,,,0,0,0,0,2.860387E7,0,0,0,0,0,0,0,0,0,0,0,0,0,0,0,0,0,0,0,
1095,196.04832745830925,5.057904,,,,,,,,,,,7589393.5,5961708.5,7835398.5,6999595.5,4481479.5,6175982.0,5789141.5,6014970.5,6371703.5,6711564.5,6252154.0,6405656.5,6499950.5,5913323.0,5874264.0,6715197.5,6205851.5,6435212.5,6449378.0,5825129.5,6200638.5,5947361.5,6509783.0,0,
1096,480.2221307023651,5.0603266,,,,,,,,,,,9603104.0,6523655.5,1.2257442E7,8564124.0,1.2058355E7,3.6067184E7,3.1046714E7,3.4170196E7,4.00658E7,3.6177268E7,3.830037E7,3.662494E7,3.7249412E7,2.9444252E7,3.099482E7,3.1705792E7,3.19269E7,2.9592952E7,2.7040956E7,2.7851666E7,3.0981082E7,3.6452932E7,3.6966864E7,0,
1097,158.0924348896602,5.068775,,,,,,,,,,,4.3451324E7,4.137196E7,4.5886984E7,4.2734756E7,2.6860126E7,3.860005E7,3.7184636E7,3.735125E7,4.3100756E7,4.283337E7,4.1283972E7,4.1651836E7,4.271685E7,3.855676E7,3.83913E7,3.6331828E7,3.9050636E7,3.901963E7,3.694804E7,3.5912064E7,3.710685E7,3.8208876E7,4.267579E7,0,
1098,442.26615050518745,5.070805,,,,,,,,,,,1.5042971E7,1.1830278E7,2.0829666E7,1.3664423E7,1.7921804E7,5.891405E7,5.2077744E7,5.2486944E7,6.47836E7,5.705067E7,6.5397584E7,6.1200988E7,6.1312936E7,4.712583E7,4.6789436E7,5.17423E7,4.893318E7,4.595293E7,4.369654E7,4.4901664E7,4.6332108E7,5.3035412E7,6.0328064E7,0,
1099,614.3067139906356,5.014736,,,,,,,,,,,2.4551918E7,2.6893474E7,2.9335046E7,3.2084988E7,0,4.9259428E7,3.7737212E7,5.387402E7,0,4.339412E7,3.6909956E7,3.5110004E7,4.565144E7,6.5672444E7,5.3126916E7,4.4808676E7,4.5895464E7,4.4106628E7,2.9481152E7,6.3586492E7,5.3377052E7,7.1669576E7,4.973815E7,0,
1100,553.3348476742347,5.0375233,,,,,,,,,,,1.6354518E7,1.6022933E7,9950298.0,1.4811913E7,0,2944396.2,3713601.0,3638469.5,2483404.5,3546272.0,3779793.8,3052177.2,3552978.2,9427649.0,5285255.5,7094004.0,6636541.0,6137292.5,4918997.5,7531173.5,5948303.5,7141476.0,4277478.5,0,
1101,760.3047756434869,5.0800767,,,,,,,,,,,5192832.5,4434118.5,8444741.0,5649298.0,7813304.5,8252315.5,6294599.5,7865279.0,7217155.5,7000814.0,6764797.5,6852417.0,6431768.5,6374056.0,6262319.0,7581803.0,7029293.5,7434078.0,7882864.5,5762269.5,7184007.5,5444941.0,8460493.0,0,
1102,604.2979968648032,5.069079,,,,,,,,,,,3921345.2,4001634.5,6099632.0,5213987.0,5300520.0,6025933.5,5870027.5,5811844.0,6319946.0,6424189.5,7034346.5,6348164.0,5982171.5,6274022.0,6273131.5,7078779.0,5759431.0,5959414.5,5105462.0,7367034.0,5383525.0,8576115.0,6418875.0,0,
1103,189.12339570368428,5.081331,,,,,,,,,,,0,0,0,0,8.759585E7,0,0,0,0,0,0,0,0,0,0,0,0,0,0,0,0,0,0,0,
1104,246.14479538851916,5.081331,,,,,,,,,,,0,0,0,0,1.0490025E7,0,0,0,0,0,0,0,0,0,0,0,0,0,0,0,0,0,0,0,
1105,478.1468302345982,5.0834846,,,,,,,,,,,4237075.5,3858641.0,5888398.5,4129128.8,4511910.0,5425934.5,4763337.0,6320676.0,5961942.0,5839074.5,5609231.0,5322072.5,5362774.5,4868992.5,4719975.5,6121336.0,4598481.0,5466790.5,6028735.5,4624026.5,5228204.0,4660106.5,5755243.0,0,
1106,668.3619400106528,5.0561233,,,,,,,,,,,9856183.0,1.2367751E7,1.4267191E7,1.7271094E7,1.9483814E7,2.018388E7,1.8136454E7,1.3650975E7,1.3794905E7,1.5857961E7,1.9691468E7,1.4750699E7,1.5247734E7,1.9239614E7,1.9121786E7,2.2946968E7,2.3229484E7,1.8841426E7,1.0828783E7,2.5453226E7,1.4085541E7,1.4074353E7,1.9024866E7,0,
1107,576.3508576282361,5.0784063,,,,,,,,,,,5.6177596E7,4.988551E7,8.0030424E7,6.0589644E7,8.151985E7,8.798809E7,8.902984E7,8.70994E7,9.455774E7,8.993325E7,9.645798E7,9.320699E7,8.917509E7,8.517722E7,8.821497E7,9.209368E7,7.6875016E7,7.9471176E7,6.9097144E7,7.9911224E7,8.036058E7,1.1356261E8,9.322946E7,0,
1108,742.3980829871882,5.090529,,,,,,,,,,,2804977.5,2442452.2,3670253.2,2485903.5,2671142.0,5549279.0,5910189.5,5919599.5,6224296.0,5312587.0,6015250.0,5968133.0,5436791.5,5636301.0,6211631.0,6058824.5,5153650.0,5237067.0,5036173.5,5323359.0,6183996.0,5226002.5,5719302.5,0,
1109,440.1909327895855,5.091413,,,,,,,,,,,1.8930464E7,1.6805244E7,2.231221E7,1.6699726E7,2.21058E7,2.2631028E7,2.3434938E7,2.4435504E7,2.4665224E7,2.2277796E7,2.4429502E7,2.1472838E7,2.3151078E7,2.077903E7,2.308706E7,2.5724066E7,2.1478362E7,2.2652368E7,2.257536E7,2.340375E7,2.4966368E7,2.0521284E7,2.3280742E7,0,
1110,402.23477656938775,5.097006,,,,,,,,,,,4.4645476E7,3.7736236E7,4.7291544E7,3.7486124E7,4.7292624E7,4.954666E7,5.4729628E7,5.4247228E7,5.3135936E7,4.901094E7,5.303748E7,5.3117784E7,5.1774204E7,4.8030628E7,5.391765E7,5.6626644E7,5.0639348E7,5.120871E7,4.779878E7,5.3900668E7,5.6077164E7,4.950718E7,5.2569052E7,0,
1111,279.1339478189951,5.097511,,,,,,,,,,,8583938.0,4864825.0,4306542.0,3623178.0,1.7256568E7,2512355.5,2664233.0,3289806.8,1998063.4,1781523.9,1858338.1,1652513.0,2246187.0,4615222.5,4243586.5,4752195.0,4380009.5,4122675.2,4125043.8,4158115.2,3340170.5,2905266.2,3117489.8,0,
1112,722.3490040611605,5.1075006,,,,,,,,,,,3.0896258E7,2.606136E7,3.613671E7,2.5619436E7,4.20157E7,3.2128368E7,3.816448E7,3.6269004E7,3.4390388E7,2.8991432E7,3.5619044E7,3.3497164E7,3.4740776E7,3.95571E7,3.7872148E7,4.144424E7,3.4168556E7,3.4139556E7,3.5745916E7,3.53751E7,4.119272E7,3.1698672E7,3.450187E7,0,
1113,763.3342276225609,5.108665,,,,,,,,,,,5584544.0,4606381.5,5789735.5,4755515.0,6391221.5,4972446.0,6438814.0,5512472.5,5856317.5,4976512.5,5685029.0,5956428.0,5900617.0,6585983.0,6842709.0,7271694.0,6024405.5,5843967.0,5788508.0,6349191.0,7080866.0,5955890.0,6078271.5,0,
1114,245.07681025033372,5.0949187,,,,,,,,,,,1239169.2,1195020.6,1131227.2,1266724.9,9449167.0,0,0,1260629.4,0,0,0,0,0,998829.06,1184579.2,1349639.0,1230330.4,1489436.5,1269676.4,1237178.2,1200094.4,0,0,0,
1115,684.3931822367088,5.120392,,,,,,,,,,,8.007439E7,7.4992184E7,9.031829E7,7.920094E7,9.655139E7,7.919235E7,1.0893336E8,9.3067896E7,9.6917384E7,8.6443736E7,9.962971E7,8.991232E7,1.0490934E8,1.1372281E8,1.01050824E8,1.1286215E8,1.0220318E8,9.260669E7,1.0051061E8,1.0636126E8,1.0734917E8,9.429454E7,1.0494192E8,0,
1116,223.10775212724948,5.1353464,,,,,,,,,,,1302082.5,0,0,0,1.6843308E7,0,0,0,0,0,0,0,0,1587167.8,1306386.8,1817773.2,1552506.9,0,1438077.5,0,0,0,0,0,
1117,233.14959655914427,5.128935,,,,,,,,,,,0,0,0,0,2.1702888E7,0,0,0,0,0,0,0,0,0,0,0,0,0,0,0,0,0,0,0,
1118,299.100343186087,5.132725,,,,,,,,,,,1822317.6,1236499.9,0,0,1.579598E7,1491749.1,1931909.4,1973464.5,1114878.5,0,0,0,1161017.5,1997074.2,1597410.8,2110744.5,1825108.0,1817108.5,1896922.1,1610776.8,1554104.2,1371287.5,1457532.2,0,
1119,261.1445384922011,5.1388273,,,,,,,,,,,4434418.0,3386855.5,2351111.5,2435682.5,2.8562918E7,4307456.0,3897963.8,4662808.0,2764327.0,2525810.2,2652419.5,2353595.0,2932533.8,4683621.5,4682861.0,5033469.5,5168761.5,4951939.0,4951757.5,3956721.2,3651553.0,3436637.5,4238181.5,0,
1120,243.1339383060528,5.1422305,,,,,,,,,,,4902964.0,4039721.8,2769889.0,2890285.5,3.044399E7,4873089.5,4524341.0,5224104.5,3211039.8,3239813.8,3107251.0,2993491.8,3340657.5,5320012.5,5710687.5,5874119.0,6169465.5,5535603.5,5795129.5,4702831.5,4464089.0,4234613.5,4714120.5,0,
1121,331.1166542338075,5.1635017,,,,,,,,,,,3889800.2,4752559.0,5699651.0,3800666.2,1.1993053E7,8352552.0,8603549.0,8687979.0,7061025.5,6660222.5,7763314.0,7588961.0,7723055.5,6027396.5,6463479.5,7256147.0,6171691.5,7233684.5,6719802.0,6746347.5,7315787.5,6825693.5,8308299.0,0,
1122,293.16071123671037,5.163435,,,,,,,,,,,0,1756698.0,1846182.9,1302181.1,4169908.2,2667160.5,2847459.0,2636377.2,2331984.8,2307024.0,2437588.5,2536137.2,2547271.0,2340162.5,2085931.0,2563178.8,2431621.8,2610553.0,2145114.2,2238517.2,2225190.2,2345474.0,2696637.8,0,
1123,546.207739476117,5.16942,,,,,,,,,,,2.2549028E7,2.3112552E7,2.3768454E7,2.4087948E7,2.6897594E7,2.9214508E7,3.5845244E7,2.8513584E7,2.9913732E7,2.8062602E7,2.8517478E7,2.8331474E7,2.8616258E7,2.6973962E7,2.888685E7,3.1101174E7,2.8262172E7,3.1906178E7,2.4922722E7,2.4248084E7,2.7043796E7,2.7225692E7,2.826726E7,0,
1124,510.2567426384014,5.1730766,,,,,,,,,,,6839506.0,7079423.0,6228927.0,7183020.5,7820768.0,7734135.0,9923336.0,8154164.5,7990818.5,7261708.0,8421330.0,8427493.0,7468500.0,7429255.0,8821492.0,1.0175674E7,9297912.0,8591967.0,6588918.5,7164973.5,7076408.0,7413054.5,8157823.0,0,
1125,508.2519926991162,5.1726074,,,,,,,,,,,1.2470448E8,1.3094672E8,1.3622168E8,1.4575616E8,1.5310907E8,1.6612314E8,2.1192704E8,1.6927917E8,1.7686382E8,1.6723971E8,1.7345947E8,1.6910698E8,1.6470307E8,1.6489837E8,1.7587186E8,1.9384107E8,1.7880662E8,1.9377594E8,1.4215173E8,1.443004E8,1.5308253E8,1.638726E8,1.6553016E8,0,
1126,576.2693076435072,5.1853743,,,,,,,,,,,3719303.5,4104450.8,4397214.0,4206471.0,3709248.8,4640727.5,5573838.0,4560979.5,5034066.5,4662428.5,4201220.5,4985622.0,4958243.0,4895527.0,4994494.5,4905502.5,4695376.5,5568918.5,4178974.8,3982950.8,4440624.0,4697400.5,4624220.5,0,
1127,552.2781877324979,5.192303,,,,,,,,,,,4407025.0,4955824.0,4395264.5,4597846.5,5355883.0,4714681.5,5097445.0,3980068.0,4800364.5,4562470.5,4287668.5,4836159.0,4927549.0,5062264.0,5763405.0,5184517.5,4955024.0,4905158.0,4247885.5,4079921.5,4490954.0,4922781.5,3668301.8,0,
1128,217.081991345326,5.1594133,,,,,,,,,,,1310701.1,1493313.2,1054807.2,0,6206091.5,1085783.5,1241504.9,1323894.6,0,0,0,1077969.0,0,0,0,0,1315304.8,1418986.8,1265216.9,0,0,1214648.8,1101514.9,0,
1129,553.1498432791559,5.2054915,,,,,,,,,,,4125102.5,3203265.2,4092859.0,2648057.5,7341983.0,6032091.5,7152629.0,5717147.0,5707819.0,5601502.5,5003247.5,5854332.5,8545381.0,4989395.0,5008485.0,4689444.0,6209019.5,4999561.5,5415610.5,5621351.0,7271947.0,7066895.0,6916859.0,0,
1130,728.2785023719251,5.2206116,,,,,,,,,,,2555696.2,1809966.8,0,1308104.8,0,5059235.0,7113642.0,4967199.5,6229489.5,5081686.5,7598553.0,5618079.5,7661113.0,4241388.0,4074134.2,3780147.8,5263607.5,4534497.5,4158098.8,5788887.5,6013780.5,7165836.5,5936661.0,0,
1131,477.2381118206955,5.212374,,,,,,,,,,,2.618598E7,2.5471964E7,3.0031028E7,2.465246E7,4.9099936E7,4.2820956E7,4.4259164E7,3.6170536E7,4.2425628E7,4.7651464E7,4.563137E7,4.3118104E7,4.7026144E7,4.6233692E7,4.462862E7,3.9609196E7,3.895647E7,3.8605556E7,3.5270012E7,4.312107E7,4.2647628E7,4.4585856E7,3.69494E7,0,
1132,257.0898126525758,5.227661,,,,,,,,,,,0,0,0,0,6792112.0,0,0,0,0,0,0,0,0,0,0,0,0,0,0,0,0,0,0,0,
1133,346.19721650785834,5.2830873,,,,,,,,,,,5157380.0,5539238.5,5241203.0,5130479.0,5473045.5,5839382.5,6798351.0,5833833.0,6319428.0,7320368.0,6940783.5,5895667.0,6922064.0,6276436.0,5864850.5,7300075.0,5269040.0,5939371.5,5374172.5,5030338.5,6843804.5,6764150.5,0,0,
1134,748.3881639014128,5.2289586,,,,,,,,,,,6608444.5,5468604.5,3553177.0,4624834.5,0,1836475.2,1670884.9,1833706.5,2224470.0,2308225.5,1888509.5,1504962.1,0,2844768.8,2559876.5,2095318.4,2490604.0,2849075.5,2457381.8,2524073.2,1818652.6,1687540.6,1690643.0,0,
1135,689.4348410532989,5.2287693,,,,,,,,,,,1703483.5,2312090.0,2893084.5,2208851.5,6841883.5,3662257.2,3541852.5,3064077.2,3316315.8,3850263.2,3143926.8,3219068.2,3517738.0,3250301.0,3361251.2,2841518.5,2753579.2,3221587.5,2647637.8,3749794.8,3167455.2,3279351.0,3497263.8,0,
1136,195.08770836251358,5.230954,,,,,,,,,,,8458952.0,1.0696866E7,9726050.0,1.0383772E7,1.000318E7,9061865.0,9429490.0,7546429.5,9856651.0,1.0723849E7,1.0290779E7,9681722.0,1.0005703E7,7285029.0,7547763.5,6381414.5,6733462.0,7466539.0,6645808.0,9819331.0,8595585.0,9852374.0,9274478.0,0,
1137,782.4413450326044,5.231263,,,,,,,,,,,1.9835994E7,1.6121157E7,8772631.0,1.1828674E7,0,0,1195247.9,1119903.5,0,0,0,0,0,3103326.0,0,0,2222412.8,2684308.8,0,1307961.0,1260309.1,1171043.2,1261390.0,0,
1138,515.1937645493008,5.2330866,,,,,,,,,,,1.7393268E7,1.9878406E7,2.4866892E7,1.9289188E7,4.3478548E7,3.2315848E7,3.1654328E7,3.1102236E7,3.442139E7,3.7526372E7,3.7238736E7,3.5916188E7,3.610282E7,2.8657512E7,3.0676218E7,2.4773098E7,2.5082952E7,2.5244526E7,2.885569E7,3.2183408E7,3.717761E7,2.8882564E7,2.8339912E7,0,
1139,332.18148697368406,5.233852,,,,,,,,,,,4137447.8,4340605.0,5411976.5,4295566.0,7374724.5,6837542.5,6947651.0,6945954.5,7405812.5,6513810.0,6942897.0,7191045.0,7321926.5,4915251.0,5650359.5,5542148.0,5387205.0,5918691.0,5440794.0,7286419.0,6618318.5,6653781.0,6704954.5,0,
1140,219.13401394545969,5.237067,,,,,,,,,,,0,0,0,0,7.795838E7,0,0,0,0,0,0,0,0,0,0,0,0,0,0,0,0,0,0,0,
1141,480.2219789563237,5.236966,,,,,,,,,,,2551327.8,2962590.8,2990571.5,0,4251796.5,8124206.5,8058782.5,5964465.0,9283159.0,7537486.0,7764798.0,7724581.5,7861640.0,0,5855016.5,0,4830312.0,5070686.0,4449153.5,7182349.0,7326556.0,7027185.5,6364496.5,0,
1142,614.3066266903431,5.233132,,,,,,,,,,,1.3543702E7,1.1886285E7,1.6389171E7,1.3230349E7,2.9207424E7,1.9140194E7,2.0751242E7,2.0763114E7,1.9539312E7,2.3225762E7,2.2010352E7,2.3043846E7,2.1664846E7,2.7288802E7,2.3969286E7,0,0,1.7383984E7,1.7768024E7,1.8200038E7,2.0210224E7,2.2161542E7,1.5724369E7,0,
1143,727.3906250289377,5.2423587,,,,,,,,,,,2548290.2,2268280.5,3336399.5,2321622.2,7557106.0,3965353.2,4046016.0,4411316.0,2908032.2,3957674.5,3563240.8,3941561.0,4058750.2,3256376.0,3950902.5,3391156.2,3150028.5,3187256.5,3698181.5,3560035.8,4174188.8,3104015.5,3869427.5,0,
1144,576.3507758856323,5.1835165,,,,,,,,,,,3.831478E7,0,0,3.433254E7,5.7484004E7,3.68562E7,6.857521E7,5.3902356E7,5.0304184E7,5.9386664E7,5.9737624E7,5.024378E7,4.6937076E7,0,0,0,5.485753E7,5.7093476E7,3.413986E7,0,4.2776876E7,4.645496E7,4.7655508E7,0,
1145,820.3957993189769,5.2548018,,,,,,,,,,,1.18401E7,9112944.0,4937858.5,6533640.0,0,0,0,0,0,0,0,0,0,1517395.2,1476350.9,1587235.0,0,1269036.1,0,0,0,0,0,0,
1146,526.2066251179439,5.2653074,,,,,,,,,,,1.5954544E7,1.5684664E7,1.3178255E7,1.2493654E7,1.2394094E7,2.160681E7,2.3171728E7,2.071212E7,2.0048534E7,2.1865186E7,2.2380626E7,2.1229938E7,2.2009424E7,1.7418846E7,1.9651202E7,1.9159222E7,1.6883084E7,1.6461838E7,1.5755973E7,1.876098E7,2.3335312E7,1.7305484E7,1.8833104E7,0,
1147,728.2778447213195,5.267285,,,,,,,,,,,2437043.5,1809966.8,0,1308104.8,0,4984038.0,5800746.0,7810045.0,4700851.5,6659367.5,6400979.0,6516523.5,5512884.5,4984141.0,5568561.0,4710766.0,4702717.0,4147087.5,5386172.0,4542296.0,7649407.5,4035384.5,5074717.0,0,
1148,395.1692222992987,5.275046,,,,,,,,,,,1.8180726E7,1.914706E7,1.04589E7,1.5200359E7,0,7954983.0,1.0030172E7,8927678.0,8184262.0,1.0482213E7,9348835.0,7915803.0,8705687.0,1.1203222E7,1.2373171E7,1.2054579E7,1.0885105E7,9683814.0,1.0209956E7,9030368.0,1.0818173E7,8377098.0,8077526.0,0,
1149,189.12337628236787,5.2775087,,,,,,,,,,,0,0,0,0,4.103405E7,0,0,0,0,0,0,0,0,0,0,0,0,0,0,0,0,0,0,0,
1150,203.08155015932383,5.2789865,,,,,,,,,,,9592703.0,8930849.0,7954239.5,7532118.5,8662086.0,7221260.0,7840768.0,8451981.0,7119963.5,7699897.0,7628712.5,7184501.0,7668660.5,6775495.5,6547638.5,7329527.5,6629707.0,7055796.5,7820290.0,6528389.0,8508362.0,6843288.5,8265761.0,0,
1151,221.09208283427193,5.28024,,,,,,,,,,,1.2913604E7,1.2854006E7,1.0941398E7,1.0262249E7,1.1217478E7,1.0114458E7,1.0315614E7,1.1255297E7,9679551.0,1.0052484E7,1.0789042E7,1.0408784E7,1.0440769E7,9143963.0,9169889.0,1.026949E7,9296533.0,9606784.0,1.0997001E7,8589256.0,1.1797094E7,9572734.0,1.1362059E7,0,
1152,228.14552540902747,5.280921,,,,,,,,,,,2.0945848E7,2.0711352E7,2.1295776E7,1.9374062E7,2.2647588E7,1.792131E7,2.0431982E7,1.9916026E7,1.9087484E7,2.0952166E7,2.1360052E7,2.073887E7,1.9315584E7,1.8808968E7,1.8741656E7,1.9405676E7,1.7570016E7,1.5634166E7,1.7519714E7,1.5830469E7,1.9029078E7,1.8657894E7,1.825288E7,0,
1153,623.2805092215002,5.2908435,,,,,,,,,,,1.0543295E7,1.080558E7,1.2884108E7,1.2443973E7,2.0929386E7,4.5890936E7,5.4189468E7,3.771951E7,4.927928E7,4.7354884E7,4.360622E7,4.1295964E7,4.3786524E7,3.614346E7,3.759674E7,3.8963604E7,3.2548206E7,3.5015344E7,3.00226E7,3.0061364E7,4.128114E7,4.1259384E7,3.652238E7,0,
1154,585.3246681153319,5.291248,,,,,,,,,,,4.2917012E7,4.3344904E7,5.221167E7,4.7962068E7,7.105179E7,1.7992558E8,2.1056955E8,1.5805957E8,1.9630971E8,1.7735323E8,1.798147E8,1.6787042E8,1.7795296E8,1.5126725E8,1.5401314E8,1.6896915E8,1.3216035E8,1.5563411E8,1.39925E8,1.3426968E8,1.7720982E8,1.6624341E8,1.4397781E8,0,
1155,290.1709841601745,5.303565,,,,,,,,,,,4888573.5,4365041.5,5444529.5,4632336.0,8407480.0,5646598.5,6343524.5,4891278.5,4895393.0,5281390.5,5336391.5,4054422.5,5909469.5,5177726.5,5081938.5,5487718.5,4756068.5,6082124.5,5503458.5,5574765.0,6404705.5,5914276.5,6056542.5,0,
1156,488.25071284076006,5.304588,,,,,,,,,,,2.9192694E7,2.8911668E7,2.3473558E7,2.9585422E7,2.2005122E7,3.823353E7,4.2690476E7,3.3247534E7,3.6947884E7,4.1867284E7,4.1599028E7,3.2986526E7,4.029479E7,3.5968748E7,3.6827E7,3.765094E7,3.397363E7,3.9642484E7,3.817208E7,3.891649E7,4.3485224E7,4.229429E7,4.0076104E7,0,
1157,237.08693335986308,5.308915,,,,,,,,,,,4723757.5,4331580.5,4442753.5,4449751.5,1.0585412E7,4585623.5,4627803.0,4046781.8,4626946.5,4136454.5,4181810.0,3645570.2,4700386.0,4124875.5,3975748.5,4132264.5,3668418.0,4745355.5,4443980.5,4558688.0,4659542.0,4839810.5,4677444.5,0,
1158,776.346644364953,5.310128,,,,,,,,,,,1.0109303E7,8926860.0,8739449.0,1.018572E7,7992514.5,8863938.0,1.0727272E7,8111793.5,9126866.0,1.0937158E7,1.0415735E7,8546597.0,1.0285876E7,1.0109574E7,1.0490852E7,1.0814142E7,9109748.0,1.153269E7,1.0796749E7,1.0364896E7,1.0976731E7,1.0041622E7,9889993.0,0,
1159,489.25390238372495,5.3039193,,,,,,,,,,,9564842.0,8620553.0,7261024.0,8550546.0,6998903.5,1.174438E7,1.2089512E7,1.0450934E7,1.0644841E7,1.2244925E7,1.2172158E7,9502387.0,1.2333176E7,1.238178E7,1.3183658E7,0,0,1.2476226E7,1.0962403E7,1.170492E7,1.4097122E7,1.4265937E7,1.2973234E7,0,
1160,346.1972430081594,5.3113813,,,,,,,,,,,4671321.5,5098748.0,5027990.0,5197782.5,6474046.5,5475926.0,6565889.5,5708505.5,6743513.5,6167231.0,6573378.0,5808651.0,6238618.5,5789423.5,6128805.0,6294306.5,6126898.5,6283770.5,6004793.0,5965609.5,6126608.5,5999769.5,5696474.0,0,
1161,173.1284901093913,5.3263936,,,,,,,,,,,1778928.1,1175026.6,1707781.8,1593690.6,3569914.2,2155604.2,1486980.2,1647656.2,1896719.2,1944667.1,2319555.0,1876859.0,1820225.2,1559557.9,1730286.9,1684815.9,1894814.0,1866961.0,1618105.0,2156144.0,1908327.8,1974146.4,2279200.2,0,
1162,431.250200339368,5.316614,,,,,,,,,,,0,0,0,0,0,9662969.0,8130446.5,6893656.0,1.1095835E7,9436508.0,9641913.0,8870431.0,9565533.0,7169312.5,7035020.5,6899940.5,6002691.0,7335973.0,7517523.5,8489809.0,8845821.0,1.0278544E7,8295181.5,0,
1163,239.11381280190884,5.3212113,,,,,,,,,,,8813258.0,7290233.5,7639326.5,8542405.0,7363025.0,8117803.0,6214214.0,6880333.5,6555577.0,8810937.0,7767939.0,6784835.5,7650153.5,7560862.0,7318560.5,7295619.0,6557757.0,7845855.5,7422044.5,8305330.5,8413755.0,8548933.0,8023273.5,0,
1164,313.1271753227312,5.324479,,,,,,,,,,,6935109.5,5821987.5,8720924.0,7352375.5,6753278.5,8111330.5,7049855.5,8515620.0,6640993.5,1.0100805E7,9539631.0,9484482.0,9987545.0,6723709.5,6350625.5,6369105.5,6391198.5,7231587.0,6524767.0,9217014.0,7638122.5,8282835.5,8954616.0,0,
1165,372.15321354127406,5.334332,,,,,,,,,,,0,0,0,0,6179684.0,1764236.9,1200937.5,1658262.6,1626819.0,1328320.4,1976077.9,1451532.9,1835027.5,0,0,0,1253440.1,1412965.0,0,1613054.9,1159312.0,1212465.8,1847423.1,0,
1166,275.1713749473801,5.3313894,,,,,,,,,,,6831692.5,5289278.0,6809582.0,6592722.0,6103139.5,7911830.5,6647795.0,7517509.0,8209601.5,9320874.0,9222701.0,7441476.0,8651828.0,7424550.5,7924306.5,7172615.0,7485679.5,9060352.0,6935136.0,9266745.0,7433853.5,8770688.0,8368046.0,0,
1167,487.1627102240622,5.331394,,,,,,,,,,,9486371.0,7680183.5,1.075248E7,1.0265866E7,1.0623529E7,8046858.0,6754976.5,8871109.0,8144016.5,9964086.0,1.0054826E7,8302806.5,9952832.0,7241817.5,7778473.5,7347257.5,8077644.5,9314465.0,8017887.5,1.0176355E7,7941082.0,8319879.5,9028061.0,0,
1168,744.27921327454,5.3318615,,,,,,,,,,,7993565.5,7552412.5,1.2707816E7,1.017601E7,1.5117069E7,1.3896024E7,1.6608367E7,1.6372866E7,1.5863975E7,1.679278E7,1.6469575E7,1.4797522E7,1.5933976E7,1.2449812E7,1.2528949E7,1.4012432E7,1.2699079E7,1.4154073E7,1.5059534E7,1.4765577E7,1.6351105E7,1.3132067E7,1.5263068E7,0,
1169,334.1972004942331,5.3368154,,,,,,,,,,,1692322.6,1179518.2,2291122.5,1339415.6,1.7950176E7,7491890.5,5248045.5,6818275.0,6210207.5,5771036.5,7549892.5,5539310.0,7230912.5,4192435.8,5046717.5,4126454.0,4579326.5,5830413.0,4821047.5,6343996.5,4867520.5,5302593.5,7767755.0,0,
1170,449.2065551650515,5.339453,,,,,,,,,,,2.729513E7,2.3864858E7,2.6487566E7,3.0578428E7,2.205682E7,2.455985E7,2.0826408E7,2.5873024E7,2.7845072E7,2.873499E7,2.998735E7,2.4540294E7,2.6592756E7,2.5072708E7,2.8669192E7,2.5101316E7,2.7829356E7,3.1317392E7,2.7872124E7,2.785823E7,2.4528954E7,2.5267292E7,2.7789944E7,0,
1171,894.3971920271471,5.3428392,,,,,,,,,,,2.0389388E7,1.8747692E7,2.3134636E7,2.449406E7,1.6948134E7,1.822933E7,1.7320626E7,2.258373E7,2.095165E7,2.4323262E7,2.244621E7,2.0385462E7,2.1505416E7,2.3112096E7,2.1898432E7,2.3208398E7,2.2890872E7,2.4815444E7,2.497245E7,2.1541236E7,2.2799602E7,1.774343E7,2.0735754E7,0,
1172,332.1815497235441,5.3432417,,,,,,,,,,,4151470.2,3888325.0,5231451.5,4950837.5,4555879.0,5734378.5,5457223.0,6897254.0,7627930.5,6742098.5,6809710.5,6462341.5,6677826.0,5671101.5,6227008.0,6259373.5,6661233.5,7192144.5,6806703.0,6390136.0,6296743.5,5657759.5,6339559.5,0,
1173,856.4416333620649,5.346344,,,,,,,,,,,7.585583E7,6.937878E7,7.859817E7,8.569805E7,5.284169E7,6.880558E7,6.659051E7,8.3182776E7,8.073053E7,9.1694136E7,8.45974E7,7.47273E7,7.707187E7,9.248033E7,9.272864E7,9.7153816E7,8.972801E7,1.01249656E8,9.99539E7,7.689654E7,8.797107E7,6.785351E7,7.955132E7,0,
1174,527.2462912515451,5.3476057,,,,,,,,,,,8794944.0,8217471.5,8894219.0,9812559.0,6193924.0,7814509.0,7825400.0,1.0016092E7,1.0848159E7,9866895.0,8600982.0,1.0267627E7,9026898.0,8699402.0,9144156.0,1.024441E7,9798684.0,1.1234339E7,1.1236567E7,8563298.0,1.0805747E7,8302200.5,8941347.0,0,
1175,690.3230069699749,5.359621,,,,,,,,,,,2.2001514E7,1.5159611E7,1.274203E7,1.794687E7,0,4.537231E7,5.325077E7,5.2107264E7,5.0902492E7,5.114965E7,5.0568788E7,5.168764E7,5.2156684E7,3.812837E7,4.1305304E7,4.2514124E7,3.990017E7,4.4073016E7,4.682031E7,5.6548708E7,5.653968E7,4.891653E7,4.788346E7,0,
1176,371.2290126280386,5.3780923,,,,,,,,,,,1.7438932E7,1.5441796E7,1.6022338E7,1.5438605E7,1.3107498E7,1.473663E7,1.67315E7,1.5442111E7,1.823148E7,1.4467832E7,1.6610001E7,1.3462836E7,1.3779399E7,1.3293425E7,1.7881776E7,1.6227881E7,1.3678009E7,1.5072238E7,1.4725424E7,1.6832592E7,1.8745804E7,1.3145076E7,1.6429215E7,0,
1177,706.3230956281209,5.379503,,,,,,,,,,,2.8957132E7,2.6881774E7,3.987345E7,3.4687044E7,4.701347E7,5.92622E7,5.3452E7,5.7808268E7,5.822013E7,5.3670172E7,5.5129384E7,5.057591E7,4.66777E7,4.740129E7,5.3731124E7,5.49066E7,4.9804532E7,5.5162564E7,5.61521E7,5.3043516E7,5.9514108E7,5.3672616E7,5.3758428E7,0,
1178,374.1380637183789,5.387455,,,,,,,,,,,7121649.5,6047187.5,6699614.0,7057785.5,5946289.0,6892176.5,7196682.5,6725639.5,7187051.0,7461016.0,6984058.0,7431255.5,5999519.5,6377047.5,7152292.5,6645408.0,6469165.5,6196002.0,6339080.0,7329539.0,7613629.5,6676641.0,7044471.0,0,
1179,345.2126542887008,5.391763,,,,,,,,,,,2344653.2,1784067.2,4159335.8,2496736.5,7398912.5,7135904.0,7408872.5,6973432.0,7325613.0,6310142.5,7412558.5,7702672.0,6392690.5,6042536.0,6416159.0,6133848.5,6071630.5,6066019.5,5896152.5,7517989.0,7476475.5,6508560.0,7205253.5,0,
1180,161.03797748095653,5.396448,,,,,,,,,,,1.1545111E7,1.1159304E7,1.3216746E7,1.3350919E7,0,1.2943752E7,1.3143816E7,1.3679087E7,1.4777159E7,1.3882574E7,1.3118121E7,1.5472624E7,1.4437939E7,1.0575184E7,1.082938E7,1.1771323E7,1.1395126E7,1.3163707E7,1.3494784E7,1.477412E7,1.5542384E7,1.3515229E7,1.5833774E7,0,
1181,1046.5287250077095,5.398897,,,,,,,,,,,6560942.0,6089174.0,8051450.5,8636182.0,8665146.0,0,1837047.0,2542488.2,0,2550323.5,2117158.5,1882828.9,0,3144811.5,3518835.0,3735519.2,3238590.2,3463861.2,3098287.0,2939762.5,3078002.0,2177959.5,2680844.8,0,
1182,437.2146410669587,5.400753,,,,,,,,,,,6.2877668E7,4.7186344E7,4.408134E7,5.3416348E7,2.683886E7,2.7286026E7,3.063376E7,3.344442E7,3.0259694E7,3.159698E7,2.7388848E7,2.9508006E7,2.5901054E7,3.5506428E7,3.6444476E7,3.7897144E7,3.8063924E7,3.7794444E7,3.3450648E7,4.507984E7,4.0902268E7,3.4096684E7,3.260588E7,0,
1183,680.302062460261,5.401973,,,,,,,,,,,9364239.0,8635366.0,1.2378626E7,1.2738869E7,9164736.0,8219702.0,9833295.0,1.1184692E7,9887182.0,1.0803611E7,9440404.0,1.1754169E7,9933306.0,9181982.0,9319067.0,9535086.0,9394077.0,9764285.0,8837485.0,1.1276066E7,1.1276285E7,9715082.0,9977109.0,0,
1184,344.1817715850269,5.40429,,,,,,,,,,,7.77999E7,8.110851E7,9.211944E7,1.0812361E8,6.5177348E7,8.964475E7,8.389301E7,9.500621E7,9.696918E7,1.1897575E8,1.12142024E8,1.0847632E8,8.859842E7,9.476601E7,9.699002E7,9.6351784E7,9.642271E7,8.460403E7,7.423581E7,1.0193837E8,9.685004E7,1.0303259E8,9.6405144E7,0,
1185,454.266115341015,5.4079814,,,,,,,,,,,5627951.0,5621901.0,5864264.0,6505424.5,5510478.5,9171242.0,8184064.5,9954167.0,9078967.0,9472979.0,9527831.0,1.020691E7,8320375.0,8598073.0,8796483.0,8252604.0,8542599.0,8172092.5,7269617.0,9969777.0,9869729.0,9853128.0,9070070.0,0,
1186,253.11836366824144,5.4095054,,,,,,,,,,,0,0,0,0,1.9728876E7,0,0,0,0,0,0,0,0,0,0,0,0,0,0,0,0,0,0,0,
1187,148.04269293127697,5.411216,,,,,,,,,,,9974574.0,1.0002184E7,1.0394911E7,9074945.0,1.8419636E7,1.2870808E7,1.0963622E7,1.2433463E7,1.4004431E7,1.2178081E7,1.1615756E7,1.3216614E7,1.3420758E7,1.0889864E7,1.1661949E7,1.1518635E7,1.2199539E7,1.2369051E7,1.3417413E7,1.1702128E7,1.3816025E7,1.0700198E7,1.5968028E7,0,
1188,993.4681589650756,5.4125443,,,,,,,,,,,5888313.5,5791441.5,7063961.5,7204286.5,7666219.5,0,0,0,0,0,0,0,0,0,0,0,0,0,0,0,0,0,0,0,
1189,642.3468625854755,5.4132032,,,,,,,,,,,4.9756984E7,4.684722E7,4.960015E7,5.532634E7,4.5852652E7,5.515911E7,4.8297804E7,6.146859E7,4.124708E7,5.4343852E7,5.5258124E7,5.209362E7,4.3994184E7,5.33584E7,5.8838564E7,4.696895E7,5.225716E7,4.6457148E7,5.1046948E7,5.4544276E7,5.1687652E7,5.607309E7,5.028449E7,0,
1190,674.3493133318402,5.4736633,,,,,,,,,,,1.6415845E7,1.731998E7,2.3003816E7,5166021.0,1.4473266E7,0,1.0704718E7,3.694202E7,4.3756656E7,2.7547256E7,4.3443132E7,6.5894996E7,4.2674744E7,0,4.329283E7,5.9553668E7,0,1.5840503E7,2.090769E7,0,4.6172616E7,1.2783118E7,0,0,
1191,295.128946694174,5.438611,,,,,,,,,,,2006852.6,1784195.6,0,1366494.4,7645512.5,0,0,0,0,0,0,0,0,0,1388838.8,0,1584609.8,1419942.9,0,0,0,0,0,0,
1192,200.13945261823855,5.4315624,,,,,,,,,,,2.159203E7,2.0186114E7,2.2337172E7,1.9060662E7,2.526515E7,2.1595414E7,1.8547056E7,1.9816372E7,1.9358858E7,2.1274726E7,1.9110152E7,1.9731248E7,1.9910794E7,1.9177996E7,2.0780658E7,1.8030236E7,1.9703832E7,2.0225862E7,1.8868304E7,2.0635506E7,2.01272E7,1.927718E7,1.9835426E7,0,
1193,348.122372959614,5.4351616,,,,,,,,,,,6810975.5,5673609.0,4581660.0,4941580.5,0,2.1560094E7,1.803942E7,1.8975538E7,1.8637492E7,1.9075264E7,1.9245344E7,1.9063918E7,1.9667448E7,1.8430716E7,2.0118994E7,1.6614379E7,1.91547E7,1.865403E7,1.7399784E7,2.0126792E7,1.9708556E7,1.9074732E7,1.8819998E7,0,
1194,187.1077866450288,5.4369,,,,,,,,,,,2.9016596E7,3.268376E7,2.0781644E7,3.3587484E7,6.628574E7,4545940.5,4699361.5,5697481.0,5105340.0,9212186.0,4446263.0,5091663.5,4406682.5,1.6434747E7,1.7370158E7,1.5634699E7,1.7364942E7,1.7230988E7,1.6067646E7,9075693.0,8378643.5,5766057.0,4913015.0,0,
1195,1008.5731202548053,5.4372516,,,,,,,,,,,1.7051486E7,2.1645676E7,2.2553008E7,1.8714948E7,2.076942E7,6679611.0,5127817.5,7834530.0,2777428.2,6906118.0,6095998.0,4687264.5,5242514.0,1.1766586E7,1.2433832E7,1.0249072E7,1.1668852E7,1.1997701E7,1.1190303E7,8733022.0,7677857.5,5691008.5,7907001.5,0,
1196,245.07689610422798,5.4389796,,,,,,,,,,,3.6570492E7,3.7351252E7,3.4013696E7,3.5423304E7,1.1750795E7,4.4452612E7,3.1575232E7,3.3639964E7,3.6937496E7,3.967188E7,3.349611E7,3.4896556E7,3.391076E7,3.587124E7,3.6251308E7,3.3319812E7,3.7985904E7,4.26356E7,3.3470824E7,3.5091972E7,4.481561E7,3.23799E7,3.3188874E7,0,
1197,277.0853869251754,5.4454126,,,,,,,,,,,3.813895E7,4.1705812E7,3.877071E7,3.8446948E7,3.5554716E7,4.695734E7,3.7548996E7,4.0621524E7,4.560081E7,4.369284E7,4.0697548E7,3.9283692E7,4.056888E7,4.139923E7,4.303712E7,3.700315E7,4.4079812E7,4.376582E7,3.9229056E7,4.29917E7,4.7177924E7,4.2003148E7,4.025499E7,0,
1198,332.1815679342425,5.4510417,,,,,,,,,,,9436161.0,1.0779004E7,1.1617912E7,1.0285775E7,1.1756038E7,1.1963861E7,8631009.0,1.0678534E7,1.0325282E7,9819316.0,1.0675936E7,8361695.5,1.0816947E7,1.1608035E7,1.1856191E7,1.0413107E7,1.2160651E7,1.2323041E7,1.141861E7,1.010208E7,1.0860133E7,9963500.0,1.0770291E7,0,
1199,528.230524836817,5.4525948,,,,,,,,,,,1.7476756E7,1.906725E7,1.680432E7,1.7364334E7,1.5058297E7,2.0904796E7,1.4319227E7,1.6761569E7,2.1988712E7,1.769045E7,1.9279856E7,1.503399E7,1.9229866E7,1.6948126E7,1.9978258E7,1.5646533E7,1.8176518E7,2.0853466E7,1.865853E7,1.7027194E7,2.00724E7,1.7192196E7,1.7930144E7,0,
1200,636.270676503708,5.4534645,,,,,,,,,,,2.1357964E7,2.5397388E7,2.4907306E7,2.497526E7,2.1591638E7,2.9869392E7,2.1708454E7,2.4080206E7,2.9621764E7,2.5955386E7,2.7897562E7,2.247485E7,2.5017946E7,2.872012E7,3.1896648E7,2.600328E7,2.9343194E7,3.1129332E7,2.5632854E7,2.7274476E7,2.766347E7,2.5778484E7,2.558788E7,0,
1201,408.1766751053549,5.4620986,,,,,,,,,,,1.7338432E7,2.1183574E7,1.5756329E7,2.047038E7,0,7885969.0,7909916.0,8256457.5,8008096.5,9608900.0,8693950.0,7486428.5,8306890.0,1.1960563E7,1.3514148E7,1.0747935E7,1.2760818E7,1.2789928E7,1.1421469E7,1.0894461E7,1.0794419E7,1.0015879E7,8359736.5,0,
1202,357.2132296333263,5.464322,,,,,,,,,,,1.0210472E8,1.1809327E8,6.443305E7,1.1051236E8,5749147.5,5.0773884E7,4.5704216E7,4.817704E7,5.423168E7,5.3249384E7,5.1400116E7,4.612217E7,5.3467616E7,7.034177E7,7.644088E7,6.249736E7,7.377806E7,7.179695E7,6.748894E7,6.0217864E7,5.7235284E7,5.472972E7,5.3864332E7,0,
1203,217.08201614154598,5.4657784,,,,,,,,,,,2.9631362E7,2.911696E7,2.0720934E7,2.82978E7,1.2996723E7,2.250869E7,2.4340394E7,2.446692E7,2.7328938E7,2.3206344E7,2.3359634E7,2.1325768E7,2.77724E7,2.0954668E7,2.2195038E7,2.1704352E7,1.9639562E7,2.2453384E7,2.2814578E7,2.1619304E7,2.3858368E7,2.3189528E7,2.283167E7,0,
1204,652.367161477426,5.466334,,,,,,,,,,,1.7669704E8,1.6611248E8,9.572612E7,1.3358444E8,0,4.107621E8,3.8628045E8,3.7006122E8,4.297203E8,3.877457E8,4.019456E8,4.0825834E8,4.4072374E8,3.7165622E8,4.1584768E8,3.3665424E8,3.6801587E8,3.9393056E8,3.405286E8,4.004396E8,3.873843E8,3.613724E8,4.299668E8,0,
1205,474.2562898135347,5.4850636,,,,,,,,,,,1803257.4,1506211.0,0,0,6368950.5,1296203.4,1303829.5,0,0,0,0,1460708.0,1334173.2,1339237.8,1272171.6,0,0,1427954.9,0,1201439.1,1249703.0,0,1376954.4,0,
1206,821.3867465909764,5.4720078,,,,,,,,,,,9288579.0,1.2073096E7,1.1798682E7,1.113082E7,1.2579535E7,1.2844365E7,1.2346327E7,1.1556012E7,1.1402143E7,1.2339943E7,1.2110602E7,1.3406521E7,1.3518227E7,1.2783376E7,1.4356686E7,1.2142705E7,1.3352745E7,1.3332897E7,1.0870848E7,1.133035E7,1.1476549E7,1.1980191E7,1.2331356E7,0,
1207,440.2505222187681,5.4787707,,,,,,,,,,,2.7501976E7,3.2974626E7,1.9954668E7,3.069457E7,1.3140985E7,1.5598086E7,1.477502E7,1.4132803E7,1.3951911E7,1.4919538E7,1.440627E7,1.3804412E7,1.7243452E7,1.4572857E7,1.7482052E7,1.5084895E7,1.5786193E7,1.6893434E7,1.3600522E7,1.5569818E7,1.5399463E7,1.3821344E7,1.4491723E7,0,
1208,447.2273954106589,5.481252,,,,,,,,,,,4657418.5,6330561.5,7077766.0,6356589.5,1.1630877E7,1.0393953E7,1.0200801E7,9164450.0,1.0069201E7,9414536.0,9625368.0,1.0067937E7,1.1527486E7,7444144.0,9022424.0,8130753.5,9277376.0,8806424.0,7689290.5,8712058.0,9783331.0,8149458.5,1.0379879E7,0,
1209,261.14459074032345,5.4803786,,,,,,,,,,,1468382.0,1675700.9,1218135.2,1827743.2,1.7439037E8,2981674.5,2987556.2,3093929.2,2761139.8,2267907.2,2158286.2,2161032.5,3048597.8,3063361.8,3298992.0,3214003.8,3546125.5,3950022.8,3065224.0,3066053.0,3138657.8,2304224.5,2800739.8,0,
1210,479.29788521720263,5.490561,,,,,,,,,,,1618923.9,1519430.8,2968016.2,1692212.0,1.0746649E7,8300391.5,7749753.5,7130361.0,7821780.5,6429499.5,7220954.5,8416386.0,8453648.0,5031395.5,5691045.0,5635157.5,5755778.5,5927170.5,5682562.0,5922324.5,6793486.5,6333751.5,9154535.0,0,
1211,562.2547128415958,5.5031815,,,,,,,,,,,1.8051034E7,2.1919118E7,2.442168E7,2.0944186E7,2.0469004E7,2.3967244E7,2.5168856E7,2.3040962E7,2.4272706E7,2.1802686E7,2.2472418E7,3.2677036E7,2.5896302E7,1.8443658E7,2.0246442E7,2.3804634E7,2.4591552E7,2.6121474E7,2.412748E7,2.1978582E7,2.4916496E7,2.023406E7,3.022906E7,0,
1212,690.3223890114342,5.506359,,,,,,,,,,,1.570129E7,1.44114E7,8292581.0,9891352.0,0,3.1888064E7,3.3175036E7,2.8946922E7,3.2900508E7,2.653948E7,2.4888806E7,3.481608E7,2.862493E7,2.278739E7,2.2840152E7,2.4781864E7,2.571595E7,2.684348E7,2.9908258E7,3.2276836E7,2.8282874E7,2.6445166E7,3.603466E7,0,
1213,838.4682957887318,5.5130954,,,,,,,,,,,3872261.5,3205544.5,1794561.9,2226496.0,0,1.3261249E7,1.3004268E7,1.1811259E7,1.4565602E7,1.1115415E7,1.1426412E7,1.4364596E7,1.2470988E7,1.0013467E7,1.1040723E7,1.1737192E7,1.3003945E7,1.1477457E7,1.0738373E7,1.3477342E7,1.1411861E7,1.3729067E7,1.4464762E7,0,
1214,578.2511846957532,5.522853,,,,,,,,,,,2971824.0,0,0,0,1.6159763E7,0,0,0,0,0,0,0,0,0,0,0,0,0,0,0,0,0,0,0,
1215,175.1077269696151,5.52302,,,,,,,,,,,3090186.8,3398561.0,1599481.9,2735518.0,8.2479464E7,0,0,0,0,0,0,0,0,4716687.5,5303283.5,4594623.0,4502521.5,5633236.0,5349377.0,0,0,0,0,0,
1216,752.9226563154157,5.526994,,,,,,,,,,,1.8756918E7,2.239627E7,2.7187844E7,2.3287446E7,2.7278056E7,0,0,0,0,0,0,0,0,0,0,0,0,0,0,0,0,0,0,0,
1217,147.04403620265796,5.528552,,,,,,,,,,,8956053.0,1.1280933E7,3609500.2,1242495.2,1.215425E7,1.747069E7,1.5380128E7,1.6376716E7,1.3942796E7,8544010.0,7519842.5,2439345.2,1.4283493E7,1.0420683E7,1.192109E7,9735322.0,1.2253031E7,1.2390411E7,1.1452136E7,1.6907886E7,1.7235468E7,1.6910444E7,1.7898878E7,0,
1218,136.075720623467,5.528153,,,,,,,,,,,3.6844604E7,4.6239856E7,1.4873941E7,4947471.0,5.1431004E7,7.239862E7,6.2832276E7,6.4557108E7,5.6999268E7,3.3712068E7,3.1392134E7,1.0571432E7,5.8018324E7,4.408607E7,4.872464E7,4.159704E7,5.0482E7,5.40913E7,5.0486428E7,6.6367948E7,7.264937E7,7.165689E7,7.4294376E7,0,
1219,616.2417166533124,5.5281515,,,,,,,,,,,1.5212979E7,1.644679E7,1.8487186E7,1.2567439E7,1.9725594E7,1.576869E7,1.2537901E7,1.475828E7,1.366699E7,1.3978938E7,1.1335364E7,1.2266417E7,1.2862105E7,1.2361161E7,1.3130928E7,1.0904239E7,1.5034603E7,1.3770244E7,1.4949657E7,1.3090229E7,1.3497246E7,1.5040068E7,1.536788E7,0,
1220,123.04420074912012,5.528949,,,,,,,,,,,9598278.0,1.2125531E7,3908861.8,1431038.8,1.3028768E7,1.868587E7,1.620768E7,1.7300094E7,1.4777173E7,8747187.0,8531917.0,2533835.2,1.6594244E7,1.1225861E7,1.2617007E7,1.0960012E7,1.3118767E7,1.3858253E7,1.2747452E7,1.7883254E7,2.0034994E7,1.8923066E7,1.9708474E7,0,
1221,165.0546626923521,5.529343,,,,,,,,,,,3.0244464E7,3.9424856E7,1.2260073E7,3875522.8,4.309801E7,5.8955176E7,5.5779772E7,5.2267624E7,4.838165E7,2.7028716E7,2.5608088E7,8638398.0,4.85315E7,3.7061604E7,4.125062E7,3.50731E7,4.100833E7,4.7031716E7,4.345618E7,5.1053884E7,5.935234E7,5.9206508E7,6.421391E7,0,
1222,182.08120306865868,5.5297422,,,,,,,,,,,1.2243156E8,1.616621E8,4.815148E7,1.6378769E7,1.7313382E8,2.356144E8,2.2731949E8,2.0916712E8,1.9909003E8,1.1027349E8,1.02409496E8,3.599085E7,1.9813086E8,1.511846E8,1.6986184E8,1.4143232E8,1.6002715E8,1.9530037E8,1.7699547E8,1.9805766E8,2.3930234E8,2.399242E8,2.6204037E8,0,
1223,600.267907079221,5.534093,,,,,,,,,,,1.5314183E7,1.7260446E7,2.0050258E7,1.5916714E7,2.189236E7,1.5537617E7,1.4299844E7,1.676952E7,1.3108241E7,1.4959094E7,1.4720168E7,1.3371362E7,1.3091882E7,1.3876691E7,1.4843705E7,1.3329707E7,1.7238638E7,1.5410521E7,1.5113891E7,1.2591552E7,1.4576781E7,1.6560361E7,1.5171951E7,0,
1224,585.3245716776458,5.5399237,,,,,,,,,,,4.2313396E7,4.0317412E7,3.9080464E7,3.540395E7,3.584793E7,4.516619E7,4.048241E7,5.351253E7,4.4722104E7,4.2435596E7,4.713434E7,4.679044E7,4.549317E7,4.3241184E7,4.6503172E7,3.983441E7,5.117646E7,4.8495292E7,4.286275E7,3.9819308E7,4.2777796E7,4.6210416E7,4.901459E7,0,
1225,578.2858308391557,5.540075,,,,,,,,,,,7.888927E7,8.064344E7,9.561371E7,7.870107E7,1.0377401E8,8.588592E7,8.048968E7,1.0098957E8,7.533642E7,7.926643E7,8.1693624E7,8.188563E7,7.728659E7,8.0524264E7,8.687345E7,7.9285E7,9.885064E7,9.240962E7,8.699357E7,7.411301E7,8.2355464E7,8.836141E7,8.765631E7,0,
1226,439.1823204371096,5.5464106,,,,,,,,,,,8702902.0,9476441.0,3988710.2,1957264.0,8499172.0,1.0461287E7,9980799.0,1.0421432E7,7374377.5,5822323.5,6464332.5,2158952.0,9295808.0,6232308.5,6993640.0,6446500.5,7344951.0,8015871.0,7325481.5,9063441.0,9344574.0,8420873.0,9888739.0,0,
1227,466.2065771092203,5.5511928,,,,,,,,,,,1.5784363E7,1.7863464E7,2.730834E7,1.6664319E7,5.719469E7,3.5842456E7,3.4025852E7,4.1850596E7,3.1604264E7,3.1330898E7,3.5927216E7,3.033915E7,3.370098E7,2.8862946E7,2.5800738E7,2.4353534E7,2.975684E7,2.8857404E7,2.808561E7,2.8664728E7,3.1346542E7,3.3472274E7,3.4579196E7,0,
1228,258.10849125249445,5.557109,,,,,,,,,,,4.672322E7,4.0281244E7,4.1719116E7,3.7851372E7,3.3209728E7,3.0772712E7,3.0863652E7,3.593605E7,3.2170472E7,3.301959E7,3.381291E7,3.5910204E7,3.5222516E7,3.0700868E7,2.7156626E7,2.6857104E7,2.9026476E7,3.19509E7,3.1358526E7,2.7038728E7,3.1564738E7,2.4987968E7,3.675348E7,0,
1229,459.2448383918859,5.5583076,,,,,,,,,,,9892115.0,1.0273107E7,1.0026611E7,9335539.0,5615912.5,1.0792491E7,1.0315228E7,1.3777917E7,1.1253615E7,1.0943943E7,1.208279E7,1.2063563E7,1.1507675E7,1.0712864E7,9490169.0,9604621.0,1.031572E7,1.1794492E7,1.0130246E7,9298149.0,1.0853181E7,9168135.0,1.1714614E7,0,
1230,603.3141507213578,5.558989,,,,,,,,,,,1.1479238E8,1.0224004E8,6.769168E7,8.6515624E7,5710711.5,3.3173798E7,3.4357276E7,4.4374304E7,3.345662E7,3.61119E7,3.589082E7,3.76313E7,3.4705744E7,5.891657E7,6.226842E7,5.6128268E7,5.9451572E7,5.5649716E7,5.6418824E7,4.412944E7,4.277834E7,4.098326E7,4.349396E7,0,
1231,813.4356219938495,5.559097,,,,,,,,,,,3.600622E7,3.630118E7,4.019895E7,3.4767596E7,3.0156858E7,3.2659088E7,2.7902024E7,4.1384536E7,2.7329802E7,3.3539398E7,3.536369E7,3.3225558E7,3.4922764E7,3.275143E7,3.3537862E7,2.9663784E7,3.466987E7,4.0312988E7,3.292628E7,3.1405946E7,3.1438928E7,2.7343792E7,3.3192766E7,0,
1232,428.2505525597324,5.565065,,,,,,,,,,,8.889179E7,1.03274824E8,1.4893934E8,1.02632584E8,2.3459301E8,2.074393E8,1.948622E8,2.3370608E8,2.1753155E8,1.9736786E8,2.2964341E8,1.9691158E8,2.1353869E8,2.0262998E8,1.9456286E8,1.6078709E8,1.9055352E8,1.8009704E8,1.9510366E8,1.8233451E8,2.1830016E8,1.7383822E8,2.0552355E8,0,
1233,330.059721510932,5.5670424,,,,,,,,,,,3.7268612E7,4.135579E7,4.043744E7,3.7998636E7,4095718.0,3.7651444E7,3.695327E7,4.225428E7,4.076751E7,3.9319068E7,4.1611524E7,3.9097428E7,3.8679708E7,4.082593E7,3.604618E7,3.363841E7,3.918491E7,3.8290516E7,4.0432536E7,3.744209E7,4.208903E7,3.4760384E7,4.2248784E7,0,
1234,450.23223692099356,5.571003,,,,,,,,,,,3.1063046E7,3.7763532E7,5.2297296E7,3.998521E7,8.4190904E7,6.337218E7,6.4669212E7,6.968309E7,7.121175E7,6.4874892E7,7.204363E7,6.237534E7,6.189444E7,6.1993748E7,6.6002788E7,5.2931984E7,5.7511816E7,5.628975E7,6.164485E7,6.3790972E7,7.15648E7,6.2040756E7,6.3994664E7,0,
1235,868.4052032360296,5.572179,,,,,,,,,,,1.4239269E7,1.6490257E7,1.6440102E7,1.6995472E7,1.4513366E7,1.5231985E7,1.5870561E7,1.9233874E7,1.6843724E7,1.7263752E7,1.8150298E7,1.6904542E7,1.8012228E7,1.7251506E7,1.974054E7,1.7800636E7,1.855545E7,1.7641872E7,2.0544644E7,1.6660792E7,1.6970934E7,1.5004933E7,1.4003747E7,0,
1236,303.16621686202825,5.576562,,,,,,,,,,,7425925.5,8905873.0,8957802.0,9553124.0,8528978.0,8458173.0,9143322.0,1.0240118E7,1.0454193E7,9756132.0,8564755.0,8333998.0,9123359.0,9533686.0,9942020.0,8462250.0,9025323.0,9269480.0,1.0740247E7,8869087.0,1.0539896E7,8962152.0,1.0145914E7,0,
1237,283.1263563293345,5.57724,,,,,,,,,,,0,0,0,0,1.1118624E7,0,0,0,0,0,0,0,0,0,0,0,0,0,0,0,0,0,0,0,
1238,244.12917855066806,5.5773687,,,,,,,,,,,6801476.5,7589767.0,9086214.0,8329927.5,1.150321E7,1.3735917E7,1.4183133E7,1.3715202E7,1.4056989E7,1.3410964E7,1.3756177E7,1.3537516E7,1.3499687E7,1.3915609E7,1.4169968E7,1.2301949E7,1.2297302E7,1.1560979E7,1.2842093E7,1.1856707E7,1.4884497E7,1.3382588E7,1.2358349E7,0,
1239,247.12883895178442,5.5805354,,,,,,,,,,,1.6690845E7,1.5218361E7,1.3992835E7,1.4497508E7,2.3159554E7,1.1194686E7,1.274114E7,1.5198646E7,1.1499773E7,1.075489E7,9100717.0,9951697.0,1.1865201E7,1.3951031E7,1.3757038E7,1.2745162E7,1.2832639E7,1.2132085E7,1.5277681E7,1.2972993E7,1.4405711E7,1.3257633E7,1.2196465E7,0,
1240,261.1445118414972,5.568172,,,,,,,,,,,2917849.8,3469493.8,2223197.8,3535945.5,3.1098774E8,0,3044401.5,1659364.1,2065356.4,2027547.1,1477776.4,2300044.8,1662945.2,4832356.5,5397185.5,4064420.5,4500096.0,3887809.8,4957577.5,3332891.0,1892371.9,1977573.1,0,0,
1241,414.2348451292348,5.593404,,,,,,,,,,,6.0164668E7,5.5837636E7,6.947299E7,7.072007E7,3.648E7,1.1416645E8,1.23202664E8,1.12519896E8,1.153219E8,1.1418485E8,1.1324804E8,1.1685581E8,1.1754847E8,1.110726E8,1.1144154E8,1.0670375E8,1.0921116E8,9.073256E7,1.0238945E8,1.0392024E8,1.2246926E8,1.0823394E8,1.0002917E8,0,
1242,628.3125904950369,5.6028605,,,,,,,,,,,2.8487502E7,2.9206532E7,3.3021534E7,3.5522508E7,4.6496164E7,0,0,0,0,0,0,0,0,0,0,0,0,0,0,0,0,0,0,0,
1243,436.21681781100875,5.607322,,,,,,,,,,,1.881596E7,1.8105512E7,2.0326274E7,2.2675788E7,9749901.0,2.5618408E7,3.038611E7,2.7092164E7,2.5476432E7,2.7260174E7,2.630755E7,2.8765616E7,2.8427408E7,2.4882956E7,2.3166446E7,2.4623606E7,2.5075714E7,2.309992E7,2.4785038E7,3.0701754E7,2.960042E7,2.747034E7,2.5029608E7,0,
1244,366.1650986195181,5.608963,,,,,,,,,,,1.300115E7,1.1214952E7,1.1182657E7,1.1738234E7,8048771.5,6397432.0,7747957.5,7369414.0,6708841.5,7602781.0,7650223.5,7936012.5,7325204.5,8398278.0,7044954.0,7883346.0,8109349.0,8000072.5,7915831.5,8075414.5,8641521.0,8103915.5,7192028.5,0,
1245,344.1816150483796,5.609002,,,,,,,,,,,1.0790447E8,8.659916E7,1.1172769E8,9.938752E7,1.0113433E8,9.6975704E7,1.07531464E8,1.0044531E8,9.5416456E7,1.0192381E8,1.0651219E8,1.0507896E8,1.0482074E8,1.12980696E8,8.713179E7,9.776367E7,1.1211632E8,9.987546E7,1.1148914E8,9.929613E7,1.1461246E8,1.0103572E8,9.807272E7,0,
1246,332.18157674014896,5.6161737,,,,,,,,,,,3.380303E7,2.6543384E7,3.6393132E7,3.216786E7,3.6119372E7,3.430367E7,3.5409996E7,3.7260868E7,3.645544E7,3.45151E7,3.9564664E7,3.798276E7,3.5784784E7,4.2423196E7,3.4303004E7,3.4950844E7,3.805209E7,3.260585E7,4.0114576E7,3.5057068E7,3.9650228E7,3.839795E7,3.4802624E7,0,
1247,219.13403095332973,5.6237917,,,,,,,,,,,0,0,0,0,6.055831E7,0,0,0,0,0,0,0,0,0,0,0,0,0,0,0,0,0,0,0,
1248,482.20152881272475,5.6368423,,,,,,,,,,,1422362.0,1446911.9,1593567.8,1332405.1,0,1.3271586E7,1.4099515E7,1.4906398E7,1.3523061E7,1.4814172E7,1.4006917E7,1.3272974E7,1.5201295E7,1.7684498E7,1.3971473E7,1.377195E7,1.302058E7,1.5101807E7,1.6206356E7,1.5501342E7,1.4174622E7,1.3627574E7,1.2025971E7,0,
1249,1117.5891742369058,5.63061,,,,,,,,,,,0,0,0,0,0,8420305.0,7718870.0,8924260.0,7194235.5,7462416.0,8914205.0,8560273.0,8628117.0,1.0918215E7,8099946.5,7724406.0,8265411.5,9791559.0,9464535.0,1.0540243E7,7165654.0,7150060.5,7745679.5,0,
1250,575.283057876591,5.6370564,,,,,,,,,,,4.63602E7,4.485455E7,3.985176E7,4.6822296E7,3.3130308E7,5.7569796E7,6.085496E7,6.069828E7,6.332309E7,5.7680692E7,5.8404332E7,6.4163456E7,6.2010268E7,6.97499E7,6.4050828E7,6.300992E7,6.326027E7,5.9161892E7,5.914656E7,6.7053216E7,6.087136E7,5.898497E7,5.6731316E7,0,
1251,444.24551686337605,5.6386704,,,,,,,,,,,2.1142868E7,1.9725928E7,2.0593754E7,1.784382E7,1.5569856E7,2.8093658E8,3.1157072E8,3.3791373E8,2.968077E8,3.0827696E8,3.060598E8,3.0314637E8,3.281342E8,4.1122566E8,3.5301194E8,3.4854774E8,3.09914E8,3.6028112E8,3.636009E8,3.735556E8,3.008189E8,3.1777008E8,2.902933E8,0,
1252,674.3510965251012,5.6430144,,,,,,,,,,,1.9226424E8,1.980955E8,2.6466278E8,2.3469144E8,3.2276378E8,2.7424918E8,2.919779E8,2.8618618E8,3.311515E8,2.7270154E8,2.7631005E8,2.7776166E8,3.0276195E8,3.445344E8,3.206547E8,2.9602294E8,2.870913E8,3.2261152E8,2.9370422E8,3.592839E8,2.715722E8,3.006644E8,2.7550157E8,0,
1253,712.3068121462853,5.645021,,,,,,,,,,,2.1013434E7,2.307299E7,2.8585E7,2.601705E7,3.2087988E7,2.3295806E7,2.6227968E7,2.3695308E7,2.8075206E7,2.4159932E7,2.3397314E7,2.2780494E7,2.4221548E7,2.5966578E7,2.4999492E7,2.294873E7,2.36882E7,2.4764786E7,2.3823876E7,2.918153E7,2.373777E7,2.547087E7,2.279771E7,0,
1254,466.22728176137286,5.646378,,,,,,,,,,,1.0262403E7,7817570.5,6534595.5,7703902.0,5865403.5,3.7344148E7,4.184747E7,4.545788E7,4.049533E7,4.1956956E7,4.024345E7,4.1766828E7,4.4744812E7,4.852527E7,4.6210948E7,4.3800284E7,3.9344816E7,4.9424724E7,4.6393816E7,5.3825316E7,3.7694388E7,4.2396696E7,4.112365E7,0,
1255,337.6790240015065,5.647348,,,,,,,,,,,1.6794032E7,1.6968682E7,2.2872774E7,2.1024508E7,2.524068E7,2.6897016E7,2.7736418E7,2.7899958E7,2.853384E7,2.4136862E7,2.5130208E7,2.3840652E7,2.553494E7,2.5573452E7,2.5825186E7,2.413616E7,2.2616146E7,2.3232004E7,2.160614E7,2.8120114E7,2.55179E7,2.502235E7,2.4616594E7,0,
1256,696.3330605859728,5.661014,,,,,,,,,,,1.0183895E8,1.101756E8,1.392363E8,1.2821437E8,1.64232E8,1.0957659E8,1.3331627E8,1.1327509E8,1.33301096E8,1.1880073E8,1.1434813E8,1.3867314E8,1.3376354E8,1.06305064E8,1.21536104E8,1.25208584E8,1.2562767E8,1.2861147E8,1.18762824E8,1.3899122E8,1.1442045E8,1.3141835E8,1.1386303E8,0,
1257,497.27207739939416,5.669908,,,,,,,,,,,8085100.0,6926561.0,7125886.5,6859268.5,5306109.0,1.6560269E7,1.7843388E7,1.590681E7,2.2893298E7,1.6623668E7,1.7557036E7,2.038548E7,2.1153674E7,1.3389077E7,1.3791922E7,1.6663873E7,1.5377531E7,1.6294055E7,1.5629765E7,1.5609558E7,1.4303958E7,1.7440732E7,1.3841376E7,0,
1258,898.4707298420184,5.6746216,,,,,,,,,,,0,0,0,0,0,7927087.0,6599852.5,6168387.0,8088545.5,6592601.0,7231666.0,7743519.0,0,5543897.0,7315662.0,0,6231380.5,6386287.5,5978951.5,8581724.0,6143399.5,6719593.0,6806400.0,0,
1259,625.2962008185806,5.6713805,,,,,,,,,,,1.4349245E7,9153012.0,5338034.0,7463333.5,0,0,2403927.0,2812363.2,2592110.2,2766853.0,2450422.2,3329769.8,0,3728871.8,5488434.5,4054119.5,3413487.5,4011336.8,3656506.2,3394643.0,2965242.0,3135201.0,3281014.5,0,
1260,320.18154208508133,5.6830206,,,,,,,,,,,1.694819E7,1.5242556E7,1.98618E7,1.5434333E7,2.4591664E7,2.1116136E7,1.8283414E7,1.9003066E7,2.2232792E7,2.1281114E7,2.344937E7,2.2558724E7,2.3884426E7,1.7767672E7,2.147167E7,2.141134E7,1.8650586E7,1.9538684E7,2.0552552E7,2.1146064E7,1.9259752E7,1.6439499E7,2.1831042E7,0,
1261,329.1819510943322,5.682582,,,,,,,,,,,1.2366505E7,1.1110856E7,7668674.5,8727139.0,4840322.5,5285500.0,4629287.5,5457978.0,5307561.0,6333341.0,5802485.0,5827551.5,6027264.0,5855674.0,7321465.0,8150304.5,6036496.5,6296971.5,6732064.0,6904700.5,6004208.0,5244942.0,5929907.5,0,
1262,362.19212084928733,5.6871834,,,,,,,,,,,4756307.0,5347762.5,5182145.0,4105778.0,4720271.5,6708963.5,5542577.5,6344311.0,7159450.5,6389010.0,6749498.5,7508191.5,7293430.5,4549892.5,6624190.5,6377153.0,5056300.0,5730238.5,5790689.5,6653529.0,6067871.0,5567945.0,6620429.0,0,
1263,294.1448051923971,5.688112,,,,,,,,,,,0,0,0,0,2.5253322E7,0,0,0,0,0,0,0,0,0,0,0,0,0,0,0,0,0,0,0,
1264,755.3937905957553,5.690496,,,,,,,,,,,1.1654212E8,1.1127274E8,8.3555E7,8.724619E7,8.745506E7,1.3769312E8,1.1553412E8,1.21260584E8,1.3230833E8,1.22155464E8,1.3297463E8,1.3881848E8,1.3670347E8,9.7600424E7,1.6453557E8,1.3904403E8,1.0055769E8,1.2769003E8,1.2376559E8,1.3875069E8,1.2555714E8,1.0886275E8,1.3866333E8,0,
1265,504.2457294660823,5.691239,,,,,,,,,,,2.1027556E7,1.614243E7,1.1502001E7,1.3957265E7,1.0761985E7,1.0352571E7,9734584.0,1.0355389E7,1.1692702E7,1.0441464E7,1.0427454E7,1.1467403E7,1.0810574E7,9627587.0,1.3107763E7,1.187558E7,8947615.0,1.1489502E7,9943846.0,1.1742887E7,1.0907373E7,9175660.0,1.1759618E7,0,
1266,571.3093912612555,5.6912794,,,,,,,,,,,1.0316412E8,9.4001256E7,6.1945844E7,6.9573304E7,4.7945708E7,1.1847324E8,9.489848E7,1.0235655E8,1.19515816E8,1.05458904E8,1.1357008E8,1.2452305E8,1.13649416E8,8.228342E7,1.28873304E8,1.1167297E8,8.455207E7,9.8719336E7,1.0052107E8,1.12646216E8,1.0864894E8,9.245529E7,1.1132289E8,0,
1267,318.1659859113991,5.6921067,,,,,,,,,,,2.3657206E7,2.4918382E7,2.049933E7,2.1112548E7,2.5714428E7,2.0655702E7,1.864732E7,2.0942648E7,2.0036874E7,1.9669328E7,2.0135898E7,2.1958384E7,2.1375096E7,1.6875874E7,2.4457038E7,2.2042008E7,1.6615379E7,2.004325E7,1.7842594E7,2.0390392E7,2.1770716E7,1.7322372E7,2.1538694E7,0,
1268,746.3550884078071,5.6921263,,,,,,,,,,,1.1301523E8,1.042711E8,7.89909E7,7.639411E7,9.33984E7,8.655005E7,6.989453E7,7.648803E7,7.9372024E7,7.539076E7,8.12148E7,8.864012E7,8.544688E7,6.6512092E7,1.0965948E8,9.427084E7,6.6344644E7,8.105245E7,7.763026E7,8.926202E7,8.184427E7,6.684327E7,9.006525E7,0,
1269,575.2828086817364,5.6590867,,,,,,,,,,,4.87391E7,4.719967E7,4.293562E7,4.8543416E7,3.3772316E7,7.2117304E7,6.441029E7,0,0,0,6.6414604E7,0,7.176081E7,7.164128E7,6.7021132E7,0,0,6.4323884E7,6.165393E7,6.84494E7,7.318591E7,7.0884904E7,6.402232E7,0,
1270,501.2668254385784,5.695393,,,,,,,,,,,4132408.5,2990425.2,2419731.8,2964469.2,1641254.9,8464446.0,7512618.5,7832938.5,9510643.0,8083709.0,7635443.5,0,9034240.0,6566373.0,9635471.0,8858703.0,6623611.5,8333654.5,7134835.0,8530765.0,8659121.0,8904063.0,9069053.0,0,
1271,593.2910042573261,5.6953545,,,,,,,,,,,3.141811E7,2.7928952E7,1.7766768E7,2.2014098E7,1.3505293E7,2.96574E7,2.4407242E7,2.531791E7,3.010588E7,2.5746602E7,2.7098666E7,3.1947696E7,2.8784366E7,2.0059526E7,3.2873732E7,2.7746814E7,2.0412822E7,2.6132428E7,2.3927096E7,2.9117752E7,2.7045238E7,2.4998E7,2.9999372E7,0,
1272,635.2857460639486,5.697437,,,,,,,,,,,1.0719847E7,9048406.0,6395091.5,7944478.0,6047489.0,8216700.0,6845569.0,7680002.0,9248052.0,8025023.0,6877575.5,1.1141589E7,9111987.0,7533850.5,9505211.0,8705171.0,6012354.5,8187510.5,7267595.0,8354955.5,7767422.0,8486727.0,9556885.0,0,
1273,183.11285749615675,5.697347,,,,,,,,,,,0,0,0,0,7603051.0,0,0,0,0,0,0,0,0,0,0,0,0,0,0,0,0,0,0,0,
1274,247.128865954174,5.674357,,,,,,,,,,,6598129.5,3703086.2,2670373.5,2665236.0,5.0384056E7,1820220.5,1435250.0,2041298.1,1383788.2,3365093.0,3924963.2,0,0,5613938.0,6647809.5,6833294.5,1.0749499E7,5880733.5,5362215.5,6000469.5,2210832.8,7963363.0,1676307.9,0,
1275,778.3784048826335,5.699853,,,,,,,,,,,1.0677032E7,8841063.0,7164424.0,8218535.5,7200946.5,1.3484045E7,8430495.0,9783201.0,1.0400235E7,8770019.0,9297993.0,1.2389606E7,1.2761508E7,9118592.0,1.5425664E7,1.2483549E7,8689444.0,1.1471817E7,8825584.0,1.0306311E7,9666383.0,1.0620085E7,1.3714242E7,0,
1276,229.11831558318988,5.658163,,,,,,,,,,,9053339.0,4197308.5,3150573.0,4822246.0,6.26347E7,4692019.5,5461314.5,4166628.8,1659841.9,4153000.8,5038927.0,0,3640076.0,6543324.0,8742040.0,7922296.0,4819880.5,6996606.5,7380574.5,5197988.0,2087185.2,5395038.5,3004794.5,0,
1277,777.3755386174802,5.699039,,,,,,,,,,,2.7497056E7,2.3086924E7,1.7919806E7,2.020605E7,1.7208274E7,3.0018994E7,2.1373044E7,2.2639416E7,2.464234E7,2.2986162E7,2.2987094E7,2.6874934E7,2.6384704E7,2.085244E7,3.4630468E7,2.7141644E7,2.1260222E7,2.6297644E7,2.2261916E7,2.583034E7,2.3717262E7,2.550103E7,3.076719E7,0,
1278,491.2173349137845,5.7065244,,,,,,,,,,,7383584.5,4943117.0,5065665.5,4873220.5,3964363.5,5521095.5,4334404.0,5355392.5,7780415.5,4440123.0,3604677.0,6577882.5,7014015.5,3263742.0,5160982.0,3632608.2,3381215.0,5968938.0,5719055.0,3850589.5,5524846.0,3892507.5,8459810.0,0,
1279,597.2648844839579,5.701465,,,,,,,,,,,6750448.5,5244757.5,4393329.5,5101024.5,3625283.8,8490414.0,5856892.5,6676149.0,6674789.0,6357069.0,6104729.0,7272272.0,6919496.0,5229292.5,8625192.0,6376110.5,5090966.5,7258790.5,5487174.5,6446195.0,7007260.5,6765016.0,8837760.0,0,
1280,340.14792852515774,5.7069416,,,,,,,,,,,4304983.5,4154382.0,4546093.0,4777718.0,5309661.5,0,2930358.8,3610120.8,2658303.8,2737008.2,2968917.8,3131099.5,3104861.2,4655285.0,5965229.0,3209119.5,3348021.2,3852586.0,2947937.2,3483310.0,3620245.5,4189090.2,6043286.0,0,
1281,486.25598576187093,5.704593,,,,,,,,,,,3020916.8,1827766.0,1273742.8,0,0,6465656.0,6533936.5,5316418.0,8408210.0,5080338.0,4328725.5,6903794.0,9032144.0,2852786.5,4522956.0,3777434.8,2725890.2,5040857.5,4623293.0,4870814.5,6149718.0,4705716.5,7087800.0,0,
1282,260.1605351422975,5.70652,,,,,,,,,,,0,0,0,0,7547076.0,0,0,0,0,0,0,0,0,0,0,0,0,0,0,0,0,0,0,0,
1283,269.1108429789786,5.712489,,,,,,,,,,,2142726.5,0,0,0,2.19354E7,0,0,0,0,0,0,0,0,0,3283136.8,2330094.0,0,0,2568214.2,0,0,0,0,0,
1284,768.3360105209383,5.7096033,,,,,,,,,,,5429416.5,4064423.2,4336795.5,5320643.5,4671687.0,5326298.5,3565752.5,3285869.0,3261428.8,3851049.8,4001193.5,3971026.5,3197097.0,3988571.8,5658763.0,4223272.0,3752908.8,5002708.0,3891935.2,3220717.5,6555728.0,4280649.5,5514016.0,0,
1285,804.8453202721229,5.7519975,,,,,,,,,,,1.3596364E7,1.1736544E7,1.4623618E7,1.3506592E7,1.2309924E7,1.3682053E7,1.5190977E7,1.3345737E7,1.5430856E7,1.3324797E7,1.255123E7,1.3098446E7,1.4363988E7,1.1826529E7,1.3545754E7,1.3425791E7,1.3390777E7,1.3571575E7,1.1777117E7,1.321574E7,1.2197248E7,1.3593263E7,1.3665371E7,0,
1286,1008.8075718352517,5.7501884,,,,,,,,,,,9247390.0,8587046.0,1.0364193E7,9679516.0,8560696.0,9269251.0,1.0303109E7,8872599.0,1.0706263E7,8858490.0,8787611.0,9336827.0,8338411.0,9014410.0,9909766.0,8693974.0,9484658.0,9327077.0,8924051.0,9475549.0,8471590.0,9987712.0,9693821.0,0,
1287,872.8327988803052,5.753693,,,,,,,,,,,1.2987074E7,1.2214916E7,1.4937831E7,1.2313828E7,1.1916117E7,1.274457E7,1.4359971E7,1.295973E7,1.3726227E7,1.310081E7,1.2239672E7,1.2818165E7,1.1762556E7,1.1835199E7,1.3438138E7,1.3090349E7,1.2659419E7,1.3149152E7,1.2137857E7,1.337455E7,1.1453843E7,1.3017091E7,1.3266501E7,0,
1288,940.8201211916014,5.7532554,,,,,,,,,,,1.1071215E7,9755323.0,1.2314807E7,1.1286575E7,1.0591931E7,1.069557E7,1.2442692E7,1.1157629E7,1.1933833E7,1.0628551E7,1.0524932E7,1.0613121E7,1.1087184E7,1.0217323E7,1.1184817E7,1.0627337E7,1.0947848E7,1.139291E7,1.0309801E7,1.1726631E7,9626286.0,1.1453887E7,1.1921093E7,0,
1289,1382.7390134702298,5.7532835,,,,,,,,,,,7794891.5,7382948.0,8167211.5,7606642.0,8348308.0,7614546.0,8893944.0,7913525.0,8933602.0,7966682.0,7785001.5,7496307.0,7939252.0,7349289.5,7903700.5,7696111.0,8434215.0,8208838.0,7060728.0,9181882.0,6710338.0,9200339.0,8787763.0,0,
1290,1076.795023803217,5.7523274,,,,,,,,,,,7720551.5,6567581.5,8560454.0,8360214.0,7532510.5,7336293.0,8507342.0,7754590.0,8789263.0,7215210.0,7431192.5,7733950.0,7149064.5,7283128.0,7871519.0,7632510.0,7615494.5,7497096.0,6333463.5,7560593.0,6731949.0,7935266.5,8485313.0,0,
1291,1178.7762593958735,5.7545624,,,,,,,,,,,1.8501534E7,1.6319812E7,2.0043304E7,1.7764862E7,1.840466E7,1.8008374E7,2.1187336E7,1.8012006E7,2.0992314E7,1.766576E7,1.7923714E7,1.7841916E7,1.936802E7,1.7408784E7,1.8593814E7,1.85853E7,2.00862E7,1.8510192E7,1.7024702E7,2.0843968E7,1.7707322E7,1.964374E7,1.865991E7,0,
1292,1314.751414100725,5.752809,,,,,,,,,,,1.0506342E7,9679408.0,1.2038063E7,9538807.0,1.082162E7,1.0677104E7,1.1779746E7,1.0472971E7,1.1746415E7,1.0116349E7,9690610.0,9986812.0,9081027.0,9760776.0,1.0286874E7,1.0254156E7,1.1196438E7,1.0401201E7,9570085.0,1.1602671E7,9450350.0,1.137142E7,1.1505679E7,0,
1293,634.8766372803109,5.752931,,,,,,,,,,,8.382957E7,7.763073E7,9.423259E7,8.3298696E7,8.022785E7,8.736319E7,9.516648E7,8.387016E7,8.970923E7,8.389148E7,7.794035E7,8.643848E7,7.784684E7,7.5781944E7,8.437946E7,8.601511E7,8.516653E7,8.923058E7,7.6378536E7,8.758965E7,7.9712344E7,8.625169E7,8.749379E7,0,
1294,736.8579007252666,5.755527,,,,,,,,,,,1.10091E7,9866648.0,1.1401376E7,1.0574211E7,9807144.0,1.0883362E7,1.2967883E7,1.050238E7,1.1857175E7,1.0595892E7,1.1070561E7,1.0752345E7,1.0729389E7,1.0678124E7,1.0484444E7,1.1384312E7,1.0292271E7,1.1992901E7,9796979.0,1.1340003E7,1.0165136E7,1.0252353E7,1.0748379E7,0,
1295,974.8138291641566,5.7534385,,,,,,,,,,,3.7247304E7,3.344345E7,4.1027664E7,3.5261908E7,3.709542E7,3.564334E7,4.229043E7,3.7250184E7,3.953464E7,3.6707788E7,3.5446E7,3.6868204E7,3.260821E7,3.8222868E7,3.6417972E7,3.8276196E7,3.859808E7,3.7629844E7,3.1252468E7,4.0371704E7,3.405523E7,3.8622628E7,3.7813264E7,0,
1296,770.8516162921535,5.7542186,,,,,,,,,,,6.401363E7,6.0046284E7,7.274233E7,6.3375456E7,6.3899508E7,6.709215E7,7.4645096E7,6.351244E7,7.096812E7,6.5674824E7,6.2272132E7,6.6447604E7,5.9975828E7,5.887678E7,6.656697E7,6.79412E7,6.750663E7,6.9056584E7,5.8417824E7,6.775938E7,6.0675316E7,6.796806E7,6.899111E7,0,
1297,702.8641574682059,5.7542906,,,,,,,,,,,7.3002456E7,7.02683E7,8.234778E7,7.307257E7,7.224E7,7.4689704E7,8.313133E7,7.434648E7,8.1275384E7,7.4435496E7,7.049562E7,7.6909784E7,6.825637E7,6.699498E7,7.395754E7,7.729294E7,7.635117E7,7.907722E7,6.780016E7,7.8357944E7,7.0546136E7,7.6243544E7,7.80945E7,0,
1298,906.8264306293512,5.7533875,,,,,,,,,,,4.4711348E7,4.2546E7,4.9441524E7,4.3468028E7,4.4499868E7,4.593094E7,5.2516548E7,4.4731504E7,4.908864E7,4.376894E7,4.2038916E7,4.54374E7,4.217948E7,4.8159596E7,4.5937428E7,4.6524616E7,4.7136156E7,4.6244748E7,3.9491696E7,4.851519E7,4.2588028E7,4.7665892E7,4.7694708E7,0,
1299,566.8891624888623,5.7546253,,,,,,,,,,,9.729614E7,9.213003E7,1.08427864E8,9.624946E7,9.403115E7,1.0231494E8,1.1014563E8,9.964421E7,1.040237E8,9.748188E7,9.2236344E7,1.01069816E8,9.24226E7,8.913159E7,9.927522E7,1.0052053E8,9.8272376E7,1.0423286E8,9.00644E7,9.959156E7,9.300256E7,1.0182244E8,1.0513285E8,0,
1300,1246.7637949789416,5.7559023,,,,,,,,,,,1.3703479E7,1.2468022E7,1.5028615E7,1.2440789E7,1.3871575E7,1.2891798E7,1.6060673E7,1.3366582E7,1.5370632E7,1.3553663E7,1.2514517E7,1.3458616E7,1.4397837E7,1.2979462E7,1.3777606E7,1.3855975E7,1.4729279E7,1.3891412E7,1.2414202E7,1.5509167E7,1.2651784E7,1.4942247E7,1.3985305E7,0,
1301,1042.8012477362736,5.755607,,,,,,,,,,,2.9955014E7,2.7296884E7,3.2009202E7,2.9130646E7,2.9845058E7,2.931613E7,3.4835524E7,3.052452E7,3.3180074E7,3.0146532E7,2.8514678E7,3.0185526E7,2.6943886E7,2.7387472E7,3.1142852E7,3.02814E7,3.172252E7,2.9253536E7,2.8235684E7,3.3415298E7,2.8696592E7,3.267386E7,3.1266552E7,0,
1302,838.8390375723154,5.7551217,,,,,,,,,,,5.7259492E7,5.365233E7,6.3152028E7,5.6432548E7,5.7289664E7,5.7676E7,6.4720308E7,5.7483628E7,6.2376692E7,5.6305636E7,5.3849084E7,5.8675296E7,5.319792E7,5.2779236E7,5.855336E7,6.083972E7,6.048969E7,6.015604E7,5.042453E7,6.2847096E7,5.499011E7,6.143047E7,6.0308236E7,0,
1303,1110.7886750048813,5.7550807,,,,,,,,,,,2.378344E7,2.137377E7,2.6108882E7,2.337505E7,2.392689E7,2.3128124E7,2.7518008E7,2.280874E7,2.681553E7,2.361917E7,2.256697E7,2.3621422E7,2.1493986E7,2.2121254E7,2.4109838E7,2.3853346E7,2.5678922E7,2.3218052E7,2.173381E7,2.5610162E7,2.2914668E7,2.4876474E7,2.540119E7,0,
1304,294.9389782134021,5.756007,,,,,,,,,,,2.6471238E7,2.4727786E7,2.8417228E7,2.7694582E7,2.4475692E7,2.7723106E7,2.970597E7,2.683648E7,2.4896348E7,2.730665E7,2.5403718E7,2.714897E7,2.602342E7,2.630518E7,2.5908692E7,2.5025328E7,2.6041704E7,2.9214292E7,2.6199942E7,2.5762886E7,2.5886564E7,2.7462182E7,2.8002668E7,0,
1305,771.85472000975,5.7568445,,,,,,,,,,,8198356.5,7624716.0,9161925.0,7775830.0,7764872.5,8110294.0,9355053.0,8907708.0,8842173.0,8325473.5,7949447.0,8155784.5,8743966.0,8080352.5,8030802.0,8517459.0,8740065.0,8448714.0,7803181.5,8019538.5,7347318.5,8318478.0,8688746.0,0,
1306,498.90157880321055,5.756777,,,,,,,,,,,1.1929998E8,1.1305038E8,1.3249129E8,1.1891193E8,1.136115E8,1.253037E8,1.3515666E8,1.192062E8,1.264965E8,1.20970984E8,1.1164372E8,1.2367542E8,1.1258557E8,1.10946584E8,1.1917704E8,1.2156876E8,1.19042536E8,1.2859799E8,1.1170194E8,1.2017968E8,1.14695864E8,1.2318505E8,1.2583566E8,0,
1307,227.9544849644065,5.758548,,,,,,,,,,,1.271303E7,1.2157693E7,1.3902473E7,1.3225119E7,1.2087447E7,1.3342225E7,1.4060455E7,1.313651E7,1.2005647E7,1.3108867E7,1.2441148E7,1.2908648E7,1.2658217E7,1.2908792E7,1.3143326E7,1.2292618E7,1.1903433E7,1.3694701E7,1.2330926E7,1.2541681E7,1.2736624E7,1.3084248E7,1.333507E7,0,
1308,362.9263888648617,5.7593656,,,,,,,,,,,1.1614262E8,1.0958512E8,1.2741105E8,1.1766307E8,1.0980031E8,1.2261392E8,1.29447896E8,1.1562322E8,1.1671037E8,1.1880553E8,1.0874827E8,1.18736824E8,1.1101956E8,1.12128904E8,1.16941496E8,1.1552307E8,1.1473203E8,1.25053816E8,1.1111192E8,1.11932984E8,1.1160351E8,1.17835336E8,1.2274779E8,0,
1309,158.9641250666744,5.760634,,,,,,,,,,,7.429367E7,6.856257E7,7.954439E7,7.530464E7,7.18235E7,7.683587E7,8.045182E7,7.339869E7,6.947189E7,7.556547E7,7.168469E7,7.503784E7,7.299181E7,7.409662E7,7.2109464E7,7.207245E7,7.110135E7,8.156504E7,7.139975E7,7.094932E7,6.946608E7,7.4241656E7,7.572161E7,0,
1310,839.8421010019545,5.760654,,,,,,,,,,,8588956.0,7391849.0,9405522.0,8351291.5,7928572.0,8943302.0,9920627.0,7705227.0,8884539.0,8336801.0,8036326.0,8490533.0,7738964.0,7348959.5,8222871.5,8541105.0,8215449.5,8674028.0,7156847.5,8586888.0,7281496.0,8919425.0,8832784.0,0,
1311,219.07179139257983,5.773711,,,,,,,,,,,0,0,0,0,7898858.5,0,0,0,0,0,0,0,0,0,0,0,0,0,0,0,0,0,0,0,
1312,488.2095496250788,5.82418,,,,,,,,,,,5000844.5,4673170.5,5978591.5,4943799.0,6100240.5,6802123.0,6441738.0,7724476.0,7018532.5,5379199.0,7231361.0,7998153.0,7176107.0,6297105.0,7509728.0,6688137.0,6392207.5,8070672.0,6790405.5,7440278.0,6029380.5,7482139.0,6420600.5,0,
1313,268.12674489076375,5.8224154,,,,,,,,,,,0,0,0,0,8146011.5,0,0,0,0,0,0,0,0,0,0,0,0,0,0,0,0,0,0,0,
1314,218.91972921624838,5.8260636,,,,,,,,,,,1.9741338E7,1.5597768E7,1.7151252E7,1.8249138E7,1.2111991E7,1.8149554E7,1.4616715E7,1.5383355E7,1.4662671E7,1.5134137E7,1.6692132E7,1.3745632E7,1.838252E7,1.5657624E7,1.19826E7,1.3396331E7,2.0765534E7,2.3060904E7,1.3325715E7,1.5929428E7,1.6043857E7,1.9373546E7,1.7049252E7,0,
1315,508.23804105738,5.8257995,,,,,,,,,,,1529635.5,0,1649494.0,1288079.4,2026345.9,9861665.0,9032792.0,9672143.0,9741003.0,6820137.0,9631629.0,1.0598937E7,9358213.0,6669922.0,8146911.0,6805681.0,7125007.0,8191098.0,6715019.5,8287495.0,7744291.0,8985907.0,7700597.5,0,
1316,216.92277638848628,5.8264656,,,,,,,,,,,6.3246264E7,4.7834664E7,5.466274E7,5.8522412E7,3.8647996E7,3.647694E7,4.691092E7,4.839885E7,4.620994E7,4.8160024E7,5.3157544E7,4.3354364E7,5.885845E7,4.8939864E7,3.8086864E7,4.2392148E7,4.023693E7,4.478721E7,4.231563E7,5.0163E7,4.9630196E7,6.343721E7,5.3380156E7,0,
1317,486.25619762914135,5.8304753,,,,,,,,,,,1399455.5,1487743.5,1706194.9,1410430.6,2390136.0,1.0061229E7,9119632.0,9811183.0,1.0024523E7,7758342.5,1.0395758E7,1.1204088E7,1.0001604E7,7312260.0,8763352.0,8174756.5,7496704.0,8632117.0,7219802.0,8625414.0,8624466.0,8857875.0,8369287.0,0,
1318,208.8909911584755,5.8349113,,,,,,,,,,,8644050.0,6368519.0,8094292.5,8911224.0,6966479.5,7399537.0,6640500.5,7593247.5,7786842.0,6863813.5,9409401.0,7895664.5,8153036.0,7375071.5,7427318.0,6832969.0,7013088.0,7643268.0,7338789.0,7538761.0,7371286.0,7786691.0,7846004.5,0,
1319,206.89397592217554,5.834495,,,,,,,,,,,1.368384E7,1.0054448E7,1.2881122E7,1.3664148E7,1.1387344E7,1.2071499E7,1.0092579E7,1.1845522E7,1.1597179E7,1.0461855E7,1.420987E7,1.2161083E7,1.3118276E7,1.1805615E7,1.1888167E7,1.0796902E7,1.1089162E7,1.1549798E7,1.1262319E7,1.2061058E7,1.1736572E7,1.2406189E7,1.1824752E7,0,
1320,430.696879495699,5.8502913,,,,,,,,,,,1.8317524E7,1.7244478E7,1.8286372E7,2.2098224E7,1.7419874E7,1.7675388E7,1.7553748E7,1.8719862E7,1.9315264E7,1.7697996E7,1.9247798E7,1.9555226E7,2.0300242E7,1.8068932E7,1.9525994E7,1.9693052E7,1.7444924E7,1.5055037E7,1.9611138E7,1.7007704E7,1.8082922E7,1.6346683E7,1.8782316E7,0,
1321,432.69376729292816,5.8498945,,,,,,,,,,,1.7584838E7,1.684082E7,1.7212204E7,2.1023488E7,1.6468178E7,1.6885054E7,1.6250595E7,1.7596114E7,1.818047E7,1.6519474E7,1.8361034E7,1.8244846E7,1.9019976E7,1.7100878E7,1.8944434E7,1.8538492E7,1.6442016E7,1.4771247E7,1.8147768E7,1.6193791E7,1.7275256E7,1.5076498E7,1.7430618E7,0,
1322,488.65545072630226,5.8473573,,,,,,,,,,,9659860.0,8783368.0,9600564.0,1.1786663E7,8525777.0,9415012.0,8937496.0,9489638.0,9879985.0,8880020.0,1.065861E7,1.1106421E7,1.0621649E7,9422517.0,1.0425459E7,1.0338022E7,8935711.0,8045904.0,9815187.0,8873944.0,9512560.0,8293405.0,9740040.0,0,
1323,490.65240754213204,5.8473573,,,,,,,,,,,1.1261577E7,9541815.0,1.0395706E7,1.2974581E7,9690034.0,1.032399E7,9775524.0,1.0550788E7,1.0866599E7,9957741.0,1.1906734E7,1.167146E7,1.1930718E7,1.039642E7,1.158026E7,1.1028675E7,9440742.0,8876117.0,1.0980006E7,9534816.0,1.0448538E7,9061426.0,1.0672683E7,0,
1324,428.6999281997094,5.8486443,,,,,,,,,,,8523863.0,7943963.0,8252556.0,9974616.0,7879513.0,7920237.0,7988680.5,8288999.0,8487149.0,7929001.5,8700349.0,9655467.0,9188247.0,8247755.0,8754427.0,8938220.0,7709141.5,6698998.0,8835369.0,7863976.5,8088278.5,7275728.0,8447881.0,0,
1325,434.6907173851845,5.851103,,,,,,,,,,,9316085.0,8849817.0,8980094.0,1.0541242E7,8652916.0,8728882.0,8863671.0,9383021.0,9471820.0,8938323.0,9719560.0,1.0546502E7,9056486.0,9091806.0,9879001.0,9862265.0,8797148.0,7756833.0,9421387.0,8659512.0,9141005.0,8099033.0,9346977.0,0,
1326,256.8207076967338,5.849464,,,,,,,,,,,1.3181588E7,1.1713577E7,1.3094454E7,1.4732979E7,1.3510162E7,1.2785909E7,1.316856E7,1.3755949E7,1.3342619E7,1.3130616E7,1.5777166E7,1.3859203E7,1.3372456E7,1.3982263E7,1.4099981E7,1.3931217E7,1.2906364E7,1.0747861E7,1.4379242E7,1.3115848E7,1.3212452E7,1.1907153E7,1.3221108E7,0,
1327,258.8177754776901,5.8506775,,,,,,,,,,,6343893.5,5751227.0,6189466.0,7228340.0,6291157.0,6077330.5,6403636.5,6623832.0,6266810.0,6137075.0,7341365.0,6745956.0,6356806.5,6770389.5,6869699.0,6608295.0,6199070.0,5985289.0,7110493.0,6453367.0,6447513.0,5594083.0,6139850.0,0,
1328,254.82373544659154,5.850657,,,,,,,,,,,1.0276264E7,9256567.0,9993762.0,1.1728785E7,1.046273E7,9872112.0,1.0487274E7,1.068302E7,1.0199651E7,1.0343016E7,1.2330307E7,1.0849473E7,1.0555471E7,1.0962036E7,1.0933041E7,1.1123332E7,1.0154618E7,8633657.0,1.1089916E7,1.0340304E7,1.0521227E7,9338975.0,1.0266239E7,0,
1329,374.73501756750085,5.8524065,,,,,,,,,,,6685547.0,5609963.5,6494503.0,7133299.0,6523164.0,6242305.5,6550703.5,7174699.0,6448459.0,6643239.0,6597884.5,6803902.0,6588505.0,6941587.0,6989085.0,6677540.0,6016948.5,5967991.0,7234649.5,6347012.5,6593858.5,5766333.0,6425881.5,0,
1330,372.73803973139684,5.8523893,,,,,,,,,,,8461184.0,7055596.5,7903510.0,8679752.0,8355959.5,8076262.0,8280691.5,8687043.0,7839660.0,8540843.0,8288455.0,8481192.0,8503687.0,8828016.0,8729379.0,8541409.0,7733640.0,7460725.5,9108697.0,8115067.5,8434769.0,7147542.5,8096226.5,0,
1331,196.86516645762742,5.8510814,,,,,,,,,,,1.2749457E7,1.1455812E7,1.1845014E7,1.2899058E7,1.2354772E7,1.1501506E7,1.1818523E7,1.2551186E7,1.2540348E7,1.2432458E7,1.2782391E7,1.282744E7,1.1929563E7,1.2367322E7,1.2313932E7,1.2375575E7,1.3212013E7,1.0346672E7,1.3893537E7,1.2422872E7,1.2430641E7,1.2323625E7,1.1881312E7,0,
1332,312.7823459553988,5.852341,,,,,,,,,,,1.0950988E7,1.0072805E7,1.0540058E7,1.1119221E7,1.0849005E7,1.0081001E7,1.0162406E7,1.093106E7,1.1213867E7,1.0688347E7,1.1357682E7,1.1170849E7,1.0861173E7,1.046557E7,1.1045221E7,1.0781507E7,1.1142228E7,9418863.0,1.1718375E7,1.0611318E7,1.0290972E7,1.017915E7,1.0341339E7,0,
1333,314.7792833337304,5.85194,,,,,,,,,,,1.764282E7,1.6347271E7,1.6760545E7,1.8696806E7,1.701166E7,1.5997289E7,1.6382137E7,1.7902282E7,1.7798656E7,1.736034E7,1.8418884E7,1.8074228E7,1.6960536E7,1.6966998E7,1.7693564E7,1.7695702E7,1.7755054E7,1.4072675E7,1.8483826E7,1.6814308E7,1.7053876E7,1.679887E7,1.6638117E7,0,
1334,260.16047324089266,5.852467,,,,,,,,,,,0,0,0,0,1.4151706E7,0,0,0,0,0,0,0,0,0,0,0,0,0,0,0,0,0,0,0,
1335,316.77630445929304,5.8523407,,,,,,,,,,,1.1317516E7,1.0521119E7,1.0980439E7,1.1685846E7,1.105384E7,1.0475115E7,1.0458479E7,1.1510719E7,1.1458162E7,1.101037E7,1.1967203E7,1.1777525E7,1.1000919E7,1.110462E7,1.1519826E7,1.1557854E7,1.1643611E7,1.086669E7,1.2401025E7,1.0805744E7,1.101061E7,1.0890343E7,1.0695631E7,0,
1336,198.86217450418604,5.8519254,,,,,,,,,,,1.2315597E7,1.094043E7,1.17703E7,1.2151603E7,1.1971214E7,1.140799E7,1.149327E7,1.2365907E7,1.2236985E7,1.2313142E7,1.2536524E7,1.2610217E7,1.1275968E7,1.170709E7,1.2006317E7,1.1965228E7,1.2235091E7,1.0132806E7,1.3415754E7,1.1811384E7,1.2133172E7,1.2477082E7,1.1458417E7,0,
1337,772.5319980885591,5.853602,,,,,,,,,,,6314685.0,6416202.5,6678688.5,6929296.5,6177356.0,6412613.0,5921275.5,6561813.0,7568604.5,6062716.5,6877912.0,6770558.0,6659378.0,6116080.0,7138244.5,6971328.5,6211558.5,5263534.5,7075261.0,5519237.5,5986400.0,6211395.5,5828612.0,0,
1338,767.5767140194342,5.8551807,,,,,,,,,,,6477453.0,6782728.0,7287945.5,7127172.5,6702386.0,6355935.5,6359727.5,7021078.5,7864122.0,6900357.5,7089358.5,7169360.5,6573354.5,6236524.5,7580493.5,7312040.0,6786769.0,5686354.0,7504110.0,6100871.0,5975194.5,6260140.0,5956929.5,0,
1339,760.6246785010185,5.859172,,,,,,,,,,,5452782.5,6007883.5,5970412.0,6127710.5,5348472.5,5548077.0,5370790.0,5927736.5,5725093.0,5413720.5,6860860.0,5864435.0,5369004.5,5240823.0,6454525.5,5828902.0,5755471.5,4920847.5,6254274.5,5182710.0,5086387.5,5195273.5,5080666.0,0,
1340,762.6216277373888,5.859209,,,,,,,,,,,6322379.0,6615991.5,6927569.0,7226963.5,6231377.5,6156757.5,6236892.5,7064794.0,6630052.5,6753630.5,7690624.0,7055704.0,6705770.0,6172555.5,7531633.5,6812823.0,6536692.0,6022148.0,7132097.0,6138371.5,5814838.5,6441505.0,5860206.5,0,
1341,755.6692245557695,5.8646727,,,,,,,,,,,5029507.0,5007450.0,5593109.5,5176100.5,4800560.0,5363219.0,5032676.5,5400826.5,5033491.0,4959712.0,5381993.0,5421085.0,4762281.5,4733254.5,5576342.5,4975574.5,5029897.5,4762473.5,5484556.0,4884895.0,4389864.5,5081079.0,4574285.0,0,
1342,757.6662398060693,5.8651414,,,,,,,,,,,5967378.5,5923435.0,6465310.5,6060087.0,5795061.5,6126850.5,5703138.5,6271375.5,5562575.0,5687268.0,5879643.5,6309608.0,5582679.0,5448492.0,6525942.0,6070312.0,6115302.0,5334596.5,6307733.0,5353892.0,4989597.0,5854852.0,5498402.5,0,
1343,752.7108966137783,5.8772273,,,,,,,,,,,4931300.5,4419076.0,4865165.5,4623889.0,4300295.5,5527555.0,4452004.5,4848219.0,4095756.0,4794467.5,4394245.5,4775376.0,4403820.0,4321370.5,4973417.0,4447640.0,4609985.0,4171861.5,4729191.5,4542730.0,4260411.5,4749863.5,4634141.0,0,
1344,747.7556534158621,5.8921547,,,,,,,,,,,3402697.2,2770552.2,3268871.8,3400342.5,2901755.2,4167516.0,3082757.2,2866837.2,3091916.2,3528094.0,3073008.5,3057678.5,3262191.5,3471049.5,3441205.8,3226183.2,3422498.8,2943703.0,3010732.2,3489131.0,2933265.5,3427834.2,3290461.2,0,
1345,546.1683114098496,5.9012976,,,,,,,,,,,2055435.1,1988409.4,2440221.0,2124659.2,3079037.0,3642916.5,3215414.2,2967856.5,3245374.2,3290961.0,2915615.5,3280504.5,3102132.0,3209183.2,3157226.0,3004193.8,3261368.0,2964675.5,2826433.2,3487734.8,3183406.8,3353594.0,3149050.5,0,
1346,488.2094611805396,5.9060206,,,,,,,,,,,4454244.0,4569000.0,5463691.5,4625920.5,7077310.5,7789178.5,7273715.0,6762912.5,7476245.5,7246030.5,0,7727387.5,7083619.5,7179363.0,7195849.5,6523681.5,7304817.0,6911075.0,6351675.5,7487225.5,7485208.5,7414407.5,6731883.5,0,
1347,214.12991648422266,5.9197283,,,,,,,,,,,6470968.5,7455850.0,6077393.5,6680501.5,7820849.0,6875703.5,6980865.5,6790620.5,6817289.0,6464102.5,7270882.0,7062914.0,6950258.5,6754632.5,7614489.0,6820990.5,7547523.0,7047099.5,6784067.0,7309385.0,7218511.0,7085629.5,6369009.0,0,
1348,626.2389048314454,5.935107,,,,,,,,,,,3472916.0,4043392.5,3890007.2,3990977.2,3502535.5,4920063.5,4261178.5,4576584.5,4266985.0,3999516.5,3979608.0,4422956.0,4206971.0,4015196.5,4358328.0,5116962.5,4247807.5,4094727.0,4644955.5,3852051.8,4602948.5,4239322.0,4774827.0,0,
1349,376.1714551955528,5.9335294,,,,,,,,,,,1443412.9,2127613.2,1448610.9,1908429.9,2536383.5,2120615.0,1916492.8,1951938.5,1740137.5,1967742.9,2237331.2,1952582.2,1849825.4,2521735.8,2338186.8,2670604.0,2342839.0,1924762.2,1894867.9,1882828.6,2171883.8,2265052.8,1804598.8,0,
1350,466.2275338373033,5.938683,,,,,,,,,,,1.3005579E7,1.3306231E7,1.598325E7,1.4567405E7,2.0620976E7,2.334726E7,2.1163284E7,2.364451E7,2.0550304E7,1.8881624E7,2.202154E7,2.0850888E7,1.945369E7,2.1068022E7,2.1464378E7,2.4350362E7,2.1601312E7,2.004025E7,2.3151272E7,1.9453052E7,2.159282E7,2.1044406E7,2.1397876E7,0,
1351,604.2569609702952,5.939658,,,,,,,,,,,6246420.0,6998954.5,6641336.0,7228584.5,6357736.5,8293532.5,6788954.0,8349802.0,6830255.5,6675418.0,7112159.0,7252274.0,6870478.5,7154301.5,7276924.5,8782803.0,7362876.5,7008084.0,8453879.0,6432100.5,7224764.0,7375700.0,7929179.0,0,
1352,444.2454338666672,5.9472585,,,,,,,,,,,1.7520352E7,1.7385336E7,2.0568242E7,1.9489934E7,2.4929464E7,2.7957998E7,2.7397904E7,3.0890762E7,2.4234828E7,2.4359022E7,3.0355636E7,2.6618702E7,2.2946538E7,2.7017288E7,2.640683E7,3.041887E7,2.7093966E7,2.716852E7,2.8194542E7,2.3347266E7,2.6107474E7,2.6191944E7,2.6326272E7,0,
1353,582.2751476285295,5.9477415,,,,,,,,,,,1.5200376E7,1.6376816E7,1.6053793E7,1.7232238E7,1.6436554E7,1.7929838E7,1.6541024E7,2.0028614E7,1.5158993E7,1.5235547E7,1.7822632E7,1.5904697E7,1.413301E7,1.7837264E7,1.5930356E7,2.0314902E7,1.8019274E7,1.764576E7,1.9035472E7,1.4939328E7,1.6214729E7,1.6299166E7,1.6719628E7,0,
1354,583.2780831952348,5.9456973,,,,,,,,,,,4233347.5,4684743.0,4421827.0,4788422.5,4890555.5,5245322.0,4572785.5,5611145.0,4039711.2,4728003.5,5112281.5,4760680.0,3910008.8,5253300.5,5021214.5,5753204.0,5102573.5,5189356.0,5352194.5,4081010.2,4640705.5,5034526.5,5004076.0,0,
1355,141.065829421218,5.949493,,,,,,,,,,,3675713.0,3751140.2,3428689.2,3902637.8,3392580.0,3609008.5,3773919.8,4046053.0,3616956.0,3597567.2,3714679.5,3848908.0,3444518.2,3501662.5,3336852.8,3678342.5,3599128.0,3855095.2,3873018.2,3378281.2,3477422.0,3996361.8,3750910.0,0,
1356,159.07644704105874,5.9513073,,,,,,,,,,,3074805.8,3250251.8,3161487.5,3146799.8,3098050.5,3103384.5,3416607.2,3388315.0,3043605.0,3241815.8,3415224.2,3429416.5,3291171.2,3139124.5,2899573.0,3062675.0,3215728.5,3100335.5,3416427.8,2842159.8,2940998.8,3426944.8,3178688.0,0,
1357,445.24859468067376,5.9470825,,,,,,,,,,,4139891.2,3981103.0,4514329.0,4244473.0,5878922.5,6128928.5,6017254.0,6665420.5,5198983.5,5878642.0,6990838.5,6107543.5,5147396.5,6542900.0,6076488.5,7070031.0,6370632.5,6787053.0,6349083.5,5033467.5,5887449.0,6406253.0,5997378.0,0,
1358,560.2931746189379,5.95281,,,,,,,,,,,2.804663E7,2.8380456E7,2.8278882E7,3.0800896E7,2.9213604E7,3.0578792E7,3.0574684E7,3.4467652E7,2.5510786E7,2.7027648E7,3.3835868E7,2.985023E7,2.440308E7,3.3035414E7,2.9853082E7,3.6465724E7,3.2392668E7,3.2913982E7,3.3769096E7,2.5311488E7,2.981961E7,2.8431206E7,2.873534E7,0,
1359,318.16590344028424,5.9555244,,,,,,,,,,,3866541.2,3537481.8,3778379.8,3963608.5,4599824.5,4715828.5,5229310.0,5336786.0,4455936.0,4447953.0,5506723.5,4891387.0,4441752.0,4863475.0,4873103.5,5223515.0,5176797.5,5154896.0,5248637.5,4006780.8,4867308.0,4883841.5,4827010.0,0,
1360,183.07402156143704,5.9613914,,,,,,,,,,,0,1973151.1,2938097.2,2212514.8,0,0,0,0,0,0,0,0,0,0,0,0,0,0,0,0,0,0,0,0,
1361,144.0655185267226,5.9697266,,,,,,,,,,,1455989.5,3275258.0,3936600.2,3556446.2,0,0,0,0,0,0,0,0,0,1097090.8,1005062.1,1185789.2,1022085.75,0,1042775.56,0,0,0,0,0,
1362,244.12922816156998,5.9659576,,,,,,,,,,,3405711.5,3409713.0,2910696.2,3505023.5,2558884.2,3216973.8,3526384.8,3459023.8,3262969.0,3277655.8,3936884.8,3563309.5,3054168.2,3758325.8,3072667.5,3315217.2,3584899.2,3870101.5,3516403.2,3084739.8,3622014.0,3637412.2,3455852.8,0,
1363,277.1394433421742,5.9679666,,,,,,,,,,,0,0,0,0,0,3304815.8,3167972.5,3577827.2,1256743.4,1251758.1,1381221.6,0,2067280.5,1931355.2,1719649.0,1822810.2,1999896.0,2794044.2,2599708.5,3972978.8,4126516.2,4148333.0,3869384.8,0,
1364,161.09211648236163,5.967586,,,,,,,,,,,5885804.0,1.4421057E7,1.6424218E7,1.5070794E7,0,1032304.3,1074838.9,0,1764500.9,4030513.5,4200552.5,4197960.5,1996199.4,4747502.5,4493289.0,4541683.0,4427289.5,5075698.0,5208018.0,1492008.0,2078801.2,1778350.8,1564535.5,0,
1365,132.07682930529614,5.9687414,,,,,,,,,,,2476768.5,2755820.2,2658354.5,2568973.0,2179430.5,2973111.0,2822934.8,2688860.2,3075243.8,2803244.0,2861169.0,2995484.0,2765939.5,2754990.8,2132355.0,2379563.0,2559859.2,2692811.8,2662641.2,2643026.8,3002542.8,2749638.5,2789998.8,0,
1366,312.15295575055035,5.972656,,,,,,,,,,,1265520.9,0,1657722.2,1419686.9,3058004.2,1815373.8,1877712.0,1957633.5,1542200.5,1532387.8,1867792.2,1763045.8,1574564.9,1772284.2,1780620.5,1753063.0,1669405.5,1923217.2,1824813.2,1846654.9,1938877.0,1923786.5,2050834.8,0,
1367,258.15611503447667,5.9724917,,,,,,,,,,,1.3304844E7,1.4476102E7,1.3457475E7,1.5236679E7,1.4435706E7,1.3931816E7,1.4440649E7,1.3968596E7,1.3937172E7,1.3045777E7,1.5124481E7,1.4728303E7,1.3069547E7,1.5202121E7,1.3199847E7,1.3984409E7,1.4143968E7,1.5404386E7,1.4912963E7,1.3385571E7,1.4955685E7,1.4416878E7,1.4469657E7,0,
1368,290.17098651116214,5.9742856,,,,,,,,,,,2369228.5,2029846.8,2798408.2,2498944.2,4625585.0,3352545.8,3460723.5,3349760.2,2896462.2,2601932.8,3223635.8,2842185.2,2754619.2,3376115.0,3034900.0,3243036.5,3013153.2,3365158.2,3337415.8,3117538.8,3619155.5,3292551.0,3529639.2,0,
1369,229.11848466382372,5.976095,,,,,,,,,,,0,0,0,0,6064316.0,0,0,0,0,0,0,0,0,0,0,0,0,0,0,0,0,0,0,0,
1370,246.1450320597097,5.976095,,,,,,,,,,,0,0,0,0,1.0848598E8,0,0,0,0,0,0,0,0,0,0,0,0,0,0,0,0,0,0,0,
1371,268.12680522448676,5.976095,,,,,,,,,,,0,0,0,0,4.0332096E7,0,0,0,0,0,0,0,0,0,0,0,0,0,0,0,0,0,0,0,
1372,290.1086983724245,5.976095,,,,,,,,,,,0,0,0,0,1.0512403E7,0,0,0,0,0,0,0,0,0,0,0,0,0,0,0,0,0,0,0,
1373,348.06734944885375,5.976095,,,,,,,,,,,0,0,0,0,3201622.5,0,0,0,0,0,0,0,0,0,0,0,0,0,0,0,0,0,0,0,
1374,247.12893789791744,5.986691,,,,,,,,,,,4690306.5,4038510.2,2760845.0,4711208.0,3.761053E7,1915285.1,2090592.6,2211793.8,1669139.5,2001308.6,1795647.1,1496163.0,1577766.9,4946047.0,5299924.5,5274670.0,4276897.0,4559225.0,5029358.5,2012151.8,2470949.8,2070204.0,1803393.6,0,
1375,269.11094668576953,5.9844966,,,,,,,,,,,0,0,0,0,8665232.0,0,0,0,0,0,0,0,0,1207503.9,0,0,0,0,1048969.6,0,0,0,0,0,
1376,217.12960686068718,5.988177,,,,,,,,,,,0,0,0,0,5.114075E7,1.0610537E7,6339178.5,6071552.0,0,0,0,0,0,6454059.5,6562761.0,6942764.0,5724699.0,6497433.5,6998078.0,6598467.5,5397461.5,5560930.0,3280844.2,0,
1377,173.09212167741026,5.99303,,,,,,,,,,,1.2496879E7,3404436.8,2051928.4,3036698.5,2.9604378E7,3548021.0,3221208.8,4181638.8,3078361.0,2707818.8,2389445.5,2385296.0,2506281.5,5153650.0,5895029.0,6148931.5,4720854.0,5414317.5,6422314.0,6850009.5,5042169.0,4170308.2,3815208.5,0,
1378,530.2939798909407,5.997481,,,,,,,,,,,3794926.5,4274164.5,4179412.0,5018516.5,4092514.5,3870360.8,3861645.8,3438175.5,3928862.8,4212033.5,3477748.8,3333673.0,3344689.0,4495306.0,3883147.2,4699477.0,3377402.5,3871574.5,4569073.0,3063433.5,3418778.8,3813325.0,3284123.2,0,
1379,486.25603208922666,6.0054,,,,,,,,,,,1729399.8,1745777.9,1766833.1,2287655.8,2057039.6,3963360.0,4089011.2,3398307.8,4521851.5,4344212.0,3827264.2,3568453.0,3726557.8,4067441.8,3694522.2,4014219.2,3604993.5,3389992.2,3783647.2,3338383.0,3431308.8,3788375.8,3245505.5,0,
1380,698.3242372885568,6.0049124,,,,,,,,,,,3773425.5,4469273.5,3723948.2,4688596.5,4031973.5,0,0,0,0,0,0,0,0,0,0,0,0,0,0,0,0,0,0,0,
1381,317.18192570588593,6.009659,,,,,,,,,,,4414289.5,4604517.0,5137397.5,5406267.5,6208463.5,5973582.0,5386131.0,5671994.5,6379440.5,6393804.0,5335121.0,5529780.5,5154850.0,5489833.0,5375381.0,5608079.0,5485035.5,6035728.5,6082333.5,4799350.5,5934239.5,5963541.0,5135989.0,0,
1382,339.1640070948208,6.010242,,,,,,,,,,,3475075.0,3364142.2,3807715.5,4081774.2,5080218.0,4297342.5,4025061.8,4344669.0,4725842.0,4639955.5,3836578.2,4210257.5,3971533.5,3995562.2,3762461.2,4483664.5,3976814.8,4593236.5,4724208.0,3528711.8,4271267.0,4576405.5,3809013.8,0,
1383,247.1399916957909,6.015009,,,,,,,,,,,1982196.8,0,0,0,8899323.0,5693867.0,5412174.0,6024049.0,0,0,0,0,0,2924741.8,2849148.8,3367805.8,2843554.5,3491694.8,3545212.5,5186993.0,5759801.0,6013305.0,4754921.0,0,
1384,350.99641265952084,6.0191636,,,,,,,,,,,4566081.5,5425146.5,5403453.0,5009979.5,2921201.8,4552692.5,4335787.5,3963556.8,4919867.0,3827246.2,3744398.8,3765305.8,3752791.5,4381209.0,4101760.0,3995503.8,4273165.0,4417324.0,4579855.5,4973864.0,4085726.5,4474715.5,4662953.5,0,
1385,472.24039501715197,6.0200787,,,,,,,,,,,3.3627788E7,2.707609E7,1.5728863E7,2.760955E7,0,1.6517049E7,1.8022418E7,1.8854608E7,1.9313334E7,1.9663674E7,1.6683809E7,1.67835E7,1.3043055E7,2.3008286E7,2.521606E7,2.496565E7,2.3536314E7,2.4344174E7,2.432688E7,1.8039244E7,1.975161E7,1.891748E7,1.6918304E7,0,
1386,307.0325466485628,6.0200467,,,,,,,,,,,7337487.5,8132464.0,6981222.0,8220018.0,2951546.0,5985695.5,5397522.5,5141721.5,6360357.0,5062449.0,4930298.5,4523864.5,4196220.5,6240206.5,6315305.0,6020073.5,5941573.0,6433783.0,5574894.0,6429573.5,6368606.5,5817134.0,6159463.5,0,
1387,329.0144820488994,6.0204773,,,,,,,,,,,4583647.5,4763101.5,4469802.5,5121702.0,2165306.8,3711647.5,3347809.2,3436313.2,3798584.8,3069162.2,3241705.0,2850864.2,2758703.5,3702280.0,4005662.0,3728080.2,3723437.0,4113747.2,3584518.8,3959621.8,3843770.0,3375855.8,3731160.2,0,
1388,324.0591234023112,6.020842,,,,,,,,,,,6838415.5,7452527.0,6539980.5,7592040.0,2853410.0,5485746.0,4538487.5,5001583.5,5840527.0,4291103.0,4241266.0,3866076.5,3812995.8,5266361.5,5917610.0,5239838.5,5752118.0,6068073.5,4742990.5,5488868.5,6032620.0,5201562.0,5236186.5,0,
1389,494.22220989671274,6.023636,,,,,,,,,,,4489681.5,3984300.2,2724898.5,3864395.0,0,2246597.5,2601469.5,2983356.2,2820891.0,2801503.2,2443503.8,2484665.0,2150951.0,3516983.2,3749488.5,3378407.8,3297727.0,3527837.5,3497492.2,2619469.0,2517909.0,2500122.0,2357658.5,0,
1390,615.2811904612546,6.036373,,,,,,,,,,,9163259.0,1.1140784E7,1.0092493E7,1.0934736E7,1.4011653E7,1.0080496E7,1.0736782E7,1.1460059E7,1.1564589E7,1.1242146E7,1.147452E7,1.0258718E7,8309545.0,1.2391922E7,1.4406172E7,1.1907537E7,1.3562919E7,1.1931324E7,1.1447952E7,9613586.0,9693401.0,1.0718154E7,1.0208312E7,0,
1391,524.2330395883188,6.0404353,,,,,,,,,,,2061326.2,2889892.0,4436080.0,2654044.0,0,4194571.0,4502643.5,4912577.5,6506604.5,3821991.2,4248063.5,5697302.5,4042833.0,4044616.2,4662125.5,3710074.5,4758040.0,4634626.5,4534117.5,3584269.8,4187336.0,4740956.0,4817886.0,0,
1392,502.25115390738284,6.041727,,,,,,,,,,,3407027.8,4807076.0,5490586.0,4498099.5,0,6758101.5,7486964.0,7823339.5,1.0179402E7,6548130.5,7356776.5,8945361.0,6619362.0,7223613.0,8014473.0,6154685.0,8012469.5,7632428.0,7414445.0,5995186.5,7175456.0,8357926.5,7547882.0,0,
1393,225.09838807992725,6.043989,,,,,,,,,,,1.2351439E8,1.391609E8,1.4724062E8,1.0812577E8,7.448677E7,1.0965708E8,1.2373205E8,1.214316E8,1.3790187E8,1.1387113E8,1.0430853E8,1.3719112E8,1.1102661E8,1.29728184E8,1.29801944E8,1.0577934E8,1.2732752E8,1.17200424E8,1.15251704E8,1.07015016E8,1.1896245E8,1.3408634E8,1.2527178E8,0,
1394,230.11362501949873,6.0460515,,,,,,,,,,,1.9549232E8,2.2841229E8,2.2781274E8,1.792171E8,1.3561067E8,1.6812293E8,1.9531003E8,2.0074946E8,2.3050506E8,1.8379827E8,1.5741742E8,2.2589331E8,1.7896346E8,2.2296688E8,2.1484382E8,2.0088018E8,2.2999237E8,2.1511325E8,2.0595792E8,1.6001354E8,2.1438894E8,2.3007365E8,2.1991803E8,0,
1395,686.3988078927691,6.0461097,,,,,,,,,,,0,0,0,0,1.9701496E7,0,0,0,0,0,0,0,0,0,0,0,0,0,0,0,0,0,0,0,
1396,412.1691827178187,6.05767,,,,,,,,,,,6319857.0,8143827.0,7768900.0,7036774.5,1837026.5,8887534.0,9593746.0,1.0038138E7,1.1168778E7,9470190.0,8383507.5,1.1070811E7,1.0317881E7,1.0469299E7,9638698.0,8817168.0,1.0596587E7,9051251.0,1.0051002E7,9919424.0,1.0037833E7,9765231.0,1.1039449E7,0,
1397,390.18719645658615,6.058055,,,,,,,,,,,2.5954716E7,3.43655E7,2.7105384E7,2.9059414E7,5366696.5,3.4187212E7,3.429009E7,3.4673876E7,4.0494652E7,3.441015E7,3.1251792E7,3.7749612E7,3.5171264E7,3.936256E7,3.889554E7,3.7065148E7,4.054888E7,3.3551902E7,3.8052788E7,3.67892E7,3.9739896E7,3.697469E7,4.0057348E7,0,
1398,348.1765401771999,6.0596485,,,,,,,,,,,1.0073558E7,1.212126E7,1.071797E7,1.0176199E7,6773470.5,1.3850714E7,1.4328457E7,1.4845027E7,1.4970047E7,1.4541977E7,1.3642107E7,1.4137828E7,1.4530148E7,1.4873462E7,1.5267176E7,1.5472426E7,1.6090317E7,1.3592414E7,1.4647517E7,1.4973537E7,1.6374084E7,1.4230805E7,1.73378E7,0,
1399,233.1130640648351,6.0616283,,,,,,,,,,,1.5947911E7,1.7959572E7,1.2135121E7,1.5465285E7,8075944.5,1.2674353E7,1.3799906E7,1.4116516E7,1.2091585E7,1.1942257E7,1.1124358E7,1.171127E7,1.3059424E7,1.4009978E7,1.4009344E7,1.4915254E7,1.4713985E7,1.2152927E7,1.4087396E7,1.3395591E7,1.6779896E7,1.386205E7,1.6390793E7,0,
1400,148.04269132488815,6.0632067,,,,,,,,,,,8240898.5,6957432.5,6693755.5,7266017.5,7043647.5,1.4478199E7,1.2922402E7,1.246071E7,1.4793768E7,9528207.0,8820569.0,1.2608831E7,1.2698056E7,1.1435226E7,1.1761143E7,1.3183945E7,1.1905046E7,1.1218759E7,1.3905463E7,1.0340916E7,1.3869218E7,8465685.0,1.7416886E7,0,
1401,189.12346029728343,6.0632067,,,,,,,,,,,1.3616492E7,1.6334421E7,1.3975344E7,1.6170167E7,2436840.8,1.2778409E7,1.3064092E7,1.3618265E7,1.1667446E7,1.2019291E7,1.2439594E7,1.2247358E7,1.2506875E7,1.4342379E7,1.4376102E7,1.5103785E7,1.4515752E7,1.1633319E7,1.4536999E7,1.3480324E7,1.5644268E7,1.4087234E7,1.610403E7,0,
1402,364.16166457566106,6.0639954,,,,,,,,,,,6.5453816E7,6.5321988E7,3.894304E7,5.006252E7,7829840.5,1.4004757E8,1.4777114E8,1.4387614E8,1.6793624E8,1.4301805E8,1.4196662E8,1.5865402E8,1.3929963E8,1.568121E8,1.6023822E8,1.5759754E8,1.6627726E8,1.3445357E8,1.5666736E8,1.5544163E8,1.724927E8,1.6535526E8,1.7112648E8,0,
1403,329.1819778812212,6.0655837,,,,,,,,,,,9128474.0,1.0937237E7,5602280.0,8234258.5,0,1532796.0,2095068.1,2365192.5,1685367.6,2554326.0,1861386.2,1996592.9,2132366.5,4916523.0,4571432.5,4660623.5,4880418.0,4422827.0,4522502.0,3936480.5,3547357.2,3532651.0,2886791.2,0,
1404,266.12475514023185,6.065591,,,,,,,,,,,5.5001624E7,6.391078E7,6.2483004E7,5.6601572E7,1.8199602E7,3.8975316E7,4.0776576E7,4.0270996E7,3.847318E7,4.1035452E7,3.9279292E7,3.9238548E7,3.9677428E7,4.4193036E7,4.047025E7,4.073289E7,4.3089092E7,3.2539702E7,4.296268E7,4.2967156E7,4.326353E7,4.099541E7,4.644862E7,0,
1405,186.12379930169024,6.06831,,,,,,,,,,,1.185635E7,1.3204096E7,1.2271129E7,1.2326839E7,9211394.0,9435078.0,8659577.0,8908883.0,7856810.0,9347349.0,8538534.0,8573711.0,9063561.0,1.1023603E7,1.0272319E7,1.0111537E7,1.0304372E7,8423766.0,1.1186241E7,9505719.0,9413487.0,8557668.0,1.1140308E7,0,
1406,289.15069258906897,6.081337,,,,,,,,,,,6298298.5,6303297.0,5258827.5,5904010.0,0,2289135.5,2430199.5,2291717.8,6335318.0,6582343.5,6003207.5,8356995.5,4328120.0,3600305.2,3864570.5,3834400.2,3092787.8,3009025.0,3815251.8,2240338.2,1940029.2,1945312.4,2529143.2,0,
1407,343.19762849874155,6.079337,,,,,,,,,,,1.9880814E7,2.0830854E7,1.3290517E7,1.6158651E7,2844817.8,2.294253E7,2.1840588E7,2.0288756E7,2.8319944E7,1.9245064E7,1.9513462E7,2.4338226E7,2.0602654E7,2.3674108E7,2.6148208E7,2.4768948E7,2.529645E7,2.2338708E7,2.5106244E7,2.2113464E7,2.2258556E7,2.4917028E7,2.4647928E7,0,
1408,129.06601797426418,6.079764,,,,,,,,,,,5.720967E7,3.0097894E7,2.1922174E7,1.8646762E7,6.1701916E7,1.380659E8,1.0927517E8,8.762646E7,1.1428577E8,1.0940321E8,1.0489287E8,1.2659014E8,1.1619737E8,8.046499E7,8.7958456E7,1.0043276E8,8.694454E7,8.67997E7,9.99154E7,1.29014776E8,1.1432673E8,1.2126504E8,1.5106766E8,0,
1409,147.0223075317707,6.0848813,,,,,,,,,,,1.6306354E7,9415141.0,1.3185278E7,7170297.5,0,2.9006978E7,2.500739E7,4.669729E7,7.962343E7,2.3930402E7,2.1686252E7,5.40081E7,5.868856E7,7581392.5,7615571.5,1.0707138E7,1.2713161E7,2.8876344E7,4.987532E7,2.2790264E7,4.3134468E7,2.5822292E7,7.367381E7,0,
1410,459.18545217037615,6.0865273,,,,,,,,,,,5049559.0,5605685.0,9268245.0,5706990.5,5894191.0,2.1553674E7,2.3117268E7,2.2179132E7,2.7020068E7,2.1922758E7,1.9993894E7,2.3604634E7,2.794055E7,1.9612024E7,1.9017172E7,1.688747E7,1.9325894E7,1.6866116E7,1.9917714E7,2.0469084E7,2.0925766E7,1.9387118E7,2.2423194E7,0,
1411,325.14829281954144,6.0888567,,,,,,,,,,,1.6611625E7,1.8995604E7,1.889979E7,1.8339034E7,2.5783672E7,1.872112E7,1.8460046E7,1.8215414E7,1.9566716E7,1.7996178E7,1.7975548E7,1.6771815E7,1.7635372E7,2.1750252E7,1.9301988E7,1.5908251E7,1.8166214E7,1.7637676E7,1.6663896E7,2.0514116E7,1.8575216E7,1.8745254E7,1.919241E7,0,
1412,303.1663514839414,6.0901113,,,,,,,,,,,3.9161836E7,4.4091756E7,3.9038296E7,4.2972828E7,4.4457508E7,4.1579708E7,3.9146284E7,4.0119884E7,4.34226E7,3.8827716E7,4.1711344E7,3.878279E7,3.7456532E7,4.508597E7,4.5680936E7,3.9777896E7,4.3658068E7,4.110115E7,3.7229588E7,4.420253E7,4.1408284E7,4.3213684E7,4.2982012E7,0,
1413,437.20333883350116,6.1004033,,,,,,,,,,,1.1392967E7,1.1839465E7,1.8747984E7,1.4132527E7,1.2776678E7,5.3429148E7,4.5660584E7,4.573458E7,5.999143E7,4.251221E7,5.0305676E7,4.775692E7,4.6974988E7,4.5812852E7,4.309205E7,4.3067588E7,4.5105764E7,4.9142852E7,4.1184388E7,4.755554E7,4.5050864E7,4.8682932E7,4.4978436E7,0,
1414,245.11328190321456,6.1028914,,,,,,,,,,,2.9518794E7,2.6872658E7,1.4597106E7,2.6644676E7,9.204349E7,1.0498772E8,9.906785E7,8.145968E7,6.0237856E7,7129715.0,5238682.0,4148536.8,2.1209724E7,5.494553E7,6.0613252E7,6.4913356E7,6.731723E7,6.8222744E7,6.105884E7,1.31818584E8,9.023327E7,8.622991E7,4.401611E7,0,
1415,291.66594015950125,6.1031036,,,,,,,,,,,4200183.0,4561138.5,4310369.0,4479892.0,4711344.5,5616438.5,5758118.0,6159454.5,6239813.0,5185791.5,5566383.0,5141474.0,5356413.0,4711399.5,5770930.5,6046821.0,6318849.5,6896711.5,5414896.0,5686242.0,5538439.0,5247541.0,5339086.0,0,
1416,274.17617892786257,6.1035824,,,,,,,,,,,0,1488212.1,1647030.4,1774244.5,0,4729991.0,4372952.5,4172639.5,9708633.0,6537498.5,7377363.5,7496983.0,5371311.5,3729715.0,4064128.2,4346092.5,4594046.0,5037498.0,4460908.5,4723962.0,4827415.5,3955481.5,4360465.0,0,
1417,630.3250355130813,6.105817,,,,,,,,,,,3.3109342E7,3.3943284E7,3.2623482E7,3.3066014E7,3.144903E7,3.1243474E7,2.6366988E7,2.9596224E7,3.5362724E7,2.8896472E7,2.8492378E7,2.7117602E7,3.0916134E7,3.726533E7,3.493713E7,3.1956812E7,3.4534956E7,3.7379228E7,3.5850252E7,3.1480226E7,3.0553326E7,3.0086578E7,2.702652E7,0,
1418,306.1658868218338,6.106568,,,,,,,,,,,8488352.0,6698883.0,8993592.0,7287993.5,1.3422639E7,5083776.5,4570979.0,6290114.5,4458349.5,4490167.0,4770309.5,3821721.8,4289272.5,6072806.5,6857527.0,7214765.0,7680650.5,8377039.0,6864597.5,5162035.5,4857167.5,4308667.5,5233533.0,0,
1419,328.1479400249895,6.121943,,,,,,,,,,,3016806.8,2425807.8,3309440.5,2655607.5,6674277.0,1922523.8,1879047.5,3515961.2,3367833.0,1797815.8,1661225.9,2528482.5,1881486.1,2306585.0,2392482.0,2584794.8,2884173.8,3111239.8,2721286.5,2112598.2,2648258.0,1624114.6,2061090.2,0,
1420,582.3252254916031,6.1092315,,,,,,,,,,,1.621259E8,1.64304E8,1.8919733E8,1.4890275E8,1.9857728E8,2.2078077E8,1.816446E8,1.9543158E8,2.4588042E8,1.8627064E8,2.0057731E8,1.6083907E8,1.9492922E8,2.024545E8,1.8251131E8,2.1766539E8,2.310432E8,2.4972627E8,2.3004877E8,2.0971403E8,1.9977926E8,1.6991795E8,1.9293834E8,0,
1421,652.307174810032,6.1124687,,,,,,,,,,,3819282.2,3949617.5,3861820.8,3575054.5,5373363.0,4240871.5,4344745.5,4196433.0,5033550.5,4575075.5,3854828.0,3531056.5,5152002.0,4623893.5,4627258.5,4058797.2,4162294.0,4336906.5,4910657.5,4021457.0,3850418.8,4089706.5,3755679.5,0,
1422,626.2891285540128,6.1128454,,,,,,,,,,,2343845.8,2314543.8,2772701.0,2356646.5,5578160.0,4623556.0,4141550.8,4604931.0,5531171.0,4275260.0,4304311.5,2905847.8,5133973.0,4042354.8,3556127.5,3450514.5,3942550.8,3971121.0,5053567.0,4436366.0,3823944.8,3679958.0,3458607.2,0,
1423,604.306923176163,6.117299,,,,,,,,,,,2.0779114E7,2.1312848E7,2.5604566E7,1.9807436E7,4.3683236E7,3.6664468E7,3.4380216E7,3.7301348E7,4.6459164E7,3.523453E7,3.0723366E7,2.654537E7,4.2794628E7,3.130048E7,2.8062848E7,3.0519856E7,3.3516524E7,3.6293596E7,3.95044E7,3.0890938E7,3.267297E7,3.2638394E7,3.1011672E7,0,
1424,562.2732021499431,6.1210237,,,,,,,,,,,8880289.0,7481211.5,7658353.0,6067488.0,8673494.0,0,0,0,0,0,0,0,0,2660355.5,2317318.5,2247439.0,2246682.5,2635964.0,2524791.0,0,0,0,0,0,
1425,334.1431116519334,6.1232905,,,,,,,,,,,4765673.5,3820737.2,8070076.5,4262460.5,8551687.0,1.130639E7,8368600.5,9506957.0,1.1030482E7,8587684.0,8755681.0,8267007.0,1.012585E7,8152623.5,7423294.5,9064823.0,8557563.0,9005445.0,7841027.5,8364149.0,7960650.5,8527326.0,7875838.5,0,
1426,718.3626141619711,6.1264925,,,,,,,,,,,8877207.0,8381776.0,1.0280604E7,7573650.5,8648501.0,1.0095283E7,9445964.0,9903392.0,1.2090299E7,9656712.0,8550658.0,9047587.0,1.0577282E7,1.0462689E7,1.1175E7,1.0888553E7,9251222.0,1.0034465E7,1.0892099E7,8722541.0,9669178.0,1.001517E7,8313947.0,0,
1427,283.12893898481866,6.1326966,,,,,,,,,,,0,0,0,0,5549789.5,0,0,0,0,0,0,0,0,0,0,0,0,0,0,0,0,0,0,0,
1428,561.2896186759917,6.1321907,,,,,,,,,,,1313692.1,0,0,0,8559768.0,0,0,0,0,0,0,0,0,0,0,0,0,0,0,0,0,0,0,0,
1429,286.15098999848453,6.132846,,,,,,,,,,,1.6375462E7,1.7760118E7,2.1786886E7,1.7796276E7,1.2222538E7,1.5854076E7,1.5575428E7,1.6800142E7,1.6008817E7,1.672647E7,1.4693383E7,1.3382935E7,1.7866422E7,1.5933362E7,1.4813412E7,1.5890401E7,1.3490383E7,1.3585815E7,1.3434801E7,1.4424213E7,1.4493913E7,1.5194833E7,1.3601668E7,0,
1430,175.10777167684984,6.137053,,,,,,,,,,,1.3104622E7,1.546018E7,1.7410052E7,2.0091734E7,2227625.0,1.345246E7,1.0353108E7,6885559.0,5399616.5,5925135.0,5975666.5,5339438.0,1.2076766E7,8958780.0,8548437.0,9681734.0,9532863.0,8729749.0,8891078.0,8763979.0,1.0250571E7,1.0252164E7,1.2002774E7,0,
1431,366.2135479564909,6.137416,,,,,,,,,,,8211672.0,7771365.0,6382467.0,6398066.5,5088181.0,8342173.0,8556423.0,8025256.0,9401017.0,7935878.5,8801274.0,8081456.5,9543790.0,7549031.5,8289688.5,8703635.0,8048588.0,7236639.0,7366933.0,8453194.0,7723329.5,8156781.5,8064406.5,0,
1432,740.3437031720553,6.1375833,,,,,,,,,,,5316110.5,3821740.0,4970032.0,3644461.5,5414263.0,7998031.0,8795873.0,9179386.0,9594912.0,9056914.0,7531027.0,8681083.0,1.1243706E7,5938134.0,6547400.0,8160087.0,6106878.0,7893656.0,7620520.0,6787688.0,7896376.0,7825472.5,7386373.5,0,
1433,662.3259941832836,6.137709,,,,,,,,,,,1.1947577E7,1.4338481E7,1.2664456E7,1.285582E7,9197002.0,3722987.2,4098479.0,4354177.5,3866454.8,4506896.0,4221477.5,3997536.8,4259183.0,4361270.0,4452636.0,4835038.5,4336010.5,4193516.0,3725048.2,3820177.8,4096369.2,4574130.5,4179041.2,0,
1434,356.12513313601426,6.1424456,,,,,,,,,,,2695769.2,1321249.6,2383391.5,0,5701469.0,8227654.5,9358362.0,9140549.0,9984164.0,8431412.0,7757004.5,7681121.0,1.0600348E7,4674701.5,5337189.5,6752622.0,5599241.0,6231977.0,6361821.0,7829079.5,7411346.0,7230152.0,7110005.0,0,
1435,161.09212545386274,6.142748,,,,,,,,,,,1.045083E7,1.0760413E7,1.3122532E7,1.2249714E7,2.0599782E7,8144568.0,9457827.0,9535922.0,9259066.0,9126189.0,9980318.0,8830701.0,1.0630002E7,9475559.0,8260777.0,9718700.0,8681174.0,9115197.0,8987721.0,8572547.0,1.0261647E7,8233451.5,1.0702742E7,0,
1436,647.3252367188253,6.147999,,,,,,,,,,,5972216.0,6432259.0,6921812.5,6193436.0,6065417.0,5753091.0,6777600.0,6564098.5,5975494.5,7514751.5,6637437.0,6983384.5,7343174.5,7304370.5,6571773.0,8888621.0,6128655.5,6900574.0,5502822.0,6388831.5,6668876.5,6480447.5,6095355.0,0,
1437,341.1820833786277,6.1480527,,,,,,,,,,,9.198528E7,6.965576E7,4.983109E7,6.108077E7,0,1.8117352E7,1.9225378E7,2.4980184E7,1.7667078E7,2.757075E7,1.769963E7,1.810394E7,1.900786E7,3.5863104E7,4.0805628E7,3.837624E7,3.9373544E7,4.138638E7,3.501432E7,3.7728184E7,3.0459184E7,2.6513768E7,2.609728E7,0,
1438,486.25628358265453,6.122893,,,,,,,,,,,1477887.8,1252637.4,1489545.2,1263776.4,1445209.1,3143640.5,3177710.8,0,3548341.0,3332149.5,3208735.8,2463815.5,3447733.5,0,4004613.5,3387290.0,0,2841866.8,3732235.0,0,3049458.0,3498909.8,3141776.5,0,
1439,543.2778074640229,6.15282,,,,,,,,,,,6096010.0,6203500.0,6284126.0,5803506.5,4864867.0,9036642.0,1.0006304E7,9125874.0,8609387.0,1.0000856E7,1.0254579E7,9847484.0,1.0861947E7,8903735.0,8586597.0,1.1131897E7,8540460.0,8764092.0,7233482.5,9605493.0,9869183.0,9928702.0,9198481.0,0,
1440,164.02942652606006,6.1550426,,,,,,,,,,,3624361.5,1587432.0,1723338.0,0,4306729.0,6354434.0,6958194.5,6204029.5,7737487.5,7221699.5,7127878.5,5349249.0,7696495.5,5433941.5,5677615.5,4297476.5,5346056.5,5481462.0,6608818.5,6335707.0,6534585.0,5903240.5,6280086.0,0,
1441,465.2823347415324,6.1564894,,,,,,,,,,,8117461.5,7030357.0,9276136.0,7399751.5,9993339.0,1.6778316E7,1.7895226E7,1.7042304E7,1.6640164E7,1.5931401E7,1.8723228E7,1.83984E7,2.019233E7,1.3628381E7,1.5720425E7,1.6674081E7,1.4945065E7,1.4406313E7,1.1671506E7,1.6846614E7,1.7647726E7,1.790853E7,1.6756464E7,0,
1442,545.2936738120499,6.158194,,,,,,,,,,,9.47041E7,8.049504E7,7.6425736E7,7.6380776E7,1.0232108E8,2954458.5,2991304.5,4378936.0,2317101.8,2696745.8,2884641.0,2573199.0,3002479.8,2.6511664E7,2.9021654E7,3.2695082E7,2.7543404E7,2.8170336E7,2.1522964E7,3632289.2,3650837.5,3335282.0,4685774.5,0,
1443,567.275643499085,6.160153,,,,,,,,,,,7.317923E7,4.6167304E7,4.6741504E7,3.6485664E7,8.474685E7,2969802.2,2709840.2,3955288.5,2249127.5,2475756.2,2784456.2,2215666.5,2854045.2,2.1012522E7,2.5960518E7,2.6227416E7,2.5611652E7,2.6629848E7,1.9957354E7,3507750.0,3472959.5,3008393.2,4536384.0,0,
1444,120.06570384777407,6.160572,,,,,,,,,,,2.2213518E7,6754463.0,7432544.0,3551996.2,3.4392776E7,3.9852104E7,3.9922336E7,4.0384496E7,4.483159E7,3.4940052E7,3.9478376E7,3.9577576E7,4.158726E7,3.19303E7,3.3463016E7,3.2473514E7,3.686167E7,3.3531978E7,3.3442066E7,3.9043356E7,4.427577E7,4.09675E7,4.642128E7,0,
1445,230.14995744499126,6.162124,,,,,,,,,,,2.6073396E7,1.9688824E7,2.2710834E7,2.0125096E7,2.8295682E7,3.616196E7,3.3306888E7,3.5202908E7,3.2018978E7,3.2464102E7,3.7500004E7,3.4300136E7,2.9653688E7,2.5752344E7,3.0866692E7,2.8694998E7,3.0641898E7,2.961327E7,2.7146332E7,3.3637676E7,3.792947E7,3.462872E7,3.6072364E7,0,
1446,1118.472904517245,6.1705194,,,,,,,,,,,7885952.5,6199676.5,7303722.0,5976825.5,7357429.5,0,0,0,0,0,0,0,0,1356132.0,1332027.4,0,0,1469517.8,956011.0,0,0,0,0,0,
1447,347.19244082994896,6.165161,,,,,,,,,,,3919102.0,3492847.5,4071957.2,3389595.8,7321718.5,5876116.0,5051607.0,5712722.0,4918609.5,4549867.0,5906555.5,5006647.5,5689647.0,4693473.5,5884737.0,5344954.5,5768276.0,4925218.0,4626563.0,5192491.0,5837096.0,5840800.5,5959403.0,0,
1448,252.10916916112183,6.166244,,,,,,,,,,,1.5126018E7,1.2212138E7,1.4436465E7,1.3365355E7,1.6819786E7,1.973959E7,1.818383E7,1.9957078E7,1.7502736E7,1.8089866E7,1.9608896E7,1.85753E7,1.7855792E7,1.4846754E7,1.7340438E7,1.6246767E7,1.7943854E7,1.6420009E7,1.5744444E7,1.8728676E7,1.9998456E7,1.994524E7,2.0539548E7,0,
1449,565.2605493905784,6.1671815,,,,,,,,,,,4740115.5,4612591.5,4433717.0,3494757.8,4076428.2,7261116.0,7290647.0,7109765.0,7083868.0,7414063.0,8470168.0,7512600.5,8176357.0,5432652.0,6996052.5,6566297.5,7045756.0,6395852.5,5573240.0,7068958.0,7784767.5,7605982.0,7801749.5,0,
1450,1096.4912375422127,6.169206,,,,,,,,,,,1.3234995E7,1.1238745E7,1.2534325E7,1.1220646E7,1.1486908E7,0,0,0,0,0,0,0,0,1693320.2,2160035.0,2056939.1,2092054.5,2262226.8,1512778.8,0,0,0,0,0,
1451,576.3511514452254,6.16742,,,,,,,,,,,3266045.0,3198960.8,3835018.2,3010735.5,4976802.5,6371949.0,5826852.5,5708119.0,5152137.5,6214959.5,6852911.0,5565545.5,6559723.5,5809762.0,6791983.5,6262907.5,6191429.5,5266758.5,4391924.5,5609183.0,5336359.5,6010688.5,5767082.5,0,
1452,265.12176984739415,6.1707125,,,,,,,,,,,0,0,0,0,1.7782292E7,0,0,0,0,0,0,0,0,0,0,0,0,0,0,0,0,0,0,0,
1453,619.3278346056428,6.1972923,,,,,,,,,,,2.1053228E7,1.6882586E7,1.2789447E7,1.2887889E7,3655719.2,3.1031422E7,2.7454058E7,3.008169E7,2.5454562E7,2.4777422E7,2.7647252E7,3.0057508E7,2.8840972E7,2.8904636E7,3.4160212E7,3.0779698E7,3.2512596E7,3.0960798E7,2.6947326E7,3.1997736E7,2.9086898E7,3.2403236E7,3.2357778E7,0,
1454,306.1659845182062,6.199945,,,,,,,,,,,3845525.5,4046048.8,4419018.0,3459976.0,4255601.0,5697308.5,4916183.5,5274975.5,4501911.5,4529960.5,4546203.0,4760114.0,4600241.0,4063421.2,4775249.0,4783168.0,4039402.8,4232006.0,4918728.0,5336216.5,4472432.5,4440038.5,4149891.8,0,
1455,537.2287035403259,6.2094035,,,,,,,,,,,9192185.0,9346819.0,1.0760996E7,7889312.0,1.1244597E7,1.7770624E7,1.5156298E7,1.4099642E7,1.2293097E7,1.3520176E7,1.5195103E7,1.5016131E7,1.2709233E7,1.3896939E7,1.2979633E7,1.397962E7,1.1567376E7,1.2338161E7,1.2382913E7,1.5638601E7,1.2425721E7,1.3580004E7,1.2927392E7,0,
1456,239.10264032812896,6.209879,,,,,,,,,,,0,0,0,0,6316971.5,0,0,0,0,0,0,0,0,0,0,0,0,0,0,0,0,0,0,0,
1457,515.2466830506213,6.2150826,,,,,,,,,,,1.5586259E7,1.866957E7,2.0847854E7,1.5466119E7,1.6104392E7,2.3336028E7,2.0669518E7,2.128367E7,1.7544188E7,1.9005224E7,1.9917816E7,2.5630744E7,1.9557952E7,2.0222816E7,1.9509712E7,2.079246E7,1.7931188E7,2.0775886E7,1.877026E7,2.2729774E7,1.9411938E7,1.9229824E7,2.1226846E7,0,
1458,390.1870949961653,6.226888,,,,,,,,,,,3775532.0,3954113.8,4285372.0,3644655.2,3709783.5,4275866.0,3896141.0,4302748.5,4097823.2,3753857.2,3776046.2,5040047.5,4245088.0,4293564.5,4059790.5,4155728.0,4037713.8,4271509.5,4073948.5,4508347.0,4404002.5,3966682.2,4612883.0,0,
1459,231.09761721026985,6.2297754,,,,,,,,,,,6602724.0,6879531.0,7751105.5,6712958.0,6438640.0,7017138.5,6080217.5,8059096.0,6894961.0,6063969.5,5742479.0,8272246.5,6979989.0,6231441.5,5602521.5,6492424.0,6237979.0,6561074.5,6524064.5,6887230.0,7028229.5,6180503.0,7564070.5,0,
1460,681.3186651310765,6.231064,,,,,,,,,,,4105932.8,4504954.5,3938002.8,3539944.5,4604093.5,2833793.5,2420929.2,2956213.0,1881577.0,2425126.2,2518397.2,2362369.5,2085350.1,3794499.5,3226444.5,3173772.2,3806143.2,3305384.8,3244937.2,3027344.5,2625814.2,2503726.5,2996627.5,0,
1461,383.20373727514584,6.2331285,,,,,,,,,,,9460955.0,9558448.0,1.0139575E7,8612849.0,9268179.0,1.0996587E7,1.0094195E7,1.1598263E7,1.0467167E7,9031431.0,9374288.0,1.1390516E7,9605682.0,1.0581927E7,8864221.0,9511432.0,9929560.0,9879019.0,9648192.0,1.1410416E7,1.0494626E7,9478372.0,1.0818409E7,0,
1462,147.02227963119952,6.1523576,,,,,,,,,,,2434620.2,2791722.8,2879084.5,3493401.5,0,9818121.0,1.3419449E7,7298860.5,8192570.5,9569916.0,1.1746698E7,7557574.0,6396077.5,6446682.5,0,9991657.0,9714980.0,6143690.5,4691201.5,1.506173E7,7585125.0,1.0762413E7,7700301.5,0,
1463,659.3366776128959,6.2348104,,,,,,,,,,,2.0762432E7,2.2840166E7,2.0990804E7,1.884321E7,2.0426528E7,1.2275385E7,1.0655486E7,1.459685E7,8646584.0,1.048611E7,1.0439977E7,1.1527236E7,9616786.0,1.5547805E7,1.4386956E7,1.4125611E7,1.6649743E7,1.466437E7,1.4594039E7,1.4080541E7,1.2697491E7,1.0144697E7,1.3866881E7,0,
1464,405.19817705083085,6.2377195,,,,,,,,,,,3751353.8,3949482.2,3551159.8,3023505.5,4689679.5,3286753.0,3413773.5,3915531.0,2874874.8,3136052.5,3131047.0,3397532.0,2839247.5,3667911.0,2928330.0,3328569.0,3898810.8,3354666.2,3529938.5,3636414.8,3327794.0,3245754.5,3850070.0,0,
1465,310.1672685370541,6.2433214,,,,,,,,,,,1.2365495E7,1.0633783E7,7498913.5,7978434.0,1863445.8,1.3230557E7,1.4897883E7,1.5410478E7,1.366788E7,1.3501493E7,1.4754517E7,1.5681179E7,1.4274762E7,1.5110229E7,1.4887702E7,1.4490705E7,1.4966696E7,1.450742E7,1.4697658E7,1.6398903E7,1.6419165E7,1.4149942E7,1.4470652E7,0,
1466,398.1535834531802,6.2544317,,,,,,,,,,,8461300.0,1.0283023E7,9288625.0,8834782.0,6909844.5,1.0957318E7,1.3540223E7,1.0957541E7,1.0766329E7,1.3409102E7,1.382977E7,1.00954E7,1.2130574E7,9985967.0,1.0164123E7,9938556.0,1.0752766E7,1.0834026E7,1.0524106E7,1.0796263E7,1.2225409E7,1.1967548E7,1.2034796E7,0,
1467,452.21179933457296,6.2544975,,,,,,,,,,,6411559.0,6203010.5,5561745.5,5451143.5,4839151.5,8202675.0,9638091.0,7386269.5,7860412.0,9109963.0,1.0332323E7,7027804.0,8367579.5,8455269.0,7497330.5,8115658.0,8647480.0,8465628.0,7618943.0,8544942.0,9466389.0,8925881.0,8243175.5,0,
1468,376.1715931325258,6.2549148,,,,,,,,,,,5.4846656E7,6.3507628E7,5.558118E7,5.4710776E7,4.245604E7,6.0631988E7,7.554081E7,6.7401496E7,5.746785E7,7.07031E7,7.227325E7,6.882333E7,6.908704E7,5.276976E7,5.8171816E7,6.419901E7,6.359879E7,6.5028628E7,5.6795336E7,6.2203188E7,7.274423E7,6.8544024E7,6.8729336E7,0,
1469,430.229875232816,6.2562475,,,,,,,,,,,2.5304744E7,2.5070806E7,2.19784E7,2.1261436E7,1.7824642E7,2.8337392E7,3.5571236E7,2.8433066E7,2.5670364E7,3.2288554E7,3.4228988E7,3.0043808E7,3.0737598E7,2.899166E7,2.7003904E7,3.0035358E7,3.0116164E7,3.130863E7,2.6702986E7,3.1443172E7,3.3887724E7,3.170736E7,3.0739858E7,0,
1470,227.10270100747846,6.2573037,,,,,,,,,,,7976451.5,8382753.0,6468400.0,6940672.5,3857113.2,4046355.0,4728476.5,4779817.5,3883159.0,4522519.5,4298085.5,4826167.5,4327540.0,4629325.0,4957616.0,4890805.0,4954172.5,4602959.0,4539287.0,5039431.0,5286451.0,4505034.0,4608446.0,0,
1471,458.22481784903795,6.2665067,,,,,,,,,,,4104528.0,5003013.0,4737181.0,4508514.0,4016776.8,5103600.5,5832522.5,5294355.5,4709456.0,5665188.0,5446228.0,5520642.0,5961476.0,5131648.0,5624633.0,4978564.0,5332154.0,5778412.5,4843833.5,5523363.5,6592246.5,5086767.5,5465377.5,0,
1472,274.1397830890095,6.2697945,,,,,,,,,,,3937664.8,4641074.0,4107139.2,4154252.0,2933325.8,3681039.0,4179692.0,3990443.5,3682333.5,4349716.0,4086547.8,3800285.8,4175497.5,3968901.8,4183688.0,3864470.0,4225281.0,3847172.5,3648695.8,4247870.5,4742423.5,3975566.8,4043316.2,0,
1473,653.3629520844139,6.270876,,,,,,,,,,,4335018.5,5799889.0,6214284.0,5454762.0,7846633.0,8869186.0,9589094.0,7959475.0,7973728.0,8934708.0,8315612.0,7830721.5,9045102.0,8603614.0,9475308.0,7978612.0,9646747.0,8506123.0,7611680.0,8473320.0,1.0646936E7,7483652.0,8825021.0,0,
1474,355.1976782055586,6.276842,,,,,,,,,,,2.163786E7,2.265999E7,1.8254068E7,1.8856422E7,1.2749812E7,1.4016067E7,1.3854654E7,1.4646641E7,1.3552647E7,1.4369875E7,1.4275465E7,1.3467603E7,1.5212493E7,1.6029396E7,1.6840802E7,1.5346044E7,1.7351836E7,1.5724837E7,1.4333323E7,1.7336054E7,1.8649092E7,1.298039E7,1.4929935E7,0,
1475,258.14495078822284,6.2810025,,,,,,,,,,,2.3858952E7,2.7270834E7,2.6333878E7,2.4833948E7,2.5423644E7,2.2784378E7,2.3522418E7,2.3958818E7,2.434751E7,2.3690904E7,2.5645374E7,2.2607906E7,2.3160942E7,2.5153362E7,2.7245864E7,2.3444332E7,2.578633E7,2.5507732E7,2.3341276E7,2.7804534E7,2.9076548E7,2.2214228E7,2.4881854E7,0,
1476,761.3833013110981,6.282459,,,,,,,,,,,1983133.1,2174320.5,2966415.8,2245007.0,3500708.8,3372293.5,3340998.0,3229987.8,3159772.8,3157970.0,3516726.2,3891535.5,3637458.0,3856276.5,3784876.5,3205730.8,3949805.0,3547060.0,2886897.2,3434581.8,4028191.2,3154487.2,3167541.5,0,
1477,144.06552577936287,6.288312,,,,,,,,,,,4785820.0,7008664.5,5863521.5,6453371.0,0,0,0,0,0,0,0,0,0,1535483.6,1670937.6,1852240.0,1680008.0,1936343.1,1786254.0,0,0,0,0,0,
1478,564.2757896552881,6.28429,,,,,,,,,,,3543942.5,3489106.5,2180997.2,2786328.5,0,4721431.5,4981157.5,4268389.5,5020052.0,4747644.5,4933123.5,4620675.0,4581161.5,5995067.5,5638739.0,5183511.5,5721662.0,5385331.0,4668416.5,5308842.5,5464877.5,4921775.0,4478304.0,0,
1479,744.3004124229192,6.285056,,,,,,,,,,,2.581258E7,2.615445E7,2.7245186E7,2.5368912E7,3.081544E7,3.6587412E7,3.7141828E7,3.1350508E7,3.9585316E7,3.604428E7,3.4369924E7,3.7182736E7,3.40983E7,4.274722E7,3.98029E7,3.5537464E7,4.202583E7,4.0229784E7,3.1673994E7,3.594056E7,3.9000748E7,3.4784544E7,3.2886282E7,0,
1480,162.07610644591415,6.285901,,,,,,,,,,,1.8686502E7,2.645629E7,2.09451E7,2.3484454E7,0,1779182.2,2096994.4,2626107.8,1982728.6,2644477.2,2679132.8,2693639.2,2496459.5,5579012.5,6075575.5,6340018.0,5778213.5,6895705.5,6483230.0,1964397.5,2384958.0,2136907.5,2603790.0,0,
1481,334.1608521521576,6.2903714,,,,,,,,,,,7636022.5,8077747.5,8350486.0,8583250.0,6450301.5,8142204.5,8421655.0,8805162.0,9202589.0,8205359.0,8824549.0,9551353.0,7755517.0,8548264.0,9066180.0,9079789.0,8721399.0,9356029.0,8456598.0,9695665.0,1.023242E7,8999098.0,8512957.0,0,
1482,205.11841160629598,6.291535,,,,,,,,,,,0,0,0,0,2.1394232E7,0,0,0,0,0,0,0,0,0,0,0,0,0,0,0,0,0,0,0,
1483,614.3150406774109,6.2927637,,,,,,,,,,,0,0,0,0,0,3462573.0,3915642.2,4133964.5,4698190.5,3730097.8,3808229.2,4497232.5,3522337.0,4792968.0,4612825.0,4171220.5,4642155.0,4521908.5,3702305.0,4202856.0,4446376.0,3737149.8,3555941.8,0,
1484,722.3185662796728,6.2932243,,,,,,,,,,,3.9024732E7,3.9646324E7,4.2424604E7,3.913532E7,4.3554896E7,4.767981E7,5.1360956E7,5.284678E7,5.6854824E7,4.9799356E7,4.6571812E7,6.72713E7,4.9405656E7,5.8978176E7,5.8433136E7,5.614172E7,5.9674776E7,5.81612E7,4.7603336E7,5.3533012E7,5.7216056E7,5.1040456E7,4.764987E7,0,
1485,542.2937302056637,6.293729,,,,,,,,,,,5572140.5,5334109.0,3327588.8,4363669.0,0,6852759.0,6910811.5,7702480.0,7448219.5,7036548.5,6919382.0,8771946.0,7061219.0,8943974.0,9019341.0,8358666.5,8300351.5,8715303.0,7050307.0,8255929.5,8627685.0,7832657.0,6463709.0,0,
1486,317.18189090479376,6.302905,,,,,,,,,,,3379562.5,3882860.0,4054683.0,3461761.8,4482347.0,4375511.0,4161615.0,4716046.5,3946751.2,4063250.5,4044660.8,4667034.5,4241304.5,4658389.5,4596723.5,4556464.0,4303730.5,4689034.5,4270163.0,4741501.5,4414253.5,4967380.0,4336827.0,0,
1487,253.0931769338883,6.3184185,,,,,,,,,,,5618580.5,6756700.5,6235789.5,5282878.5,5017112.0,5861972.0,5955852.5,5448516.5,5460189.5,5998298.5,5890330.0,6312064.0,5992260.5,5362625.0,4723317.5,5177163.5,5867374.0,5502959.5,5515351.0,6019384.0,5290541.5,6229908.0,5646320.5,0,
1488,239.1026488679281,6.3225765,,,,,,,,,,,0,0,0,0,8511257.0,0,0,0,0,0,0,0,0,0,0,0,0,0,0,0,0,0,0,0,
1489,501.2671621681244,6.330378,,,,,,,,,,,7.938455E7,9.191542E7,9.115914E7,9.514458E7,7.7459416E7,1.0853898E8,1.17221384E8,8.718395E7,8.5742776E7,1.1041428E8,1.1408248E8,9.5323016E7,9.513122E7,9.0337064E7,8.380246E7,8.589522E7,1.17623624E8,8.7792184E7,9.873484E7,1.06327736E8,9.746306E7,1.0787162E8,1.0652599E8,0,
1490,369.1745346038511,6.330782,,,,,,,,,,,8801161.0,7593041.5,8191139.0,8752992.0,8700298.0,2477233.8,2637003.5,2043133.2,1856121.6,2503042.0,2428357.0,1714315.5,2021718.2,3840407.5,3487260.8,3055647.5,4429156.0,3555411.0,4330360.5,2524872.8,2283762.8,2356771.5,2981930.2,0,
1491,523.2490500878822,6.3321013,,,,,,,,,,,4.2678544E7,4.6277416E7,5.0115748E7,5.237691E7,4.0085796E7,6.0270456E7,6.1828624E7,4.2226828E7,4.8643156E7,6.1869924E7,6.6419012E7,4.1158532E7,4.8830612E7,5.1182044E7,4.584229E7,4.3098916E7,6.5233404E7,5.1422532E7,5.3822348E7,5.131408E7,5.1748548E7,6.0302076E7,5.8758324E7,0,
1492,619.3278153887326,6.270853,,,,,,,,,,,0,1.7608066E7,1.1012843E7,1.2884862E7,3410388.0,2.7562346E7,2.891703E7,3.1213626E7,2.572138E7,2.5840546E7,2.745364E7,0,2.7544044E7,3.1334312E7,2.7324912E7,0,2.91504E7,0,2.3271648E7,3.3097436E7,2.9521398E7,2.8761016E7,2.459076E7,0,
1493,347.1925333833652,6.336301,,,,,,,,,,,5.5660732E7,4.8675784E7,4.8851744E7,5.2922564E7,5.449996E7,1.2733307E7,1.3403403E7,1.3423197E7,6548861.0,1.0918401E7,1.1225717E7,7792575.0,9964956.0,2.0768828E7,2.0830918E7,1.9466678E7,2.4869552E7,2.0233648E7,2.3211856E7,1.4457802E7,1.262204E7,1.1916351E7,1.7236544E7,0,
1494,519.2304550156086,6.336373,,,,,,,,,,,8.185969E7,7.578181E7,7.284979E7,7.8075544E7,6.704646E7,5.408557E7,5.9909932E7,5.088715E7,3.8243536E7,5.1402784E7,5.284643E7,4.311628E7,4.570034E7,4.8902388E7,5.272941E7,4.7678144E7,6.203276E7,5.0319532E7,6.0031124E7,5.309835E7,5.1693332E7,5.2343224E7,6.24288E7,0,
1495,541.2117344159396,6.336373,,,,,,,,,,,1.8500036E7,1.6587585E7,1.7290714E7,1.7893362E7,1.4974801E7,1.2384925E7,1.3849112E7,1.0697165E7,8952475.0,1.2494743E7,1.2723136E7,8224701.5,1.0737751E7,1.1641166E7,1.2017907E7,1.0227554E7,1.4115478E7,1.1962551E7,1.4204547E7,1.1265916E7,1.1563155E7,1.1897956E7,1.3755582E7,0,
1496,531.2775423372408,6.3462505,,,,,,,,,,,0,0,0,0,0,7300560.5,7370898.5,6253369.0,5800052.5,6448206.5,6547086.5,6935880.5,6541170.0,5703603.0,6435652.0,6300428.5,7809201.5,6387272.0,7432310.5,7206774.5,6774587.0,7090753.0,7206636.0,0,
1497,203.11398955305285,6.357745,,,,,,,,,,,0,0,0,0,7213466.5,3253960.8,2943378.0,3041909.8,0,0,0,0,0,1659123.0,2019885.0,1801832.8,1762145.8,1867192.2,1806071.8,3567806.5,3366579.5,3215174.8,3076192.0,0,
1498,315.1662521938273,6.359375,,,,,,,,,,,3974757.5,4092271.5,3764671.0,3939584.0,2959362.0,4378024.5,5375806.0,4894635.0,4570213.5,5839083.0,4822697.0,4950985.0,5467019.5,4991099.5,5048361.0,5123967.0,5499002.0,5969749.0,5169821.5,5246780.0,5534092.5,5238613.5,5287544.5,0,
1499,157.09721544285676,6.363085,,,,,,,,,,,9277007.0,9600103.0,1.085117E7,1.0504962E7,1.1659213E7,8443689.0,1.0841148E7,1.0094284E7,8222001.0,1.0199194E7,9175198.0,8840493.0,1.105555E7,8632370.0,8872327.0,8730054.0,9474828.0,1.0685132E7,8275831.0,8877758.0,9818829.0,8681850.0,9617660.0,0,
1500,545.2550090635254,6.3630495,,,,,,,,,,,7372253.0,7307010.0,7433222.5,6899951.5,7658460.0,5409646.5,6378063.5,5990345.5,5136121.5,6273173.0,5639152.5,5542442.5,7434011.0,5473146.0,5918457.5,5708673.5,6279470.0,7227329.0,5767210.5,5435303.5,6753142.0,6496821.0,7026494.5,0,
1501,311.1236934965252,6.3634386,,,,,,,,,,,0,0,0,0,6294650.0,0,0,0,0,0,0,0,0,0,0,0,0,0,0,0,0,0,0,0,
1502,284.1217432282483,6.3643217,,,,,,,,,,,3.2928612E7,3.2313274E7,3.6118804E7,3.423068E7,3.6643404E7,3.102E7,3.6032436E7,3.0000322E7,2.9684686E7,3.859661E7,3.4831736E7,2.4600828E7,4.0612964E7,3.3002094E7,3.2565804E7,2.9827384E7,3.3347294E7,4.1526084E7,3.2749386E7,2.8666162E7,3.3674028E7,3.2109174E7,3.551443E7,0,
1503,262.1398632375798,6.364326,,,,,,,,,,,3.913288E7,4.13398E7,4.4328624E7,4.444699E7,4.7419708E7,3.615807E7,4.3815256E7,4.1957384E7,3.481919E7,4.1581056E7,3.7593216E7,3.647437E7,4.5372852E7,3.6493804E7,3.6662016E7,3.6360524E7,3.9470948E7,4.4942104E7,3.5191556E7,3.7572944E7,4.1212668E7,3.6278364E7,4.0005132E7,0,
1504,244.12926084776456,6.364728,,,,,,,,,,,5946006.0,5870927.0,6222381.5,5751820.5,6472698.0,5298570.5,6145838.0,5814993.5,5051877.5,6032167.0,4942679.5,5222640.5,6405517.5,5305986.0,5312221.5,5503051.0,5539632.5,6571172.5,5357852.5,5356985.0,5790277.5,5300501.5,6140970.5,0,
1505,523.2712224499094,6.365943,,,,,,,,,,,5834845.5,5678850.5,5453033.0,5460733.5,5988607.5,3847660.5,5205827.0,4626815.5,3477875.5,4599795.5,3600534.8,4313009.5,4841670.0,3964764.5,4088645.0,4715068.0,4598708.5,5381264.0,4061673.0,4211461.5,4972693.0,4421060.5,5284190.5,0,
1506,252.10917439060137,6.368018,,,,,,,,,,,8245783.5,7362940.5,8019428.5,7320659.0,7510347.0,7326632.5,8098848.5,7725296.0,7318597.0,8498669.0,7404755.5,7741914.0,8394967.0,7178328.0,6903174.0,7202201.5,7149549.0,8944668.0,6998591.0,7020074.5,8081428.0,7476768.0,8264483.0,0,
1507,333.176946825864,6.369258,,,,,,,,,,,3531855.0,2832387.0,4316616.0,3217691.8,4596563.0,4190043.2,4823931.0,4899551.0,3914545.0,5325962.0,3884031.2,4572205.5,5374795.5,4285039.5,3994850.5,4354669.5,4294933.0,5293170.0,3827930.5,4047639.8,4641175.5,3850889.8,5115535.0,0,
1508,659.2651682115824,6.376202,,,,,,,,,,,0,0,0,0,0,1.231373E7,1.3488E7,1.1312963E7,1.2982778E7,1.6154944E7,1.3991424E7,1.1398583E7,1.5488857E7,1.1841321E7,1.0523868E7,1.1595184E7,1.1684692E7,1.528734E7,1.0154326E7,1.2503521E7,1.2969108E7,1.2247962E7,1.4234616E7,0,
1509,637.2831632408241,6.377092,,,,,,,,,,,3361215.8,2418690.0,2867796.5,2785258.0,2087013.2,4.260209E7,4.547653E7,4.2732452E7,4.123636E7,4.909123E7,4.375519E7,4.4640988E7,4.8067236E7,3.807615E7,3.598452E7,4.1099132E7,3.8662504E7,4.8293124E7,3.2742518E7,4.5870364E7,4.390665E7,3.9933956E7,4.9183304E7,0,
1510,397.1694289557842,6.378311,,,,,,,,,,,4168235.8,3309145.5,4335669.0,4005801.2,3055980.2,4404465.5,4434653.5,4069297.0,4204039.0,5082535.5,4814623.5,3986391.8,5323558.5,3613813.0,3770530.5,4097991.0,3753644.8,5474031.5,3977190.2,3896084.5,4209708.5,3837432.5,5037800.5,0,
1511,246.14484573824754,6.3818593,,,,,,,,,,,0,0,0,0,3.446073E7,0,0,0,0,0,0,0,0,0,0,0,0,0,0,0,0,0,0,0,
1512,268.1265605857367,6.3818593,,,,,,,,,,,0,0,0,0,7523050.5,0,0,0,0,0,0,0,0,0,0,0,0,0,0,0,0,0,0,0,
1513,204.04388421377186,6.388263,,,,,,,,,,,6.0074264E7,4.711948E7,4.8613496E7,5.0770668E7,1763509.4,5.2120004E7,5.8894908E7,5.617574E7,4.726738E7,4.2961656E7,4.6830476E7,5.0803984E7,5.0233136E7,4.3553532E7,4.660793E7,4.9432344E7,4.42478E7,5.293568E7,4.469757E7,5.6328292E7,5.6005708E7,4.917894E7,6.2880176E7,0,
1514,356.1429135779502,6.3886943,,,,,,,,,,,1.2597805E7,9660231.0,1.0575193E7,1.2101823E7,9645098.0,1.1070336E7,1.3058518E7,9346520.0,1.0960835E7,1.1339217E7,1.2992643E7,1.0550236E7,1.2295745E7,1.1773723E7,1.2288561E7,1.1782372E7,1.1056368E7,1.3570008E7,1.0425648E7,1.1739735E7,1.1478175E7,1.0975885E7,1.3719024E7,0,
1515,334.16089541486605,6.39033,,,,,,,,,,,4.2516364E7,3.2916692E7,3.4701136E7,3.9093464E7,3.2004036E7,3.6426816E7,4.076606E7,3.6013572E7,3.7036664E7,3.2685412E7,3.7391836E7,4.182992E7,3.8176944E7,3.5263428E7,3.873772E7,3.973822E7,3.54645E7,4.1685108E7,3.3076558E7,3.9942884E7,3.8830868E7,3.4635308E7,4.4255724E7,0,
1516,233.11323606142406,6.3911905,,,,,,,,,,,0,0,0,0,1.1132039E7,0,0,0,0,0,0,0,0,0,0,0,0,0,0,0,0,0,0,0,
1517,631.2938868598918,6.3935966,,,,,,,,,,,7955598.5,4974826.5,4718756.5,5453405.5,1.047036E7,2893566.2,3432238.2,3194768.5,2278056.5,2695879.0,2888236.5,2730368.5,3591668.2,4241020.5,4381890.0,4807625.0,4564039.0,4815463.5,3695371.0,3448012.0,3505678.8,2732691.0,4504415.5,0,
1518,263.10616804662845,6.3967395,,,,,,,,,,,8758361.0,4549432.0,3230438.2,4078150.5,2.0907758E7,1710033.4,1678577.4,1897962.0,1537980.9,1619598.8,0,1441102.9,1597729.2,3323791.5,3591183.0,3727952.5,3291966.5,3878606.0,3030101.5,2091355.5,2110004.2,1758225.4,1694790.1,0,
1519,477.2195516219649,6.390471,,,,,,,,,,,1.8118264E7,1.7970242E7,1.760405E7,1.8815008E7,2.1964984E7,1765964.4,2049433.2,1824476.6,2082669.0,1958089.1,1918533.4,1978096.5,1999283.8,5593800.0,7064452.0,6941186.5,6667551.0,6877675.0,6997817.5,1684385.0,2137709.5,1888223.5,2206774.0,0,
1520,545.2930417096744,6.3997493,,,,,,,,,,,6003588.5,4505548.0,4492369.0,5298668.0,5381419.5,5781157.5,5763614.0,5543390.5,6844973.0,4704535.0,5141634.0,5841745.5,7038812.0,5623927.5,6054973.5,6213677.5,5824966.0,6103340.5,5916791.5,5440205.0,5974904.0,4730105.0,6316295.5,0,
1521,545.2360401646401,6.403881,,,,,,,,,,,9082250.0,7037743.5,6870575.5,8198389.5,7448327.5,7855642.5,8525588.0,8200808.0,1.0484621E7,6485764.5,6885906.0,8667184.0,1.0693957E7,8104894.5,8782703.0,8623164.0,8645172.0,9161461.0,8874656.0,8675285.0,9145011.0,7084621.0,9274958.0,0,
1522,449.2248333646577,6.4043155,,,,,,,,,,,4474149.0,3752596.2,3510768.0,4257620.5,3228746.0,7363749.0,7378080.5,7555638.5,9016330.0,6158403.5,6453197.0,7819878.0,9953704.0,6388485.5,6732961.5,6619593.0,6857509.5,7338902.5,6888548.0,7779960.5,8799386.0,6476232.0,8519304.0,0,
1523,348.17663358838087,6.4115076,,,,,,,,,,,5563639.5,9141214.0,4713601.5,5159581.0,8487282.0,5894048.5,5638417.5,5648898.5,7271949.0,4720061.5,4774018.5,6213617.0,7258938.0,5678810.5,5861875.0,7032078.5,6135012.0,6322991.5,5967908.0,6072846.0,6412605.0,5081946.5,6167968.0,0,
1524,191.10265404074502,6.4095693,,,,,,,,,,,0,0,0,0,1.2247441E7,0,0,0,0,0,0,0,0,0,0,0,0,0,0,0,0,0,0,0,
1525,362.1558987574968,6.420598,,,,,,,,,,,1.3823993E7,9752697.0,1.054555E7,1.0752174E7,1.6127933E7,1.152432E7,8991971.0,1.0965705E7,9953481.0,8237484.0,8271187.5,9551216.0,1.1740094E7,7812391.0,1.0100622E7,1.0035155E7,9832825.0,1.1878464E7,1.1913225E7,9286124.0,9901299.0,8581978.0,1.0325985E7,0,
1526,660.3202443838849,6.42533,,,,,,,,,,,6647141.5,5958452.0,6189964.5,6746430.0,5994667.0,7977248.0,5922863.0,6471227.5,6499939.5,5370927.0,5464868.5,6338861.5,7104969.0,5555745.5,7305945.0,6605021.5,6296445.0,7461469.0,7566539.5,6255883.0,6503038.0,5782583.0,5812356.5,0,
1527,267.10888945074754,6.43206,,,,,,,,,,,1.0185268E8,1.1676176E8,9.953921E7,1.1121186E8,1.0954913E8,1.1922412E8,1.0472091E8,1.1292286E8,9.349803E7,8.6896856E7,9.414619E7,9.709893E7,9.9365E7,8.722235E7,1.0330503E8,1.0356363E8,9.664407E7,1.0271564E8,9.193945E7,1.0639842E8,1.1571981E8,9.344334E7,9.278125E7,0,
1528,513.3399691492184,6.432085,,,,,,,,,,,1445300.9,1744490.5,2695853.2,1921742.4,8040462.5,6964725.0,5062142.0,5295314.0,6533829.5,4146028.5,4433122.5,5293031.0,5793776.0,3341241.8,4011335.5,4020709.2,3991959.5,4034680.5,4565272.5,4379702.0,5354983.0,4270389.0,4925390.0,0,
1529,471.256549838033,6.435808,,,,,,,,,,,0,0,0,0,0,5679523.5,4908683.0,4865158.0,5524363.5,5239129.5,5389849.0,5287073.5,5173129.0,6422561.0,5843812.0,6298632.0,7052679.0,6042445.5,5508289.5,6448007.0,5349337.0,5365530.5,5140942.0,0,
1530,417.19814462800326,6.435855,,,,,,,,,,,4368252.0,5521608.5,4683508.0,5962516.5,1396817.8,7278896.5,6711333.5,6507407.0,7807700.0,5755603.5,6542497.5,7354860.0,6900254.0,5022250.5,5500363.0,5750288.5,5854731.5,6293211.0,6342820.0,5581193.0,7298931.0,6368206.5,5665058.5,0,
1531,389.2031916204309,6.4355407,,,,,,,,,,,6854168.5,7458528.0,9152292.0,7987945.5,1.5904681E7,1.6146684E7,1.3953171E7,1.452885E7,1.1789755E7,1.0389784E7,1.1695008E7,1.2476503E7,1.3011948E7,1.0468734E7,1.2937481E7,1.2972952E7,1.1862032E7,1.2368201E7,1.1303239E7,1.2038248E7,1.497432E7,1.1221663E7,1.1673364E7,0,
1532,610.2813944865054,6.4367104,,,,,,,,,,,8863540.0,8474646.0,5790438.0,7990540.0,1.6201968E7,4931416.0,3815778.5,4095579.0,3798265.2,3991418.0,4207877.0,3188158.0,4271112.5,5339427.0,5559500.5,4839266.0,5355988.0,4897232.5,5477183.0,4073886.0,4463341.0,3693638.8,3748203.5,0,
1533,588.2994757172166,6.441771,,,,,,,,,,,2.271488E7,2.162384E7,1.4727465E7,1.9610812E7,4.1462436E7,1.032199E7,8425295.0,9448886.0,7888316.5,7247780.5,7971810.5,7967518.5,8366609.5,1.1826399E7,1.2922688E7,1.2561018E7,1.3033193E7,1.1580302E7,1.2184944E7,8752714.0,1.0414723E7,7939789.0,9064914.0,0,
1534,175.107794585446,6.441852,,,,,,,,,,,7865719.5,6895631.5,5808019.0,6423837.0,7549737.5,8571515.0,7841463.0,8705390.0,6996231.5,6051226.0,7053327.5,7394714.5,8446137.0,7049107.0,7858052.0,8011509.0,7969416.0,7293113.5,7525753.5,8538264.0,9169133.0,8056050.0,8711253.0,0,
1535,433.1932363532445,6.442686,,,,,,,,,,,7347033.5,7724341.0,6006887.0,8166758.0,6659161.5,6826195.0,6831072.0,6886092.5,6513661.0,5855733.5,5850672.0,6154795.5,6333609.0,6081624.0,6812096.0,6758889.0,7111556.0,6026009.5,6767786.0,5795444.5,7254243.5,6034345.5,6278635.0,0,
1536,366.2137311035119,6.4417377,,,,,,,,,,,7372183.0,7350811.0,0,6996563.0,5556726.0,6915264.5,6788964.0,7627129.0,7961702.5,6617392.5,6641236.5,6540227.0,6740434.0,7293459.0,6491666.5,6652829.5,7715941.5,6536060.0,7805804.5,7218741.5,7642718.0,6746894.5,7501145.5,0,
1537,375.1892359491984,6.4516807,,,,,,,,,,,2.6967786E7,2.9269442E7,2.7720746E7,2.7933122E7,2.9620928E7,3.1918982E7,3.1673812E7,2.96201E7,3.105377E7,2.798074E7,3.0556608E7,2.879885E7,2.8127446E7,2.6389362E7,2.9695386E7,2.9433014E7,3.1699908E7,3.0909258E7,3.1665336E7,2.8127062E7,3.0928736E7,2.6771184E7,2.9646864E7,0,
1538,374.68885397872106,6.455845,,,,,,,,,,,5.8296068E7,6.351888E7,6.2302176E7,6.0856364E7,6.130017E7,6.5403388E7,6.3610776E7,6.6859484E7,6.6310904E7,5.7050064E7,6.4540484E7,6.158778E7,5.8812468E7,5.9598684E7,6.270202E7,6.183065E7,6.5135652E7,6.5422196E7,6.774947E7,5.5448456E7,6.1969544E7,5.8521212E7,6.3795628E7,0,
1539,161.0922165802859,6.456587,,,,,,,,,,,2302102.8,2420366.5,3684696.8,2583063.0,0,4988212.5,5279839.5,5894591.0,3291777.0,3288443.0,3530299.0,2359097.2,4693154.0,3075932.2,3400102.5,3489197.5,3394269.5,3680264.8,3862862.8,3370891.8,4122466.2,3353318.0,5215742.0,0,
1540,748.3707405007764,6.459225,,,,,,,,,,,1.1300476E8,1.4278827E8,1.3254823E8,1.5273213E8,1.4032115E8,1.35478E8,1.3749258E8,1.5435629E8,1.5231826E8,1.2209167E8,1.5384294E8,1.2801524E8,1.15733656E8,1.4195026E8,1.393805E8,1.3910158E8,1.5130507E8,1.5938342E8,1.497231E8,1.2102389E8,1.3779202E8,1.3316553E8,1.5932059E8,0,
1541,365.68349014364543,6.460915,,,,,,,,,,,7003287.5,7911468.0,7732017.5,7356490.5,7521243.0,7901612.0,8282004.5,8063650.0,8434378.0,7077907.5,7730131.0,7459082.5,7119952.5,7496350.5,7704068.5,7565171.5,7892449.5,8097355.5,8363244.5,6903697.5,7562885.0,7548503.5,7923188.5,0,
1542,770.3522836823853,6.462625,,,,,,,,,,,4414808.0,5584395.5,5948678.0,6545049.5,5945717.5,7297730.0,6987086.5,7087671.5,7667570.0,7321654.0,9090184.0,5288429.0,6658449.5,7525404.5,6247936.5,5590392.0,6937615.5,6973377.5,7282993.5,6261181.0,6108298.0,6495029.5,7822672.5,0,
1543,678.3215290702399,6.463411,,,,,,,,,,,1.500884E7,1.70697E7,1.6860494E7,1.539214E7,1.4555253E7,1.5510068E7,1.3873571E7,1.7804486E7,1.5837088E7,1.3916075E7,1.8059046E7,1.4394618E7,1.3769738E7,1.6535961E7,1.6237373E7,1.587844E7,1.6055241E7,1.9001806E7,1.6226942E7,1.3626839E7,1.705174E7,1.4689456E7,1.7958182E7,0,
1544,693.2498990407208,6.4718447,,,,,,,,,,,5429123.0,5487429.5,5135316.5,5612743.0,3415162.0,4879982.0,4416330.0,5820314.5,5858412.5,3993101.8,4923218.0,4999968.0,4683930.5,3652464.8,5212824.5,4503390.5,4803108.0,5988612.0,5941010.5,4334635.5,5510181.0,4453136.5,5878504.5,0,
1545,465.1653962501519,6.4724584,,,,,,,,,,,1.0577476E7,8523943.0,5879244.0,5074997.0,2.386906E7,0,0,0,0,0,0,0,0,2923724.5,2814695.0,2586114.5,2963071.2,3363483.0,2676059.5,0,0,0,0,0,
1546,348.17665043898154,6.472539,,,,,,,,,,,6228560.0,7565686.0,7896582.0,6861723.0,9133811.0,9395960.0,7951667.5,9432813.0,9020829.0,7277379.5,8842995.0,8471389.0,8626401.0,7985131.0,8460934.0,7147857.5,7677439.5,9448221.0,7848050.5,7886851.5,9959167.0,8085215.5,9118614.0,0,
1547,203.10276342942234,6.4822173,,,,,,,,,,,2.2112048E7,2.3146994E7,1.2253807E7,2.2856618E7,3.8168732E7,2988895.2,2996870.8,3448792.2,3046363.2,7126698.0,2360826.5,2800254.0,2615521.0,9361981.0,1.0157374E7,1.026128E7,9644421.0,1.0488002E7,9414679.0,6810569.5,4993650.0,3659217.8,2907997.5,0,
1548,285.1670860272148,6.4860787,,,,,,,,,,,1.5491866E7,1.6671858E7,1.6408785E7,1.5457318E7,1.4866753E7,1.8170788E7,1.8857512E7,1.7009516E7,1.8015654E7,1.6157109E7,1.7050128E7,1.5418363E7,1.9181288E7,1.7130958E7,1.6943554E7,1.575853E7,1.6141409E7,1.867025E7,1.5224233E7,1.8963248E7,1.7521696E7,1.6537071E7,1.8472626E7,0,
1549,365.10572182083075,6.488224,,,,,,,,,,,2895227.2,2832349.0,3349147.0,3102466.5,3229255.2,3315172.5,3459086.0,3439872.5,3310494.5,3348212.5,4003057.8,3094304.5,3701236.5,4889566.5,4504770.0,4324078.0,4764072.0,4665638.5,4792436.5,3328957.0,3127339.5,3079337.5,3106616.0,0,
1550,244.1405053476803,6.488658,,,,,,,,,,,1.2754919E7,1.2833459E7,1.3285946E7,1.3031807E7,1.1808131E7,1.4584927E7,1.5013003E7,1.3502966E7,1.5362705E7,1.2994002E7,1.3768706E7,1.2818171E7,1.5382843E7,1.3995998E7,1.4029875E7,1.3032705E7,1.3453447E7,1.4706749E7,1.3050422E7,1.5425415E7,1.4071742E7,1.3288202E7,1.534493E7,0,
1551,301.1507121001111,6.4961514,,,,,,,,,,,3521877.5,3268016.8,3251525.2,3518981.5,3315124.0,3852709.8,4308378.5,3660131.5,3973925.2,3165020.2,3858406.0,3482680.2,4005400.2,3149968.8,3677473.2,3666650.0,3594156.8,4128122.0,3525059.0,4117777.5,3645337.8,3532895.2,3807306.2,0,
1552,188.0352865224961,6.4977584,,,,,,,,,,,1.7749456E7,1.8059302E7,1.7839128E7,1.8419072E7,1.8717802E7,2.1369404E7,2.1449664E7,2.25157E7,2.3210226E7,2.3246456E7,2.799569E7,2.1238796E7,2.497184E7,2.1416996E7,2.0454906E7,1.9202678E7,2.0549122E7,2.1646896E7,2.144342E7,2.0987312E7,2.0502688E7,2.2903792E7,2.0147562E7,0,
1553,166.05334925136924,6.5003166,,,,,,,,,,,1.3608403E8,1.33750824E8,1.23257944E8,1.296635E8,1.3131385E8,1.3772795E8,1.4674094E8,1.6103422E8,1.6044776E8,1.3328719E8,1.562391E8,1.5833875E8,1.483391E8,1.2857587E8,1.3533579E8,1.4358787E8,1.4163314E8,1.4052336E8,1.4216024E8,1.3641162E8,1.4238504E8,1.5188858E8,1.4317563E8,0,
1554,302.13484244045253,6.507602,,,,,,,,,,,3568004.5,3040478.0,2534970.2,3214890.5,1331420.9,2191915.5,2723028.5,2552994.8,2223536.5,2648993.5,2389113.2,2962411.8,2199453.0,2996590.5,3647158.0,3397679.8,3456987.2,3655095.5,3106528.8,3747077.8,2810602.2,2916455.2,2457272.0,0,
1555,149.02676860841507,6.5088687,,,,,,,,,,,1.996522E7,1.860769E7,1.8974138E7,1.7779066E7,1.9169694E7,2.1113582E7,2.1847008E7,2.248694E7,2.1745048E7,1.9755162E7,2.2295702E7,2.4086708E7,2.1239864E7,1.8328882E7,2.100801E7,2.030718E7,2.1315092E7,2.1725658E7,2.0849016E7,1.9676456E7,2.2424452E7,2.1335432E7,2.1254794E7,0,
1556,431.21389693264956,6.5108113,,,,,,,,,,,7635133.5,7426573.0,7859862.0,7009822.0,1.0090523E7,1.0844639E7,1.1929649E7,1.0417971E7,9928596.0,9332390.0,1.1805592E7,1.2191806E7,1.1087077E7,8821722.0,1.0741039E7,9883208.0,9863229.0,1.025438E7,9944728.0,9426214.0,1.0430989E7,1.1401959E7,9968955.0,0,
1557,276.06511236703193,6.508924,,,,,,,,,,,1411437.4,0,1182495.2,0,0,4273430.5,4378666.5,4181863.2,2682451.0,1229576.9,1650233.1,1895494.6,2499286.2,2177160.8,2587283.2,2566550.0,2624115.0,2688074.0,2499005.8,4007954.8,4255354.0,4346722.5,3238527.5,0,
1558,573.2885842457081,6.523886,,,,,,,,,,,1949033.4,1510469.8,1651434.0,1834039.4,2072170.5,5091300.0,5109755.0,4599833.5,5068174.5,4516798.5,5745432.5,5818689.0,4950093.0,3761287.2,5087637.5,4304785.0,4484506.5,4564449.0,4013930.5,4675552.0,5279860.5,5480693.0,4696846.5,0,
1559,357.1882910975629,6.515121,,,,,,,,,,,5794027.0,6088273.0,6908144.0,5739418.5,7053860.5,6851974.5,7231830.5,6966415.0,6206489.5,7364167.5,8215111.5,8425709.0,6539767.0,6580743.5,7605949.0,7195938.0,7488910.5,7041183.0,7309869.0,6396799.0,7575511.0,7572443.5,6428408.0,0,
1560,232.1292324651628,6.516427,,,,,,,,,,,0,0,0,0,1.9016468E7,0,0,0,0,0,0,0,0,0,0,0,0,0,0,0,0,0,0,0,
1561,254.11115264789652,6.516427,,,,,,,,,,,0,0,0,0,6226440.5,0,0,0,0,0,0,0,0,0,0,0,0,0,0,0,0,0,0,0,
1562,594.2447875269416,6.533591,,,,,,,,,,,1.1258409E7,1.0244324E7,1.1224606E7,1.1732275E7,1.1848323E7,1975136.8,2629465.5,2437157.2,1135699.6,0,1884065.4,1765785.1,2275075.0,3979692.2,4760113.0,5186806.0,4256118.5,5667413.0,5372229.5,2270094.2,2356897.0,2194131.2,2764319.2,0,
1563,260.1244060724473,6.551102,,,,,,,,,,,3192883.5,3120975.0,3347628.5,2941358.2,2010371.2,2677248.2,3129349.0,3181506.5,2596409.8,2577420.2,2160368.0,2829873.8,3041564.5,2271822.8,2571770.5,2638245.8,2601139.2,2663648.0,2691678.2,2593384.8,2935718.8,2665386.8,3203326.8,0,
1564,606.2625285859735,6.554542,,,,,,,,,,,2.26551E7,2.2103078E7,2.464741E7,2.0395894E7,1.6589815E7,1.9348022E7,2.3244588E7,2.3490482E7,1.7119798E7,1.9552702E7,1.5343733E7,1.976122E7,2.4257812E7,2.058362E7,2.1167606E7,2.013331E7,2.242294E7,2.2046396E7,1.8330072E7,1.7187964E7,1.8417816E7,2.1423888E7,1.9322434E7,0,
1565,386.1357874149229,6.5595655,,,,,,,,,,,1567916.0,1441259.2,2358017.8,0,2643332.5,4037429.0,3926496.0,4224121.0,3467106.2,3918642.2,3744318.0,3146663.2,4453014.0,3505906.2,2982390.2,3031059.5,3365887.8,3295759.8,2797436.0,3652293.8,3304111.0,3925750.5,3388702.8,0,
1566,365.15749445742085,6.563541,,,,,,,,,,,2187493.5,1777524.0,2636316.0,2150113.2,3966518.2,3734408.5,3833892.5,4110657.0,3899665.0,3021981.5,2951524.5,3513491.8,3561383.2,3520208.0,2992550.2,3513666.0,3790212.2,4229739.5,3389428.2,3508304.0,3433841.8,3899563.2,3811151.0,0,
1567,364.1538960777832,6.5653157,,,,,,,,,,,1.3754909E7,1.0305398E7,1.7451562E7,1.3583215E7,2.4471898E7,2.5482684E7,2.5071676E7,2.7097222E7,2.5715394E7,1.9535748E7,2.035204E7,2.234927E7,2.325369E7,1.9809064E7,1.9163116E7,2.3554134E7,2.299838E7,2.4538438E7,2.2297266E7,2.2653862E7,2.1974044E7,2.6499882E7,2.5583334E7,0,
1568,346.11838187627967,6.5688963,,,,,,,,,,,0,0,0,0,0,1.6242178E7,1.5392166E7,1.687404E7,1.5141658E7,1.2973535E7,1.26013E7,1.3062828E7,1.4824071E7,1.426695E7,1.3367424E7,1.6017335E7,1.6196638E7,1.6176254E7,1.4677826E7,1.6679459E7,1.5293905E7,1.8718134E7,1.7209974E7,0,
1569,531.2780153305429,6.570167,,,,,,,,,,,4900455.5,4519630.0,5364547.5,5007278.5,6011768.0,6739810.0,7916219.5,7873500.5,6828840.5,6929908.5,6952976.5,6958934.0,7630315.0,6709307.5,6789149.0,7819522.0,7350680.5,7195484.0,6416749.0,7189963.0,6282010.0,7906010.5,6484901.5,0,
1570,245.13263858153417,6.579864,,,,,,,,,,,6808466.5,4700575.0,3248979.5,5881463.0,5.0413256E7,2221152.5,1903928.2,2189521.0,2238306.0,3123985.5,1804662.6,2243840.8,1892330.1,5574380.0,5284299.0,6420008.0,6478083.5,6067461.0,5753794.5,3215433.0,2249309.0,2813050.8,2081913.9,0,
1571,369.17471396461326,6.573264,,,,,,,,,,,0,0,2265428.8,0,1.388823E7,3696769.5,3041004.0,3819319.2,2334040.5,2509960.5,2900909.5,1919873.8,3293559.2,3521084.5,2760073.2,3230832.8,3776829.5,3498536.0,2951845.2,3178393.0,2564558.5,3224680.2,4412772.0,0,
1572,347.19261371087936,6.573854,,,,,,,,,,,7059926.0,2855364.5,1.7907734E7,5416152.0,1.3162397E8,2.700505E7,2.2066624E7,2.669897E7,1.6015029E7,1.6002063E7,1.7779718E7,1.5043807E7,2.2096004E7,2.280235E7,2.1284904E7,2.6740786E7,2.7352992E7,2.5695352E7,2.1502268E7,2.2864206E7,1.9264668E7,2.3405884E7,3.077111E7,0,
1573,348.1961069624592,6.573636,,,,,,,,,,,0,0,2682009.5,0,2.025218E7,4165634.0,3223476.2,4366576.0,2792999.8,2467753.8,2898902.5,2188609.2,3621307.8,3853843.8,3577721.2,4234569.5,4592793.0,4484901.0,3336470.0,3518387.0,2910557.0,3675630.8,4931429.5,0,
1574,266.1121119282506,6.571497,,,,,,,,,,,0,0,0,1015425.6,8684560.0,0,0,0,0,0,0,0,0,1495461.8,1253336.8,1237565.4,1537856.1,1264261.6,1218472.6,0,0,0,0,0,
1575,590.314988316516,6.574833,,,,,,,,,,,0,0,0,0,9451709.0,0,0,0,0,0,0,0,0,0,0,0,0,0,0,0,0,0,0,0,
1576,244.12947311578355,6.579381,,,,,,,,,,,6.2921828E7,4.4607276E7,2.9219142E7,5.4566036E7,4.380652E8,1.8197002E7,1.7985184E7,1.971229E7,2.006477E7,2.8132864E7,1.6632953E7,1.9064664E7,1.733147E7,5.129864E7,4.9850596E7,5.8951516E7,5.935976E7,5.8605388E7,5.4469784E7,2.648248E7,2.0418194E7,2.086394E7,1.9080326E7,0,
1577,638.4240897050942,6.5797987,,,,,,,,,,,1980363.6,1723545.6,2396094.0,2231919.0,4335912.5,0,0,0,0,0,0,0,0,0,0,0,0,0,0,0,0,0,0,0,
1578,329.1821431258105,6.5830755,,,,,,,,,,,6372690.5,5306309.0,6369960.5,6297379.5,7335813.0,7181107.5,6162930.0,6316435.5,7349466.0,6972997.5,6704786.0,7236276.0,6692619.5,6056012.5,6588773.0,7732654.5,7700619.5,6826406.0,6220330.5,6476555.5,5958064.5,7155285.0,6749103.5,0,
1579,578.2497714663062,6.5836024,,,,,,,,,,,1.2260298E7,8737067.0,1.1597194E7,1.0947467E7,1.0891411E7,1.1206041E7,1.0196656E7,1.1691604E7,1.193096E7,1.125297E7,1.0227944E7,1.2415178E7,1.1301472E7,8412181.0,1.0429492E7,1.2779924E7,1.2471638E7,1.3139828E7,1.0948561E7,1.196738E7,9786701.0,1.1468454E7,1.1716797E7,0,
1580,147.07648571975417,6.5855,,,,,,,,,,,0,0,0,0,3.7757932E7,0,0,0,0,0,0,0,0,1539481.9,1901977.6,1901560.2,2034912.4,1938767.8,1969373.1,0,0,0,0,0,
1581,600.2318675574992,6.585425,,,,,,,,,,,3770534.2,2734514.5,3873637.2,3639992.0,2509879.2,3923935.8,3454923.8,4014531.0,4026036.2,4250573.0,3904416.8,4003075.8,4401949.0,3069324.0,3345144.5,3790267.8,3657129.5,4084404.0,3777190.2,3961257.5,3053696.8,3916054.8,3955157.8,0,
1582,266.1236815573998,6.593541,,,,,,,,,,,2.266713E7,2.1075798E7,2.0654288E7,2.3045068E7,2.105231E7,2.0322954E7,1.951347E7,2.3422058E7,2.1097974E7,1.9972816E7,1.8670128E7,2.148228E7,1.9803522E7,1.7298734E7,1.9973766E7,1.9953886E7,2.100851E7,2.0426892E7,2.0079006E7,2.3100478E7,2.1279082E7,2.1655636E7,2.0760872E7,0,
1583,405.19830276099333,6.6008534,,,,,,,,,,,4262769.5,3982915.0,3860903.5,6578885.5,5273891.0,3560223.2,3572334.8,4337162.0,3962102.0,3711321.0,3470304.8,3817011.0,3636244.5,3293325.0,3757471.0,4345115.5,3927512.2,3949404.2,3797890.0,4176608.0,3971570.2,4024579.2,3679356.2,0,
1584,248.11298512606737,6.5961866,,,,,,,,,,,6153077.5,5891194.0,5988558.5,6230410.0,5859730.5,5553994.5,5243983.0,6547969.0,5810233.0,5383571.0,4801142.5,5778229.5,5334253.5,4753344.0,5327418.5,5544494.0,5606367.0,5716543.0,5459834.0,6158693.5,5897028.5,5967098.5,5648701.0,0,
1585,334.1610015952737,6.598447,,,,,,,,,,,3857208.5,3835660.8,3630159.5,4140239.2,4084434.2,4279396.5,4480680.5,5277372.0,4934629.0,4519938.5,4184345.0,4796803.5,4119150.8,3605815.8,4205388.0,4212533.5,4407604.5,4333013.0,4683981.5,5160702.5,4315149.0,4450338.5,4389559.0,0,
1586,244.64715281141835,6.6035767,,,,,,,,,,,1.3178106E7,9326826.0,5459653.0,8864541.0,1432836.0,2918867.5,3154045.2,4171528.2,3221971.0,3268190.2,2301636.0,2813785.2,2756304.0,3842865.2,4336154.5,4169867.8,4415291.5,4226466.0,4483216.5,4100313.5,3365251.0,3271088.0,3025102.0,0,
1587,604.2106284672897,6.6038823,,,,,,,,,,,8030749.0,7035407.5,6219109.5,7204650.5,6484707.5,6958624.0,6503465.5,8715251.0,7543425.5,6313288.5,5858092.0,8150229.5,6627925.5,6226769.0,7304735.5,7221931.0,6502079.5,7567319.0,7131239.0,6771436.5,6729121.0,7367379.0,6934417.0,0,
1588,488.2878300711731,6.602347,,,,,,,,,,,2.2321946E7,1.4762044E7,8324171.0,1.4067762E7,4351318.0,3423727.8,5648491.5,7847945.0,5820451.0,6148929.5,5036982.5,4988334.0,5014231.5,6712740.0,7776363.5,8487251.0,8965189.0,7681817.5,7924776.5,8071725.5,5809232.0,7677380.0,5628576.0,0,
1589,272.1354789393527,6.6080174,,,,,,,,,,,6120814.5,6299096.0,6466862.0,6718944.0,6456727.0,6574145.0,6138518.5,7728563.5,6681759.0,6044120.0,5621576.5,6614147.5,6272830.0,5677151.0,6044720.5,6260722.0,6224154.0,6258190.5,6535198.0,7591549.5,6645487.5,6893889.0,6282615.0,0,
1590,361.1721734484118,6.6113267,,,,,,,,,,,4260490.5,4700065.5,4395316.5,4770168.5,4337505.5,4400955.0,4585201.0,5360173.0,4589318.5,4189462.8,3790168.8,4752209.5,4433369.0,3915318.8,4575758.5,4392006.5,4239855.5,4404551.5,4572520.0,4609892.5,4659574.5,4726927.0,4026370.0,0,
1591,324.1305722279424,6.611685,,,,,,,,,,,0,0,0,0,0,1.2576241E7,1.1037999E7,1.3788189E7,1.1922366E7,1.1201213E7,9770796.0,1.2829293E7,1.1983237E7,9442811.0,1.0681452E7,1.1251167E7,1.1438557E7,1.101566E7,1.1536223E7,1.2801782E7,1.2846515E7,1.2616856E7,1.1347118E7,0,
1592,642.2605162052812,6.6188602,,,,,,,,,,,4468420.5,4136767.0,3916471.2,4049991.5,6644285.0,0,0,0,0,0,0,0,0,1247815.9,0,1227126.9,1488322.1,1405935.8,0,0,0,0,0,0,
1593,620.2780648008477,6.6192265,,,,,,,,,,,2.5216026E7,2.4702666E7,2.2246724E7,2.3606256E7,4.525499E7,0,0,0,0,0,0,0,0,6927855.5,7990255.0,8468620.0,7231943.0,8061835.0,8252038.0,0,0,0,0,0,
1594,304.1616149112564,6.6215615,,,,,,,,,,,9548044.0,8841423.0,9746270.0,9629053.0,9862105.0,1.0368576E7,9402491.0,1.0566567E7,1.0319964E7,9549871.0,8474635.0,1.0115322E7,1.0264263E7,8681392.0,9841511.0,9822094.0,9049076.0,8663419.0,8945748.0,1.0020795E7,1.1626466E7,1.0787759E7,1.0656278E7,0,
1595,559.27284879171,6.625359,,,,,,,,,,,5093071.0,5098889.0,5696325.5,6056937.0,4968819.5,5293783.5,4556169.0,5500400.5,5184655.0,4816291.5,3948257.0,5910308.5,5112725.0,3878010.5,4779709.0,5131037.0,4374049.0,4937998.5,5256593.0,4496545.0,6078071.5,4821881.5,5555815.5,0,
1596,627.2758267318702,6.629137,,,,,,,,,,,2138171.5,2127256.8,2376975.0,2239237.0,1414259.5,4649059.0,4263324.5,4999527.0,4983651.5,3773751.8,3735120.2,4932417.5,4451614.0,2953022.5,3141749.2,3343619.2,3286429.2,3898059.0,4497429.0,4193479.8,4815458.0,4051274.5,4295270.0,0,
1597,345.1772184954036,6.6317353,,,,,,,,,,,6766379.0,6145148.5,4266637.5,5573371.5,0,3.4194616E7,3.3579148E7,3.676594E7,3.3474554E7,2.8407652E7,2.8136742E7,3.4365144E7,3.077942E7,2.5661568E7,3.061513E7,3.001251E7,2.8173328E7,2.7772512E7,2.8556762E7,3.2633754E7,3.576201E7,3.294075E7,3.258547E7,0,
1598,269.11374728365365,6.632324,,,,,,,,,,,0,0,0,0,5674743.0,0,0,0,0,0,0,0,0,0,0,0,0,0,0,0,0,0,0,0,
1599,303.1452783804471,6.632324,,,,,,,,,,,0,0,0,0,9801004.0,0,0,0,0,0,0,0,0,0,0,0,0,0,0,0,0,0,0,0,
1600,274.1399300188579,6.636449,,,,,,,,,,,2885047.5,2365379.0,2111417.2,2340314.8,1501736.0,3522538.0,3923671.5,3496720.0,3989552.0,3269622.2,2926055.5,3889284.0,3299075.0,2691062.5,3155645.2,2959069.2,2920330.0,3049776.5,2843814.8,3274961.5,3644183.2,3448604.8,3119379.8,0,
1601,191.10271930788602,6.641689,,,,,,,,,,,0,0,0,0,1.647354E7,0,0,0,0,0,0,0,0,0,0,0,0,0,0,0,0,0,0,0,
1602,286.1512288874704,6.6443095,,,,,,,,,,,1081535.6,0,1392049.2,1178202.5,4.0615404E7,3.362557E7,3.1771762E7,2.7617612E7,1472814.4,1452978.1,0,1147564.6,1562530.8,1.0020005E7,1.1621426E7,1.2341133E7,1.1165803E7,1.1768765E7,1.2819738E7,2.5549318E7,2.5613072E7,2.8639096E7,2.7003642E7,0,
1603,271.1515634219758,6.653212,,,,,,,,,,,6145309.5,5733990.0,6729978.5,6022403.0,6495851.5,6058510.5,7014763.5,6314846.5,5948535.5,5959185.5,5876718.0,6137338.0,5806750.5,5544235.5,6211089.0,6030850.0,5865823.0,5943693.0,6361382.0,6807315.0,6365248.0,6634467.0,6638467.5,0,
1604,438.2546054791972,6.661713,,,,,,,,,,,3269316.8,4165337.5,5107374.5,4285775.5,5653835.0,6475080.0,6583950.5,5816362.0,5543978.5,5499042.0,6087221.5,5645070.5,5273691.0,5761685.0,6105374.0,5111014.0,5265268.5,5002034.5,5315582.5,7052000.0,6460010.5,5768112.5,6321839.5,0,
1605,463.204057034792,6.658391,,,,,,,,,,,5599014.5,4935710.0,6491195.5,5933010.0,4583951.5,5885169.0,6172313.0,5914607.5,6004360.0,4769896.5,6099510.0,5654909.5,5084905.5,5343773.5,5414447.0,5414910.0,5322269.0,5318691.0,6357494.5,6608795.5,6021837.5,5847362.5,6951161.0,0,
1606,216.1345519484492,6.661809,,,,,,,,,,,2.252565E7,2.1362076E7,2.5196104E7,2.2099716E7,2.0089614E7,2.1345642E7,2.326454E7,2.1870876E7,1.9609052E7,1.9434442E7,2.1852676E7,2.0496476E7,1.9905534E7,2.1786606E7,2.2571706E7,2.2555662E7,2.1956124E7,1.9946694E7,2.0834614E7,2.4649028E7,2.3209862E7,2.3834554E7,2.3604776E7,0,
1607,644.3079853936703,6.6659946,,,,,,,,,,,3.6246332E7,4.1492092E7,4.9223484E7,4.5971188E7,5.640461E7,0,0,0,0,0,0,0,0,1924070.1,2055738.6,1794861.2,1873730.5,1611592.4,1752447.2,0,0,0,0,0,
1608,437.2511830288437,6.6645045,,,,,,,,,,,1.4971457E7,1.682724E7,2.1595676E7,1.8065356E7,2.264132E7,2.542511E7,2.661576E7,2.5057404E7,2.3332944E7,2.0241454E7,2.6122994E7,2.2631166E7,2.4226326E7,2.244058E7,2.393017E7,2.3532372E7,2.2437982E7,2.00233E7,2.3718532E7,2.7429814E7,2.6398186E7,2.6224796E7,2.7896446E7,0,
1609,289.1508883193025,6.665315,,,,,,,,,,,5716305.5,5140609.0,5286664.0,5077821.0,3686885.0,4405740.5,4493294.0,4608164.0,3816808.8,3575166.5,4644902.5,3904716.8,3900222.2,4347734.0,4756489.5,4439545.0,4545925.0,3967742.8,4295533.5,5300138.5,4833256.5,4253311.0,4625881.0,0,
1610,257.1610606438397,6.666127,,,,,,,,,,,1.0114418E7,1.0221111E7,1.0777861E7,9970067.0,9859054.0,9869894.0,9701557.0,9856769.0,8765476.0,8577873.0,9903095.0,9320614.0,9193885.0,9831562.0,1.0242657E7,1.0055113E7,9538515.0,9155546.0,9158316.0,1.1416601E7,1.0270598E7,9955229.0,1.0266018E7,0,
1611,329.18222667528596,6.666157,,,,,,,,,,,5359298.0,5474169.5,5757647.0,5397698.5,4576873.5,6136189.0,6284703.0,6076020.0,5406300.5,4741113.5,6413375.0,5594327.0,5645559.0,6063486.0,6159242.0,6135885.0,5828145.5,5313314.0,5451917.5,6917099.0,6454383.0,6051228.5,6524458.0,0,
1612,391.2343061767651,6.693713,,,,,,,,,,,1348831.6,0,0,0,0,1.302482E7,0,0,1.5359565E7,1.0707435E7,1.2359692E7,1.3361741E7,1.309897E7,9531855.0,1.0136687E7,9422408.0,0,8850028.0,9277697.0,1.048166E7,1.1224383E7,0,1.0303058E7,0,
1613,201.08719878577628,6.669664,,,,,,,,,,,1799610.1,2298399.8,1557980.6,2292889.5,2.741525E7,0,0,0,0,0,0,0,0,3032517.2,3096079.0,3364266.2,3211797.8,3013488.5,3009392.0,0,0,0,0,0,
1614,219.09779369233445,6.672606,,,,,,,,,,,0,1388218.1,0,1120349.8,1.4654383E7,0,0,0,0,0,0,0,0,1989966.8,1835392.4,1872494.1,1721855.0,1606405.4,1628898.9,0,0,0,0,0,
1615,405.19831320464425,6.6384263,,,,,,,,,,,6703671.0,7779775.5,6937194.0,6291027.0,5803632.0,0,3927659.2,4369772.0,3737479.0,3533869.0,2965339.0,4103144.5,3800668.2,3345446.8,4296681.5,0,3814438.8,3618524.2,0,0,3895194.0,4255245.5,3731524.0,0,
1616,501.1947012599026,6.698236,,,,,,,,,,,8860138.0,1.0247397E7,9067067.0,9354886.0,8207331.0,1.0417582E7,9479679.0,1.1757701E7,1.0749851E7,8946289.0,1.0954455E7,1.2064725E7,1.0967965E7,1.0907104E7,1.0265869E7,1.0233866E7,1.1080876E7,1.0874106E7,1.0297436E7,1.071937E7,1.0012893E7,9611225.0,1.0484515E7,0,
1617,244.12947268675526,6.699849,,,,,,,,,,,1.1347465E7,1.1657584E7,9262941.0,1.1039469E7,1.6478684E7,8336998.0,7331429.0,8540552.0,7993744.0,7355050.5,8377589.5,8790676.0,8249572.0,9458989.0,8860967.0,8394865.0,9572416.0,9381942.0,9328140.0,9442845.0,8053170.0,7449988.0,8406702.0,0,
1618,589.2833868624315,6.7045083,,,,,,,,,,,7695752.0,7944845.5,6586239.0,7802672.5,6156196.5,7364584.5,5819737.0,7418621.0,6791742.0,5924445.5,6522314.5,7595354.5,6963266.0,6946300.0,7262797.0,6727924.0,7439550.0,7512707.0,7253086.5,6820359.0,6307040.0,6518366.0,6986813.5,0,
1619,574.2129923752985,6.7053022,,,,,,,,,,,1.4012109E7,1.2923425E7,1.0674197E7,1.2713777E7,7262568.5,7722945.0,6192937.0,7776420.0,6419563.5,7704108.0,7487743.0,7306922.0,8172941.5,8847947.0,8241946.0,6897030.5,8932030.0,9715200.0,8766275.0,7712243.0,7140466.0,6892160.5,7703597.5,0,
1620,388.1956813638233,6.7057915,,,,,,,,,,,2741775.8,1942920.8,4402540.5,2962944.0,1.0028222E7,1.1622985E7,8410386.0,9481398.0,9316607.0,9301889.0,1.1358856E7,1.0230163E7,1.1158788E7,9559064.0,7474716.5,6391319.0,7502284.0,7565424.0,6850118.5,9852014.0,7597584.0,9010964.0,8493023.0,0,
1621,732.4240592677412,6.710362,,,,,,,,,,,0,0,0,0,7707994.0,9231769.0,6623049.0,7201685.0,9504094.0,5770269.5,6979290.0,8246777.0,7750727.0,4437177.0,4806301.5,4109846.0,4424293.5,4505585.0,4277885.0,0,5294855.0,6088993.5,5763210.5,0,
1622,731.4210450857795,6.7087493,,,,,,,,,,,1586779.1,0,3558728.0,1561058.2,1.9574558E7,2.0369614E7,1.5395055E7,1.7943236E7,1.8242152E7,1.3917764E7,1.6627444E7,1.8765888E7,1.838586E7,1.0589941E7,1.0118105E7,9502179.0,1.139789E7,1.1532604E7,9302703.0,1.3776811E7,1.2960214E7,1.5676997E7,1.5275422E7,0,
1623,361.1730126395107,6.709836,,,,,,,,,,,1.9496006E7,1.8067382E7,1.5446787E7,1.7833416E7,1.7264644E7,1.3613879E7,1.1523434E7,1.4290138E7,1.1241093E7,1.1809469E7,1.2043998E7,1.3740859E7,1.300046E7,1.40409E7,1.3852637E7,1.2964265E7,1.5567256E7,1.508883E7,1.4627895E7,1.0428447E7,1.1895133E7,1.1803918E7,1.3476766E7,0,
1624,552.2311347105116,6.7127514,,,,,,,,,,,6.2413172E7,5.4816984E7,4.936606E7,5.601063E7,6.7077804E7,5.1883936E7,4.170512E7,5.2433616E7,4.1493644E7,4.4750308E7,4.507594E7,5.093884E7,4.9840384E7,5.3130856E7,5.381375E7,4.7446844E7,5.802493E7,5.613793E7,5.1601868E7,4.1097436E7,4.365705E7,4.4385092E7,4.888746E7,0,
1625,366.21422986304316,6.7131724,,,,,,,,,,,2.584662E8,1.6284611E8,3.2958922E8,2.1978966E8,7.727924E8,7.487087E8,6.2126426E8,6.565937E8,6.183324E8,6.614101E8,6.6138176E8,7.081123E8,6.835384E8,5.7676026E8,5.5319264E8,5.2031405E8,6.183325E8,6.0092986E8,5.594453E8,5.770793E8,5.633948E8,5.95003E8,5.9358726E8,0,
1626,251.15054042639892,6.7135615,,,,,,,,,,,3241571.8,2181367.5,3904319.2,2778961.0,1.0670693E7,9827797.0,7836313.5,8517275.0,8093306.5,8588005.0,8492665.0,9056618.0,8380383.5,7507807.0,6879150.0,6388639.0,8036368.5,7943463.5,7074298.0,7508018.5,7184952.0,8205121.0,7621574.0,0,
1627,183.61065066893025,6.715298,,,,,,,,,,,2565228.0,1733576.8,3763136.2,2359455.0,9219836.0,8744533.0,7542211.5,6759098.5,7698165.0,7051860.0,8238411.0,6898282.5,6708780.5,6554856.0,6180416.0,6019609.5,6483377.5,5877861.5,6950481.0,6401730.5,7192045.5,7093059.0,7350976.5,0,
1628,728.3586390653539,6.716678,,,,,,,,,,,0,0,0,0,0,1.0981249E7,8649369.0,1.4211086E7,5727060.5,9440303.0,9516247.0,9861087.0,9824893.0,2.0828834E7,2.169885E7,1.7877132E7,2.2426856E7,2.1153636E7,1.8736432E7,7995792.0,9979552.0,8579468.0,1.2000307E7,0,
1629,276.155775686498,6.7228346,,,,,,,,,,,5507706.5,4160609.2,4021644.8,4311274.0,3588203.2,3400180.5,3121609.0,3316583.0,2870164.5,3408913.0,3197177.8,3431834.2,3260368.0,3645822.8,3689869.5,3553404.0,3876882.0,4388279.0,4151939.0,3069291.0,3204772.2,3279131.0,2938231.2,0,
1630,403.18278738298153,6.7297854,,,,,,,,,,,5199375.0,4506787.5,5240100.5,5557367.5,2567767.0,1.4035776E7,1.2835304E7,1.3925638E7,1.464132E7,1.4695734E7,1.4212688E7,1.5306959E7,1.4393431E7,1.2021247E7,1.1828727E7,1.1979171E7,1.2807368E7,1.348154E7,1.1812907E7,1.5284307E7,1.2797052E7,1.405255E7,1.2245636E7,0,
1631,1097.4760019185576,6.7348175,,,,,,,,,,,5572705.0,5275799.5,4982563.0,4270185.5,4128760.0,4599003.0,4921797.0,5174815.5,4236578.5,5343535.0,5162377.0,6344377.5,5381500.5,5215009.5,6077293.0,6317687.5,5629977.5,6190956.0,5601871.0,5995832.5,5230214.5,4444030.0,4407716.0,0,
1632,525.3404025401223,6.7338533,,,,,,,,,,,4515248.0,4008976.2,3877257.8,3941626.5,3240686.8,3851655.0,3722662.8,3871404.5,3782335.8,3773124.5,3761898.5,3976481.0,4337512.5,4281815.5,3932873.0,4659544.0,4237295.0,5274650.5,4004525.0,4738523.5,3905175.0,3572682.2,4345313.0,0,
1633,504.2306424595217,6.7407045,,,,,,,,,,,5257225.5,4988468.0,5493394.5,5190182.5,1686621.9,5717001.0,5050983.5,5458299.0,6961621.0,6069387.5,6053762.5,6894920.0,5424816.0,5383585.0,5905246.0,5996614.5,5274381.5,6087028.0,4872270.0,6713753.0,5443331.0,5345197.0,5149043.0,0,
1634,269.16104857944407,6.719197,,,,,,,,,,,2252566.5,1956614.0,1632566.5,2052522.0,2.1054597E8,1550066.2,1185815.8,1456073.9,1302770.8,1413222.5,1384992.9,0,1247168.8,2215081.5,2066858.8,2025195.0,1745506.1,2174726.0,1701650.2,1935580.0,1425773.9,1498916.6,0,0,
1635,130.05011093828057,6.741897,,,,,,,,,,,9175141.0,7943302.5,5149369.0,5949611.0,1.16961944E8,1.0402053E7,6590465.0,4882416.5,5354539.0,6897721.5,5680615.5,4890334.5,3536861.2,1.4876766E7,1.6292944E7,1.5495394E7,1.6547442E7,1.89869E7,1.6902828E7,1.1753891E7,5604579.5,4786214.5,3940693.5,0,
1636,465.2019899715041,6.742439,,,,,,,,,,,3.0352458E7,2.6032206E7,2.345051E7,2.59693E7,1.6386096E7,1.981831E7,1.8897874E7,2.1798082E7,2.1009362E7,2.237344E7,2.212371E7,2.3012234E7,1.9843862E7,2.3379766E7,2.4789256E7,2.4139228E7,2.3327204E7,2.5602584E7,1.9042754E7,2.5723378E7,1.9948998E7,1.858136E7,1.9234008E7,0,
1637,148.06057506272296,6.7427287,,,,,,,,,,,3.656289E7,3.1857554E7,2.0352158E7,2.3833866E7,4.6694794E8,4.3230588E7,2.5639358E7,1.9353818E7,2.0171366E7,2.7333028E7,2.2735536E7,2.1145966E7,1.4401122E7,6.066143E7,6.692715E7,6.4942212E7,6.627216E7,7.8163336E7,6.8065256E7,4.840753E7,2.209845E7,1.9102312E7,1.5304527E7,0,
1638,487.1837507078435,6.74419,,,,,,,,,,,7720285.0,6608818.5,6291689.5,7070195.5,1375859.2,3875979.2,4398125.0,5194061.5,5191356.5,5912019.0,5590658.0,5128888.0,5866678.0,5187090.0,4282654.0,3932395.0,3973440.2,5155147.0,4042615.5,5052483.5,4365236.0,4356464.5,4839749.5,0,
1639,310.13970092630996,6.74649,,,,,,,,,,,0,0,0,0,3.735273E7,0,0,0,0,0,0,0,0,0,0,0,0,0,0,0,0,0,0,0,
1640,490.176945723281,6.7453237,,,,,,,,,,,2434203.8,2250469.5,1705349.2,1558288.0,1.0079176E7,2511092.0,1298406.8,1173317.9,0,1524245.4,1550493.4,0,0,3013237.8,3830745.5,3504615.2,3177428.0,3838503.5,2942024.5,3556705.8,1334652.2,0,0,0,
1641,365.10783742952935,6.749216,,,,,,,,,,,8461467.0,8022326.5,7315761.0,7967276.0,0,4356512.5,4310714.5,4607004.0,4904089.0,5265279.5,5150223.5,4156086.8,4851411.0,4689013.5,4818360.0,4460911.5,4213792.5,5412525.5,4094761.8,4914018.5,4282468.0,4288595.0,4280428.0,0,
1642,230.11378476314206,6.7828655,,,,,,,,,,,7547543.5,6315377.0,2428528.0,5646482.5,8.495526E7,0,6826102.0,0,7738976.0,6675864.0,0,7952256.5,0,8826210.0,9827048.0,1.0103572E7,1.0104267E7,1.1645881E7,9136656.0,5472629.0,1396411.0,0,6544831.0,0,
1643,558.289101725839,6.760744,,,,,,,,,,,1421742.0,1478151.2,2569735.5,1883239.4,0,4.3943348E7,4.1758996E7,4.8851452E7,4.7008116E7,4.3838684E7,4.37072E7,4.631221E7,5.4569584E7,4.704234E7,4.7566196E7,5.2225584E7,4.7624996E7,6.004848E7,4.763684E7,4.8958772E7,4.0925684E7,3.9595868E7,4.863347E7,0,
1644,258.1451739267758,6.765219,,,,,,,,,,,5.764226E7,7.0565176E7,9.351109E7,6.6922424E7,0,1.5994661E8,1.5561782E8,1.6910342E8,1.501044E8,1.285409E8,1.3849122E8,1.3565144E8,1.7736886E8,1.387718E8,1.3638714E8,1.6026453E8,1.573596E8,1.817243E8,1.5038994E8,1.490482E8,1.4754821E8,1.4100006E8,1.5653829E8,0,
1645,258.1422014213094,6.76544,,,,,,,,,,,0,0,0,0,4.248839E7,0,0,0,0,0,0,0,0,0,0,0,0,0,0,0,0,0,0,0,
1646,259.14817035210905,6.7661996,,,,,,,,,,,7560423.5,8398165.0,1.1474271E7,8058970.5,1.1521022E7,0,1.7802086E7,0,0,1.8431204E7,0,0,0,0,1.6606648E7,2.0874598E7,1.864625E7,0,1.790118E7,1.8968788E7,1.7349462E7,1.8398634E7,0,0,
1647,546.2416355029426,6.768051,,,,,,,,,,,2.7886342E7,3.4146052E7,3.415357E7,3.0836974E7,4526209.5,4.6361856E7,4.326123E7,4.791901E7,5.853119E7,4.675172E7,4.0591596E7,5.4598868E7,5.5997476E7,4.200952E7,3.9950964E7,4.7858624E7,4.2842172E7,5.8692884E7,4.599425E7,4.045682E7,4.4187372E7,4.0112616E7,4.358005E7,0,
1648,301.1508947382545,6.7707796,,,,,,,,,,,1.1618589E7,1.2947564E7,1.0992687E7,1.0354069E7,5620430.0,1.033833E7,9309039.0,9876093.0,9425727.0,1.0630523E7,8524474.0,8535968.0,1.1482804E7,1.1848876E7,1.1440139E7,1.3151425E7,1.1931072E7,1.2781833E7,1.1432996E7,9947141.0,1.0019659E7,8869461.0,1.0657256E7,0,
1649,578.2689782368851,6.7727823,,,,,,,,,,,3069517.5,3178228.5,2798954.0,2006029.1,3933672.0,1852385.8,2012986.1,2732272.2,1604260.4,0,0,1815050.8,2441713.5,2637948.0,2375478.5,2875945.5,2443685.8,2890830.2,2646198.0,1836128.5,2233663.2,1539050.6,2665372.5,0,
1650,568.2233459595886,6.774063,,,,,,,,,,,7226138.5,9137181.0,8935998.0,7871635.5,0,8879794.0,7813483.0,7912542.0,9888049.0,9846428.0,8647722.0,8730718.0,1.1327223E7,8354026.5,6998082.5,8124137.0,7196825.5,1.013127E7,8670410.0,8682532.0,8542698.0,7645581.5,8782619.0,0,
1651,456.31861917866337,6.7743425,,,,,,,,,,,3542640.0,3685432.2,3901212.2,3081119.0,2600547.5,5513618.5,5531181.5,5270667.0,5818021.5,5216945.0,5104777.5,5260634.0,6534217.0,5776917.5,5250399.0,5593941.5,5327084.0,6783341.0,5436162.5,5367863.0,4964298.0,4642139.0,5663034.0,0,
1652,184.07334781197034,6.774675,,,,,,,,,,,0,0,0,0,5677100.5,0,0,0,0,0,0,0,0,0,0,0,0,0,0,0,0,0,0,0,
1653,258.1107649873994,6.786806,,,,,,,,,,,0,0,0,0,1.518405E9,0,0,0,0,0,0,0,0,1341449.6,0,0,0,0,0,0,0,0,0,0,
1654,280.092058534723,6.774675,,,,,,,,,,,0,0,0,0,1.6549548E7,0,0,0,0,0,0,0,0,0,0,0,0,0,0,0,0,0,0,0,
1655,515.2469800797638,6.774675,,,,,,,,,,,0,0,0,0,1.9307842E7,0,0,0,0,0,0,0,0,0,0,0,0,0,0,0,0,0,0,0,
1656,516.250561089141,6.774675,,,,,,,,,,,0,0,0,0,4182551.2,0,0,0,0,0,0,0,0,0,0,0,0,0,0,0,0,0,0,0,
1657,623.3169805710187,6.774675,,,,,,,,,,,0,0,0,0,1.0042313E7,0,0,0,0,0,0,0,0,0,0,0,0,0,0,0,0,0,0,0,
1658,724.3159824329806,6.780292,,,,,,,,,,,3.5269308E7,3.545716E7,3.6185404E7,2.5770482E7,2.521533E7,3.2518974E7,3.3053632E7,2.9837126E7,3.5434276E7,3.5036624E7,3.3974296E7,3.0215728E7,3.8682884E7,3.9754908E7,3.5362972E7,4.3096024E7,3.601412E7,3.9867576E7,4.060962E7,3.2861168E7,3.0871154E7,2.8493152E7,3.9753372E7,0,
1659,746.2979465881349,6.7872868,,,,,,,,,,,7384932.5,7218579.0,7687017.0,5978921.0,0,5422460.5,5771971.0,5408822.5,6264441.0,6367699.0,6216307.0,5181423.0,6688592.5,6129893.0,5362962.5,5404650.5,5045957.0,5768221.5,7031421.0,5949015.0,4860170.0,5217173.0,7195786.5,0,
1660,603.226569141217,6.789254,,,,,,,,,,,4666241.5,4551102.0,4508023.0,3360200.2,3125753.8,3844748.0,4469711.0,3837778.5,4590639.0,4341235.0,4547790.5,4236672.0,4455772.5,4669761.5,3732432.5,4326990.5,4089069.5,3911031.2,4950634.5,4266889.5,4075788.0,3810177.5,5118954.5,0,
1661,580.2712557239215,6.7917185,,,,,,,,,,,0,0,0,0,0,1.2061705E7,1.2122779E7,1.0389153E7,1.2914297E7,1.2463656E7,1.2411429E7,1.1407928E7,1.4657615E7,1.145653E7,9530256.0,9964447.0,8824017.0,1.2251441E7,1.2055556E7,1.1665098E7,1.0218055E7,1.0464085E7,1.4372603E7,0,
1662,243.14543851142278,6.7923284,,,,,,,,,,,1.7523574E7,1.847261E7,1.7014908E7,1.4985675E7,1.1710172E7,1.5017466E7,1.5608276E7,1.4559308E7,1.545979E7,1.4253632E7,1.5150711E7,1.465486E7,1.535993E7,1.7629572E7,1.5989037E7,1.6324515E7,1.5035177E7,1.5397797E7,1.4894164E7,1.6454658E7,1.4671869E7,1.3846214E7,1.7057122E7,0,
1663,515.2135526115107,6.793835,,,,,,,,,,,0,0,0,0,4.5510716E7,0,0,0,0,0,0,0,0,0,0,0,0,0,0,0,0,0,0,0,
1664,419.1775726629097,6.7972417,,,,,,,,,,,4421497.5,4719606.5,4310374.5,3901098.5,3581852.0,3389933.5,4051954.8,3515897.5,4049763.8,3834052.0,3866124.0,3976774.5,3800818.0,4282919.0,3594280.5,4020473.5,3812360.5,4039455.8,3647351.8,3974635.2,3710495.5,3528355.8,4376079.5,0,
1665,375.1881080232535,6.8033953,,,,,,,,,,,2565599.8,2879795.0,2998822.5,2597200.8,3082188.8,3992368.8,4308791.5,3556467.0,4350905.5,3481439.0,4268215.5,4044810.5,3859156.0,4072996.2,3933611.2,3808236.0,3439127.2,4398876.0,3685008.5,3981110.8,3564841.0,3354535.5,4014782.2,0,
1666,374.1753800217692,6.805942,,,,,,,,,,,4982359.5,4514305.0,2309421.0,3223416.2,0,0,0,0,0,0,0,0,0,1847423.4,1994878.5,2032682.6,1939170.5,2184288.8,0,1793918.1,1450812.4,1148965.5,0,0,
1667,233.1134745651064,6.8108473,,,,,,,,,,,4286971.0,3040772.8,2032651.9,1527489.5,0,4220666.0,4225936.5,4539814.5,4194363.5,3087603.2,3320028.0,2701736.0,4353038.5,3778253.8,4284259.5,4287136.5,3994320.2,5252462.5,4783862.0,4292314.5,3923276.8,3753873.8,4662369.5,0,
1668,373.17173698035276,6.811355,,,,,,,,,,,3.0878364E7,2.7951112E7,1.401998E7,1.9706968E7,0,5460672.0,6661485.5,6909759.0,5590457.5,6274422.5,5798216.5,4892752.5,5424302.5,1.2105065E7,1.2067909E7,1.2440709E7,1.1805824E7,1.4172255E7,1.2548114E7,1.0940736E7,7879791.5,7683790.5,6523616.0,0,
1669,133.06093755182872,6.870919,,,,,,,,,,,1372238.6,1235336.5,1329315.0,1099989.6,7.294386E7,0,1056012.8,1339676.2,1220514.4,0,1111954.9,1295210.9,1264689.0,0,1060365.9,1175151.5,1133203.8,1364452.0,1279024.2,1097474.5,1144824.1,1074309.4,1424604.1,0,
1670,785.3688638806827,6.812598,,,,,,,,,,,4261323.5,4257866.0,4222205.5,3826848.0,3646725.8,4995741.0,4933752.0,4466633.5,4673232.0,4097526.0,5122870.0,4835803.0,4563636.5,5394883.0,4638142.0,4902065.0,4459739.5,5250067.5,4724673.0,4356959.5,4501002.5,4183821.5,4809035.0,0,
1671,219.0978297010085,6.830495,,,,,,,,,,,4388253.5,4560320.5,4221134.0,4728422.0,2.1952582E7,3144600.0,3316846.8,3388086.0,3334763.0,2578903.0,2706315.8,2853050.0,2696600.2,3078461.5,3466849.0,3010826.5,3351749.2,3842740.8,3619466.0,2461304.0,3216204.0,3253015.8,3117756.8,0,
1672,416.28715947066684,6.826635,,,,,,,,,,,4527134.5,4707126.5,3792372.8,3882294.0,3164287.8,3690987.0,3926687.2,3451255.2,3516872.5,2909070.8,3030541.2,3018785.0,3536688.2,3479957.2,3773258.8,4036700.5,3958050.5,4720667.5,4208583.0,2876710.5,3508048.5,3258375.5,3487918.8,0,
1673,606.2625502345708,6.8279552,,,,,,,,,,,6712549.5,6058409.0,6533614.5,6432506.5,4944143.0,7456150.5,7356024.5,7108163.5,6819711.5,5975337.5,5852868.5,5975035.0,6649414.5,6174753.0,6749601.0,6990046.5,6659975.0,7765557.5,7385974.0,5183362.5,6851993.5,6240494.5,6896457.0,0,
1674,467.2617926871589,6.8284044,,,,,,,,,,,1.0193981E7,9936871.0,9437946.0,9247161.0,8898532.0,1.4336053E7,1.486827E7,1.3286828E7,1.4081737E7,1.0686216E7,1.2993251E7,1.1933245E7,1.3666387E7,1.1851832E7,1.226341E7,1.3565313E7,1.3114082E7,1.550311E7,1.3592055E7,1.1492162E7,1.2341308E7,1.2827164E7,1.280967E7,0,
1675,290.1349213625187,6.847785,,,,,,,,,,,1137961.1,1150202.2,1249571.8,0,8398144.0,0,1093419.5,1242037.5,1210618.5,1177749.4,0,1316671.6,1148352.2,1470306.4,1420669.5,1429537.2,1326822.8,1326936.8,0,0,1502714.0,1107579.6,1172114.0,0,
1676,219.09782331960042,6.8326635,,,,,,,,,,,4432164.0,4569154.0,4133133.0,4854074.0,2.8281126E7,3044371.2,3151589.0,2927961.0,3064779.8,2574289.8,2662908.5,2853050.0,2810380.0,2895083.0,3207563.5,3143439.5,3286990.8,3842740.8,3637158.5,2461304.0,2970619.2,3006600.2,3244229.5,0,
1677,391.23433883545596,6.8369284,,,,,,,,,,,1717532.9,0,0,0,0,1.4367979E7,1.569211E7,1.2423593E7,1.957734E7,1.1271283E7,1.4355014E7,1.5160589E7,1.4539596E7,1.024445E7,1.0581544E7,1.1246903E7,1.0726667E7,1.2390163E7,1.1662757E7,1.1009514E7,1.2189123E7,1.2131539E7,1.1106278E7,0,
1678,347.19285390626845,6.841091,,,,,,,,,,,2.187437E7,1.414003E7,2.942229E7,1.9538908E7,4.8772736E7,5.0082876E7,5.444817E7,5.1233092E7,5.3392156E7,4.379678E7,4.2674708E7,5.4937256E7,5.3739496E7,4.440431E7,4.814389E7,4.7471916E7,4.4935332E7,4.7353096E7,4.900142E7,3.7825864E7,5.2469716E7,4.5096356E7,5.0514436E7,0,
1679,369.17416309496286,6.841965,,,,,,,,,,,4109457.8,2755255.8,6102088.0,3658743.8,3702094.0,9307272.0,9784170.0,9538830.0,9831686.0,8607099.0,8380230.0,9628408.0,1.0722948E7,7240197.0,6814036.5,6691116.0,6425931.5,7256114.0,7433416.5,6819957.5,9218558.0,8074985.5,8856604.0,0,
1680,405.19836854339843,6.8456826,,,,,,,,,,,3.0912944E7,2.5557768E7,3.0491616E7,3.0090086E7,2.1408874E7,2.6902588E7,3.1634538E7,2.9221394E7,2.8961412E7,2.7499948E7,2.4120726E7,3.0337658E7,2.9765376E7,2.8094734E7,3.022405E7,3.1605684E7,2.8108866E7,3.0580212E7,3.1817958E7,2.2408608E7,3.2616482E7,2.595038E7,2.9330254E7,0,
1681,230.11378357837597,6.8452754,,,,,,,,,,,8177376.5,7166015.5,7177368.0,7193462.5,1.3121222E7,6534081.5,6965729.0,6900486.0,7189936.5,6266208.5,5559847.5,6831130.0,6410124.5,7007998.5,7901412.5,8037947.0,7138208.5,7202771.5,7584273.0,5535582.5,7729134.5,6530611.5,7077799.5,0,
1682,483.256968372751,6.847525,,,,,,,,,,,7570384.0,4896097.0,3297751.2,3980559.2,0,2259020.8,2524216.5,2550271.8,2929257.5,2387241.5,2325561.5,2658822.5,2369332.0,3171034.8,3269766.0,3711878.0,3139815.8,3339058.0,3422969.2,2378864.2,3047992.5,2339476.2,2357408.2,0,
1683,427.1805489031308,6.8493376,,,,,,,,,,,1.017109E7,9168426.0,1.0504636E7,9823348.0,3115240.0,8888740.0,9716479.0,9633508.0,9358927.0,9267553.0,8317177.0,9522930.0,1.0276318E7,7831735.0,7384321.0,7718558.5,7332161.0,8616327.0,8549478.0,7444335.0,1.0070252E7,8403492.0,9105522.0,0,
1684,221.11328775288675,6.8516665,,,,,,,,,,,0,0,0,0,1.3252911E7,0,0,0,0,0,0,0,0,0,0,0,0,0,0,0,0,0,0,0,
1685,428.2144243124143,6.8556943,,,,,,,,,,,2.7238348E7,2.3938864E7,1.6366157E7,2.2513502E7,2130673.0,8039685.0,9362466.0,9448541.0,9837421.0,1.2149775E7,8923895.0,8605263.0,7758762.5,1.5763023E7,1.630532E7,1.7360626E7,1.5744433E7,1.7621458E7,1.714202E7,1.3526633E7,1.3566533E7,1.0500292E7,9254015.0,0,
1686,463.2040596785332,6.8521223,,,,,,,,,,,2.8247972E7,2.5238716E7,3.0148442E7,2.8022382E7,2.1491924E7,2.3786482E7,2.5652404E7,2.7000428E7,2.539481E7,2.5282814E7,2.2537326E7,2.8576924E7,2.4121232E7,2.5494902E7,2.5956876E7,2.7945242E7,2.4974068E7,2.8603672E7,2.7041288E7,2.0088002E7,2.9099158E7,2.3772648E7,2.6039488E7,0,
1687,485.1860662914438,6.8521223,,,,,,,,,,,4866316.0,4745369.0,5295219.0,5156675.5,2283168.0,3907147.8,4126810.5,4304372.5,3869142.0,4228220.5,3564417.2,4279736.5,3941331.2,4014320.5,3600251.0,3813751.2,3585812.2,4401936.0,3853931.0,3216151.2,4416090.5,3903390.2,3766251.2,0,
1688,359.1930706987272,6.854132,,,,,,,,,,,4223929.0,4425127.5,4757921.5,4229055.0,3635599.2,3800683.0,4071119.2,4240930.0,4121175.8,4168210.5,3628040.8,4612073.5,3910025.0,4347030.5,4405867.5,4823426.5,4338025.5,4563021.0,3743091.8,3452633.0,4695612.0,4013313.8,4159873.8,0,
1689,320.1455083797791,6.8558083,,,,,,,,,,,5286555.5,5325360.0,6807682.0,5300044.0,5625476.0,6359277.5,6778719.0,6938846.0,6724730.0,6458503.5,5941504.0,7337448.5,6208612.0,6655616.5,6640952.0,7326404.5,6180541.5,6767273.5,5753601.5,5434570.0,7210739.0,6359008.5,6889939.0,0,
1690,247.1403806017487,6.8551435,,,,,,,,,,,0,0,0,0,0,0,0,0,0,3179305.5,3112696.0,4181635.8,0,0,0,0,0,1093364.6,0,0,0,0,0,0,
1691,345.1773722834167,6.8652987,,,,,,,,,,,7771119.0,8950483.0,8395144.0,7217340.5,8257418.5,9525562.0,9495205.0,9269644.0,9887229.0,9744317.0,9515873.0,9931275.0,9392561.0,9253554.0,9640019.0,1.0802476E7,9806046.0,1.0108868E7,8882309.0,8437899.0,1.01602E7,9405324.0,9743120.0,0,
1692,190.118776634342,6.868364,,,,,,,,,,,2637324.5,2949831.8,2713604.8,2506860.2,1582714.2,1983809.1,2144202.2,2114231.2,2251399.5,2142317.5,2085653.6,2034680.2,2048744.1,1963527.8,2095261.1,2410697.0,2258577.8,2429188.0,2184567.5,1989046.0,2501542.0,1871690.9,2438168.8,0,
1693,244.1294296094715,6.8688383,,,,,,,,,,,2499595.5,2877396.0,2631474.2,2493770.8,5854213.5,2396404.8,2336850.2,2365152.8,2465249.8,2562079.5,2407986.8,2300985.2,2403912.2,2637286.2,2680076.5,2910812.5,2572588.0,2695488.0,2576326.0,2191332.5,2563328.2,2296383.5,2412461.2,0,
1694,338.1382202237665,6.870963,,,,,,,,,,,2066539.0,2474040.8,2796752.8,2112591.0,3797463.8,3768181.0,3154168.2,3371933.0,3819546.2,2967991.2,3821332.2,3424155.0,3533427.0,3231705.2,3211385.2,3563460.0,3452101.8,3151375.2,3177038.8,2866413.2,3450658.8,3252707.8,3400608.0,0,
1695,700.3270209536039,6.883197,,,,,,,,,,,3638290.5,4958904.5,4155369.8,4537448.5,4780462.5,3851664.0,3402489.2,3883400.0,4551735.0,3407938.0,4630760.5,3948405.8,4245560.5,4450761.0,4378065.5,4530981.0,4016440.0,4715931.0,4530743.0,3412929.0,3600264.8,4032174.8,3774209.8,0,
1696,722.3094470558316,6.884932,,,,,,,,,,,2445321.0,3441485.5,2928981.5,3242482.8,2215447.2,2667640.5,2337839.8,2723808.2,3078389.0,2349782.0,3333730.8,2635141.5,2908213.5,3023380.2,2598248.8,2631698.8,2646705.0,3304287.0,3095963.5,2475742.2,2560802.0,2610688.8,2574590.2,0,
1697,430.23053166210894,6.885127,,,,,,,,,,,2284046.5,2418986.2,2323103.2,2185231.8,2825963.0,3997555.5,3587719.8,3511828.8,4335471.5,3320562.2,4485318.5,4348704.0,3682110.5,3574203.8,3359450.2,3627778.2,3534604.8,3512648.8,3380063.0,3076664.5,3736884.8,3750942.2,3663500.8,0,
1698,448.18323202184007,6.8913827,,,,,,,,,,,4879444.0,5429018.5,6291157.0,5589192.0,6168734.0,5447378.5,5606695.0,6092950.5,6317323.0,4901263.0,6918174.0,6807044.0,5309726.5,6505578.0,5573368.0,5826323.5,6160945.5,6475235.5,5481927.5,5209830.0,6120349.0,6286691.5,6086350.5,0,
1699,301.15078138569004,6.9049983,,,,,,,,,,,3366356.2,3728966.5,3228587.2,3450769.8,4178014.8,3826657.2,3792178.2,3783029.2,3798123.5,3514067.8,3620755.5,4344268.5,3611352.8,4237176.0,4156626.5,3581032.5,4273814.0,3774373.5,4269160.5,4072134.0,4194368.0,3978200.5,3856214.5,0,
1700,669.3575261466178,6.9063334,,,,,,,,,,,5847296.0,6806776.0,7168768.5,6173115.5,9613454.0,9464282.0,9150718.0,9253346.0,8943506.0,6511214.0,8671815.0,1.1063232E7,8837483.0,9289803.0,9208956.0,8245721.0,1.0045027E7,8689304.0,9063730.0,7760956.5,9304499.0,8224496.5,9145039.0,0,
1701,540.2439634431906,6.906701,,,,,,,,,,,0,0,0,0,0,4920572.5,4134077.5,4078853.5,5463060.0,3082546.2,4067830.8,5243296.5,4501692.0,2675403.8,2655320.0,3117686.0,3476384.2,3707448.8,3557746.5,3927247.2,4499647.0,4357376.5,4068890.8,0,
1702,365.1058083088283,6.9570045,,,,,,,,,,,2919844.8,3152900.0,1.1126824E7,1.1992244E7,2273743.2,1.0990086E7,2666088.0,1.3275582E7,1.3989435E7,1.2221543E7,2714503.8,9783279.0,1.160725E7,2925217.8,2655675.8,1.2984094E7,1.204754E7,1.3621703E7,2974995.0,1.0469349E7,2830516.0,1.4074535E7,1.21762E7,0,
1703,497.25402002219596,6.9095235,,,,,,,,,,,3754287.5,4133296.5,3787217.5,4048661.0,4059558.0,6198581.0,5398128.5,5812586.5,5373483.0,4634566.0,5242371.0,6057468.5,5452866.5,5645251.0,5438015.5,5652878.5,5647245.0,5793276.0,6165970.0,5384872.0,5655728.0,5444309.5,5383242.5,0,
1704,182.09255440077195,6.9114127,,,,,,,,,,,2895989.2,3175754.2,2675326.5,2995288.8,3301389.0,3264280.2,2809802.5,3055763.2,3111024.0,2724927.5,2723934.8,3344489.0,2790568.5,2316997.2,2636684.2,2719981.2,2738150.2,2984524.5,3112947.8,2842080.5,3160359.2,3133045.5,3095380.5,0,
1705,598.3930176590414,6.9199038,,,,,,,,,,,2556572.0,2719764.2,3366650.0,2998215.0,9671691.0,9229222.0,6594741.0,7413581.5,7134693.5,5737980.0,5683276.5,8103689.0,6813328.5,5981879.0,5924956.0,6325532.0,6958053.0,7599384.0,6452428.5,6130450.0,7080216.0,6771781.5,7082303.0,0,
1706,415.1940527080006,6.922643,,,,,,,,,,,5597572.0,5801288.5,5406633.0,6172946.5,6015928.0,7812170.5,6310112.5,7081660.5,6741876.0,5800066.5,5469827.0,7203425.5,6082668.5,5690669.0,6105747.5,6910055.0,6880718.5,7374252.0,7078858.0,6157760.0,7111124.5,6448396.5,7127666.0,0,
1707,395.1675944574941,6.925822,,,,,,,,,,,3.317843E7,3.1017242E7,3.1329674E7,3.4852184E7,3.5415616E7,3.9387636E7,3.1066668E7,3.4085836E7,3.0828824E7,2.968376E7,2.4988232E7,3.1623512E7,3.1232072E7,2.7328016E7,3.0151458E7,3.5781588E7,3.4560084E7,3.916377E7,3.211253E7,2.9838144E7,3.65072E7,3.2141816E7,3.5699336E7,0,
1708,490.2149843473019,6.9374886,,,,,,,,,,,7369848.0,6117352.0,6439400.5,6555198.0,4485692.5,7628258.0,5880973.5,7416351.0,6838334.5,5769691.0,6054278.0,7024475.0,7610189.0,6530107.0,5856336.0,5991401.0,5754519.0,8923571.0,7409448.5,5429279.5,7837720.5,6271253.0,7960322.5,0,
1709,775.2589917293371,6.947439,,,,,,,,,,,1794643.1,1570753.2,1786899.8,1829938.6,0,2739690.0,2533456.0,2657282.2,2827081.2,2082786.4,2261796.5,3266447.0,2908340.5,1817667.1,1663805.9,1819533.5,1829236.0,3364927.0,2542129.5,1666430.5,2797675.0,2283923.0,2579741.2,0,
1710,359.2659450559788,6.9490013,,,,,,,,,,,7716592.0,7633996.0,1.0495E7,7749047.5,1.4127254E7,1.3212496E7,1.1784973E7,1.2984954E7,1.1144136E7,9920855.0,1.2030612E7,1.1734636E7,1.252603E7,1.1937362E7,1.1486616E7,1.1460872E7,1.0740412E7,1.2130502E7,1.0985801E7,1.0949889E7,1.2843475E7,1.1565622E7,1.2705583E7,0,
1711,177.08701962262808,6.9502697,,,,,,,,,,,0,0,0,0,1.0481604E7,0,0,0,0,0,0,0,0,0,0,0,0,0,0,0,0,0,0,0,
1712,438.19630565099715,6.951637,,,,,,,,,,,5578442.5,6068591.5,7517601.5,6241606.0,4221157.0,1.6884316E7,1.5704714E7,1.6015324E7,1.8715728E7,1.6581541E7,1.969441E7,1.7633766E7,1.9962808E7,1.5144165E7,1.4021291E7,1.3250273E7,1.2801616E7,1.4197344E7,1.3484435E7,1.4722917E7,1.6055579E7,1.6494502E7,1.5482235E7,0,
1713,332.145671472974,6.955905,,,,,,,,,,,1.120368E7,9398127.0,7389211.0,9017989.0,1183299.5,2202787.5,2666912.2,3137150.0,2746301.5,3621860.2,2364490.2,2835642.0,2660646.2,5292668.5,5152905.5,5318953.0,4676761.0,4895211.5,4946411.5,4476207.0,3706056.0,3284062.0,2787973.5,0,
1714,356.14349375118866,6.955009,,,,,,,,,,,2814953.0,2852162.0,3556208.0,3094246.2,1942081.9,3317173.8,3554163.2,3543697.5,3745298.5,3578214.8,4226705.5,3783667.0,3985097.8,3509755.8,3450986.8,2948342.5,3018854.0,3259529.8,3260598.0,3144414.8,3494648.2,3552585.5,3428084.8,0,
1715,275.0810517102654,6.9571896,,,,,,,,,,,1423092.4,1366305.2,1487238.2,1326745.9,0,5410684.5,5680986.5,5814843.0,5938129.0,4944396.0,5764998.5,5418164.5,5818048.0,4235892.0,4187423.5,3998010.2,3931696.0,4124631.8,4330444.5,4910637.0,5524893.0,5202037.0,5350627.5,0,
1716,545.2573307766519,6.957353,,,,,,,,,,,5187832.5,5217824.5,5548606.5,5161364.5,3778764.2,6172370.0,7081596.5,7003986.0,7257901.5,5882641.5,7241355.5,7379210.5,6857744.5,7601236.5,6739998.5,6404121.5,6046037.5,6727968.5,6325317.0,5639669.5,6302874.0,6902519.0,6990069.5,0,
1717,217.1185046479492,6.961266,,,,,,,,,,,1649487.9,1779320.6,2120232.8,1844370.0,2006640.6,3871529.5,4700756.0,4466215.5,5107890.0,3883318.0,5054502.0,4809976.5,4610472.5,4677112.0,4276865.5,4034709.5,3585820.0,3834526.2,3854219.2,3871496.2,4341306.0,4253879.0,4547524.0,0,
1718,416.2142534556556,6.960434,,,,,,,,,,,2.3016604E7,2.2758524E7,2.7964114E7,2.4540484E7,2.5547162E7,5.4140096E7,6.5773948E7,6.335328E7,6.9111256E7,5.5970628E7,6.806434E7,6.817661E7,6.3359696E7,6.1730148E7,5.5824596E7,5.20042E7,4.9256748E7,5.271453E7,5.3267348E7,5.322228E7,5.7669036E7,6.2078664E7,6.2936524E7,0,
1719,334.161035923723,6.961311,,,,,,,,,,,2.9609194E7,2.9142016E7,3.4775684E7,3.1410546E7,3.1977414E7,3.3492942E7,3.8692388E7,3.7974E7,3.908087E7,3.470705E7,4.0437736E7,4.1092268E7,3.5911096E7,3.9927256E7,3.6303896E7,3.477827E7,3.2819588E7,3.5470224E7,3.5493784E7,3.2093568E7,3.3847864E7,3.71894E7,3.7924964E7,0,
1720,218.12507363131016,6.96456,,,,,,,,,,,2140496.0,1750409.8,0,0,1.0433989E7,7933315.5,7926389.0,9048683.0,0,0,0,0,0,4517153.5,4638649.0,4251860.0,4106766.8,4463298.0,4464450.5,8245570.0,7534291.0,7668855.0,7503712.0,0,
1721,694.3263570359901,6.965766,,,,,,,,,,,4615352.5,3887194.5,4070884.8,4058772.0,3189370.2,2398940.0,3952513.0,3418399.0,2967397.5,2492261.0,2702139.2,2792956.0,2806465.0,3088489.0,3150497.2,2951384.2,2832023.8,3200827.5,3181748.8,2494220.5,3075293.8,2677338.8,3267029.0,0,
1722,523.2154402482463,6.966484,,,,,,,,,,,3597811.2,2367455.2,1597720.2,2239749.5,0,8732753.0,1.0452666E7,1.1159047E7,1.1054341E7,9152414.0,9310298.0,1.0821396E7,9281119.0,9755658.0,8442198.0,9544196.0,8991638.0,9745782.0,9969182.0,8151367.0,8394883.0,9323727.0,1.0636339E7,0,
1723,776.3795494408076,6.966634,,,,,,,,,,,2647404.5,2685940.2,2750180.8,2627610.8,2433299.2,3284215.8,4477612.0,4694934.5,3947450.2,3092853.8,3778555.0,3473077.5,3534533.5,3973175.8,3765947.5,3961005.8,3549577.2,3928290.2,3920073.8,3544816.2,3114860.0,3636309.8,4570527.0,0,
1724,706.3263524789047,6.972117,,,,,,,,,,,5033000.0,4662112.0,4227954.0,4872727.0,4169980.5,4189255.5,5881846.0,5416958.5,5657392.0,4412488.5,4895509.5,4743552.0,4814109.0,6142484.0,5207240.0,4991649.0,4844514.0,4968283.0,5271135.5,4375836.5,4049815.5,4784641.0,5735393.0,0,
1725,383.15401702795543,6.9725804,,,,,,,,,,,1.8670146E7,1.8195528E7,1.6932344E7,1.9261764E7,1.3709591E7,1.0329838E7,1.1197497E7,1.3266912E7,1.0337023E7,1.0178288E7,1.1079147E7,8856445.0,1.0901546E7,1.4181676E7,1.2023691E7,1.1670867E7,1.128068E7,1.3056094E7,1.2845993E7,1.034774E7,9281981.0,1.0726515E7,1.3692884E7,0,
1726,361.17213564597824,6.973022,,,,,,,,,,,1.6501664E8,1.736187E8,1.4722974E8,1.694934E8,1.5680152E8,8.572508E7,9.952349E7,1.1557728E8,8.317603E7,8.619272E7,8.790998E7,7.589753E7,8.796084E7,1.2347173E8,1.1002912E8,1.1139402E8,1.0745774E8,1.18150024E8,1.11088904E8,8.620409E7,7.833539E7,9.104389E7,1.2239402E8,0,
1727,721.3373074537832,6.972973,,,,,,,,,,,1.0669356E7,1.0850701E7,8921266.0,1.063502E7,7493213.0,3385671.2,3904137.0,4472124.0,2663863.8,2845086.5,2979769.8,2399874.5,3173324.2,4606832.5,4414068.5,5013355.0,4541110.5,4980444.5,5057270.5,3387752.0,2774470.0,3093062.0,4943839.0,0,
1728,331.1616063129222,6.9756556,,,,,,,,,,,4624929.5,4741724.5,3650158.8,4778419.5,3930788.8,3922916.8,4071574.5,4840791.5,4588848.0,3785023.8,4018792.0,3923382.2,3972140.8,4494314.5,3928534.0,4466130.5,4047286.0,4292457.0,4091954.5,3833548.8,3706236.0,4367226.0,4887542.0,0,
1729,398.2036637243026,6.9929,,,,,,,,,,,2634748.2,2721499.8,2659843.2,2690267.0,2882418.5,3660475.0,3865382.2,4273860.0,4408582.5,3621990.8,3577240.0,3688566.5,3884253.5,3707755.2,3569185.5,4203959.5,3580901.2,3876423.5,4236745.5,3813041.2,4157193.5,4474532.0,4100804.2,0,
1730,365.10571760246427,6.9855604,,,,,,,,,,,1.1647088E7,1.1858128E7,1.0792475E7,1.0800054E7,7715672.5,1.7230774E7,1.1043911E7,1.2489531E7,1.3724429E7,1.1406043E7,1.1277734E7,2841858.0,1.140394E7,1.0716434E7,1.0487421E7,1.1993356E7,1.1203896E7,1.1938231E7,1.2540181E7,2715572.2,1.1942137E7,1.1441693E7,1.1568167E7,0,
1731,343.12382329049154,6.9863453,,,,,,,,,,,2506403.0,3185940.5,2475195.2,2614612.2,2643573.2,2164174.8,2734955.0,2938311.0,3027744.5,2366704.5,2651853.0,2215740.2,2245195.8,2613423.2,2876863.2,2935706.8,2584186.2,2891003.0,2533103.8,2335088.5,2677104.8,2536540.8,2794536.8,0,
1732,387.1876498444093,6.9954185,,,,,,,,,,,6871703.0,7387247.5,6649639.0,6902227.0,3347201.0,5439320.5,5990712.5,6778319.0,6885192.0,4758288.5,5261876.0,4901689.0,5710233.5,5813833.5,6558881.0,6700873.0,6949031.0,6861953.0,7372824.0,6160122.0,7039598.5,6114255.0,6231007.0,0,
1733,278.1349275364711,7.002011,,,,,,,,,,,7819622.0,7736863.0,7298834.5,6653622.5,6169856.5,5572286.5,6674327.0,6987626.5,6081370.0,5355375.0,5489244.0,5172042.0,6197207.0,6283359.5,6763697.0,7136090.5,6514267.5,7184243.5,7637066.5,6534370.0,7629104.5,5665672.0,6900321.0,0,
1734,463.20406077545135,6.99992,,,,,,,,,,,3096694.2,3112911.5,3003944.0,2805347.2,3071331.8,3214405.2,3915671.0,4154718.8,4161331.5,3136327.8,3313341.5,3203360.2,3634302.0,4142004.2,3401894.0,3369182.8,3447975.8,3988657.0,4078405.8,3985568.2,4260317.0,3025955.8,3505162.0,0,
1735,886.4163553776355,7.0079327,,,,,,,,,,,1.8798558E7,2.0561538E7,1.8877666E7,1.8897764E7,1.8958824E7,1.962931E7,2.1238264E7,2.2098508E7,2.4280514E7,1.7935504E7,1.9669238E7,2.0207522E7,1.9502714E7,2.3323272E7,2.2394536E7,2.2763332E7,2.4570436E7,2.399623E7,2.6927634E7,2.3294042E7,2.6051742E7,2.0206786E7,2.0646532E7,0,
1736,908.3983628837454,7.0120425,,,,,,,,,,,3173106.2,3311188.8,3428202.2,3293859.8,2369588.0,3041886.5,3472920.5,3075863.8,3357165.2,3016315.2,3639135.5,3262150.0,3093809.5,3852778.0,3457376.2,3048303.2,3598052.2,3807468.8,4095497.5,3831475.8,3775035.2,3215273.5,3279759.0,0,
1737,749.3113540290117,7.016722,,,,,,,,,,,3136856.5,3497830.8,3302213.5,2984645.8,4256190.5,0,0,0,0,0,0,0,0,1538762.9,1374548.1,1291153.1,1228667.4,1348361.9,1881885.1,0,0,0,0,0,
1738,561.2518146533306,7.020639,,,,,,,,,,,5529268.5,5547588.5,4887490.5,4972082.0,5240879.5,2225765.0,2384606.2,2699259.2,1871904.5,2266875.0,2135288.5,1811214.8,2055662.0,3128993.0,3075562.8,3190379.5,2803745.8,3391969.5,3581550.0,2947770.8,2620839.5,0,2973194.5,0,
1739,443.7117049797635,7.0217457,,,,,,,,,,,2819073.0,2826274.5,2787435.2,2550188.2,2542602.5,2941991.2,2954577.8,2706642.0,3072199.8,2969680.8,3349961.2,2755352.8,2512489.0,3052245.0,3126792.8,3068522.5,3459889.5,3663645.2,3536773.8,3274112.8,2737441.5,3016568.2,3118105.0,0,
1740,421.1930568551316,7.025727,,,,,,,,,,,4753876.0,4666988.5,4457037.5,4119236.0,3859866.2,4222395.0,4483366.0,4465633.0,4226861.5,4284484.5,3946944.8,4361523.0,4116893.5,3987516.5,4148470.2,4349866.0,3680938.8,4438091.0,4523099.5,5084337.0,4498614.0,3984673.2,4788397.5,0,
1741,259.07231514100533,7.0306377,,,,,,,,,,,0,0,0,0,5194153.5,0,0,0,0,0,0,0,0,0,0,0,0,0,0,0,0,0,0,0,
1742,326.1825020731647,7.0329585,,,,,,,,,,,2197662.8,1980861.2,2282782.8,1888199.9,2760700.2,3354688.8,3423094.0,3721843.0,4033251.5,3394897.2,3338331.0,3117640.0,3667952.0,2919895.2,2857897.5,2897384.2,2982833.8,3104256.5,3195556.8,3971418.8,3563816.5,3507270.5,4046389.5,0,
1743,190.11875311943194,7.034771,,,,,,,,,,,4833952.5,4918558.0,4755402.0,4915620.5,4549233.0,5862440.0,5499631.0,6260381.5,5993726.5,5945046.0,5541450.0,6120377.0,5626932.0,5429492.0,5789763.0,5592350.5,5645268.5,5273297.5,5734540.0,6727205.0,6220635.5,5338719.0,6671500.5,0,
1744,315.1665086858848,7.0356956,,,,,,,,,,,7412127.5,6809250.0,7392642.5,7113594.0,7011510.0,7651668.0,7709788.0,8587295.0,9039042.0,8366141.0,7718494.0,8037787.0,8237942.0,7751018.5,8093320.5,8329245.5,7745476.0,7952940.5,8824291.0,9545747.0,9020124.0,7615341.0,9820367.0,0,
1745,173.09221954165466,7.035038,,,,,,,,,,,1271057.9,0,0,1093690.6,4692791.5,1320048.4,1407172.5,1431726.2,1443462.5,1412089.9,1365958.8,1234919.6,1394323.8,1212315.5,1247689.5,1208948.0,1219237.1,1311300.8,1577082.4,1605352.5,1469443.0,1367863.4,1534646.4,0,
1746,453.2461593750913,7.037124,,,,,,,,,,,6168549.0,6032982.0,6659612.5,5899190.0,5593366.0,6727820.5,6644603.5,7053685.0,7999970.5,7008566.5,6807012.5,6478168.5,7068744.5,6492150.0,6582494.5,6328521.5,6035647.0,6985306.0,7109630.5,8019468.5,7275083.5,6551645.5,7984879.0,0,
1747,665.2999239061035,7.0467496,,,,,,,,,,,5212291.0,5296273.0,5418297.0,4932605.5,5187945.5,2080023.9,2080144.8,2693246.0,1783878.1,2244002.2,2032513.2,1668944.4,2292396.2,3443751.2,3060610.0,3325383.5,3372020.8,3726536.8,3671716.0,2616740.2,2749635.5,2010243.2,3022778.0,0,
1748,359.19301406467196,7.0494957,,,,,,,,,,,3050106.0,3210048.2,2956331.8,3000201.0,2963115.2,3332088.5,3501113.5,4030578.5,4540566.5,3522266.8,3403348.0,3387173.5,4353004.5,3781133.8,3404526.2,3532980.0,3866391.0,4072678.0,3915944.8,4267897.5,3966320.2,3945542.2,4452583.0,0,
1749,237.090422447926,7.0503755,,,,,,,,,,,0,0,0,0,6.371107E7,0,0,0,0,0,0,0,0,0,0,0,0,0,0,0,0,0,0,0,
1750,494.2728359612341,7.056201,,,,,,,,,,,0,0,0,0,0,7744992.5,7049820.5,7925657.0,7973165.0,6635415.5,6408416.0,5978506.5,7136985.0,6224465.0,5573739.0,6281240.0,6269813.5,6520279.5,6327076.0,7105173.5,6648947.5,6895194.0,7514319.0,0,
1751,205.08213807054412,7.0563154,,,,,,,,,,,2989958.2,2983844.8,2671004.5,2640080.0,3851799.0,4521330.5,4786231.0,6065720.0,5542272.0,4486895.5,4655557.5,4459873.5,5524246.0,3814418.8,4026254.0,4279247.5,4718739.5,5099378.0,4675705.5,5547040.5,5536365.5,5315188.5,5995948.5,0,
1752,365.10566920886953,7.047663,,,,,,,,,,,1.2238942E7,1.2497324E7,1.1126824E7,1.1992244E7,1.1420458E7,1.5588465E7,1.4367946E7,1.5656311E7,1.4251594E7,1.5428272E7,1.4642312E7,1.197357E7,1.5552424E7,1.2318555E7,1.0599068E7,1.14078E7,1.1452172E7,1.1781442E7,1.0382014E7,1.506908E7,1.3289238E7,1.3340143E7,1.3780878E7,0,
1753,360.15080052268627,7.049374,,,,,,,,,,,1591073.4,1932302.1,1829908.4,1673362.4,2.1620882E7,2.3615296E7,2.3825658E7,2.6572688E7,2.3387914E7,2.4270434E7,2.4005264E7,2.1010968E7,2.5926552E7,1.7850812E7,1.6480389E7,1.7559084E7,1.724606E7,1.8016606E7,1.5528938E7,2.493789E7,2.2171704E7,2.3076652E7,2.277119E7,0,
1754,387.27169049356394,7.0696526,,,,,,,,,,,2104027.8,1669804.9,2757805.0,1594200.1,6771831.0,8845120.0,7891050.0,8354234.0,7068734.0,7507747.0,7439791.0,6592283.0,8182317.0,6461096.0,5526013.5,6164656.0,5748095.5,5395110.5,5529050.5,7200753.0,6253735.0,7016961.5,7194768.0,0,
1755,375.18796438208267,7.0690665,,,,,,,,,,,3707326.0,3579280.2,3063215.8,3032324.5,3473545.2,6024883.5,5672472.0,6185925.5,4933691.5,5800705.5,5406033.5,4856700.5,6146406.0,5001994.0,4973402.5,5381138.0,5124440.5,4811870.0,4659792.5,5472524.0,4944933.0,5256222.0,5238158.0,0,
1756,361.1604523084589,7.069535,,,,,,,,,,,2681405.8,2534606.0,2220775.8,2269231.5,2915253.2,4230774.5,4165752.5,4440616.5,3687386.8,4310607.5,3988411.5,3568706.2,4343903.0,3567434.0,3317378.2,3864314.2,3506791.0,3310092.2,3264416.8,3812208.5,3639522.2,3621740.8,3587451.5,0,
1757,159.0765261407269,7.069547,,,,,,,,,,,4043282.8,0,0,0,2.2318272E7,0,0,0,0,0,0,0,0,1903758.1,1979254.9,2121319.8,1923778.6,2008100.2,1930782.1,0,0,0,0,0,
1758,177.08706780320242,7.0697975,,,,,,,,,,,5345050.0,1867700.1,0,0,3.545181E7,0,0,0,0,0,0,0,0,2918446.8,2985896.8,3257265.8,2949228.0,3273526.2,2934184.2,0,0,0,0,0,
1759,519.2045229246921,7.069665,,,,,,,,,,,0,0,0,0,6158937.0,0,0,0,0,0,0,0,0,0,0,0,0,0,0,0,0,0,0,0,
1760,317.14570674433827,7.072073,,,,,,,,,,,6273581.0,6037269.0,2348621.2,4455583.5,0,0,1094499.8,1456394.6,0,1821043.0,0,0,1232980.2,2154935.0,1961027.2,2222729.2,2105356.2,1944246.8,1854287.1,2011107.6,1650091.1,1513770.8,1134129.6,0,
1761,546.2410779125556,7.078427,,,,,,,,,,,2.6391128E7,2.5164144E7,2.375045E7,2.380653E7,2.500437E7,2.5691294E7,2.4079116E7,2.8159674E7,2.357613E7,2.654194E7,2.3456028E7,2.583449E7,2.6354022E7,2.8108138E7,2.5980944E7,2.8327564E7,2.339346E7,2.7553218E7,2.5728034E7,2.3928252E7,2.4921014E7,2.553702E7,2.4055264E7,0,
1762,547.2445405958102,7.0779552,,,,,,,,,,,7622244.0,7831661.5,6778495.0,6628047.0,6582747.5,7019980.5,6255307.5,7638648.5,5959278.0,7833525.5,6913732.0,6627688.5,6690111.5,8242769.0,6622333.0,7161964.0,6572051.5,7053909.0,7208368.0,5970435.5,7115512.5,6877180.5,6385159.0,0,
1763,360.18767510074514,7.083837,,,,,,,,,,,1.7558492E7,1.8157896E7,1.8755862E7,1.9358792E7,2.1603866E7,9295518.0,8591391.0,9982519.0,6578843.5,8234569.0,7557922.0,7721730.5,9364891.0,1.3561277E7,1.2523774E7,1.3400181E7,1.0613532E7,1.3273362E7,1.3342692E7,9169270.0,9927600.0,8757716.0,1.0717092E7,0,
1764,568.2231340960184,7.084705,,,,,,,,,,,4318224.0,4382406.5,4072282.0,3801818.2,2691561.8,4235945.0,3554612.2,3665410.5,3784860.8,3705491.0,3754209.2,4098609.5,3725708.8,4625623.0,3808644.5,4333070.5,3107813.5,3879895.8,3847237.2,3519232.5,3799527.5,3659390.5,3613815.8,0,
1765,575.3407187012019,7.09742,,,,,,,,,,,2938464.8,2888377.8,2645883.2,2493761.2,2599856.8,2635946.0,2558291.0,2669981.5,3059398.0,2462333.8,2657335.8,3464161.2,2548067.0,3128951.5,2778722.8,2798663.0,2878886.0,3312848.2,2906692.8,2502340.2,3209639.8,2774559.5,2765359.5,0,
1766,435.208998451663,7.099052,,,,,,,,,,,1.0210089E7,9660627.0,8643414.0,8175953.0,1.022963E7,0,0,0,0,0,0,0,0,3592994.8,3084998.2,3523621.2,3494529.0,3807480.5,3564890.5,0,0,0,0,0,
1767,414.27132336148355,7.101747,,,,,,,,,,,4118893.2,3567092.2,4658611.0,3457501.5,6297144.0,6428014.5,6286632.0,6030071.0,7217993.5,4841582.0,6118008.5,7401021.5,5704250.0,5745179.0,5170071.0,5552580.5,6054631.5,6068563.0,5516270.5,5855810.5,6617855.0,6715228.5,6297404.0,0,
1768,289.13945375532506,7.105008,,,,,,,,,,,4545399.5,3633698.0,3696858.8,3590742.8,4215954.5,4681244.0,4356723.5,4442534.5,4961830.5,3898652.2,4277016.0,5021815.5,4092623.2,3693114.2,3491381.5,4271141.0,4464050.0,3878105.0,3767245.2,4253287.0,4540469.0,4803616.0,4033908.8,0,
1769,249.10822089818853,7.1109314,,,,,,,,,,,7075742.5,3846327.2,3458093.8,3398438.5,3.0824318E7,6263199.5,5741618.5,8049909.5,3657200.5,3812883.0,4030367.8,3859094.2,3921831.0,6262929.5,6189658.5,6723044.5,7806846.0,6851198.5,6922175.0,6572504.5,7245476.0,6453599.0,6294074.0,0,
1770,357.24983785170195,7.1157327,,,,,,,,,,,7482012.5,5560771.0,5071655.0,5491498.5,3035811.8,4268862.5,3568007.2,4298948.0,4097084.5,3641653.2,4215505.5,4493258.5,3589878.8,4628960.5,4259769.5,4370935.5,5126707.0,4385993.5,4670314.5,4239736.0,4684273.5,4580023.0,4856891.0,0,
1771,206.1520677254473,7.1219635,,,,,,,,,,,8653947.0,6639370.0,7636435.5,6319520.0,7689247.0,8195620.0,7280738.0,8228065.0,8026410.0,7451126.5,7942498.5,8293645.0,7615557.5,7152933.0,6690735.5,7140225.0,8089644.5,7449819.0,8065229.5,7687466.5,8285833.0,8582497.0,8621353.0,0,
1772,362.15577526307345,7.12846,,,,,,,,,,,4115587.8,3063460.0,3378704.2,3351965.0,2308444.5,3665442.0,3347389.2,3703861.0,3548780.8,3426534.8,3297578.5,3862707.5,3313640.0,3397418.0,3142343.2,2863049.2,4091230.0,3595640.5,3829080.2,2926453.8,4244048.0,3536502.5,4081759.0,0,
1773,231.09760005245863,7.1430097,,,,,,,,,,,2980262.8,1738267.0,1201059.5,1710282.5,1.450503E7,0,0,0,0,0,0,0,0,1658363.6,1529174.1,1805323.9,2017156.4,1821357.8,1776128.5,0,0,0,0,0,
1774,293.1343366886798,7.1398797,,,,,,,,,,,0,0,0,0,0,5045239.5,4749979.5,5681822.0,2390333.0,3006578.2,2448864.0,2232593.0,4312548.0,2335580.2,2253914.5,2618470.0,3180431.5,3734884.2,3526209.0,5268553.0,5747108.0,4634235.5,6347719.5,0,
1775,675.2838757464378,7.142687,,,,,,,,,,,2268537.8,2048397.5,2378135.8,2402682.5,2142341.8,2727865.5,2503341.0,2313278.2,2181821.5,2760720.2,2046862.4,2331223.2,1876059.6,1845955.9,2077659.0,2267434.0,2670742.2,2720631.0,2610983.8,2422180.8,2694472.5,2438432.0,2503717.8,0,
1776,672.2777101157117,7.145457,,,,,,,,,,,1.1773103E7,1.2171695E7,1.4034172E7,1.5290545E7,0,0,0,0,0,0,0,0,0,0,0,0,1363619.1,0,0,0,0,0,0,0,
1777,551.2938330330971,7.1475816,,,,,,,,,,,7853491.5,5720194.5,5886720.0,5648451.0,1.1401208E7,0,0,0,0,0,0,0,0,2320770.5,2224801.5,2257995.5,2723645.0,2523723.2,2498346.0,0,0,0,0,0,
1778,600.2992329273245,7.148409,,,,,,,,,,,1.9138352E7,2.0893706E7,2.4036266E7,2.331733E7,2.3783802E7,3.1269204E7,2.395794E7,2.4626826E7,2.06806E7,2.7841932E7,2.3513116E7,2.2519234E7,1.7481988E7,1.9177492E7,1.966135E7,2.2325984E7,2.732579E7,2.3752008E7,2.2245124E7,2.5842056E7,2.2757214E7,2.5326622E7,2.4023858E7,0,
1779,398.20366342740573,7.1561856,,,,,,,,,,,5432304.5,4917270.5,5745250.0,5524029.0,5744181.0,7635696.0,6228756.0,6594666.0,5970563.0,6457665.5,5893667.0,6424054.5,5218437.0,4713625.5,5912059.5,5840802.0,5841285.0,5709762.0,5959420.5,6240860.5,6042659.0,5839180.5,6394276.5,0,
1780,547.321674676455,7.1661277,,,,,,,,,,,5919385.5,4994954.5,6688062.5,6313733.5,8197829.5,1.3767061E7,1.1213632E7,1.137624E7,1.1149226E7,1.1178075E7,1.1454881E7,8922504.0,1.0137242E7,8615453.0,9451845.0,9594202.0,8787116.0,8902518.0,8258433.0,1.0355491E7,8582951.0,1.0137085E7,1.0401307E7,0,
1781,489.2306416877226,7.1843514,,,,,,,,,,,8053909.0,5600752.0,5360067.0,5021443.0,3.1665436E7,0,0,1662977.1,2374037.2,0,0,0,0,2292327.5,2846493.8,3199636.0,2905343.8,2750021.8,2520322.8,0,1597854.1,0,0,0,
1782,263.17347874763317,7.167783,,,,,,,,,,,1.705317E7,2.0764418E7,2.5331208E7,2.0666466E7,3.0873322E7,3.7337336E7,3.1770462E7,3.2574564E7,3.2725394E7,3.008741E7,3.1459486E7,3.0924662E7,3.047478E7,2.7009366E7,3.0092382E7,3.4081628E7,2.8754324E7,2.820627E7,2.7059798E7,2.9834164E7,2.8830172E7,3.188359E7,3.0924582E7,0,
1783,527.3442840543621,7.169237,,,,,,,,,,,1.5268209E7,1.3734605E7,1.7786552E7,1.6563658E7,2.5996572E7,2.8989114E7,2.5191822E7,2.6509212E7,2.3275904E7,2.4129506E7,2.3662542E7,2.0595188E7,2.0977896E7,2.2174638E7,2.3851992E7,2.3768712E7,2.281917E7,2.131345E7,2.0500352E7,2.23828E7,2.2400458E7,2.3179366E7,2.2262206E7,0,
1784,525.3403662835307,7.169632,,,,,,,,,,,2.923389E8,2.6587243E8,3.3933616E8,3.1551587E8,5.0235888E8,5.612991E8,4.8828813E8,5.0509994E8,4.483207E8,4.6569312E8,4.5877408E8,3.9217203E8,4.0147677E8,4.2798592E8,4.6375814E8,4.603963E8,4.321671E8,4.0733725E8,3.9337978E8,4.4200435E8,4.3462218E8,4.487269E8,4.463094E8,0,
1785,359.26535847293746,7.1701508,,,,,,,,,,,9303486.0,7251112.5,9478231.0,8068912.5,1.543079E7,1.5529787E7,1.3263917E7,1.4655589E7,1.1800967E7,1.2854308E7,1.3649303E7,1.1351968E7,1.1462237E7,1.0421393E7,1.286376E7,1.3063235E7,1.1747935E7,1.1428326E7,1.0948923E7,1.2475109E7,9905746.0,1.2286818E7,1.2496244E7,0,
1786,526.3414191651284,7.1693025,,,,,,,,,,,8.6607944E7,7.964799E7,1.0092904E8,9.390444E7,1.5050587E8,1.781292E8,1.4926256E8,1.5879758E8,1.376959E8,1.4777566E8,1.4638973E8,0,1.3518176E8,1.4696022E8,1.4179746E8,1.5643027E8,1.2915102E8,1.4245987E8,1.2139775E8,1.3311588E8,1.3452864E8,1.6066264E8,1.3492989E8,0,
1787,185.12849378355358,7.1708508,,,,,,,,,,,5606143.0,6650997.0,7971088.0,6564043.0,9572609.0,1.1622333E7,9905339.0,1.0219453E7,1.0266941E7,9320171.0,9774094.0,9750379.0,9380343.0,8689498.0,9317071.0,1.0644661E7,8919266.0,8622577.0,8317578.0,9390026.0,9048235.0,1.0373075E7,9573143.0,0,
1788,375.2238197604764,7.17187,,,,,,,,,,,1.6682482E7,1.3883518E7,1.547695E7,1.5493675E7,9927735.0,1.9023964E7,1.6507007E7,1.8621534E7,1.5169321E7,1.535462E7,1.4687185E7,1.6052944E7,1.4909991E7,1.3107037E7,1.5454482E7,1.5278136E7,1.20408E7,1.5986398E7,1.4437442E7,1.3381745E7,1.2829682E7,1.406681E7,1.6637147E7,0,
1789,341.21836765444544,7.172231,,,,,,,,,,,4.5542868E7,4.2260936E7,4.592759E7,4.5077296E7,5.990046E7,7.2952104E7,6.467105E7,6.833796E7,6.1301612E7,6.1407788E7,6.2903516E7,5.6936236E7,5.799773E7,5.9354644E7,6.5471668E7,6.471675E7,5.891522E7,5.78942E7,5.620599E7,6.141038E7,5.8910492E7,6.334385E7,6.2061572E7,0,
1790,157.13360047857878,7.1725984,,,,,,,,,,,3788607.8,4268550.0,5571969.5,4592065.5,6659375.5,8254641.5,6778140.0,6978780.5,6780981.5,6393112.0,6998098.0,6624128.0,6406358.5,6083669.5,6648717.0,7395003.5,6112544.0,6161661.0,5833815.5,6320463.0,6131059.5,7064059.0,6651403.5,0,
1791,234.10840469327186,7.1767826,,,,,,,,,,,0,0,0,0,8361494.5,0,0,0,0,0,0,0,0,0,0,0,0,0,0,0,0,0,0,0,
1792,244.16557480755958,7.1771936,,,,,,,,,,,3235660.2,2418430.5,2017983.9,2255417.8,1755489.4,2820357.5,2590597.2,2549447.0,2521063.0,2619811.8,2532031.0,2180574.0,2197883.0,2831638.0,2994199.5,2873720.2,2579164.8,2342635.2,2562510.8,2703843.5,2799271.5,2450921.0,2449323.0,0,
1793,693.294140093453,7.1805606,,,,,,,,,,,4665179.0,3386446.5,3866540.0,4284478.0,2862885.5,4097928.2,4219050.0,3949929.8,3550800.0,2930450.8,3514413.5,3120696.0,3204410.0,3953169.8,3638547.2,3426076.8,3306914.0,3666766.0,4126269.5,3200428.8,3230324.2,2934488.0,3876922.2,0,
1794,455.30561335735945,7.2095337,,,,,,,,,,,3.522844E7,2.7557194E7,1.8936264E7,2.660043E7,2054381.1,1.5042991E7,1.6319336E7,1.753618E7,1.6224402E7,1.445783E7,1.7109644E7,1.497607E7,1.5085927E7,2.1360304E7,2.1148454E7,2.2253142E7,2.1260972E7,2.0197152E7,1.8817958E7,1.8530006E7,1.8681886E7,1.7230872E7,1.563886E7,0,
1795,259.12890599665565,7.1992736,,,,,,,,,,,4544357.5,4292547.0,4465139.5,4208524.0,3583813.8,3476349.5,3918335.2,4132986.0,4104947.0,3347014.2,4054990.0,3900619.0,3515375.8,3468242.2,3589510.0,3391549.2,3766510.8,3577756.2,4478426.0,3693688.2,4424900.5,3419203.5,3955233.5,0,
1796,462.2193451290909,7.2004666,,,,,,,,,,,1.534193E7,1.499935E7,1.6566005E7,1.597658E7,1.5178335E7,7069586.0,8909766.0,1.1139247E7,6682901.5,7277932.0,9765124.0,6780602.5,7195793.5,1.2552036E7,1.0574611E7,1.0454175E7,1.1078769E7,8502908.0,1.0386228E7,9835813.0,1.0896015E7,7639214.0,8800003.0,0,
1797,227.65482960288153,7.200467,,,,,,,,,,,1.9744204E7,1.6732386E7,1.1435523E7,1.5239083E7,1443292.9,9259966.0,9025507.0,1.0372322E7,8928927.0,8919843.0,1.0221224E7,8938896.0,9406211.0,1.2066064E7,1.2308746E7,1.2963246E7,1.17355E7,1.2625853E7,1.3110592E7,1.1981939E7,1.1355576E7,9409954.0,9057758.0,0,
1798,454.3025220787575,7.2061687,,,,,,,,,,,1.3453322E8,9.9056264E7,6.7257064E7,8.758431E7,7986139.5,5.8038344E7,5.919622E7,6.696086E7,6.003183E7,5.118861E7,6.0007364E7,5.297065E7,5.3928244E7,8.345535E7,7.917017E7,7.447858E7,7.539077E7,7.2758456E7,7.151918E7,6.944176E7,7.2591736E7,5.9337396E7,5.6077644E7,0,
1799,446.2434196241735,7.2120714,,,,,,,,,,,6551198.5,5874025.0,6069518.5,6069874.0,6061284.5,6765548.5,6479581.5,7395571.0,7118048.5,6007375.0,6903742.5,5983536.5,6282352.5,6624590.0,6324980.0,6538739.0,6234882.5,6154398.0,6291894.0,6356164.5,7075109.0,6121294.0,6334037.5,0,
1800,267.1009871957797,7.2151117,,,,,,,,,,,0,0,0,0,5482827.5,0,0,0,0,0,0,0,0,0,0,0,0,0,0,0,0,0,0,0,
1801,631.2758438466809,7.226961,,,,,,,,,,,2.3690688E7,2.2472768E7,2.5912128E7,2.3874362E7,2.8303342E7,2.4924228E7,2.6410502E7,3.1029598E7,2.9835036E7,2.4874354E7,2.8755338E7,2.6740228E7,2.7140318E7,2.8231104E7,2.8032362E7,2.7996274E7,2.7610478E7,2.6431052E7,2.6230194E7,2.744146E7,3.0254006E7,2.7475138E7,2.6610908E7,0,
1802,198.08488957730557,7.2332454,,,,,,,,,,,1.2391735E7,9333004.0,1.2070053E7,1.0044631E7,1822764.6,7775284.5,8353738.5,8852425.0,2525714.0,2836454.2,3112255.8,1843983.1,7705333.5,7407427.0,7299003.0,6224693.0,7263890.5,8054719.0,7011741.0,8342978.0,8752593.0,9206770.0,8601202.0,0,
1803,176.10291159534773,7.2328453,,,,,,,,,,,1.3770525E8,1.0034914E8,1.1603535E8,1.0530708E8,1.1834878E7,7.762967E7,7.883321E7,8.542554E7,1.8776668E7,2.2500078E7,2.6126056E7,1.4790372E7,6.764102E7,6.4266564E7,7.4488264E7,6.149853E7,7.274014E7,8.329513E7,6.6757616E7,7.346392E7,9.095801E7,8.612542E7,8.436951E7,0,
1804,159.0763772344039,7.233224,,,,,,,,,,,8.5332744E7,6.4178624E7,7.203821E7,6.6229644E7,8404980.0,4.8243856E7,5.0125572E7,5.352438E7,1.1982978E7,1.4148368E7,1.6484829E7,9154733.0,4.235125E7,4.0839412E7,4.6959804E7,3.943383E7,4.5664788E7,5.2001532E7,4.338721E7,4.674889E7,5.610824E7,5.6318428E7,5.381664E7,0,
1805,383.15364245344955,7.2420335,,,,,,,,,,,2154693.0,2742188.0,2979537.0,3117403.2,1487218.4,5576107.5,5514854.5,5877839.0,8279330.0,6645561.5,6807900.5,6754671.5,5213707.0,5028183.5,4215447.5,4430002.5,4317889.5,4187603.5,4726236.0,5028870.5,5469776.5,4947313.0,4823656.0,0,
1806,361.1716300550365,7.2420335,,,,,,,,,,,2.8027474E7,3.1005086E7,3.4999676E7,3.8005504E7,1.3146155E7,6.0637256E7,6.0515264E7,6.4855316E7,7.4312024E7,5.991935E7,6.195294E7,6.295888E7,5.413687E7,5.3551876E7,5.1647596E7,4.9618136E7,5.2609996E7,5.030882E7,5.1902428E7,5.714507E7,6.3866748E7,5.805798E7,5.3259536E7,0,
1807,398.2220856605838,7.244054,,,,,,,,,,,1.3574609E7,1.539221E7,1.5427284E7,1.7950014E7,6701371.5,2.792593E7,2.374893E7,2.6606096E7,3.4308772E7,2.4511786E7,2.370596E7,2.3925726E7,2.3357162E7,2.2514776E7,2.0309216E7,2.3130916E7,2.3272544E7,2.0450542E7,2.4250506E7,2.271396E7,2.5207712E7,2.6155742E7,2.3046632E7,0,
1808,397.2193747937132,7.2428374,,,,,,,,,,,6.5372868E7,7.943564E7,7.888454E7,8.8699624E7,3.3648828E7,1.2893371E8,1.2131064E8,1.3852646E8,1.572372E8,1.1300662E8,1.1858552E8,1.1407491E8,1.0693538E8,1.0998169E8,9.9118824E7,1.14152424E8,1.0444255E8,9.981017E7,1.102481E8,1.1788291E8,1.32957656E8,1.2126346E8,1.1190125E8,0,
1809,407.2209765893582,7.2442765,,,,,,,,,,,0,1489471.5,1599164.8,1449586.8,0,6525475.5,6995822.0,7561139.0,7956211.0,6456262.0,6890829.5,6352031.5,6188712.5,5582753.5,5283369.5,5639650.0,5696751.0,5414632.5,5845217.5,6159998.5,7636622.5,6523687.0,6553968.5,0,
1810,340.1979527516385,7.2449017,,,,,,,,,,,1.6094583E7,1.3305731E7,1.2229687E7,1.2627588E7,1.5287272E7,1.0352733E7,1.0206971E7,1.2834876E7,1.0625957E7,8425125.0,8539890.0,7653644.0,9006686.0,1.3601026E7,1.2667245E7,1.4015795E7,1.2770179E7,1.220282E7,1.3538371E7,1.2027655E7,1.1566638E7,1.010141E7,1.0788432E7,0,
1811,362.175202040211,7.240467,,,,,,,,,,,4580820.5,4642987.0,5230409.5,6305692.0,1831161.6,1.0391956E7,9158088.0,1.0356674E7,1.2546885E7,8868786.0,9132432.0,9504231.0,7982188.5,8792644.0,7434592.0,7342844.5,9098041.0,7126388.5,8880069.0,8714021.0,1.0001669E7,9093790.0,8728363.0,0,
1812,813.4356349339582,7.246393,,,,,,,,,,,0,0,0,0,0,4267400.5,4357449.0,4957009.0,5159977.0,4550120.0,4784800.0,4249753.0,4091835.0,3762059.2,3292640.8,3850665.2,3648527.0,3573982.2,3712106.2,4422897.5,4330741.0,4406288.0,4156166.8,0,
1813,419.2011737903597,7.2464843,,,,,,,,,,,2725918.0,3133144.5,2959531.2,3272223.5,1548887.8,5345071.5,4732454.5,5685969.0,6626174.5,5411209.5,5549372.5,4992182.0,4723005.5,4382280.5,3738257.0,4342247.5,3891959.8,3835478.0,4195196.0,4556766.0,5175053.5,4838905.0,4404506.5,0,
1814,490.2145511805643,7.2481413,,,,,,,,,,,6602354.5,6638971.0,5025173.0,6150783.0,4680972.0,6432225.5,5897409.0,6636645.5,6959973.0,6532845.0,5866023.5,5672687.0,5496994.5,6483098.5,5656350.5,6915868.5,6130725.0,6389172.0,6521787.0,5639783.0,6512334.0,5494650.0,5916505.5,0,
1815,263.63455593944565,7.2506766,,,,,,,,,,,7225396.0,8179617.5,6715026.5,7240484.0,9821149.0,6930772.0,7084788.0,7707737.0,7658573.0,7588775.0,6967194.5,6505646.0,6809897.0,7702678.5,7392934.5,8512140.0,8253047.5,6751305.0,7913951.5,6284579.5,7800825.0,6633755.5,7961114.0,0,
1816,596.3770557144591,7.2603683,,,,,,,,,,,3069715.8,4235525.5,4994724.0,4329290.5,6676916.0,0,2162893.0,2084439.9,0,1547191.4,2116968.0,1733294.4,2046419.9,2126347.8,0,1807529.4,1859629.4,2044176.8,1881780.6,1807666.8,2149780.2,2037153.8,1770760.8,0,
1817,254.6292661424643,7.269777,,,,,,,,,,,7666047.5,8825203.0,7607759.5,7447190.0,1.0181999E7,7031607.0,6633918.0,7878815.0,6565854.0,7554867.5,6761523.5,7574809.5,7231296.5,7435681.5,7145781.5,9347161.0,8420158.0,7577623.0,8551894.0,6870824.5,7610663.0,6701664.0,8820350.0,0,
1818,526.2624701372899,7.2719607,,,,,,,,,,,1.06060664E8,1.1733237E8,9.73578E7,1.0669451E8,1.3083892E8,9.7247944E7,8.1935016E7,9.9572696E7,9.183631E7,1.0368929E8,8.716566E7,9.797502E7,9.612937E7,1.0779892E8,9.157212E7,1.1547301E8,1.1098824E8,1.0486987E8,1.1499822E8,8.9131416E7,1.0476729E8,9.3411304E7,1.11125256E8,0,
1819,527.2644573607349,7.272432,,,,,,,,,,,2.7402312E7,3.1761384E7,2.5215902E7,2.8832968E7,3.531172E7,2.5989074E7,2.1734064E7,2.5969514E7,2.4298408E7,2.7582838E7,2.3291804E7,2.6075548E7,2.5476944E7,2.801739E7,2.3708374E7,3.0374284E7,2.9788232E7,2.7817844E7,3.0265822E7,2.3209482E7,2.759586E7,2.4497072E7,2.943116E7,0,
1820,521.2781807907335,7.273288,,,,,,,,,,,6642088.0,7393495.5,6325711.0,6046925.0,6973695.5,0,0,0,0,0,0,0,0,2461501.5,2449972.0,2892143.8,2612901.0,3144303.0,2605247.2,0,0,0,0,0,
1821,548.2438777437128,7.274102,,,,,,,,,,,3373302.2,4200864.5,3437193.2,3573325.2,5267992.0,3459305.0,3168731.5,3743367.5,3761670.2,4267511.0,3523495.2,3784021.2,3671165.8,3663045.0,2953541.5,4030715.8,3891773.2,3903383.0,4181456.8,3410383.0,3775122.5,3462582.8,4257590.0,0,
1822,235.0923871875557,7.2797346,,,,,,,,,,,4416189.0,4177518.8,4524413.0,4594747.0,3362307.0,9389962.0,9191405.0,1.0043473E7,1.1529319E7,1.0470288E7,9263583.0,1.0625655E7,9393872.0,7995927.5,7225478.5,7821396.0,8440861.0,8586046.0,7956095.0,9402488.0,1.140662E7,1.0398516E7,8993693.0,0,
1823,269.16079334969413,7.283557,,,,,,,,,,,0,0,0,0,1.402168E8,0,0,0,0,0,0,0,0,0,0,0,0,0,0,0,0,0,0,0,
1824,366.132940789203,7.288084,,,,,,,,,,,4336413.5,4536819.5,4843677.5,4614352.0,3968036.0,4767767.5,4686502.5,5580267.0,5574920.5,4553206.0,4341207.0,5145507.0,4773311.0,4021657.8,4255723.0,3861717.8,5030314.0,5584986.5,4469156.0,3831064.5,5296763.5,4812187.5,4774249.0,0,
1825,414.2710716451165,7.292337,,,,,,,,,,,4473155.0,4948777.5,4664396.5,4431895.5,5142843.5,5248716.5,5907592.5,7018343.0,6056831.0,5264227.0,5447391.5,5477164.0,6513423.0,5098985.5,5140396.0,5881706.0,5933537.5,6464403.0,5304743.0,5269584.0,5744197.5,5316995.0,5708408.0,0,
1826,205.08193840822696,7.3300242,,,,,,,,,,,1493035.0,1723588.0,1594379.8,1452155.6,7075804.0,1330610.1,1132820.2,0,0,0,0,0,0,975986.5,1052734.0,1060437.5,1242833.2,1226501.0,0,1256762.4,1118959.8,0,0,0,
1827,582.2174291685001,7.2990093,,,,,,,,,,,4803710.0,5603168.0,6228742.0,6259934.5,0,6104851.0,7537607.0,8349087.5,8723703.0,6187465.5,5953483.0,7410836.5,7692288.0,4786080.5,5072818.0,5697752.0,6090513.0,8368010.5,6888706.0,5435551.0,7578633.5,5550006.0,7087540.5,0,
1828,700.326313991383,7.305376,,,,,,,,,,,3871962.0,4309652.0,4624878.5,4433931.5,3771218.2,2915657.5,4218041.5,4343502.5,3155218.2,3232640.0,3100474.5,3024575.0,3870909.5,3783341.2,3862028.2,4040425.2,4475885.5,5026772.0,4174611.2,3286129.2,3565790.5,3104542.2,3811785.5,0,
1829,384.18759215368686,7.315965,,,,,,,,,,,3710240.0,3919628.5,4228315.5,3901088.5,2950230.0,4557621.0,5259083.5,5606244.5,4603531.5,4464932.5,4534944.5,4364730.5,5567855.0,4219976.5,4275593.5,4696620.5,5124681.0,5302172.0,4711050.0,4638182.5,4414946.5,4244525.0,5031934.5,0,
1830,389.16672841023,7.319949,,,,,,,,,,,4516938.5,4645273.0,4637974.5,4509014.0,2470501.2,5131339.5,5376059.0,5985476.5,5711044.0,5277877.0,5289378.0,4866555.0,6720637.0,3824675.2,4108164.5,4208733.0,5642517.5,5761139.5,5579731.5,4674537.0,5217738.0,4457670.5,6242297.5,0,
1831,561.2514125278884,7.318728,,,,,,,,,,,2.896648E7,2.864874E7,2.8642542E7,2.5491982E7,3.169803E7,0,1177000.8,1643944.5,0,0,0,0,1115600.5,8934766.0,8112196.0,9009657.0,1.0142461E7,9366699.0,8720933.0,1490565.8,0,0,1952986.8,0,
1832,201.0871160027101,7.3218546,,,,,,,,,,,0,0,0,0,5290486.5,0,0,0,0,0,0,0,0,0,0,0,0,0,0,0,0,0,0,0,
1833,218.11362182068467,7.3218546,,,,,,,,,,,0,0,0,0,7.135695E7,0,0,0,0,0,0,0,0,0,0,0,0,0,0,0,0,0,0,0,
1834,453.2458874447566,7.323594,,,,,,,,,,,3031059.5,2989636.8,3793086.0,0,3327938.5,0,4717074.0,5321721.0,4618294.5,4326320.5,4448856.5,5107599.5,5098984.5,3765818.5,3738412.0,3970461.5,4574419.5,4619565.0,4471968.5,3900020.5,4288250.0,4267982.5,4549534.0,0,
1835,240.09547309096928,7.3218546,,,,,,,,,,,0,0,0,0,1.1472558E7,0,0,0,0,0,0,0,0,0,0,0,0,0,0,0,0,0,0,0,
1836,326.18226505300277,7.3250356,,,,,,,,,,,4003968.5,3753534.5,4585990.5,4013604.8,4926805.5,4623930.5,4547306.5,4961059.5,4409874.5,4385831.0,4585019.5,4235018.5,4889451.0,4125861.5,3858976.5,4314875.0,5111441.0,4245863.5,4480596.5,4514519.5,4845007.5,4165365.2,4992538.5,0,
1837,568.8376835830448,7.33073,,,,,,,,,,,2.8982958E7,3.783638E7,3.8755796E7,3.839015E7,4.505234E7,1374872.4,1594748.0,2627170.2,0,2674252.2,1804437.5,1345317.9,1737456.2,7944580.5,7761050.5,7920282.5,9722502.0,9121772.0,9095942.0,2616475.5,3053662.5,1648291.2,3251846.0,0,
1838,357.2496188903168,7.3314085,,,,,,,,,,,4699381.0,4269135.0,3453159.8,3832806.0,2130651.0,3411846.5,0,3420457.5,3220289.5,2874458.8,3257207.5,2918925.8,3282905.2,3014031.8,3318493.2,3351715.0,3441788.8,3683119.0,3416530.0,3449537.5,3254484.0,2777252.8,2860930.5,0,
1839,348.14004573195723,7.3345594,,,,,,,,,,,7296592.5,7629438.5,7785527.5,7453369.0,6606093.5,8392688.0,7046566.0,8316999.0,7229621.0,7592348.0,7582628.0,7770681.0,7679927.5,6979706.5,7424639.0,6864558.5,9003819.0,7627920.0,7922307.0,7142303.5,8210209.5,7296250.0,7022259.5,0,
1840,331.161186564174,7.334848,,,,,,,,,,,2.8576898E7,2.9554154E7,2.9814646E7,2.9915356E7,2.4554806E7,3.1442504E7,2.5539796E7,3.3028108E7,2.9324374E7,3.207066E7,2.9336542E7,3.328229E7,3.0165612E7,2.4542896E7,2.5546212E7,2.599211E7,3.547418E7,3.082598E7,3.2994232E7,2.8433424E7,3.3042566E7,2.937842E7,2.9714346E7,0,
1841,373.17181988268857,7.334848,,,,,,,,,,,2.1470038E7,2.2798892E7,2.3127218E7,2.1563668E7,1.8001374E7,2.228295E7,1.774673E7,2.3180004E7,2.086063E7,2.1392502E7,2.0712344E7,2.1836946E7,2.1381018E7,1.8333148E7,1.9005388E7,1.8703264E7,2.5151444E7,2.0957408E7,2.2298682E7,1.9745856E7,2.2582292E7,2.0147734E7,2.0380092E7,0,
1842,635.3222793914903,7.336639,,,,,,,,,,,1.3392322E7,9401204.0,6095183.5,7623745.5,2929998.5,7529753.0,7532171.0,8507642.0,8242996.5,6927123.5,7290392.5,7411385.0,7753926.0,7501697.5,7572920.0,8138211.0,9327476.0,9672801.0,1.0024881E7,7610087.5,7940957.0,7104770.5,7533125.5,0,
1843,348.07035965992,7.347626,,,,,,,,,,,8405255.0,9131026.0,9372180.0,9649763.0,6817435.5,8652993.0,8440621.0,9664333.0,8149007.5,9496402.0,7842333.0,8217612.5,9558794.0,8172681.5,7968916.5,8518118.0,8576553.0,9268140.0,9307503.0,7593176.0,8481897.0,7681739.5,9306878.0,0,
1844,318.1648413389565,7.347381,,,,,,,,,,,6196259.5,4465559.5,3078597.5,3744811.0,1536351.0,4085383.8,3725175.5,3910320.0,3879685.8,3834704.2,3857725.8,4023293.8,3902719.8,3824741.5,4299636.5,4335998.5,4610759.0,4534689.0,4708474.0,4176837.8,4109926.2,4121588.0,3857692.0,0,
1845,207.09763138397,7.347648,,,,,,,,,,,2700642.5,3340444.5,3128863.5,3144093.8,2.2235742E7,2879470.0,2259795.5,2642472.5,2544737.5,2910383.2,2611125.0,2996752.0,2556415.8,2681732.8,2854289.8,3063598.0,3509238.8,3547240.5,3956856.2,2588008.0,2868033.0,2522161.8,2368684.0,0,
1846,203.15039663392105,7.348447,,,,,,,,,,,3.7624136E7,3.383908E7,3.5081744E7,3.0788134E7,4.7873536E7,4.8263216E7,4.2286996E7,4.889564E7,4.325424E7,3.9055684E7,3.792606E7,4.4412716E7,4.307733E7,3.2349974E7,3.548438E7,3.700662E7,4.3955516E7,4.5855068E7,4.9652576E7,4.750088E7,4.8734092E7,4.8853916E7,4.2212016E7,0,
1847,428.2869055783588,7.374373,,,,,,,,,,,0,3682963.5,0,3492293.8,3576554.2,5142336.0,0,4780864.5,5212683.0,4127117.5,5236782.0,4684270.5,4953801.0,4021670.5,5541828.5,4231610.0,5019126.5,4384382.5,4807223.5,4258934.0,4471590.0,4707568.0,4480299.0,0,
1848,255.14521204068856,7.358804,,,,,,,,,,,0,0,0,0,4.7637428E7,0,0,0,0,0,0,0,0,0,1135854.2,1210050.2,1265289.5,1239084.8,1218170.9,0,0,0,0,0,
1849,1136.6677922394686,7.350274,,,,,,,,,,,3829300.2,5514200.0,5248809.0,5552949.0,7009123.0,0,0,0,0,0,0,0,0,0,1224707.0,0,1525964.0,1207796.2,1560142.1,0,0,0,0,0,
1850,370.20861150559756,7.3618793,,,,,,,,,,,1988734.4,1654590.1,2740258.8,2233772.2,6744878.5,6389758.0,5738056.0,4956507.0,4712004.5,5386559.0,5557438.0,4905772.5,5099006.0,3840288.8,4326144.0,4257819.5,4670903.0,4511577.5,5275186.5,5128850.0,4756164.5,4773226.0,4963263.0,0,
1851,216.06332944272944,7.369467,,,,,,,,,,,0,0,0,0,2.6937404E7,0,0,0,0,0,0,0,0,0,0,0,0,0,0,0,0,0,0,0,
1852,277.1031302831301,7.3710055,,,,,,,,,,,5.31572E7,5.4714772E7,5.6844784E7,6.714697E7,3.350866E7,7.735201E7,7.691908E7,6.6698664E7,6.705422E7,7.8567624E7,7.050246E7,6.3162724E7,7.626276E7,6.047368E7,6.6737024E7,6.517116E7,6.2573616E7,6.476092E7,7.901876E7,7.403239E7,7.37271E7,6.4136136E7,7.7611896E7,0,
1853,241.08191785164058,7.3710666,,,,,,,,,,,4265765.5,3656014.5,3749951.5,5076662.5,2252913.0,5114394.0,5426264.0,4399369.0,4854138.0,5260008.5,5021820.5,4215197.0,4946696.5,4445375.0,4356827.0,4471599.5,4101656.5,4183698.5,5644190.0,5570872.0,5576125.0,4538431.5,5086852.0,0,
1854,259.0925938841742,7.3710747,,,,,,,,,,,3.30526E7,3.0457354E7,3.1264788E7,4.0914764E7,1.870363E7,4.2324484E7,4.3696524E7,3.769524E7,3.947588E7,4.3517244E7,4.031038E7,3.5127532E7,4.0860616E7,3.5315584E7,3.6763796E7,3.6435716E7,3.4292576E7,3.519448E7,4.4944812E7,4.3931216E7,4.42321E7,3.6659656E7,4.302352E7,0,
1855,476.19913239837626,7.375765,,,,,,,,,,,4.7359104E7,3.9825572E7,3.7998012E7,4.9476388E7,4.587715E7,3.5712164E7,3.7890324E7,3.3499074E7,2.9373028E7,3.7439584E7,3.531981E7,2.9686296E7,3.6008376E7,3.3895504E7,3.8135276E7,3.9839948E7,3.326728E7,3.6068476E7,4.978985E7,3.1847062E7,3.523256E7,2.9133622E7,3.90649E7,0,
1856,498.1809465515984,7.3761883,,,,,,,,,,,6205648.5,5040043.5,4861676.0,6458599.5,5560512.5,4630741.0,4844107.5,4517011.0,4173749.5,5387595.0,5032260.5,4258411.5,5050813.0,4604459.5,4814104.5,5109885.5,4449602.5,4542022.0,6715421.5,4619348.0,4834973.5,4078011.0,4628047.5,0,
1857,276.119291460437,7.3972054,,,,,,,,,,,4447187.0,4831966.5,2422403.0,5332373.5,5426629.0,0,1416569.1,0,1418714.9,1685722.1,0,1331665.2,1129074.9,1710572.8,2040203.1,2110892.0,1949281.4,2069904.4,2120536.5,1518044.4,1669525.5,1318156.6,0,0,
1858,675.2838652483264,7.395259,,,,,,,,,,,9.9634456E7,8.349882E7,7.743591E7,9.151166E7,1.0544632E8,8.147E7,8.7870776E7,7.9649944E7,7.2811624E7,6.2084116E7,7.83182E7,8.670114E7,9.001432E7,8.43984E7,8.888474E7,1.0427817E8,8.588861E7,9.54734E7,7.943144E7,7.723758E7,8.577273E7,7.95543E7,8.079986E7,0,
1859,697.2656695039507,7.398932,,,,,,,,,,,9224342.0,7590989.0,7860184.5,9547980.0,8805195.0,8328414.5,9059443.0,7267075.0,8452810.0,7283691.5,7794477.5,8935770.0,9041340.0,7512203.5,7958598.5,9106581.0,7591260.5,8482745.0,7486293.0,8001800.0,8435695.0,7836680.5,7854986.0,0,
1860,359.24027420055984,7.402244,,,,,,,,,,,0,0,0,0,5712162.5,1844601.8,1721044.4,0,1265261.0,0,1041112.1,0,1551483.6,1491582.4,1623876.2,1773054.0,1544489.6,1701990.6,1799260.2,1815053.2,1773644.6,1751593.4,1815002.5,0,
1861,360.1878578526687,7.407407,,,,,,,,,,,2671080.5,2133052.2,2499409.0,2706998.2,2592359.8,4980352.0,4413377.5,4394376.5,5239391.0,3417585.5,3853969.0,5100043.5,4410570.0,3130964.2,3303297.0,3948278.2,3632384.8,3926850.2,4292675.0,3903402.0,4429711.5,3646991.0,3544559.5,0,
1862,635.3226189271359,7.3618455,,,,,,,,,,,1.2290561E7,1.0657956E7,6056444.5,8004223.0,3265109.0,8755193.0,7964612.0,8305948.0,7971599.0,7785943.5,8504828.0,9322531.0,7519186.5,0,8574601.0,7876632.5,1.0144088E7,9564379.0,1.0480416E7,8780417.0,8331028.0,7958297.5,6961842.0,0,
1863,219.04357752239002,7.410011,,,,,,,,,,,3659624.8,3462740.8,3937916.5,4299232.5,0,7328442.5,6625626.5,5588228.5,6873970.5,5241290.5,5179327.5,6184526.0,6647231.5,4150258.8,4649036.0,4852858.0,4260763.0,5621410.0,6016338.5,6987325.5,7386347.5,6218191.0,6526915.5,0,
1864,345.24985418577023,7.414524,,,,,,,,,,,8727312.0,8929342.0,9052438.0,8968442.0,1.2118574E7,1.1084732E7,1.0087466E7,9407688.0,1.0346325E7,7685467.0,7801870.5,8727506.0,9597499.0,8016976.5,9887748.0,8996627.0,8411753.0,9970123.0,1.1167593E7,1.0014804E7,1.0300177E7,8611610.0,9086167.0,0,
1865,626.3878843895353,7.4205327,,,,,,,,,,,8136147.5,9284641.0,8526072.0,8944822.0,1.0510833E7,1.0494466E7,8959709.0,8669825.0,1.0477947E7,8685921.0,7625676.0,9519373.0,8790381.0,7972467.5,1.0436435E7,9849989.0,8099783.5,9861622.0,1.1518862E7,8962801.0,1.0807577E7,8354186.0,7701668.0,0,
1866,320.14530357070043,7.4213777,,,,,,,,,,,4172824.5,4372386.0,4073907.5,4242204.5,3090472.8,4242212.0,4043048.8,3872924.2,4777817.5,3599940.2,3365013.8,4136115.5,3985960.2,3391026.2,3871090.2,3847108.2,3496205.0,4119304.0,5126457.0,3740414.2,3749603.5,3681976.2,3900381.0,0,
1867,262.10357615027567,7.425624,,,,,,,,,,,9301271.0,7930393.5,4024322.0,6074543.5,2.0831428E7,7271773.5,7993540.5,9483741.0,4412098.0,2318891.5,2214170.2,1888794.2,3985496.0,6159789.0,7347696.0,7305985.0,6522508.0,6799201.5,7517299.0,9259544.0,8731464.0,7900653.5,6897985.0,0,
1868,544.2732691334437,7.425623,,,,,,,,,,,6789342.5,7458102.5,6408981.5,7126255.0,0,1.1123078E7,1.09402E7,1.0727607E7,1.3144252E7,1.0647257E7,9356572.0,1.1370713E7,1.0144374E7,8852233.0,1.2074589E7,1.08136E7,9402630.0,1.0583848E7,1.2307353E7,1.1934201E7,1.322335E7,1.1292384E7,9818631.0,0,
1869,348.07044630587046,7.3769784,,,,,,,,,,,8280558.5,9465632.0,9050595.0,1.0179281E7,6256888.0,9264044.0,8854909.0,8225449.0,8035613.0,1.0654119E7,9386600.0,8853188.0,8415608.0,7512367.5,8772404.0,8899308.0,8687161.0,9139650.0,9130270.0,8272838.0,8254620.5,8485888.0,8021134.0,0,
1870,789.425876729874,7.4429865,,,,,,,,,,,0,0,0,0,0,2.5571954E7,2.2021194E7,2.0627628E7,3.1057184E7,1.8075892E7,2.193878E7,2.2598178E7,2.395991E7,2.0924458E7,2.1902516E7,2.2589364E7,2.5252382E7,2.0934286E7,2.344543E7,1.7474528E7,2.2357294E7,1.9995006E7,1.9300966E7,0,
1871,269.1609367751627,7.4464307,,,,,,,,,,,0,0,0,0,3.999088E7,0,0,0,0,0,0,0,0,0,0,0,0,0,0,0,0,0,0,0,
1872,455.22525788893597,7.457916,,,,,,,,,,,1.58261E7,1.7381316E7,1.7367734E7,1.5847967E7,1.490208E7,1.5810168E7,1.3180064E7,1.5759595E7,1.6191504E7,1.1673438E7,1.5643798E7,1.3091202E7,1.7848846E7,1.6986892E7,1.6344649E7,1.4980813E7,1.7919374E7,1.5474963E7,1.8881804E7,1.4836921E7,1.7459582E7,1.5214915E7,1.7492422E7,0,
1873,229.12968998755028,7.459939,,,,,,,,,,,2.1304284E7,2.3407016E7,2.5505844E7,2.2805554E7,1.8512018E7,2.453149E7,2.1012134E7,2.3619032E7,2.5972776E7,1.8580546E7,2.3524298E7,2.2139404E7,2.6588076E7,2.3175372E7,2.140245E7,2.1168408E7,2.313491E7,2.2274798E7,2.5657948E7,2.2993348E7,2.6411922E7,2.3279454E7,2.6388428E7,0,
1874,428.28695677692605,7.4575534,,,,,,,,,,,3209458.0,3474380.2,3548744.0,3388040.2,3452690.8,5081554.0,4785767.5,4792312.5,5590072.5,4254654.5,5500646.0,4785934.5,5392924.0,5785025.0,4967098.0,5510591.5,6024752.0,4374505.5,4795345.5,5207803.5,5562137.5,4887712.5,5209549.0,0,
1875,764.3656975475047,7.475037,,,,,,,,,,,7.099129E7,7.982134E7,7.889602E7,7.50787E7,8.0908264E7,8.447743E7,7.86422E7,7.8734344E7,9.3629656E7,6.423928E7,9.216669E7,7.393834E7,8.578046E7,9.126954E7,9.328781E7,1.0283464E8,1.21453016E8,9.079429E7,9.356951E7,8.691184E7,9.6578264E7,7.474891E7,8.623687E7,0,
1876,326.18237544425074,7.4813805,,,,,,,,,,,2.8858304E7,2.6896338E7,2.4880602E7,2.5861772E7,8197725.0,2.909575E7,2.6039972E7,2.464427E7,3.077266E7,2.3419248E7,2.5771186E7,2.4637384E7,2.388885E7,2.4372864E7,2.6484072E7,2.9162388E7,3.106801E7,2.4077166E7,2.3356266E7,3.31035E7,3.0386454E7,2.4598054E7,2.711833E7,0,
1877,204.0981189149035,7.48551,,,,,,,,,,,0,0,0,0,5590121.0,0,0,0,0,0,0,0,0,0,0,0,0,0,0,0,0,0,0,0,
1878,382.6867329343895,7.4878078,,,,,,,,,,,9.275002E7,9.653493E7,1.1070103E8,9.738971E7,9.62756E7,1.101715E8,1.0293464E8,9.997961E7,1.1258584E8,9.898101E7,1.0748978E8,9.762975E7,1.0246763E8,1.1183428E8,1.2011043E8,1.3301926E8,1.3071673E8,1.1644818E8,1.0717E8,1.13538424E8,1.2206632E8,1.0849378E8,1.1333446E8,0,
1879,366.13337669238933,7.4893007,,,,,,,,,,,3067618.5,2479150.8,2226894.8,2373433.5,1383499.8,5419394.5,5590645.5,5192545.0,5615791.5,4945431.5,5061218.0,4816727.0,5289262.5,5313491.0,5756748.5,6276289.5,5983637.0,4824459.5,4784444.5,6317874.0,7099616.0,5416665.0,5903586.5,0,
1880,207.0977577302849,7.4947953,,,,,,,,,,,0,0,0,0,7792156.0,0,0,0,0,0,0,0,0,0,0,0,0,0,0,0,0,0,0,0,
1881,550.2366209696859,7.4948187,,,,,,,,,,,3664714.8,3769659.2,3867553.0,3482432.0,2849000.0,3535506.0,3613361.0,3719063.0,3740950.0,3778680.5,3799285.0,3430656.5,3530318.8,4565849.0,4734438.5,4922396.5,4403048.0,3912554.0,3649421.0,4267766.5,4924972.0,4533972.0,4076162.0,0,
1882,435.1726668757051,7.5008345,,,,,,,,,,,3494333.0,3422455.8,3893867.0,2838331.2,2777358.8,3193314.0,3369281.8,3228809.2,3443361.2,3246758.5,3305007.5,3184058.8,3218087.8,3891175.0,3713373.8,3639467.8,3429957.2,3959481.8,3158725.5,3815399.5,3962687.5,3707030.8,3547362.2,0,
1883,373.2562082784242,7.499995,,,,,,,,,,,0,0,1852076.5,0,4118124.5,3263032.5,3392701.2,3440334.5,3255833.8,2739977.2,3247883.5,2647644.0,3081411.8,3159589.8,3029315.0,3070076.8,2985639.8,3035220.5,2666268.5,3958152.5,3699708.5,3867504.0,3414736.8,0,
1884,341.14365847073606,7.507082,,,,,,,,,,,4973745.5,5209122.5,6093911.5,4893381.5,8603360.0,3088783.2,3270135.5,3387919.5,2340020.2,3124869.2,2775743.5,1951257.4,3106572.8,5213056.5,4199481.0,3933556.0,4087832.5,4388338.5,3919794.2,4662699.0,4078946.0,4206486.5,3944992.0,0,
1885,134.04490350075574,7.519371,,,,,,,,,,,1391549.9,0,1041685.94,0,7207642.5,3374548.5,1973182.0,0,1248147.5,0,0,1116948.2,988961.4,0,0,1442655.1,1625723.9,2904810.2,3772302.2,2263065.0,1485129.0,1174529.0,1120945.8,0,
1886,637.3159563611528,7.5138083,,,,,,,,,,,5532331.5,6141204.5,7260285.0,5663912.0,1.4462499E7,2854816.0,2144149.0,2700822.5,0,1745089.9,1422999.2,0,2130133.2,4087209.0,3195552.8,2903065.8,3695037.2,3799686.2,3358739.0,3300026.8,3271269.0,3052489.8,3262811.0,0,
1887,200.10317905042828,7.5165815,,,,,,,,,,,4486149.0,4964049.0,4865487.0,4086239.5,5977062.0,2807340.8,2600801.8,2756006.8,1788163.5,2013125.6,2246351.0,1724256.0,2438884.2,3638943.8,2920997.8,2982891.2,3422059.5,4091014.2,3597435.2,3559748.0,3019452.0,3188428.8,3414279.2,0,
1888,319.16141008024897,7.517064,,,,,,,,,,,1.0149716E8,1.1176655E8,1.1034645E8,9.481586E7,1.3725702E8,6.862079E7,6.2039124E7,6.415682E7,3.9721904E7,4.949053E7,5.1407776E7,4.054887E7,5.6424532E7,8.694636E7,6.653868E7,6.94566E7,7.882402E7,9.540983E7,8.369638E7,8.200871E7,7.342465E7,7.04978E7,7.9032744E7,0,
1889,301.150842285268,7.5174775,,,,,,,,,,,9321773.0,1.0352655E7,1.0115377E7,8628068.0,1.2105801E7,6043048.0,5609947.0,5834483.5,3907847.2,4743174.5,4732535.5,3561745.0,5133179.5,7716422.5,6189574.5,6151078.0,7381201.0,8265982.0,7196028.0,7070273.0,6760417.0,6694672.0,7222961.0,0,
1890,322.1871135501183,7.5224385,,,,,,,,,,,0,0,0,0,1.4119381E7,0,0,0,0,0,0,0,0,0,0,0,0,0,0,0,0,0,0,0,
1891,152.05676380805843,7.5232005,,,,,,,,,,,1.6590014E7,1.9949434E7,1.7770126E7,1.5012723E7,8163685.0,1.7478234E7,1.7231198E7,1.5234746E7,1.6877864E7,1.6883974E7,1.941529E7,1.9091856E7,1.6330925E7,1.8253182E7,1.6690841E7,1.6989112E7,1.8140946E7,2.0327804E7,1.8368842E7,1.6038611E7,1.7305336E7,1.7706294E7,1.9273248E7,0,
1892,346.0549061421696,7.5231953,,,,,,,,,,,9.2740344E7,1.0955342E8,9.819021E7,8.397039E7,4.515418E7,1.0024653E8,9.808587E7,8.433543E7,9.367358E7,9.190213E7,1.0546443E8,1.0727429E8,9.002517E7,1.0060873E8,9.437058E7,9.678702E7,1.0106424E8,1.10643656E8,1.0219843E8,9.2382344E7,9.84643E7,9.848156E7,1.0792379E8,0,
1893,248.12418830656048,7.532007,,,,,,,,,,,0,0,0,0,3.296265E7,0,0,0,0,0,0,0,0,0,0,0,0,0,0,0,0,0,0,0,
1894,378.15123509871,7.534436,,,,,,,,,,,7105920.5,9105015.0,6880042.0,7713975.5,5761002.0,6828447.5,6990683.0,6079464.0,7814381.5,6840181.0,7525997.0,8355501.5,6748446.0,6294660.0,7918222.0,7186060.5,6848259.0,8036744.0,8368638.5,6230360.0,6920450.0,6414905.0,8179208.5,0,
1895,331.2339326827947,7.552714,,,,,,,,,,,4226721.5,3603761.5,5532711.5,4549928.0,1.3992978E7,8533582.0,6944357.0,8476940.0,6610567.0,5892700.5,8573939.0,6365698.5,7646614.5,6637393.5,7822577.5,7091173.0,6850941.5,7747038.5,6972066.5,7356976.0,7236129.0,6926660.0,9002478.0,0,
1896,490.2146427775848,7.560312,,,,,,,,,,,1.2302874E8,1.24869704E8,1.191009E8,1.3563051E8,1.0951273E8,1.3708494E8,1.3622144E8,1.2915001E8,1.4413397E8,1.17805416E8,1.3168238E8,1.4287229E8,1.30309E8,1.1359257E8,1.3503677E8,1.2108306E8,1.1609378E8,1.4729142E8,1.0365921E8,1.27465576E8,1.1488571E8,1.0896809E8,1.3111808E8,0,
1897,512.1966216630341,7.5651956,,,,,,,,,,,1.4681854E7,1.4930288E7,1.3413379E7,1.6386061E7,1.039088E7,1.4851269E7,1.706624E7,1.4408434E7,1.6770864E7,1.5563287E7,1.6351463E7,1.961929E7,1.5904512E7,1.4751518E7,1.2721168E7,1.409421E7,1.2529369E7,1.6576288E7,1.2816373E7,1.4948385E7,1.3219535E7,1.3474381E7,1.2512797E7,0,
1898,356.192806562692,7.5678315,,,,,,,,,,,5448265.5,4678422.0,5638473.0,5173673.0,8711832.0,8990579.0,9528381.0,8462554.0,8992110.0,8414487.0,8480336.0,1.0040293E7,8821367.0,6990027.0,7247301.5,7943422.5,7044944.0,8913917.0,7176702.5,8637570.0,7769732.0,8115023.0,7750192.0,0,
1899,359.2399955534127,7.569558,,,,,,,,,,,2662354.2,2530904.5,3500713.8,2963873.0,9359879.0,4134916.5,4345733.0,4168076.2,2860113.2,3083465.0,3172316.5,3100064.0,3599060.2,3682606.0,3512438.0,4231498.0,3668787.0,4487443.0,3610533.8,4586195.5,3825518.5,3963981.0,3715771.2,0,
1900,612.371987523632,7.580677,,,,,,,,,,,3854251.5,4052786.5,3766824.8,4300827.5,4801692.0,3107987.5,3522496.2,3729287.2,3118280.0,3351899.0,3595535.8,3594962.8,3422739.0,4217278.5,0,3674490.0,3828334.2,4001016.0,3168422.8,3308068.5,0,3118617.2,3759389.5,0,
1901,343.2341150128724,7.5781927,,,,,,,,,,,2426578.0,2449521.5,2285838.8,2618586.8,2650216.2,8069196.5,8332610.0,7969518.5,9057156.0,8336986.0,7905314.5,8444508.0,7631539.5,6603639.0,6676170.5,6293316.5,6256482.5,6788637.5,5796915.0,7482364.0,6427902.0,7533474.5,6585979.0,0,
1902,306.0484450183777,7.574692,,,,,,,,,,,3.098124E7,3.1976412E7,2.8723992E7,3.0049118E7,1.9640298E7,1.9596562E7,2.3940572E7,1.8940658E7,2.1033496E7,2.0637174E7,1.9979262E7,2.359468E7,2.181693E7,2.4028092E7,2.1380338E7,2.6294974E7,2.401191E7,2.5666714E7,2.2686346E7,2.9905378E7,2.3028926E7,2.461416E7,2.2206628E7,0,
1903,767.3207474325278,7.5834117,,,,,,,,,,,1.013993E7,1.0103968E7,8942467.0,9107368.0,1.750867E7,0,0,0,0,0,0,0,0,4118373.5,3681889.5,4207614.0,4081256.8,3824888.5,3584912.0,0,0,0,0,0,
1904,246.18110746980057,7.58236,,,,,,,,,,,2083713.8,1934129.6,1774558.1,1862470.9,1937046.9,2800057.2,3247089.2,2627377.2,3731802.2,3378497.8,3517977.5,4189054.0,3487116.0,2601910.8,2575128.2,2795814.2,2784951.5,2964952.0,2692425.0,3249811.0,3038325.8,3231780.5,2754736.5,0,
1905,486.29225599512915,7.5909405,,,,,,,,,,,2983887.0,3128084.0,3142884.2,3406229.0,3361329.0,3652175.2,3797313.5,3679571.0,3388260.0,3863087.5,4384663.0,4174021.0,3981178.8,3658865.8,3170543.8,3680048.0,3968999.0,3955891.2,3260734.2,3892844.8,3517605.2,3849068.2,3371017.8,0,
1906,398.2219351363672,7.6097445,,,,,,,,,,,1.981155E7,1.946175E7,2.234193E7,2.006185E7,2.431701E7,3.258208E7,2.733259E7,3.239232E7,2.8296736E7,2.23049E7,2.9099884E7,2.8350596E7,2.745099E7,2.3152148E7,2.3458148E7,1.9971032E7,2.4027458E7,3.377236E7,2.4829662E7,2.4379428E7,2.70564E7,2.4882284E7,2.8889036E7,0,
1907,584.3768841268154,7.5918946,,,,,,,,,,,4482201.0,3878783.8,3059181.5,3825884.5,1234242.0,3.4024588E7,3.7533604E7,3.4410096E7,3.6103828E7,3.502262E7,4.0896516E7,4.2037076E7,3.7228216E7,3.0089288E7,2.8789604E7,3.1560188E7,3.0865214E7,3.2514954E7,2.5895588E7,3.329285E7,3.0408282E7,3.466631E7,3.126985E7,0,
1908,690.3667789865133,7.5933423,,,,,,,,,,,8373962.5,7408452.5,6224444.0,7083157.0,1.0473904E7,0,0,0,0,0,0,0,0,2591854.8,2750689.2,2695959.5,2772712.0,3034714.0,2486401.8,0,0,0,0,0,
1909,185.12845787956377,7.5944796,,,,,,,,,,,4477810.0,4472469.5,4215477.0,4403075.5,4996915.5,5193451.0,4910595.5,4997220.5,5669711.5,5255893.5,5338410.0,5413587.5,5492607.5,4807164.0,4543903.5,4721039.5,5324188.5,4814626.0,4778858.5,5465536.0,5492745.0,5043141.0,4851384.5,0,
1910,345.6868086452167,7.5944576,,,,,,,,,,,3834079.0,3642931.5,2707420.0,2974442.5,4557978.5,0,0,0,0,0,0,0,0,1332117.1,1392105.5,1221736.4,1401475.5,1702548.8,1497086.2,0,0,0,0,0,
1911,369.24966271489495,7.595427,,,,,,,,,,,7065078.0,7173025.0,6319969.5,7145645.0,8717541.0,8016655.5,8041891.5,8483803.0,8344408.0,7969351.0,9265889.0,9008448.0,9104631.0,7497201.5,7192375.5,7948149.0,8416918.0,8523358.0,7017867.5,9134617.0,7968539.0,8586739.0,7485849.5,0,
1912,163.0712420866526,7.598038,,,,,,,,,,,0,0,0,0,5624180.5,0,0,0,0,0,0,0,0,0,0,0,0,0,0,0,0,0,0,0,
1913,235.09234301646495,7.617064,,,,,,,,,,,4192225.8,2529077.2,1628166.1,1836869.8,2.4069492E7,4749488.0,4805082.0,5962853.5,3047886.5,6471800.5,2554183.5,9198409.0,7935319.5,5105860.5,5430068.5,5119883.0,4778525.5,5305485.0,4725682.0,6095672.5,5947107.0,5412443.0,8304699.0,0,
1914,345.2494654064214,7.603541,,,,,,,,,,,1.1063862E7,9800676.0,1.3032639E7,1.1067612E7,1.741822E7,1.83215E7,1.6727456E7,1.9608936E7,1.7387578E7,1.4943591E7,1.9232648E7,1.7263926E7,1.8594348E7,1.6145006E7,1.6238117E7,1.5416509E7,1.5900707E7,1.8385922E7,1.4450351E7,1.7376986E7,1.8220546E7,1.7196694E7,1.6097827E7,0,
1915,397.2193835335944,7.6085324,,,,,,,,,,,8.697835E7,9.145349E7,9.760032E7,9.143465E7,1.1278189E8,1.3611414E8,1.3409608E8,1.4458282E8,1.3654318E8,1.0855843E8,1.3597778E8,1.3832278E8,1.3546442E8,1.1009358E8,1.1025341E8,1.04519896E8,1.10488744E8,1.2983824E8,1.0678588E8,1.2325255E8,1.28745416E8,1.2613276E8,1.3558958E8,0,
1916,323.1446380825804,7.6124835,,,,,,,,,,,0,0,1132093.1,0,0,3130189.8,2964626.8,4204502.5,1154629.8,1653249.9,1608581.0,0,2567076.8,1872606.6,2048198.8,1887648.4,1943901.2,2244407.8,2099045.5,3151556.2,3286062.5,2590854.2,3642758.2,0,
1917,428.2618264863302,7.6134048,,,,,,,,,,,5156996.0,5123862.5,4154328.0,4585526.0,1894965.0,3504309.2,3830122.2,4458319.5,3860389.2,3321676.8,3923944.5,4096224.2,3945862.2,4320398.0,4098442.0,4027439.5,3837220.2,4672036.0,3987208.2,3787203.0,4088745.8,3870693.5,3766447.2,0,
1918,262.1032741886185,7.619176,,,,,,,,,,,1561241.9,1892971.8,1183824.1,1314344.5,1560355.9,3023248.0,2960678.8,2949847.0,2889739.0,2124664.0,2354736.5,2570935.2,2653785.5,2162194.0,2343102.8,2130177.8,2109888.2,2328097.2,2262404.2,2770591.2,2825620.8,3251852.5,2593599.0,0,
1919,288.20291833273546,7.6262193,,,,,,,,,,,0,0,0,0,6.6483636E7,0,0,0,0,0,0,0,0,0,0,0,0,0,0,0,0,0,0,0,
1920,345.22450549549916,7.662988,,,,,,,,,,,5411956.5,5782868.0,5400647.0,5187924.5,6193896.5,4598072.0,4025573.5,4603999.0,3785694.0,3980298.2,3703460.8,3604290.2,3536110.8,5345146.0,5005543.5,4822366.0,4734774.5,4839346.0,4452337.5,3957795.0,4627786.0,5125314.5,4216751.0,0,
1921,253.08525433808776,7.6636586,,,,,,,,,,,0,0,0,0,6953087.0,0,0,0,0,0,0,0,0,0,0,0,0,0,0,0,0,0,0,0,
1922,322.1873063376369,7.6636586,,,,,,,,,,,0,0,0,0,1.2129697E7,0,0,0,0,0,0,0,0,0,0,0,0,0,0,0,0,0,0,0,
1923,263.08733627357043,7.664644,,,,,,,,,,,1.3855984E7,1.4537448E7,1.5143186E7,1.50548E7,5595891.0,2.0487378E7,1.9029884E7,1.9506676E7,2.3253364E7,1.9892346E7,2.193574E7,2.284486E7,1.9173882E7,1.729095E7,1.6244726E7,1.9084698E7,1.898569E7,1.6476149E7,1.8649054E7,1.7551838E7,2.0585812E7,2.2400846E7,2.0147306E7,0,
1924,245.0767630690981,7.665543,,,,,,,,,,,1.1757322E7,1.3137443E7,1.3409338E7,1.2915296E7,4927066.0,1.6790908E7,1.6109732E7,1.6962612E7,1.8826218E7,1.7262394E7,1.8710296E7,1.9122768E7,1.5822852E7,1.446055E7,1.377591E7,1.6434678E7,1.6199433E7,1.4250802E7,1.5538151E7,1.4401442E7,1.7446882E7,1.8838566E7,1.6848402E7,0,
1925,789.4252682279196,7.6116586,,,,,,,,,,,0,0,0,0,0,1.7262604E7,1.5971945E7,1.5784608E7,1.6553658E7,1.0875129E7,1.7106542E7,1.6648172E7,1.830442E7,1.8026436E7,1.2246529E7,1.6382808E7,1.089109E7,9038161.0,1.1362203E7,1.2448757E7,1.1715974E7,1.4776807E7,1.3364695E7,0,
1926,679.3524124590688,7.6740417,,,,,,,,,,,4585988.0,4991179.5,4679344.0,4433730.5,3631857.2,2821217.0,3065006.8,3191700.5,2927447.2,2959548.8,3233912.0,3451358.2,3106719.5,3469724.5,3597273.0,3680018.8,3538049.8,4008548.0,3394978.0,3229161.8,3122088.5,3184546.0,3380744.5,0,
1927,517.2803865307679,7.6871686,,,,,,,,,,,7083944.0,1.0972086E7,1.3603066E7,9827095.0,1.6910946E7,0,2191385.2,2170333.8,1816038.4,1534293.6,1887500.5,2076287.0,2054029.4,5060064.0,4754950.5,4687982.0,4474573.5,4262187.5,4562709.0,1717611.9,1893957.9,2121513.2,2005433.9,0,
1928,305.14551957317957,7.6846013,,,,,,,,,,,3.0381262E7,2.8974322E7,2.849482E7,2.7735976E7,2.46166E7,2.66678E7,2.5410948E7,2.7587346E7,2.7438722E7,2.6015482E7,2.6083772E7,2.9142618E7,2.8436208E7,2.6054312E7,2.307189E7,2.51149E7,2.821433E7,3.1861572E7,2.298766E7,2.364694E7,2.4928292E7,2.6525198E7,2.8579528E7,0,
1929,449.23944902454946,7.692763,,,,,,,,,,,2432322.5,2605674.5,4195366.0,2282909.2,3824828.8,4223520.5,4215354.5,4736851.5,4527886.0,3740555.2,3951791.0,4293302.0,4949599.5,3532736.2,3022622.2,4047646.8,4097893.0,4217859.0,3249028.2,3461631.8,4095483.0,4373285.0,4561135.0,0,
1930,331.2338241602227,7.69346,,,,,,,,,,,1.0890356E7,1.173795E7,1.3814293E7,1.101727E7,1.3788848E7,1.4056998E7,1.4044075E7,1.5290845E7,1.1739588E7,1.0929684E7,1.1421145E7,1.20084E7,1.3830148E7,1.1773904E7,1.0416325E7,1.3893731E7,1.2647462E7,1.455146E7,1.1271743E7,1.2832075E7,1.4598959E7,1.5524869E7,1.5354357E7,0,
1931,235.0924466415389,7.693482,,,,,,,,,,,8807907.0,7393783.0,7901587.0,7143381.0,5906573.0,7656435.5,6952481.5,7786059.5,8310957.0,6220742.5,5779098.0,8705631.0,7775973.5,6092012.5,5656178.5,7239479.0,5727571.5,8394036.0,7567959.0,6120718.5,7315554.5,7194504.5,8484384.0,0,
1932,446.24359592812715,7.6934633,,,,,,,,,,,2.9290262E8,2.9589046E8,4.2193322E8,2.989142E8,4.638233E8,5.486882E8,5.493081E8,5.919469E8,5.3458234E8,4.6488755E8,4.8442934E8,5.495113E8,5.853465E8,4.3386602E8,3.7225302E8,5.1263098E8,4.8621878E8,5.453671E8,4.1234726E8,4.403437E8,5.3452502E8,5.8261696E8,5.7977325E8,0,
1933,323.665002025398,7.694245,,,,,,,,,,,8145209.0,8573493.0,8787252.0,8967040.0,9902332.0,0,0,0,0,0,0,0,0,2372328.5,1684529.4,2058576.8,2078409.9,2298603.8,2117606.8,0,0,0,1488943.9,0,
1934,315.2026366890586,7.6948667,,,,,,,,,,,7149873.5,6958163.0,9590861.0,7745217.5,1.20335E7,1.3706953E7,1.3484898E7,1.5233082E7,1.3739475E7,1.1465859E7,1.2459095E7,1.3590186E7,1.3269871E7,1.0406928E7,1.0426957E7,1.1648095E7,1.1995244E7,1.327368E7,1.0161002E7,1.1685021E7,1.3335077E7,1.4166666E7,1.4557437E7,0,
1935,244.16556735508755,7.6952953,,,,,,,,,,,5148352.0,4760406.5,6454701.0,5565161.0,8291233.5,9192724.0,9213783.0,1.0060005E7,9217335.0,7762356.5,8394083.0,8853138.0,9145355.0,6831419.0,6799424.0,8191209.5,7897461.0,8416835.0,6681730.0,7514179.0,9019043.0,9351489.0,9772508.0,0,
1936,199.62357393208265,7.695301,,,,,,,,,,,2766133.5,2650730.2,3728465.2,3038724.5,4985647.0,5587757.5,5696028.5,6079520.5,5889081.0,4781367.5,5092928.0,5444466.5,5685928.5,4254178.5,4126743.0,4839442.5,4888007.5,5269148.5,4220334.0,4566878.5,5676989.5,5445540.5,5967496.5,0,
1937,223.62524794449524,7.6953588,,,,,,,,,,,2.3268814E7,2.0906128E7,3.4098776E7,2.4746306E7,4.2648976E7,4.7579244E7,4.7851588E7,4.450337E7,5.2315636E7,3.949707E7,4.034165E7,4.3437436E7,4.7962116E7,3.8470016E7,3.524334E7,4.2078572E7,3.88607E7,4.7500104E7,3.9403692E7,3.6941136E7,4.3899484E7,4.65238E7,4.6862228E7,0,
1938,646.3230655091041,7.695584,,,,,,,,,,,5.6590184E7,7.034554E7,7.229413E7,6.1543116E7,7.189332E7,4484379.5,4709458.5,8023554.5,1828156.2,6176191.0,5209538.0,4619644.0,5635935.0,1.3958053E7,1.1966456E7,1.5720899E7,1.5641065E7,1.8001854E7,1.2669032E7,5924647.5,7614632.5,5760909.5,9565333.0,0,
1939,317.2182309620098,7.701479,,,,,,,,,,,5202420.5,5470375.5,6142234.0,5245113.0,8578201.0,5311990.0,5429849.5,5549349.5,5408905.0,4338043.5,4376933.5,4600625.5,5887291.5,4642302.0,3905255.5,5518121.5,4932347.0,5689396.0,5295037.5,5173243.0,5887388.0,6470691.5,6685736.5,0,
1940,435.1726589107375,7.6998076,,,,,,,,,,,1.6873228E7,1.7347776E7,1.7881492E7,1.5117519E7,1.6803516E7,0,0,0,0,0,0,0,0,4841900.5,4385109.5,6013991.0,4855138.0,5838069.5,4825345.0,0,0,0,1289787.4,0,
1941,577.246797648551,7.7163916,,,,,,,,,,,7.109363E7,6.8972424E7,6.7741384E7,6.533157E7,5.669875E7,5.9565516E7,6.434458E7,6.6499644E7,5.239654E7,4.8886812E7,5.3070536E7,6.1508464E7,6.3317456E7,6.1896156E7,5.3450256E7,7.668502E7,6.744839E7,6.096359E7,6.275071E7,4.8232224E7,5.6619024E7,6.0356092E7,5.7162336E7,0,
1942,599.2287711896502,7.718573,,,,,,,,,,,6769025.0,6534937.5,5640694.0,6433570.0,3762457.8,5017088.5,5805432.0,5484032.0,4614144.0,4577455.0,5135205.5,5171687.5,5506271.0,5699358.0,4490589.5,6278069.0,5726629.5,5162951.0,4920521.0,4476653.0,5128599.0,5001270.0,4797013.0,0,
1943,612.3722525776271,7.7209373,,,,,,,,,,,2669797.2,3875690.0,4197621.5,3225315.5,4767456.0,4412214.5,5013143.5,4753250.5,4478026.5,3992389.2,4516783.5,4914074.5,5067116.5,4242767.0,3743493.2,5797117.5,4463121.0,4353050.0,4198444.0,3753527.5,4466554.0,5053631.5,4919301.5,0,
1944,260.1969324056176,7.7302895,,,,,,,,,,,0,0,0,0,1.7035398E8,0,0,0,0,0,0,0,0,0,0,0,0,0,0,0,0,0,0,0,
1945,294.1811774910757,7.7302895,,,,,,,,,,,0,0,0,0,5.6691348E7,0,0,0,0,0,0,0,0,0,0,0,0,0,0,0,0,0,0,0,
1946,430.2451566229704,7.733083,,,,,,,,,,,1.8762604E7,1.6865668E7,1.0609398E7,1.2815269E7,0,3394637.5,4116632.2,4740086.0,3453191.8,4870083.0,3801584.8,4217406.5,3722540.5,7627544.0,6287114.5,9512522.0,7523805.5,7583806.0,8019494.5,5914272.0,5589785.5,5156306.5,5192844.0,0,
1947,519.2929602766822,7.74232,,,,,,,,,,,2071571.2,2230487.2,2908889.5,2212488.0,4448359.5,4681494.0,4413439.0,4015817.0,4387347.5,4506931.5,4472420.0,5641587.0,4295920.5,4073940.5,3352128.0,4620214.0,3929902.0,3935940.0,4377196.5,4045364.0,3928727.0,4836446.0,4894641.5,0,
1948,849.3475608159242,7.742942,,,,,,,,,,,7920357.5,7036186.0,7541437.0,5850304.0,4918874.0,6025210.5,6849702.5,7030170.5,7132608.0,6584282.5,7114758.0,7705597.0,7084757.5,5696688.0,5989623.5,6199522.0,5978059.5,8357835.5,7030718.5,5968439.5,6727644.0,6721759.0,7783895.5,0,
1949,400.25541123406725,7.746926,,,,,,,,,,,5883725.5,6064235.0,4857777.5,5274329.0,2707509.0,4371718.5,4445640.0,4510127.5,4453004.0,4702428.0,4685048.5,5328518.5,4649682.5,5151361.5,4305087.0,5886901.5,4846915.5,5176346.5,6310451.0,5127337.0,4746752.0,5620537.0,5348519.5,0,
1950,356.19286486901365,7.7572074,,,,,,,,,,,4660346.0,4670114.5,6272800.5,3987303.0,3.3785224E7,6020544.5,5139883.0,5416748.5,4651196.0,4701415.5,5391877.0,5069780.0,4759273.5,6362800.0,5513385.5,6068132.5,5590012.0,6247012.5,7202301.5,5338634.0,4840020.5,5577668.0,6499625.0,0,
1951,258.1086418084898,7.7676306,,,,,,,,,,,0,0,0,0,2.3184734E7,0,0,0,0,0,0,0,0,1331308.9,1343894.8,1496819.8,1400675.1,1565576.6,1818187.9,0,0,0,0,0,
1952,276.11903549695273,7.769478,,,,,,,,,,,1736283.8,2076690.6,1353201.4,1946543.6,4.7992196E7,0,0,0,0,965176.25,0,0,0,3170270.8,3089476.5,3172566.8,3040791.5,3210545.2,3878326.2,0,0,0,0,0,
1953,345.22448364209697,7.774777,,,,,,,,,,,4901047.0,4843042.0,5403887.5,4904336.0,8016110.0,7103358.0,5386439.5,6232220.5,5937963.0,6164759.5,5461789.5,6100178.0,5565155.5,5551991.0,4751848.0,5325806.5,4858268.0,5566049.0,6785288.0,6178035.0,5901036.5,6786420.5,6674338.0,0,
1954,217.08198240638998,7.7458944,,,,,,,,,,,5614196.0,7388442.5,3528954.0,6366039.5,2720712.0,1804061.8,1660684.5,0,0,1611892.6,1669214.6,0,1882863.4,2215728.5,1953140.1,2090401.6,1713139.9,1851119.2,2189478.8,1382211.1,1762672.9,1560456.2,0,0,
1955,481.16004012779734,7.7774935,,,,,,,,,,,2.4221008E7,2.244144E7,2.2052768E7,2.2360802E7,1.7597556E7,1.2640962E7,9549566.0,1.1699837E7,8391434.0,1.0757426E7,8086398.0,8697809.0,9399432.0,1.4619901E7,1.1855583E7,1.3562389E7,1.2404177E7,1.3510662E7,1.7228318E7,1.2257277E7,1.0129065E7,9899720.0,1.377747E7,0,
1956,235.09247290233233,7.720739,,,,,,,,,,,5028882.0,6422897.0,3490687.2,7323647.5,6281712.0,2052077.8,7189547.5,7700330.5,8235078.5,5936590.0,5691892.5,5136622.5,1969408.0,6730834.5,5528302.5,7618808.5,5999657.0,2615762.2,6037421.0,6330454.0,7955650.5,7649957.0,8304699.0,0,
1957,406.14561034861964,7.782756,,,,,,,,,,,1.1540581E7,1.1834292E7,1.1549988E7,1.0283186E7,7316551.0,6772550.0,6487925.0,8802438.0,4287661.5,6735187.0,5500367.5,4923690.5,6578838.5,8496427.0,7008834.0,8086199.0,7758649.5,7908738.5,9549894.0,8050069.0,7024515.5,6139164.0,1.0086828E7,0,
1958,371.2403204660814,7.7979856,,,,,,,,,,,3795322.2,3360270.5,2653013.8,2855506.8,0,1695854.1,1676574.8,2002219.1,1585200.9,1699723.8,1635832.6,1702438.5,1687810.9,2456352.8,2241292.5,2549755.2,2251778.8,2308966.8,2991233.5,2459211.5,1865729.9,1929414.4,2169490.5,0,
1959,581.3044810990051,7.798825,,,,,,,,,,,1554695.4,1540480.1,1513646.1,1405827.1,1221582.5,5074595.0,4844961.5,5734290.0,4597778.5,4193874.8,4603884.5,5244189.0,4777748.5,4584521.5,4208342.0,4866189.5,4568756.0,4766595.5,6003591.5,5089039.5,4513479.5,5192710.0,5460259.5,0,
1960,221.0768828896777,7.801831,,,,,,,,,,,1.1467573E7,1.1368652E7,1.0438075E7,1.0707792E7,9019595.0,1.2062481E7,1.1644085E7,1.2264265E7,1.1892112E7,1.0548241E7,1.1104386E7,1.2201824E7,1.1686147E7,1.0753166E7,1.0236612E7,1.1856948E7,1.0664366E7,1.1507007E7,1.326206E7,1.1862552E7,1.1563707E7,1.269476E7,1.3308252E7,0,
1961,263.08740921253707,7.8142056,,,,,,,,,,,2.766412E7,2.650087E7,2.6331092E7,2.368911E7,2.3826414E7,3.2157304E7,3.1048374E7,3.7294576E7,3.5557824E7,2.666028E7,2.8472584E7,3.5620216E7,3.4769724E7,2.443567E7,2.6952138E7,2.6714006E7,2.5910772E7,3.1960876E7,3.726358E7,2.944143E7,3.1506646E7,2.7984886E7,4.02062E7,0,
1962,713.4196203255663,7.820872,,,,,,,,,,,2.0167956E7,1.815675E7,1.630756E7,1.4984549E7,1.5929615E7,2.2633684E7,2.128164E7,2.3071538E7,1.9850386E7,1.8582542E7,2.0869666E7,2.0653572E7,1.9831848E7,2.0216294E7,2.0837508E7,2.3016808E7,2.045915E7,2.1191372E7,2.4812514E7,2.1745162E7,1.9695644E7,2.1707404E7,2.543205E7,0,
1963,288.203030861197,7.826026,,,,,,,,,,,0,0,0,0,9.7057544E7,0,0,0,0,0,0,0,0,0,0,0,0,0,0,0,0,0,0,0,
1964,326.18219263037014,7.826711,,,,,,,,,,,6971929.5,6034397.0,6092760.0,5359845.5,8971204.0,8149981.5,7619257.5,8509625.0,6590732.5,5475991.0,6899889.0,5381838.5,6832096.0,6807016.5,7146412.5,7056710.5,6760954.5,7034776.5,8121111.5,8437534.0,7396527.5,6810154.0,8627005.0,0,
1965,261.11945095253867,7.835926,,,,,,,,,,,0,0,0,0,3.007411E7,0,0,0,0,0,0,0,0,0,0,0,0,0,0,0,0,0,0,0,
1966,317.2183406030369,7.838894,,,,,,,,,,,1.8581228E7,1.7151976E7,1.7280106E7,1.5726331E7,1.9400294E7,2.497239E7,2.1654398E7,2.218049E7,2.1265338E7,1.8470102E7,2.2235308E7,2.1102504E7,2.2236774E7,1.8804226E7,1.955855E7,1.9221932E7,1.9838892E7,1.94603E7,2.2768308E7,2.4411122E7,2.1652292E7,1.9761458E7,2.7233946E7,0,
1967,414.1273335804025,7.8589478,,,,,,,,,,,3788564.8,2881356.8,2936771.0,2650882.2,1377770.5,2802262.2,2832665.0,3590655.2,3479410.0,2517208.2,2302678.0,3391869.0,3387407.2,1539726.6,1530694.5,1932682.2,1827112.5,3289537.2,4086682.0,2012515.1,2917303.0,2480636.2,4044935.2,0,
1968,361.2444940363029,7.8465266,,,,,,,,,,,3459467.0,2532399.0,4489016.0,2717398.0,6583943.0,8209314.5,7354769.5,7147480.5,6834589.5,6239628.5,6714470.5,6403948.5,7437116.5,5212365.5,5104160.5,5394582.0,6028522.5,5125532.5,6686823.5,7850934.0,6652781.0,6515379.0,9227670.0,0,
1969,375.20629627239884,7.846118,,,,,,,,,,,2.8219806E7,2.5366518E7,2.8477766E7,2.6118892E7,2.5746728E7,3.6322132E7,3.5377596E7,3.4760216E7,3.3341572E7,3.3191168E7,3.3551642E7,3.23081E7,3.417083E7,2.9856482E7,2.8647888E7,3.0827874E7,3.3898276E7,3.0808456E7,3.7071988E7,3.772966E7,3.1759714E7,3.2390668E7,4.2650176E7,0,
1970,507.1937464220694,7.852834,,,,,,,,,,,1.2040684E7,1.0298095E7,1.0010602E7,1.0916105E7,8732948.0,5708376.0,6031926.0,6921925.0,4122543.2,5676920.5,4495639.0,4588308.5,5793898.5,6427628.0,6288805.5,7057364.5,7395994.0,6124405.0,7737383.0,5518798.0,5517079.0,4788128.0,7703671.0,0,
1971,556.34562222194,7.8568044,,,,,,,,,,,1455750.4,1662954.5,1875093.1,1717801.2,2453015.5,3665306.2,4003791.5,3493747.5,3842964.5,3377684.8,3123906.2,3295961.0,3353442.8,2422860.2,2673923.2,2719342.8,3076638.5,2681247.0,3110464.2,3223132.5,2857127.0,3666887.5,4191901.5,0,
1972,389.239311618606,7.8576097,,,,,,,,,,,1569290.6,0,2242832.2,1333902.9,3998977.0,4955026.0,5305653.5,4899081.5,4676741.0,4444175.0,3495327.8,4083136.5,4547015.5,2919190.2,3405380.8,3521163.0,3909746.5,3074844.2,3832112.0,4001996.0,3667193.5,4402811.0,5572249.5,0,
1973,384.18776505722684,7.858667,,,,,,,,,,,3280171.8,3370455.5,3508593.5,3511831.5,3208768.8,5103375.0,5756790.5,5270350.5,5270443.5,4959240.0,4109042.5,4443425.5,4929332.5,3507068.8,4043916.2,4173700.5,4590448.0,3807069.2,4518540.5,4594043.0,4323214.0,4999734.5,5621520.0,0,
1974,348.07030139457873,7.861177,,,,,,,,,,,1.5538261E7,1.0493802E7,7046623.5,8923632.0,3322647.5,5027736.0,5586433.0,6357729.0,4854336.5,5175153.0,4593998.0,4687439.5,4929340.5,5825697.5,5743090.5,6172200.0,6281799.0,6381497.0,6889932.0,6823815.5,6166045.5,6398640.5,6902685.0,0,
1975,577.2805846543226,7.8696446,,,,,,,,,,,4972987.5,5483323.0,4766929.0,4889438.5,2325425.0,4118051.2,4710665.5,4666284.5,4648971.5,4383263.0,3846988.8,4163182.8,4005562.2,4213817.0,4122413.2,4343743.5,4619877.5,4498044.5,5139033.5,4428616.5,4361717.5,4689019.5,4961162.5,0,
1976,522.2034271734084,7.8731627,,,,,,,,,,,2681342.2,2885469.0,2490023.5,2770124.2,2326915.2,2598782.0,2980019.5,2758393.0,2816134.0,2914458.5,2487647.2,2769243.8,3101851.5,2416961.2,2566916.0,2766051.8,2739582.2,2691713.8,2791242.2,2436668.0,2471168.8,2938769.0,2743885.2,0,
1977,444.28226031678753,7.8744183,,,,,,,,,,,3318726.8,3384853.8,2883152.2,3063918.2,2208786.2,4848036.5,5521943.0,5041415.0,5878790.0,4781381.5,4661017.5,4787694.5,4825193.5,4069445.0,3865796.8,3989088.5,4280628.0,3932315.8,4166923.8,4150438.0,4552886.5,5357599.5,4917641.0,0,
1978,336.1402096195517,7.8767424,,,,,,,,,,,5.1831652E7,6.2382464E7,5.798871E7,5.2637296E7,5.4965416E7,7.8547496E7,8.290865E7,7.725202E7,8.712044E7,7.659066E7,7.319804E7,7.6732264E7,7.7985E7,6.555378E7,6.800861E7,7.110178E7,6.9793576E7,6.827505E7,6.621637E7,6.5397348E7,7.252784E7,8.222018E7,7.616068E7,0,
1979,358.1221306960759,7.87765,,,,,,,,,,,3322914.8,4180279.0,3859202.5,3486011.0,2958280.0,5169166.5,5589630.0,5322314.0,5972354.0,5559879.0,4917070.5,5246648.0,5602909.0,4443173.5,4377080.5,4395374.0,4349280.0,4401052.5,4112617.8,4486527.5,5076627.0,5562116.5,5033762.5,0,
1980,671.2731100176418,7.8776956,,,,,,,,,,,1595530.8,2059252.4,2455265.2,1801576.2,1779351.5,3666379.0,3419303.8,3509926.8,3600030.8,3318721.5,3161060.0,3592762.0,3310709.5,2449076.8,2767487.2,2930951.0,2730472.2,3429800.0,2984187.2,2781970.0,3393320.8,4155925.5,3703382.2,0,
1981,359.24012230866833,7.880956,,,,,,,,,,,0,0,1597168.2,0,4317779.5,2580030.2,2630456.2,2724393.8,2217131.5,2002172.4,1902648.9,1543154.1,2486772.0,2031519.6,1983612.9,2013920.2,1978299.8,2032401.8,1839770.5,2255648.0,2224840.2,2545693.8,2485849.2,0,
1982,383.20369677856155,7.8859453,,,,,,,,,,,2527760.2,3036394.0,3218873.5,2443834.0,3544025.5,5016642.5,4936991.0,4888936.5,5628272.0,3844236.0,4560079.5,4696380.0,4824234.0,3647756.5,3519999.8,3741690.0,3607710.0,3980984.8,3959813.8,3893296.2,4644316.5,4967552.5,4467583.5,0,
1983,364.13508174651946,7.88906,,,,,,,,,,,2563162.8,3237577.0,2833647.2,2709378.2,1786428.4,6304763.5,6381927.0,6450023.5,7553819.0,5606801.5,6656515.5,6021265.5,6271961.0,5275982.5,4736325.5,5078087.0,4983172.5,5002634.5,4884001.5,5529245.0,6573353.5,6736484.5,6647590.5,0,
1984,414.2711119721831,7.904527,,,,,,,,,,,2145402.5,2157766.0,2540782.0,2444890.8,2599244.2,3771997.5,3420835.5,3390216.2,3796744.8,3291814.0,3391845.0,2960055.5,3271173.2,3118314.5,2735824.8,2885168.0,3063997.8,3148811.0,3251495.0,3079119.8,3271835.2,3544442.5,3327835.0,0,
1985,343.2340331362554,7.9191833,,,,,,,,,,,1.3210216E8,9.399302E7,7.280235E7,8.856253E7,1791561.5,1.9882726E7,2.3430514E7,2.8182484E7,2.304236E7,3.2845962E7,2.0696292E7,2.0376192E7,1.9498376E7,4.0803576E7,3.7500776E7,4.1142816E7,4.3152944E7,4.499643E7,4.24707E7,3.377942E7,3.0131462E7,2.6562588E7,2.4931804E7,0,
1986,347.2287317010768,7.9191947,,,,,,,,,,,4508548.0,3973334.5,6078190.5,4675887.5,8130094.5,7273790.5,7635534.0,7387729.5,6789179.0,7223384.5,6720025.5,6247163.5,6453904.0,6192546.5,5707665.5,6815453.5,6458893.5,7142301.0,6759195.5,6304020.0,7669856.0,7967470.5,7517988.5,0,
1987,375.23428265424826,7.920505,,,,,,,,,,,3171313.5,2840007.2,3705587.8,3186846.2,4942981.0,3941011.2,4083439.2,4055237.8,3236548.5,3848150.2,3357061.0,2900703.2,3416621.8,3381158.2,3141558.0,3784473.5,3478959.0,3791209.0,3862325.0,3540213.8,4497053.0,4269590.5,4322212.0,0,
1988,417.24568674216675,7.9221287,,,,,,,,,,,1658676.9,1312628.5,1944946.0,0,5657192.0,2650451.0,2843996.8,2568589.8,2265076.2,2241749.0,2130086.0,1944404.4,2070147.5,2193936.0,1871251.0,2182025.0,2337052.5,2361313.8,2369616.0,2456631.2,2694598.8,2805915.8,2685711.5,0,
1989,549.3035452727851,7.9256964,,,,,,,,,,,3421151.2,4454663.5,7066521.5,4609210.5,1.3392239E7,9788094.0,9761848.0,8891224.0,9562661.0,9614909.0,9093862.0,8963486.0,8674841.0,7967843.5,7053475.0,7957968.0,8991232.0,8974629.0,8038249.0,8144643.5,9742626.0,1.004695E7,1.0359619E7,0,
1990,403.22999135106517,7.926633,,,,,,,,,,,3276973.5,3252276.2,3366965.0,3013257.0,2948434.2,6055765.5,5874277.0,5367899.5,6281478.5,5885515.0,5104242.5,5786939.5,5194876.0,4638005.0,3980833.2,4812298.0,5314265.5,5216018.0,4874299.5,5069980.0,5768421.5,5720877.5,5812873.5,0,
1991,244.09281444897795,7.9288526,,,,,,,,,,,3384037.5,3088551.0,2039063.8,2646969.0,6431180.5,1113645.0,0,1479461.2,0,0,0,0,0,1724412.9,1749821.1,1828146.8,1861035.5,1882464.8,2057307.2,1279680.9,1370408.0,1296541.4,0,0,
1992,189.13490798197265,7.927701,,,,,,,,,,,0,0,0,0,1.6586783E7,7411472.5,5610252.0,4827618.0,0,0,0,0,0,3017308.2,2853051.0,3230753.2,3438356.0,3372469.8,3721975.5,8606800.0,6935847.0,7166996.5,6486032.0,0,
1993,262.1034303650211,7.9274006,,,,,,,,,,,6375121.5,5719744.5,3854943.5,4374652.5,1.189414E7,1870952.9,2347613.2,2692199.5,1328206.4,1831890.0,1118332.5,0,1408939.8,3282340.8,3010636.8,3254418.2,3358669.8,3357946.5,3504090.0,2227681.0,2717659.0,2306740.8,1924054.5,0,
1994,324.66231261489594,7.934863,,,,,,,,,,,0,0,1758211.0,0,4219844.0,3948610.2,3522875.2,3279182.0,3426605.0,2929533.5,3124273.2,3276255.2,2970468.2,2592270.5,2458708.8,2389715.5,2932645.5,2451467.2,2589639.2,2695794.0,3373624.8,3189146.8,3408595.2,0,
1995,533.2748905681851,7.92981,,,,,,,,,,,2454783.2,2944888.8,4035752.0,2876856.5,3564010.8,0,1659981.5,1715684.9,1910802.5,1628229.1,1717414.2,1446251.9,1610919.6,2032970.4,1906412.4,1823469.1,1947103.4,1745819.4,1911419.9,1547645.9,1827637.1,2019268.9,1831985.6,0,
1996,648.3178897253432,7.933791,,,,,,,,,,,0,0,1613701.4,0,4071744.0,3532299.0,3157646.2,2941129.2,3204686.2,2781789.0,3037224.2,3101850.5,2904742.5,2289436.0,2550334.2,2161417.8,2696140.5,2658097.2,2304755.8,2725303.2,3307804.5,2981979.0,3322234.0,0,
1997,312.16666143567033,7.9377794,,,,,,,,,,,8615395.0,8166376.5,7541007.0,8073719.0,9449148.0,1.1104141E7,1.059583E7,9756774.0,1.0187968E7,9116010.0,8516450.0,8737736.0,9041229.0,8957701.0,8429581.0,8152441.5,9727389.0,9315356.0,9188748.0,1.0379534E7,1.0519361E7,9254494.0,9818851.0,0,
1998,189.15979740910774,7.9547644,,,,,,,,,,,3.5710844E7,3.1342424E7,3.298633E7,2.966379E7,3.5815652E7,3.9651296E7,3.654381E7,4.371186E7,3.849784E7,3.3481096E7,3.44701E7,3.5397092E7,3.843161E7,3.0077468E7,3.4268892E7,3.5506796E7,3.3456808E7,3.5461316E7,3.4482652E7,4.0973184E7,4.6752108E7,3.947617E7,5.0864116E7,0,
1999,374.239909306846,7.9616914,,,,,,,,,,,3463902.0,3973682.2,4833179.0,3820929.5,3497954.2,4916362.5,4788233.0,5438920.5,4731946.0,4805266.5,5505701.0,4489791.0,4773786.5,4606741.0,5490567.0,5163145.0,4725823.0,4708270.0,4627023.5,4958716.0,5321626.5,5122057.5,5833687.5,0,
2000,260.1969303998954,7.964979,,,,,,,,,,,0,0,0,0,9.1768104E7,0,0,0,0,0,0,0,0,0,0,0,0,0,0,0,0,0,0,0,
2001,356.1926946173731,7.9654927,,,,,,,,,,,1826818.1,1968793.5,3265964.0,1961161.1,5495023.0,3985488.2,4009829.8,4354024.5,3566058.2,3599713.5,4337792.0,3231819.2,3586654.5,3552577.2,4144496.2,3982437.2,3397295.5,3555949.2,3401695.8,3839597.2,3895289.5,4125184.0,4783262.0,0,
2002,504.2665051956174,7.973752,,,,,,,,,,,6354596.0,7205983.5,9256592.0,7226749.0,3368452.5,8191264.0,8504400.0,9961834.0,7853992.0,7476424.5,9358545.0,7993697.5,8153194.0,6365251.0,8642887.0,8166630.0,7660399.5,8630202.0,8034120.5,7991821.5,8818771.0,8332489.0,9337354.0,0,
2003,324.1666081764899,7.979272,,,,,,,,,,,1654484.1,1739812.9,2565165.8,1863236.9,2414560.5,2788686.0,3058418.0,3613248.8,3190288.0,2748047.2,3301911.0,3020760.0,2963171.5,2635284.8,2924837.5,2583207.0,2572226.0,2749235.2,2477453.8,2683731.0,2727485.8,2966236.8,3020870.2,0,
2004,340.17990142031334,7.9820156,,,,,,,,,,,8121148.0,8137043.0,7626687.0,6513449.0,9588989.0,0,0,0,0,0,0,0,0,1935619.1,1611892.2,1570159.9,1763159.0,1555721.9,1483299.8,0,0,0,0,0,
2005,255.1452006451869,7.9850793,,,,,,,,,,,0,0,0,0,2.797571E7,0,0,0,0,0,0,0,0,0,0,0,0,0,0,0,0,0,0,0,
2006,679.3527132974959,7.980733,,,,,,,,,,,6.7037212E7,6.3749668E7,7.083242E7,6.0407836E7,8.4872984E7,0,0,0,0,0,0,0,0,1.3890082E7,1.5714872E7,1.4316111E7,1.4423979E7,1.4554435E7,1.2356658E7,1025993.6,0,0,1186812.1,0,
2007,234.10844292886796,7.973941,,,,,,,,,,,1893031.2,1991250.1,1697999.5,1600282.0,2.0356446E7,0,0,1285423.8,0,0,0,0,0,981021.2,1194741.1,0,0,0,1060211.4,0,1351912.5,0,1146933.8,0,
2008,243.15791281311755,7.9979043,,,,,,,,,,,5.8838628E7,5.2108064E7,5.796592E7,5.8020524E7,5.93422E7,7.010383E7,6.7187384E7,7.70533E7,7.013909E7,7.112225E7,6.631301E7,7.780979E7,7.75849E7,7.778641E7,6.743478E7,6.4879176E7,7.0879976E7,6.338383E7,6.6088492E7,6.938244E7,6.4653332E7,6.939214E7,7.2598056E7,0,
2009,331.2339342549337,7.9979897,,,,,,,,,,,3809466.8,3477311.2,5328789.5,4007194.2,7341144.0,6633577.5,6581136.5,7595244.0,7500075.5,7098431.5,6756146.0,7547079.5,7597877.5,6872197.0,6306621.0,5776684.5,6567896.0,5390751.0,5693854.0,6250668.0,5813137.0,6887474.5,7557962.5,0,
2010,485.3087490765586,7.9980836,,,,,,,,,,,2.855728E8,2.8455555E8,3.6036867E8,3.1091888E8,3.3400758E8,3.7113626E8,3.617791E8,4.4719536E8,4.3796086E8,3.8648842E8,3.9913286E8,4.345374E8,4.132381E8,3.8495523E8,3.8579936E8,3.2160618E8,3.9123318E8,3.2790246E8,3.297232E8,3.4978307E8,3.525186E8,3.857253E8,3.9688534E8,0,
2011,507.29014123591236,7.9990053,,,,,,,,,,,2106670.2,2014112.4,2791364.5,2173548.2,0,2897184.8,2884944.8,3767289.5,3785418.5,3188731.2,3146033.5,3958458.5,3656239.8,2626963.5,2552435.5,2162023.0,2820462.8,2431810.0,2376540.8,2824713.2,2852459.2,3197509.8,3450397.2,0,
2012,175.14415988483893,8.002936,,,,,,,,,,,1.2492285E7,1351662.1,1583587.1,1133551.5,2.5844452E7,2.8145772E7,2.4289164E7,2.7752502E7,2.7800206E7,2.1944522E7,2.1097908E7,2.4573232E7,2.746744E7,1.6456635E7,1.4311298E7,1.4850336E7,1.5752463E7,1.7292354E7,1.7926704E7,2.7480392E7,2.3421504E7,2.7064796E7,2.9015792E7,0,
2013,701.3343924879513,8.00227,,,,,,,,,,,2819317.2,2851795.5,3077186.0,2683186.0,2624169.5,0,0,0,0,0,0,0,0,0,0,0,0,0,0,0,0,0,0,0,
2014,375.2237005413438,8.003249,,,,,,,,,,,3429353.0,3483491.5,4007154.0,3860644.2,2644743.5,4761405.0,4573891.5,5077509.5,5917461.5,5190971.0,5356410.0,5753714.5,5417831.0,4811421.0,4308332.5,3989322.0,5075797.5,4158440.2,4310581.0,4768040.0,4344879.0,4784597.5,5193281.0,0,
2015,361.24452083122696,8.0085745,,,,,,,,,,,5567016.5,5807128.5,7175676.5,6464463.5,7867221.0,7428373.5,7120217.0,7248095.5,6408524.0,6893677.0,7032670.5,8028655.5,7964943.5,6844462.0,6398552.0,6358189.0,7038505.5,6284893.0,6608200.0,6621715.0,7433284.5,6907948.0,7738038.5,0,
2016,317.2183559766705,8.019617,,,,,,,,,,,7491247.5,8966462.0,8089311.5,9493204.0,1.0189004E7,6851772.5,6410331.0,7526035.0,5687108.5,6033983.0,6020514.0,5871298.0,6531500.0,7254535.0,6586769.5,6726914.5,7043933.0,6695977.5,6836168.0,6757430.0,6941633.5,6519011.5,8258118.0,0,
2017,389.2394447761605,8.020056,,,,,,,,,,,2.0198922E7,2.3738494E7,2.9108496E7,2.7740338E7,3.684437E7,4.2356256E7,3.9203348E7,3.7803044E7,3.7986896E7,3.9176516E7,3.939141E7,4.9380096E7,4.1697492E7,3.5850136E7,3.097631E7,3.3456784E7,3.5313896E7,3.3943396E7,3.42083E7,3.2593282E7,3.72471E7,3.5930516E7,3.7479064E7,0,
2018,390.16202211031157,8.023532,,,,,,,,,,,9865765.0,1.1888973E7,9521629.0,1.2127325E7,9735164.0,1.1612041E7,1.0393079E7,1.0580032E7,1.0052658E7,1.1105016E7,1.0382219E7,1.2623546E7,1.1385385E7,1.0999349E7,9605433.0,1.032971E7,9578507.0,1.0484762E7,1.0249835E7,8757380.0,1.0948633E7,9868591.0,9266688.0,0,
2019,345.22446379238727,8.024441,,,,,,,,,,,2933263.5,3197013.0,3901221.5,3514652.8,1.5050593E7,3544315.2,2985655.2,3942281.2,1807252.4,1846635.6,1913379.4,1721686.0,2998567.5,3622689.8,3075516.8,3544780.0,3477671.2,3547646.8,3385578.0,3680586.5,4005214.8,3512509.2,3194375.5,0,
2020,193.08201912203802,8.024877,,,,,,,,,,,0,0,0,0,3909584.8,0,0,0,0,0,0,0,0,0,0,0,0,0,0,0,0,0,0,0,
2021,349.1353384050226,8.02984,,,,,,,,,,,0,0,0,0,0,2991586.0,2424018.5,2688526.0,3533163.2,2795523.5,2857475.0,3491278.5,3011191.0,2193396.8,2020927.4,1983040.5,1850163.1,2230037.5,2136836.0,2307245.0,3060919.0,2817551.5,2095557.5,0,
2022,417.2457619205112,7.989249,,,,,,,,,,,0,0,0,0,1.3395731E7,0,0,0,0,0,0,0,0,0,1872166.1,0,0,0,0,0,0,0,0,0,
2023,507.77246897597234,8.045944,,,,,,,,,,,4281570.0,4336254.0,4024807.2,5512174.0,0,1.1287835E7,1.1104049E7,1.2320798E7,9257604.0,1.0563403E7,1.0666063E7,1.2480374E7,1.1245217E7,1.213278E7,1.2222072E7,1.4979438E7,1.2127893E7,1.2237398E7,1.2543435E7,9912710.0,1.2158321E7,1.0732176E7,1.1690242E7,0,
2024,520.1889128806844,8.067213,,,,,,,,,,,1458919.8,1382460.6,1454416.4,1587002.6,1390509.1,2325907.2,2227758.5,1870793.6,2545122.8,2539711.8,2476923.0,2339011.5,2666968.8,1871900.2,2418740.2,2428885.5,2050794.5,2408401.2,2334562.8,2151800.8,2539192.8,2352101.8,2262434.8,0,
2025,504.2486742658963,8.0664835,,,,,,,,,,,1714438.2,1865167.2,2130122.5,2109158.8,2165039.8,2263733.5,2164001.8,2315183.2,2245923.2,2229817.0,2464481.5,2295736.5,2560305.8,2042660.1,2116464.8,2573847.8,2136974.5,2144358.5,2263839.5,2053942.4,2410048.0,2229056.2,2184244.8,0,
2026,347.2289859163534,8.067776,,,,,,,,,,,8470651.0,8470319.0,1.1090822E7,1.0367362E7,1.2211794E7,1.2733466E7,1.2610174E7,1.1710122E7,1.1711409E7,1.2040071E7,1.3482111E7,1.220276E7,1.3638953E7,1.1289116E7,1.1984809E7,1.4512055E7,1.20828E7,1.2652101E7,1.2785738E7,1.1656212E7,1.428099E7,1.341553E7,1.314804E7,0,
2027,849.3478528449308,8.07179,,,,,,,,,,,2851279.0,2731591.2,3074306.5,2900840.2,2154858.2,3048271.8,2569382.5,2780178.5,3470849.0,3037454.0,2854550.5,2689048.8,3636650.8,2733073.2,2813274.0,2919727.0,3440195.8,3085975.0,3754361.0,3140662.2,3372876.0,2644563.8,2825494.5,0,
2028,341.218495200714,8.075911,,,,,,,,,,,6490560.5,5177393.0,4244503.5,5197015.0,2863750.0,3791726.0,3672787.5,4160591.5,3335474.2,4189311.5,3972583.8,3777793.5,3912203.2,4209355.0,4224016.5,4972642.5,4443092.0,4324628.0,4381042.5,4181342.2,4301587.5,4243929.5,3920012.8,0,
2029,423.2237406697942,8.088099,,,,,,,,,,,1487221.0,1369354.2,1966081.4,1678007.1,2193161.5,2447011.8,2378537.2,2760888.2,2213581.8,2030913.4,2525390.5,2432514.8,2359586.5,2144056.5,2187164.0,2092781.1,2193313.5,2174831.8,2162709.8,2147501.8,2408689.8,2485967.8,2416392.2,0,
2030,418.26608606591884,8.109123,,,,,,,,,,,2545517.8,2651736.5,3296088.5,3076526.0,6548256.5,3009850.2,2924675.2,3420321.5,2353257.5,2352569.8,2638472.0,2396120.0,2947551.2,3046518.5,2782313.5,3077860.2,2745452.8,2935097.0,3131013.2,2298099.8,2403107.5,2655113.0,2763693.2,0,
2031,487.2147512304839,8.109727,,,,,,,,,,,3760113.2,4039037.2,4492993.5,4134260.0,4431015.5,4783574.0,4788353.5,5380296.5,4610920.0,4197396.0,4617350.0,4289262.5,4891195.5,4011476.8,4238698.5,4656228.5,3711432.2,4415945.0,4632865.5,4252859.5,3997069.0,4568918.0,4060750.8,0,
2032,505.25201148381353,8.111624,,,,,,,,,,,2700380.5,1834972.4,0,1783348.9,0,0,0,0,0,0,0,0,0,0,0,0,0,0,0,0,0,0,0,0,
2033,591.2262963400993,8.113993,,,,,,,,,,,1959735.8,1855039.6,1518678.4,1584446.2,2403284.8,0,0,0,0,0,0,0,0,0,0,0,0,0,0,0,0,0,0,0,
2034,416.16008926721486,8.116972,,,,,,,,,,,2216976.0,1931763.1,2985984.0,2340348.5,4505106.5,5646965.0,5039477.5,5136492.5,5684443.5,4290959.5,5044232.0,5552549.0,5553781.5,3866620.2,3602961.8,4060122.5,3241700.8,3711462.0,4168454.2,3901990.8,3686489.0,4929892.0,4520860.0,0,
2035,235.11904686416003,8.119153,,,,,,,,,,,4.363272E7,3.4377124E7,2.393156E7,3.3109476E7,2105522.2,7976480.5,1.0745796E7,1.484726E7,6834405.5,1.1072623E7,5176147.5,5600989.0,8522725.0,2.0502084E7,1.738659E7,1.934161E7,1.6401482E7,1.7119528E7,1.9693566E7,1.7577354E7,1.5052525E7,1.5208749E7,1.2816406E7,0,
2036,253.1296324730516,8.120507,,,,,,,,,,,3.3581312E8,2.6253078E8,1.9385134E8,2.7624205E8,2.6312112E7,6.989776E7,9.205971E7,1.221467E8,5.6919244E7,9.425051E7,4.5661148E7,4.5103108E7,6.8286536E7,1.7011898E8,1.4782698E8,1.5791366E8,1.4154435E8,1.4704971E8,1.7000771E8,1.4923677E8,1.2558329E8,1.3193901E8,1.0309108E8,0,
2037,361.2447071078882,8.118918,,,,,,,,,,,2327638.8,2286152.0,5171304.0,3078668.8,6833880.0,6867173.5,7297845.5,6171671.0,6890442.0,6292584.5,7094936.0,7221392.0,6344734.5,6645804.5,6391147.5,5877133.0,6574934.0,5102112.5,5474235.5,5586921.5,5681084.0,7449249.5,6385154.5,0,
2038,331.2089792192785,8.133459,,,,,,,,,,,3992781.0,3412768.8,4285178.5,4039870.2,1.3516254E7,2096959.1,2197674.0,2424563.0,1106313.8,1403429.5,1526265.8,1072129.0,1749442.9,3721572.2,3036646.8,3000587.2,3066477.5,3078484.5,3253345.5,2428606.5,2146368.5,2482467.5,2723860.0,0,
2039,414.27143284645973,8.141182,,,,,,,,,,,7296822.0,6566487.5,5108108.5,6258276.0,2376353.8,2756311.8,3084427.0,3251524.2,2834977.0,3387289.8,3215199.5,2940502.8,2859895.8,4588220.0,3809345.0,3866907.0,4030499.0,3617420.2,3945319.2,3020718.8,3121176.8,3077837.0,3033171.0,0,
2040,391.14615649401424,8.155169,,,,,,,,,,,2.0361376E7,2.2072648E7,2.184188E7,2.0393164E7,1.4740216E7,1.8561484E7,2.0545326E7,2.085663E7,2.165586E7,1.9802666E7,1.696983E7,2.0645648E7,1.95442E7,1.572261E7,1.7303044E7,1.7747116E7,1.7173448E7,1.9742006E7,2.1997712E7,1.6552384E7,1.9571864E7,1.8653636E7,2.2120312E7,0,
2041,417.2458726745479,8.153772,,,,,,,,,,,2370481.2,2843706.5,3540836.5,2684407.8,6256156.5,4717581.5,5284051.0,4475642.5,5729296.5,4627430.0,4807498.5,4908993.0,4844787.5,3625409.2,3779361.2,4041562.0,4043906.0,3937353.0,3991202.0,3722433.2,4530386.0,4582331.5,5040880.5,0,
2042,306.1595816149061,8.167261,,,,,,,,,,,0,0,0,0,5475825.0,0,0,0,0,0,0,0,0,0,0,0,0,0,0,0,0,0,0,0,
2043,317.21856663117967,8.168116,,,,,,,,,,,1.5800821E7,1.6475829E7,2.0893608E7,1.7075924E7,3.9737744E7,1.6446098E7,1.8545194E7,1.8370892E7,1.2986295E7,1.1853221E7,1.1221167E7,9891692.0,1.5554353E7,1.5620133E7,1.5864636E7,1.6425236E7,1.6257213E7,1.6547415E7,1.7539036E7,1.6503262E7,1.9273286E7,1.6936202E7,1.879755E7,0,
2044,335.1563205109116,8.1685705,,,,,,,,,,,1.4108435E7,1.4133896E7,2.1450138E7,1.5776093E7,1.730928E7,6512054.5,7580744.0,8251261.0,3902342.2,5737229.0,5234990.5,4521020.0,6657263.0,9745821.0,1.0169854E7,1.0087239E7,9672429.0,1.0481189E7,1.0091069E7,6660338.5,7624715.0,5980805.5,9169072.0,0,
2045,572.3411191419447,8.1696005,,,,,,,,,,,1439618.5,1495581.0,1931859.8,1948684.9,2486706.2,5705773.5,6423109.5,5230741.0,6193118.0,5687884.0,5647052.5,6373778.0,5679189.0,4737279.0,4861267.0,5453914.0,4623438.0,5250700.0,5314266.0,4880588.0,6141910.5,5098792.5,5465095.0,0,
2046,383.2041632994606,8.174131,,,,,,,,,,,2260177.2,2352197.0,2954595.2,2504674.2,3603332.0,3823524.0,4482997.5,3751760.8,4410936.5,3797162.8,3685912.8,4057800.0,4019109.0,2951110.0,2983935.8,3135300.5,2993560.0,3114350.0,3249441.8,3341308.5,4022287.0,3488009.8,3817180.2,0,
2047,386.2403536498118,8.186954,,,,,,,,,,,4840356.0,4813496.0,5370064.5,4875293.5,5631430.0,5958429.0,6530531.0,5308702.5,6222837.5,5833037.5,6236233.0,6934417.0,6247199.0,5100246.5,5661923.0,5513786.0,4943027.0,5735156.5,5633565.5,5648653.5,6278353.0,5336488.0,5715922.0,0,
2048,262.10367871914207,8.187191,,,,,,,,,,,3264179.2,2613135.2,2780484.5,2343912.8,7844638.5,3435943.5,3134865.8,3353866.2,3499087.0,2673959.5,2702615.2,3066788.2,3520703.8,2877294.0,3058363.8,2997594.0,2859682.0,3338862.8,3638348.5,3395429.2,3648442.2,2743132.8,3653916.5,0,
2049,375.23578888832986,8.194882,,,,,,,,,,,1643850.0,1534256.6,1664236.8,1423867.8,4690596.0,3349561.2,2874739.2,2450001.0,2552701.0,2390598.2,2878524.5,2857057.0,2884885.5,2262643.8,2423308.0,2279366.2,2123409.2,2512723.0,2574001.0,3012503.2,2948828.8,2454382.2,2999814.5,0,
2050,613.3678538235207,8.194564,,,,,,,,,,,0,0,0,0,0,3038320.2,2918117.2,2367200.0,3017970.8,2720442.8,3014843.8,3584692.2,2781392.2,2656910.0,2868099.8,2822133.0,2386056.2,2913440.5,2536736.0,2779193.5,3106966.8,2404055.2,2658142.2,0,
2051,274.187546632833,8.197725,,,,,,,,,,,0,0,0,0,7.754606E7,0,0,0,0,0,0,0,0,0,0,0,0,0,0,0,0,0,0,0,
2052,319.1401366365023,8.197725,,,,,,,,,,,0,0,0,0,4965176.0,0,0,0,0,0,0,0,0,0,0,0,0,0,0,0,0,0,0,0,
2053,342.1776755313486,8.204698,,,,,,,,,,,3850373.8,3889870.5,4247785.5,4130980.5,4388387.5,6127446.5,5625023.0,4725897.5,5509930.5,4817973.0,5299420.5,5840589.5,5017154.5,4373422.5,5040538.5,4638357.5,4233390.0,5362357.0,4746752.0,5432868.0,5308915.0,4794734.0,5312008.0,0,
2054,471.2933200126067,8.210459,,,,,,,,,,,2441644.8,2916138.0,2763113.2,3201202.2,1793936.5,1.3193033E7,1.2608743E7,1.0305628E7,1.3097719E7,1.0998554E7,1.238721E7,1.4125068E7,1.075851E7,9820603.0,1.1696678E7,1.0281522E7,9367993.0,1.2820989E7,1.01397E7,1.1866598E7,1.1676525E7,1.0955882E7,1.0875843E7,0,
2055,278.15332672850246,8.2076235,,,,,,,,,,,0,0,0,0,1.0023748E7,0,0,0,0,0,0,0,0,0,0,0,0,0,0,0,0,0,0,0,
2056,374.2402437321079,8.210602,,,,,,,,,,,3925690.0,3568427.2,3765462.5,3678551.0,3943516.0,4790996.5,4785156.5,4353601.0,5097144.5,4345365.0,4685846.5,4742032.5,4582549.5,4395119.5,4485915.0,4642778.0,3965171.5,4796426.0,4688469.5,4304496.5,4756801.5,4437112.5,4134909.2,0,
2057,381.71151935184616,8.237553,,,,,,,,,,,1180879.8,1445111.4,1850841.5,1582452.1,3121349.2,0,0,0,0,0,0,0,0,0,0,0,0,0,0,0,0,0,0,0,
2058,222.61778723860488,8.230275,,,,,,,,,,,1204204.5,1142355.4,1181232.6,1103169.9,3297056.0,1702808.0,1724584.0,1594497.4,1879832.1,1390606.8,1316977.5,1645799.4,1610482.9,1742483.5,1779562.2,1930239.8,1746889.2,1971394.0,1935504.6,1635813.0,1568905.6,1431660.0,1655028.0,0,
2059,374.69024468185273,8.231206,,,,,,,,,,,2233501.2,2358115.8,2123513.5,1843317.0,2842163.8,0,0,0,0,0,0,0,0,0,0,0,0,0,0,0,0,0,0,0,
2060,748.3735421527061,8.232955,,,,,,,,,,,4830683.0,4333085.0,3636502.2,3499353.0,4799165.0,0,0,0,0,0,0,0,0,1622206.2,1654992.6,2093384.1,1541761.6,1909561.5,1927357.9,0,0,0,0,0,
2061,389.2399567188481,8.237679,,,,,,,,,,,5.8031444E7,5.6902508E7,6.5759516E7,5.8844064E7,2.4261744E7,5.833471E7,7.472495E7,7.258114E7,6.92118E7,7.266027E7,6.3651744E7,6.7124664E7,6.931938E7,6.2384896E7,5.8686468E7,7.663452E7,6.2677136E7,7.24635E7,7.95586E7,6.2696156E7,6.813327E7,6.913372E7,6.6578316E7,0,
2062,229.15485678814332,8.238983,,,,,,,,,,,0,0,0,0,5474901.0,0,0,0,0,0,0,0,0,0,0,0,0,0,0,0,0,0,0,0,
2063,246.1814531638086,8.190295,,,,,,,,,,,0,0,0,0,1.9167098E8,0,1306388.8,1270682.8,1231654.4,0,0,0,1251494.6,1135679.6,0,0,0,0,0,1208933.5,1323556.4,1109637.6,1289145.5,0,
2064,390.2430166549704,8.239011,,,,,,,,,,,1.1586079E7,1.2160854E7,1.2863062E7,1.3312011E7,4725351.0,1.1663258E7,1.4134442E7,1.3781097E7,1.5553987E7,1.4224244E7,1.2369568E7,1.3645348E7,1.3745622E7,1.2721844E7,1.1687187E7,1.5745521E7,1.231809E7,1.4147608E7,1.5818835E7,1.3517293E7,1.3498013E7,1.3620814E7,1.2912187E7,0,
2065,404.25056573561784,8.247293,,,,,,,,,,,3075413.0,3181063.8,3113363.2,3258334.5,3096357.5,3252668.8,3251259.8,3177495.0,3139164.2,2803173.5,3220093.8,3353227.5,2957209.5,2748806.5,3126965.8,3209641.8,2974584.0,3298304.8,3496294.5,2841860.0,2938645.2,2874083.5,2813953.0,0,
2066,345.2246387437946,8.248387,,,,,,,,,,,0,0,0,0,4057279.8,0,0,0,0,0,0,0,0,0,0,0,0,0,0,0,0,0,0,0,
2067,249.07216720585046,8.258102,,,,,,,,,,,2534073.0,2101604.2,2491321.5,2125336.8,1688415.9,1833533.1,1910106.5,2590270.0,2372877.2,2066764.4,2093631.0,2272409.2,2472980.2,1589966.9,2080726.4,1848316.6,1881255.6,2545922.5,2639573.2,2105258.8,2220695.5,2035458.1,2258269.5,0,
2068,523.7546093983044,8.255767,,,,,,,,,,,3859633.0,3341401.0,3614054.2,3660387.2,2571170.8,3025415.8,3269603.8,4221906.5,3431855.5,3510810.8,3750854.5,3558689.5,3929800.0,3526796.8,3520566.2,4111061.5,3933104.5,4626696.0,4249703.0,3305021.8,3342316.8,3531016.8,3580637.5,0,
2069,403.2304405174662,8.261403,,,,,,,,,,,3077277.8,2804544.0,2845414.2,2971814.8,2820762.2,3374505.8,3314008.2,4156135.0,3261247.5,3303138.0,3767930.8,3483922.5,3832952.0,3386238.2,3090790.0,3575147.0,3292207.8,3942978.5,3903526.5,3129576.0,3548764.5,3700515.2,3383923.5,0,
2070,397.21980711129305,8.262857,,,,,,,,,,,3385731.0,3710681.0,4388110.5,4180399.0,4361885.0,6782672.5,0,7152118.5,6399383.5,6588013.0,7779630.0,5791553.5,6733009.5,6064189.5,6268870.5,6033426.0,5554453.0,5878365.5,6386935.5,6051009.5,5877806.0,6406051.5,0,0,
2071,388.23159324416787,8.268281,,,,,,,,,,,1870983.0,1837954.0,1805349.6,2122197.2,1581808.5,2569373.2,2356929.2,2967821.5,2505181.8,2266159.5,2954418.8,2646531.5,2798416.8,2128116.2,2264401.5,2385436.2,2350141.0,2732786.8,3095728.5,2385802.2,2840576.8,2800155.5,2523362.5,0,
2072,493.178334717795,8.270404,,,,,,,,,,,3.0426986E7,2.91163E7,2.698125E7,3.142201E7,2.1544684E7,2.4126782E7,2.242237E7,2.8614778E7,2.1232204E7,2.1378976E7,2.7662954E7,2.458291E7,2.7156494E7,2.1571116E7,2.752045E7,2.4795388E7,2.6114014E7,2.9873714E7,2.9777092E7,2.1306344E7,2.5154782E7,2.2281828E7,2.3172696E7,0,
2073,389.2158277498848,8.2802105,,,,,,,,,,,0,0,0,0,3331720.5,0,0,0,0,0,0,0,0,0,0,0,0,0,0,0,0,0,0,0,
2074,252.13460830925965,8.286872,,,,,,,,,,,2440570.2,2009805.2,2262735.8,2049436.5,2585342.5,2657459.5,2598689.8,2861413.5,2746001.8,2478978.2,2549298.2,2642601.5,2894130.5,1812364.4,2379825.0,2198609.5,2341504.8,2694485.8,3182595.8,2574922.8,2810291.0,2556613.0,2694964.2,0,
2075,303.20284546120655,8.290965,,,,,,,,,,,1.7723572E7,1.7384728E7,1.8163908E7,1.75289E7,2.190553E7,1.334096E7,1.3185983E7,1.4357581E7,1.1039586E7,1.271463E7,1.3290038E7,1.0923622E7,1.3884176E7,1.2608795E7,1.5441512E7,1.4230845E7,1.4591309E7,1.5506538E7,1.5728351E7,1.4885681E7,1.5228553E7,1.2106882E7,1.5298332E7,0,
2076,629.3625619615343,8.294125,,,,,,,,,,,4242101.0,4985748.5,6591692.5,5490144.0,7525442.0,8764541.0,8696509.0,8560865.0,9007075.0,9021674.0,1.0774892E7,1.0533662E7,9863736.0,7456724.0,9317619.0,7628512.0,8647387.0,9370056.0,9360104.0,8056877.0,9243750.0,7952856.5,9078098.0,0,
2077,398.12850174744943,8.296848,,,,,,,,,,,2720666.5,3030658.0,2860163.5,2839461.0,1603350.5,2450282.5,2998925.8,2651265.0,2901515.8,3049581.5,3182489.0,3266287.8,2778453.2,2419699.8,2609530.5,2329212.2,2554555.2,2643835.5,2480932.2,2562134.5,2832180.5,2483854.8,2658775.0,0,
2078,376.1467113858213,8.296418,,,,,,,,,,,1.8446712E7,1.9173216E7,1.7890244E7,1.8057958E7,1.3311077E7,1.5768283E7,1.7629658E7,1.6478715E7,1.7748538E7,1.8737126E7,1.9689374E7,1.8411542E7,1.748758E7,1.5259669E7,1.799822E7,1.6243799E7,1.7468294E7,1.8971104E7,1.8324772E7,1.6010577E7,1.9390324E7,1.4912069E7,1.7897632E7,0,
2079,315.1848207562785,8.2964525,,,,,,,,,,,1590077.9,1659615.1,2145112.8,1791288.8,2643222.0,2997345.0,3000011.5,2893306.8,3099248.8,3051386.2,3102089.8,2907128.8,3010837.0,2414210.0,2940422.2,2726558.2,2527993.8,3031752.2,2847854.5,2654563.0,3036738.8,2620194.0,3065196.2,0,
2080,521.1733165255612,8.30232,,,,,,,,,,,3418843.5,3397221.8,2960799.0,2996480.8,2382142.5,2899601.2,2980931.8,3334442.2,3256466.2,3222759.5,3099817.0,3478461.5,3654381.5,2650574.0,2850550.2,2849095.5,3396963.0,3746324.0,4282551.5,2656742.5,3751851.8,3184332.8,3369223.5,0,
2081,347.2291009397615,8.305453,,,,,,,,,,,1.6507949E7,1.7797432E7,2.2885328E7,1.6359777E7,2.622269E7,2.422016E7,2.3747524E7,2.5534084E7,2.1547228E7,2.5230296E7,2.6164812E7,2.5345774E7,2.57011E7,2.2665668E7,2.2215934E7,2.1090018E7,2.517036E7,2.4022954E7,2.395005E7,2.4922238E7,2.74226E7,2.7168318E7,2.6465404E7,0,
2082,375.22407257983826,8.3118,,,,,,,,,,,6934593.0,7923112.0,8349584.0,7242672.0,5579648.0,7521966.5,7348824.0,7666068.0,7161843.5,8220739.0,8304437.0,9171408.0,8522047.0,7433376.5,7453689.0,7048525.5,8715097.0,7827468.5,7969602.0,7382877.0,8121140.5,8755860.0,8077950.5,0,
2083,475.28797153204846,8.310037,,,,,,,,,,,2725852.0,3149967.5,3186552.8,2790071.8,3523420.8,0,0,995781.7,0,0,1023834.06,0,0,1697643.2,1768868.8,1605869.2,1915076.2,1997267.4,1810349.1,966773.06,1015320.9,0,0,0,
2084,221.07696311655326,8.31767,,,,,,,,,,,2914918.5,2585232.2,2810600.2,2532176.0,2070267.4,2710396.8,2579895.2,2827850.0,2978345.5,2674960.0,2416318.2,2894508.8,3033811.2,2318610.0,2323224.2,2424984.0,2670721.8,2790491.8,3049555.2,2556938.5,3023015.8,2694738.0,3059135.5,0,
2085,161.12850671911593,8.3210125,,,,,,,,,,,2866424.0,0,0,0,7851666.5,7624554.0,7408782.0,7974938.0,6487843.0,1732122.4,2114243.0,1895840.0,6419364.0,4367724.0,4278177.5,4720958.0,4959605.0,4494978.5,4853454.5,9172502.0,7861638.5,8397897.0,7196150.0,0,
2086,403.1937970725165,8.339954,,,,,,,,,,,0,0,0,0,0,2752435.2,2598653.8,1968504.6,2405870.5,3682191.8,4829568.5,3615203.2,2069306.4,4374849.0,4187561.0,4044479.8,3947877.2,2585846.0,1937783.0,3632141.8,2477164.5,3534446.2,1945436.4,0,
2087,706.2530534957071,8.346545,,,,,,,,,,,6744253.0,6745798.0,7114919.0,6009522.0,6894184.0,6850529.0,6020771.5,6924828.5,6837463.0,6425559.0,8143031.5,8876505.0,7624763.5,6282205.5,6282617.0,6161399.0,7325138.0,7381974.5,7641530.0,5986390.5,7399842.0,6802301.0,7987873.0,0,
2088,634.3566131027225,8.346575,,,,,,,,,,,2064305.5,2547354.5,2553757.8,2171402.0,2291794.0,0,0,0,0,0,0,0,0,1502127.1,1702627.9,1428447.0,1457809.1,0,1061570.2,0,0,0,0,0,
2089,274.1873709335148,8.352441,,,,,,,,,,,0,0,0,0,1.24653224E8,0,0,0,0,0,0,0,0,0,0,0,0,0,0,0,0,0,0,0,
2090,403.23031478243547,8.286609,,,,,,,,,,,0,3024904.8,0,0,3635014.0,3438430.0,0,0,0,0,0,0,3850557.5,0,3195865.8,0,0,0,3873820.5,0,0,0,3186116.8,0,
2091,464.1990758162915,8.365252,,,,,,,,,,,5142534.0,5252521.5,5538651.0,4441795.5,3824425.8,1560199.0,1401403.6,1852162.9,966210.8,1976434.1,1846267.4,1371011.8,1750771.4,2760663.0,3154595.0,2344420.2,2829982.2,2319293.2,2347162.8,1689014.5,1627075.0,1698429.9,1631978.6,0,
2092,272.17177418717216,8.397636,,,,,,,,,,,2037966.1,1084839.6,0,0,1.3009039E7,0,0,0,0,0,0,0,0,1625647.8,1646018.2,1776848.8,1645643.9,1420783.5,1350961.1,0,0,0,0,0,
2093,375.23547327245535,8.374486,,,,,,,,,,,1811452.9,1616635.9,2041326.4,1684321.2,4769426.0,1234155.4,1215525.6,1057738.5,996674.6,1769562.9,2221878.2,1608222.1,1426544.5,2110023.0,2145022.8,1760173.4,2006632.0,1488464.1,1201099.9,1850789.6,1127449.4,1612001.4,1073396.5,0,
2094,492.19395993394266,8.382417,,,,,,,,,,,8344465.5,9354173.0,1.0625912E7,9568320.0,4176300.2,1.6522913E7,1.5321873E7,1.572417E7,1.4954826E7,1.76337E7,1.5147076E7,1.6998328E7,1.59046E7,1.3618843E7,1.5127464E7,1.5302708E7,1.5059361E7,1.5005568E7,1.40784E7,1.3850128E7,1.6816156E7,1.3559713E7,1.6778074E7,0,
2095,361.21954481417407,8.391084,,,,,,,,,,,3677377.0,4352232.0,4281629.5,3890299.5,2931580.5,1640083.5,1594825.9,1717829.1,0,2042291.9,1698608.8,1644980.5,1632912.5,2645726.5,2845413.2,2748457.0,2575553.5,2280934.0,1943548.4,1973009.6,1994513.9,1981905.2,1895791.9,0,
2096,157.0799461344098,8.404867,,,,,,,,,,,1393724.8,1277175.8,0,1353196.1,1.3409909E7,1.2411518E7,1.1441866E7,1.210936E7,1.2250555E7,4714979.5,6777611.0,4858479.0,1.0307126E7,6094918.0,6243376.0,7269194.0,7361304.5,9218562.0,8759863.0,9557557.0,1.0837371E7,9999671.0,1.1114801E7,0,
2097,374.24001551365257,8.4070015,,,,,,,,,,,3517051.0,3756649.8,5284731.5,3783989.5,3601625.0,2527874.0,2418221.0,2879472.2,2721397.2,3377234.5,3544254.8,3853691.8,3349388.5,3909127.0,3917235.0,3662904.0,3755392.8,3412088.5,3177593.0,2824997.0,3002995.2,3126783.2,2964698.2,0,
2098,546.288719154573,8.405456,,,,,,,,,,,0,0,0,0,5045938.0,0,0,0,0,0,0,0,0,0,0,0,0,0,0,0,0,0,0,0,
2099,324.1289048261852,8.404848,,,,,,,,,,,1965505.5,2253317.2,2438458.5,2191631.2,1302177.9,0,1115099.9,0,1129289.2,1396221.5,1536478.2,1588951.2,1345203.6,1641132.8,1606118.5,1433183.6,1567033.6,1225773.5,1398517.8,1267958.4,1266878.4,1320014.4,1204878.2,0,
2100,847.2880550349984,8.41051,,,,,,,,,,,7379087.0,6869164.5,7894146.0,6412843.5,3585444.8,6544511.0,5987599.0,7073491.0,9061249.0,5283827.5,5957577.5,7787130.0,7839615.5,4461203.0,5689414.5,5844623.0,6509334.5,8838715.0,8097623.5,5328246.0,7788673.0,6347957.0,7739849.5,0,
2101,156.07690213678546,8.407775,,,,,,,,,,,1.995344E7,1.9262602E7,1.3271998E7,1.8703694E7,2.0031869E8,1.8430613E8,1.7236469E8,1.801978E8,1.7578408E8,6.8448904E7,9.380355E7,7.21824E7,1.5092934E8,8.908456E7,9.0504296E7,1.0414972E8,1.0592841E8,1.29928344E8,1.3178114E8,1.4321085E8,1.5994034E8,1.44465E8,1.617464E8,0,
2102,361.20856663359757,8.407846,,,,,,,,,,,3115416.5,3063460.0,4744440.0,3217165.5,2553835.5,3143431.5,2985797.8,2598314.8,3383975.5,3862810.5,4218069.5,4686571.5,3891157.2,4184904.5,3933466.5,3550702.0,4063145.5,3393386.2,3467284.8,3214917.0,3634002.2,3708006.5,3133839.2,0,
2103,384.18780849030657,8.408311,,,,,,,,,,,6560552.5,7128787.0,9204429.0,7068222.5,3414234.0,3798892.2,3868258.0,3372172.5,4311604.0,5792826.5,6054195.0,6766856.0,5216758.0,6216269.0,5981725.0,5402701.0,6028813.0,4901262.5,4925927.5,4237699.5,4636627.5,4800504.0,3973028.8,0,
2104,333.19211260034945,8.414878,,,,,,,,,,,0,0,0,0,4359072.0,0,0,0,0,0,0,0,0,0,0,0,0,0,0,0,0,0,0,0,
2105,360.2243607564614,8.425947,,,,,,,,,,,1.2315629E7,1.3082515E7,1.4534422E7,1.3032469E7,5998983.5,6570009.5,7555026.5,7253624.5,6901972.5,9513836.0,1.0634785E7,9886248.0,8857858.0,8870849.0,9762756.0,9496148.0,9366480.0,8043474.0,9805820.0,7955873.5,7270553.5,8420729.0,8685299.0,0,
2106,321.14048571485733,8.42717,,,,,,,,,,,1.4608207E7,1.4188462E7,1.5523424E7,1.401996E7,9220306.0,9231867.0,1.0150528E7,9941947.0,9852557.0,1.0588706E7,1.2210846E7,1.0836484E7,1.1728346E7,1.0242275E7,1.1378142E7,1.173665E7,1.1266567E7,1.0053358E7,1.0980433E7,1.0027999E7,1.002229E7,1.0509492E7,1.1088633E7,0,
2107,247.14023158584487,8.430255,,,,,,,,,,,1.1100935E7,1.0698223E7,1.177294E7,9912398.0,3879081.2,5052380.5,5560031.5,5515244.0,5199011.0,6651171.5,6879742.5,7089278.0,6521603.5,5423140.0,5720095.5,6289121.5,6427735.0,5891200.5,6725506.0,5440920.5,5493350.0,5681527.5,6567225.0,0,
2108,534.2524935539063,8.437349,,,,,,,,,,,4085951.0,3286014.0,1936550.8,1924762.1,1.068873E7,0,0,0,0,0,0,0,0,0,0,0,0,0,0,0,0,0,0,0,
2109,444.2819714169712,8.446947,,,,,,,,,,,2612430.5,2219352.2,1603259.6,2075273.4,0,0,0,0,0,0,0,0,0,1006747.44,1074472.2,1231300.1,1332389.0,1096473.0,1638621.0,0,0,0,0,0,
2110,349.1354630902941,8.44541,,,,,,,,,,,2217343.8,2412929.2,2391380.8,2440920.8,1442207.0,3868756.2,3876439.8,4055810.5,4574665.0,4406760.5,5259986.0,4510255.5,4170375.0,3574912.0,3488834.8,4067977.2,3958063.8,3399417.2,4339702.0,3958780.2,4332598.0,4166226.8,4390783.0,0,
2111,662.3183410172751,8.457746,,,,,,,,,,,2817282.0,2898709.2,2755540.2,2952210.5,1581673.9,1029902.3,1402546.8,1416211.6,1147391.9,1644014.6,1573295.2,1541757.9,1521621.8,1466847.2,1519381.6,1799149.4,1922549.0,1563247.1,2199481.5,1279757.6,1615180.2,0,1615062.6,0,
2112,462.23875223298154,8.458351,,,,,,,,,,,1.0168754E7,9790178.0,9681758.0,1.0362461E7,6527466.0,7015666.0,8486142.0,8704203.0,7491417.0,7866806.0,9328718.0,9360614.0,9043972.0,7629959.5,8415705.0,8853485.0,9405568.0,8407507.0,1.0506086E7,8319054.5,8160800.5,8062619.5,8792119.0,0,
2113,317.2182983924601,8.462095,,,,,,,,,,,3618308.2,3101395.2,4883227.5,3629236.2,5170317.0,1267079.0,1570072.4,1663597.1,1059257.8,1299541.6,1438225.5,1412594.1,1612138.9,2170695.2,2015048.8,2249808.8,2390815.8,2274875.8,2505664.0,2007705.0,1711315.1,1518847.0,1924296.2,0,
2114,246.18149938587968,8.47903,,,,,,,,,,,0,0,0,0,1.3995339E8,0,0,0,0,0,0,0,0,0,0,0,0,0,0,0,0,0,0,0,
2115,303.2029390097198,8.462785,,,,,,,,,,,4962021.5,9651157.0,5052291.0,5330818.0,6782876.0,3196194.8,3527381.8,4078688.0,5691167.0,3251131.0,7997785.0,3243522.2,3725493.2,3424297.8,3982019.2,3336914.5,3845332.8,4251161.5,5967680.0,3816897.5,3611053.8,3567726.2,4184894.5,0,
2116,347.22923746597564,8.48863,,,,,,,,,,,1.2197046E7,1.1409193E7,1.4843735E7,1.3342572E7,1.1764975E7,8434172.0,9986248.0,9970866.0,7535776.0,9130892.0,9115599.0,9620226.0,1.0501912E7,8772100.0,9925909.0,9102997.0,1.0499006E7,1.1302354E7,1.0953179E7,9810292.0,8861026.0,8420631.0,1.1154645E7,0,
2117,375.22442062783097,8.492743,,,,,,,,,,,7815841.0,6849614.0,9771897.0,7511607.0,6505834.0,6682831.0,7039881.5,7955276.0,7404229.0,7482003.0,7682507.5,8784888.0,7765303.0,6151453.0,7922047.0,6102113.5,8037028.5,8384697.5,8214341.0,7933306.5,6964904.5,6716007.0,7775164.0,0,
2118,542.1867132216063,8.505133,,,,,,,,,,,1831237.1,1464690.2,1763717.6,1468514.8,0,1535792.0,1601882.4,1855032.6,1651329.2,1234401.2,1514646.2,1769399.6,2170820.0,0,0,1271923.8,1398385.1,1833813.5,2069276.8,1297154.5,1733900.0,1317921.5,2034533.6,0,
2119,478.17849253495746,8.501458,,,,,,,,,,,1900848.5,1819939.4,2385252.0,1928359.6,0,6209812.5,6273099.5,6628992.0,4903329.0,5451183.5,6417385.0,5708418.0,6464538.5,3910590.0,4909390.0,4367542.5,5334308.5,5538844.5,5711201.0,7041797.5,6889320.0,5164795.5,6832051.0,0,
2120,245.16919293724598,8.558244,,,,,,,,,,,1819554.0,0,0,1159132.2,2860431.0,0,0,0,0,0,0,0,0,0,1481097.8,1111535.8,1209334.1,1199476.9,0,0,0,0,0,0,
2121,847.2880629765644,8.44813,,,,,,,,,,,5815243.0,5411848.0,4185314.0,6637359.5,3456210.2,4564148.0,6240835.0,0,4292250.0,5397075.0,6249842.5,4722889.0,3925494.5,4930502.5,6468941.5,6168609.0,6828341.5,5696346.0,4600864.5,5618190.5,5557772.5,5461024.5,4925907.5,0,
2122,381.18869739549797,8.5119,,,,,,,,,,,1.5864264E7,1.2638506E7,7072957.0,1.2210172E7,0,2.2207822E7,2.1447808E7,2.5722354E7,2.7829794E7,2.2900174E7,2.4345298E7,3.158441E7,2.5851778E7,1.788735E7,1.9938116E7,1.6987422E7,2.0248564E7,2.2654686E7,2.2493854E7,2.2280074E7,2.246573E7,2.071503E7,2.1033564E7,0,
2123,262.1402558402817,8.528201,,,,,,,,,,,2560260.8,2251761.0,2701878.8,2188900.0,0,2421501.0,2260594.5,2591371.5,2212518.0,1886269.0,2058900.9,2614201.8,2293941.2,1856241.1,2165059.5,1808409.8,2260986.0,2359222.2,2651256.0,1873051.0,2715247.5,2003737.4,2459557.5,0,
2124,382.1925134021518,8.510462,,,,,,,,,,,2745493.0,2445496.8,1156515.9,2171515.2,0,3753051.8,3684735.0,4447428.5,4997171.0,4011070.8,4105578.5,5352010.0,4546942.0,3041124.2,3362223.0,2862231.8,3876664.2,4475227.5,3941673.0,4005488.0,3794802.2,3428495.2,3776839.0,0,
2125,209.1036603071277,8.520048,,,,,,,,,,,0,0,0,0,3167443.0,0,0,0,0,0,0,0,0,0,0,0,0,0,0,0,0,0,0,0,
2126,406.15748130645864,8.523567,,,,,,,,,,,1.2169695E7,1.1230376E7,1.1567882E7,1.1723124E7,9746707.0,1.1599181E7,1.1224684E7,1.3888402E7,1.0466568E7,1.099102E7,1.0446754E7,1.2004582E7,1.1205992E7,1.1069679E7,1.0379922E7,1.1780327E7,1.0692572E7,1.2032841E7,1.0763199E7,1.0245448E7,1.3426979E7,1.0885487E7,1.2333194E7,0,
2127,193.6239137185016,8.528825,,,,,,,,,,,2482088.2,2574663.0,3820799.8,2877352.5,5189897.0,5066841.0,4251003.5,5075667.0,5128798.0,4344172.5,4171765.5,4884513.0,5815650.5,4120710.5,4062357.2,4154761.2,4534825.5,3979382.0,4521479.5,3908963.0,5319280.0,4213841.5,4586410.0,0,
2128,388.2444900120457,8.529073,,,,,,,,,,,2643738.0,2769503.8,4435681.5,3317983.5,4489646.5,5464981.0,4947007.5,6023154.5,6061285.0,4753845.0,5541576.5,6227725.5,5955284.5,4511601.0,4171991.0,4457259.5,4404545.5,4483401.5,4852992.5,4115893.8,5831081.5,4767903.5,5512221.0,0,
2129,771.4742374737473,8.530724,,,,,,,,,,,0,0,1814442.5,0,4491876.5,3078698.0,2327543.2,3052804.2,3319683.8,1960888.2,3245754.5,3055661.5,3165730.2,2028304.1,0,1771224.2,1803437.0,1826820.0,2162631.0,2407351.5,3074636.5,2557927.5,3071269.0,0,
2130,338.18286510349134,8.530944,,,,,,,,,,,0,0,0,0,5451242.0,0,0,0,0,0,0,0,0,0,0,0,0,0,0,0,0,0,0,0,
2131,386.24035307556466,8.532158,,,,,,,,,,,1.30518184E8,1.2841778E8,2.0723669E8,1.483853E8,2.0192504E8,2.4527474E8,2.0300427E8,2.5892531E8,2.6328808E8,2.0411758E8,2.5664374E8,2.6189651E8,2.762501E8,1.9299632E8,1.9207998E8,1.8691429E8,2.0148554E8,1.950993E8,2.1514917E8,1.9140986E8,2.5617094E8,2.1482907E8,2.409741E8,0,
2132,387.2426179007568,8.529844,,,,,,,,,,,2.9555732E7,2.7318596E7,4.518684E7,2.89233E7,4.485061E7,5.035723E7,4.729562E7,5.300452E7,5.834804E7,4.1769636E7,5.377588E7,5.3531104E7,5.7295572E7,3.907733E7,3.94815E7,3.764351E7,4.0175108E7,3.986633E7,4.3462772E7,4.3552132E7,5.2526452E7,4.693852E7,4.9136916E7,0,
2133,321.14079230960556,8.534373,,,,,,,,,,,5.2296384E7,4.611368E7,4.9565972E7,4.6010316E7,4.2230132E7,3.803946E7,3.5543516E7,4.2352276E7,3.426135E7,3.3356728E7,3.588945E7,3.452842E7,4.165927E7,3.7892788E7,3.4057016E7,3.895763E7,4.270182E7,3.5805668E7,4.1039732E7,3.2374942E7,4.268735E7,3.7321708E7,4.303061E7,0,
2134,343.1231705670236,8.533408,,,,,,,,,,,2876045.0,2262761.8,2834465.8,2384517.8,1648839.9,1599841.2,1640192.0,1702876.6,1499087.1,1614178.5,1714058.0,0,1951424.6,1808109.8,1638519.2,1661997.0,1756606.1,1594316.8,1802534.5,1369231.4,1919648.4,1885396.0,1819234.0,0,
2135,408.22231908179396,8.531442,,,,,,,,,,,0,0,2175582.8,1223565.5,3203455.8,2147754.2,2234400.5,2481601.5,2736861.0,2046106.0,2444678.2,3002807.2,2803232.2,1983526.9,1847762.6,1710204.9,2028477.4,1666610.2,2289671.5,2491962.8,2303310.5,2142907.2,2225174.2,0,
2136,333.21358634663864,8.538695,,,,,,,,,,,8451266.0,7118871.5,8273821.0,6594670.5,5013694.0,5031308.5,4332786.5,5611822.5,4743757.5,4312848.5,5051036.5,4699206.0,6003511.5,4607923.0,4868681.0,4693263.0,5570339.5,4970843.0,5676243.5,4233711.5,5960624.5,4871727.5,5698066.5,0,
2137,227.1141897262138,8.544064,,,,,,,,,,,4077410.0,3866778.2,2975066.2,3605403.5,1.2630992E8,1270257.9,1220277.5,1828018.5,0,1420373.8,1205318.5,1307392.1,1368780.5,2150571.0,1955689.4,1824206.2,2002718.8,1907261.5,1979967.5,1344852.5,1376920.4,1346474.6,1275328.8,0,
2138,377.1311379971396,8.54234,,,,,,,,,,,3.5972144E7,3.2522512E7,3.1149484E7,2.9693812E7,2.342767E7,2.9874982E7,2.841367E7,3.4631184E7,3.561591E7,2.7676054E7,3.446062E7,3.486784E7,3.4463532E7,2.744972E7,3.2763746E7,2.8843036E7,3.207324E7,2.8327542E7,3.0656324E7,2.9078298E7,3.4805624E7,2.9557314E7,3.3048964E7,0,
2139,316.2062070297567,8.574438,,,,,,,,,,,2.8315724E7,2.33206E7,1.4922624E7,2.2282712E7,0,1.9185106E7,1.8120196E7,2.2984742E7,2.253172E7,1.7334924E7,1.5958811E7,2.16926E7,1.9827014E7,2.2224538E7,2.2861414E7,2.123945E7,2.2535734E7,1.9373834E7,2.0312626E7,1.9951252E7,2.1828338E7,2.122206E7,1.9807678E7,0,
2140,345.21382804060005,8.564311,,,,,,,,,,,2847454.2,2340083.8,1942202.9,1842982.2,0,1614366.6,1513984.6,1864639.0,2064840.4,1536225.1,1615546.1,1980433.2,1763080.2,1999706.0,1917967.9,1611329.1,1869084.6,1791915.4,0,1610078.8,1566879.5,1710600.9,1696955.4,0,
2141,244.1658379684468,8.563735,,,,,,,,,,,1.266134E7,1.0702577E7,7269149.5,1.0185877E7,2.3810268E7,7028443.0,6441103.0,7239457.0,6641194.5,7504297.5,5911869.0,6922638.0,7368276.0,9225053.0,9862650.0,9112935.0,9108212.0,8970538.0,9453492.0,7874519.0,7759385.0,7295283.5,7024182.0,0,
2142,374.2404584427202,8.565459,,,,,,,,,,,5504429.0,5130063.0,5645710.0,4590593.0,5168708.5,5447185.0,4879655.0,5640950.5,4951394.5,4764926.0,4637776.5,5481184.5,5796743.0,5254186.0,5954009.0,5156175.0,4775770.5,4987420.5,5017190.0,5149545.0,5268131.5,4866604.5,5426904.0,0,
2143,493.1782010808056,8.568524,,,,,,,,,,,4373573.5,4019998.0,4351622.0,3586604.5,1919047.8,4213912.0,3511514.5,4491552.5,3946824.0,3873646.8,3503083.8,4509961.0,4677025.0,3991493.8,3396042.5,4269966.5,3796522.8,3839188.5,4327143.5,3422022.5,3750142.0,3846167.5,3596895.0,0,
2144,329.1933360499074,8.571886,,,,,,,,,,,3168597.5,2440970.0,2123127.0,1968974.1,1785971.1,1237532.9,1049930.2,0,0,0,0,0,1306352.5,1542024.6,1609885.5,1567365.1,0,1524416.2,0,1502208.0,1605345.1,1343672.2,1482473.0,0,
2145,315.2030635520203,8.574058,,,,,,,,,,,1.7980312E8,1.473575E8,1.03566776E8,1.4894238E8,4088333.8,1.23975736E8,1.1396371E8,1.2640092E8,1.23355784E8,1.13267336E8,1.0674084E8,1.3615352E8,1.29920584E8,1.23636344E8,1.2964451E8,1.33037624E8,1.2522922E8,1.26465736E8,1.2329304E8,1.20300696E8,1.30437096E8,1.3163148E8,1.27017656E8,0,
2146,257.1246712344265,8.578981,,,,,,,,,,,0,0,0,0,1.9340262E7,0,0,0,0,0,0,0,0,1102081.5,0,0,0,0,0,0,0,0,0,0,
2147,471.29304256372563,8.582281,,,,,,,,,,,1.7218611E8,1.5675832E8,1.7313768E8,1.8712085E8,1.5361266E8,1.9199578E8,1.6803958E8,1.7820008E8,1.8445749E8,1.7988661E8,1.6297208E8,2.1797899E8,1.8731704E8,1.7165837E8,1.7224965E8,1.9255736E8,1.8512958E8,1.789374E8,1.663822E8,1.5527685E8,1.9018024E8,1.8390842E8,1.8340376E8,0,
2148,446.2440881441845,8.545728,,,,,,,,,,,2248476.2,1829355.1,3136056.8,2239539.0,2642078.8,4567196.5,0,3954740.2,4386679.5,4324073.5,0,4827268.5,4690538.5,3810347.2,4159897.2,3047897.2,4222908.0,4524094.5,3991878.8,4328874.0,3355253.0,3651184.0,0,0,
2149,542.3304897645241,8.593196,,,,,,,,,,,1915948.1,1703101.6,2116082.5,2371006.5,2144679.8,3397043.5,2829420.2,3010443.0,3162995.2,3303234.5,2652127.0,3568637.0,3127079.0,2776156.5,3064983.5,3093866.0,3159928.2,3013092.5,2842239.2,2441919.2,3123483.0,2984741.8,2975830.8,0,
2150,416.25053477570737,8.597287,,,,,,,,,,,1717247.4,1743325.8,1716257.9,2068354.6,1462058.0,3006407.8,2782035.5,2779404.0,2943728.2,2892996.0,2710644.0,3495322.5,2838954.2,2542536.0,2584282.5,3019500.0,2750950.2,2604724.5,2583333.5,2372471.2,3093258.8,3084091.5,2895270.0,0,
2151,493.2751113672379,8.599219,,,,,,,,,,,1936383.2,1726197.6,2046826.6,2233069.0,1541134.1,2133565.0,1979873.6,2475727.8,2218178.8,2064019.1,1917611.6,2787904.2,2062072.4,0,1768789.5,1653855.4,1819432.8,1840379.8,1904503.8,1661513.6,2561694.2,1985040.1,2173305.2,0,
2152,402.2348147801789,8.605648,,,,,,,,,,,2161823.8,2203331.2,2269408.5,2784250.2,1778887.2,2653929.8,2196162.8,2444360.8,2382180.0,2395921.0,2090466.2,2707138.2,2272228.8,2307294.2,2194012.8,2466380.8,2628595.5,2411806.5,2387165.2,2040903.1,2658386.5,2376816.5,2377969.8,0,
2153,675.3311772469897,8.613181,,,,,,,,,,,0,0,0,0,5619736.5,0,0,0,0,0,0,0,0,0,0,0,0,0,0,0,0,0,0,0,
2154,709.3286853150571,8.616477,,,,,,,,,,,2277136.0,2089366.9,1929781.9,2207397.0,0,2198911.0,1724384.6,2520713.8,2103994.5,2191782.0,1733092.6,2306204.8,2095298.5,1524153.0,1937950.6,2388089.5,2202342.5,2203209.5,2044263.8,1546509.4,2431887.0,1936285.2,2232358.0,0,
2155,663.3215823543155,8.621008,,,,,,,,,,,2.2520072E7,2.5456668E7,2.2257222E7,2.3758914E7,1.7639104E7,1.4503255E7,0,1.653483E7,1.1002093E7,1.4824641E7,1.2152982E7,1.6831558E7,1.4563892E7,1.4355493E7,1.934122E7,1.965953E7,1.7303528E7,1.9112924E7,1.7186944E7,1.2674035E7,1.5996171E7,1.2864266E7,1.549721E7,0,
2156,662.3186746563116,8.61967,,,,,,,,,,,6.737766E7,6.4794108E7,6.6149132E7,6.946714E7,4.7936948E7,4.2762464E7,3.4809772E7,4.421338E7,3.202642E7,4.446787E7,3.400374E7,4.3119188E7,4.021797E7,4.293779E7,5.2694588E7,4.8106516E7,5.0853436E7,4.6828204E7,4.8814348E7,3.3459618E7,4.166008E7,3.508636E7,4.689673E7,0,
2157,331.66264937085134,8.621935,,,,,,,,,,,1.2350427E7,1.2003062E7,1.1234453E7,1.1597581E7,1.1002288E7,7335388.5,7159099.0,7504550.0,5268168.0,6926874.5,6144969.5,6729715.0,6063971.0,7347595.0,8385640.0,8956993.0,9431576.0,7913574.5,8633582.0,5410288.5,7006006.0,5994862.0,8252518.0,0,
2158,322.65719522545,8.623347,,,,,,,,,,,2205731.8,2365522.2,2104414.5,2488533.5,2082152.1,1551178.2,0,1706208.1,1122161.9,1277220.5,1442929.8,1597971.8,0,1393711.0,1727534.0,1722842.5,1743521.0,1657642.9,1945766.4,0,1386821.1,1270049.8,1647733.0,0,
2159,262.139973298186,8.626952,,,,,,,,,,,4240822.0,3898427.5,3840173.5,3980721.5,1361476.9,4484273.0,3841741.8,4219382.0,4155569.5,4068038.2,3768277.5,4485493.0,3947248.2,3008054.2,3469328.2,3686433.8,4139231.5,3780933.5,4099158.5,3498809.5,4227755.5,3937987.5,4663464.0,0,
2160,493.1781587514992,8.571967,,,,,,,,,,,0,4020663.0,4310812.5,3556205.5,2189453.0,4240753.5,3614155.0,5367900.5,4228469.5,4458442.5,4010633.5,2366032.0,4731764.0,4135542.2,3607494.8,4516759.5,3997252.8,4116454.5,4563711.0,3558568.0,4039167.0,3969463.2,3796277.5,0,
2161,333.2132227909601,8.633333,,,,,,,,,,,4765351.0,7449992.5,4236782.5,4909439.0,3949570.8,4654808.5,4605567.5,4249822.5,3711845.0,4587162.5,4411305.0,5366574.5,4384512.0,4369302.5,4268376.5,4627915.0,4730785.5,4975666.5,4077862.2,3673430.8,4436951.0,4655944.5,4019865.5,0,
2162,376.14665119642183,8.643891,,,,,,,,,,,4002129.0,3581993.8,3683913.2,3906882.2,1663230.5,4215161.5,4144521.2,3886040.8,3710991.8,4237844.0,3886061.0,4903832.0,3879451.2,2900609.2,3384968.0,3456305.2,3385989.8,4375630.0,3697369.2,2847125.8,3923571.2,3837926.2,3956773.2,0,
2163,157.10844290293798,8.642581,,,,,,,,,,,0,0,0,0,3645141.8,0,0,0,0,0,0,0,0,0,0,0,0,0,0,0,0,0,0,0,
2164,349.23059262256777,8.642581,,,,,,,,,,,0,0,0,0,1.0085935E8,0,0,0,0,0,0,0,0,0,0,0,0,0,0,0,0,0,0,0,
2165,371.2126662509143,8.642581,,,,,,,,,,,0,0,0,0,3689798.2,0,0,0,0,0,0,0,0,0,0,0,0,0,0,0,0,0,0,0,
2166,523.3426759188009,8.642581,,,,,,,,,,,0,0,0,0,3.137145E7,0,0,0,0,0,0,0,0,0,0,0,0,0,0,0,0,0,0,0,
2167,697.4544385534979,8.642581,,,,,,,,,,,0,0,0,0,1.2233767E7,0,0,0,0,0,0,0,0,0,0,0,0,0,0,0,0,0,0,0,
2168,457.27796794007105,8.643693,,,,,,,,,,,6170129.0,7210397.0,9525351.0,9295172.0,1.2034403E7,1.4868391E7,1.5238053E7,1.4562139E7,1.3213802E7,1.4205025E7,1.4044195E7,1.792751E7,1.6764065E7,1.1707054E7,1.2031356E7,1.2934087E7,1.3292194E7,1.4232031E7,1.1740502E7,1.0565147E7,1.5830015E7,0,1.3621098E7,0,
2169,338.17478403237686,8.643507,,,,,,,,,,,1851733.8,0,1843314.9,1883416.8,0,1827862.5,2095897.0,1810825.4,1815319.4,1903441.8,1814968.2,2299569.8,1824732.8,1690296.9,1909971.8,1839134.0,1871641.4,1905119.8,1761168.9,1724056.1,1895865.8,1906024.1,1708853.1,0,
2170,375.2241310771466,8.643971,,,,,,,,,,,5373858.5,4869366.5,5411922.5,5769091.5,3607597.8,5545514.0,5774878.5,5107609.5,4850928.0,6049737.5,5470229.0,6752052.5,5845248.5,4788283.0,5094577.5,5187633.5,5111473.0,6075358.0,4555690.5,4403342.5,5576510.5,5407135.5,5441706.5,0,
2171,476.2345110207985,8.644848,,,,,,,,,,,3712366.2,3565694.2,3923447.0,4337380.5,0,6790976.0,6841752.5,6529658.0,6082546.0,7291590.5,6718821.0,8503443.0,6587054.5,4492868.5,5024521.0,5600882.0,5007026.5,6456901.0,5195796.5,4794654.0,7073290.0,6648808.0,6510798.5,0,
2172,377.130589539167,8.64987,,,,,,,,,,,9368221.0,1.001855E7,9784025.0,1.0830067E7,2.14326E7,1.0010385E7,9991658.0,9049709.0,9787742.0,9687589.0,9391078.0,1.0730838E7,9686564.0,3.1469772E7,1.2505611E7,0,1.0216256E7,9267495.0,8710117.0,9272032.0,9834774.0,9752171.0,9915127.0,0,
2173,174.54600324117948,8.652223,,,,,,,,,,,0,0,0,0,5218146.5,0,0,0,0,0,0,0,0,0,0,0,0,0,0,0,0,0,0,0,
2174,175.69507687307,8.652223,,,,,,,,,,,0,0,0,0,4925700.0,0,0,0,0,0,0,0,0,0,0,0,0,0,0,0,0,0,0,0,
2175,197.10104585622008,8.652223,,,,,,,,,,,0,0,0,0,3658936.8,0,0,0,0,0,0,0,0,0,0,0,0,0,0,0,0,0,0,0,
2176,397.1832353528326,8.6677065,,,,,,,,,,,3602985.5,3376274.5,3724296.0,4124074.5,0,2961335.0,2747069.5,3120635.8,3123949.8,2998887.2,3066784.0,3403491.2,2983369.5,2315440.0,2257339.8,2359676.2,2870357.2,2691881.0,2594917.2,2991577.5,3032067.5,3100479.2,3640881.5,0,
2177,176.1221490733316,8.677453,,,,,,,,,,,0,0,0,0,9.0274856E7,0,0,0,0,0,0,0,0,1.1292922E7,1.1702197E7,1.0568017E7,1.2788343E7,1.3648862E7,1.3288996E7,0,0,0,0,0,
2178,158.09252462644488,8.67763,,,,,,,,,,,0,0,0,0,4.859749E7,0,0,0,0,0,0,0,0,5126706.5,5293807.5,4778562.0,6054720.5,6130213.5,6258748.0,0,0,0,0,0,
2179,130.09763295285794,8.678935,,,,,,,,,,,0,0,0,0,2.4210394E7,0,0,0,0,0,0,0,0,2566402.0,2630556.0,2450570.0,2936861.2,2970118.0,3066004.2,0,0,0,0,0,
2180,399.23852737742385,8.684405,,,,,,,,,,,0,0,0,0,5756777.0,0,0,0,0,0,0,0,0,0,0,0,0,0,0,0,0,0,0,0,
2181,175.11904936847515,8.684602,,,,,,,,,,,1.5491506E7,9967594.0,9229867.0,1.168655E7,1.3394418E9,1.0081196E7,8739493.0,1.1324809E7,7515651.5,6388995.0,4429375.0,3783512.8,5566578.0,1.7270811E8,1.7191674E8,1.6161654E8,1.9683966E8,2.0881298E8,2.0918749E8,1.5835182E7,1.1879039E7,1.0074831E7,1.0337831E7,0,
2182,636.3506865589749,8.69053,,,,,,,,,,,0,0,0,0,5062323.5,0,0,0,0,0,0,0,0,1788202.0,2408677.2,1499197.0,2187640.0,2158564.8,2327029.2,0,0,0,0,0,
2183,620.2527531171046,8.699752,,,,,,,,,,,2923117.5,2113980.2,1934975.6,2124193.0,0,2776678.2,2764573.0,3265289.0,2603716.2,2826644.5,2851989.0,2768279.8,3133424.5,2295372.2,2546934.5,2244092.8,1908303.6,2156523.0,2617103.5,2554803.2,2916852.5,3279639.8,3395801.8,0,
2184,484.22001514720904,8.711732,,,,,,,,,,,1627424.0,1604960.1,1846664.9,1778009.8,2949684.0,2279082.2,2254992.5,2315271.2,2596205.0,1948544.9,2081027.1,2498342.8,2151832.0,2268103.5,2056616.8,1997045.9,2185608.8,2218360.2,2723095.8,2063047.5,2237082.5,2567538.5,2348367.2,0,
2185,551.2313618637024,8.718856,,,,,,,,,,,2.5436542E7,2.6911758E7,3.472322E7,2.9374428E7,2.3638834E7,8429782.0,7241745.5,1.0979568E7,4745987.5,7453468.0,7811477.5,6025346.0,8207195.5,1.3375719E7,1.2783337E7,1.3574743E7,1.1250947E7,1.2065848E7,1.3978915E7,7908168.5,8287980.5,8070999.5,1.1242452E7,0,
2186,199.62368887119536,8.721014,,,,,,,,,,,7549342.0,7373353.5,8511063.0,7890824.0,5011006.0,9502156.0,9181490.0,9789638.0,1.0166207E7,8413555.0,8982277.0,1.0733777E7,9058942.0,8770678.0,8472181.0,9464539.0,8151094.5,8715151.0,1.0028969E7,8645870.0,9664722.0,9950678.0,9423239.0,0,
2187,231.6228180638547,8.722403,,,,,,,,,,,1.748193E7,1.8863696E7,2.2179666E7,2.0625174E7,1.21805E7,2.2339284E7,2.2074842E7,2.4448212E7,2.62169E7,2.1508028E7,2.3879074E7,2.762891E7,2.3254622E7,2.1570048E7,2.1562126E7,2.2516302E7,2.097228E7,2.1721064E7,2.166348E7,2.1616238E7,2.3179664E7,2.602629E7,2.4472834E7,0,
2188,465.2356020909181,8.724977,,,,,,,,,,,2240230.8,2545952.0,2795974.8,2363144.8,1338829.5,2635781.8,2922620.2,3120444.8,2866313.8,2453561.0,2961980.5,3255218.5,2944592.0,2772509.5,2536664.2,2612698.2,2478296.0,2664712.0,2925836.0,2737835.8,2943640.5,3372835.8,2895350.5,0,
2189,267.14137158410364,8.725023,,,,,,,,,,,2656015.8,3181102.2,4652245.0,3847144.8,2279653.5,5481480.5,5290305.5,5078198.5,5632350.0,4255737.5,5457538.0,6007544.0,4906295.0,4294587.0,4178553.8,4511829.5,4591074.0,4480982.0,4512768.5,4240205.0,5119098.5,5325183.0,5262062.5,0,
2190,462.23887629552723,8.726318,,,,,,,,,,,2.8186275E8,2.9103514E8,3.363232E8,2.9913075E8,1.526187E8,3.4180365E8,3.5881674E8,3.644674E8,3.489585E8,3.0613213E8,3.5328474E8,3.976843E8,3.4922218E8,3.5271904E8,3.019634E8,3.1342723E8,3.1244192E8,3.246802E8,3.35528E8,3.4291354E8,3.599178E8,4.0191408E8,3.601534E8,0,
2191,533.2756390898702,8.728504,,,,,,,,,,,1.118696E7,1.3444E7,2.0050568E7,1.5677219E7,8703363.0,2.07915E7,2.1146694E7,2.1598222E7,2.063303E7,1.7310408E7,2.0910014E7,2.3798274E7,2.041292E7,2.0223164E7,1.70222E7,1.795627E7,1.7935002E7,1.833561E7,1.895745E7,1.8656244E7,2.0891018E7,2.3774864E7,2.045991E7,0,
2192,571.3093925418042,8.727876,,,,,,,,,,,2122175.5,2140526.2,2345201.2,2163373.5,0,2147772.8,2113352.8,2368814.5,2401603.0,2032539.0,2215295.8,2525817.2,2244626.8,2407817.0,2150200.8,2058323.4,2071455.0,2058332.0,2229238.5,2144831.5,2388175.8,2540026.5,2210703.2,0,
2193,160.1808884619504,8.778814,,,,,,,,,,,0,0,0,0,4680095.5,0,0,0,0,0,0,0,0,2343185.5,2981754.2,1256731.0,1824701.8,0,0,1247541.2,0,0,0,0,
2194,301.18719923888983,8.740891,,,,,,,,,,,4139279.0,3505814.2,3360328.0,3324430.8,1267221.6,2595519.0,3015454.0,2869274.0,2698210.5,2512934.8,2766630.5,2943029.8,2952796.5,3013615.2,2758239.2,2768243.5,2984933.2,3070518.5,3369167.0,2700615.0,3253937.0,2971059.2,3101932.2,0,
2195,479.1620721255808,8.750202,,,,,,,,,,,1974432.1,1840136.1,2255332.8,1859281.2,1715256.8,5432854.0,6300734.5,5927251.5,6801383.5,5507907.0,6535449.5,7629934.5,6303702.0,4309745.5,4510228.0,4175504.8,4318051.0,4662112.0,4950905.5,5671723.0,6295631.5,6635209.0,4980048.0,0,
2196,277.1395864206488,8.7522,,,,,,,,,,,1.1729489E7,9919867.0,1.1099467E7,1.0459503E7,7916426.5,9932869.0,1.1343999E7,1.050658E7,1.0630827E7,9569406.0,1.0653933E7,1.1063655E7,1.1060012E7,7835399.0,8897517.0,8202405.0,9130369.0,1.0840832E7,1.1961433E7,1.1371029E7,1.203948E7,1.12233E7,1.2717478E7,0,
2197,324.05919131104935,8.757335,,,,,,,,,,,3150559.2,2706903.2,2618122.0,3084524.2,0,2497046.0,2839852.8,2927876.2,2584646.0,2855169.5,2941340.0,3153848.2,2948060.0,2271289.5,2517583.5,2405404.0,2472990.5,2915822.2,3045811.0,3139518.8,3360841.8,3053611.2,3473601.0,0,
2198,227.11389969292406,8.752699,,,,,,,,,,,0,0,0,0,8754632.0,0,0,0,0,0,0,0,0,0,0,0,0,0,0,0,0,0,0,0,
2199,662.3184663389704,8.714153,,,,,,,,,,,8818069.0,1.2891133E7,5573980.0,4859043.5,3288017.2,1.591381E7,5299784.0,0,1.3218696E7,1.669511E7,6937635.0,1.2411241E7,8236522.5,6841457.0,6843598.0,5479956.5,4567249.5,4709641.0,5064020.0,1.9288352E7,1.3842967E7,1.8866352E7,5048238.0,0,
2200,386.2399228452864,8.706041,,,,,,,,,,,6019422.0,7627645.5,1.203332E7,7614748.5,1.0212186E7,2.581442E7,2.4370524E7,0,2.4509676E7,2.7946222E7,1.9228336E7,2.509375E7,1.8151118E7,1.9440022E7,0,1.3169209E7,1.242395E7,1.5705103E7,1.4952097E7,2.2207332E7,1.9595396E7,1.8575634E7,1.3494783E7,0,
2201,697.3375724664132,8.762376,,,,,,,,,,,0,0,0,0,3520933.5,0,0,0,0,0,0,0,0,0,0,0,0,0,0,0,0,0,0,0,
2202,315.202835327118,8.726687,,,,,,,,,,,1.7090648E8,1.5001314E8,9.8926856E7,1.3614875E8,1466913.4,4.864193E7,4.939969E7,4.7295988E7,4.653602E7,6.0951536E7,3.952408E7,5.1716616E7,4.597264E7,7.853346E7,7.356587E7,7.145978E7,7.18089E7,7.6181256E7,7.7550744E7,6.6987708E7,6.0177576E7,5.4881016E7,5.7580756E7,0,
2203,303.2027501365166,8.763568,,,,,,,,,,,6000497.5,6255935.0,6724235.5,6270395.0,4114570.8,4619210.0,4871191.5,5240922.5,4037328.8,4330444.5,3848663.8,4077341.8,5029873.0,4560127.5,5148033.0,4557577.0,5174832.5,6095411.0,5074794.5,5401195.0,5268839.0,5346941.5,5982553.5,0,
2204,450.1840061016298,8.76608,,,,,,,,,,,3298872.8,3768493.0,2069789.4,3195659.2,0,0,0,0,0,0,0,0,0,0,1295419.5,1141015.0,1428717.8,1327085.0,1188108.8,0,0,0,1035472.1,0,
2205,622.2320471260649,8.77552,,,,,,,,,,,1.3058889E7,1.2775591E7,1.1750853E7,1.1673321E7,7985910.0,1707710.1,1396881.1,1992432.8,0,0,0,0,1427954.2,4455969.0,4795800.5,4223058.5,4214934.5,5178797.5,4176282.8,1879126.5,1429293.9,1372649.4,2298095.5,0,
2206,768.3375908270376,8.783507,,,,,,,,,,,0,0,0,0,4069158.2,0,0,0,0,0,0,0,0,0,0,0,0,0,0,0,0,0,0,0,
2207,430.2662563810251,8.784476,,,,,,,,,,,4212496.0,3267612.2,2385640.0,2861332.5,0,0,0,0,0,0,0,0,0,1499950.1,1504871.1,1177482.6,1427738.5,1448110.0,1311435.2,0,0,0,0,0,
2208,148.11601735689015,8.839768,,,,,,,,,,,3689026.0,1815374.9,1136585.1,1987137.2,4.5672764E7,1.6567688E7,1.3306534E7,1.5717511E7,4688509.0,0,0,0,3828264.8,9343846.0,1.0477418E7,8835102.0,1.1757569E7,1.0896102E7,1.2160302E7,2.2017894E7,1.5643645E7,1.6483213E7,1.3022253E7,0,
2209,244.1656905260059,8.735524,,,,,,,,,,,9148945.0,8725493.0,5843384.0,9020805.0,1.0371163E7,4913854.5,4786642.0,4709392.0,4705063.5,5109536.5,4846208.5,4653909.5,4345811.0,6293950.0,0,6056925.0,5741445.5,5409667.0,6011108.0,5026848.0,5015238.5,0,5044584.5,0,
2210,446.24380049947786,8.80506,,,,,,,,,,,1328171.0,1247785.5,0,1660633.6,0,3092997.2,2814997.2,2290716.0,2594350.8,2854184.0,3231677.2,3165807.8,2707184.5,2760021.0,2242751.0,1810384.9,2343376.0,2250345.2,2090763.4,2278267.2,2135000.2,2354778.8,2269676.5,0,
2211,550.2108035141786,8.80149,,,,,,,,,,,7872493.0,6734322.5,6859834.5,8033238.0,4889631.0,1271299.9,1576418.4,1471317.1,0,1119010.6,0,0,1462395.5,3157248.5,3166681.5,3016399.5,2959800.5,3242917.5,2969988.0,1426437.1,1441155.6,1049272.2,1669027.1,0,
2212,333.2133013851766,8.805497,,,,,,,,,,,1.9578826E7,1.9579256E7,2.0743098E7,2.092968E7,1.4322998E7,1.0554636E7,1.1605321E7,1.1313601E7,1.0282844E7,1.075093E7,1.0568521E7,1.010075E7,1.220725E7,1.2664555E7,1.4110862E7,1.218235E7,1.3835892E7,1.4092036E7,1.2803619E7,1.0541791E7,1.2360134E7,1.0447625E7,1.0710576E7,0,
2213,284.1355250067182,8.808347,,,,,,,,,,,2163297.0,2123000.2,2449841.2,2359770.0,0,1589105.0,1874507.1,1664119.4,1985748.2,1838885.2,1842401.0,2028384.8,1986101.1,1640222.9,1638972.9,1547418.2,1795101.4,1781257.8,1731004.6,1524882.0,1903581.8,1603980.8,1780258.5,0,
2214,493.19010359401943,8.809547,,,,,,,,,,,5638284.5,5045083.5,4669785.0,5197313.0,2210181.0,1523921.9,1776344.2,1994671.6,1756335.8,1756528.8,1567461.5,1463465.9,2039925.9,2247874.0,2849111.0,2463830.8,2767202.0,2659489.5,2578138.0,1500281.1,1875402.1,1818069.9,2007665.0,0,
2215,623.2152529995833,8.815361,,,,,,,,,,,4310626.5,4293465.5,3620361.8,4468827.0,2127744.8,2180810.2,2713543.2,2786507.5,2722668.2,2451209.8,2351444.8,2394387.2,3101213.5,2930797.2,3036201.2,2404645.8,2823658.5,3009202.8,3091592.2,2046224.0,2387185.8,2513280.0,2634933.8,0,
2216,572.3408526551451,8.818657,,,,,,,,,,,1998018.2,2197156.2,2530672.2,2623557.0,1854332.6,2419498.2,2349407.5,2768586.8,2341286.8,2368171.2,2486908.0,3053212.5,2354389.8,2323947.0,2490241.8,2026283.6,2431724.5,2531277.0,2211779.5,2223077.8,2472823.8,2264454.5,2153559.8,0,
2217,457.2780014092258,8.785033,,,,,,,,,,,1445277.1,1275184.0,2001570.5,1483278.5,3398325.5,2744368.8,2532477.8,2649879.0,0,0,1902720.9,2334321.5,2201288.2,2079854.1,3097261.2,2113378.2,2927262.5,2925407.8,2794826.8,2636598.2,0,2359020.0,2134868.5,0,
2218,470.16463924903127,8.834439,,,,,,,,,,,0,0,0,0,2333943.5,1631227.6,1648241.0,1951595.0,0,0,0,0,0,1193966.4,1397296.5,1248128.9,1526290.6,1288156.2,1410073.8,2726840.8,2405649.0,2285738.0,1781100.6,0,
2219,338.18236977152145,8.83405,,,,,,,,,,,0,0,0,0,2442357.2,0,0,0,0,0,0,0,0,0,0,0,0,0,0,0,0,0,0,0,
2220,371.2324476405813,8.842442,,,,,,,,,,,0,0,0,0,2587152.5,2054448.9,1736837.8,1646811.9,0,0,0,0,0,1092599.9,1046256.9,0,0,0,0,0,1868777.9,2146506.2,1445673.9,0,
2221,484.2203019205829,8.8190365,,,,,,,,,,,0,0,0,1322390.1,3174467.8,3185421.0,2828533.0,3291472.8,2003257.0,0,1342444.6,1961328.1,2173866.0,1941005.9,1788837.4,1707715.4,1845317.9,2039636.9,2073715.8,3036709.8,3469602.8,2834713.2,2860153.2,0,
2222,147.11293489300624,8.842432,,,,,,,,,,,5.3310776E7,2.7190214E7,1.595561E7,2.7312236E7,6.8847846E8,2.3989381E8,1.9267616E8,2.1860755E8,6.936129E7,1.2503872E7,7161136.5,8031432.0,5.431166E7,1.3163468E8,1.442742E8,1.3394969E8,1.5565053E8,1.553112E8,1.7090744E8,3.2863056E8,2.2920394E8,2.5075926E8,1.987614E8,0,
2223,563.286599022046,8.842788,,,,,,,,,,,3090679.8,3720153.8,3454074.0,4092930.0,2485758.5,4051391.8,3758280.8,4720381.0,3423032.8,3357514.8,3665981.2,4459850.5,3312201.2,3680831.2,3538705.0,2997756.2,3634878.2,3610316.5,3621845.8,3380901.5,4321174.0,3615730.0,3780578.8,0,
2224,317.1932063735746,8.843889,,,,,,,,,,,0,0,0,0,3739946.5,0,0,0,0,0,0,0,0,0,0,0,0,0,0,0,0,0,0,0,
2225,375.2240179682929,8.837989,,,,,,,,,,,2541144.2,3011955.2,2700959.0,2879680.2,2047434.6,0,0,0,0,0,0,0,0,0,957811.75,0,0,0,0,0,0,0,0,0,
2226,436.7276730666484,8.849351,,,,,,,,,,,2430508.8,2668707.2,2729940.2,2860944.8,1799690.6,2171393.2,2333388.0,2279386.2,2606209.8,2901574.8,3243383.5,3866651.0,2520418.5,2604280.0,2598237.8,2316706.0,2635679.8,2669906.2,2633230.5,1766711.2,2177968.5,2148163.5,2190442.8,0,
2227,443.26184860548716,8.846646,,,,,,,,,,,1239874.2,1483592.0,1638365.8,1460953.6,1937093.0,2980152.5,2796369.5,3084181.8,2247926.2,2053600.4,2063849.1,2727250.0,2278823.2,2224133.5,2081687.1,1839886.2,2286251.2,2403607.5,2315875.8,2542239.2,3115085.2,2820160.8,2475442.2,0,
2228,592.2977022529149,8.868215,,,,,,,,,,,1742431.6,1847686.1,1795457.8,1959544.6,0,1420942.1,1507226.2,1415949.5,1702584.5,1827147.4,1558422.9,1867149.6,1375555.8,1430965.5,1721667.2,1571985.1,1613858.1,1648136.2,1611354.6,1177831.8,1401445.2,1360263.5,1292322.9,0,
2229,407.14118912738536,8.866509,,,,,,,,,,,0,0,0,0,0,3601391.5,3721423.0,4034870.8,3156351.0,2783023.8,2648785.8,3391463.8,2731471.8,1925705.9,2603856.5,2310287.5,2377980.0,2998442.0,2725885.2,3406663.2,3808223.5,3252605.5,2773413.8,0,
2230,358.20878840646697,8.86543,,,,,,,,,,,2512628.2,2251465.2,1725468.2,1935349.1,0,1969481.1,1695688.0,1894820.9,1861664.4,1671598.4,1452879.0,1853391.8,1493004.6,1601748.5,1659145.4,1522066.9,1578007.8,1858624.0,1681420.6,1640993.6,1795376.6,1623768.8,1406019.1,0,
2231,487.28798492139117,8.874533,,,,,,,,,,,2336698.0,2735460.0,3969906.0,3236890.5,5855799.5,6405861.0,6170485.5,6683778.5,5421939.0,5650807.5,4895068.5,6048499.0,4605911.0,4005246.0,5286329.5,4440492.5,4331533.5,5754055.0,4515705.0,5563689.5,5889229.5,5192938.0,5018853.0,0,
2232,184.07340943467452,8.876159,,,,,,,,,,,0,0,0,0,2460998.5,0,0,0,0,0,0,0,0,0,0,0,0,0,0,0,0,0,0,0,
2233,231.62288406628397,8.821533,,,,,,,,,,,9960030.0,9021419.0,0,9837078.0,8091462.0,1.2853982E7,0,1.0345649E7,1.2555141E7,1.3038921E7,0,1.3441244E7,1.191621E7,1.2831873E7,1.2442091E7,1.0325798E7,0,1.2229714E7,1.3019114E7,9522968.0,1.0105774E7,1.1018912E7,8944442.0,0,
2234,285.119665701475,8.878699,,,,,,,,,,,5100671.0,4721874.0,5179567.0,4469817.5,1979028.1,1398788.8,1438643.4,1845890.0,0,1304903.5,1398085.5,1050062.6,1422533.4,1347639.2,1766237.5,1654183.1,1449812.9,1944974.0,1680642.8,1607333.0,1588564.6,1373357.9,1336697.6,0,
2235,310.17618852451847,8.885706,,,,,,,,,,,0,0,0,0,7086690.5,0,0,0,0,0,0,0,0,0,0,0,0,0,0,0,0,0,0,0,
2236,272.1719871795963,8.897682,,,,,,,,,,,5714011.0,2224962.0,1565504.1,1747913.1,4632773.0,1556967.1,1655845.6,2357572.2,1091646.0,0,0,0,1254439.2,2191031.8,2275705.8,2067977.6,2264520.5,2517513.5,2147649.2,3025400.8,2486005.2,2036344.9,2047449.4,0,
2237,360.22463583292074,8.899882,,,,,,,,,,,4148616.2,4483764.5,4873431.0,4498359.0,3046085.5,2990374.8,3787878.0,3617452.0,4033948.5,4938792.0,4962336.5,5473052.0,4461075.5,2991260.2,3709739.0,3576856.0,3276951.0,3974062.0,3302263.8,2907763.5,3992154.5,3262466.5,3609657.2,0,
2238,257.1245252309394,8.906841,,,,,,,,,,,0,0,0,0,2496043.5,0,0,0,0,0,0,0,0,0,0,0,0,0,0,0,0,0,0,0,
2239,374.2404147808252,8.909382,,,,,,,,,,,3428925.0,3693467.2,4515945.0,4111901.8,2263490.8,3268606.2,3853035.0,3623308.8,5094527.0,5144034.5,5121269.5,6143342.0,4832836.5,3161639.2,3457954.2,3507190.8,3283076.0,3754444.5,3547429.8,3256488.8,4313016.0,3235100.5,3862468.2,0,
2240,223.07499015245622,8.901541,,,,,,,,,,,0,0,0,0,1.7821312E7,0,0,0,0,0,0,0,0,1479806.0,1559784.4,1434001.0,1529688.9,1860112.4,1544129.2,0,0,0,0,0,
2241,324.0593755508009,8.880401,,,,,,,,,,,4249926.0,3321412.5,2830335.5,3137162.5,1278137.8,1548626.1,1920452.6,2164608.0,1684900.5,2329020.8,2611211.5,2334422.0,1901500.0,2177711.0,2512001.0,2167837.8,2378708.0,2227562.5,2033799.2,2490179.8,2273367.5,2173382.8,1912643.0,0,
2242,386.24041790727466,8.921089,,,,,,,,,,,1.4279578E7,1.4487922E7,1.4665242E7,1.7423316E7,7905323.5,0,0,1.1181997E7,1.1584238E7,1.3489619E7,1.107097E7,1.2294112E7,1.1961859E7,1.3369265E7,1.275863E7,1.1378325E7,1.4075434E7,1.2719361E7,1.2427014E7,1.3348281E7,1.0969802E7,1.0397153E7,1.037979E7,0,
2243,346.2087345059661,8.929848,,,,,,,,,,,1742432.4,1870578.0,1899159.2,2180135.0,2065222.6,1655666.8,1391398.0,1400446.2,1415912.6,1221173.9,1181077.0,1114732.2,1250232.6,1347236.5,1396978.4,1443983.6,1595386.8,1682927.9,1582579.4,1361281.5,1416790.1,1270086.8,1537661.9,0,
2244,391.2014170382398,8.941479,,,,,,,,,,,3.4433508E7,3.399683E7,3.558567E7,3.9719084E7,1.3185781E7,2.3972374E7,2.6234636E7,2.8437088E7,3.2005508E7,2.8290158E7,2.5084362E7,3.2851024E7,2.7864282E7,2.82074E7,2.9314038E7,2.6951406E7,2.935304E7,3.0827204E7,2.8148156E7,2.801455E7,2.8750662E7,2.5747358E7,2.6859392E7,0,
2245,446.2440785592102,8.947654,,,,,,,,,,,1218405.2,1262838.4,2064291.6,1743032.5,0,3092997.2,2504756.0,2358749.8,2942891.5,3587544.8,3142140.8,3333473.2,3063630.2,2718490.8,2487759.0,1922374.2,2332338.0,2222736.8,2127345.8,2153334.8,2224759.5,2035196.9,1959192.1,0,
2246,142.09770873747834,8.98187,,,,,,,,,,,0,0,0,0,2109871.5,1474742.2,1426804.8,1479224.1,1276640.1,0,0,1001053.25,1237559.8,1193891.5,1096342.8,1050292.6,1085846.2,1152296.0,1171413.9,1589205.4,1368447.9,1376934.0,1395360.5,0,
2247,392.204729447834,8.938807,,,,,,,,,,,6947343.5,6894020.0,6805549.5,7502360.5,2535581.5,4848094.0,5064514.0,5187398.5,6041363.0,5176053.5,4737976.0,6279001.0,5339198.0,5576338.5,5496274.5,5293238.5,5626862.5,5696960.5,5461813.5,5134646.0,5259805.0,4835751.0,4976858.5,0,
2248,402.23501163971537,8.962165,,,,,,,,,,,1443198.1,1463323.5,1542396.8,1678361.2,0,1743360.2,1883047.6,1961299.0,2017985.1,1927084.6,1716965.9,2054344.6,1800185.2,1553108.5,1804767.6,1562061.1,1825485.6,1604042.9,1797693.4,1726536.2,1889597.8,1578026.5,1801984.4,0,
2249,331.19812242782103,8.967388,,,,,,,,,,,3367433.2,3242020.8,2991508.5,3308298.5,0,2216014.5,2509807.2,2673902.8,3114115.0,3084358.8,2459347.8,2924334.5,2804275.5,2653721.8,2684188.8,2568476.8,2822124.2,2488353.8,2838721.2,2507371.0,2735741.8,2239674.2,2804372.2,0,
2250,346.2088742965951,8.977564,,,,,,,,,,,2005587.9,1926577.1,2030874.0,2160673.5,2242802.2,1136237.6,1391398.0,1400446.2,0,0,0,0,1196937.6,1347236.5,1396978.4,1506890.5,1552174.4,1309528.6,1650372.4,1361281.5,1290547.9,1079770.5,1537661.9,0,
2251,253.1299150816233,8.970742,,,,,,,,,,,6824138.0,0,3925615.8,5784109.5,0,0,1378056.2,1724157.8,0,0,1022557.7,0,1318052.0,2924116.5,2659728.0,2264867.2,2568788.0,2517129.8,2533421.5,2201010.0,2056302.4,1544427.8,1485160.6,0,
2252,319.16153220847184,8.993961,,,,,,,,,,,1637828.8,1728018.6,1663334.0,1584070.5,0,1421973.8,1731339.9,1863082.2,1669175.4,1549741.2,1615529.4,1785366.4,1717782.9,1389699.1,1503116.9,1393773.5,1502322.5,1588386.0,1675462.2,1467326.4,1544875.1,1361125.5,1696824.6,0,
2253,430.24196178584316,9.011289,,,,,,,,,,,0,0,0,0,2848180.2,0,0,0,0,0,0,0,0,0,0,0,0,0,0,0,0,0,0,0,
2254,528.2246213167732,9.01984,,,,,,,,,,,0,0,0,0,0,1742880.5,2002472.2,1900767.5,2645189.0,2340213.2,2131052.0,2879751.5,2318785.5,1560153.8,1729389.6,1451459.6,1741914.2,1620423.8,1627110.8,1313250.8,1611965.6,1591484.0,1688936.1,0,
2255,152.05684588348294,9.017035,,,,,,,,,,,2158697.8,2521796.5,2207302.5,2618728.5,1262233.6,1869358.5,2178879.8,2473029.2,2133655.0,2363911.5,1851546.5,2133368.5,2352945.0,1793038.2,1981137.6,1842843.8,2022307.0,2178044.5,2239835.8,1732519.5,2437239.8,1994506.8,2152837.2,0,
2256,337.1721248845655,9.018592,,,,,,,,,,,1843906.4,1676972.0,1660123.6,1533039.0,0,1382784.8,1292682.0,1732328.4,1771739.0,1359660.6,1124760.9,1623704.1,1895022.5,0,0,0,0,1387197.0,1676885.0,0,1627517.4,1144482.6,1570538.8,0,
2257,558.325659392432,9.04522,,,,,,,,,,,3867056.2,5245540.5,5344198.0,5021827.0,2683571.5,4195507.5,4118007.0,4319452.0,5817184.0,6527564.5,5412751.0,7360038.0,5825472.0,3954697.5,4322492.0,4067274.0,5202090.5,4146346.8,4215061.0,3038580.8,4116174.5,3641580.2,3682166.2,0,
2258,520.2443130960921,9.051509,,,,,,,,,,,2124837.8,2810770.5,2647974.5,2564827.2,0,1541505.4,1614083.2,1619423.5,2262509.0,2447042.2,2097004.5,2796906.5,2335256.0,1508032.4,1688857.1,1467262.4,1930792.5,1647705.0,1620428.9,0,1515021.6,1676530.9,1437935.1,0,
2259,289.18739846976797,9.020267,,,,,,,,,,,4705470.5,3906163.5,3694387.0,2785486.8,1.4536459E7,0,0,0,0,0,0,0,0,3011135.8,3486230.0,3006258.8,3188351.2,2943458.0,3133533.8,0,0,0,956028.44,0,
2260,364.06563213908356,9.021369,,,,,,,,,,,3954873.0,4943389.0,4267048.0,5079011.5,2631152.0,3650345.5,4003324.0,4597601.5,4223490.5,4589672.5,3721823.5,4127347.8,4611763.0,3333303.5,3829686.2,3483748.5,3807728.5,4158473.8,4386153.0,3374369.5,4665345.5,3746859.8,4228041.5,0,
2261,430.2298907445034,9.021201,,,,,,,,,,,1598399.6,1820540.9,1853595.8,1745863.9,0,1697041.9,1856463.1,1829969.0,1997893.5,2016513.8,1786940.1,2008513.5,2048557.0,1442575.8,1608581.1,1504368.6,1924677.1,1695325.8,1771871.9,1457296.6,1872596.4,1729885.5,1635128.2,0,
2262,303.1776257172853,9.022001,,,,,,,,,,,0,0,0,0,5089251.0,0,0,0,0,0,0,0,0,0,0,0,0,0,0,0,0,0,0,0,
2263,314.1464236485479,9.029306,,,,,,,,,,,2928049.8,3129848.8,3535235.5,3130308.0,1196432.4,2257498.0,2481813.0,2793826.0,2767766.8,2778104.5,2510957.5,2808146.0,2953740.8,2082597.9,2364808.2,2069366.9,2345356.8,2301373.0,2372521.8,1721437.5,2631224.8,2168004.2,2393962.5,0,
2264,285.1197995608277,9.026515,,,,,,,,,,,1472313.1,2021194.6,1228476.5,1453937.8,2921398.5,0,0,0,0,0,0,0,0,0,0,0,0,0,0,0,0,0,0,0,
2265,360.22464716688916,9.016164,,,,,,,,,,,2350843.0,3043379.5,3125965.8,2884332.0,2353434.5,2138153.5,2230541.8,2436286.0,2137449.0,2620773.2,2218896.2,2197739.5,2569968.2,2370778.8,2593184.8,2224726.0,2747792.2,2398010.8,2473244.0,1826624.5,2550808.0,2294932.8,2102900.5,0,
2266,294.1676406385022,9.040808,,,,,,,,,,,1210744.0,1190160.6,1248664.5,1136827.9,0,1393402.5,1308221.2,1522037.8,1287463.4,1192599.0,1140340.2,1352621.4,1297499.8,1136839.1,1157064.4,1180329.2,1228564.9,1231566.9,1280347.1,1331483.4,1432283.1,1320590.1,1457189.8,0,
2267,549.2710625504722,9.052435,,,,,,,,,,,3329037.2,4386221.0,4781735.0,3750534.0,2579865.0,3138523.8,3130839.5,3280902.8,4416905.0,4528766.5,3847349.2,4388756.0,4536899.0,3383034.2,3111110.8,3357884.0,3616641.5,3517117.0,3449365.0,2896211.5,3040847.0,3020060.2,3178440.0,0,
2268,432.1553236249831,9.048254,,,,,,,,,,,2618676.0,3570566.0,3730557.5,3385387.5,0,1438939.0,1697982.9,1823697.8,3655238.2,3845226.0,3595892.0,4333040.5,3666356.2,1688132.0,1556183.4,1706121.5,2037582.1,1914484.2,1712829.6,1398627.8,1437711.2,1552790.8,1689707.4,0,
2269,213.09845977539536,9.05363,,,,,,,,,,,2238172.5,1940582.4,1402401.8,1836328.9,8470468.0,0,0,0,0,1199977.8,0,0,0,1453297.6,1473234.1,1510262.0,1419017.0,1626735.2,1563047.2,0,0,0,0,0,
2270,357.2168969505966,9.058859,,,,,,,,,,,0,0,0,0,0,2705940.2,2490055.0,2705012.2,0,0,0,0,0,0,0,0,0,0,0,4216194.5,2984576.0,3579007.2,2176728.0,0,
2271,134.10042700405117,9.072331,,,,,,,,,,,0,0,0,0,1165164.2,4102908.0,3804678.0,4295110.0,0,0,0,0,0,2188290.2,2710688.2,2330569.8,2322750.8,2512263.2,2905790.2,6267491.0,5006071.0,4655134.0,3872292.2,0,
2272,133.0973104661422,9.0759735,,,,,,,,,,,8037862.0,994083.7,0,1185248.9,1.9474334E7,7.019148E7,6.2900564E7,7.203819E7,3832872.5,1486174.8,1727457.1,1570644.6,3743659.2,3.659188E7,4.334027E7,4.050345E7,3.8852556E7,4.2603308E7,4.4585988E7,1.0537574E8,8.401037E7,7.795899E7,6.523718E7,0,
2273,301.18735916228525,9.081935,,,,,,,,,,,1521100.5,1549459.5,1527072.4,1437743.1,0,0,0,0,1211703.0,1431508.0,1177597.4,1362187.5,1277974.5,0,0,0,0,0,0,0,0,0,0,0,
2274,146.16532415831762,9.102786,,,,,,,,,,,0,0,0,0,4070955.5,0,0,0,0,0,0,0,0,2712943.2,2611031.8,2037155.9,1697815.9,0,0,1345890.8,0,0,0,0,
2275,160.18092149930675,9.089347,,,,,,,,,,,0,0,0,0,7622681.5,0,0,0,0,0,0,0,0,4364800.5,4604456.5,2941879.5,2153914.5,0,0,1689825.8,0,1120561.2,0,0,
2276,246.1561507339481,9.084817,,,,,,,,,,,0,0,0,0,7.0145864E7,0,0,0,0,0,0,0,0,0,0,0,0,0,0,0,0,0,0,0,
2277,347.20359868614895,9.095513,,,,,,,,,,,0,0,0,0,2689256.8,0,0,0,0,0,0,0,0,0,0,0,0,0,0,0,0,0,0,0,
2278,377.16696848068824,9.11812,,,,,,,,,,,6438917.0,7015004.5,8359116.5,7039618.5,4075241.8,5139829.5,5801681.0,5849638.0,7193299.0,6777370.0,6184404.0,7585879.5,6155876.5,4324573.0,5057293.0,4706448.0,4753746.0,5772249.5,5927859.5,4631727.0,6111820.0,4584668.5,6440945.0,0,
2279,520.2441917485056,9.122679,,,,,,,,,,,2300308.8,2468019.8,2679042.0,2408135.0,1444599.4,1464746.2,1427946.9,1348304.0,2291471.0,2379974.8,2201301.2,2730523.8,2225784.2,1594478.4,1691265.9,1660729.1,1930792.5,1772914.6,1890653.5,0,1375571.5,0,1586915.1,0,
2280,271.1038535709859,9.117726,,,,,,,,,,,2858682.8,3130164.2,3727815.8,3402101.0,0,1220912.5,1252151.4,1230634.9,3528888.5,3368974.5,3182534.8,3824802.0,3161259.2,1165473.2,1196611.0,1190862.8,1089110.4,1269129.1,1548252.4,0,1270750.0,1106671.5,1397970.6,0,
2281,488.2466432151422,9.1254,,,,,,,,,,,2199524.0,2100691.5,2267328.0,2136715.5,0,0,1082584.4,0,1916806.1,1915773.8,1934154.5,2014922.1,1631724.5,1120669.2,1300584.8,1080405.5,1236655.0,1267469.0,1711629.9,0,0,0,1380788.6,0,
2282,317.19325597551364,9.107152,,,,,,,,,,,0,0,0,0,1854005.4,0,1028381.5,0,1268156.6,0,0,0,0,0,0,0,0,0,0,0,1069305.0,986364.75,1072930.8,0,
2283,429.2459935172365,9.129362,,,,,,,,,,,2442541.8,2763255.8,2745837.8,2382093.2,1550173.5,1899414.1,1831968.6,1770800.4,2590797.5,2503246.5,2394889.8,2681217.5,2160662.0,1745246.5,2006632.0,1692490.8,1820281.0,2021157.5,2194462.8,1643540.8,1818320.1,1580745.5,1921295.1,0,
2284,558.3254555420058,9.145862,,,,,,,,,,,4224248.0,4958225.5,5431059.5,4621936.5,3325101.2,4287476.0,4384421.0,3716946.2,6721242.5,6395784.0,6079530.5,7158834.5,5750250.0,4233822.5,4656823.0,4298136.0,4500338.0,5098172.0,5482270.0,2953787.5,3892469.8,3567285.5,4105231.2,0,
2285,390.2348994469352,9.141233,,,,,,,,,,,2094697.0,2435301.8,2396388.5,2085175.9,1844298.8,0,0,0,1105889.1,1395814.5,1167407.6,1288288.6,1262889.5,0,1200737.9,0,1133252.2,1225781.0,1564985.2,0,0,0,0,0,
2286,289.1871403317706,9.148796,,,,,,,,,,,2521587.8,2213280.5,2208904.2,1670663.1,4185172.0,0,0,0,0,0,0,0,0,0,1083334.5,0,1092049.4,1185470.8,1328686.6,0,0,0,0,0,
2287,476.7106526854044,9.15129,,,,,,,,,,,3491465.0,3595280.0,3299380.5,3036481.2,1847816.6,2693280.8,2640677.0,2601613.8,3344127.5,3058930.0,2700124.5,3330808.0,3074433.8,2521125.0,2866357.8,2773523.2,2919264.5,3134404.0,3574862.2,2064925.1,2501858.5,2369794.0,2988668.2,0,
2288,459.256774906114,9.159426,,,,,,,,,,,2735964.8,2914436.5,2713858.5,2424779.0,0,1731873.8,1629988.8,1532234.9,2782679.8,2827578.2,2405768.8,3095089.2,2408151.8,1738698.4,1906093.1,1776515.8,1863317.4,2176319.5,2341016.2,1234656.9,1523564.8,1473913.2,1649600.9,0,
2289,623.216221202801,9.163687,,,,,,,,,,,1.5508569E7,1.4884074E7,1.4216508E7,1.3458237E7,1.003162E7,9776024.0,9443853.0,9950389.0,1.097023E7,1.1361555E7,9911664.0,1.1183779E7,1.0884063E7,1.0485236E7,1.2418592E7,1.2061986E7,1.1471425E7,1.3799026E7,1.3661782E7,9308125.0,9491515.0,8887390.0,9836236.0,0,
2290,803.3789797459241,9.165084,,,,,,,,,,,4042549.0,4302433.5,4186027.8,4237214.0,2775752.8,1761550.6,1732534.6,1817571.6,1903239.4,2648665.5,2095138.5,2287685.2,2583631.0,2446808.8,2792270.2,2520328.5,2597994.2,3125936.8,3013705.5,1736625.2,2047467.8,1596339.4,2199561.5,0,
2291,473.2722138161036,9.165243,,,,,,,,,,,3512421.5,4789322.5,6272589.5,4544270.5,5385967.0,5913787.5,5406694.5,5348918.0,8148741.0,7842599.5,7281879.5,9266924.0,7299194.0,5155647.0,5756183.5,5445184.5,5675151.5,6427149.0,6823555.5,4139841.2,4842831.0,4808656.5,5682715.5,0,
2292,275.1714475792606,9.17862,,,,,,,,,,,6281510.5,5232684.0,6095136.0,5059561.5,7150147.0,2254417.5,1935879.0,2271984.5,2115978.0,2072484.5,2170930.2,1963209.5,2972400.2,2782330.0,3221749.2,3085537.5,3374838.0,3260035.8,3509744.0,2148140.5,2314255.0,1897330.0,2795081.2,0,
2293,405.1982301667788,9.181225,,,,,,,,,,,1846128.2,2021880.6,2554578.5,2410966.8,0,4050160.0,3757436.2,3944243.8,6459999.5,6198719.0,6890071.5,8414397.0,6698504.5,2999652.8,3504323.8,3409015.2,3416972.2,3631567.2,4035129.5,3417878.5,3810557.5,3379409.8,3940833.8,0,
2294,333.1880339061741,9.192887,,,,,,,,,,,2965527.5,2371461.2,2424477.0,2095200.5,2382689.8,1205088.1,1143939.2,1292128.5,1753436.8,1163416.6,1370663.2,1219800.0,1930434.8,1426715.1,1668558.2,1569866.5,1517569.0,1539052.9,1740245.6,1118766.4,1426185.6,0,1539031.8,0,
2295,319.1976112870885,9.186396,,,,,,,,,,,6162264.0,5141240.5,6408642.0,4992732.0,5195060.0,2583620.8,2344379.0,2750859.2,2394573.2,2720755.5,3022574.2,2590218.8,3553558.5,3146747.8,3497193.5,3385907.2,3512573.5,3415085.5,3703490.0,2194026.2,2671498.5,2136511.5,3215542.0,0,
2296,309.1657634087915,9.19657,,,,,,,,,,,2152827.2,2108068.8,2249525.2,2002276.9,0,1218044.5,1145757.0,1222981.8,2034159.8,1677167.0,1675603.0,2304931.8,1922813.0,0,1162283.0,1312367.2,1433455.6,1276476.5,1672419.6,0,1190878.5,0,1482656.5,0,
2297,156.07686319358987,9.183896,,,,,,,,,,,1446944.0,1589139.5,1050378.0,1684617.6,1.240759E7,1.2268489E7,1.1040646E7,7823798.5,1.3632819E7,7328246.5,9922640.0,5574909.5,1.169861E7,9872569.0,9355437.0,7919835.5,8800482.0,6391941.0,6327489.0,8424847.0,8143661.0,7658257.0,7412401.0,0,
2298,225.09828896741487,9.201567,,,,,,,,,,,0,0,0,0,2187639.8,0,0,0,0,0,0,0,0,0,0,0,0,0,0,0,0,0,0,0,
2299,284.13548857413406,9.206613,,,,,,,,,,,1088054.8,1460038.5,1471779.4,1580251.6,5.6036064E7,0,0,0,0,0,0,0,0,1865055.6,1756441.2,1479514.4,1535697.1,1467919.4,1699561.9,0,0,0,0,0,
2300,446.2437409381975,9.212573,,,,,,,,,,,1340232.4,1170818.1,0,1241105.9,0,2175629.2,1825358.5,1473024.8,2457532.2,2653079.8,2685173.2,2714334.5,2700096.0,0,1992154.5,1783393.9,0,1837437.8,1864981.2,1743903.9,1630840.4,1540062.6,1596505.5,0,
2301,267.16466354376064,9.214786,,,,,,,,,,,2152862.8,2121977.0,2279523.5,1914249.1,1292426.0,1792227.8,1656518.1,1596972.2,2178665.8,2089368.4,2043731.6,2238092.5,2339732.2,1498956.9,1802679.1,1709324.6,1822542.0,1682542.5,2143640.5,1649821.8,1658586.9,1507932.2,1773278.9,0,
2302,243.1089524920655,9.206003,,,,,,,,,,,3017630.0,3109161.0,4044678.0,3528521.5,6.596447E7,0,0,0,1251190.1,1179504.8,1314006.9,1284464.9,1350437.1,3432530.0,3303683.5,3157231.5,3243946.0,3549911.8,3875697.0,0,0,0,0,0,
2303,416.2503396583911,9.214562,,,,,,,,,,,6003822.5,4993260.0,3849285.2,4302169.5,0,0,0,0,1119324.1,1467971.4,1219321.2,1323482.8,1451901.9,1903098.4,1918432.2,1986508.4,1950854.5,1966884.2,2378963.0,1047293.56,1255434.9,0,1293123.2,0,
2304,253.1296674361605,9.212585,,,,,,,,,,,6262742.0,5732157.5,3297612.8,4449092.5,0,0,0,0,0,1595088.1,0,0,0,2175587.5,2060406.1,1988829.8,2073210.8,1866332.4,2074887.1,1732339.0,1715286.8,1224458.0,1178392.4,0,
2305,266.1613216068057,9.217082,,,,,,,,,,,1.6015712E7,1.5644687E7,1.6553444E7,1.4906226E7,9847405.0,1.3552772E7,1.2451166E7,1.2791205E7,1.7985084E7,1.5222337E7,1.6030225E7,1.75129E7,1.6710828E7,1.1757841E7,1.2600453E7,1.2588113E7,1.3133902E7,1.3048562E7,1.5596257E7,1.2857807E7,1.3173823E7,1.1031921E7,1.4010171E7,0,
2306,431.26156931250387,9.229906,,,,,,,,,,,2234158.8,2455319.2,2445013.0,2509869.2,1609743.1,2114003.8,2045188.6,1927504.2,2148293.8,2312535.2,2118147.0,2605071.2,2334545.2,2112004.8,2063047.9,2113547.5,2224495.2,2121551.5,2603245.2,1698704.5,2158114.0,1776221.4,2200315.5,0,
2307,551.1950632136052,9.231196,,,,,,,,,,,1.2461745E7,1.3623854E7,1.1315447E7,1.2171888E7,1.0282735E7,8367210.0,8318573.0,8281319.0,7704001.0,8598845.0,8246133.5,8516222.0,9092617.0,8705709.0,9328451.0,1.0043863E7,1.0136452E7,9068891.0,1.112768E7,7273901.0,8427790.0,7162784.5,9806829.0,0,
2308,260.17185062749996,9.2319765,,,,,,,,,,,0,0,0,0,3059942.0,0,0,0,0,0,0,0,0,0,0,0,0,0,0,0,0,0,0,0,
2309,347.19268306273733,9.232231,,,,,,,,,,,4030413.0,4820951.5,4216961.0,4676202.0,1691074.9,3419708.0,3264231.8,3194888.2,4919277.5,5226744.0,4669565.5,5773125.0,5241040.5,3162086.8,3395696.2,3719791.0,3626795.2,3703983.0,4619660.5,2291398.5,3444573.8,2648793.0,3621529.0,0,
2310,276.16636977209237,9.24207,,,,,,,,,,,0,0,0,0,3.110724E7,0,0,0,0,0,0,0,0,0,0,0,0,0,0,0,0,0,0,0,
2311,528.2241866968168,9.248504,,,,,,,,,,,0,0,0,0,0,2598671.2,2511543.8,2230643.0,4075365.8,3056788.0,3058340.2,3939147.0,3455036.5,2013118.0,2270970.8,2381037.5,2510797.0,2432970.5,2823373.5,1928453.4,2193265.0,1964629.9,2359041.8,0,
2312,270.1197503896772,9.247193,,,,,,,,,,,1155610.6,1553497.6,0,1502545.2,2.188549E7,0,0,0,0,0,0,0,0,1978242.6,2052613.4,2159873.2,2260191.8,2113834.8,2489734.2,0,0,0,0,0,
2313,500.28308650881456,9.255048,,,,,,,,,,,0,0,1513396.8,0,0,1874307.5,1647786.1,1718354.2,1811833.5,2060475.2,2055216.0,2238504.8,2102240.0,1469925.1,1719180.0,1638645.0,1783187.4,1830637.9,1825778.4,1603190.4,1571093.6,1487365.8,1653080.4,0,
2314,253.1296585230425,9.223237,,,,,,,,,,,6026606.5,5066979.0,3074372.8,4449092.5,0,0,0,0,0,1515995.2,0,0,0,2323157.5,2302263.2,2181831.5,0,1943740.8,2186045.2,1629306.1,1715286.8,1224458.0,1178392.4,0,
2315,290.14580508555605,9.262235,,,,,,,,,,,0,0,0,0,2527025.5,0,0,0,0,0,0,0,0,0,0,0,0,0,0,0,0,0,0,0,
2316,246.1561892936097,9.272622,,,,,,,,,,,0,0,0,0,3.7618864E7,0,0,0,0,0,0,0,0,0,0,0,0,0,0,0,0,0,0,0,
2317,349.20822546050397,9.275543,,,,,,,,,,,2973141.8,3001611.0,3541886.2,2812021.0,1342372.5,2422044.8,2002159.4,2032320.9,1338489.8,2734875.5,2553916.5,1736614.6,1998064.5,1957225.5,2328339.0,2252750.5,2372817.8,2808309.2,2406084.8,1632520.6,2818020.2,1929922.1,1572674.4,0,
2318,232.14054026858867,9.282139,,,,,,,,,,,0,0,0,0,3.821013E7,0,0,0,0,0,0,0,0,0,0,0,0,0,0,0,0,0,0,0,
2319,285.2034600918299,9.286173,,,,,,,,,,,2016289.8,1971129.4,2357885.2,1840414.8,2236407.5,2072455.8,1880392.4,2375270.5,1991837.4,2152803.0,2063763.4,1979330.1,2033390.5,1951160.8,2039504.6,1991564.4,2149129.2,2288884.2,2262487.0,2036194.0,2091868.9,1834816.8,1996411.9,0,
2320,262.13995556234386,9.306583,,,,,,,,,,,0,0,0,0,4404889.5,0,0,0,0,0,0,0,0,0,0,0,1067167.2,0,0,0,0,0,0,0,
2321,489.115146839417,9.306369,,,,,,,,,,,5759963.5,5333315.5,6203548.0,5396080.5,3764104.0,5316714.5,5423998.5,7189892.0,5858125.5,4671047.5,4924497.5,5453619.5,5930943.5,4184364.8,4329143.5,4202435.5,5709255.5,6490608.0,7036994.5,4612587.0,5463417.5,4823427.5,6461709.5,0,
2322,361.1831766796109,9.305999,,,,,,,,,,,1675510.4,1906972.4,2002110.5,1827245.1,0,1551481.1,1628646.9,1562895.0,1265355.4,1650481.6,1913173.9,1156251.9,1172365.4,1509826.8,1701329.6,1537150.2,1952997.5,1636462.6,1258331.2,1458625.4,1489386.0,1622297.6,1430846.6,0,
2323,201.123470108724,9.312022,,,,,,,,,,,0,0,0,0,4736418.5,0,0,0,0,0,0,0,0,0,0,0,0,0,0,0,0,0,0,0,
2324,218.15005247178254,9.312022,,,,,,,,,,,0,0,0,0,7.3929624E7,0,0,0,0,0,0,0,0,0,0,0,0,0,0,0,0,0,0,0,
2325,386.2152491200733,9.32379,,,,,,,,,,,1509872.2,2076678.0,1192419.5,1707313.0,0,0,0,0,0,0,0,0,0,0,0,0,1149022.0,0,0,0,0,0,0,0,
2326,618.3099419663488,9.31605,,,,,,,,,,,1.0980509E7,1.4624262E7,1.2337684E7,1.2622523E7,1.076187E7,3500804.0,3669484.5,4242893.0,2203241.8,4214702.5,4339797.5,2574340.5,2923374.5,6609111.5,6795402.5,5951535.0,7893799.0,5629705.0,5534162.5,4355603.0,3459860.2,3565890.5,4040703.0,0,
2327,305.18198645187897,9.32144,,,,,,,,,,,4135924.5,7852759.5,5409870.0,6794314.0,3288016.0,2277399.2,2589536.8,2247926.2,1812902.1,3483035.5,4569379.0,1853271.0,2015878.2,4895906.5,4962675.0,5018130.0,6123475.0,2311715.0,2304126.0,4418628.0,2316958.0,3007633.0,1967844.4,0,
2328,486.26786137684104,9.323354,,,,,,,,,,,0,0,0,0,0,0,0,0,0,1301232.0,1716310.0,0,0,1812010.5,1866098.6,1768939.8,2283786.2,0,0,1455543.1,0,0,0,0,
2329,232.16562773491742,9.323143,,,,,,,,,,,2210369.2,4977430.5,3095616.0,4793743.5,5682451.0,1249677.4,1654807.2,0,0,2107991.0,3329667.8,0,0,5493921.5,5632588.5,5476870.0,6444145.5,1106220.0,0,5511914.0,0,2415958.5,0,0,
2330,494.308810393998,9.335371,,,,,,,,,,,1184261.8,2072819.2,1338483.1,1622696.6,0,0,0,0,0,0,0,0,0,1671557.0,1574216.9,1341782.2,1498293.8,0,0,0,0,0,0,0,
2331,446.2436752395609,9.288111,,,,,,,,,,,1069106.9,1132682.2,1539952.4,1404068.4,0,1986617.5,1739868.5,1637517.0,0,2149527.5,2316957.0,0,2435937.2,1968476.8,2023029.6,1625392.1,2059516.8,1837437.8,1604399.0,1743903.9,1630840.4,1540062.6,0,0,
2332,669.352271767606,9.344837,,,,,,,,,,,0,2772745.2,1956009.8,2150603.2,0,0,0,0,0,0,0,0,0,0,0,1157816.5,0,0,0,0,0,0,0,0,
2333,248.16045410446677,9.352707,,,,,,,,,,,0,0,0,0,7.9385096E7,0,0,0,0,0,0,0,0,0,0,0,0,0,0,0,0,0,0,0,
2334,249.16352782469912,9.352707,,,,,,,,,,,0,0,0,0,8701448.0,0,0,0,0,0,0,0,0,0,0,0,0,0,0,0,0,0,0,0,
2335,490.2701887723876,9.357455,,,,,,,,,,,1596059.2,2831326.2,1974069.9,3217211.2,0,0,1224450.6,0,0,1176677.6,1535047.1,0,1021078.1,2345903.2,2713271.0,2997081.5,2791069.0,1263269.5,1068848.2,1657820.2,1202155.5,1434340.1,0,0,
2336,489.2670793472797,9.359167,,,,,,,,,,,6762309.0,1.240582E7,8953432.0,1.370536E7,1360421.6,4522649.5,5015561.0,4527633.0,4506174.0,5109448.5,6045045.0,4594457.5,4647010.5,1.0610082E7,1.2094872E7,1.275374E7,1.1963433E7,5751887.5,4937528.5,7605716.0,4992472.5,5568179.5,4299967.0,0,
2337,146.1652470742006,9.314269,,,,,,,,,,,0,0,0,0,4260395.5,0,0,0,0,0,0,0,0,2053128.5,1775073.2,1531646.1,1274917.5,0,0,1193580.4,0,0,0,0,
2338,160.18088126088577,9.310586,,,,,,,,,,,0,0,0,0,7588877.0,0,0,0,0,0,0,0,0,3391350.8,3064915.8,2187467.5,1571293.5,0,0,1583270.1,0,0,0,0,
2339,294.14812851264884,9.373218,,,,,,,,,,,0,0,0,0,1.1334624E7,0,0,0,0,0,0,0,0,0,0,0,0,0,0,0,0,0,0,0,
2340,322.1542598056224,9.373218,,,,,,,,,,,0,0,0,0,2774351.2,0,0,0,0,0,0,0,0,0,0,0,0,0,0,0,0,0,0,0,
2341,363.1985804847963,9.3790455,,,,,,,,,,,2297413.5,2424470.0,2125355.2,2333430.0,1765465.2,1017296.8,0,0,0,0,0,0,0,1915804.1,2176506.2,1900098.6,1895793.9,1526629.1,1455887.9,0,1428091.8,1325869.9,1319322.9,0,
2342,257.1973339651036,9.381194,,,,,,,,,,,0,1531345.4,1433605.0,1452087.9,2401290.8,1140145.2,1086498.2,1219040.9,1194267.9,1357020.1,1177676.8,1077401.6,1199558.9,1917039.6,2048751.1,1811602.1,1790331.1,1435565.4,1270684.8,1432084.0,1321781.1,1356875.1,1229354.2,0,
2343,247.65802006709592,9.424662,,,,,,,,,,,1870398.8,2049292.8,1527711.1,1805414.2,0,0,1070489.1,1256868.8,1190358.1,1223644.6,1148285.0,1177476.5,1113901.1,1559151.8,1473694.4,1427525.0,1642121.4,1516882.8,1417900.8,1318554.5,1327272.9,1166314.2,1393346.4,0,
2344,347.192618737207,9.38454,,,,,,,,,,,2276867.2,2691713.2,2593583.2,2965854.5,3035091.8,2692212.2,2659094.0,2710755.5,2740767.0,3155375.8,2821666.8,2637915.2,2882632.2,6746298.0,6797884.0,5091220.0,4528612.5,3026960.0,2743034.8,2885126.5,3076555.0,2942945.0,2863112.8,0,
2345,243.10896206935237,9.386241,,,,,,,,,,,1878805.9,2003258.1,1663566.9,2179893.0,1.5418947E7,1331797.6,1389347.6,1322503.9,1141625.6,1436148.6,1294629.6,1093176.4,1261132.6,3227192.8,3124727.0,2690701.0,2505711.8,1425833.5,1401266.0,2043977.4,1509398.4,1530654.2,1407134.8,0,
2346,505.22562046656736,9.3904295,,,,,,,,,,,3675180.2,3687657.2,3595696.0,3589530.2,1746064.9,2820903.2,2840636.5,3013736.5,3383751.2,3146192.2,2730112.5,3052766.5,3471819.0,2845318.2,3006944.0,2612076.8,3191353.0,3409619.8,3414365.8,2434661.0,3472116.0,2917604.8,3221415.8,0,
2347,276.15579199438594,9.404596,,,,,,,,,,,0,0,0,0,3.2202174E7,0,0,0,0,0,0,0,0,1458161.2,0,0,0,0,0,0,0,0,0,0,
2348,289.1619057787143,9.401951,,,,,,,,,,,0,0,0,0,7988731.0,0,0,0,0,0,0,0,0,0,0,0,0,0,0,0,0,0,0,0,
2349,362.20360816953814,9.39094,,,,,,,,,,,0,0,0,0,1054309.5,0,0,0,0,0,0,0,0,2144515.5,2079533.2,1469750.9,1121812.0,0,0,0,0,0,0,0,
2350,204.13440601701063,9.412877,,,,,,,,,,,0,0,0,0,2.0496176E7,0,0,0,0,0,0,0,0,0,0,0,0,0,0,0,0,0,0,0,
2351,262.15107248279975,9.423236,,,,,,,,,,,0,0,0,0,2644157.8,0,0,0,0,0,0,0,0,0,0,0,0,0,0,0,0,0,0,0,
2352,578.1943540016806,9.426176,,,,,,,,,,,1336305.6,1799743.4,1296833.1,1509698.0,0,0,0,0,0,0,0,0,0,0,0,0,0,0,0,0,0,0,0,0,
2353,377.2031310605461,9.454928,,,,,,,,,,,1378752.4,1725761.2,1456678.5,1347633.6,1773726.4,1386215.1,1321382.0,1463479.0,1703530.8,1618874.1,1376814.0,1592101.8,1456932.0,1823110.4,1724010.5,1655615.1,1480287.4,1613756.2,1514987.4,1353375.1,1398149.0,1443776.0,1521375.5,0,
2354,157.06082957012302,9.489042,,,,,,,,,,,0,0,0,981723.7,1107294.6,1302690.5,1414552.4,0,0,1501470.5,1427014.1,0,0,1125535.6,1385264.9,1397376.1,1368146.2,0,0,1543286.2,1215806.6,1395373.6,0,0,
2355,213.06602386335462,9.4893465,,,,,,,,,,,0,0,0,0,0,0,1419224.4,0,0,2605025.0,2137524.0,1609894.2,1433400.2,0,0,0,0,1146143.4,0,1539108.6,1480689.2,2463922.5,1066198.1,0,
2356,261.1559641894977,9.507427,,,,,,,,,,,0,0,0,0,6777265.5,0,0,0,0,0,0,0,0,0,0,0,0,0,0,0,0,0,0,0,
2357,304.1616572686189,9.507427,,,,,,,,,,,0,0,0,0,3.6279828E7,0,0,0,0,0,0,0,0,0,0,0,0,0,0,0,0,0,0,0,
2358,402.23488835695014,9.51457,,,,,,,,,,,2060753.8,1707487.4,1322967.1,1665796.8,0,0,0,0,0,0,0,0,0,0,0,0,0,0,0,0,0,0,0,0,
2359,404.21417814823747,9.511431,,,,,,,,,,,5839956.0,5609405.0,6522555.5,6255329.0,0,1486158.2,1517368.6,1982205.5,0,1298241.4,1174533.8,0,1331103.1,2701465.2,2659759.0,2383219.0,2496383.5,2654185.8,2571330.0,1887794.8,1968805.5,1945964.0,2127620.0,0,
2360,335.19259988188,9.518133,,,,,,,,,,,1894764.4,1917265.0,1826885.0,1835960.0,2000929.1,1152726.8,1252961.0,1326979.0,1095885.1,1226883.2,1023937.1,1025060.4,1215539.8,1582000.5,1545450.0,1333144.9,1461927.9,1534460.5,1550729.9,1193284.5,1278124.1,1264368.8,1489154.9,0,
2361,391.19358016944295,9.519271,,,,,,,,,,,1657312.9,1805942.1,1957405.8,1626134.9,2017447.1,1783230.9,1935122.5,1879145.6,1673147.2,1692539.2,1536407.6,1564930.5,1725877.8,1809457.1,1696577.0,1645191.6,1748178.4,1839769.8,1761923.1,1749209.8,1768018.8,1890988.5,2045162.6,0,
2362,276.1557664580428,9.520081,,,,,,,,,,,0,0,0,0,2.4975698E7,0,0,0,0,0,0,0,0,0,0,0,0,0,0,0,0,0,0,0,
2363,234.14490676361254,9.530943,,,,,,,,,,,0,0,0,0,2148416.0,0,0,0,0,0,0,0,0,0,0,0,0,0,0,0,0,0,0,0,
2364,341.15691149989703,9.546813,,,,,,,,,,,0,0,0,0,0,6766462.5,6536303.0,6934241.5,6206586.5,4909637.0,5846655.0,5426191.0,6595334.0,1.0661397E7,1.0508342E7,1.096303E7,1.1237829E7,1.0752805E7,1.0746604E7,6003603.5,5861179.0,5985334.0,6179878.5,0,
2365,305.18202591078864,9.551286,,,,,,,,,,,2870034.2,2972024.0,2855046.8,2978456.5,4396816.5,2369642.5,2259530.0,2386490.8,2108147.8,1939698.2,2170758.8,2064431.2,2254719.2,2526480.0,2503220.8,2628445.5,2571216.8,2635725.2,2433520.0,2173014.5,2295849.0,2030178.4,2316013.0,0,
2366,309.16563869695403,9.552235,,,,,,,,,,,5087183.0,4949766.0,4704440.5,5072152.0,5517245.0,4212906.5,4052631.2,4065649.8,4194052.8,3799755.0,4112622.8,4135772.0,4046517.8,4645908.0,4376846.0,4666990.0,4622996.0,4396661.0,4114064.5,4023143.0,4016939.5,3947428.2,3781284.5,0,
2367,342.16048621303054,9.549926,,,,,,,,,,,0,0,0,0,0,0,0,0,0,0,0,0,0,1488273.9,1507467.6,1704147.0,1486300.0,1451998.1,1490230.0,0,0,0,0,0,
2368,247.65802489246272,9.591133,,,,,,,,,,,2049523.0,2021107.2,1796339.8,1856373.2,996584.6,1488868.5,1458021.6,1718476.1,1499103.4,1677179.0,1558181.1,1581652.4,1440199.5,1544602.6,1712009.6,1580499.8,1669832.2,1946942.2,1761365.4,1727108.0,1740604.4,1555895.5,1688774.2,0,
2369,390.1983087177314,9.567164,,,,,,,,,,,0,0,0,0,0,1497485.5,1564002.2,1391540.4,1485595.1,1323286.4,1375778.5,1519584.5,1279335.8,1274213.5,0,1306910.8,1220268.5,1226824.5,0,1232413.9,1319882.4,1596579.5,1213385.0,0,
2370,262.151033361095,9.5752325,,,,,,,,,,,0,0,0,0,2.293561E7,0,0,0,0,0,0,0,0,0,0,0,0,0,0,0,0,0,0,0,
2371,499.2250189251631,9.577095,,,,,,,,,,,2992005.2,2684993.0,3098869.2,2633256.0,2026211.9,2358974.8,2452524.2,2592380.5,2354581.2,2093528.1,2000399.4,2638561.8,2438350.2,2024759.8,2079445.1,2116716.2,2320526.5,2707211.8,2506637.8,2075241.5,2431770.0,2241244.8,2453103.2,0,
2372,641.8222754401729,9.582435,,,,,,,,,,,1746887.5,2309994.0,2740336.2,2113370.8,2442915.5,0,0,0,0,0,0,0,0,0,0,0,0,0,0,0,0,0,0,0,
2373,334.18042922190506,9.60492,,,,,,,,,,,2483028.5,2998613.5,2760145.2,2447765.0,2070340.5,1806193.1,1719065.6,2099273.5,1829016.4,1908266.9,1898491.4,1878293.9,1815449.8,2142416.8,1956072.5,1890987.4,1863175.0,2183739.2,2196396.8,1843291.9,2113289.5,1689541.2,2280365.8,0,
2374,333.176913615383,9.606672,,,,,,,,,,,1.685043E7,1.9507228E7,1.9725872E7,1.7460208E7,1.4553106E7,1.1936496E7,1.2131724E7,1.3852036E7,1.2118484E7,1.3296203E7,1.2257618E7,1.3034893E7,1.2739094E7,1.3264695E7,1.3122354E7,1.2946343E7,1.2971266E7,1.5215573E7,1.4657302E7,1.3063558E7,1.4542177E7,1.191787E7,1.5200489E7,0,
2375,157.0608283706973,9.586663,,,,,,,,,,,0,0,0,0,1193811.6,1250655.5,1414552.4,0,0,1378333.9,1433054.9,0,0,1308863.8,1325755.4,1329097.4,1342643.0,0,0,1454354.2,1123187.1,1433741.0,0,0,
2376,462.2382671097624,9.5742445,,,,,,,,,,,1206999.4,1293200.2,1593430.5,0,2346072.8,1451817.2,1254165.2,1382973.9,1361919.6,1558034.5,1583378.1,1392233.0,1560315.9,2710083.0,1824254.0,0,0,1784799.2,1528010.0,1469554.9,1279203.9,1315123.6,1295627.8,0,
2377,427.0954402031061,9.62108,,,,,,,,,,,0,0,0,0,2359678.5,0,0,0,0,0,0,0,0,0,0,0,0,0,0,0,0,0,0,0,
2378,384.53685872349484,9.611897,,,,,,,,,,,0,1225700.4,1330366.8,1237109.5,0,0,0,0,0,0,0,0,0,0,0,0,0,0,0,0,0,0,0,0,
2379,308.15852458138664,9.62257,,,,,,,,,,,1564330.1,1503773.6,1655322.2,1593601.2,1458478.9,1475200.1,1425790.9,1628072.8,1593898.6,1385244.1,1515761.9,1479566.1,1471968.8,1574765.8,1428105.2,1433140.5,1516472.1,1765291.1,1549563.9,1611830.0,1622132.6,1465370.4,1571599.0,0,
2380,364.06531424939936,9.639078,,,,,,,,,,,3751968.0,2460443.0,1658148.0,2093337.0,0,0,0,0,0,0,0,0,0,1121818.6,1132682.0,1002661.2,1054268.4,1240213.8,1140718.6,1109032.1,0,0,0,0,
2381,363.1874847209367,9.631013,,,,,,,,,,,2151276.8,2264346.8,2520422.8,2502554.5,1934143.4,2762688.2,2686424.2,2939645.2,2977261.2,2534468.0,2682529.0,2966230.2,2680700.8,2815320.2,2464548.2,2507155.5,2573324.0,2731198.5,2458753.0,2705636.8,3003550.8,2664936.2,2438167.5,0,
2382,213.06601393619513,9.641068,,,,,,,,,,,0,0,0,0,0,989262.2,1489102.2,0,0,2708208.2,2154520.0,1661379.2,1479972.9,0,0,0,0,0,0,1585028.5,1396901.1,2553811.2,1105062.5,0,
2383,290.1459295963756,9.665361,,,,,,,,,,,0,0,0,0,2310272.5,0,0,0,0,0,0,0,0,0,0,0,0,0,0,0,0,0,0,0,
2384,247.6580157553158,9.658176,,,,,,,,,,,1982224.4,2021107.2,1762578.0,0,0,1431257.1,1426214.6,1635865.9,1439641.2,1677179.0,1558181.1,1602312.9,1441334.0,1471887.4,1576336.6,1545139.6,1748901.6,1830803.8,1761584.6,1628523.6,1680865.2,1562652.8,1663822.9,0,
2385,335.1924341194921,9.679259,,,,,,,,,,,1633201.1,1660081.8,2086507.0,1705163.1,2411673.8,1408964.0,1598229.1,1791855.6,1385787.2,1335879.9,1235249.0,1211037.8,1540226.4,1778568.8,1669275.4,1681302.9,1650712.9,1963640.9,1739524.0,1404369.8,1642761.9,1645778.1,1654343.1,0,
2386,471.2188499125613,9.6877,,,,,,,,,,,2454487.0,2437052.0,2805319.8,2563875.5,1548294.2,1795983.8,1998680.4,2165887.0,2319186.5,1668929.5,1822772.4,2103153.5,2031266.5,1771319.6,1903854.9,1871715.2,1815111.2,2660842.8,2353881.0,1633858.1,2108284.0,1848723.8,2093724.5,0,
2387,234.14487763693413,9.689673,,,,,,,,,,,0,0,0,0,1.9934984E7,0,0,0,0,0,0,0,0,0,0,0,0,0,0,0,0,0,0,0,
2388,262.1401821126244,9.689673,,,,,,,,,,,0,0,0,0,3601965.8,0,0,0,0,0,0,0,0,0,0,0,0,0,0,0,0,0,0,0,
2389,452.22475854804986,9.698239,,,,,,,,,,,2233337.8,2050794.1,2465237.2,2265903.8,1543420.8,2002814.6,2258252.8,2296186.8,2403346.0,1913126.0,2224061.2,2372229.2,2265685.8,2120120.8,2484203.5,2277318.2,2206627.5,2908162.5,2759087.8,1928568.6,2358391.8,2241061.5,2265239.2,0,
2390,587.2921328250111,9.719128,,,,,,,,,,,0,2004581.1,1892074.9,1968669.8,999823.3,0,0,0,0,0,0,0,0,0,0,0,0,0,0,0,0,0,0,0,
2391,576.3023497042121,9.710498,,,,,,,,,,,3.2314188E7,4.533747E7,4.863059E7,4.4680196E7,3.1305266E7,9885550.0,1.0910416E7,1.37242E7,9502507.0,1.0701606E7,1.0775361E7,1.1340312E7,1.4127318E7,2.0137776E7,1.8969984E7,1.8582682E7,1.8188084E7,2.1052576E7,1.9876484E7,1.0250108E7,1.5914625E7,9986867.0,1.51404E7,0,
2392,376.21922533299175,9.717192,,,,,,,,,,,1415108.4,1536161.5,1695919.2,1525934.4,1800355.6,1465881.4,1282252.9,1416157.5,1202044.8,1376739.6,1259217.5,1259567.2,1295662.4,1269273.2,1325716.2,1294678.6,1487806.9,1632778.9,1526721.1,1384092.2,1450828.9,1504429.9,1300259.0,0,
2393,349.17189514355954,9.720687,,,,,,,,,,,1.3471142E7,1.5568407E7,1.4042175E7,1.3996765E7,1.1519824E7,1.1290344E7,1.1134329E7,1.0817118E7,1.0695514E7,1.0701621E7,1.0298997E7,9583915.0,1.0297888E7,9807511.0,1.0821691E7,9990343.0,1.1652412E7,1.2804044E7,1.2285453E7,1.0681357E7,1.1398182E7,1.1879939E7,1.0627841E7,0,
2394,291.16632352927525,9.730256,,,,,,,,,,,1355837.2,1577894.1,1376730.2,1476423.5,1471375.1,1336842.8,1310053.0,1249409.0,1071302.4,1235647.0,0,0,1204810.6,1237465.1,1303144.5,1190606.1,1288929.8,1509876.4,1308562.9,1271314.1,1490916.1,1306957.6,1258687.6,0,
2395,391.1825135665171,9.741444,,,,,,,,,,,2363786.2,2876655.5,2105481.5,2665155.5,0,0,0,0,0,0,0,0,1174681.6,0,1176911.8,1118056.0,2271608.2,1533481.4,1436466.0,1129236.8,1345205.8,0,1201116.9,0,
2396,352.11727954321896,9.756115,,,,,,,,,,,0,0,0,0,3167975.2,0,0,0,0,0,0,0,0,0,0,0,0,0,0,0,0,0,0,0,
2397,275.1714606420696,9.813075,,,,,,,,,,,0,0,0,0,1.58459E7,0,0,0,0,0,0,0,0,0,0,0,0,0,0,0,0,0,0,0,
2398,303.17762209751675,9.813075,,,,,,,,,,,0,0,0,0,6.041601E7,0,0,0,0,0,0,0,0,0,0,0,0,0,0,0,0,0,0,0,
2399,391.18258482430514,9.838278,,,,,,,,,,,2685218.0,3062695.5,2851955.0,2685262.5,1771483.1,2311548.5,2182779.5,2523092.8,2383091.8,2200603.8,2447992.8,2386321.8,2506527.5,2412285.5,2355587.0,2517702.0,2309337.5,2638491.8,2475518.8,2241542.5,2519563.0,2423383.0,2575767.2,0,
2400,262.15113908053456,9.84671,,,,,,,,,,,0,0,0,0,4062558.5,0,0,0,0,0,0,0,0,0,0,0,0,0,0,0,0,0,0,0,
2401,234.14485796744853,9.858922,,,,,,,,,,,0,0,0,0,7418329.0,0,0,0,0,0,0,0,0,0,0,0,0,0,0,0,0,0,0,0,
2402,232.14053842491018,9.881063,,,,,,,,,,,0,0,0,0,8100428.0,0,0,0,0,0,0,0,0,0,0,0,0,0,0,0,0,0,0,0,
2403,261.15584944576113,9.891787,,,,,,,,,,,0,0,0,0,8861600.0,0,0,0,0,0,0,0,0,0,0,0,0,0,0,0,0,0,0,0,
2404,289.16191771005185,9.891787,,,,,,,,,,,0,0,0,0,2739524.8,0,0,0,0,0,0,0,0,0,0,0,0,0,0,0,0,0,0,0,
2405,204.1343851091881,9.937974,,,,,,,,,,,0,0,0,0,8952520.0,0,0,0,0,0,0,0,0,0,0,0,0,0,0,0,0,0,0,0,
2406,669.3521288897466,9.9801655,,,,,,,,,,,1268304.4,1395597.8,1532355.2,1337091.4,1665197.4,0,0,0,0,0,0,0,0,0,0,0,0,0,0,0,0,0,0,0,
2407,641.8222275686485,9.972475,,,,,,,,,,,1569416.1,1827512.9,2216252.5,1808282.1,2442668.8,0,0,0,0,0,0,0,0,0,0,0,0,0,0,0,0,0,0,0,
2408,405.2168861662609,9.95829,,,,,,,,,,,4029363.2,4868579.0,6278911.0,4699043.0,4894140.5,4294625.0,4128677.2,4994506.0,3718980.8,4245997.5,4021193.5,4009875.8,4201601.0,4201649.0,4287550.5,4518589.5,5330579.5,5245659.5,4815928.5,3939300.8,5111113.0,3821057.8,4339787.0,0,
2409,404.2140949185454,9.958275,,,,,,,,,,,2.125444E7,2.3802414E7,2.823138E7,2.4130306E7,2.4130154E7,2.168971E7,2.0891904E7,2.178344E7,2.007276E7,2.1323004E7,2.1178712E7,1.9003164E7,2.107703E7,2.0518672E7,2.1169718E7,2.2753598E7,2.4710406E7,2.4185234E7,2.1150946E7,2.026961E7,2.620293E7,1.973868E7,2.0840848E7,0,
2410,253.12956063145694,9.978902,,,,,,,,,,,1819969.4,2056595.6,1151509.2,1785825.1,0,0,0,0,0,0,0,0,0,0,0,0,0,0,0,0,0,0,0,0,
2411,576.3023223572184,9.978346,,,,,,,,,,,2.8138888E7,3.3482864E7,3.880216E7,3.4428692E7,3.589083E7,1.0525536E7,1.0476538E7,1.3994561E7,9728262.0,1.1119295E7,1.0645345E7,1.0983741E7,1.3270419E7,1.9709374E7,1.7433782E7,1.730951E7,1.8887936E7,1.7104566E7,1.821002E7,1.0614683E7,1.4711682E7,9319943.0,1.6202254E7,0,
2412,247.6580006981693,9.956681,,,,,,,,,,,1803441.2,1768724.9,1862286.8,1578920.8,0,1421109.6,1368728.8,1641592.8,1390570.5,1499892.9,1432656.2,1397492.2,1354878.6,1415583.2,1595555.4,1553248.8,1677733.6,1620074.0,1704361.9,1473979.1,1573891.6,1418743.9,1586809.6,0,
2413,462.2382296724234,9.976594,,,,,,,,,,,1317642.6,1828964.0,1395308.1,1851533.1,1549346.1,1755046.5,1536511.5,1414891.4,1392093.8,1877291.2,1998071.6,0,1259282.4,2028564.0,1839580.2,1829139.0,2099386.2,1928945.4,1525720.1,1506043.1,1772079.5,1590930.8,1242890.0,0,
2414,362.2034848410138,9.989755,,,,,,,,,,,4820878.5,5673561.0,4496385.0,6106003.5,4575276.0,3419017.0,3145821.5,2753689.8,2402630.0,3308913.0,3057782.5,2220008.5,2754377.2,3420499.0,3849530.8,3835069.0,3735582.2,3867817.5,3958103.8,2828295.8,3629284.2,3232204.5,3526646.0,0,
2415,327.68211557709384,9.988726,,,,,,,,,,,2100834.5,2106665.2,2312977.5,2403276.8,1762749.0,1516414.0,1482524.4,1679933.0,1342109.2,1629128.6,1496547.1,1403145.6,1455027.5,1446681.5,1682478.5,1676475.4,1702894.5,1773296.9,1915889.1,1337778.4,1598535.1,1427277.9,1860701.8,0,
2416,156.07681175557727,9.970956,,,,,,,,,,,0,0,0,0,3523458.5,2676719.2,2310702.5,1795870.9,2013587.4,1390544.0,1709688.5,0,1703412.0,1873020.6,1784786.2,1826451.8,1713628.1,1456457.1,1216327.0,2042851.8,1918838.6,2006362.9,1614575.5,0,
2417,390.19854784298127,10.004621,,,,,,,,,,,5734880.5,6366409.0,6134758.5,6487422.0,4650516.5,5316127.0,6178917.5,5365847.0,5498195.0,5534825.0,5988187.5,5070036.5,5374551.0,5373124.0,5624336.0,6089074.5,5727578.0,6007558.5,6142422.0,5101365.0,6455621.5,5889529.5,5583286.5,0,
2418,471.2188811635987,10.0077,,,,,,,,,,,5403612.0,6063195.5,5138609.5,6474125.0,3788677.2,4333833.5,5182064.5,4137160.8,3894934.5,4553156.5,4722740.5,3851716.5,3876252.8,4503919.5,4936357.5,5280206.0,5084022.0,5157577.5,5385632.0,4405644.0,5530848.0,4947429.5,4406900.5,0,
2419,587.2921537683329,9.993853,,,,,,,,,,,1456850.0,1981014.1,1816801.6,2090286.4,1637796.5,0,0,0,0,0,0,0,0,0,0,0,0,0,0,0,0,0,0,0,
2420,266.17854385146023,10.06412,,,,,,,,,,,4313865.0,4343651.0,4478862.5,4718135.0,2937523.0,3998256.2,3858363.2,4515302.0,4499381.0,4148316.8,4046801.5,4089958.5,4337820.5,3826885.2,4094076.5,4221763.0,4132074.5,4578187.0,4913515.0,3848095.2,4414577.0,4222979.0,4387051.5,0,
2421,325.1474787359753,10.074985,,,,,,,,,,,1813116.0,1500258.8,1480393.8,1707091.5,0,1457063.8,1625694.0,1854253.4,1286062.8,1611992.1,1552376.4,1369018.8,1545461.6,1568637.8,1824168.5,1842566.6,1905783.8,2080200.2,2031848.4,1498238.1,1609230.1,1651515.1,1853619.5,0,
2422,649.8195899541704,10.169038,,,,,,,,,,,4462440.5,6045599.0,6140520.0,5427341.5,3372697.0,0,0,0,0,0,0,0,0,1771511.5,1489202.9,1756857.2,1584523.5,1591431.1,1529643.5,0,1159170.6,0,1097552.1,0,
2423,669.3520654451336,10.184836,,,,,,,,,,,0,1209105.2,0,0,1194680.5,0,0,0,0,0,0,0,0,0,0,0,0,0,0,0,0,0,0,0,
2424,325.14745457207874,10.172255,,,,,,,,,,,1530976.0,1287061.1,1325752.6,1241736.9,0,1542571.4,1446346.0,1772236.2,1149780.2,1537420.4,1320135.6,1343888.6,1495110.8,1296311.1,1557240.2,1652181.9,1705908.9,1829822.9,1823724.2,1370876.1,0,1421822.6,1794664.5,0,
2425,587.2922129456215,10.219863,,,,,,,,,,,1486212.5,1680275.4,1961803.4,0,1718051.0,0,0,0,0,0,0,0,0,1142442.2,0,0,1148419.8,0,0,0,0,0,0,0,
2426,649.8196062941115,10.232559,,,,,,,,,,,4582141.0,6004500.5,5218635.0,5145147.5,3558388.2,0,0,0,0,0,0,0,0,1741827.5,1462211.9,1573358.2,1468404.9,1467580.0,1488767.4,0,1159170.6,0,1262899.4,0,
2427,259.17134292960793,10.286408,,,,,,,,,,,1646992.8,1654519.6,1736327.0,1702735.9,1068571.4,1638434.9,1668623.4,1840094.5,1799466.6,1511359.0,1567415.4,1727721.6,1665805.0,1609429.4,1684370.8,1781940.6,1665964.2,2008445.2,2019679.9,1513417.2,1590376.0,1639160.4,1742054.8,0,
2428,462.23829653149426,10.350058,,,,,,,,,,,1155828.9,0,1247721.1,0,1383731.0,0,0,1192048.5,1163014.0,1459914.2,1730297.2,0,1243747.5,1921423.2,1847458.4,1951473.1,1712804.2,1457206.8,1493828.5,1769582.5,0,1618149.9,1294580.4,0,
2429,494.308908635543,10.430686,,,,,,,,,,,1338940.0,0,1191844.8,0,0,0,0,1358337.0,0,0,1107546.6,0,1227691.9,1379199.5,1623640.8,1737104.5,1664678.8,1366194.0,1549150.1,1373591.2,0,0,1418219.6,0,
2430,462.23830232820166,10.443396,,,,,,,,,,,1155828.9,1093131.8,1247721.1,0,1223129.5,1150313.9,1163406.2,1497457.6,1361460.0,0,1619537.6,0,1434174.1,1921423.2,1977017.2,1927774.4,1766150.1,1335981.4,1493828.5,1666951.1,0,1330501.0,1459413.5,0,
2431,259.62750101658634,10.495641,,,,,,,,,,,1.8355396E7,1.4343062E7,1.3696754E7,1.565624E7,1772577.9,2.398602E7,2.7288674E7,2.8201736E7,2.8230018E7,2.5476426E7,2.751777E7,2.7329374E7,2.5837084E7,1.6318406E7,1.8518896E7,2.0011974E7,2.1165898E7,2.665946E7,2.6407918E7,2.1526374E7,2.4798356E7,2.908773E7,2.7245692E7,0,
2432,397.2558280049918,10.505797,,,,,,,,,,,0,0,0,0,1641347.2,0,0,0,0,0,0,0,0,0,0,0,0,0,0,0,0,0,0,0,
2433,504.2417518557743,10.50917,,,,,,,,,,,6721193.5,5847738.0,6027148.5,5740871.5,5562535.5,3159033.2,3168718.2,3685829.2,3272464.8,2901161.8,2993577.2,3250187.0,4222895.5,4260442.5,4465310.0,4578821.5,4978857.5,4677221.5,4886510.5,3633267.8,3614765.5,2769444.5,4271409.0,0,
2434,518.2475784602157,10.534064,,,,,,,,,,,1.4019277E7,9436346.0,9718457.0,9110558.0,1323568.9,1.5790914E7,1.5280254E7,1.7023624E7,2.1575092E7,0,1.4082171E7,1.8821178E7,1.8191602E7,1.5959927E7,1.9302534E7,2.251853E7,1.8222394E7,1.8706588E7,2.2569706E7,1.5599457E7,1.7115116E7,0,2.0433528E7,0,
2435,604.7609041002414,10.510745,,,,,,,,,,,1553756.1,1689385.5,1872151.6,1698819.1,1836451.6,0,0,0,0,0,0,0,0,996999.06,1023094.3,0,0,0,1061224.2,0,0,0,0,0,
2436,160.18085513127778,10.510402,,,,,,,,,,,0,0,0,0,5418923.5,0,0,0,0,0,0,0,0,4040742.0,3916433.5,2753840.0,1816320.1,0,0,1398889.2,0,0,0,0,
2437,517.335127192587,10.534268,,,,,,,,,,,0,0,0,0,3629074.2,0,0,0,0,0,0,0,0,1292484.6,1250480.5,1191513.9,1302356.6,0,1337177.1,0,0,0,0,0,
2438,641.8222488003705,10.52103,,,,,,,,,,,0,1221759.2,1222062.5,1144855.0,1494632.0,0,0,0,0,0,0,0,0,0,0,0,0,0,0,0,0,0,0,0,
2439,259.17196586817806,10.5051365,,,,,,,,,,,1284747.5,1407484.6,1279759.5,1129195.2,4918639.5,2021648.4,1629655.0,1702477.5,1672688.0,1198249.4,1419041.5,1297357.2,1801206.9,1910758.6,1848537.1,1822573.5,1862395.5,1958411.9,2097288.5,1453816.1,1639250.4,1504576.5,1756911.4,0,
2440,146.16517336773634,10.533289,,,,,,,,,,,0,0,0,0,2644509.0,0,0,0,0,0,0,0,0,1994422.0,1992582.1,1780522.8,1382602.4,0,0,0,0,0,0,0,
2441,470.29762413893656,10.55395,,,,,,,,,,,0,0,0,0,0,1141843.4,0,1310824.8,1890635.1,0,988279.3,2211494.2,1489671.9,0,0,0,0,0,1485475.6,0,1092120.8,0,1289585.5,0,
2442,494.30892831969885,10.616198,,,,,,,,,,,1149818.0,0,1261328.0,0,0,0,0,1197649.0,1180563.1,0,0,1171829.4,1384696.1,1624685.6,1558377.6,1692210.5,1542726.6,1307239.8,1594838.4,0,1159987.9,0,1380819.4,0,
2443,518.2475736452857,10.654647,,,,,,,,,,,1.234682E7,8649072.0,9411740.0,9017038.0,1658233.8,1.8176812E7,1.731279E7,2.1789258E7,2.3421812E7,1.6153853E7,1.5900476E7,2.5155708E7,2.4865966E7,2.0419E7,2.1144128E7,2.2877936E7,1.902095E7,2.0692236E7,2.4369084E7,0,1.8174108E7,1.515659E7,2.4502488E7,0,
2444,156.07682589622416,10.636196,,,,,,,,,,,0,0,0,0,2076162.4,1514039.0,1307721.8,1233776.2,1284114.8,0,0,0,1215465.4,1188623.6,1072354.2,0,0,0,0,1324765.5,1023580.1,1179448.6,0,0,
2445,252.16305243654662,10.622656,,,,,,,,,,,1566772.2,1572050.9,1705481.8,1540876.5,984345.5,1624996.6,1524398.6,1742511.8,1728660.0,1518759.4,1515104.0,1576488.5,1617546.9,1448230.9,1472955.6,1644504.5,1735275.2,1710241.9,1817769.2,1452744.9,1533488.6,1570248.4,1654744.0,0,
2446,462.23828781820777,10.612453,,,,,,,,,,,0,0,0,0,1283656.4,1255486.8,0,1254740.9,1364787.6,1250472.9,1164485.8,1295663.9,1508143.1,2090196.0,0,1598881.1,1435100.1,1319856.5,1367754.4,1191482.2,1194868.4,0,1218498.0,0,
2447,259.62751210301985,10.695807,,,,,,,,,,,1.6089285E7,1.2408777E7,1.2037291E7,1.3168291E7,2378584.5,3.0055662E7,2.889599E7,3.091052E7,3.0475104E7,2.7512086E7,2.9723212E7,3.1425424E7,2.7229758E7,1.7753966E7,2.1319192E7,2.3940076E7,2.600855E7,2.6067204E7,2.7180786E7,2.8193058E7,2.5933076E7,3.0450584E7,2.8711376E7,0,
2448,494.3089257714103,10.693426,,,,,,,,,,,1263335.1,0,1261328.0,1065902.6,0,0,0,1341256.6,1335844.4,0,0,1273062.8,1384696.1,1624685.6,1754401.8,1683169.8,1231435.5,1410076.9,1556921.9,0,0,0,1455211.5,0,
2449,308.0910612364878,10.715652,,,,,,,,,,,0,0,0,0,2751061.8,0,0,0,0,0,0,0,0,0,0,0,0,0,0,0,0,0,0,0,
2450,518.2475697084841,10.790305,,,,,,,,,,,1.4600366E7,0,9369420.0,9162928.0,2247777.2,2.229904E7,2.1103074E7,2.6140832E7,2.75693E7,1.7645008E7,1.9614314E7,2.5155708E7,2.503584E7,1.8515962E7,2.361403E7,2.0536926E7,1.6042287E7,2.259011E7,2.5023192E7,1.6672681E7,2.1422978E7,1.5983464E7,2.6480672E7,0,
2451,146.16517618056352,10.811437,,,,,,,,,,,0,0,0,0,3560663.2,0,0,0,0,0,0,0,0,2712459.8,2337104.2,1331513.6,0,0,0,0,0,0,0,0,
2452,160.18085397605248,10.830165,,,,,,,,,,,0,0,0,0,7358700.5,0,0,0,0,0,0,0,0,5754042.0,4353908.5,2104873.8,1351221.8,0,0,1042323.4,0,0,0,0,
2453,587.2922445203092,10.831479,,,,,,,,,,,1561101.5,1801854.5,0,1389503.6,2412199.5,0,0,0,0,0,0,0,0,1896944.4,1492259.0,0,0,0,1291019.8,0,0,0,0,0,
2454,494.3089206597933,10.826279,,,,,,,,,,,1351429.1,0,0,1076009.8,0,0,0,1363484.2,1314247.0,0,0,1202217.1,1310656.9,1561117.8,1660085.4,0,0,1300307.1,1601698.9,0,1289350.9,0,1513732.6,0,
2455,333.14481725635557,10.833692,,,,,,,,,,,3408237.8,2971603.0,2547051.5,3077090.0,0,4530994.0,5153262.0,5353146.5,5080453.0,4915712.0,4735824.0,5003689.0,4555176.0,3340045.8,3745389.8,4258575.0,4493903.5,4792482.5,4951884.5,4170953.5,5040153.0,4950655.5,4802319.5,0,
2456,665.2829622164788,10.85285,,,,,,,,,,,1475740.2,0,0,0,0,1446506.6,1392411.8,2105534.5,2155797.2,1261480.1,0,1926304.8,1823670.1,1701837.4,2022544.5,0,1157416.0,2013349.5,2342528.8,0,1595413.4,1224900.6,2085119.6,0,
2457,587.2923082885403,10.917179,,,,,,,,,,,1626422.1,1559684.8,1926853.8,1364531.4,2679236.2,0,0,0,0,0,0,0,0,1791748.9,1448220.5,0,0,1067007.2,1289338.9,0,0,0,0,0,
2458,518.2475558318592,10.900032,,,,,,,,,,,1.4880708E7,8621100.0,9334945.0,8859816.0,2233199.0,2.1419652E7,1.9307156E7,2.624545E7,2.912428E7,1.7061934E7,1.7649684E7,2.5308132E7,2.414847E7,2.0737176E7,2.2141316E7,1.4282207E7,1.6466509E7,2.2817194E7,2.5799522E7,1.6672681E7,2.082563E7,1.8284546E7,2.6582362E7,0,
2459,374.27625037310975,10.925895,,,,,,,,,,,1244960.2,0,1239466.4,0,1476740.5,0,0,1081689.6,0,0,0,0,1126002.1,1368878.4,0,0,0,1080351.5,1430107.5,0,0,0,0,0,
2460,494.3089348689667,10.958282,,,,,,,,,,,1340383.4,0,0,0,0,1031961.0,0,1239226.4,1280005.2,0,0,1190975.9,1338736.4,1442365.6,1236607.9,0,0,1270509.8,1437407.2,0,1062032.1,0,1418432.0,0,
2461,470.29763748979815,10.962524,,,,,,,,,,,0,0,0,0,0,0,0,0,1149854.1,1014032.0,1070845.2,1172406.6,0,0,0,0,0,0,0,0,0,0,0,0,
2462,587.2924162726663,11.065681,,,,,,,,,,,1452942.9,1559153.4,2000590.8,1425222.1,2290381.0,0,0,0,0,0,0,0,0,1799575.4,0,0,0,0,1250371.1,0,0,0,1179076.6,0,
2463,612.0743383296568,11.209777,,,,,,,,,,,2354862.2,2227845.5,2728217.2,2115913.8,0,2196338.5,2391994.8,2352828.5,2144700.5,2133279.5,2321043.0,1844596.5,2126500.5,1916799.1,2001912.8,2204548.0,2281616.2,2576638.8,2324886.5,1933693.9,2186332.5,1902876.1,2860325.5,0,
2464,284.17173642407465,11.201455,,,,,,,,,,,0,0,0,0,1.9090048E7,0,0,0,0,0,0,0,0,2326685.0,0,0,0,0,0,0,0,0,0,0,
2465,200.63703692775377,11.244477,,,,,,,,,,,1312036.2,1327021.9,1102288.8,1244779.4,0,0,0,1116974.8,0,0,0,0,0,0,0,1037571.94,1108246.2,1200901.4,1232277.6,0,1103213.2,1025889.6,1003251.75,0,
2466,400.26674611100094,11.267679,,,,,,,,,,,2890243.5,2588046.2,2332191.2,2077072.6,0,1686832.2,1595888.5,2338539.2,2189138.5,1637089.1,1493014.4,2060398.4,1973492.0,1958198.2,1391598.1,1850921.1,1764079.5,2453605.8,2673534.8,1802085.6,2001286.1,1554178.8,2239464.8,0,
2467,265.0155925147765,11.302147,,,,,,,,,,,0,0,0,0,2081131.4,0,0,0,0,0,0,0,0,0,0,0,0,0,0,0,0,1147577.6,0,0,
2468,612.0743329105339,11.2741785,,,,,,,,,,,2541797.8,1948360.6,2468869.8,1506382.5,0,2257155.2,1751192.1,2636017.2,2184307.2,1594147.4,1716445.5,2325636.2,2613031.8,1916799.1,2001912.8,2204548.0,1639497.9,2050639.8,2359549.5,2051144.9,2077546.6,1902876.1,2750743.2,0,
2469,241.999620260677,11.329358,,,,,,,,,,,1255555.0,1292118.5,1437525.1,1394761.9,3305148.8,1113334.2,1027633.1,0,0,0,0,0,0,0,0,0,0,0,0,1219661.8,0,1824945.1,0,0,
2470,151.03526086994276,11.336762,,,,,,,,,,,3552447.8,3655017.0,3772147.8,3899356.5,6742792.5,3463916.8,3310971.8,3057211.0,3125090.0,2253468.2,2611755.5,2319547.5,2675104.2,3290249.2,3166097.8,3227890.2,2978775.8,2850298.0,2809496.2,3479392.0,3171985.8,4335513.0,2844167.2,0,
2471,146.1651671469762,11.345756,,,,,,,,,,,0,0,0,0,0,0,0,0,0,0,1247483.0,0,0,4009868.5,3063083.0,2624330.2,1951861.0,0,0,1729839.0,0,1303930.6,0,0,
2472,612.0743312319943,11.347961,,,,,,,,,,,0,0,0,0,0,1848504.1,1873109.8,0,0,0,1766445.6,0,0,1655070.5,1527859.5,1686292.6,1780775.9,0,0,1758762.6,0,1460732.5,0,0,
2473,400.26674410200354,11.498786,,,,,,,,,,,2373232.5,1844051.8,1796287.4,1561537.8,0,1585641.1,1498912.9,1994877.4,1947411.9,1463470.9,1259331.2,2038366.4,1726146.1,1711510.9,1304305.6,1499145.8,1584380.8,2290366.2,2279340.5,1676179.9,1922169.2,1366413.0,2068897.2,0,
2474,284.1717039496308,11.528391,,,,,,,,,,,0,0,0,0,8006386.0,0,0,0,0,0,0,0,0,1398100.9,0,0,0,0,0,0,0,0,0,0,
2475,518.2475170201285,11.57648,,,,,,,,,,,5528726.0,4054838.2,0,4668015.5,0,1.0178842E7,9852651.0,9932825.0,1.0780552E7,9321953.0,9934464.0,9925539.0,9353335.0,0,6975583.5,7725660.0,8140961.5,1.0274052E7,9207853.0,9529772.0,0,7860705.5,9083516.0,0,
2476,611.0902745362407,11.640478,,,,,,,,,,,2031281.8,2548981.8,2358094.8,2564791.2,0,2229517.2,2007416.4,2077565.5,2110744.0,2601018.2,2273505.2,2381708.8,2073533.8,2371114.2,2514122.8,2412035.5,2338468.5,2150221.5,2266724.0,2249810.2,2385969.5,2136104.0,2268949.5,0,
2477,316.1873323155786,11.670859,,,,,,,,,,,1109079.6,0,1220377.8,1192928.5,0,1184752.0,1161209.9,1232407.2,1311090.9,1108537.0,0,1135263.8,1302706.4,0,0,0,0,1161736.9,1231869.6,0,0,0,1314656.2,0,
