row ID,row m/z,row retention time,intensity_measure,ion_mobility,ion_mobility_unit,ccs,correlation group ID,annotation network number,best ion,auto MS2 verify,identified by n=,partners,neutral M mass,20260428_CVOL_Group_02_1F12_1.mzML Peak area,20260428_CVOL_Group_02_1F12_2.mzML Peak area,20260428_CVOL_Group_02_1F12_3.mzML Peak area,20260428_CVOL_Group_02_1F12_4.mzML Peak area,20260428_CVOL_Group_02_Control_LB.mzML Peak area,20260428_CVOL_Group_02_Delta_phzC_1.mzML Peak area,20260428_CVOL_Group_02_Delta_phzC_2.mzML Peak area,20260428_CVOL_Group_02_Delta_phzC_3.mzML Peak area,20260428_CVOL_Group_02_Delta_phzC_4.mzML Peak area,20260428_CVOL_Group_02_Delta_pvdE_1.mzML Peak area,20260428_CVOL_Group_02_Delta_pvdE_2.mzML Peak area,20260428_CVOL_Group_02_Delta_pvdE_3.mzML Peak area,20260428_CVOL_Group_02_Delta_pvdE_4.mzML Peak area,20260428_CVOL_Group_02_QC_01.mzML Peak area,20260428_CVOL_Group_02_QC_02.mzML Peak area,20260428_CVOL_Group_02_QC_03.mzML Peak area,20260428_CVOL_Group_02_QC_04.mzML Peak area,20260428_CVOL_Group_02_QC_05.mzML Peak area,20260428_CVOL_Group_02_QC_06.mzML Peak area,20260428_CVOL_Group_02_R47_1.mzML Peak area,20260428_CVOL_Group_02_R47_2.mzML Peak area,20260428_CVOL_Group_02_R47_3.mzML Peak area,20260428_CVOL_Group_02_R47_4.mzML Peak area,20260428_CVOL_bk_mapp_pre_01.mzML Peak area,Unnamed: 37
1,297.0824536022017,0.48884472,height,,,,,,,,,,,0.0,0.0,0.0,0.0,0.0,0.0,0.0,0.0,0.0,0.0,0.0,0.0,0.0,0.0,0.0,0.0,0.0,0.0,0.0,0.0,0.0,0.0,0.0,1756913.8,
2,539.1634833673904,0.48884472,height,,,,,,,,,,,0.0,0.0,0.0,0.0,0.0,0.0,0.0,0.0,0.0,0.0,0.0,0.0,0.0,0.0,0.0,0.0,0.0,0.0,0.0,0.0,0.0,0.0,0.0,6220402.5,
3,850.2514352521376,0.48020104,height,,,,,,,,,,,1152791.2,0.0,1221824.6,1149382.6,0.0,0.0,0.0,0.0,1159399.4,0.0,0.0,0.0,1112651.9,0.0,0.0,0.0,0.0,0.0,1316631.1,0.0,0.0,0.0,1187266.2,2824223.5,
4,425.3626122039863,0.49218234,height,,,,,,,,,,,3191079.2,2939549.2,2320550.5,3203654.8,4748258.5,3296469.8,2605163.2,3929770.2,3124727.8,2842453.0,3708347.5,3422763.5,1868500.0,7683127.5,6007220.5,6291990.0,5640881.5,5841678.5,4790138.5,2909312.0,2854231.5,3110959.0,3972973.0,0.0,
5,463.13073064065895,0.49299502,height,,,,,,,,,,,1290935.6,0.0,1049983.5,1050140.5,0.0,1108533.6,0.0,0.0,1150908.5,0.0,0.0,0.0,0.0,0.0,0.0,0.0,0.0,0.0,1231919.0,0.0,0.0,0.0,0.0,2775939.8,
6,405.1346231162984,0.52617687,height,,,,,,,,,,,0.0,0.0,0.0,0.0,0.0,0.0,0.0,0.0,0.0,2026147.1,1362309.4,2238968.2,1724424.0,1773979.4,1712677.2,1835192.1,1659227.1,1634321.8,1845457.1,1762447.2,3393900.5,1769508.6,3246280.2,0.0,
7,423.09110708641407,0.5269065,height,,,,,,,,,,,0.0,0.0,0.0,0.0,0.0,0.0,0.0,0.0,0.0,3859802.2,2709060.2,3658939.2,3116480.5,2353652.5,2043651.4,2106798.5,2050549.0,1777561.1,1892999.4,3156989.5,5289863.5,3947938.0,4333982.0,0.0,
8,155.0468446634948,0.5301615,height,,,,,,,,,,,10457091.0,0.0,6458359.0,2168519.5,0.0,9098585.0,4959598.0,5810667.0,5313939.5,0.0,0.0,0.0,4524592.5,3252180.8,3143778.2,3511803.2,3939994.8,3296912.5,3549105.2,9574253.0,2680027.8,0.0,2930897.5,0.0,
9,127.01564085559014,0.53271854,height,,,,,,,,,,,2517774.5,0.0,1549176.4,0.0,0.0,2203389.5,1357381.5,1480557.2,1226991.8,0.0,0.0,0.0,1128284.9,0.0,0.0,0.0,0.0,0.0,0.0,2242052.8,0.0,0.0,0.0,0.0,
10,299.2772141183813,0.5713733,height,,,,,,,,,,,2317919.0,8591856.0,12229562.0,11648827.0,0.0,1341969.6,1468592.8,1133910.1,1492903.9,9080041.0,1924917.9,2097071.6,2725546.0,3939275.8,3577371.0,3367847.2,3451638.5,2591442.2,2899152.2,1619896.6,0.0,1127931.9,0.0,0.0,
11,211.08668402423004,0.5456265,height,,,,,,,,,,,0.0,0.0,0.0,0.0,2815675.2,0.0,1360864.9,0.0,0.0,0.0,0.0,0.0,0.0,0.0,0.0,0.0,0.0,0.0,0.0,0.0,0.0,1302754.1,0.0,0.0,
12,270.2427543361503,0.5556275,height,,,,,,,,,,,5444022.5,8554708.0,13754086.0,11436764.0,0.0,3116772.2,1287456.8,0.0,1112119.8,5985301.5,2139313.5,2817131.8,3852735.8,4091057.8,3881566.8,4226189.5,3913275.5,3981628.8,3688034.0,1926546.8,0.0,0.0,1129763.4,0.0,
13,318.2403576351463,0.5524402,height,,,,,,,,,,,7827417.5,5061932.5,4471283.0,4525074.0,1637335.8,2427063.0,0.0,1955149.6,1448525.4,4414519.0,9637846.0,11221182.0,9883994.0,4313810.0,3729181.8,3655289.2,3348303.8,3437452.5,2982989.0,2665936.8,2369320.8,2200015.0,2295821.5,0.0,
14,227.0713428845281,0.55711806,height,,,,,,,,,,,0.0,0.0,0.0,0.0,0.0,0.0,0.0,0.0,0.0,8475907.0,6811048.0,8994683.0,6235572.0,4026464.8,3543490.8,4004444.8,4086460.2,4165344.2,3606344.0,6230727.5,6644708.5,7023965.5,5941745.5,0.0,
15,207.05546579365657,0.5562983,height,,,,,,,,,,,0.0,0.0,0.0,0.0,0.0,15623625.0,20609318.0,20755178.0,16666866.0,170948860.0,154082080.0,194345710.0,156398350.0,104511064.0,81695030.0,91271940.0,87145704.0,95227610.0,87767290.0,138115870.0,164635460.0,169769840.0,139616590.0,0.0,
16,179.06027690812348,0.55778646,height,,,,,,,,,,,0.0,0.0,0.0,0.0,0.0,0.0,0.0,0.0,0.0,6979715.5,6743460.5,8497383.0,6691685.0,4471794.0,3560658.2,3865280.2,3583135.5,3911180.0,3915828.5,5768574.5,7202998.5,7086419.0,6482123.0,0.0,
17,227.0765751008321,0.55182445,height,,,,,,,,,,,0.0,0.0,0.0,0.0,0.0,1952102.0,1701367.9,0.0,1703052.6,3114290.8,2849967.0,0.0,2718969.2,2354782.8,2442007.5,2727369.5,2307329.5,2407800.2,2525949.0,2763438.5,3134436.0,2641845.8,2895092.2,0.0,
18,171.0553286960745,0.55786407,height,,,,,,,,,,,0.0,0.0,0.0,0.0,0.0,0.0,1334224.2,1117956.1,1196954.5,2750860.8,2269020.2,2835101.2,2444937.0,1847811.9,1485995.5,1793090.5,1648079.0,1587326.2,1749031.5,2050957.1,2619081.2,2414787.5,2340428.2,0.0,
19,225.06600116948675,0.5579236,height,,,,,,,,,,,0.0,0.0,0.0,0.0,0.0,85026140.0,115999020.0,113454910.0,90471540.0,897503000.0,785854000.0,1043051200.0,775532740.0,506947360.0,455570780.0,499408580.0,455634180.0,481743330.0,461537380.0,741767800.0,814489860.0,796074500.0,711507900.0,0.0,
20,320.2560076835912,0.5601888,height,,,,,,,,,,,6838487.0,6059673.5,6255268.0,5424735.5,3440429.8,4338248.0,3090187.0,2951357.0,2631258.8,14396672.0,9742525.0,11864064.0,10083774.0,7803514.0,5988578.0,6525715.0,6222213.5,5854948.0,5363946.0,4859655.5,3975003.0,4201542.0,3951621.0,0.0,
21,189.06589394659835,0.5600423,height,,,,,,,,,,,0.0,0.0,0.0,0.0,0.0,1302995.1,1966976.2,1506952.9,1588445.8,3537118.5,3200494.0,3590173.8,2798308.2,1994226.4,2281511.2,2215106.8,2002100.4,2185544.2,2087331.0,2915305.5,3483712.8,2882512.0,2856869.5,0.0,
22,281.26680885383814,0.5643288,height,,,,,,,,,,,31430966.0,11616974.0,13930862.0,9943994.0,5861589.5,11463095.0,6849332.5,6403347.5,6522301.5,20761668.0,22775348.0,20865324.0,28616064.0,14044486.0,11795828.0,14401212.0,12740558.0,11360554.0,11893024.0,6891285.0,5271832.0,6055473.5,5836878.0,0.0,
23,254.24780304893247,0.57599163,height,,,,,,,,,,,3066869.8,0.0,1675834.6,1631642.0,0.0,2065955.4,0.0,0.0,0.0,0.0,1507368.8,1435936.2,2092669.6,1318626.0,1330630.4,0.0,1033656.9,1273452.5,1280377.9,0.0,0.0,0.0,0.0,0.0,
24,241.0607368251791,0.5626819,height,,,,,,,,,,,0.0,0.0,0.0,0.0,0.0,1301164.2,1591888.8,1906614.0,1824558.0,11378056.0,9217297.0,14255966.0,10189971.0,5128948.0,4895599.0,5466743.5,5146623.5,5955445.0,6801893.0,7931957.0,10197167.0,8364053.0,9678042.0,0.0,
25,158.06014063377626,0.56424385,height,,,,,,,,,,,0.0,0.0,0.0,0.0,19332288.0,0.0,0.0,0.0,0.0,0.0,0.0,0.0,0.0,0.0,0.0,0.0,0.0,0.0,0.0,0.0,0.0,0.0,0.0,0.0,
26,227.01329093747825,0.56327355,height,,,,,,,,,,,0.0,0.0,0.0,0.0,0.0,3379179.5,3542602.5,4135520.2,0.0,3467003.8,3225115.0,2966568.2,2893533.0,1887299.1,1550933.9,1567024.9,1513522.2,1360805.9,1482758.2,0.0,1549505.2,2521873.8,2190171.0,0.0,
27,263.2369921047413,0.56488895,height,,,,,,,,,,,17310962.0,5975212.0,8318755.0,6283982.0,2849004.0,6282996.5,3930613.2,3445867.8,3309308.0,9790946.0,11363660.0,11129009.0,14390583.0,8149709.0,6111278.5,6862426.5,6679174.0,6164458.5,6156896.0,3229212.0,2562206.5,3039412.5,3420312.8,0.0,
28,280.2635229159522,0.565328,height,,,,,,,,,,,154433840.0,56379980.0,71944440.0,50111090.0,26763870.0,57061810.0,34808000.0,31105184.0,30279980.0,88773870.0,108436230.0,106415770.0,129949220.0,72348810.0,56853936.0,62413360.0,60336340.0,53298664.0,56778470.0,33809684.0,22699094.0,26648488.0,30035908.0,0.0,
29,245.2264151480119,0.5647267,height,,,,,,,,,,,4395452.5,1746189.0,2101486.0,1573494.9,0.0,1791050.5,0.0,0.0,0.0,2500974.2,2744988.0,2439939.5,3405288.0,2106605.0,1482757.1,1625228.6,1698371.6,1515014.0,1722969.5,0.0,0.0,0.0,0.0,0.0,
30,297.2617732839644,0.5792371,height,,,,,,,,,,,18753412.0,13085162.0,14187991.0,18919240.0,0.0,4215407.0,5422003.5,4719184.5,5832276.5,5135874.5,12415862.0,13231618.0,14880072.0,7357635.5,6566941.5,6216432.0,5832596.5,7210989.5,7646382.0,4012350.2,3675102.0,4210172.0,4400209.0,0.0,
31,266.24782097332815,0.57395625,height,,,,,,,,,,,4177233.0,1562810.2,2235017.2,1664809.4,0.0,2397915.0,1563886.0,0.0,0.0,2142069.0,2571755.5,2390848.5,3540031.0,1850075.8,1913395.4,1549975.1,1643606.5,1717911.8,2029834.6,1352140.9,0.0,0.0,0.0,0.0,
32,254.17502064359127,0.5726294,height,,,,,,,,,,,2268177.0,2705970.5,2589345.5,3184742.8,1945748.5,2352928.2,2752879.5,3118650.0,2758964.5,2144258.0,1842329.2,0.0,2305566.5,2385742.2,2021825.2,2042068.1,2038841.8,2118349.5,2446715.8,2157126.8,2136617.8,1676252.6,2250267.5,0.0,
33,205.17014745597876,0.5747751,height,,,,,,,,,,,0.0,0.0,0.0,0.0,2622798.2,0.0,0.0,0.0,0.0,0.0,0.0,0.0,0.0,0.0,0.0,0.0,0.0,0.0,0.0,0.0,0.0,0.0,0.0,0.0,
34,278.2480206887413,0.5750274,height,,,,,,,,,,,22127688.0,10687897.0,16355352.0,15733973.0,6952692.5,15228819.0,11130150.0,10490967.0,10252843.0,11266942.0,14371291.0,13888410.0,19193848.0,13010678.0,11298962.0,11157892.0,10809309.0,12107993.0,12703812.0,10650968.0,8215172.5,8345621.0,11022881.0,0.0,
35,415.21160513605247,0.57513523,height,,,,,,,,,,,11191075.0,8955542.0,8882908.0,12905607.0,5567039.0,8355051.5,7720825.5,9687432.0,7217178.0,7197995.0,5243897.5,6056397.5,8468871.0,8682495.0,8362867.5,7485874.0,7716956.0,9600707.0,11144222.0,8050296.5,6549634.5,6247886.5,8805749.0,0.0,
36,298.2738621643734,0.57555634,height,,,,,,,,,,,11358696.0,42522684.0,62061024.0,59813276.0,0.0,7085647.0,6703159.0,5872155.5,7990462.0,38424436.0,10381170.0,9724808.0,13157396.0,20355426.0,18010772.0,17809594.0,17695210.0,14167393.0,14470809.0,7539118.5,4774475.0,5848049.5,6327561.0,0.0,
37,235.20566360386897,0.5789523,height,,,,,,,,,,,4459904.5,2062316.1,3106357.0,2033658.1,0.0,2545320.0,1581694.0,0.0,1236688.9,2044616.2,2530436.0,2315234.5,3511591.2,2173125.5,1958654.2,1838563.5,1970230.8,2146941.5,2206767.5,1860394.1,0.0,0.0,1326213.0,0.0,
38,296.2584365944408,0.57630545,height,,,,,,,,,,,88824056.0,65569476.0,71061050.0,98730340.0,4286551.0,20064342.0,23884740.0,20688672.0,26870708.0,26369128.0,55869290.0,65564860.0,71068800.0,37397748.0,32637072.0,32482486.0,31317342.0,34526250.0,36001156.0,18742834.0,17353440.0,19841356.0,23610944.0,0.0,
39,279.23208863747175,0.578622,height,,,,,,,,,,,6565085.5,5514362.5,6567740.5,9448831.0,0.0,2050090.9,2447778.5,2168371.8,2847650.0,2463788.5,4285467.0,5062004.5,5873214.5,3776536.2,3557389.5,2948723.8,3086157.2,3439275.8,3583960.5,2148834.2,0.0,2059446.8,2241869.0,0.0,
40,268.22714709400515,0.5782163,height,,,,,,,,,,,13236357.0,6506151.5,7464150.0,10075387.0,0.0,7013636.0,2949419.8,2193301.0,2724673.8,2815105.8,7825634.5,7694693.5,9597005.0,4528797.5,4090215.5,4100580.2,3999354.0,4608550.0,4695099.5,2190715.2,1877887.4,2008165.0,2199048.0,0.0,
41,241.12220693090543,0.5800458,height,,,,,,,,,,,0.0,0.0,0.0,0.0,0.0,2285432.2,2298216.5,2189056.2,3105724.0,1715903.4,1389857.2,1716753.5,1520219.2,1415300.6,1354030.9,1004617.5,1322310.6,1635930.4,1512018.6,0.0,1704430.5,1136229.8,1771997.6,0.0,
42,314.2688745765514,0.5799247,height,,,,,,,,,,,13238882.0,13895743.0,17108612.0,22655002.0,0.0,7748511.0,8192436.0,7135590.5,6128257.0,7276870.0,9156559.0,10032316.0,13531034.0,9270958.0,9170399.0,7871546.5,7781191.0,9439229.0,10231878.0,5819844.5,4458359.5,5844586.0,6652071.0,0.0,
43,252.2322258134916,0.58049494,height,,,,,,,,,,,30496486.0,12847565.0,20331904.0,12616251.0,3727470.2,20970148.0,11567520.0,9889226.0,8598811.0,13480963.0,17361418.0,15943698.0,25137630.0,14144009.0,13957627.0,12243763.0,12413263.0,14479829.0,16551977.0,11601091.0,7677432.5,6298711.5,10337924.0,0.0,
44,123.08065445763444,0.58246243,height,,,,,,,,,,,1484342.1,1966952.2,1608151.9,1972938.6,1038958.25,1510307.8,1752240.4,1860398.6,1582589.1,0.0,1186128.6,0.0,1299803.0,1422323.9,1358637.8,1292277.4,0.0,1566082.0,1808918.9,1287759.6,1355571.6,0.0,1476444.4,0.0,
45,295.2463164464094,0.5897424,height,,,,,,,,,,,5656408.5,3920570.8,6622235.5,6139327.0,0.0,3048892.5,3310015.5,2913546.8,2980653.8,2875500.8,0.0,4561700.0,6169701.5,3621532.5,3503289.8,3257095.5,2825087.8,4130236.5,4137037.2,2126777.8,0.0,2010782.1,2371694.8,0.0,
46,334.2352478823613,0.5821381,height,,,,,,,,,,,6761850.5,4853408.5,8108538.0,6546849.5,0.0,5148581.5,5289543.5,5306668.5,4703485.5,5142826.5,5124482.5,6385909.5,8599209.0,5302359.0,5589275.5,4331229.5,4405850.0,5869612.5,6711766.5,4118517.5,3826967.0,4116804.2,5757055.5,0.0,
47,286.23773581902105,0.58571625,height,,,,,,,,,,,3177329.8,3555869.5,3797346.5,3477398.0,3866520.8,3308656.2,3269207.8,3645163.2,3062389.0,2092938.8,2540296.0,2215000.8,2702561.8,2980178.0,2822445.2,2460529.5,2317227.0,3206887.5,3198731.2,1872112.9,2954752.5,2394370.0,2578585.2,0.0,
48,312.2532283666196,0.5852927,height,,,,,,,,,,,14357374.0,9691403.0,17125432.0,19171080.0,0.0,8297920.5,7791994.5,6775148.0,7038903.0,6819173.0,9416456.0,10442498.0,13967328.0,8916147.0,8908060.0,8197132.5,7380397.0,9827820.0,10298898.0,5502292.5,4940589.0,5649939.0,7692001.0,0.0,
49,193.05289327171403,0.58872354,height,,,,,,,,,,,0.0,0.0,0.0,0.0,0.0,15704046.0,33450488.0,44551900.0,1778932.5,45427852.0,44073804.0,24425878.0,33929990.0,20536924.0,19262380.0,17698010.0,16550191.0,20699284.0,21744334.0,17288734.0,30131500.0,32875152.0,35317784.0,0.0,
50,292.22702869831664,0.5882922,height,,,,,,,,,,,18573062.0,9293098.0,16433618.0,13855980.0,0.0,14962082.0,8284118.5,4884001.5,7012974.5,9413867.0,12888252.0,12370140.0,18154708.0,10593416.0,10164378.0,9377007.0,8101326.5,11410579.0,12548995.0,7720729.0,3993160.0,4221641.0,5834387.5,0.0,
51,279.25132445845554,0.5817691,height,,,,,,,,,,,4134489.2,2105327.8,3515354.5,3479250.0,1440157.1,3256547.2,2281306.5,2341508.0,2262768.5,2684339.2,2897005.8,3053030.2,4500176.0,2381603.2,2361240.2,2073679.2,2357490.0,2527695.2,2630430.0,2164543.2,1826535.9,1867321.6,2268463.0,0.0,
52,294.2428973669563,0.5886426,height,,,,,,,,,,,29154940.0,20199538.0,33088568.0,31843786.0,1416210.5,15794567.0,14151810.0,12160283.0,14488111.0,14447594.0,18391788.0,20912062.0,28271874.0,17468982.0,17339626.0,16258029.0,14245571.0,20394154.0,21012330.0,11530573.0,9835401.0,10569077.0,14322511.0,0.0,
53,336.2510436785586,0.5888177,height,,,,,,,,,,,6240217.0,7724240.5,10073398.0,10716889.0,0.0,5183887.0,6466496.5,6518864.5,6453369.0,5641792.0,5766610.0,6694354.0,7934176.0,6108294.5,5863662.5,5346332.5,4872736.0,7279848.0,7596127.5,4982405.0,4989990.5,5541614.0,7117316.5,0.0,
54,258.20643018902683,0.5919734,height,,,,,,,,,,,2014735.4,2488678.5,2304541.8,1965407.6,2931651.2,2529005.0,2417565.5,2308324.2,2663053.5,1619101.4,1665338.0,1384113.5,1494310.0,2064402.5,1923900.5,1777582.2,1651418.4,2424631.2,2221740.2,1672921.1,2006955.9,1959528.6,1964565.4,0.0,
55,339.25301290053443,0.5896023,height,,,,,,,,,,,0.0,1334910.5,0.0,0.0,0.0,39032296.0,43206452.0,38665868.0,47988788.0,27182044.0,24493794.0,23952430.0,22979932.0,21037442.0,20954672.0,19427204.0,17154184.0,26167866.0,26903090.0,17763204.0,31730832.0,28526218.0,28998914.0,0.0,
56,157.0761429161077,0.59039307,height,,,,,,,,,,,0.0,0.0,0.0,0.0,0.0,3226475.5,6882927.0,8717515.0,0.0,9747525.0,8963596.0,5412914.5,7915997.5,3740857.0,3934805.2,3560709.5,3461001.5,4378590.5,4688957.5,4519454.5,6152324.5,6528827.5,7639803.0,0.0,
57,276.2323767498379,0.59148383,height,,,,,,,,,,,5570369.5,3687074.8,6236866.0,4960311.5,1454094.5,4178180.8,3880217.5,3554371.5,3754259.0,2870842.8,3560965.2,4040344.8,4967745.0,3656571.8,3825821.8,3301244.5,3101728.2,4210435.5,4475334.5,3206554.8,2828914.2,2781042.0,3722184.8,0.0,
58,193.1700471671816,0.59253764,height,,,,,,,,,,,1371034.5,2175630.8,1592480.1,1758682.8,3273907.2,1606124.8,2443095.0,2612865.0,2437743.2,2790784.5,2667480.8,2203718.2,1992283.4,2137332.8,2125644.0,1997281.4,2013706.2,2173687.5,2452587.8,0.0,2291452.0,2671219.2,2672837.0,0.0,
59,321.24241880900377,0.5903348,height,,,,,,,,,,,0.0,0.0,0.0,0.0,0.0,3964377.8,4583832.5,3896377.8,5421927.0,3192803.5,2459400.8,2394929.5,2730835.8,1999487.5,2263204.2,2025837.9,1791253.1,2535843.5,2772185.0,2037893.6,2972963.2,2839932.2,3102413.2,0.0,
60,145.07608810262633,0.5944305,height,,,,,,,,,,,2118935.2,2134964.2,2413933.5,2074898.4,1489874.1,2328747.8,2214629.0,2105625.2,2466466.5,4434359.0,4019831.2,4228248.5,3777468.0,2786262.8,2762921.0,2469653.5,2316652.2,3056309.5,3198070.2,3142986.5,3687672.5,3856579.8,4189592.0,0.0,
61,211.14423650135797,0.5976379,height,,,,,,,,,,,148720830.0,148669260.0,154557970.0,132823110.0,153692830.0,139342100.0,131282830.0,152806600.0,162397400.0,134169450.0,131446260.0,116818970.0,108077864.0,131898536.0,130692010.0,119903700.0,133500970.0,175712500.0,160226400.0,128196940.0,153133310.0,152318700.0,119341510.0,0.0,
62,320.22191251928945,0.59769475,height,,,,,,,,,,,2396535.5,3343476.5,2039648.6,2080457.6,9394900.0,4742150.5,4910164.5,4506132.5,5973074.5,3827044.8,3867781.8,2998170.0,2817253.5,3414955.2,3505767.0,3170770.8,2841959.8,4307541.5,4430517.5,2671486.8,3814198.5,3366825.8,3890938.5,0.0,
63,310.2376333306235,0.5985012,height,,,,,,,,,,,12385934.0,7578004.0,14282763.0,15002199.0,0.0,7649513.5,7017735.5,5333928.0,6988015.5,6046531.5,9064032.0,9013005.0,11521106.0,7888989.5,8191406.5,8154758.0,7462173.0,9095479.0,9747731.0,5614405.0,4435417.0,4925163.0,6028251.0,0.0,
64,327.1914244411427,0.60290253,height,,,,,,,,,,,2774762.5,3795410.2,3348625.8,2977212.0,4283107.5,3202047.2,3284314.2,3345355.2,4207564.0,3089933.0,2820936.5,2147013.0,2310003.2,2773753.5,3120764.0,3192804.0,2593071.2,3499790.0,3653193.0,2196987.8,2933745.0,2310206.8,2614826.5,0.0,
65,316.28456899242497,0.60439116,height,,,,,,,,,,,7775694.0,4985890.5,8357011.5,9245781.0,0.0,4876954.5,4739033.5,3881577.2,4986961.5,5137833.0,6805687.0,6317864.0,7578693.0,5342450.0,5772115.0,5249984.5,4681653.5,5817366.5,6319499.0,4965253.5,3359766.5,4047494.2,4051715.5,0.0,
66,226.0695327815857,0.56157804,height,,,,,,,,,,,0.0,0.0,0.0,0.0,0.0,6478971.0,7790821.5,11540839.0,10109380.0,143665950.0,142346530.0,171922540.0,131096136.0,3797310.8,88820584.0,103157896.0,86781360.0,88236520.0,83779730.0,128259950.0,143773040.0,139968580.0,130341660.0,0.0,
67,311.2218143094788,0.60621226,height,,,,,,,,,,,0.0,0.0,0.0,0.0,0.0,6520785.5,7010816.5,7744923.0,11193835.0,6045461.5,6829156.0,4971536.0,5436049.0,3897276.5,4366030.0,4499624.0,4102979.0,5311379.0,5101586.0,4267545.0,6221477.0,5651364.5,4663994.5,0.0,
68,159.09177926671617,0.6071657,height,,,,,,,,,,,1526738.4,2960988.8,4509463.5,4174488.5,0.0,3646922.8,15113523.0,36881656.0,0.0,24777268.0,23607960.0,1915582.8,24402126.0,11311600.0,12190111.0,11268781.0,10921276.0,12325661.0,12532836.0,12683337.0,19371420.0,21163582.0,21237202.0,0.0,
69,292.1908885353754,0.61339587,height,,,,,,,,,,,3509686.5,4261894.5,4167725.2,3184270.2,5595896.0,3849398.0,3983163.0,4627100.5,5363716.0,3926077.8,3812895.5,2878742.2,2995967.5,3326910.8,3830057.0,3674519.5,3480778.0,3746511.5,3509972.2,3684876.0,3831775.0,3472516.0,3298933.0,0.0,
70,226.143554456848,0.61615884,height,,,,,,,,,,,7935415.0,3371593.5,8753446.0,8880598.0,0.0,4456377.0,4871180.5,4110251.0,4417091.5,2958102.0,4701310.5,5609973.5,7639242.0,4224606.5,5080017.0,4892814.0,4856279.5,4457733.0,5324416.0,3926651.8,2779462.8,3310373.5,3234770.5,0.0,
71,308.22182123797444,0.6190133,height,,,,,,,,,,,5241348.0,2731148.2,5697084.0,6836301.5,0.0,3079570.2,2668623.5,2260183.2,2758417.8,2485002.0,3636157.2,3769536.5,4702640.0,3170639.8,3465460.8,3671093.0,3238943.5,3435064.8,3490137.0,2238033.8,1820946.2,2229536.8,2484907.0,0.0,
72,328.2482377687298,0.62168485,height,,,,,,,,,,,6711338.5,3256917.5,7672253.0,9274727.0,0.0,4207479.0,3971824.2,3221846.0,3936378.2,3169906.0,5271687.5,5462076.0,7124051.0,4430435.0,4896155.5,5292826.0,4920636.5,4718869.0,4991889.5,3892218.2,2811280.2,3089242.8,3539324.2,0.0,
73,557.2976088995839,0.62894964,height,,,,,,,,,,,3746316.8,3859959.0,3405227.2,3191914.2,4392439.5,10458068.0,8268792.0,8833205.0,12502203.0,10135189.0,10051449.0,8174008.0,7769512.5,9600144.0,7519275.0,10191076.0,8382254.0,9821234.0,8685204.0,6678295.5,8906504.0,8631050.0,9941523.0,0.0,
74,410.2288335221045,0.6301746,height,,,,,,,,,,,3950838.2,4059729.2,3793936.5,4100223.0,5572624.0,3915769.2,2976855.2,3027295.0,3521734.5,3432186.5,3497548.5,2693637.8,2813804.2,3548518.5,3061828.8,4266765.0,3577213.8,4020146.2,3508835.8,2851533.5,3443849.2,3093401.8,3774188.5,0.0,
75,531.2795706346707,0.63187057,height,,,,,,,,,,,2909294.0,3243067.8,2648506.0,3126239.8,6116214.0,3819457.5,3035550.8,3102460.2,3711495.5,3121754.8,2904020.5,2210480.5,2346218.8,3063855.8,2862144.0,3457669.5,3122599.0,3347181.2,3015110.0,2459569.5,3253107.5,3407384.2,3674060.2,0.0,
76,268.1656839967432,0.63331836,height,,,,,,,,,,,7069424.5,5996813.0,4655957.0,5091187.0,0.0,5558750.5,4759455.0,4454635.5,4339197.0,3877246.0,3568031.8,2809878.8,3501706.8,4377324.0,3848044.0,4975979.0,4452607.0,4828194.0,4300333.0,4880600.5,5115244.5,4334630.0,5818672.0,0.0,
77,509.2974966696933,0.6334695,height,,,,,,,,,,,12450064.0,12114773.0,10853174.0,12993306.0,19471816.0,13535683.0,10423268.0,9626413.0,12218525.0,10662563.0,11014317.0,8959350.0,8930694.0,12136061.0,10602012.0,12607944.0,11210858.0,12119841.0,10926610.0,9552101.0,10494951.0,10720891.0,12620345.0,0.0,
78,197.1284513300349,0.6371329,height,,,,,,,,,,,73490130.0,77651660.0,78158470.0,93160730.0,88556640.0,81499180.0,75748740.0,80782380.0,80450260.0,81526344.0,76642910.0,62802824.0,62199660.0,72957680.0,70247310.0,85883976.0,79096040.0,69205850.0,71154510.0,70895360.0,79852370.0,71573360.0,74361864.0,0.0,
79,430.2010043624673,0.63748676,height,,,,,,,,,,,5679847.5,5925049.5,5305424.5,6052406.0,4932660.0,5285027.5,4729120.5,4494362.0,5224730.0,4701878.5,4457056.0,3843141.5,3535825.8,5066091.0,4592868.0,4977363.5,4513485.0,5116391.0,4926953.0,3934450.8,4565840.0,4269592.0,5404662.5,0.0,
80,344.24325422358106,0.6391409,height,,,,,,,,,,,11000391.0,4694707.5,9601864.0,14287730.0,0.0,7502815.0,6324675.5,4458069.5,5710145.0,4719129.0,8347731.5,9465291.0,10710420.0,6952856.0,6691913.0,7542074.5,6870688.5,7598968.5,7039780.0,6119053.5,4253372.0,5100319.0,5943820.5,0.0,
81,330.263867382778,0.63952273,height,,,,,,,,,,,8085482.0,3731877.2,7206351.0,10711763.0,0.0,4785564.5,4331174.0,3435249.5,4323500.5,3814922.8,6032940.5,6826217.0,7700462.0,5215273.0,5168766.5,5813033.5,5258513.5,5575619.0,4943148.5,4205448.5,3046072.5,3970490.2,4643543.5,0.0,
82,378.2366769923847,0.63984036,height,,,,,,,,,,,4013226.2,4858841.0,3867315.8,4156902.2,8359567.5,5440635.5,4475621.0,4344975.5,4778331.0,3723289.0,3834369.0,2952438.5,2825211.2,3760739.8,3946849.8,4177142.8,3763237.5,4280114.5,3902854.0,3833318.8,4575642.0,4527172.5,5140545.5,0.0,
83,264.1596090029244,0.64102566,height,,,,,,,,,,,4219556.5,4338851.0,3870286.5,4595960.5,6539263.5,4600419.0,4765824.5,3881144.2,4475658.5,4195526.5,3940050.0,3315948.5,3234752.2,3524255.8,3389216.5,4174449.0,3630979.2,4147411.0,4035585.5,3983143.5,3991536.5,4213386.5,4588807.0,0.0,
84,564.3595775688649,0.64718056,height,,,,,,,,,,,2256464.8,1835292.1,2150306.5,2537758.0,1798481.5,2449704.8,1848698.1,2060113.0,2252028.8,1785528.6,1859015.6,1609290.8,2107372.2,2454955.5,2742782.2,2405271.5,2638993.5,2420395.0,2444555.0,5424787.0,2124031.5,3574353.2,2417367.5,0.0,
85,271.2017671491932,0.64356387,height,,,,,,,,,,,2962835.5,2814700.8,3056292.5,3312072.0,3956673.8,3289266.0,3175832.5,2989988.8,3014080.0,2751620.8,2890753.2,2666229.0,2781099.8,2705517.8,3152332.5,3029124.0,2657694.5,2716713.0,2830743.0,2966986.2,2855581.5,2708330.8,3171535.5,0.0,
86,356.254472958349,0.6459241,height,,,,,,,,,,,71113780.0,66350670.0,69486590.0,75128970.0,119044080.0,76530150.0,73495850.0,72065864.0,75331736.0,65784060.0,78264490.0,60368330.0,58450710.0,72693880.0,74483420.0,75787420.0,60996028.0,70475624.0,63603308.0,66090252.0,68236800.0,68339580.0,77937170.0,0.0,
87,390.2388382045174,0.6483901,height,,,,,,,,,,,12307457.0,11682647.0,12041956.0,12760560.0,19726600.0,12733600.0,13492028.0,13249030.0,13633520.0,11960468.0,13639776.0,10870389.0,10221900.0,12631829.0,13041895.0,13176655.0,10525677.0,11823730.0,11182045.0,11156044.0,12524942.0,12142498.0,13115568.0,0.0,
88,376.2230688068004,0.6536851,height,,,,,,,,,,,5730949.0,6118180.5,5629473.0,5773501.0,11961736.0,5568676.5,6256035.5,6151235.5,6726377.5,5192304.5,6749538.0,5338626.5,5053228.0,6481070.0,6685256.0,6190484.5,5387435.5,5783000.0,5554543.0,5112062.5,6226551.0,5090820.5,5931643.5,0.0,
89,476.3072942626852,0.6553219,height,,,,,,,,,,,2588527.5,1518220.8,2479295.5,0.0,2490870.8,2721322.8,2270863.5,2747855.2,3073553.0,1492803.4,1740614.4,2012638.9,2189618.2,3442872.8,3738184.0,3317857.5,3009801.8,3010695.8,3333921.8,12269199.0,2507815.5,4146212.0,2701557.8,0.0,
90,245.12857138451685,0.65501827,height,,,,,,,,,,,132428870.0,153784340.0,127512750.0,161427120.0,169920660.0,145070080.0,142877000.0,144961810.0,139413660.0,137255800.0,144206260.0,124351260.0,121851140.0,125180920.0,125589730.0,141476560.0,134410820.0,129460160.0,141460980.0,125945900.0,140425400.0,135916100.0,145455000.0,0.0,
91,227.18343273023177,0.66203403,height,,,,,,,,,,,6244525.0,4520110.0,6149565.5,4851182.5,0.0,3494589.2,4319498.0,6362037.0,3875117.0,2324174.5,2697591.2,5086610.5,3940888.2,5015561.5,5159408.0,3995584.2,4479479.0,4552832.0,4361315.5,6911029.0,6024305.0,2558296.2,4778660.0,0.0,
92,520.3332860098291,0.6544395,height,,,,,,,,,,,2880362.8,1898712.4,2784431.8,0.0,2248837.2,2854583.2,2105515.5,2608595.8,3032266.8,1705857.6,2256372.2,1939509.8,2280606.5,3196408.0,3408416.8,3144697.2,3120022.8,2730633.2,2836114.0,8831138.0,2643837.0,3954556.5,2774285.2,0.0,
93,181.0972230113015,0.6569737,height,,,,,,,,,,,25023762.0,23356590.0,22565840.0,26744680.0,21428034.0,21775112.0,24115628.0,19233086.0,23224690.0,21117720.0,24130096.0,19434062.0,21222882.0,21888854.0,20789274.0,22958744.0,21825906.0,20266088.0,19571190.0,18879400.0,23541028.0,22917334.0,23888124.0,0.0,
94,342.23876090482105,0.6593145,height,,,,,,,,,,,19753576.0,23546104.0,22100732.0,17402970.0,26207724.0,21990538.0,20263032.0,21015510.0,24056132.0,18120370.0,24740342.0,19568802.0,19830260.0,23051614.0,24280072.0,20008106.0,19897326.0,19832206.0,20628792.0,18039680.0,21415400.0,19929244.0,21199122.0,0.0,
95,244.1911518895518,0.6593017,height,,,,,,,,,,,21394756.0,15409304.0,20992998.0,16532891.0,2223857.5,12074034.0,14049029.0,20053998.0,12736750.0,10009636.0,8563861.0,18701816.0,12970622.0,12856442.0,17276356.0,15046069.0,16147190.0,16375801.0,16534540.0,27088694.0,20510122.0,8065172.5,15292577.0,0.0,
96,180.174781237239,0.6627121,height,,,,,,,,,,,4453362.0,3745685.5,5442573.0,3977259.0,0.0,3607984.5,3913385.5,5147511.0,3131369.8,0.0,2555051.0,4348029.5,3882548.2,4550099.0,4849835.5,3591476.2,3581796.2,3295476.0,3782138.0,5980585.0,4991611.0,1973958.1,4447385.0,0.0,
97,374.2108096374067,0.66859597,height,,,,,,,,,,,3998642.0,4813201.0,4141313.8,3428519.5,6259588.5,4313522.5,3858656.0,4501557.5,4390750.0,3365722.2,4350034.0,3643730.0,3619485.2,4301351.0,4442258.5,4003926.8,3543351.8,3595277.2,3803197.2,3316905.2,3957932.8,3876793.0,4157109.8,0.0,
98,216.10206329063163,0.6690518,height,,,,,,,,,,,4990725.5,5856107.5,4905836.5,4859678.0,10267463.0,6122798.5,5629775.5,6077455.0,6785992.5,5345093.5,6679964.5,5859289.0,5614063.0,6221714.5,6645716.0,5947496.0,5678527.0,5181298.5,5936530.0,4608522.0,5260357.5,5887737.5,6002176.5,0.0,
99,473.27627089670057,0.6714908,height,,,,,,,,,,,13601856.0,17918532.0,15684568.0,13132332.0,26522584.0,17023744.0,14157122.0,15483439.0,16940396.0,13226864.0,16488608.0,12915408.0,13707285.0,16353881.0,16306802.0,16431070.0,13224693.0,12874810.0,15306473.0,11212830.0,13318946.0,15119915.0,14657729.0,0.0,
100,229.10058763616672,0.6728839,height,,,,,,,,,,,31409398.0,37251956.0,30559628.0,31112404.0,26309004.0,27852728.0,27298548.0,33992284.0,28911128.0,25199980.0,26708238.0,25247138.0,22571548.0,25744138.0,27643842.0,28698500.0,29323220.0,26551802.0,32374024.0,29103582.0,25848814.0,25720806.0,23633150.0,0.0,
101,406.1949207904932,0.6777296,height,,,,,,,,,,,4089307.2,5820150.5,4546216.5,4209901.5,5250473.5,5568665.0,4267476.0,5711459.5,5670677.0,4019039.5,4320670.5,0.0,3393006.5,4058001.2,3926234.5,4952696.0,3724604.8,3505363.2,4761954.5,3877050.0,5129205.5,4858376.5,4703606.0,0.0,
102,384.2130554278432,0.68035245,height,,,,,,,,,,,40990388.0,48934520.0,45633080.0,41101224.0,46810820.0,51635790.0,40830156.0,50230132.0,48515892.0,38357444.0,39694720.0,32271626.0,33518134.0,39644960.0,36946996.0,47520656.0,38653430.0,33710824.0,47605770.0,35718030.0,38900484.0,42731264.0,38244510.0,0.0,
103,453.307419696941,0.681584,height,,,,,,,,,,,138802200.0,157930270.0,146069950.0,136476690.0,147105250.0,163890000.0,135008180.0,169855000.0,149963310.0,125228210.0,132965680.0,110335810.0,113055050.0,134871840.0,124042710.0,165141660.0,139156430.0,115393870.0,152015620.0,118585656.0,127879210.0,141937580.0,121005430.0,0.0,
104,487.2918187938676,0.6816446,height,,,,,,,,,,,30495072.0,37010496.0,33020860.0,30554984.0,31044478.0,37606496.0,29403498.0,37298396.0,34263744.0,28288960.0,30557916.0,23977412.0,26189654.0,30629382.0,26217980.0,37109676.0,29870724.0,24987416.0,34142730.0,27050504.0,29554596.0,32693518.0,28056708.0,0.0,
105,475.2893352936377,0.6823625,height,,,,,,,,,,,15097864.0,18577678.0,16245243.0,13756054.0,14398762.0,17764726.0,14633517.0,20985636.0,17045080.0,13472894.0,13997150.0,11540750.0,11834534.0,14205608.0,12451053.0,16494265.0,14888544.0,13156190.0,16544539.0,13354189.0,14447360.0,15682083.0,13710712.0,0.0,
106,151.08667267364385,0.6853839,height,,,,,,,,,,,7413367.5,7080638.0,8584710.0,10640183.0,46975880.0,9202019.0,8821929.0,9905539.0,8333058.5,6589689.5,7240809.5,7257579.0,7839526.0,9529197.0,9557860.0,11516045.0,10329785.0,10095918.0,12074135.0,8677057.0,8642883.0,8646187.0,7848636.5,0.0,
107,257.18598923102286,0.68807346,height,,,,,,,,,,,14737312.0,14799616.0,14606986.0,14127629.0,14457625.0,14720909.0,15034796.0,17750952.0,13722697.0,11237255.0,12668262.0,12150610.0,11137384.0,12488325.0,12703633.0,13918599.0,13474369.0,12932289.0,15474783.0,12834409.0,12315778.0,12471055.0,11298357.0,0.0,
108,439.291792840181,0.69142497,height,,,,,,,,,,,48196970.0,45010310.0,48064280.0,45397376.0,41760584.0,48054920.0,46889436.0,57146710.0,43973070.0,34170700.0,40802076.0,38721190.0,39737276.0,40874424.0,44872196.0,49697880.0,47333610.0,43781996.0,45029716.0,44632004.0,42333556.0,39516384.0,35584692.0,0.0,
109,195.1131037877877,0.69146925,height,,,,,,,,,,,14766281.0,15551396.0,14205130.0,14821407.0,12676710.0,12733434.0,13376178.0,15940023.0,13875775.0,11259650.0,12728946.0,11586919.0,11949804.0,11633102.0,12899871.0,13783049.0,13763533.0,13058588.0,14306560.0,14947882.0,12274672.0,11910954.0,11489960.0,0.0,
110,626.3304856246192,0.6918265,height,,,,,,,,,,,6937379.5,7481480.5,7593690.0,6867467.5,9981961.0,6844318.0,6911848.5,8347995.5,6959664.0,5964478.5,6100542.0,5924470.5,6277170.5,6493030.0,6850855.0,7792161.5,7845037.0,6729616.5,6844701.5,6954459.5,5970032.0,6275340.0,5410178.0,0.0,
111,144.0478299522202,0.69267833,height,,,,,,,,,,,11251418.0,10663096.0,11396200.0,10404533.0,11560296.0,11814246.0,12627944.0,13098314.0,11552315.0,9196920.0,11461528.0,11467492.0,11446935.0,10499362.0,10810279.0,11147858.0,10735531.0,11332212.0,11907525.0,12109149.0,11289223.0,10582305.0,11034671.0,0.0,
112,291.17035118124454,0.69659895,height,,,,,,,,,,,8673870.0,7908351.5,7661374.5,7364086.0,6953870.0,6951797.0,7585111.0,9436272.0,6645824.5,4492132.5,6276432.5,5552614.5,5639833.5,6333610.5,6820254.5,7074766.0,6548704.5,6756624.5,6823311.0,6775984.0,6044313.0,5800997.5,5875005.5,0.0,
113,363.1948108245752,0.6979406,height,,,,,,,,,,,11482702.0,10641614.0,9963240.0,7726749.5,0.0,2374238.5,2994663.8,3527652.8,2062308.8,2245088.0,2819264.5,2415018.5,2470994.0,3794521.8,4399950.0,4493660.5,4478207.5,4222388.0,4578596.5,3164407.8,2639777.0,2640188.5,2614345.0,0.0,
114,233.13191694855877,0.6972469,height,,,,,,,,,,,12421073.0,10670440.0,10031878.0,8176909.5,0.0,2511995.8,3291312.0,3760307.0,2220883.2,0.0,3168938.8,2593202.5,2701657.0,3565486.0,4772533.5,4464033.5,4390487.5,4545354.5,4537967.5,3018898.0,3050003.5,2799914.2,2641602.0,0.0,
115,471.26362460178206,0.7049141,height,,,,,,,,,,,10154858.0,8866178.0,9540976.0,8376369.5,10959169.0,7960240.5,10352353.0,10422662.0,9555928.0,7212248.0,8376481.0,7416529.0,7977097.0,7549304.0,10361988.0,7992734.5,9013154.0,9253646.0,8932758.0,9129494.0,8283249.0,7872307.5,7258041.5,0.0,
116,120.0446094172222,0.7060909,height,,,,,,,,,,,136779490.0,152423980.0,117665020.0,157879500.0,8426516.0,42306064.0,57952896.0,87121620.0,31567894.0,37085480.0,40695590.0,21943556.0,56366496.0,69656104.0,78448510.0,62659024.0,64273850.0,73833540.0,71686700.0,72675210.0,56756950.0,78076950.0,55082240.0,0.0,
117,138.05501286163363,0.7060909,height,,,,,,,,,,,57569580.0,64235612.0,48636184.0,65309624.0,4379332.0,17494668.0,24235424.0,37024450.0,13114773.0,15652178.0,17251642.0,9299510.0,23950322.0,27772042.0,31855394.0,25480996.0,26200824.0,30702244.0,29738502.0,29818192.0,23579914.0,32327858.0,23866332.0,0.0,
118,151.03253550731506,0.7100595,height,,,,,,,,,,,0.0,0.0,0.0,0.0,0.0,5505529.5,5569980.0,4241482.5,10268651.0,9246204.0,9960171.0,10650527.0,8726937.0,5207791.5,5810875.0,4749536.5,5000970.5,5584843.0,5826290.5,5865653.5,7019529.0,7688604.5,5881820.5,0.0,
119,354.23880359854564,0.7104481,height,,,,,,,,,,,5571174.5,5445519.5,5489876.5,5057902.0,8558661.0,4745719.0,5633115.0,5452811.5,6128665.0,4522199.0,4705389.0,4159971.8,4528114.0,5810515.0,5997315.5,4524294.5,4789725.5,5292324.5,5054650.0,5057497.5,4872493.5,4323404.0,4261088.0,0.0,
120,457.24789525170667,0.7175304,height,,,,,,,,,,,8086349.0,8742193.0,7955851.5,7603204.5,9786234.0,7928616.0,8918797.0,7678566.5,10101620.0,7106852.0,7893299.5,6964227.5,6829527.0,8629874.0,8857236.0,7198615.0,6854459.5,7846580.5,8648989.0,7447555.5,8516852.0,7081871.5,6916447.5,0.0,
121,216.15951759853556,0.7194034,height,,,,,,,,,,,3911640.0,2014184.8,3717041.2,5323954.5,0.0,2783181.5,7338599.0,5763564.5,3877813.5,1856955.1,2138242.5,3188658.2,3757898.8,4616822.0,4396534.0,3904326.0,3903111.0,4026644.0,4260912.0,7821151.0,5603862.5,5535167.5,4063032.5,0.0,
122,198.1485997162657,0.71942973,height,,,,,,,,,,,8522662.0,4213506.5,8126086.0,10517491.0,0.0,6439838.5,14731954.0,11271327.0,8012901.0,2963938.8,3440533.2,5823891.0,7167771.0,9383735.0,8982927.0,7585852.0,8012264.0,8233023.0,8789282.0,15740525.0,11213896.0,10351461.0,8484933.0,0.0,
123,198.07430220750445,0.7211823,height,,,,,,,,,,,0.0,0.0,0.0,0.0,0.0,1743675.1,2958939.8,2281421.5,2069989.1,39876628.0,40577000.0,39673350.0,31892836.0,19092914.0,17031856.0,16513191.0,15683015.0,17186406.0,17196582.0,40539280.0,35382920.0,38772440.0,27371340.0,0.0,
124,197.07122864670305,0.72116494,height,,,,,,,,,,,0.0,0.0,0.0,0.0,0.0,14583774.0,25170694.0,20837680.0,19599360.0,331494340.0,333364130.0,325269100.0,274852350.0,166588930.0,153124210.0,141168460.0,134207810.0,144342750.0,149507490.0,339243170.0,298824540.0,322628220.0,241217710.0,0.0,
125,185.12854151546853,0.7284167,height,,,,,,,,,,,5031591.0,5854604.0,5447301.5,6109377.5,6730136.0,5198239.5,6109686.0,6009247.5,7229032.0,5466216.0,4982672.0,5166661.5,4878054.5,5749304.0,5246668.5,5394616.0,4922445.5,5535732.0,4571538.0,5035872.0,5407186.0,5622539.5,6045102.5,0.0,
126,666.3616412850356,0.7379032,height,,,,,,,,,,,6603260.0,8820916.0,9233579.0,6803372.0,0.0,10570522.0,12231354.0,11536265.0,14468787.0,12306204.0,11277331.0,11564244.0,10664542.0,13240014.0,9702149.0,11728202.0,9106453.0,10047765.0,8954090.0,9249978.0,10687532.0,9359672.0,11444018.0,0.0,
127,195.12286147579167,0.73913974,height,,,,,,,,,,,4836416.5,5488649.5,4671588.5,6306381.0,2461208.8,4733278.0,5017767.0,4189543.2,5187241.5,4936931.5,6023324.5,3889016.5,3968608.8,22820098.0,17906950.0,22563646.0,18222928.0,20514780.0,16625702.0,5830892.5,4625221.5,6268178.0,4241769.5,5987885.5,
128,165.10232070435907,0.74372184,height,,,,,,,,,,,6739706.5,7553009.5,7057267.0,6768635.0,8260088.5,7192357.5,6847010.0,6770604.5,7345880.0,7036210.0,6485835.5,6436683.5,6660013.5,7245611.5,5779935.5,6387309.5,5773323.0,6433824.5,6132864.5,5990847.5,6891277.0,6165709.0,6468132.5,0.0,
129,524.2872660768484,0.74811554,height,,,,,,,,,,,3072262.5,3573987.5,3089821.0,2792444.5,5679589.0,2905203.8,2649912.5,2395254.5,3030148.2,3064809.5,2961181.0,2489306.8,2633065.2,3199877.5,2443718.2,2906480.2,2347479.8,2700651.2,2583328.2,2509385.5,2834806.2,2253261.5,2680443.0,0.0,
130,328.2228394228233,0.7477862,height,,,,,,,,,,,4011021.8,5074940.5,4668671.5,4313770.5,5241743.0,5312407.5,5221585.0,4262192.5,5469027.5,4720575.5,4381479.5,4066891.0,4379838.0,4845075.0,3769856.2,4370092.5,3960633.8,4172078.8,3891371.2,3927496.2,4478356.0,4054728.2,4199049.0,0.0,
131,370.2336843705791,0.7477059,height,,,,,,,,,,,4073170.0,5004923.0,4374900.0,4098700.5,6253157.5,4806028.5,4818857.5,3907094.8,5311685.0,4434136.5,4225483.0,3918990.5,4125163.8,4747633.5,3838116.8,4162250.2,3752084.5,4347072.5,3836729.2,3959598.5,4342465.0,3827333.2,3695896.2,0.0,
132,202.1437867016757,0.7502081,height,,,,,,,,,,,3597563.0,1734984.9,2939696.8,4439088.5,0.0,2169920.2,2291191.0,1891461.8,1985867.4,1768291.0,1931338.2,2737718.8,3645372.5,2399206.0,2259757.2,2261965.8,2161365.8,2339096.5,2154733.8,2415474.5,1787913.8,1955833.8,1852623.1,0.0,
133,184.1332836321496,0.7540193,height,,,,,,,,,,,7448753.5,3240950.8,6521064.0,9396832.0,0.0,4511194.5,5427076.5,4095748.8,4202390.5,3919075.8,4128362.5,5907840.5,7789453.5,4859088.0,4819127.0,5063357.5,4717504.5,4354360.5,4862131.5,5265948.0,4279184.5,4219258.5,3820279.5,0.0,
134,272.25852505757246,0.74306154,height,,,,,,,,,,,0.0,0.0,0.0,0.0,0.0,0.0,0.0,0.0,0.0,1708874.1,0.0,0.0,0.0,0.0,0.0,0.0,0.0,0.0,0.0,0.0,0.0,0.0,0.0,4158514.5,
135,316.3209614543771,0.75510323,height,,,,,,,,,,,0.0,0.0,0.0,0.0,0.0,0.0,0.0,0.0,0.0,0.0,0.0,0.0,0.0,0.0,0.0,0.0,0.0,0.0,0.0,0.0,0.0,0.0,0.0,1545609.9,
136,174.11253088149138,0.7556511,height,,,,,,,,,,,7112170.0,7158114.5,6100769.5,7723545.5,2909832.0,8770795.0,7767160.0,9134667.0,9361426.0,9804339.0,9007690.0,9320815.0,11319729.0,8240185.5,7545312.0,8501492.0,7028526.0,6604047.0,7493302.5,7072994.0,9571461.0,8208405.5,7227982.5,0.0,
137,193.09732244024372,0.7558077,height,,,,,,,,,,,4804338.5,4628045.5,4691500.0,4835194.5,5027937.5,4975758.0,4592017.0,4240772.0,4718686.5,4825333.5,4810410.0,4172515.0,4720089.5,4407723.5,3786033.0,4449228.0,3952258.0,4175314.8,4048582.8,4495983.0,4460158.0,4237162.0,4156286.5,0.0,
138,169.09721771082727,0.7624367,height,,,,,,,,,,,20480208.0,18532096.0,16763130.0,22932578.0,26443098.0,18995810.0,17222026.0,18212496.0,17671086.0,15778391.0,16997874.0,17102586.0,20703676.0,17274266.0,16023307.0,19125406.0,15915163.0,16787238.0,17537822.0,18469662.0,19406448.0,17355240.0,18363436.0,0.0,
139,511.2556246145832,0.7657229,height,,,,,,,,,,,108386170.0,85225400.0,85514540.0,97956150.0,90873464.0,81425990.0,78797800.0,81017140.0,77579420.0,73315560.0,94905080.0,67276050.0,72703520.0,82909430.0,78871900.0,84235416.0,90090690.0,91738690.0,81010020.0,80121610.0,79869970.0,72157980.0,80024940.0,0.0,
140,152.07065268836104,0.7702152,height,,,,,,,,,,,6193695.5,6155965.0,6236479.5,6718270.5,6035628.5,5833724.0,6288960.5,6501702.0,6087862.5,5975282.0,5854775.5,6164755.0,6159006.5,5519898.5,5584387.5,6310855.0,5728012.0,5541577.5,5256837.5,6200825.5,6325213.0,6595368.5,6297765.5,0.0,
141,164.0705787137261,0.7728409,height,,,,,,,,,,,3597535.5,3399565.0,3616157.0,3944314.5,5435062.0,3733741.5,4022035.2,3773433.5,3814337.8,3184704.8,3501069.0,3062711.2,3426935.0,3165417.8,3292069.2,3233170.5,3713522.8,3509874.5,3409695.2,3683183.0,3602413.8,3642781.5,3793379.0,0.0,
142,284.139400779319,0.7732211,height,,,,,,,,,,,31918926.0,29447942.0,25288222.0,32776030.0,35923544.0,26065904.0,27538502.0,28854706.0,26874712.0,26020742.0,27296418.0,21407392.0,25485208.0,26372632.0,24932070.0,27951868.0,26057464.0,28129540.0,27666006.0,27069600.0,25420426.0,26411850.0,31815926.0,0.0,
143,130.06523863622627,0.77368814,height,,,,,,,,,,,5598976.0,5036353.0,4979197.5,5244228.5,4210805.0,4216580.0,4672657.0,4464317.5,4370756.5,4255120.0,4573131.5,3649211.0,3909470.2,4395529.5,4049074.2,4302150.0,4710480.5,4849769.5,4389918.0,4418570.5,4154741.8,4312540.5,5047863.5,0.0,
144,341.1244600968679,0.7741159,height,,,,,,,,,,,4905028.5,4111312.0,3815385.8,4315643.5,6078671.5,3592320.0,4287439.5,3918555.8,3764755.8,3983337.8,3942943.5,2913913.8,3193444.0,3549029.2,3714270.2,3716605.5,4078665.0,3885462.2,3702311.8,3951996.0,3404576.0,3733936.8,4447705.5,0.0,
145,160.0757432716678,0.7812762,height,,,,,,,,,,,383884860.0,348656060.0,316703740.0,335782270.0,1777672.8,217795360.0,273199100.0,248409100.0,231225580.0,260787180.0,242210020.0,218218020.0,231891800.0,241574670.0,233603380.0,238706400.0,244827580.0,247035220.0,258703680.0,250032530.0,264605620.0,261243540.0,283700220.0,0.0,
146,188.07411234989877,0.785091,height,,,,,,,,,,,5164000.0,5187711.5,4562837.5,4174618.2,5037560.5,4112648.5,5026160.5,4203837.5,4248157.5,4867747.0,4434162.0,4449091.0,4146400.5,4145003.0,3818609.2,4502601.0,4321114.5,4068354.2,4434905.5,4282576.0,4749066.5,4548909.5,4949410.5,0.0,
147,258.1237830644042,0.7959724,height,,,,,,,,,,,4884692.0,5477802.0,5055965.5,4645072.0,6253177.0,4326981.5,4570133.0,4377763.0,4019386.2,4516472.0,3872426.8,3704842.2,4347145.0,3856800.5,4133708.5,3864391.5,4668626.0,4425038.5,4513655.0,4286196.5,5159493.0,5110932.0,5126509.0,0.0,
148,320.17155078774147,0.7952688,height,,,,,,,,,,,9630845.0,8252648.0,5554810.0,6526057.0,0.0,0.0,0.0,0.0,0.0,0.0,0.0,0.0,0.0,1323029.1,1553688.1,1259738.9,1679397.2,1635935.0,1568705.9,0.0,0.0,0.0,0.0,0.0,
149,201.1022959481741,0.796166,height,,,,,,,,,,,27144548.0,28509898.0,27905796.0,25996460.0,0.0,24127626.0,27492750.0,26962384.0,24331944.0,27761436.0,23801114.0,25138288.0,27399186.0,22484092.0,22879658.0,20542808.0,25680972.0,24449104.0,25565340.0,24889188.0,27957182.0,28490954.0,31305990.0,0.0,
150,356.2179693889586,0.7983894,height,,,,,,,,,,,5473126.5,6498360.5,6045992.0,5514648.0,6973121.0,7036862.5,6992338.0,6528564.5,6648790.0,6708979.5,6203827.5,6440418.5,6875580.5,5600703.0,6103598.5,6204471.0,7387749.0,6634548.0,6405127.5,5875027.5,7538472.5,7485942.0,7789695.5,0.0,
151,429.2498132159984,0.7991963,height,,,,,,,,,,,5390893.0,6240137.0,5442573.5,5624340.0,6597981.5,5249086.0,4639808.0,4947006.5,4759745.5,5105804.5,4518118.5,4365978.5,4956467.0,4317635.0,4705599.0,4886099.0,5389297.5,5052071.0,5109190.5,4487738.5,5634565.0,5587934.0,6016400.0,0.0,
152,425.27580333014095,0.8540787,height,,,,,,,,,,,5784461.5,7651406.5,6332642.0,7954126.0,6607849.5,8905579.0,8343186.5,8482122.0,9726691.0,8667044.0,7728687.0,11298618.0,9585750.0,9192450.0,10664783.0,9532967.0,5479693.5,4749501.5,8756019.0,7568538.5,8161248.5,7501187.0,9926384.0,0.0,
153,173.0709755388244,0.80452776,height,,,,,,,,,,,5215928.0,5200327.0,5459352.0,5242539.5,5780969.0,7300029.5,6595252.0,6872500.5,7195718.0,7386442.0,6957335.5,6922342.0,6774048.5,7723894.0,8129395.0,8617018.0,9538521.0,8282466.5,8920133.0,6183186.5,7432596.5,7004707.0,7779577.5,0.0,
154,233.1032489342296,0.81073874,height,,,,,,,,,,,4532212.5,4633704.5,4409276.5,4897831.0,5251488.5,5090426.5,4512010.5,4724370.0,4568497.5,5149816.5,4393582.0,4225695.0,4695494.0,3980639.8,4369769.5,4776507.5,4982508.5,4312529.0,4520651.5,4449239.5,5138140.0,5161835.5,5626804.0,0.0,
155,151.09643613949578,0.8140941,height,,,,,,,,,,,0.0,0.0,0.0,0.0,0.0,0.0,0.0,0.0,0.0,0.0,0.0,0.0,0.0,4031972.2,4470429.0,4407171.5,4909264.5,4546973.0,4343181.5,0.0,0.0,1087776.6,0.0,1622369.5,
156,210.11014015309337,0.8133487,height,,,,,,,,,,,5876206.5,2769443.5,5645653.5,7978910.5,0.0,4578552.5,7581600.5,6405092.5,3699262.5,2923912.5,4026380.5,5224513.5,6941815.5,4554426.0,5152576.5,5597656.0,5727211.5,5628299.0,5708475.0,7208229.5,6941971.0,8222747.0,6139381.5,0.0,
157,124.11224745963872,0.8141865,height,,,,,,,,,,,4748797.0,2464019.8,4547295.0,6467541.0,0.0,3496386.5,6103670.0,5231646.0,2982684.0,2314287.0,3499807.5,4288344.5,5193889.5,3958816.0,4155724.8,5086470.0,4725909.5,4379562.0,4643645.0,6737321.0,5858987.5,5994052.0,4349518.0,0.0,
158,170.11755319888135,0.8146201,height,,,,,,,,,,,60103510.0,25209436.0,57537850.0,82778120.0,0.0,40431456.0,75847600.0,60537520.0,35268004.0,28111952.0,36705010.0,53099276.0,65709856.0,51913640.0,56565240.0,59503930.0,59355064.0,53236092.0,50969960.0,82280910.0,63699420.0,83881360.0,60065910.0,0.0,
159,300.13429737653576,0.8188955,height,,,,,,,,,,,11600275.0,11772366.0,11450788.0,10858232.0,13711540.0,12064406.0,9301883.0,10392969.0,10256219.0,11706869.0,11822193.0,11171396.0,10603515.0,9750348.0,10764929.0,12034910.0,10396200.0,9239823.0,10081280.0,9100414.0,12410379.0,10511538.0,12358571.0,0.0,
160,321.14769488834327,0.8195491,height,,,,,,,,,,,0.0,0.0,0.0,0.0,0.0,4224427.5,3210461.8,2933671.0,4683133.5,4489359.0,4453110.0,5716757.5,3406964.2,1228995.6,1599341.1,1639946.5,0.0,1320148.1,1246015.0,1818839.4,2518630.2,2667060.2,3388888.5,0.0,
161,437.27596184601583,0.81936014,height,,,,,,,,,,,4487326.5,4162555.5,4536305.0,4777580.0,7346115.5,4696713.5,3823565.0,4286119.5,3789508.5,4525002.5,4555217.0,4446415.5,4618699.0,4147178.2,4395079.5,5044043.5,4497938.5,4023007.5,4517044.0,3718347.5,4726229.5,4168140.2,4685760.0,0.0,
162,191.08499942592363,0.8200996,height,,,,,,,,,,,0.0,0.0,0.0,0.0,0.0,6306503.5,4832972.5,4601945.0,6947326.0,6021264.5,6866768.5,8628870.0,5430648.5,1771355.8,2195355.5,2274964.8,0.0,1808402.2,2026301.4,2567439.2,3774359.0,3754605.0,4888111.5,0.0,
163,243.08772930441373,0.820517,height,,,,,,,,,,,4893670.5,5729177.0,4988848.0,4380987.0,3453617.0,3492773.5,2826985.2,3727330.5,3348513.5,3113540.8,3109243.5,3413220.2,3159290.8,3600233.0,4083055.5,4578024.5,3704248.5,3752207.2,4148499.5,2803070.8,3927789.0,2711875.2,3844072.8,0.0,
164,217.09724309784968,0.82267755,height,,,,,,,,,,,18328396.0,19569080.0,19545048.0,17289428.0,0.0,20140664.0,19561578.0,19401138.0,20213522.0,20898796.0,18513456.0,19742730.0,18509488.0,17598734.0,19901348.0,19975114.0,16852812.0,15315670.0,17038860.0,17258118.0,20696878.0,21438378.0,22557542.0,0.0,
165,586.3241358366694,0.829194,height,,,,,,,,,,,2120403.0,2132354.5,1675018.2,1847306.2,1682188.5,6459082.0,6559848.5,5428113.5,6423330.0,5751691.5,5390101.0,6235421.0,5818417.0,5616184.0,4659101.0,5295359.0,4647001.5,4722969.5,4862893.0,5103220.5,6218603.0,5156737.0,5526430.0,0.0,
166,151.0866696999341,0.8342957,height,,,,,,,,,,,18913746.0,21011926.0,20064706.0,20087512.0,2549181.5,16131111.0,19039278.0,18522134.0,18060078.0,18725566.0,16456922.0,18859498.0,19065022.0,16755908.0,17214418.0,17076648.0,16807220.0,15873473.0,18251556.0,16787000.0,20706924.0,17740954.0,19528104.0,0.0,
167,510.292699530271,0.8342453,height,,,,,,,,,,,7504584.5,8118050.0,6791540.0,7271311.0,5995014.5,6823390.5,8069903.5,6551237.0,7393613.0,7940735.5,6643752.5,7894714.0,6928739.5,8030105.0,6636261.0,7175587.5,6727037.0,6681846.0,7330736.5,6193674.0,8474703.0,6392080.0,7203670.0,0.0,
168,526.3028717369749,0.8462191,height,,,,,,,,,,,20500534.0,24102794.0,17140800.0,22389950.0,18997660.0,18519728.0,23309256.0,16275478.0,22007116.0,23187106.0,19163486.0,16442819.0,17322872.0,20523566.0,17446056.0,22995762.0,17324784.0,19488210.0,23294902.0,19189802.0,20325796.0,20079890.0,21076640.0,0.0,
169,151.1230030163963,0.8476273,height,,,,,,,,,,,5064141.0,7145895.0,4879067.0,7036325.5,8727734.0,6559188.5,7251664.0,6989585.0,6604948.0,6800393.5,6919758.0,6538697.5,6711474.5,6436672.0,6381156.0,6816949.0,6275976.5,5793753.5,6405272.5,4483336.5,6627335.0,7090837.5,6461329.0,0.0,
170,627.4079058003982,0.8501833,height,,,,,,,,,,,8132117.5,11279021.0,7755694.0,12240307.0,12849279.0,8760698.0,11504763.0,7653255.0,10640374.0,10474576.0,7896383.5,7212860.0,7591554.5,9807413.0,7638333.5,10492280.0,8148170.5,8806045.0,10279488.0,8723001.0,8292774.0,9265780.0,12531323.0,0.0,
171,204.12425069519531,0.8506383,height,,,,,,,,,,,21732112.0,26071426.0,23897070.0,26846682.0,11725259.0,23408316.0,25709784.0,21340852.0,24009886.0,24158280.0,23134882.0,20323288.0,21265116.0,22237930.0,19791542.0,24433550.0,20213634.0,23856838.0,27010366.0,24113114.0,22473984.0,23943452.0,22515692.0,0.0,
172,315.21034305259354,0.84980714,height,,,,,,,,,,,34388084.0,36101212.0,28772562.0,38045030.0,36715972.0,35388816.0,40680664.0,28135714.0,34388028.0,31932930.0,34863764.0,29773914.0,32893334.0,30203260.0,28563582.0,38338136.0,30502118.0,34851536.0,34177276.0,30310990.0,31481472.0,35695844.0,37899630.0,0.0,
173,336.18926117693,0.85186,height,,,,,,,,,,,8246748.0,9925003.0,6973502.0,9117072.0,8691559.0,8806309.0,9593919.0,7735113.5,8961881.0,8645274.0,7220519.0,6871902.0,7430862.0,7586432.5,6985081.5,8723905.0,7424651.0,8430826.0,9548067.0,8187620.0,8240145.0,7925103.0,9213404.0,0.0,
174,314.20736653051404,0.8519033,height,,,,,,,,,,,187193100.0,216591820.0,168149040.0,226318990.0,202362370.0,193646750.0,223698180.0,169045490.0,198710500.0,196899200.0,182006940.0,167859230.0,178390130.0,189217220.0,179192830.0,210772700.0,164715250.0,185649340.0,211426540.0,190235040.0,180383900.0,181689820.0,202496130.0,0.0,
175,626.330200509215,0.8523601,height,,,,,,,,,,,9703370.0,11834937.0,8530517.0,10672718.0,10726384.0,9815579.0,11756480.0,8578966.0,11006209.0,11308531.0,9781006.0,9012993.0,9032120.0,11430864.0,10206527.0,13303942.0,9181034.0,9598834.0,11617142.0,10073235.0,9527908.0,9961767.0,11051396.0,0.0,
176,229.15465666193387,0.85349864,height,,,,,,,,,,,6079694.0,6631149.0,5074633.5,7103192.5,5840900.0,5690953.0,6615435.0,4966382.5,5441319.5,4839144.5,5540783.5,4682274.0,5321239.0,5051289.5,5528658.5,5990402.0,5089215.0,5338791.5,6047144.0,5083628.0,5398184.0,4994969.0,5536599.0,0.0,
177,215.13912693537532,0.85436827,height,,,,,,,,,,,12095316.0,11235278.0,8613579.0,10615255.0,10204211.0,10335763.0,10240683.0,9279878.0,9167967.0,8991266.0,8996900.0,9299755.0,9856748.0,8160313.5,8694365.0,10000503.0,7567239.0,9562633.0,10132621.0,9657129.0,9374734.0,9044384.0,9442113.0,0.0,
178,186.1125193050876,0.85664386,height,,,,,,,,,,,6321239.0,6393959.5,4406393.0,5334364.5,0.0,5313253.5,5325904.5,5332093.0,4771324.5,4897740.0,5606659.5,5013435.0,5200149.5,4473701.0,4860155.5,5339749.5,4334376.5,5227062.5,4907712.5,5036218.5,5512961.5,5396762.5,4876509.0,0.0,
179,181.09714783213823,0.860753,height,,,,,,,,,,,17583932.0,20535742.0,17517922.0,18487370.0,16572728.0,22280060.0,17377346.0,19667720.0,18475086.0,16979334.0,17734360.0,19319806.0,20284884.0,15696979.0,16957074.0,19630884.0,15337453.0,18002604.0,18449392.0,17399180.0,20886456.0,18432214.0,19665326.0,0.0,
180,153.10227314025167,0.8611496,height,,,,,,,,,,,9107458.0,10662576.0,9092920.0,9864734.0,8520854.0,11779698.0,9019686.0,10318953.0,9443237.0,8592687.0,9134818.0,9844257.0,10824373.0,8008150.0,8931814.0,10507796.0,8100731.5,9334599.0,9586708.0,9427047.0,10719575.0,9087498.0,10043805.0,0.0,
181,199.10776993698127,0.8611477,height,,,,,,,,,,,167628750.0,178410750.0,139206690.0,149874130.0,151749760.0,178442620.0,141965840.0,157376640.0,135130370.0,126978070.0,162496180.0,163700580.0,169202480.0,128561450.0,133556670.0,165489620.0,120421080.0,153510320.0,149794140.0,157223150.0,175735310.0,146294640.0,154846200.0,0.0,
182,425.2758268754192,0.85896915,height,,,,,,,,,,,4966174.5,6936190.5,5836313.5,7131468.5,7047479.0,9390685.0,8072416.5,7913695.0,9237326.0,7632267.0,7417011.5,9315779.0,9395621.0,8133740.5,8701423.0,9672770.0,7605862.0,7421771.0,7595853.0,6925938.0,7514303.5,6943160.0,9176475.0,0.0,
183,344.21788005168844,0.8666967,height,,,,,,,,,,,4974149.0,6860244.5,5927343.5,6928633.0,6540276.5,7739609.5,6660221.5,7834092.0,7472580.0,6078159.5,7017578.0,7350427.5,7771860.0,7308611.5,7733536.5,8082549.0,6907585.5,6942981.5,6538735.0,5617174.0,6398337.0,6189446.0,7667887.5,0.0,
184,174.1125083659065,0.87122726,height,,,,,,,,,,,5594599.0,2630861.2,5509697.5,6914360.5,0.0,4451657.0,3291116.0,3326317.0,2777135.5,3168561.0,4567250.0,5707233.5,6648030.0,5008579.5,4618639.5,4707999.5,3771888.8,4272066.5,3749116.8,3611858.0,3613428.0,3549845.8,3187836.2,0.0,
185,156.10190472647977,0.87247473,height,,,,,,,,,,,19185074.0,9312663.0,16888506.0,24196264.0,0.0,11443217.0,11438182.0,11878457.0,8904137.0,8659193.0,15893937.0,18805514.0,22709340.0,14538066.0,14285184.0,15371938.0,12415299.0,12911054.0,11296654.0,11661844.0,11299644.0,11345380.0,9614648.0,0.0,
186,433.242137091486,0.87354106,height,,,,,,,,,,,11506331.0,16788586.0,11744447.0,13414909.0,13528834.0,19031474.0,13683510.0,15952649.0,18674148.0,11880136.0,14449190.0,15858692.0,22231178.0,13265712.0,15174020.0,20017742.0,12247709.0,17048556.0,15071572.0,12113328.0,13462566.0,15204441.0,14361977.0,0.0,
187,155.08152387854713,0.875501,height,,,,,,,,,,,45979292.0,58720748.0,68108570.0,59825576.0,18609292.0,54353224.0,47865076.0,71072970.0,62665508.0,62376384.0,60445772.0,75779770.0,77993336.0,35475550.0,34740350.0,39088710.0,36255440.0,58250040.0,62190332.0,40538930.0,63857390.0,47559504.0,71944090.0,0.0,
188,345.1655748440912,0.87516844,height,,,,,,,,,,,7201970.5,7683753.5,6039891.0,7160454.0,7878120.0,10125584.0,6830814.0,8038301.0,7409897.5,6692525.0,7899758.5,6946994.0,8901477.0,7414185.0,8159070.5,9447146.0,6765487.0,8634632.0,6677630.0,6017035.5,7682973.0,7697547.0,7390471.0,0.0,
189,304.1325116358741,0.87587416,height,,,,,,,,,,,11346966.0,16510676.0,15759181.0,16411419.0,0.0,28379120.0,23100402.0,24021686.0,22074374.0,18910486.0,21432838.0,19324710.0,21617390.0,18706106.0,19795384.0,22703468.0,16778416.0,19935590.0,16768370.0,20980112.0,22070768.0,23375260.0,23166900.0,0.0,
190,130.0652305178442,0.8506883,height,,,,,,,,,,,8618714.0,10675145.0,2591735.0,2223198.0,2610482.5,2836102.5,2220435.0,3777045.8,3037693.2,2889415.5,2859706.5,2907522.5,2320449.5,3284118.2,2461166.2,3611285.5,3553939.2,2868670.5,2760937.5,3670526.8,2424857.8,2286154.5,2602633.5,0.0,
191,446.1955887956719,0.88393044,height,,,,,,,,,,,40381800.0,50336324.0,44681976.0,52351184.0,63098990.0,50405330.0,40837390.0,37984144.0,45017684.0,41824732.0,48690264.0,33744650.0,40070348.0,40475116.0,41093364.0,49897220.0,38785708.0,47410692.0,49196136.0,40604230.0,42519744.0,43625430.0,42116116.0,0.0,
192,821.5136733379335,0.88512415,height,,,,,,,,,,,28248122.0,42540724.0,36755668.0,45178816.0,59975290.0,40870770.0,40084530.0,34965856.0,37243020.0,35384044.0,40972770.0,28391298.0,35051470.0,38860108.0,36389416.0,42790800.0,33719188.0,42964576.0,46704616.0,33343654.0,37076068.0,38549948.0,33968320.0,0.0,
193,411.26039742055576,0.88551146,height,,,,,,,,,,,363679040.0,447078880.0,433768830.0,485510620.0,518541860.0,470882880.0,427948670.0,372076160.0,422740220.0,416197760.0,472284800.0,332520320.0,393919800.0,411330020.0,403430940.0,466811400.0,392828500.0,452699040.0,480547140.0,417913600.0,438618400.0,426693200.0,408192670.0,0.0,
194,284.13939756182583,0.86506385,height,,,,,,,,,,,5602835.0,8184388.0,6148351.0,7655316.5,6570000.0,8351089.5,5999393.5,13321203.0,12738334.0,5485890.0,6475723.5,8270017.0,7439612.0,6531720.5,8955595.0,7494089.0,5894320.0,7284775.0,1383339.0,6487439.5,7206974.5,6452099.0,8547121.0,0.0,
195,341.24349731146395,0.8899161,height,,,,,,,,,,,2531927.2,2205467.5,4836524.5,8995861.0,0.0,2844782.8,23121150.0,14762672.0,5496477.0,0.0,2612390.8,4062498.5,4062827.0,10081703.0,9082474.0,11315267.0,9378224.0,9575929.0,10675973.0,22744592.0,23900138.0,23947338.0,10995465.0,0.0,
196,485.2763430684335,0.89025533,height,,,,,,,,,,,8124684.5,12112987.0,11571755.0,13377567.0,13670045.0,11251912.0,10397923.0,9139909.0,10085617.0,10394442.0,11785472.0,9064415.0,9431661.0,10400286.0,10470136.0,13380604.0,9558708.0,10456309.0,12321150.0,10695746.0,11708430.0,9298714.0,10293214.0,0.0,
197,623.3406124620928,0.8910553,height,,,,,,,,,,,11452709.0,16319960.0,16019271.0,17746168.0,23808552.0,15078621.0,14634486.0,11613546.0,14575236.0,13791894.0,16182583.0,11431449.0,11675170.0,14946305.0,14810755.0,18331400.0,13398689.0,14064507.0,18079700.0,12792174.0,15477303.0,11904506.0,13406586.0,0.0,
198,356.2179728280603,0.8910553,height,,,,,,,,,,,18823454.0,20281184.0,21331758.0,23073688.0,19253978.0,18643778.0,18647962.0,16485619.0,21273980.0,19188084.0,21880928.0,16155325.0,15612858.0,18456800.0,17826344.0,24292040.0,16203834.0,17638210.0,22327684.0,19354392.0,21127602.0,18250608.0,19948654.0,0.0,
199,164.09316139236913,0.89163893,height,,,,,,,,,,,17639936.0,20343216.0,20290000.0,27659382.0,0.0,11419849.0,9026988.0,8891059.0,11537094.0,10945421.0,10633622.0,7693986.5,10013400.0,10890560.0,11449216.0,15713344.0,10263480.0,11139240.0,13555978.0,11303330.0,11246259.0,12069843.0,12360346.0,0.0,
200,487.2570320490395,0.8938155,height,,,,,,,,,,,6658764.5,9908610.0,10156377.0,11813138.0,16308264.0,9046870.0,10006314.0,8174230.5,10148715.0,9623783.0,10467253.0,8719248.0,7462579.0,10230218.0,9824647.0,11215410.0,8796656.0,9271229.0,11821400.0,9368000.0,11079603.0,7951731.0,9538757.0,0.0,
201,339.13403825821365,0.89382046,height,,,,,,,,,,,12164816.0,15468458.0,14971171.0,22116220.0,17475224.0,16458275.0,13686575.0,11808895.0,16197329.0,19582194.0,15935299.0,11322362.0,15622218.0,13243730.0,14057003.0,22145044.0,12776864.0,12932956.0,16037877.0,13887469.0,15062610.0,13140364.0,19640946.0,0.0,
202,261.12351011661895,0.89538294,height,,,,,,,,,,,313559420.0,424378900.0,419523600.0,444795170.0,464301400.0,361712930.0,445102750.0,371461760.0,425276700.0,404639360.0,462932830.0,422084320.0,329372450.0,378416300.0,371433440.0,418024860.0,352226140.0,382400300.0,460785760.0,417936800.0,455434430.0,348814530.0,418001500.0,0.0,
203,427.2552219886968,0.8957808,height,,,,,,,,,,,43843268.0,49428210.0,48343650.0,56116188.0,55015820.0,42663776.0,43635584.0,36900730.0,43322050.0,41599012.0,47682436.0,42268124.0,38711800.0,44239550.0,48248004.0,48715748.0,38680730.0,42718660.0,48659300.0,41880588.0,53547964.0,38792304.0,42096800.0,0.0,
204,123.05548360683416,0.89734626,height,,,,,,,,,,,4882286.0,0.0,0.0,0.0,23758456.0,0.0,0.0,0.0,0.0,0.0,0.0,0.0,0.0,0.0,0.0,0.0,0.0,0.0,0.0,0.0,0.0,0.0,0.0,0.0,
205,558.2924201785805,0.8965624,height,,,,,,,,,,,8217853.0,13281898.0,18799360.0,13300318.0,14954672.0,12632802.0,14988061.0,12048283.0,12501355.0,12282610.0,14106755.0,12085789.0,11085256.0,14796014.0,13570121.0,15248173.0,18748658.0,11186179.0,20716828.0,12529648.0,16229067.0,10104749.0,11444789.0,0.0,
206,300.1917751530696,0.89813995,height,,,,,,,,,,,8198718.5,9916053.0,10074903.0,9901172.0,11050852.0,8125834.0,9570557.0,7729779.0,9361290.0,8168161.0,8728144.0,8418399.0,7801830.0,9483105.0,8994670.0,9034165.0,7768683.0,7503202.5,9425810.0,9030990.0,10568331.0,7494513.0,8692042.0,0.0,
207,538.3239600200445,0.8985301,height,,,,,,,,,,,11316352.0,17544946.0,26054406.0,17423154.0,26375642.0,19559428.0,22809388.0,24769846.0,18813832.0,17658724.0,20481302.0,18767024.0,16956644.0,22591198.0,19977140.0,21789252.0,27506346.0,15915091.0,22365198.0,18659782.0,24438550.0,16114788.0,17015354.0,0.0,
208,330.2022494809545,0.900102,height,,,,,,,,,,,26071560.0,34461784.0,32439782.0,33149288.0,35917784.0,27492746.0,31280978.0,24796472.0,30588026.0,26939428.0,30356654.0,29094488.0,26528156.0,31056530.0,31131322.0,31037542.0,23020472.0,26370904.0,30562590.0,28898656.0,36329940.0,26626430.0,29666420.0,0.0,
209,821.4200613405103,0.90486014,height,,,,,,,,,,,8543919.0,10622880.0,9700783.0,9591136.0,10491384.0,9168136.0,9419700.0,8341738.0,7896632.5,8238585.5,9727888.0,10341412.0,8234398.5,10564382.0,12036644.0,9562766.0,7938716.0,9038220.0,9081980.0,8478636.0,9443736.0,8582447.0,7162871.0,0.0,
210,579.3504915622657,0.9076591,height,,,,,,,,,,,14695641.0,16682860.0,14099497.0,13677828.0,19249504.0,11690049.0,14368017.0,12020293.0,11451444.0,11821510.0,13655168.0,15647364.0,12619255.0,15619615.0,17035662.0,14671222.0,10782934.0,14953988.0,14605196.0,12624258.0,15471753.0,12938487.0,11253948.0,0.0,
211,342.2023248458603,0.90846,height,,,,,,,,,,,38734124.0,40339896.0,34373244.0,34365710.0,39190012.0,33277730.0,37607380.0,32323704.0,36258040.0,32002680.0,38612460.0,38868720.0,37010388.0,39885050.0,40304360.0,38828944.0,25547548.0,35857420.0,33307428.0,33669412.0,45950724.0,35714332.0,35702836.0,0.0,
212,838.4462753818195,0.9092574,height,,,,,,,,,,,24019186.0,28925060.0,24589186.0,24229250.0,26847422.0,21602360.0,24760382.0,20142430.0,21223976.0,21345562.0,24655370.0,27166382.0,21190614.0,27001584.0,30275560.0,27031808.0,19273538.0,26480984.0,23070976.0,21144764.0,24774158.0,22824886.0,19210622.0,0.0,
213,439.2552279016676,0.9120604,height,,,,,,,,,,,12395968.0,12675181.0,9785551.0,10585251.0,11604937.0,17690824.0,19925784.0,18335934.0,22297450.0,17907416.0,22138222.0,21301644.0,20531506.0,17113152.0,22665318.0,18370100.0,15359204.0,19758926.0,17921386.0,17808764.0,21444434.0,19023784.0,17354746.0,0.0,
214,843.4015185307068,0.9140386,height,,,,,,,,,,,10413948.0,10824717.0,9309272.0,9513966.0,8824480.0,7826299.0,9218778.0,9338934.0,8501128.0,8526120.0,8993960.0,10823397.0,7723560.0,8538712.0,11298508.0,9514369.0,8275175.5,9534312.0,9166648.0,8998741.0,10125153.0,8968892.0,7389991.0,0.0,
215,536.3083942354752,0.9156289,height,,,,,,,,,,,54325340.0,50488580.0,37651508.0,40817224.0,47676256.0,37702944.0,44684464.0,40317596.0,38741030.0,38217280.0,44342140.0,44849064.0,39236244.0,40158940.0,52364810.0,43728890.0,35900056.0,46283416.0,42420364.0,41353572.0,47734508.0,39207000.0,35586540.0,0.0,
216,299.1489543149618,0.9160305,height,,,,,,,,,,,16830476.0,8627684.0,8990104.0,12013968.0,9337917.0,15969554.0,11449999.0,15368166.0,15157401.0,9130485.0,5858293.0,11868663.0,11570539.0,12834407.0,15785211.0,14836592.0,12060686.0,14096774.0,13059241.0,17474726.0,21676220.0,15855582.0,16241970.0,0.0,
217,374.17228230156417,0.91841507,height,,,,,,,,,,,3312223.2,2633437.8,1817828.5,2196097.8,7500159.5,2950644.8,2612960.8,2435391.0,3023687.2,2685338.8,3155032.8,2849756.8,2702406.2,2379024.5,2750948.2,2462509.2,2675850.5,2890630.5,2447353.2,2787235.8,2832643.2,2558356.2,2351117.2,0.0,
218,225.12334620794056,0.9229569,height,,,,,,,,,,,13261779.0,12690218.0,11702460.0,11675857.0,11234973.0,12152978.0,11901471.0,11774407.0,11394547.0,12696104.0,14551492.0,11844121.0,12208634.0,11405286.0,11298684.0,11785175.0,10636324.0,12817210.0,12106932.0,12712427.0,12402548.0,10745115.0,10494628.0,0.0,
219,243.13400140133865,0.9262543,height,,,,,,,,,,,32436552.0,33336564.0,30134462.0,31566462.0,27969958.0,31779618.0,30468938.0,31946708.0,30570960.0,36464516.0,35527010.0,31399914.0,33830092.0,30728924.0,29198306.0,33216176.0,28062290.0,35167196.0,32427098.0,31663206.0,33257810.0,31722642.0,29835634.0,0.0,
220,397.244690560312,0.9262488,height,,,,,,,,,,,11023111.0,8577323.0,7054019.5,7862068.0,7932393.5,8909774.0,8276619.5,8500634.0,8098425.0,7640877.5,9237085.0,7915698.5,7797423.5,7107830.0,7587005.5,7105380.0,7260659.5,8907638.0,8005785.0,7952647.5,8239458.0,7496906.5,7211604.5,0.0,
221,146.06005722014402,0.9325652,height,,,,,,,,,,,56028348.0,60859456.0,62532150.0,52092516.0,62575972.0,63135460.0,57894684.0,61173600.0,63595228.0,62850340.0,57773436.0,59475284.0,62787530.0,61135764.0,60547364.0,57328450.0,59435000.0,66219710.0,64415988.0,57780536.0,57854680.0,60320570.0,66350430.0,0.0,
222,197.12853641121572,0.9354051,height,,,,,,,,,,,10711555.0,11252751.0,11820839.0,10756589.0,10790359.0,12188758.0,10824087.0,11438825.0,12598053.0,12215045.0,10996828.0,10440087.0,11419147.0,12217570.0,12193615.0,10764035.0,10810287.0,12601591.0,11799947.0,12108013.0,10766929.0,10892593.0,11894090.0,0.0,
223,489.2348126464596,0.9569386,height,,,,,,,,,,,10851861.0,9746941.0,9374743.0,8861735.0,10367713.0,8825079.0,10239805.0,8439369.0,10264548.0,8582781.0,10592177.0,10120867.0,11201782.0,9239621.0,10216581.0,8148306.5,9861100.0,10213960.0,10786867.0,9164765.0,10730750.0,9691353.0,10477032.0,0.0,
224,176.0706371963787,0.9718535,height,,,,,,,,,,,0.0,0.0,0.0,0.0,8514341.0,0.0,0.0,0.0,0.0,0.0,0.0,0.0,0.0,0.0,0.0,0.0,0.0,0.0,0.0,0.0,0.0,0.0,0.0,0.0,
225,207.05540837263564,0.9761338,height,,,,,,,,,,,0.0,0.0,0.0,0.0,0.0,0.0,0.0,0.0,0.0,5303482.0,6159151.5,6646516.5,4838607.5,2447546.2,2363090.0,2351335.5,2312601.0,2810619.2,2703212.2,3904120.8,4546603.5,4476951.5,3684965.0,0.0,
226,160.07571874100887,0.9767085,height,,,,,,,,,,,18722472.0,20705980.0,17580330.0,18157850.0,0.0,13571846.0,13058165.0,13683155.0,13584646.0,12384991.0,14195244.0,11391854.0,12737681.0,14505966.0,14025151.0,13767412.0,13173598.0,15314471.0,13789779.0,12827833.0,14949594.0,13793109.0,12527725.0,0.0,
227,197.07109601648563,0.98022544,height,,,,,,,,,,,0.0,0.0,0.0,0.0,0.0,0.0,0.0,0.0,0.0,13957666.0,16013044.0,13946800.0,11323234.0,6077356.5,5765311.5,6203279.0,5514573.0,6242662.0,5713438.5,13713748.0,12899559.0,13970667.0,9288548.0,0.0,
228,225.0659807198342,0.9800396,height,,,,,,,,,,,0.0,0.0,0.0,0.0,0.0,1711074.8,2020273.0,2100688.5,2156852.5,29452106.0,34954540.0,35269970.0,27650340.0,13481240.0,13494486.0,14039872.0,13584044.0,15461433.0,14420566.0,22689934.0,26005836.0,24984418.0,21355998.0,0.0,
229,245.1283922487072,0.98211646,height,,,,,,,,,,,8087115.5,9746625.0,8044260.5,9586942.0,8207705.5,8376499.5,8083694.5,8193297.5,9902927.0,8134512.5,8407960.0,7827066.0,7824511.5,8058889.0,8445273.0,8289079.0,7683207.0,10451957.0,9023808.0,7764772.0,8602493.0,8594754.0,7863032.5,0.0,
230,211.1440495970349,0.98287225,height,,,,,,,,,,,7443540.0,8979118.0,7676706.0,8519129.0,7471987.0,7332274.0,7036921.0,7287858.0,8930114.0,7254815.0,7586433.0,6828652.5,7543262.0,7147408.5,7141241.5,7440411.5,6770075.0,9028884.0,7734920.0,7108426.0,7643359.5,7488654.5,7232712.5,0.0,
231,602.2648204111991,1.0024538,height,,,,,,,,,,,34522120.0,31120342.0,28222786.0,31185534.0,0.0,29604418.0,28423924.0,30803564.0,35279360.0,28375354.0,28725494.0,30242584.0,30813988.0,27524394.0,29383314.0,29467070.0,0.0,34328252.0,27719826.0,27307446.0,30250676.0,30054726.0,28622172.0,0.0,
232,317.13422214586416,1.0075597,height,,,,,,,,,,,40344788.0,39943732.0,34608436.0,41118364.0,41161680.0,34511264.0,35123748.0,37382652.0,41472452.0,33819140.0,35410800.0,34287428.0,39016170.0,28969538.0,35275164.0,33118328.0,30078504.0,41645100.0,31839836.0,32643940.0,34637216.0,35961796.0,35760190.0,0.0,
233,639.3504618874167,1.011269,height,,,,,,,,,,,8023612.0,7383366.0,7231050.5,7827056.0,8775716.0,7728844.0,6851311.5,7988884.5,9160594.0,7106009.5,7552546.0,7774486.0,8229159.0,7545667.5,7819949.5,8155464.0,7373371.5,9043207.0,8044852.0,7094239.5,7781024.0,7669494.0,7020748.0,0.0,
234,624.2465734693351,1.0223831,height,,,,,,,,,,,2963728.0,3053382.0,2654173.0,3155431.2,2312607.8,2341135.0,2429452.0,2852516.2,2863304.0,2665088.2,2379845.8,2429489.0,2735746.8,2088898.0,2206185.2,2059277.6,2203565.0,2828327.2,2551171.2,2437887.0,2678464.5,2615620.2,2565965.2,0.0,
235,199.10777596720763,1.0431002,height,,,,,,,,,,,17473736.0,17350094.0,17304922.0,20106916.0,16735483.0,18099986.0,17110760.0,17896872.0,18989396.0,18014064.0,17549790.0,17686226.0,18567520.0,17304552.0,19420856.0,17782958.0,17598090.0,17155204.0,17219708.0,21188328.0,19648194.0,17312760.0,20185268.0,0.0,
236,339.1162963901108,1.0441731,height,,,,,,,,,,,3675745.0,4203230.5,4054131.8,4275357.0,4025369.5,3703612.5,3286945.2,3895526.8,4057468.5,3786227.2,3520343.0,3330770.8,3947893.0,2883960.2,3205820.8,3502669.0,3226606.5,3986862.2,3367784.0,3779575.2,3493713.2,3511913.2,3798256.2,0.0,
237,137.10735830649477,1.0605526,height,,,,,,,,,,,12065724.0,13117859.0,12090660.0,13907382.0,17065624.0,13331191.0,12437597.0,13379085.0,14749871.0,14688052.0,14154611.0,14769874.0,14500192.0,13259589.0,12527397.0,13916362.0,13479380.0,13914336.0,12498067.0,11087699.0,12463551.0,13230563.0,13547376.0,0.0,
238,149.10735568113802,1.0656182,height,,,,,,,,,,,3258653.0,3170432.8,3060742.5,3081019.8,4682262.0,3149833.5,3029165.8,3451661.5,3416264.5,3533478.8,3565900.8,3734134.8,3491066.5,3191418.5,3199846.2,3304123.8,3370849.5,3525859.8,3220411.0,2812840.2,2788299.2,3454055.0,3455361.0,0.0,
239,433.2421810109779,1.0652726,height,,,,,,,,,,,4719007.0,4631641.0,4663269.0,4837123.0,4717801.0,4638933.5,3802964.0,4774307.0,4878600.0,4281481.5,4203525.0,4654072.5,0.0,4549487.0,4702062.5,4528934.5,4430116.0,5706072.5,4428001.0,4716208.5,4240582.0,4195300.5,4453283.0,0.0,
240,202.21668543981556,1.0805864,height,,,,,,,,,,,0.0,0.0,0.0,0.0,0.0,0.0,0.0,0.0,0.0,0.0,0.0,0.0,0.0,0.0,0.0,0.0,0.0,0.0,0.0,0.0,0.0,0.0,0.0,1906568.6,
241,211.1078113975429,1.0873946,height,,,,,,,,,,,34805460.0,34918788.0,33343038.0,35376976.0,38965384.0,38210504.0,34802110.0,35718110.0,34055110.0,35190812.0,38742520.0,35191670.0,36087500.0,34136336.0,38102576.0,36299284.0,33752504.0,36164780.0,33778430.0,37411950.0,34808904.0,35128176.0,36087024.0,0.0,
242,228.1342099974656,1.088097,height,,,,,,,,,,,40484668.0,44165716.0,41571428.0,43083308.0,47164200.0,48463284.0,43738136.0,43098212.0,42689068.0,43553652.0,47465610.0,43658940.0,43392324.0,41848624.0,45931804.0,42426050.0,45000132.0,43510856.0,41763990.0,44569776.0,39632340.0,43855320.0,40452700.0,0.0,
243,411.2602774035768,1.1039934,height,,,,,,,,,,,60345732.0,63020740.0,60545772.0,62418840.0,75144264.0,65118908.0,58940970.0,61636770.0,58197680.0,65141500.0,64318884.0,54747610.0,53528430.0,65474996.0,67979330.0,72454344.0,60459520.0,63334668.0,60597748.0,62031984.0,58215740.0,58342400.0,60874412.0,0.0,
244,261.1235390867976,1.1183836,height,,,,,,,,,,,42393544.0,43573144.0,38734636.0,41775668.0,42109130.0,45824390.0,43040030.0,37375190.0,37268000.0,42321868.0,43602290.0,42538332.0,39975796.0,43465000.0,45788100.0,42859724.0,39103170.0,40867850.0,36318564.0,44032100.0,39973884.0,42919884.0,42286516.0,0.0,
245,446.1956257441415,1.1094755,height,,,,,,,,,,,16742648.0,16563807.0,15312204.0,16836712.0,25076328.0,18160770.0,15552579.0,16053890.0,17075510.0,17605888.0,16606941.0,14311061.0,14315830.0,17004100.0,17597092.0,18990044.0,15559360.0,16242506.0,16061882.0,16454278.0,16054715.0,15356168.0,17461438.0,0.0,
246,158.08123126769115,1.1460507,height,,,,,,,,,,,8122469.5,7758629.5,7222260.5,7433465.0,7229905.5,7238050.5,7514007.0,6494694.0,7815223.0,7569972.0,6779131.5,6888283.5,6771715.0,6901244.0,7402391.5,7193574.0,7212078.5,7258467.0,6679237.5,7409824.5,7089466.5,7544330.0,7198788.0,0.0,
247,339.11630727610003,1.1061043,height,,,,,,,,,,,3765323.8,3866152.0,3605815.8,3376704.0,4155968.8,4076250.0,3237436.0,3619015.8,3664971.0,3461860.5,3580092.2,3389524.8,3477557.0,2929655.8,3495104.2,0.0,3293314.8,3365424.2,3594139.0,3428636.0,3368285.2,3387636.0,3906349.5,0.0,
248,227.1026939396322,1.1800958,height,,,,,,,,,,,44421904.0,50036296.0,43515980.0,44406596.0,51741864.0,45053652.0,43778668.0,46664990.0,42580770.0,48823020.0,45056828.0,0.0,42999024.0,0.0,45125880.0,43620508.0,44611270.0,44325760.0,45239996.0,46182190.0,43275308.0,42440870.0,49122976.0,0.0,
249,209.09223282337288,1.1768124,height,,,,,,,,,,,32634154.0,34186052.0,30316608.0,31035626.0,41405350.0,34839910.0,34076024.0,31167056.0,32216824.0,32377304.0,34546544.0,32420998.0,31674272.0,34643844.0,33420382.0,30609104.0,31795278.0,32960880.0,29808236.0,0.0,31578098.0,30836826.0,32319450.0,0.0,
250,185.0921151069149,1.1794386,height,,,,,,,,,,,20100396.0,21894192.0,19520580.0,19787058.0,20817146.0,19946608.0,20763092.0,19625488.0,20420080.0,21362356.0,20849946.0,19652732.0,19932390.0,18272586.0,20984808.0,20413874.0,21152764.0,20884986.0,18355764.0,21727216.0,19344374.0,19714860.0,20343166.0,0.0,
251,623.3405491318799,1.1811974,height,,,,,,,,,,,3641269.0,3679437.8,3265923.2,3732879.5,5549385.0,3286443.2,4126166.2,3117027.2,3357232.5,3267553.8,3503209.5,3279312.8,3090857.5,3759093.2,3708882.8,3751649.8,3291754.8,3548391.8,3701598.5,3430509.8,3432993.8,3821629.0,3140921.5,0.0,
252,330.2021788401237,1.1817316,height,,,,,,,,,,,10991267.0,11667362.0,10716687.0,12435646.0,12383238.0,10483755.0,11998458.0,11318732.0,10624460.0,9943624.0,10815955.0,11020049.0,9744206.0,10867156.0,12128650.0,11824701.0,10796822.0,11913649.0,10913147.0,12539423.0,10857796.0,12774756.0,10356402.0,0.0,
253,146.060059984529,1.2131188,height,,,,,,,,,,,19282948.0,20374788.0,18895886.0,22381774.0,22322918.0,19143936.0,20175546.0,19167366.0,18463254.0,18211422.0,20999510.0,19061432.0,18148942.0,20798410.0,20864928.0,21070482.0,18993464.0,19406834.0,18949632.0,19583252.0,18709072.0,22057274.0,17916806.0,0.0,
254,215.13911019561337,1.2323397,height,,,,,,,,,,,10993460.0,11325672.0,10377551.0,11560502.0,12068870.0,10090345.0,11445062.0,11939737.0,11082010.0,10853602.0,11226980.0,11224492.0,11938087.0,11585757.0,10229756.0,10953139.0,10676635.0,10718581.0,11225188.0,10707593.0,12509060.0,11709194.0,10099286.0,0.0,
255,174.18527864390515,1.257894,height,,,,,,,,,,,1178940.1,1615409.8,1426281.9,1577471.1,0.0,0.0,0.0,1363088.2,0.0,1220977.9,0.0,1290378.0,1668842.4,0.0,0.0,0.0,0.0,0.0,0.0,0.0,1469406.5,1349646.4,0.0,2356963.2,
256,342.2022574290488,1.2673935,height,,,,,,,,,,,7074221.0,7745593.0,7236127.0,7261243.5,7436598.0,8328311.0,9472188.0,8147914.0,7654662.0,8117438.0,8398459.0,8644080.0,9817427.0,8003136.5,8845097.0,8195249.0,8205453.5,9040069.0,8225208.5,7873003.5,8838427.0,9310318.0,8217511.0,0.0,
257,427.25520161249466,1.2702262,height,,,,,,,,,,,14815979.0,16956494.0,14928481.0,16214921.0,16779818.0,15909718.0,17519486.0,15094802.0,14741290.0,15199669.0,15813851.0,16735782.0,17994560.0,16836750.0,17984202.0,15934055.0,16316929.0,17360070.0,16119760.0,15404723.0,16346339.0,17965378.0,16935182.0,0.0,
258,185.09211456909685,1.2408592,height,,,,,,,,,,,20475322.0,0.0,19492890.0,0.0,25933358.0,0.0,20134436.0,0.0,20642412.0,24279760.0,22932446.0,0.0,21555540.0,20820524.0,24544034.0,20155436.0,19905660.0,20768724.0,21810786.0,0.0,19581198.0,20467554.0,19850764.0,0.0,
259,226.12677140332065,1.2957406,height,,,,,,,,,,,3970069.8,4245823.0,4056329.5,4473490.5,0.0,4027489.0,3865825.5,3851933.5,4247184.0,0.0,3937756.5,4085633.5,4001263.0,4049416.8,4304599.0,3852785.0,3865538.2,3900971.8,3812397.5,0.0,4011171.0,4094510.5,4024816.2,0.0,
260,135.09174188563446,1.2916223,height,,,,,,,,,,,5558595.0,5368071.0,5833428.0,5177647.5,7400228.0,5800662.5,6259512.0,6157398.5,5996389.0,6089039.5,5469573.0,6431149.0,6091988.5,5752374.0,6300669.0,6161187.5,6149084.0,5688958.0,6166436.0,5162254.5,6067397.5,6459465.0,6566772.0,0.0,
261,225.12349669009745,1.3014083,height,,,,,,,,,,,33779536.0,35706710.0,32634320.0,0.0,33530956.0,34333170.0,32570588.0,33586868.0,32514774.0,35704492.0,0.0,34534076.0,33446264.0,33388824.0,36933930.0,32703210.0,31647728.0,32825792.0,32039810.0,32331844.0,35084868.0,34422064.0,32810930.0,0.0,
262,181.0971713570609,1.363099,height,,,,,,,,,,,75836070.0,69875656.0,72871730.0,72876130.0,98873920.0,90778470.0,84065830.0,82440720.0,90980140.0,0.0,0.0,86482460.0,0.0,77496424.0,92777040.0,84259590.0,81087150.0,79252900.0,74119490.0,76861700.0,75899704.0,0.0,84024120.0,0.0,
263,242.15024065314077,1.3204868,height,,,,,,,,,,,47630530.0,0.0,50397656.0,51062136.0,47420730.0,42667176.0,47143644.0,46397212.0,45115624.0,0.0,48733024.0,46467776.0,46134550.0,46056428.0,51846330.0,49436816.0,43823004.0,46966604.0,45481376.0,44745016.0,50675856.0,47864964.0,46100224.0,0.0,
264,128.07073648988387,1.3246077,height,,,,,,,,,,,9526034.0,11851375.0,17152074.0,15795182.0,0.0,11742273.0,14798424.0,13821480.0,15327182.0,16765026.0,15138396.0,17912542.0,15349022.0,11305702.0,12931331.0,12056527.0,11465837.0,13475276.0,14666610.0,9953415.0,15125492.0,12972000.0,14468487.0,0.0,
265,245.09522750483865,1.3607192,height,,,,,,,,,,,116325800.0,111655660.0,107794680.0,117152810.0,157835220.0,122493130.0,130801480.0,130710630.0,130271520.0,141251060.0,0.0,146318340.0,130776056.0,122182936.0,137298240.0,131624370.0,124264510.0,121368344.0,125081384.0,120774740.0,130190800.0,127659250.0,138829780.0,0.0,
266,246.09848129923932,1.3691417,height,,,,,,,,,,,12335908.0,12231699.0,11405607.0,11978873.0,16630469.0,13313347.0,14264245.0,13231901.0,14084613.0,0.0,0.0,15013570.0,13769600.0,12759872.0,14464986.0,13224077.0,13317894.0,13154498.0,13789191.0,12631707.0,13903953.0,13554437.0,14381910.0,0.0,
267,439.2552421490855,1.3326834,height,,,,,,,,,,,3701168.5,3778843.5,3440032.5,3617154.5,3328211.0,7344473.5,6627340.0,6472782.5,7269729.5,6543601.5,6236808.5,7748561.0,6381163.5,6835645.0,6614896.0,5582556.5,6403825.0,5782163.5,5999965.5,5372015.0,5819497.0,5998406.5,5830900.0,0.0,
268,197.1285459634478,1.3632128,height,,,,,,,,,,,22007668.0,21381512.0,21330446.0,24133458.0,20963504.0,21545452.0,20324040.0,20477752.0,20020200.0,21482792.0,0.0,22380234.0,21689988.0,0.0,21476856.0,20272020.0,21085728.0,19379174.0,19919048.0,18488874.0,19984928.0,0.0,19948220.0,0.0,
269,838.4461878915373,1.3363663,height,,,,,,,,,,,7271596.0,7931986.0,7263969.0,6901131.5,8868311.0,8525134.0,7210377.5,7289234.5,7316050.5,7219074.0,6562001.0,7219409.5,6587104.5,9040528.0,9440992.0,7718358.0,7678621.0,7735065.0,7721860.0,7093716.0,6513475.0,7316595.0,7235584.0,0.0,
270,228.10605880695812,1.3592459,height,,,,,,,,,,,5570046.5,6110545.5,5236786.0,6769700.5,5169136.5,5408138.0,6058806.0,5475321.0,5531324.5,4882991.0,5912559.5,7144923.5,5599670.5,5053648.0,5416053.5,5272400.5,5822506.5,5043493.5,6092732.5,0.0,6119790.5,5647927.0,0.0,0.0,
271,186.07610096173212,1.3355604,height,,,,,,,,,,,8237093.0,9293670.0,7078692.5,9270978.0,0.0,1238435.9,1723752.8,2095398.2,1763745.1,2704758.0,0.0,1867043.9,1420266.4,3808521.0,4099953.5,3511767.5,3551028.5,3457499.2,3715806.0,2112077.2,2148399.0,1887073.9,1577787.0,0.0,
272,228.134182144743,1.3382831,height,,,,,,,,,,,39918710.0,39538852.0,42794010.0,46459148.0,41872460.0,38878884.0,47200380.0,41724460.0,40292650.0,42231350.0,41725330.0,42939016.0,42887548.0,38459784.0,43865404.0,0.0,40149996.0,41925016.0,42257908.0,38784536.0,44111520.0,40438812.0,0.0,0.0,
273,138.05497821481023,1.347031,height,,,,,,,,,,,8891384.0,10231134.0,7495981.5,9919104.0,0.0,1341252.2,1914366.1,2305683.0,1930040.0,2769453.2,1431025.8,1714833.5,1491361.1,3823156.2,4343955.0,3698813.2,3533130.2,3566856.8,3961291.8,2237711.5,2453207.8,1996957.0,1801239.2,0.0,
274,276.1078032989554,1.3500073,height,,,,,,,,,,,90594610.0,101067650.0,78335740.0,100624210.0,0.0,10463253.0,17366982.0,21018778.0,17238984.0,27264956.0,13593167.0,18462748.0,11568735.0,40624490.0,42419364.0,36870570.0,36089936.0,36618444.0,40129910.0,22332760.0,23509640.0,19704992.0,15671298.0,0.0,
275,225.1234958660781,1.3352486,height,,,,,,,,,,,32623922.0,32651196.0,32634320.0,0.0,32498114.0,33234176.0,33888892.0,31857832.0,33353280.0,0.0,0.0,34534076.0,0.0,33337082.0,36933930.0,32703210.0,35111796.0,30353924.0,32039810.0,38145130.0,32088954.0,34422064.0,34471252.0,0.0,
276,226.12679178298131,1.3399696,height,,,,,,,,,,,4188214.5,3692016.5,4056329.5,4473490.5,4121527.5,4027489.0,4089469.2,3947817.0,4247184.0,4056092.5,0.0,4190367.0,0.0,3831639.2,4124565.0,3852785.0,4371841.0,3833118.2,3812397.5,4396587.5,3661116.8,4094510.5,4024816.2,0.0,
277,209.0922210195141,1.3605789,height,,,,,,,,,,,35280188.0,37389120.0,33640828.0,36201852.0,34633844.0,33614860.0,32528442.0,32485604.0,33393814.0,31260138.0,32574260.0,39063710.0,36896010.0,30387918.0,34741760.0,31855252.0,31639734.0,30998426.0,33614490.0,32741714.0,34047236.0,32213502.0,32206222.0,0.0,
278,227.1026544437164,1.3641589,height,,,,,,,,,,,49566870.0,46743400.0,46030490.0,53684716.0,47143828.0,45033390.0,47658670.0,47680364.0,44926304.0,44445130.0,45332412.0,58236040.0,45478996.0,41223670.0,50158744.0,42274450.0,45362148.0,45087510.0,51817670.0,49888228.0,47379010.0,47435664.0,46724050.0,0.0,
279,127.0503549229392,1.3828298,height,,,,,,,,,,,8154205.0,8882040.0,6852619.0,7721810.0,0.0,0.0,1264556.2,1281100.2,0.0,1274413.4,0.0,1471052.4,0.0,2456969.0,2741635.5,0.0,2591417.8,2593134.8,2717031.8,0.0,1333940.5,1528900.4,1261183.6,0.0,
280,469.229622413136,1.3836473,height,,,,,,,,,,,10461418.0,11426097.0,10587398.0,11127405.0,9507304.0,10960568.0,10972313.0,10444350.0,10847122.0,10494098.0,10558592.0,11123786.0,9942687.0,9289672.0,12362946.0,9620070.0,10071559.0,10728267.0,9919184.0,10353272.0,10682880.0,10926797.0,11610784.0,0.0,
281,536.3083796609545,1.3978915,height,,,,,,,,,,,11358025.0,11740446.0,10484170.0,10984219.0,10552521.0,10762679.0,10850692.0,10426478.0,10024274.0,11102884.0,9915364.0,12092240.0,10260094.0,10300964.0,13282453.0,10162594.0,11766028.0,11446845.0,10328345.0,10993689.0,9455750.0,10938344.0,11379615.0,0.0,
282,245.095219440047,1.4011552,height,,,,,,,,,,,111084424.0,112457150.0,99622184.0,110480696.0,150832980.0,146804850.0,131570104.0,130041050.0,133908570.0,135273250.0,119432500.0,138430340.0,125818340.0,123056990.0,134337760.0,120374950.0,124216990.0,124970970.0,119403020.0,146550750.0,122559580.0,115861450.0,135208000.0,0.0,
283,246.0985274949317,1.4041313,height,,,,,,,,,,,11423774.0,11726715.0,10444608.0,11566153.0,16167517.0,16159223.0,13813219.0,13811510.0,13682787.0,14437336.0,12643268.0,14113628.0,13711106.0,12972232.0,14067952.0,12859366.0,13286380.0,13626354.0,13054783.0,15614507.0,13147010.0,12217916.0,14270690.0,0.0,
284,181.097174321752,1.4101837,height,,,,,,,,,,,71554920.0,71169370.0,63605920.0,68737530.0,99807070.0,87461624.0,79993010.0,85367560.0,81830770.0,83923050.0,82865256.0,88117496.0,87657870.0,79725440.0,90923020.0,74966970.0,79729020.0,76614424.0,76411660.0,91238080.0,74903720.0,79208800.0,87993390.0,0.0,
285,199.1077780612923,1.4059262,height,,,,,,,,,,,17149228.0,17969860.0,17258168.0,18899298.0,17943884.0,16719362.0,17784784.0,16842852.0,17517192.0,18687732.0,18280434.0,18550246.0,17176702.0,16653416.0,19157280.0,16047749.0,18281370.0,17612248.0,16086311.0,18904480.0,18182632.0,16316207.0,18340812.0,0.0,
286,469.26578830436887,1.4391667,height,,,,,,,,,,,4834207.5,5617655.0,5076572.5,5695804.0,5779178.5,4808015.5,4906160.5,5081927.0,4392005.5,5181247.5,4752825.0,4523264.5,5024854.5,5273426.5,5977382.5,5135303.0,5460081.0,5341259.0,5200026.0,5345125.0,4713558.0,5143318.5,4856517.0,0.0,
287,485.2607887621143,1.4497184,height,,,,,,,,,,,47793056.0,53094516.0,52293170.0,54794824.0,48599876.0,42813424.0,49268170.0,51635744.0,42945030.0,48801990.0,46486470.0,48093668.0,50012508.0,51805404.0,53939604.0,47315876.0,48179972.0,48345036.0,45075564.0,51348240.0,45672724.0,52926332.0,52240864.0,0.0,
288,570.3137063133294,1.45273,height,,,,,,,,,,,6375863.0,7372745.5,7818301.5,7705886.0,6544355.0,6116569.0,6908471.5,7297948.5,5933239.5,6755839.5,6649414.5,6950466.5,7070084.0,7344352.0,7158034.0,6864258.5,6899721.5,7017048.0,6261972.0,7017004.5,6372117.0,7607919.5,7605394.5,0.0,
289,244.1372504906172,1.4539425,height,,,,,,,,,,,17184246.0,18000540.0,16238978.0,18294466.0,16527019.0,15307718.0,16174388.0,16762895.0,15507104.0,16968658.0,17032322.0,17764044.0,15323732.0,16229852.0,17888792.0,16447869.0,15989735.0,17364246.0,16627082.0,18380992.0,18170934.0,17464222.0,15720816.0,0.0,
290,328.1865745388951,1.4551827,height,,,,,,,,,,,14985955.0,16611679.0,16168875.0,17906952.0,17584670.0,14743836.0,16141912.0,16155594.0,14552750.0,15839664.0,16195614.0,15671511.0,15855858.0,17121252.0,18370378.0,16363183.0,16416569.0,17155196.0,16136264.0,18148074.0,15497553.0,17268492.0,16674959.0,0.0,
291,225.12348617006572,1.4577047,height,,,,,,,,,,,33788708.0,31845834.0,31874006.0,33914536.0,34601540.0,34270850.0,31793256.0,33730028.0,32068382.0,31203842.0,32002132.0,33776140.0,32735138.0,0.0,34268756.0,32583328.0,32802260.0,32461524.0,30833604.0,36016676.0,33615148.0,34580284.0,34396756.0,0.0,
292,197.1285312671628,1.4554015,height,,,,,,,,,,,22140002.0,20765906.0,20579028.0,21727062.0,21820394.0,22829976.0,19607210.0,21079088.0,19772590.0,19933220.0,20446648.0,22378674.0,20570058.0,19938446.0,22117506.0,20520556.0,19275556.0,20482616.0,19486854.0,23371052.0,22234718.0,21570702.0,22211900.0,0.0,
293,243.13418097230516,1.4584436,height,,,,,,,,,,,144968900.0,147014200.0,132616440.0,154289400.0,139837890.0,129062400.0,134401380.0,139531600.0,128411560.0,143174270.0,143274450.0,147909010.0,130413900.0,137228900.0,146319600.0,136783980.0,136104300.0,145431170.0,140340540.0,153093580.0,148681570.0,143588260.0,133176340.0,0.0,
294,242.1502571167713,1.4588556,height,,,,,,,,,,,48971624.0,45839456.0,45780536.0,48848270.0,43051110.0,48054004.0,46292100.0,51342384.0,47847240.0,46410744.0,45541228.0,47269990.0,47194750.0,0.0,48543504.0,46811144.0,0.0,47416780.0,49835290.0,51060212.0,48825850.0,49535124.0,47380880.0,0.0,
295,226.1266913366144,1.4617012,height,,,,,,,,,,,3916608.8,3733107.8,3674341.2,3917956.8,4032957.8,3971597.0,3851552.8,3834203.0,3873103.2,4056092.5,4220507.5,4149991.5,4055479.2,3845117.5,4200407.5,3768333.8,4093358.5,4219827.5,3752626.0,4332970.0,4523260.5,4248821.5,3810331.0,0.0,
296,214.11865585285676,1.4843966,height,,,,,,,,,,,7649001.0,7536784.5,8229316.5,7638325.0,8590167.0,6913667.0,7396733.0,8356309.0,7874887.0,7324403.0,6835367.0,6707413.0,7242712.0,8243263.0,7179897.0,7113074.0,7864618.5,7187327.5,7075569.0,8396429.0,7767386.0,8196331.0,6767888.5,0.0,
297,220.11803959958635,1.4776518,height,,,,,,,,,,,8295463.0,6646496.0,6622723.5,6129959.0,17558796.0,10438239.0,9466825.0,9850966.0,9451379.0,8954354.0,9094680.0,8728021.0,9216064.0,9610709.0,9461311.0,9699711.0,8937449.0,9801343.0,8913035.0,10939653.0,10736536.0,9426917.0,10334801.0,0.0,
298,183.0917275936285,1.493911,height,,,,,,,,,,,14945928.0,15601799.0,14553519.0,13283618.0,37220930.0,19162158.0,18028386.0,16362439.0,18038776.0,17210258.0,19246828.0,16448437.0,17483374.0,17534240.0,17640514.0,18425030.0,16251329.0,17338778.0,16208904.0,12203111.0,21207062.0,22130158.0,18518604.0,0.0,
299,559.2612627476524,1.4990072,height,,,,,,,,,,,5153787.0,4641645.5,4942070.0,4744734.5,5496968.5,4895638.5,4422840.5,4240493.0,4329308.5,4316885.0,4741102.5,4138699.0,4483361.0,4823446.0,4633486.0,4956674.0,4738751.0,4552544.5,4654685.0,4412315.5,4608021.5,4835041.0,4660527.0,0.0,
300,197.09223248836025,1.5089666,height,,,,,,,,,,,6067317.5,5497942.0,6767556.5,5978231.5,6760183.5,6101920.0,5983418.0,6735136.0,5689405.0,5576616.5,5637646.5,5581627.5,5903201.5,6365234.0,5918938.0,7454796.0,6109083.5,5629449.5,6462657.0,6104295.5,6149436.5,6015764.5,5716442.0,0.0,
301,191.04851432154564,1.5130848,height,,,,,,,,,,,4083635.2,4573778.5,4798072.5,4425647.0,5866091.0,5420165.0,5180576.5,4820602.5,4975357.5,4516573.0,4163936.0,3901729.5,5444284.5,4388825.5,4734012.0,4796747.5,4312004.5,4614632.5,4624572.5,5219745.5,5822690.0,5359176.0,5183409.0,0.0,
302,148.06042755854324,1.5206387,height,,,,,,,,,,,6616050.0,6334014.0,6774126.0,6161407.5,9051552.0,6995951.5,5791389.0,5238773.5,6204272.0,5415610.5,5493109.5,5550155.5,6938764.5,6507512.0,6597709.0,6773524.5,5528449.0,5611563.0,6366460.0,6756973.0,7138853.5,6711137.5,6357763.5,0.0,
303,317.13426744912016,1.5206957,height,,,,,,,,,,,105779980.0,103044630.0,102779970.0,97255030.0,132826670.0,108766970.0,89637210.0,81654840.0,96136880.0,85787940.0,85975880.0,85175710.0,103488960.0,95793550.0,101494040.0,106210800.0,86505300.0,88870510.0,98815250.0,99585010.0,107997660.0,101580400.0,95765690.0,0.0,
304,427.21907237282176,1.5278572,height,,,,,,,,,,,5688811.0,5674662.0,5525717.0,5274447.0,7711185.5,5954962.0,4787069.5,4448807.5,5330328.5,4704274.5,4731242.0,4705889.5,5756279.5,5489286.0,5761229.0,5874088.0,4876042.0,5094104.5,5570862.5,5460539.0,5735580.0,5580216.0,5484377.0,0.0,
305,303.1549804139607,1.6035326,height,,,,,,,,,,,4038488.2,2034511.1,2452313.5,2284586.8,0.0,4565937.5,5734356.5,5738478.5,4799222.0,4508752.0,6297171.5,4801536.0,4909400.0,4520827.5,4736583.0,5039551.0,0.0,4304049.0,4601642.0,0.0,4707285.0,5465045.5,5314709.0,0.0,
306,298.096822230935,1.5468307,height,,,,,,,,,,,0.0,0.0,0.0,0.0,38477236.0,0.0,0.0,0.0,0.0,0.0,0.0,0.0,0.0,0.0,0.0,0.0,0.0,0.0,0.0,0.0,0.0,0.0,0.0,0.0,
307,602.2647786626549,1.5552291,height,,,,,,,,,,,71027750.0,63926900.0,76972430.0,67514680.0,68141170.0,70201420.0,65380252.0,66637156.0,58639932.0,61608468.0,65419936.0,61420148.0,69976860.0,80051090.0,72153650.0,76443320.0,64420744.0,66948244.0,67030564.0,67189336.0,64444588.0,64266412.0,64562300.0,0.0,
308,127.05034654868528,1.5484587,height,,,,,,,,,,,8671102.0,7131835.5,8913296.0,8232438.5,0.0,1387968.6,1373930.4,1570158.2,1243391.9,1370521.2,0.0,1189655.1,1388463.6,2934644.8,2860543.2,2786045.0,2966967.0,2660583.5,2624605.2,1748804.8,1583249.8,1740318.0,1501290.8,0.0,
309,214.1186513031649,1.5402062,height,,,,,,,,,,,8333865.0,7563002.5,8720753.0,8107748.0,8685006.0,7962622.0,7199971.0,6971429.0,6940222.5,7497654.5,7086349.5,6976367.5,8556626.0,7036210.5,7346254.5,7992628.5,6850487.0,0.0,7095664.0,8753737.0,8237864.0,7181665.5,6796130.0,0.0,
310,197.0922281995393,1.5470089,height,,,,,,,,,,,6255204.0,5538797.5,7165374.5,6299854.5,7259741.5,6657475.5,6091881.5,6013789.5,5901328.5,5826689.5,6146159.0,5692407.0,6821964.5,5995470.0,6327540.0,6080554.0,5351322.5,6000233.5,5868647.0,6524014.0,6440592.0,6602611.0,6231261.5,0.0,
311,169.07606437573332,1.5777555,height,,,,,,,,,,,9138471.0,8371948.5,10141809.0,7807406.5,20365372.0,11407495.0,12319846.0,11110165.0,10512092.0,10874735.0,12245090.0,10674833.0,11263499.0,11686747.0,10235120.0,11153369.0,9540855.0,9942436.0,10858535.0,7949887.0,10408513.0,12753532.0,11152984.0,0.0,
312,209.09222741997365,1.5928154,height,,,,,,,,,,,22606270.0,20576408.0,23635862.0,22861028.0,23633950.0,25499260.0,24043044.0,25161922.0,23665138.0,24678606.0,23376674.0,21469098.0,25589478.0,24090930.0,22400464.0,25215080.0,22825596.0,23105514.0,23175716.0,22992146.0,0.0,26048692.0,23268602.0,0.0,
313,174.05500803873693,1.6096522,height,,,,,,,,,,,12259366.0,11690538.0,15741203.0,14697889.0,2494183.0,18942322.0,18078376.0,17069028.0,20005030.0,17175776.0,16834020.0,18807532.0,16544109.0,15574479.0,14879981.0,15224930.0,15974390.0,14533249.0,16680831.0,15497149.0,15008711.0,15171972.0,18106308.0,0.0,
314,639.3502960294537,1.6106521,height,,,,,,,,,,,13481696.0,11323306.0,13870002.0,14942414.0,15326421.0,14210674.0,12279736.0,12272195.0,11910037.0,12176771.0,12674924.0,11113540.0,12410649.0,14308151.0,14139013.0,14190788.0,14866348.0,12507317.0,12497233.0,12358104.0,11908857.0,14517708.0,13083719.0,0.0,
315,185.09210491814355,1.6155996,height,,,,,,,,,,,12150656.0,10542723.0,12451236.0,13542009.0,10654734.0,13603761.0,11924420.0,11864966.0,12749606.0,11428319.0,11739812.0,11014564.0,11301654.0,12103474.0,11631419.0,12325671.0,11391177.0,10330072.0,12562967.0,12429266.0,10489059.0,13269509.0,11571840.0,0.0,
316,226.1188305577529,1.6224077,height,,,,,,,,,,,14968574.0,13708530.0,14214861.0,14731863.0,14222827.0,16958538.0,15722612.0,14841938.0,16724336.0,16363036.0,15115739.0,14659074.0,15138320.0,15336361.0,15024752.0,14871579.0,15041851.0,13319848.0,14936565.0,15065842.0,14878591.0,16489504.0,14227731.0,0.0,
317,340.1866634974259,1.6349716,height,,,,,,,,,,,23985252.0,22820208.0,24301526.0,25572576.0,25209286.0,24659196.0,23084868.0,23866226.0,24143248.0,24539924.0,22478008.0,22716352.0,21698960.0,22692410.0,24139614.0,25306594.0,24688580.0,21725006.0,24941984.0,22105526.0,23785484.0,26106148.0,22969638.0,0.0,
318,303.15497425519754,1.6362451,height,,,,,,,,,,,3494646.8,2367189.8,2289471.5,2144073.5,0.0,5563876.0,5349212.0,5553300.5,4765152.0,5897488.0,5661301.5,4872176.0,0.0,4598352.0,4889637.5,5058701.5,5036957.5,4287902.0,4541558.0,4753265.0,4803061.5,5420485.5,5239214.5,0.0,
319,568.2980897904071,1.6705488,height,,,,,,,,,,,5551954.5,6364009.5,5944038.0,6977639.0,6612843.0,6551238.0,5702196.5,6256900.0,7246661.0,5500825.5,6215391.5,5716924.5,6117720.0,5629053.5,5431773.0,6700214.5,6224555.5,5245999.5,6458447.5,6454913.5,6114677.0,6714185.0,6121507.0,0.0,
320,471.2451056768534,1.6717378,height,,,,,,,,,,,14825954.0,16583000.0,15012628.0,18268480.0,17109916.0,16089913.0,14057937.0,16820554.0,17652082.0,16305267.0,15304404.0,14465790.0,14877810.0,14233690.0,15393810.0,16167787.0,15628565.0,14548389.0,15898799.0,14146954.0,14656816.0,16243196.0,14101463.0,0.0,
321,215.04848405769388,1.6951846,height,,,,,,,,,,,7898091.0,8482090.0,8762495.0,9100616.0,8328497.0,8455689.0,8758727.0,8833856.0,8328987.0,7679808.5,8556736.0,7863119.5,7718934.5,8677778.0,8459529.0,8609471.0,7988997.5,7961436.5,8668350.0,7927115.5,10113433.0,7936602.5,9242968.0,0.0,
322,458.1958467437461,1.7047542,height,,,,,,,,,,,16022256.0,14815831.0,16077939.0,16885558.0,14396100.0,15605245.0,14676491.0,14742130.0,15784184.0,16490156.0,15502658.0,14148803.0,13984742.0,17661888.0,14145970.0,15556797.0,15682964.0,14319928.0,16620785.0,14525308.0,15816878.0,15970229.0,15156707.0,0.0,
323,195.0765254127417,1.7067689,height,,,,,,,,,,,118626344.0,115819670.0,118657010.0,121841870.0,117469190.0,118654584.0,110175576.0,113411610.0,119183980.0,124082504.0,118898680.0,114009290.0,107768300.0,125399260.0,106628296.0,108117460.0,113521570.0,106945620.0,125336340.0,118879220.0,119903120.0,121145600.0,121061760.0,0.0,
324,212.10305024904088,1.7076038,height,,,,,,,,,,,77198780.0,74497256.0,73625710.0,78147020.0,69124500.0,75413710.0,76748250.0,74798824.0,70628536.0,70259660.0,74094340.0,73223416.0,71747990.0,76024010.0,72350904.0,67861350.0,67437680.0,68523656.0,73542950.0,76596420.0,81232350.0,74032664.0,80833620.0,0.0,
325,229.11832404633344,1.7160076,height,,,,,,,,,,,239399780.0,232282020.0,237208660.0,235985950.0,234873820.0,251888820.0,234378660.0,221757220.0,216897360.0,237131700.0,236893800.0,228946240.0,219594980.0,242596740.0,219069470.0,201926930.0,210363900.0,209249300.0,231898480.0,232365180.0,252151040.0,236956110.0,245489800.0,0.0,
326,457.2295245866615,1.7160584,height,,,,,,,,,,,142997020.0,132158810.0,146941140.0,132214630.0,133551580.0,136657550.0,129953520.0,134631740.0,131137350.0,150012620.0,143121980.0,119958640.0,117490850.0,147228270.0,121437490.0,130627544.0,131868296.0,124243320.0,131603210.0,136581570.0,147508670.0,138434350.0,139107920.0,0.0,
327,183.112822486555,1.7168345,height,,,,,,,,,,,30705008.0,28760994.0,29672092.0,29750344.0,30200748.0,31771190.0,27603288.0,28622708.0,27964464.0,32218546.0,30983920.0,28989080.0,27780452.0,33172296.0,27033990.0,25642498.0,28033500.0,26576410.0,30515212.0,30033756.0,30949076.0,31644240.0,31251860.0,0.0,
328,542.2823988002231,1.7485156,height,,,,,,,,,,,7456040.0,6863359.0,7250506.5,7995439.5,6821444.5,7261103.5,7178947.5,7811817.5,7022600.0,8388253.0,7158225.0,7828795.0,6643701.5,8093261.5,7432126.0,5673805.0,8085268.0,6746671.0,8001279.5,7128380.5,7468867.5,7292147.0,6890641.5,0.0,
329,518.2586574795968,1.7876141,height,,,,,,,,,,,13517799.0,14362590.0,0.0,11492523.0,0.0,11110539.0,9237693.0,11044301.0,0.0,10783373.0,10051764.0,10209920.0,10368517.0,11069110.0,11058693.0,9038811.0,9460692.0,8630451.0,11397167.0,10199961.0,9540242.0,10187473.0,10669048.0,0.0,
330,314.17099615619344,1.7796944,height,,,,,,,,,,,13523630.0,15424146.0,14286926.0,15143456.0,14099243.0,13938097.0,13876697.0,15542471.0,15031382.0,16792092.0,15478078.0,15949358.0,15477793.0,14952293.0,16920054.0,15903091.0,14901327.0,13607082.0,17226372.0,14813088.0,15176963.0,14029008.0,13861553.0,0.0,
331,586.2545017110028,1.7803487,height,,,,,,,,,,,0.0,0.0,0.0,0.0,0.0,8924541.0,8937119.0,9784692.0,11531570.0,10069295.0,9676883.0,11881161.0,11334505.0,6287647.0,9145251.0,8005590.0,7952119.0,7513440.0,9727222.0,8885980.0,9165956.0,8942824.0,7930270.5,0.0,
332,518.2586625805043,1.7971699,height,,,,,,,,,,,13113466.0,13172853.0,11325004.0,14230694.0,9232742.0,10257125.0,9790351.0,10243110.0,8884580.0,10101528.0,9127994.0,10135905.0,10044467.0,10159387.0,10693183.0,8994063.0,9894068.0,9514364.0,11161011.0,9646896.0,10610585.0,9633343.0,9374794.0,0.0,
333,245.0954103309772,1.8162053,height,,,,,,,,,,,42786190.0,44185844.0,41396624.0,36841156.0,44434800.0,42318770.0,40791950.0,42919590.0,41563704.0,45633360.0,42113150.0,40869830.0,41784324.0,45332908.0,44439324.0,40627412.0,38663932.0,39097160.0,42931824.0,40243332.0,42175320.0,39968584.0,45079764.0,0.0,
334,505.2290396837155,1.822305,height,,,,,,,,,,,11932003.0,11277042.0,8917285.0,8926625.0,8552096.0,8342705.5,8570158.0,7915248.5,8028512.0,7748198.0,6869431.5,8211326.0,6975989.0,9716905.0,8934223.0,6418217.5,7527461.0,6831263.5,7519197.0,7918618.0,7259279.5,8271588.0,8135915.5,0.0,
335,358.14308973232943,1.8314297,height,,,,,,,,,,,2665339.2,2894986.2,2719831.2,2371104.5,2460955.5,59829680.0,56639904.0,54322040.0,65573652.0,55386184.0,54335910.0,64869476.0,59213240.0,53779400.0,47636476.0,47908324.0,49634820.0,52029468.0,43315940.0,48508244.0,51940492.0,53343284.0,50920708.0,0.0,
336,150.07746216615678,1.832933,height,,,,,,,,,,,0.0,0.0,0.0,0.0,8540709.0,0.0,0.0,0.0,0.0,0.0,0.0,0.0,0.0,0.0,0.0,0.0,0.0,0.0,0.0,0.0,0.0,0.0,0.0,0.0,
337,359.1465115515946,1.8412149,height,,,,,,,,,,,0.0,0.0,0.0,0.0,0.0,12004984.0,9745793.0,9445579.0,10735496.0,9869650.0,10343007.0,11171099.0,11630865.0,9511260.0,8859800.0,9293912.0,8290500.0,8437091.0,7689790.5,8086499.5,9195242.0,9355045.0,8320835.5,0.0,
338,496.2769328562293,1.8387172,height,,,,,,,,,,,277927460.0,290340960.0,279016700.0,254936750.0,311596700.0,277427800.0,257518500.0,263192580.0,251226060.0,293448740.0,248237300.0,285805860.0,281653220.0,315776420.0,291732800.0,289974530.0,294539500.0,311551550.0,278595900.0,257438050.0,267719020.0,258519630.0,263557310.0,0.0,
339,715.2795644998581,1.8482056,height,,,,,,,,,,,0.0,0.0,0.0,0.0,0.0,4939665.0,4094723.8,3896972.0,5669311.0,3871160.8,4118934.5,4792716.0,5135187.0,2901895.8,2998305.8,2761148.2,3145835.5,3240322.2,2528814.0,3172328.5,3307252.5,3491890.8,3311781.2,0.0,
340,853.4129710880509,1.8585938,height,,,,,,,,,,,0.0,0.0,0.0,0.0,0.0,6564868.0,5947214.5,5291259.0,6585943.0,5993113.0,5848828.5,5905495.5,6813644.5,5163369.5,5282797.0,4848151.0,5156176.0,5561041.0,4276987.0,4880047.0,4962372.5,5302696.5,5051861.0,0.0,
341,991.5463854414908,1.8619157,height,,,,,,,,,,,7854570.5,9143806.0,9651706.0,8657609.0,8910787.0,8845141.0,8463867.0,7790891.0,7959873.0,8833090.0,8212069.5,7653519.0,9636517.0,9356195.0,10013996.0,9033269.0,9223467.0,9997797.0,7026330.0,7409070.0,8048063.0,7568010.5,8552458.0,0.0,
342,234.1335506144392,1.8824664,height,,,,,,,,,,,0.0,0.0,0.0,0.0,0.0,6546112.5,6864513.0,6605165.0,8983084.0,7936322.0,8090073.5,10442408.0,7028514.5,5132735.5,5635149.0,5646581.5,5034995.5,5245285.0,5532371.0,4972324.0,6187176.0,5595691.0,5106532.5,0.0,
343,277.1183229979132,1.889412,height,,,,,,,,,,,42813492.0,42428500.0,41346748.0,37237464.0,37322824.0,36430108.0,38040750.0,32661450.0,34350490.0,39802496.0,37212852.0,39465532.0,38803784.0,38952924.0,39595640.0,39903364.0,36498092.0,38074104.0,42653028.0,35393652.0,36005536.0,35648184.0,39078696.0,0.0,
344,120.0809247774516,1.9136131,height,,,,,,,,,,,5263533.5,5268094.0,5840324.5,5132696.5,4943481.5,5097722.0,5442710.0,4989649.0,4299279.0,5643181.0,5007805.5,5314516.0,4769388.5,5433191.5,5451225.5,5244417.0,5072732.0,5176282.5,5583066.0,5092619.0,4862959.0,5350459.0,5474250.5,0.0,
345,195.11278569669128,1.9237007,height,,,,,,,,,,,3383929.5,3034790.0,3644498.8,3369390.5,3434930.2,3880005.5,4351551.5,4264683.5,3717372.8,4069926.8,4065267.5,4082545.8,4076301.2,3609334.8,3624856.8,3931715.5,3701805.8,3888362.2,4118871.2,4200997.5,3949567.2,3876085.2,3949860.2,0.0,
346,160.13322175594865,1.9261588,height,,,,,,,,,,,12877809.0,18802224.0,20450454.0,23359124.0,3894806.0,6978398.0,7711840.5,7386621.0,6511247.5,8038188.0,7729105.0,7415227.0,7539593.5,8959442.0,9483726.0,9581226.0,8927609.0,10050093.0,9949113.0,7354507.5,7333597.0,7252165.0,6775420.5,0.0,
347,135.09172382945906,1.9269763,height,,,,,,,,,,,3722667.8,3389229.2,4013700.5,3769018.0,0.0,4189791.0,4295987.0,4296339.5,3771602.8,4469410.0,3869881.0,3995070.0,3673583.8,3704985.5,3652654.8,3454171.2,3766471.8,3604412.0,3846365.2,3839368.5,3594730.8,3839478.5,3740231.8,0.0,
348,153.1022482431053,1.9255683,height,,,,,,,,,,,12506771.0,10627696.0,12207302.0,11713207.0,1908934.8,11890103.0,12842942.0,12599950.0,11056098.0,12251115.0,12175655.0,12322584.0,11173621.0,10474896.0,10986229.0,10800115.0,9650523.0,11067685.0,10710513.0,11855788.0,11006205.0,11276607.0,10756924.0,0.0,
349,240.11312372774165,1.9313271,height,,,,,,,,,,,6898694.0,5797412.0,7620421.0,7043479.0,0.0,5738500.0,6265564.5,6081196.0,4529004.5,5756408.5,5245094.5,5142241.0,5011385.0,5638068.5,5746469.5,5815947.5,5324293.5,5414509.0,5370024.0,6014495.0,5655347.0,5346187.0,5356195.5,0.0,
350,678.4189755751026,1.9315742,height,,,,,,,,,,,5587340.5,5382944.5,6406835.5,5780697.0,9622954.0,5824078.0,6868695.0,6126732.5,5625749.0,6150792.0,6093905.0,6208876.0,5819864.5,7934945.0,7238250.0,7460535.0,7289720.0,6517123.5,6974261.0,6186974.0,5773357.0,5403031.0,5753343.0,0.0,
351,747.3717525494241,1.938205,height,,,,,,,,,,,25883144.0,24530608.0,37822480.0,31103206.0,42913660.0,38221656.0,44444060.0,41022000.0,34196108.0,39281868.0,39232910.0,35830136.0,36815010.0,45506972.0,39951932.0,43529268.0,39742150.0,38475984.0,36975400.0,39852868.0,36503470.0,35110068.0,34112708.0,0.0,
352,326.17091862865414,1.9413636,height,,,,,,,,,,,14206407.0,12923929.0,14276355.0,14674397.0,16262622.0,11973812.0,13709932.0,13283994.0,10957875.0,13009109.0,12428025.0,13413814.0,12792310.0,13737092.0,13021586.0,13832093.0,13268568.0,13015143.0,12775124.0,13008018.0,12157906.0,12187243.0,10655626.0,0.0,
353,259.10782697009,1.9434669,height,,,,,,,,,,,48337228.0,49960464.0,53446496.0,53861264.0,50714284.0,48772860.0,55269028.0,56485300.0,47405932.0,52998400.0,47637220.0,58444656.0,50902212.0,55544084.0,49707036.0,50780064.0,53905720.0,47721230.0,51457816.0,49552200.0,48533604.0,54253748.0,47990748.0,0.0,
354,399.2239478888184,1.9461902,height,,,,,,,,,,,3216787.0,2836970.2,3474206.5,3312164.5,3105992.5,4009322.2,4191530.5,3780742.8,3277366.5,3831300.2,3850466.2,4229339.0,3767722.2,4020388.0,3968668.5,3934554.2,3734897.2,3757928.8,3821929.8,3885057.2,3850094.0,3803559.2,3484387.5,0.0,
355,169.09715905100092,1.9487762,height,,,,,,,,,,,3085802.5,4876819.0,5090040.0,5831547.0,0.0,0.0,0.0,0.0,0.0,3893508.2,3213090.0,4869072.5,1138279.1,2137354.8,2039063.8,2048225.2,2114192.8,2160839.5,2192473.2,0.0,0.0,0.0,0.0,0.0,
356,277.1369846090176,1.9515878,height,,,,,,,,,,,14025375.0,15199632.0,14228554.0,14975465.0,15510301.0,15040957.0,16042380.0,15919764.0,13355745.0,15342242.0,14166706.0,16899614.0,15485732.0,14789310.0,14382770.0,14671150.0,15807480.0,14928950.0,14873868.0,13867224.0,15567852.0,0.0,12811480.0,0.0,
357,276.134350268406,1.9508736,height,,,,,,,,,,,96983800.0,95820800.0,99382230.0,102920250.0,87290820.0,90273090.0,95889100.0,103372456.0,85277544.0,91092840.0,87839810.0,105648070.0,96870984.0,95190270.0,92487120.0,92528360.0,92491960.0,87623430.0,89806150.0,93040260.0,97980770.0,93347050.0,82748150.0,0.0,
358,260.11118360079075,1.9508227,height,,,,,,,,,,,7842008.5,8415726.0,8726580.0,8822901.0,8590873.0,0.0,8724839.0,9749430.0,7663802.0,8737888.0,7034194.5,9105369.0,8344171.0,8552659.0,8374839.0,7806348.0,9120500.0,8080506.0,8035269.0,7976404.0,8033205.5,8320143.0,7209024.0,0.0,
359,120.08092467460318,1.9290513,height,,,,,,,,,,,5020615.0,5397755.5,0.0,5820420.5,5365238.0,5459891.0,5908392.5,5280207.5,4504339.0,5729098.0,5190838.5,5461034.5,5321600.5,5700707.5,6187604.5,5534904.5,6183668.0,5117340.0,5969831.5,5812235.5,5861021.0,5007620.5,4776424.5,0.0,
360,627.3169362941388,1.9804412,height,,,,,,,,,,,4888194.5,5791662.0,6236218.0,5852859.5,6324642.0,4986182.5,4414723.0,4749874.5,3588068.0,4607290.0,4315742.5,4837188.5,4197086.5,5484018.5,4348365.5,5367364.0,5397717.5,4424655.0,5009955.0,4502442.0,4744401.5,4789171.5,4523478.5,0.0,
361,318.1235797774257,1.9986144,height,,,,,,,,,,,7760122.0,7838923.5,7893477.5,7072991.5,12146969.0,8779154.0,8477343.0,7821413.5,7101107.5,8938991.0,8781525.0,8266687.5,6881267.5,7369426.5,7547125.0,7307536.0,7547290.5,7369928.0,8163231.0,7716407.0,7754322.5,9692624.0,7925721.0,0.0,
362,877.4568798882035,2.0094736,height,,,,,,,,,,,2271263.5,2380266.5,2604126.5,2423717.2,0.0,3857394.2,3859896.0,3781136.0,3916404.0,4453768.0,4090301.8,3653250.5,3352588.8,3323763.2,3216874.0,3313359.5,3355840.2,3326513.2,3385182.2,3214410.5,3240346.5,3107759.0,3889453.0,0.0,
363,199.08658652528996,2.0277724,height,,,,,,,,,,,4913084.5,4536148.5,4796648.5,4171048.8,5119650.0,4676668.0,4455440.5,4614561.5,4418115.0,5073693.0,4578054.0,4051562.0,4491515.0,3411062.2,3047675.2,2976520.5,3370386.8,3731682.2,4249666.0,4081700.2,4076148.5,4484519.5,5017719.5,0.0,
364,489.2017191490644,2.033402,height,,,,,,,,,,,5671713.0,5377674.0,5470131.5,5003141.5,4641133.0,4769543.0,4492346.0,5183016.5,4436017.5,5523218.5,4764753.5,3963636.8,4896235.5,4143093.8,3825035.0,3634821.8,3983285.0,3897935.5,4208864.0,4460767.5,4073259.0,4436528.0,4956177.0,0.0,
365,374.17095594724174,2.0384378,height,,,,,,,,,,,10486546.0,10781199.0,10953952.0,10034372.0,8962110.0,9206117.0,9018729.0,10513044.0,8530374.0,11968469.0,9401677.0,8323124.0,10080400.0,7902020.5,7912349.5,7739438.5,7844736.0,7706836.0,8338528.5,9188890.0,9157202.0,9074571.0,9018436.0,0.0,
366,213.0869831256736,2.0414023,height,,,,,,,,,,,5613436.0,5504063.0,6193445.0,5389529.0,4575155.0,4748103.0,4914781.0,5088852.0,4562573.0,6140040.0,4931902.5,4640986.5,5209319.0,4237455.0,4423783.5,4413120.5,4119319.8,4387549.0,4478223.0,5049673.0,5122628.5,5094009.0,5098633.5,0.0,
367,261.0902672697884,2.0414076,height,,,,,,,,,,,71940850.0,72863304.0,76587144.0,69611870.0,54750120.0,60872880.0,60714480.0,65571536.0,55920476.0,76073630.0,61716530.0,59623964.0,64335516.0,52297710.0,52558890.0,55117470.0,49138504.0,55874748.0,59262508.0,62159304.0,63498840.0,60956080.0,60934052.0,0.0,
368,521.1737206978496,2.0452607,height,,,,,,,,,,,13311619.0,13323570.0,14350954.0,13067750.0,10573515.0,10693564.0,10565931.0,12813030.0,9639836.0,13978271.0,9890051.0,9512784.0,11449278.0,8744456.0,9747104.0,9930423.0,9094244.0,9480354.0,10373497.0,10869970.0,10387195.0,11090467.0,11220135.0,0.0,
369,262.0936496534133,2.044416,height,,,,,,,,,,,7840419.5,8142373.5,8537390.0,8048846.0,5955325.0,6488765.5,6599548.5,7760051.0,6031506.5,9012008.0,6818198.5,6283008.5,6718811.0,6032489.5,6157604.5,6167594.0,5514233.5,6102905.0,6206366.0,6860800.0,7390728.5,6840033.5,6584069.5,0.0,
370,195.07643339382605,2.0507405,height,,,,,,,,,,,20125052.0,19050974.0,20458024.0,18521948.0,14630439.0,16549547.0,19320254.0,18778082.0,15992462.0,21215656.0,16872974.0,16653530.0,18063074.0,14828198.0,15244475.0,14920589.0,13953009.0,15106056.0,15564273.0,17468438.0,17765790.0,17740316.0,17465630.0,0.0,
371,212.1029276855403,2.0555034,height,,,,,,,,,,,53233840.0,51856810.0,55735596.0,51092584.0,34927544.0,43604630.0,51128300.0,49558030.0,43888396.0,53338096.0,47869044.0,44001690.0,45495356.0,39003450.0,38063004.0,39481100.0,34696536.0,40732732.0,42683210.0,45715404.0,45828188.0,48106210.0,47524828.0,0.0,
372,226.11851005366992,2.059347,height,,,,,,,,,,,7896032.0,7529184.0,8295275.5,7796783.0,4793606.5,6582726.0,7910907.5,7536349.0,6859491.5,7940249.0,6843683.5,6553191.5,6889867.5,5808194.0,5659580.5,5647332.5,5172532.5,5757554.0,6274081.0,6702257.5,6787738.5,7254452.0,7288140.5,0.0,
373,300.1552108484532,2.06146,height,,,,,,,,,,,6581606.5,6126656.5,7060441.0,6911506.5,4735329.0,6141102.0,7579228.0,7075535.0,6408092.0,7564569.5,6283230.0,5921651.5,6384066.0,5240619.5,5206995.0,5539366.5,4891324.0,5588273.0,5584283.5,6593931.0,6195611.5,6944269.5,6522580.5,0.0,
374,966.5294303021708,2.0640254,height,,,,,,,,,,,0.0,0.0,0.0,0.0,0.0,12973007.0,15528788.0,13813972.0,13683323.0,16760303.0,13787494.0,14952421.0,12486240.0,10060290.0,10688370.0,10456138.0,9772053.0,9655402.0,9456629.0,12218547.0,11955820.0,13627526.0,13570646.0,0.0,
375,635.2380120092207,2.0666206,height,,,,,,,,,,,10169506.0,10385953.0,11316771.0,11052073.0,9532663.0,9280069.0,12282703.0,11137534.0,9416780.0,12481136.0,8920167.0,9385173.0,9573824.0,8291536.0,8991093.0,9109777.0,8331261.0,8519949.0,8904645.0,9654310.0,9836655.0,10323748.0,10886855.0,0.0,
376,221.09187722280947,2.0971775,height,,,,,,,,,,,8491482.0,9018998.0,8901274.0,8922954.0,7257408.0,7862038.5,9056628.0,7296396.5,8589046.0,7342724.5,7101983.0,7602879.0,7757273.0,6532678.5,6634492.5,7135130.5,6251875.5,6199616.5,6879805.0,7301395.5,7167224.5,8373864.0,8011273.5,0.0,
377,144.0653710094216,2.1050973,height,,,,,,,,,,,7274698.5,9886089.0,8943467.0,9955278.0,1704218.0,2086191.1,2324577.5,2146495.0,2582515.0,2593034.5,2509300.5,2830962.5,2633230.0,3190015.5,3140429.5,3033707.0,3201877.2,3012483.5,2980376.0,2284965.8,2255703.0,2484669.8,2131380.8,0.0,
378,192.1593217135373,2.1224496,height,,,,,,,,,,,7064590.5,8842795.0,0.0,0.0,0.0,7661425.0,9133422.0,0.0,0.0,7650524.5,8377635.0,0.0,0.0,3131502.5,3474517.8,3305319.8,3712506.5,3684631.5,3239122.0,8196733.5,8031305.5,0.0,0.0,0.0,
379,344.181302909667,2.1323855,height,,,,,,,,,,,6434666.0,6823487.0,7235512.0,7037120.0,7582338.0,6151080.5,5694502.0,6248876.5,6813297.0,5896351.5,6496177.5,6065968.5,5930284.5,6130913.5,5845549.0,5784943.0,6137663.0,6569020.0,5864125.5,7443336.0,5570967.0,5779696.0,5988026.5,0.0,
380,310.21215797355154,2.1424613,height,,,,,,,,,,,6089750.0,6521654.0,6763500.5,6812634.0,6423817.5,6070340.5,6509868.5,6068836.5,7096845.0,5936715.0,6370909.5,5934353.5,6101862.5,5078929.5,4742269.0,4705077.5,5172905.0,5537651.5,4898076.0,7028121.5,5355988.5,6087402.0,5968919.5,0.0,
381,140.03398907181344,2.1460047,height,,,,,,,,,,,4839156.5,4841237.0,5666686.5,4280136.5,1215293.8,3469259.2,3046831.5,3386974.5,3719556.5,3257709.0,3821432.2,4188867.0,3177742.2,2927064.5,2707259.5,2828598.2,3275592.0,3084556.0,2819242.2,2955633.5,2626839.5,2097778.2,3073574.0,0.0,
382,219.07965462871985,2.1505451,height,,,,,,,,,,,14892421.0,14465164.0,17152872.0,13602221.0,18900554.0,15361789.0,14687575.0,13816802.0,14497277.0,14368363.0,15448772.0,15387078.0,14847584.0,13961780.0,12870443.0,13209313.0,13928880.0,13665803.0,13478720.0,14772159.0,14116125.0,15301463.0,13034455.0,0.0,
383,155.08136038789036,2.1521807,height,,,,,,,,,,,11633393.0,10984597.0,12746458.0,10470958.0,13811732.0,11278306.0,11497318.0,11638719.0,10993957.0,10613124.0,11632567.0,11056455.0,11082481.0,10377948.0,9233210.0,9560231.0,10130198.0,10172118.0,11607987.0,12742914.0,11223835.0,10327192.0,10952158.0,0.0,
384,680.3976045712359,2.153655,height,,,,,,,,,,,4847062.0,4436559.0,4453329.0,4030815.5,4781158.0,13174740.0,12912840.0,14601977.0,13598606.0,13585958.0,14417781.0,11950917.0,13742802.0,13099378.0,13277722.0,13597937.0,13914992.0,14082735.0,14271870.0,16284989.0,13006020.0,12777398.0,12241245.0,0.0,
385,252.10862278321176,2.1587934,height,,,,,,,,,,,0.0,1269494.1,1236393.6,1592401.6,6401535.0,0.0,0.0,0.0,0.0,0.0,0.0,0.0,0.0,0.0,0.0,0.0,0.0,0.0,0.0,0.0,0.0,0.0,0.0,0.0,
386,637.3554795638781,2.156434,height,,,,,,,,,,,2426191.0,2235725.5,2814989.5,2301555.8,1913505.8,34244420.0,32505760.0,34837580.0,32010678.0,35335144.0,34936996.0,28734790.0,33045332.0,33258546.0,32812342.0,33456506.0,33842596.0,32714052.0,35535564.0,38181720.0,31920282.0,31902722.0,30161028.0,0.0,
387,793.4086383639547,2.161296,height,,,,,,,,,,,68439030.0,63714170.0,65156068.0,59464316.0,79169140.0,58962200.0,55147850.0,53026864.0,50515764.0,52349350.0,57708400.0,47090012.0,57530230.0,48757320.0,46677744.0,49751036.0,53938516.0,47108504.0,54501616.0,56102896.0,49572828.0,47188990.0,47928810.0,0.0,
388,351.20230019264903,2.164797,height,,,,,,,,,,,9680372.0,9478178.0,10014461.0,7901548.0,10790448.0,8546274.0,8601381.0,8361576.5,8091871.0,8701091.0,8170688.0,7469345.5,8243214.5,8162018.0,7730934.5,7742046.0,8767298.0,7737651.5,9118324.0,9384259.0,9057331.0,9055496.0,8544482.0,0.0,
389,379.1972413980839,2.1655424,height,,,,,,,,,,,10839682.0,10388784.0,11440232.0,9099534.0,12051248.0,9622161.0,9476359.0,9482148.0,9093245.0,9365661.0,9225758.0,8354764.0,9474501.0,9004384.0,8960687.0,8613228.0,9409808.0,8713186.0,10074527.0,9895414.0,9530947.0,9810661.0,9106734.0,0.0,
390,229.1544008239036,2.1672964,height,,,,,,,,,,,5489797.0,5106914.5,5643036.5,4493823.0,5972632.5,4824887.5,4850288.0,4513569.0,4565681.5,5027242.5,4757998.0,4692308.5,4788541.0,4519587.0,4491537.0,4577824.0,4805796.5,4438019.0,5344605.5,5006449.0,5287634.5,5010134.5,4868280.0,0.0,
391,815.3905164331873,2.1672482,height,,,,,,,,,,,13965995.0,12728898.0,10935588.0,11018501.0,9293369.0,9024833.0,8145486.0,8998488.0,8398154.0,8925063.0,8597975.0,7059188.5,9454344.0,7068497.0,7501188.0,7869219.0,8007470.0,7817008.0,8489170.0,9651275.0,8624422.0,8326367.5,8168019.5,0.0,
392,344.144829280482,2.168985,height,,,,,,,,,,,0.0,0.0,1498600.2,1636503.2,0.0,7242457.0,5086910.5,3294752.5,5980392.0,2457562.2,2298717.8,2737635.2,3642171.2,1673040.0,0.0,1526179.6,1724020.0,0.0,1522677.5,6456323.5,4336335.5,6393046.0,4529009.0,0.0,
393,399.2122946957233,2.168449,height,,,,,,,,,,,12272094.0,11504079.0,12499508.0,10111676.0,12840046.0,10621850.0,10593114.0,10212685.0,9688113.0,11121382.0,10405772.0,9828183.0,10294119.0,10735053.0,9861361.0,9925822.0,9831987.0,9710756.0,11267912.0,11117313.0,10565997.0,11010499.0,10101762.0,0.0,
394,397.2080546929287,2.1692908,height,,,,,,,,,,,421972740.0,411309630.0,438303600.0,353361380.0,450788960.0,375526140.0,379346270.0,361614400.0,348253470.0,395284380.0,371459940.0,346768860.0,366964580.0,364428640.0,360258750.0,349947330.0,347861060.0,338353630.0,382496670.0,388374600.0,368572350.0,385457300.0,352065700.0,0.0,
395,754.343721296298,2.1789925,height,,,,,,,,,,,9740851.0,9122130.0,7432836.0,7299996.0,8055629.5,8483378.0,7971948.0,7248034.0,7676252.0,7746945.5,8152105.0,7241815.0,8173522.0,7223171.5,7627310.0,7231234.0,6744596.5,6585914.0,6600131.0,7116917.5,7845771.0,7524509.5,7484847.5,0.0,
396,398.2098920573124,2.1744344,height,,,,,,,,,,,103823830.0,89564850.0,0.0,83212376.0,96372090.0,89684664.0,82384050.0,80682540.0,79738530.0,82471900.0,91207310.0,74505660.0,77881864.0,76983100.0,75482600.0,78428070.0,80266470.0,75529070.0,90415816.0,92326376.0,78008820.0,89812490.0,73093540.0,0.0,
397,535.2509855187188,2.1950397,height,,,,,,,,,,,22033336.0,28530376.0,10157153.0,26081494.0,0.0,22740770.0,37653484.0,41210056.0,35203016.0,54670136.0,17794730.0,20657118.0,35694840.0,54946052.0,55465990.0,54709092.0,53439870.0,53167228.0,58665308.0,58137036.0,41532544.0,38529076.0,33133066.0,0.0,
398,865.4486542529594,2.2030165,height,,,,,,,,,,,1661331.6,0.0,0.0,0.0,0.0,18236388.0,19989686.0,23676922.0,21183256.0,20395116.0,21105920.0,18270192.0,23711862.0,19277040.0,18864270.0,18324422.0,17511688.0,19009010.0,18534350.0,23681972.0,19506864.0,21753032.0,16965354.0,0.0,
399,358.1428098693101,2.2067623,height,,,,,,,,,,,24652448.0,23725642.0,24542482.0,23159640.0,21396810.0,25004820.0,27372658.0,24506772.0,23547696.0,20612376.0,22500482.0,25961818.0,27325682.0,22046982.0,20972228.0,20071296.0,20295178.0,22147844.0,21513696.0,24774416.0,22207408.0,24043868.0,26411400.0,0.0,
400,204.1229454794296,2.2083075,height,,,,,,,,,,,0.0,0.0,0.0,0.0,11208168.0,0.0,0.0,0.0,0.0,0.0,0.0,0.0,0.0,0.0,0.0,0.0,0.0,0.0,0.0,0.0,0.0,0.0,0.0,0.0,
401,819.460361339497,2.2091732,height,,,,,,,,,,,2876849.0,3146988.2,3016824.0,2883406.0,2724676.8,9799667.0,10838207.0,13050370.0,11576295.0,11216970.0,11209288.0,10573394.0,12246451.0,10345081.0,10104431.0,10376235.0,9612900.0,10197351.0,9906450.0,12134470.0,10269751.0,10601248.0,9530389.0,0.0,
402,419.1898136554517,2.215303,height,,,,,,,,,,,18508836.0,17935850.0,20850590.0,18672274.0,11618892.0,15020947.0,15595274.0,15784098.0,13406814.0,10594411.0,13614033.0,15412606.0,17301236.0,8531926.0,7942898.5,9290742.0,8973911.0,8988088.0,9374391.0,12334653.0,11440464.0,12485705.0,16028099.0,0.0,
403,496.1858459238716,2.215581,height,,,,,,,,,,,2893846.2,3334813.8,1494473.9,3093070.2,0.0,2971963.2,4992035.5,6246817.5,4844129.0,6087455.0,2434840.5,2753173.2,4467285.0,6496172.5,5722689.5,6175287.0,6155565.5,5749711.0,6126726.5,6667067.5,5177427.5,4524903.0,4119304.8,0.0,
404,272.16024384261243,2.2194016,height,,,,,,,,,,,8597708.0,8382368.0,9654401.0,8094586.5,10877388.0,7649117.5,7316775.0,7163613.5,6234851.0,5076455.0,7203098.0,7966688.0,7429489.0,4671588.5,4538658.0,4689345.0,4215837.0,4615228.5,4485396.0,5404589.0,5357378.5,6903713.5,7470516.5,0.0,
405,441.3069777786598,2.214463,height,,,,,,,,,,,6007470.5,6357472.5,6771522.0,6052101.5,5937084.0,5706366.0,6222167.0,6659695.0,6115951.0,6151720.0,6414846.0,5581342.0,6743384.0,5560003.0,5009071.5,5568766.0,5236064.0,4738384.0,5140614.0,5669851.5,4992234.5,6289620.0,6110468.0,0.0,
406,528.2485310505109,2.2185123,height,,,,,,,,,,,13601167.0,13147404.0,13954364.0,13871592.0,11489979.0,11543814.0,13416514.0,15068388.0,13198833.0,12118209.0,11022412.0,11341462.0,14370427.0,12151731.0,11901269.0,13272030.0,11481814.0,12558379.0,12301531.0,13304053.0,11132642.0,12489500.0,12112897.0,0.0,
407,121.0397274920378,2.2206886,height,,,,,,,,,,,12812988.0,15210353.0,5239465.0,12775586.0,0.0,12955681.0,24632630.0,30714078.0,24621488.0,38683704.0,11123292.0,11741422.0,18632178.0,39977004.0,34684136.0,38791560.0,38178550.0,37374868.0,38323188.0,37099870.0,29074358.0,24376816.0,19811460.0,0.0,
408,139.0501479236011,2.2206938,height,,,,,,,,,,,161224780.0,196680340.0,64535724.0,179816530.0,0.0,176289360.0,308565150.0,368934620.0,307427700.0,453085470.0,149919660.0,148809740.0,237364820.0,482755230.0,452690560.0,483803870.0,493317980.0,461239600.0,455855970.0,468843460.0,360399140.0,321439740.0,235367860.0,0.0,
409,279.13372898928577,2.223267,height,,,,,,,,,,,16046771.0,15718147.0,19145588.0,18111250.0,0.0,8282981.0,8898134.0,10680887.0,9153943.0,8545065.0,8816827.0,8549450.0,8883529.0,8572240.0,8094309.5,9337109.0,8618290.0,8038233.5,8813947.0,8863420.0,7953699.5,8752314.0,9109329.0,0.0,
410,455.3225694984192,2.2295718,height,,,,,,,,,,,0.0,0.0,1383672.0,0.0,6385708.0,9321710.0,9198266.0,9878945.0,11109147.0,7257175.0,8147229.5,7962754.0,9119500.0,5384493.0,4968047.0,6265816.0,5180728.5,5303219.0,5341212.0,6636443.0,5725088.0,7201447.5,7410946.0,0.0,
411,198.1025092183506,2.236851,height,,,,,,,,,,,0.0,0.0,0.0,0.0,7639362.5,0.0,0.0,0.0,0.0,0.0,0.0,0.0,0.0,0.0,0.0,0.0,0.0,0.0,0.0,0.0,0.0,0.0,0.0,0.0,
412,174.12366786945364,2.246065,height,,,,,,,,,,,6787541.5,10572905.0,12349855.0,12381569.0,0.0,2389629.8,2447003.5,2720857.8,2853457.0,4335469.0,4268829.0,4168074.0,3195985.0,4398093.5,4389762.0,4513986.0,4061345.0,4513374.5,4176661.5,2235230.2,2195212.2,2467281.5,2560408.0,0.0,
413,221.09197689668144,2.2492466,height,,,,,,,,,,,26205586.0,24163204.0,26269426.0,27361928.0,16713711.0,19943526.0,19831328.0,19991150.0,19360682.0,18008956.0,19932342.0,17217704.0,18982300.0,14246742.0,13794363.0,14396894.0,13770031.0,14163683.0,14267936.0,16042783.0,16111118.0,19289934.0,19007062.0,0.0,
414,667.3657825490068,2.259495,height,,,,,,,,,,,4147429.5,4411673.0,4522784.5,5014492.0,4104067.8,4028814.2,4113848.0,5181478.0,4367690.5,4268747.0,4178502.8,3991351.8,3981168.0,4652167.0,4297125.5,4666345.0,3746799.2,4129985.0,3845483.8,4019444.0,4004562.8,3815403.8,4034170.0,0.0,
415,696.3559307943493,2.2607741,height,,,,,,,,,,,5913670.0,5936185.5,6454810.5,6318746.0,5991023.0,5830288.0,5786344.0,6505223.5,5102741.0,5415675.5,5494683.5,5105823.0,5088853.5,5184610.5,4953975.0,5255157.5,4625871.5,4650650.5,4916294.5,5028144.0,5403296.5,5060073.0,5485691.5,0.0,
416,130.04995014769574,2.2632835,height,,,,,,,,,,,194893570.0,176169780.0,199336020.0,200854960.0,215360700.0,182339070.0,168029150.0,184246020.0,157188960.0,165623870.0,183734530.0,178405170.0,182274320.0,145359620.0,165717630.0,134501330.0,152382990.0,145133800.0,133146296.0,133258200.0,150788720.0,177757390.0,190834380.0,0.0,
417,664.404430425607,2.2636526,height,,,,,,,,,,,4894899.0,4634744.5,4971859.0,5098665.0,4043922.2,4800645.5,4974371.0,5143241.5,4423005.5,4331121.0,4506166.5,4417795.5,4167289.0,4547248.0,4607386.0,4854581.0,4041260.5,4022911.2,3937309.2,4309122.5,4487864.0,4111547.8,4789917.0,0.0,
418,498.29259999035673,2.2726374,height,,,,,,,,,,,4397605.5,4407736.0,4666719.5,5133791.5,4705095.0,4452306.5,4579764.5,5120827.0,4834863.0,4870022.0,4955515.5,4777680.0,4618789.0,4287601.5,5001896.5,4973311.0,4196877.0,4471823.0,3804350.5,3965738.8,4681243.0,4210105.0,4573751.0,0.0,
419,867.533256483989,2.28145,height,,,,,,,,,,,7216296.0,5604509.0,3466830.0,5034589.0,0.0,2996381.2,3296439.8,4097591.0,3294922.8,3379988.5,3528505.2,3412335.8,3009190.2,3982908.5,4699966.5,4731671.5,3565236.2,4319828.5,3871700.5,3581632.8,3559476.5,3068230.0,3277222.2,0.0,
420,300.1552801677895,2.284966,height,,,,,,,,,,,49288496.0,46987320.0,52368840.0,62149910.0,55482640.0,49313810.0,52137764.0,55036560.0,55925252.0,52668556.0,62323944.0,59833972.0,53817856.0,45497890.0,53292460.0,55540260.0,49839144.0,50727676.0,46328628.0,48739870.0,48516144.0,52235908.0,56863316.0,0.0,
421,599.303874996066,2.2879376,height,,,,,,,,,,,4780714.5,4538372.0,4723171.5,5488527.5,5381278.5,4478249.0,4200060.0,4573496.0,4769012.5,4144132.5,5112365.0,5088263.5,3964691.2,3624296.0,4612325.5,4417160.0,3808242.8,4385629.0,3679889.2,4235844.5,4463206.5,4191473.5,4651891.0,0.0,
422,320.1238071370522,2.2939703,height,,,,,,,,,,,5205569.0,4269363.5,4463936.5,5225582.0,2930428.2,3243266.8,3367784.0,4070321.5,3657635.2,3419879.8,3730671.8,3639134.2,3237181.0,3235449.8,3835591.2,3984794.0,3366745.2,3677751.5,3427722.8,3633477.8,3509291.5,3255599.5,4063465.5,0.0,
423,538.360274255743,2.2979667,height,,,,,,,,,,,2914445.2,2936354.8,2899633.8,3576522.5,2800185.5,5080253.0,4576422.5,5831734.0,5999410.0,4444725.0,4866033.0,5156396.5,4695238.5,3976707.2,4387794.0,4567487.0,3729494.5,4706439.0,3754545.5,4625691.0,4212259.5,4512375.5,5173706.0,0.0,
424,558.3288203734627,2.2988381,height,,,,,,,,,,,2965244.8,2509010.8,2439286.5,2724283.2,1949718.1,6718000.5,6203550.5,7651180.0,8142515.0,6078255.5,6909644.0,7141457.0,6026300.0,5111252.5,5781824.0,5881081.0,4782926.5,5662629.5,4780621.5,6046866.5,5699024.0,6037115.0,6204531.0,0.0,
425,318.12341460321574,2.3005555,height,,,,,,,,,,,3880511.8,3510027.0,4167333.5,4215256.5,4917468.0,3833742.5,3804659.5,4819663.5,4117682.0,4019626.0,4110375.8,3842260.5,3445346.8,4018091.2,3760722.2,3758075.8,3415877.8,3539542.2,3396593.8,3585269.8,3678592.0,3805303.5,4091501.2,0.0,
426,286.1759461901196,2.3069494,height,,,,,,,,,,,4829273.5,4499031.5,5425413.5,5770465.0,5564837.0,4641053.0,4159571.0,5977941.5,5061023.5,4253414.5,5340919.5,5001843.0,4537198.0,3491576.5,3873534.2,4195944.5,3787730.5,4126945.8,3617836.0,4410797.0,4413234.0,4229966.0,5406471.5,0.0,
427,489.3072135776652,2.3082316,height,,,,,,,,,,,6295259.5,6667103.0,6028772.5,6170547.0,6422298.5,8728522.0,8020168.0,10479885.0,10572937.0,8235429.5,9286422.0,9717279.0,7982074.5,6953111.0,7611977.5,7733125.5,7186699.0,8023387.0,6682434.5,8020232.5,7761043.0,7700920.0,9447824.0,0.0,
428,409.2444468862944,2.3130753,height,,,,,,,,,,,53057360.0,50687330.0,58718540.0,58168016.0,49226164.0,54085596.0,43077776.0,69504456.0,54009572.0,50595100.0,55539200.0,53106188.0,51056410.0,46024990.0,52001250.0,46006350.0,49993730.0,50517196.0,46318670.0,51493190.0,50675980.0,47629090.0,58441816.0,0.0,
429,439.2915576773784,2.3253891,height,,,,,,,,,,,14652460.0,24689158.0,17087574.0,25199398.0,8299655.5,13569934.0,11744291.0,17029734.0,12862373.0,14743711.0,13727777.0,13227331.0,12998699.0,15244648.0,16447348.0,13943320.0,15277444.0,15716408.0,14037792.0,16208851.0,13193461.0,13144301.0,14184429.0,0.0,
430,570.2772003627933,2.3411398,height,,,,,,,,,,,7640876.0,9171020.0,8220216.5,7527717.0,8017764.5,7297402.5,7516904.5,8930285.0,7348451.5,7332984.5,7873929.0,6860733.5,7224648.0,8036180.5,8318098.5,7369822.0,8235948.0,8416441.0,7819324.5,7628379.0,6716629.5,7191092.5,7988342.0,0.0,
431,302.1134131979161,2.3557045,height,,,,,,,,,,,4382586.0,5066451.0,5013172.5,4708800.0,4457161.0,4488039.0,4497676.0,4760035.0,4357628.0,4960121.5,5006258.0,4768436.0,4298618.0,4771136.0,4642937.0,4192312.8,5619175.0,4639701.5,4482665.0,5043831.0,4526989.5,4600990.5,4418364.5,0.0,
432,734.4083423881083,2.3590102,height,,,,,,,,,,,4666772.5,3516386.2,2155248.5,2645441.0,0.0,1938451.0,1941074.6,2274057.0,2075075.5,2125689.8,1977349.4,2064381.9,1907881.9,2994472.8,2669881.8,2677820.5,2643937.2,2743340.2,2552578.2,2594037.0,2349462.2,2185104.2,2106298.5,0.0,
433,272.16043884674826,2.360797,height,,,,,,,,,,,10507096.0,12686621.0,12352515.0,12819852.0,13461655.0,10729192.0,11194558.0,11571711.0,10279046.0,12118453.0,11281184.0,11855179.0,10104405.0,9822270.0,10478753.0,8829497.0,11252392.0,10111054.0,9841249.0,11265028.0,11874728.0,11656134.0,11123828.0,0.0,
434,221.0591054816135,2.361956,height,,,,,,,,,,,3971977.8,4661559.0,4588389.0,4581337.0,4187030.5,4278828.0,4170316.8,4297011.0,3968906.8,4179287.5,4304802.5,4224637.5,4161262.5,3929565.2,4272190.5,3823750.5,4742305.5,4227462.0,4642508.5,4226438.0,4494780.0,4256508.0,4338880.5,0.0,
435,468.2458057773692,2.3648086,height,,,,,,,,,,,6873532.5,9248617.0,8571509.0,9498925.0,8652999.0,8848196.0,9274702.0,10252233.0,9793115.0,10634841.0,9884428.0,10353924.0,8626428.0,10094224.0,9615783.0,9680482.0,10350925.0,9442880.0,9138711.0,10325933.0,10821296.0,9522573.0,9900770.0,0.0,
436,230.1022719384254,2.3676815,height,,,,,,,,,,,6389429.0,7621386.0,7288884.0,7000327.0,7334344.0,6164358.0,5840000.0,6658213.5,6926472.5,6329874.5,6404179.5,7188788.0,6064743.5,5781254.0,5883197.0,5792217.5,6909945.5,6489072.5,6799402.0,5787156.0,7108641.5,6242405.5,7040321.5,0.0,
437,162.07607646306448,2.3794389,height,,,,,,,,,,,6223604.0,7362041.0,6793343.0,7048817.5,6995421.5,6606023.5,6542603.5,6709789.0,7472587.0,7116364.0,7493905.5,6997556.5,5660261.0,6712052.5,6648347.5,6129412.0,7576454.5,6104712.5,6147793.5,6772333.5,7566749.5,7112838.0,7045856.5,0.0,
438,144.06551572734577,2.3794875,height,,,,,,,,,,,16156917.0,19433806.0,17309226.0,17361022.0,16594114.0,15367128.0,15568585.0,16500786.0,17522490.0,16741144.0,18633012.0,16307759.0,13551430.0,15470953.0,16346654.0,15915881.0,18374744.0,15106192.0,15037673.0,16141182.0,18509212.0,17149520.0,16803856.0,0.0,
439,540.3762526007744,2.380317,height,,,,,,,,,,,1351688.6,1330072.4,2178198.8,1516597.0,3999494.5,5498192.0,4428336.5,5238181.5,5817435.5,5747055.0,5546273.0,5549715.5,4445273.0,5167302.5,4192516.8,5048469.0,4497516.0,4454089.0,4007318.2,4325564.5,5775842.0,4403891.0,4668930.0,0.0,
440,358.26995873180016,2.3852115,height,,,,,,,,,,,1202213.2,0.0,1701924.2,1167990.6,10006957.0,9644777.0,7615884.0,9367893.0,10657976.0,9501201.0,9860042.0,9804072.0,8053723.0,8472801.0,7039022.0,7453399.5,7144107.0,6956760.5,6484484.0,7469219.5,9927633.0,8012867.0,8717336.0,0.0,
441,169.09715294465542,2.3861568,height,,,,,,,,,,,3750090.5,4993413.5,4007997.5,4474908.5,3935976.5,4293300.0,3640933.5,4520831.0,4690223.5,4772664.5,4447857.5,4530043.0,3830848.8,4128521.8,3732946.0,3872040.0,4161195.8,4082793.2,3903410.8,3918418.0,4929210.0,4309587.0,4518403.5,0.0,
442,441.30736200274623,2.399313,height,,,,,,,,,,,1749661.1,1907792.9,2993966.0,0.0,16326441.0,14689704.0,10047190.0,11810965.0,14716044.0,12612461.0,12520625.0,13076481.0,10898051.0,10094811.0,8859762.0,9327026.0,8816588.0,8867197.0,8523233.0,8937515.0,12351899.0,9655142.0,11728581.0,0.0,
443,301.12957503724044,2.3918967,height,,,,,,,,,,,3267992.5,4203431.0,3340636.5,3801771.8,3844358.2,4048775.2,3053583.8,3781379.5,3638931.8,3996095.0,3570326.8,3587255.8,3236754.0,3978674.0,3619201.5,3736897.0,3767421.8,3818971.5,3689086.2,3635717.2,4346566.5,3683969.0,3660082.0,0.0,
444,342.2386852457494,2.3943412,height,,,,,,,,,,,18712106.0,22948072.0,18170462.0,22467366.0,15096802.0,19868414.0,15378638.0,18854668.0,18458936.0,21145860.0,18270900.0,17758984.0,15687311.0,22590044.0,19619180.0,21165778.0,19011886.0,21184824.0,20185062.0,19145608.0,23984796.0,17979434.0,19204002.0,0.0,
445,332.1273461904352,2.3955631,height,,,,,,,,,,,23474334.0,23672222.0,19718110.0,23808088.0,2487155.2,52545160.0,39858370.0,48807260.0,47095996.0,49702390.0,48092870.0,44445464.0,41979836.0,52248116.0,46340624.0,49027580.0,44611132.0,49287956.0,48483840.0,46093850.0,57801284.0,45672292.0,49884748.0,0.0,
446,150.05833416243834,2.3959439,height,,,,,,,,,,,2572620.5,2680559.0,2066993.8,2590526.8,0.0,5574683.5,3959762.2,4963432.0,4960942.5,5158805.5,4901446.5,4433237.5,4272535.0,5300530.0,4817725.0,4762433.0,4777521.0,4808867.0,4783559.5,4654545.0,5983447.5,4997984.5,5122263.5,0.0,
447,211.14416923006632,2.4045146,height,,,,,,,,,,,3857915.2,3736481.5,3637193.2,3398514.5,4538536.5,3824107.0,3218544.2,3808108.8,3658326.8,3891564.2,3759805.2,3717924.5,3197491.5,5008884.0,4649544.0,4822953.0,4991803.5,4748948.0,4940978.5,3434527.8,4087418.8,3466870.0,3787507.5,0.0,
448,159.07644276073174,2.413056,height,,,,,,,,,,,7188485.5,7174961.0,7398279.5,7445384.0,7893065.0,7273788.5,5847047.0,6336419.5,6674061.5,5845170.5,6640469.0,6220744.5,6322564.0,5724037.0,5947665.0,5211975.0,5348928.5,5640713.0,5774997.0,6873444.0,7726230.5,6486948.5,7406004.5,0.0,
449,552.3759836508124,2.4183652,height,,,,,,,,,,,108769800.0,101936984.0,73550760.0,82818260.0,16894354.0,95582280.0,76445200.0,84328936.0,85101320.0,87982410.0,81166020.0,79199224.0,67624380.0,107017180.0,85730216.0,100416904.0,92746510.0,94937390.0,93902930.0,83129960.0,107532850.0,87985140.0,87481864.0,0.0,
450,473.2762095185577,2.426658,height,,,,,,,,,,,166039250.0,137471220.0,148968960.0,144134610.0,155575680.0,196127970.0,135191790.0,165874910.0,177378100.0,163550960.0,170243540.0,137162060.0,129761010.0,157917980.0,162257090.0,166448270.0,165533900.0,159802060.0,161946910.0,138665890.0,169856480.0,161531900.0,171889010.0,0.0,
451,146.1175347190546,2.436308,height,,,,,,,,,,,8932844.0,8127613.0,7674092.0,7436512.0,9605921.0,7910914.0,6784793.0,7460399.0,6969971.0,6496332.0,6196556.0,5348093.5,6127145.0,6213168.5,6647219.5,7352607.0,6900082.0,7177327.5,7159322.0,6332208.0,7357441.0,6810957.5,8208040.5,0.0,
452,568.2979860567402,2.4376214,height,,,,,,,,,,,78713944.0,52151970.0,37074596.0,47097104.0,7170145.0,71026970.0,54443080.0,60094444.0,76929060.0,63846188.0,60340836.0,56375816.0,51666624.0,57104692.0,63200348.0,67503340.0,67643920.0,59712190.0,60585070.0,56510216.0,59144772.0,57639596.0,55781336.0,0.0,
453,365.1819822216029,2.4499154,height,,,,,,,,,,,14121470.0,14699022.0,15685501.0,12657143.0,10511728.0,11358953.0,11137816.0,10435852.0,10656819.0,12358566.0,10684262.0,11078227.0,10446733.0,11498400.0,10732793.0,13439182.0,12290299.0,11060068.0,11390683.0,9110484.0,11072371.0,10234512.0,10697872.0,0.0,
454,137.04580862432897,2.456966,height,,,,,,,,,,,4815416.0,3779664.5,4488149.5,3342404.5,0.0,1452704.2,1651831.5,0.0,1450799.1,1137514.2,1726456.8,1561221.5,1627742.1,2106302.0,2099144.8,2196823.5,2159111.2,2083943.9,1976119.4,1385752.2,1550524.8,1810860.2,1748567.0,0.0,
455,899.4875994964843,2.4621127,height,,,,,,,,,,,1866953.2,2146481.5,2605334.5,1938272.8,3702781.2,6304019.0,7989307.5,6320682.5,8074160.5,8102866.0,7133769.0,8553021.0,7485372.0,7220908.5,7346513.0,8065123.5,7031349.5,6770883.5,7156431.5,6541569.0,7129879.0,6812398.5,8016432.0,0.0,
456,371.1925397511313,2.4656475,height,,,,,,,,,,,3942572.2,4534954.0,4776215.0,3845818.2,3506220.0,5635387.0,6224913.0,5203992.5,5991310.5,5923636.5,5228981.0,5554957.0,5525612.0,6676026.5,5522806.5,7206395.5,6347786.5,5834766.5,5832573.0,5044381.5,6247080.5,6549557.0,6200083.0,0.0,
457,673.3198451493046,2.466135,height,,,,,,,,,,,4874840.5,5307968.0,5634969.0,4811261.0,5131076.5,3641649.5,4528001.5,3736837.0,4552462.0,4270402.5,3781860.0,4760781.0,4082624.2,5055197.0,4693560.5,5680735.0,4959470.0,4573559.0,4537597.5,4187396.8,4428937.0,4274563.5,4344627.0,0.0,
458,532.2628703332374,2.474145,height,,,,,,,,,,,0.0,0.0,0.0,0.0,4294365.5,0.0,0.0,0.0,0.0,0.0,0.0,0.0,0.0,0.0,0.0,0.0,0.0,0.0,0.0,0.0,0.0,0.0,0.0,0.0,
459,227.10261465784123,2.4805992,height,,,,,,,,,,,25630440.0,27949028.0,27632860.0,25139104.0,19215640.0,22436164.0,22502682.0,21886018.0,22020862.0,21809928.0,21690278.0,20288872.0,20427256.0,22696036.0,21332400.0,23021750.0,22082652.0,23143266.0,21146192.0,21566106.0,22695510.0,24224746.0,22159336.0,0.0,
460,449.2007058424443,2.4808416,height,,,,,,,,,,,2257414.0,2500420.8,2514040.5,2324220.2,0.0,4324527.5,5060941.5,5068513.5,5732591.5,5188161.0,5164743.0,4933066.5,4846899.5,5304878.0,4665453.0,5224684.0,4430576.5,4482199.5,4955944.5,4601576.0,5245248.0,5356569.0,5076512.0,0.0,
461,429.2229080607352,2.4856722,height,,,,,,,,,,,1768605.4,2016500.0,1870737.9,1960632.5,1515745.2,6068760.0,6997545.5,6937795.0,8576275.0,7218937.0,6956318.5,6692245.5,6949880.0,7321471.0,6315952.0,7264605.5,5872550.0,6043484.0,6129183.0,6822595.5,7560009.5,8488268.0,7133088.0,0.0,
462,427.2190492196874,2.4869392,height,,,,,,,,,,,67209610.0,76084350.0,75020430.0,69324056.0,49517876.0,188817180.0,222161420.0,215470460.0,262543760.0,221351740.0,229421620.0,209137440.0,219285360.0,234848060.0,197365010.0,224520000.0,182478100.0,188164880.0,193130720.0,213892750.0,228358000.0,256955840.0,229721840.0,0.0,
463,978.587465833122,2.4876409,height,,,,,,,,,,,2778674.0,2814896.5,1688690.4,2425608.2,0.0,5722765.0,5843582.5,5347223.5,6831283.0,6230859.0,6124523.0,6314018.0,6350058.5,6948830.5,7581482.5,7206440.0,5409043.5,5722497.5,6233564.5,7188479.0,5332591.0,7355960.5,5860384.5,0.0,
464,356.18157445440704,2.4885714,height,,,,,,,,,,,3397080.0,3689319.2,3905397.2,3400233.0,2366171.0,2306060.0,2716415.5,2726729.2,2769859.5,2499265.0,2685245.0,2264899.2,2474116.0,3099023.8,2637325.8,2935248.0,2566094.5,2539836.0,2565533.8,2564604.2,2829093.5,3079384.8,2840754.0,0.0,
465,853.4305912992454,2.4887295,height,,,,,,,,,,,1625876.9,1822682.2,1747320.2,1691894.8,999195.2,16861682.0,16720382.0,16258114.0,22577378.0,19408510.0,19877968.0,19634150.0,19757472.0,16943306.0,15533696.0,17294292.0,12946936.0,14269046.0,14774033.0,18530402.0,16310483.0,19741156.0,18294272.0,0.0,
466,215.1390720052812,2.490745,height,,,,,,,,,,,2456466.5,2740356.2,2807916.8,2565314.5,1927240.5,7282975.0,8178863.0,7854247.0,9428816.0,8106103.5,8914808.0,7735310.0,8490824.0,9047543.0,7193014.0,8403437.0,6795648.0,7025770.0,7452063.5,8452201.0,8603193.0,9330428.0,8581242.0,0.0,
467,562.2735231557566,2.495022,height,,,,,,,,,,,0.0,0.0,0.0,0.0,16102410.0,0.0,0.0,0.0,0.0,0.0,0.0,0.0,0.0,0.0,0.0,0.0,0.0,0.0,0.0,0.0,0.0,0.0,0.0,0.0,
468,653.3147098896216,2.495636,height,,,,,,,,,,,1839002.1,1787022.8,1747493.6,1620871.4,0.0,3830918.2,4299454.5,4015585.0,4978812.5,4167172.5,4235696.0,4050641.2,4187245.2,4268646.0,3645688.0,4160733.2,3297560.0,3569149.5,3592821.8,4402774.5,3858067.8,4358318.0,4640218.5,0.0,
469,428.2218376288117,2.4864213,height,,,,,,,,,,,15610415.0,16787884.0,17466596.0,15007298.0,10700369.0,50442376.0,53820370.0,54054960.0,58968810.0,0.0,52448940.0,51044940.0,53103020.0,59826324.0,46642264.0,52761628.0,41068136.0,49006764.0,48313710.0,52016250.0,57263510.0,59875280.0,58348670.0,0.0,
470,255.17028358836595,2.5018728,height,,,,,,,,,,,3252949.8,3605145.8,3219622.0,3079423.0,5954711.5,2663649.0,3067566.5,3219066.0,3310353.2,3030308.5,3140627.5,2788126.5,3098423.0,4524799.0,3969124.8,4259939.0,4189929.2,4295359.0,4121203.2,3301857.0,3134404.5,3141496.2,3224156.2,0.0,
471,133.06084238295745,2.5022964,height,,,,,,,,,,,0.0,0.0,0.0,0.0,0.0,2942603.0,3165568.2,3004818.0,3604054.2,3130143.5,3422101.2,3134687.0,3248888.0,2432640.5,2608018.8,2451079.0,2368421.5,2570307.0,2499571.8,3846363.0,3951129.2,4308201.0,3463206.0,0.0,
472,428.2481789997951,2.5146453,height,,,,,,,,,,,8037216.0,9235799.0,8188384.5,8252984.5,6449225.0,8294815.0,9112803.0,8595160.0,8465071.0,8885056.0,8419698.0,8029763.0,7998767.0,9362723.0,8684808.0,10016151.0,9435057.0,10274428.0,8908998.0,9239616.0,8381144.5,8149160.5,8887204.0,0.0,
473,348.1189327844466,2.5253556,height,,,,,,,,,,,3673489.5,4180924.8,4040383.5,3698205.0,3030416.2,3419487.2,3308874.0,3673730.0,3189208.5,3974389.5,3749463.8,3584242.8,3697010.8,3817428.0,3924856.8,4320372.5,4500517.0,5015543.5,4491981.0,3455295.5,4006496.5,3506886.8,4208502.0,0.0,
474,137.05876246623816,2.5258238,height,,,,,,,,,,,0.0,0.0,0.0,0.0,16489872.0,0.0,0.0,0.0,0.0,0.0,0.0,0.0,0.0,0.0,0.0,0.0,0.0,0.0,0.0,0.0,0.0,0.0,0.0,0.0,
475,137.0648166967343,2.5258238,height,,,,,,,,,,,0.0,0.0,0.0,0.0,50333884.0,0.0,0.0,0.0,0.0,0.0,0.0,0.0,0.0,0.0,0.0,0.0,0.0,0.0,0.0,0.0,0.0,0.0,0.0,0.0,
476,362.15707730852296,2.5258238,height,,,,,,,,,,,0.0,0.0,0.0,0.0,9275328.0,0.0,0.0,0.0,0.0,0.0,0.0,0.0,0.0,0.0,0.0,0.0,0.0,0.0,0.0,0.0,0.0,0.0,0.0,0.0,
477,631.2513028399839,2.5325434,height,,,,,,,,,,,5197006.5,5606965.5,5453890.5,5470157.5,1080930.2,4264830.0,3590926.8,3845629.5,3770896.0,4592142.0,3906276.8,3450289.5,4116103.8,4418886.0,3893336.8,4220788.5,4897819.0,5215845.5,4590271.5,3539081.8,4099430.8,3862544.5,4518809.5,0.0,
478,316.1291711801156,2.5332596,height,,,,,,,,,,,79263220.0,94733550.0,82706470.0,87810010.0,41191064.0,80360340.0,68346296.0,72940030.0,73036410.0,86792940.0,80963380.0,74548800.0,78900710.0,75104584.0,76923070.0,81014100.0,88652696.0,97692260.0,86366170.0,71175490.0,82637530.0,77601700.0,86456380.0,0.0,
479,451.1837350411732,2.5354114,height,,,,,,,,,,,0.0,0.0,0.0,0.0,16235628.0,0.0,0.0,0.0,0.0,0.0,0.0,0.0,0.0,0.0,0.0,0.0,0.0,0.0,0.0,0.0,0.0,0.0,0.0,0.0,
480,441.2343629353354,2.549743,height,,,,,,,,,,,14035526.0,13119884.0,14751708.0,14248373.0,8743565.0,14294372.0,12167590.0,12386263.0,11609779.0,14192819.0,13940626.0,12211051.0,13959533.0,12706422.0,13962842.0,15357595.0,13867859.0,15829556.0,14611864.0,13913419.0,14557983.0,12842239.0,13712661.0,0.0,
481,507.2088449678916,2.5530393,height,,,,,,,,,,,5482396.0,4668587.5,5319126.5,5403238.0,3698741.0,4637981.0,4090741.2,3822238.5,4003025.0,5056907.5,4725522.5,3882087.0,4741885.0,4580564.5,5184693.0,5612732.0,4978817.0,5522441.5,5130587.0,4836466.5,4653928.0,4244794.0,4589116.5,0.0,
482,344.2543066068253,2.5546052,height,,,,,,,,,,,3157958.0,2135699.2,5348300.0,3251697.0,24084378.0,20483442.0,16834062.0,16769497.0,19000494.0,15683664.0,18167616.0,16546652.0,17496166.0,12359979.0,13019297.0,15605948.0,13341681.0,12062312.0,11529926.0,14815942.0,14457207.0,14839159.0,16130909.0,0.0,
483,710.372425264708,2.553454,height,,,,,,,,,,,4643005.5,3829705.5,4789142.0,4591876.0,2607439.8,4288576.0,4007320.5,4025807.5,3849075.8,4686081.5,4672576.0,3931514.5,4444571.0,4666865.5,5322784.0,5377434.5,4634761.5,5144175.0,4679149.0,4974769.5,4129495.8,4146466.5,4428350.5,0.0,
484,455.3228477187335,2.5587223,height,,,,,,,,,,,10950481.0,9274002.0,10102848.0,10634133.0,7639737.0,10436437.0,9696571.0,8820378.0,9472963.0,10693587.0,11064138.0,9119775.0,10222377.0,9029975.0,10434787.0,11693221.0,10028244.0,11380777.0,10351293.0,12109668.0,10779203.0,9772497.0,9759552.0,0.0,
485,516.2093055917908,2.5635562,height,,,,,,,,,,,10407221.0,8947841.0,8612354.0,10435169.0,3517360.5,9627816.0,8823038.0,7854266.0,9048017.0,10333533.0,9072654.0,8471593.0,9564045.0,7731217.5,9047351.0,9385283.0,8193663.5,7409962.5,7231387.5,10401224.0,8404794.0,8153170.0,9154880.0,0.0,
486,344.1815997356249,2.5675604,height,,,,,,,,,,,10797418.0,10109416.0,9462095.0,10604805.0,5739397.0,11514682.0,11389854.0,9101057.0,10542851.0,12419114.0,11921761.0,10405497.0,11315382.0,9228371.0,11740312.0,11879099.0,10319529.0,9761320.0,10083064.0,12369370.0,10645977.0,10658736.0,11311276.0,0.0,
487,540.3759961615921,2.573982,height,,,,,,,,,,,7268418.0,7208658.5,9510469.0,7959237.5,14110233.0,14412458.0,13949018.0,11555336.0,14495935.0,14209516.0,15712655.0,12348978.0,14422421.0,11162927.0,13656862.0,15168312.0,12031305.0,11526101.0,10630891.0,15326648.0,12805580.0,13318860.0,14732058.0,0.0,
488,427.183782750893,2.5837562,height,,,,,,,,,,,7063702.5,7244459.5,7642492.0,7043553.0,3922434.8,8445913.0,8049225.5,6302060.5,7553616.5,7210384.5,8083928.5,6631599.5,8177919.5,5598620.0,7409282.5,7982397.0,6529709.0,6134358.0,6099018.0,8238497.5,6452797.5,7241137.0,7961708.0,0.0,
489,200.10319169990743,2.5886347,height,,,,,,,,,,,17065102.0,16208634.0,16003236.0,15087628.0,11239358.0,18108768.0,17639922.0,15614053.0,16235589.0,16768500.0,17454386.0,15418339.0,18303796.0,13420562.0,17796772.0,18470738.0,15757425.0,13713038.0,16284102.0,19332450.0,14279832.0,15401706.0,16764852.0,0.0,
490,155.08149867408858,2.5931525,height,,,,,,,,,,,6499400.0,6713675.5,6598411.5,5942371.0,5347072.5,7226912.0,6839392.5,6812695.5,6700008.0,6603887.0,6688307.0,6667112.0,7717189.5,6163769.0,6887042.5,7882853.5,6347938.0,6234717.0,6400476.5,7991793.5,6211003.5,6749664.0,7327529.0,0.0,
491,401.1667380500489,2.5976348,height,,,,,,,,,,,72124530.0,80358800.0,81456800.0,73784090.0,62341444.0,83750360.0,78988860.0,80796190.0,82865730.0,83470040.0,82074130.0,81053960.0,91403030.0,66654820.0,78800470.0,94224870.0,81267460.0,76810280.0,81098400.0,89903790.0,72493060.0,81514050.0,94264580.0,0.0,
492,286.1397114044063,2.5988538,height,,,,,,,,,,,7920947.5,7790176.0,7701414.0,7094736.0,5891309.0,8302248.0,7516156.5,7968254.0,8161480.0,8357465.0,7848058.0,8173617.5,8813864.0,7516773.0,8066502.5,10063190.0,8093861.0,7291634.5,7732301.5,9073402.0,6951580.5,8233872.0,8866711.0,0.0,
493,201.08701649940667,2.6013975,height,,,,,,,,,,,172800910.0,180435520.0,171583070.0,143525060.0,144325890.0,181492500.0,173271840.0,170205100.0,169489710.0,181824510.0,161937490.0,169435230.0,193794430.0,171385070.0,169764320.0,198771460.0,172721100.0,160367950.0,173744850.0,201031000.0,169190820.0,165525380.0,180605330.0,0.0,
494,572.344752459744,2.6064315,height,,,,,,,,,,,106682350.0,95212890.0,37822736.0,85712210.0,0.0,10606085.0,12835941.0,15204835.0,11091909.0,14972824.0,11849662.0,10609365.0,11993857.0,23008840.0,27702006.0,30633586.0,26810166.0,25761144.0,26836420.0,20764378.0,15234571.0,16268953.0,15415474.0,0.0,
495,671.4133299730163,2.6202462,height,,,,,,,,,,,397625280.0,299281440.0,280061400.0,362689060.0,7837455.0,284530370.0,268552860.0,288913150.0,253797700.0,275556160.0,248439280.0,244647740.0,276165760.0,244606100.0,289752700.0,332346300.0,292156640.0,275820860.0,294701280.0,253982200.0,208209710.0,245379100.0,288565100.0,0.0,
496,1341.8190100967224,2.6281207,height,,,,,,,,,,,6916128.5,3612332.5,2566300.0,4226667.5,0.0,2368918.5,2214869.8,2147224.0,2014270.4,0.0,1761900.5,1999069.2,2138740.8,2796411.2,3033517.5,3180280.5,2818977.0,3151975.5,3079913.2,2022569.2,1822635.0,2092273.8,2033103.2,0.0,
497,554.2821605037195,2.6287417,height,,,,,,,,,,,3092964.2,3045009.8,3096230.5,3417143.2,2471656.2,5443052.5,4807554.5,5961497.5,5599185.0,5067448.0,4747816.5,5145103.0,5760942.5,4636594.0,5144057.0,6100204.0,4568615.5,4815537.5,5145177.5,5115218.5,4494439.5,4980932.0,5371492.0,0.0,
498,843.4226293869987,2.633655,height,,,,,,,,,,,5367735.0,6185424.0,8820094.0,8233110.0,12117470.0,8930844.0,8088678.5,8732361.0,7873804.5,8279265.0,6871142.0,7604542.5,8243129.5,7792788.0,8052703.5,7703777.0,7134195.5,7814848.0,9193972.0,7340771.0,7073734.5,8286601.5,8619634.0,0.0,
499,821.4408669922469,2.6373692,height,,,,,,,,,,,74894920.0,82975096.0,99082056.0,99855420.0,115555620.0,115102880.0,102922150.0,122486730.0,91222530.0,103887864.0,100950260.0,97719736.0,106349624.0,115077270.0,115069890.0,120851760.0,107010630.0,107746744.0,130341896.0,97902530.0,93966980.0,108067840.0,119847270.0,0.0,
500,770.4815554289868,2.64026,height,,,,,,,,,,,9501697.0,7408415.0,5452564.0,8054472.0,0.0,5079654.0,4749716.5,5692769.5,4456901.0,5299943.5,4545943.5,4576096.5,4784667.5,6268818.0,6474970.0,6387884.0,6171466.5,5745803.0,7152356.0,4473876.5,4140416.8,5221022.5,5032311.5,0.0,
501,279.1702522828521,2.6411333,height,,,,,,,,,,,0.0,0.0,0.0,0.0,34186252.0,0.0,0.0,0.0,0.0,0.0,0.0,0.0,0.0,0.0,0.0,0.0,0.0,0.0,0.0,0.0,0.0,0.0,0.0,0.0,
502,330.16582860975143,2.6464343,height,,,,,,,,,,,5707985.5,5092027.0,5536324.0,5231745.5,3753905.8,5315777.5,6365689.0,6693929.5,5518088.5,5113374.0,5467211.5,5663635.5,6065131.0,5090998.0,5655191.5,5378180.0,5450274.0,5017424.0,5943370.0,5807641.5,5693443.5,4787891.5,5619079.0,0.0,
503,138.0549140911908,2.6497252,height,,,,,,,,,,,4575940.0,4498382.0,4539716.5,4838912.0,0.0,2489339.5,3164786.2,2962100.2,3016317.2,2735653.0,3090067.5,3235102.2,3352158.5,2970163.2,2814280.0,2966800.5,3108766.2,2972023.5,2990548.8,2998680.5,2983389.0,2558890.2,2752674.8,0.0,
504,602.2829612810646,2.653864,height,,,,,,,,,,,4846930.5,3993605.2,4865002.0,4212763.0,3377803.8,7578562.0,8334973.5,8617962.0,7324946.0,7360899.0,7428429.0,7752712.5,8523397.0,7812998.5,8785176.0,7566012.5,7456045.0,6445393.0,8267476.5,7810368.0,7144612.5,7002103.0,6782276.0,0.0,
505,328.22301526799225,2.6571348,height,,,,,,,,,,,13378040.0,11212468.0,13414309.0,13971978.0,14913880.0,13358449.0,14764617.0,15349486.0,13326600.0,12637444.0,13151812.0,13865340.0,14803507.0,13363657.0,15109410.0,14030525.0,13781881.0,12261544.0,14367961.0,14823609.0,13368940.0,13109364.0,12606209.0,0.0,
506,637.4286756093966,2.6607118,height,,,,,,,,,,,2400614.8,1900138.4,2448046.5,2400398.2,2435956.5,5845989.5,6011111.5,6523680.5,6727698.0,5689857.5,5454991.5,5472329.0,5902799.0,5422837.0,6419960.5,5407707.5,5207247.5,5238596.0,6161244.5,5278308.0,5398989.0,5709389.5,5722185.5,0.0,
507,344.25435909177924,2.673112,height,,,,,,,,,,,5132167.5,3487429.2,9810380.0,5068417.5,18957568.0,18633178.0,18515728.0,16451994.0,21011652.0,14675882.0,17029552.0,15496463.0,16799446.0,14237440.0,16782966.0,13657992.0,14405379.0,12347120.0,12492773.0,14514132.0,16609380.0,15553171.0,15512342.0,0.0,
508,1088.5373620328544,2.679608,height,,,,,,,,,,,0.0,0.0,0.0,0.0,6795741.5,0.0,0.0,0.0,0.0,0.0,0.0,0.0,0.0,0.0,0.0,0.0,0.0,0.0,0.0,0.0,0.0,0.0,0.0,0.0,
509,754.4503992060366,2.6798265,height,,,,,,,,,,,8189191.5,6606259.5,7256591.5,6956419.0,8021013.0,29249534.0,29144860.0,27930874.0,35152190.0,29615426.0,25448360.0,23860632.0,29144504.0,29925158.0,31435394.0,26277708.0,25842604.0,28769604.0,24478194.0,26015118.0,29063482.0,26413382.0,23900400.0,0.0,
510,1109.6971593929966,2.6806858,height,,,,,,,,,,,5051148.0,3578719.0,1858299.5,3094171.5,0.0,2351625.8,2112501.8,2467541.5,2354214.0,2750736.0,1984656.0,1829554.1,2194160.8,3131078.2,3200270.5,2771180.2,2676175.2,2890368.8,2787123.8,2144373.2,2361456.8,2211699.0,2196997.0,0.0,
511,137.04583168562093,2.6873703,height,,,,,,,,,,,31362228.0,32710584.0,22876526.0,34332476.0,37252670.0,7079788.0,11584015.0,11390515.0,13667635.0,15549120.0,9294934.0,8188757.0,6702166.0,132753930.0,143667540.0,130337610.0,127105944.0,130980260.0,127087790.0,5933908.0,12133072.0,9297626.0,7333608.5,0.0,
512,1247.7252132506094,2.6908855,height,,,,,,,,,,,0.0,0.0,0.0,0.0,4662278.0,3385543.5,2561423.0,2583878.5,3112343.2,2656257.8,2839434.5,2408633.0,2542448.2,2496744.5,2063802.0,2227120.8,2135453.5,2204368.2,1938420.2,2098857.8,2350130.2,2228107.0,2846495.8,0.0,
513,442.3108806965295,2.6988218,height,,,,,,,,,,,2853209.0,2606545.5,4195543.5,3160856.8,5029886.0,6414502.5,6492663.0,6283037.5,7363654.0,5572808.0,5830850.0,6039715.5,6278780.5,4902465.5,6186173.0,5267788.0,5270372.0,5863397.5,5208405.0,4748608.0,6540640.0,5724698.0,5628158.0,0.0,
514,441.3068492970631,2.7025795,height,,,,,,,,,,,10382622.0,10021089.0,16915306.0,13647011.0,20719548.0,26282220.0,25561554.0,23451424.0,28454776.0,22769810.0,23326916.0,23783180.0,25030502.0,19580630.0,24908794.0,20688022.0,21399262.0,21960852.0,20194562.0,18142598.0,24056516.0,23435652.0,21196096.0,0.0,
515,376.2232002870696,2.7141805,height,,,,,,,,,,,41283510.0,45925876.0,54164260.0,48380292.0,34082916.0,46417496.0,43887084.0,41199036.0,46708276.0,40863096.0,40163510.0,42805220.0,42133580.0,38793430.0,51640830.0,39179036.0,40924508.0,42575120.0,39676840.0,37176492.0,45575656.0,41871184.0,37418604.0,0.0,
516,215.13910753606757,2.7125547,height,,,,,,,,,,,1345664.9,0.0,2791343.5,1346449.6,18766948.0,13043437.0,12349886.0,11632170.0,14449627.0,11019962.0,11842527.0,12293204.0,11616737.0,7829535.0,10329598.0,7782538.5,8693604.0,9302516.0,8187677.0,8274967.5,10737069.0,10141720.0,10600476.0,0.0,
517,428.29498590054266,2.719595,height,,,,,,,,,,,3604674.8,2349874.5,9142484.0,3304981.8,73771256.0,49708740.0,46946348.0,42400044.0,50846452.0,38755980.0,42710784.0,44415680.0,42027092.0,28945642.0,36788228.0,26891992.0,31945386.0,32742614.0,30741168.0,29636448.0,39772604.0,35735400.0,37734480.0,0.0,
518,853.5759351068613,2.7172787,height,,,,,,,,,,,0.0,0.0,0.0,0.0,32244266.0,9820835.0,9249288.0,8456611.0,12052223.0,6631924.5,8285900.0,10009499.0,8265873.0,4158781.2,4702681.5,4551871.5,4909276.0,5369277.5,4264708.0,5509450.0,6845091.0,5239334.5,8596805.0,0.0,
519,427.2919504920642,2.717458,height,,,,,,,,,,,16565445.0,8708658.0,40238908.0,14118013.0,282096830.0,204817060.0,192036670.0,175545570.0,207808240.0,163955230.0,176439840.0,188420580.0,177338720.0,120061650.0,155976960.0,117394590.0,135410080.0,139056460.0,126488910.0,123988770.0,162030060.0,147897760.0,155380370.0,0.0,
520,268.10406720507325,2.7017138,height,,,,,,,,,,,0.0,0.0,0.0,0.0,624028300.0,1200164.9,1255155.0,0.0,1365649.5,1079843.2,1931545.0,1448045.2,1441024.4,0.0,0.0,0.0,0.0,0.0,0.0,0.0,0.0,0.0,0.0,0.0,
521,802.5079757725995,2.719524,height,,,,,,,,,,,0.0,0.0,1694216.0,0.0,12161073.0,6335135.5,6026924.0,5742952.0,6852292.0,4983519.5,4988430.5,6725572.5,5073007.5,3694633.2,4687797.5,3935598.8,4218058.0,5225135.5,3980642.5,4060187.5,5555117.0,4293740.0,5774453.0,0.0,
522,489.3075050375209,2.7226083,height,,,,,,,,,,,3043626.5,3201797.5,3480539.0,3424666.8,3105545.0,4494041.5,4038629.8,3870400.0,4132836.5,3557580.0,3820912.2,4081191.2,3886643.2,3630601.0,5038900.5,3847486.0,3995953.5,4041349.2,3522223.2,3537819.8,4379273.0,4086488.0,3410305.8,0.0,
523,671.4701967537738,2.72801,height,,,,,,,,,,,0.0,0.0,0.0,0.0,8840938.0,0.0,0.0,0.0,0.0,0.0,0.0,0.0,0.0,0.0,0.0,0.0,0.0,0.0,0.0,0.0,0.0,0.0,0.0,0.0,
524,694.3888933298018,2.72801,height,,,,,,,,,,,0.0,0.0,0.0,0.0,4992772.5,0.0,0.0,0.0,0.0,0.0,0.0,0.0,0.0,0.0,0.0,0.0,0.0,0.0,0.0,0.0,0.0,0.0,0.0,0.0,
525,146.11759308956104,2.7304268,height,,,,,,,,,,,36537270.0,69571250.0,75080830.0,81478840.0,6425386.5,10846048.0,11024781.0,10926620.0,8658635.0,14470227.0,14765550.0,13194579.0,11472300.0,20586250.0,25056528.0,21186350.0,21145570.0,20453934.0,21993416.0,10727174.0,12165742.0,10747055.0,10232624.0,0.0,
526,710.3506695753995,2.7424657,height,,,,,,,,,,,4050917.0,5781599.0,7559608.5,7061780.5,0.0,2174745.0,1574138.9,2453893.0,2519814.5,2700374.8,2480349.5,4145211.8,2488805.2,2074184.0,1987453.5,2315517.0,2261503.8,3470007.0,3654345.5,1497617.5,2310338.8,1775810.9,2352408.5,0.0,
527,865.5765004591059,2.7492604,height,,,,,,,,,,,1627105.6,0.0,2936743.5,1784538.1,4737344.5,17933172.0,11445608.0,13096830.0,14355484.0,12260627.0,14003759.0,14995168.0,12457770.0,10272736.0,14092300.0,11972286.0,10918231.0,12866075.0,11455574.0,12045260.0,12481975.0,11998119.0,12996599.0,0.0,
528,950.6291634096712,2.7523649,height,,,,,,,,,,,0.0,0.0,0.0,0.0,1992387.0,8106633.5,4787109.0,5080965.0,6243335.5,4730154.0,5636076.0,6394862.5,4887552.0,3294296.2,3890502.2,3827561.0,3380738.8,4030383.5,4015648.5,4276340.5,4500669.0,4297840.0,4945747.5,0.0,
529,169.0608526143578,2.7572296,height,,,,,,,,,,,4459849.5,4433129.0,4058437.8,5089618.0,3321006.2,4524825.0,4243500.5,4778637.0,4129349.2,4314721.0,5017585.5,4407112.5,4306511.5,4240960.0,4082291.5,4956272.0,4862559.5,4273177.5,3613483.0,4948944.5,4243746.5,4667003.0,4689882.5,0.0,
530,439.2921578065231,2.817569,height,,,,,,,,,,,0.0,535951680.0,400339870.0,521214340.0,117635520.0,381775740.0,476984350.0,510451970.0,509538530.0,502775550.0,481490340.0,487642900.0,472941730.0,548997570.0,522383000.0,425926460.0,573056900.0,417493700.0,475633500.0,494803840.0,456175650.0,523148540.0,454820130.0,0.0,
531,245.18597064908909,2.695245,height,,,,,,,,,,,0.0,0.0,0.0,0.0,140399420.0,0.0,0.0,1199446.0,1015014.3,0.0,0.0,0.0,0.0,0.0,0.0,0.0,0.0,0.0,0.0,0.0,1227478.6,0.0,0.0,0.0,
532,186.08740355702145,2.7611735,height,,,,,,,,,,,4357342.0,4304698.5,3971096.0,4828290.5,3322554.8,4359425.0,4133587.2,4337517.0,3926639.5,4148345.5,4801825.5,4410396.0,4264507.5,4145979.2,3903782.8,4492005.5,4447714.5,4020890.0,3385311.2,4717875.0,4303550.0,4356758.0,4593847.0,0.0,
533,530.2978195375973,2.7698557,height,,,,,,,,,,,10725231.0,9458505.0,8165963.0,8879631.0,3629470.8,32930190.0,25117964.0,24003046.0,34700536.0,26343326.0,24758290.0,28223120.0,27289292.0,23192758.0,26177556.0,21778730.0,21142732.0,21457294.0,19193840.0,0.0,25379688.0,26590236.0,22756158.0,0.0,
534,473.2778292069284,2.7190783,height,,,,,,,,,,,9170399.0,0.0,7053034.0,8346190.0,6818364.0,5758871.5,9631757.0,0.0,10403102.0,8329495.5,8439770.0,8206990.0,10271726.0,7499869.5,10109680.0,11105067.0,8916545.0,9369619.0,8665174.0,7599326.5,9611133.0,10024133.0,8049558.0,0.0,
535,498.3290948462594,2.7783675,height,,,,,,,,,,,1896728.5,1786362.9,3948194.8,2152600.2,18129472.0,12450937.0,10657388.0,10017459.0,12874805.0,8723979.0,10993417.0,12069731.0,11247238.0,9179729.0,8912635.0,7768498.5,7800448.5,8012707.0,7210281.0,8989754.0,10728306.0,10881956.0,10713126.0,0.0,
536,298.139871030012,2.7814317,height,,,,,,,,,,,4778032.0,4615453.0,4880151.5,4734145.5,3992474.8,4427696.0,4420375.0,4645237.5,4627593.5,3668801.2,4360400.5,4793129.0,4311773.0,4607002.0,4082525.2,4327179.5,4383333.0,3911555.0,3857088.5,4669758.5,4756437.5,4437729.5,4328126.0,0.0,
537,726.4191452081033,2.7818,height,,,,,,,,,,,4120750.0,3877770.2,3886066.8,4030746.0,4729870.0,4636905.0,4042364.0,3863367.8,4578754.0,3766367.8,4339535.0,4736544.0,4310303.5,4896001.5,4996370.0,4140043.0,4145600.2,4271968.0,4272616.5,4106763.2,4652695.5,5085355.5,4449750.0,0.0,
538,524.3449723207856,2.7822192,height,,,,,,,,,,,11916181.0,10632639.0,14887697.0,11849236.0,20905586.0,123944410.0,111923370.0,109214930.0,137620670.0,96240300.0,116028584.0,126318120.0,120383736.0,122240470.0,113444960.0,101321570.0,99475440.0,105195096.0,93728990.0,104712540.0,122402860.0,124266680.0,109506410.0,0.0,
539,153.04080395452226,2.7880511,height,,,,,,,,,,,5790590.5,5313229.0,7863946.0,6079216.0,7720228.0,14848146.0,17688970.0,16918914.0,9791541.0,7024769.0,8107392.0,5015592.0,13505653.0,14792206.0,13377304.0,13621447.0,12196873.0,12348220.0,13039007.0,22680326.0,22668396.0,22419610.0,16691111.0,0.0,
540,962.629280324134,2.7918653,height,,,,,,,,,,,2440068.5,2134812.2,2515786.0,2404954.2,0.0,21301248.0,18847398.0,16619834.0,22123948.0,19862738.0,19053680.0,22650654.0,19553230.0,23363204.0,23069002.0,18922146.0,19104922.0,18381030.0,18860882.0,18221218.0,18292318.0,20873120.0,18104422.0,0.0,
541,651.3352144260562,2.808921,height,,,,,,,,,,,6480025.5,5371738.0,5364452.5,5606551.0,6078570.0,5646249.0,4710157.0,4881949.0,5829326.0,5008721.5,5238280.0,6042237.0,5798591.5,6443393.5,6462157.0,4787663.5,5228522.0,5282421.5,5340739.0,5208568.0,5312745.0,5191922.5,5278552.5,0.0,
542,530.2978057177149,2.8005035,height,,,,,,,,,,,10972451.0,10175380.0,6649936.0,10603078.0,3533242.5,27192266.0,25254566.0,25779456.0,36744788.0,23612742.0,28378036.0,0.0,0.0,25244432.0,0.0,24716256.0,22784310.0,0.0,22899166.0,20981352.0,28504380.0,28677588.0,20945052.0,0.0,
543,372.1768503141167,2.8298867,height,,,,,,,,,,,52047750.0,64370828.0,57677908.0,62595964.0,63225864.0,67422264.0,60969692.0,75281120.0,81222620.0,71751390.0,68307080.0,69669770.0,73595224.0,79308680.0,68933870.0,62622620.0,72161510.0,54598744.0,60882550.0,66473720.0,62421800.0,63486588.0,69603530.0,0.0,
544,810.4618416542087,2.8306978,height,,,,,,,,,,,6526281.5,7408415.0,5389974.0,6333930.0,1108528.5,6098920.0,6225297.5,6757830.0,7132699.5,7264134.5,5947041.0,6663119.5,6147548.0,7177654.0,6695466.0,6308693.0,7100344.5,6112284.0,6210296.5,6310931.5,5880456.0,5925841.5,6176226.0,0.0,
545,763.43606891241,2.8312793,height,,,,,,,,,,,4251421.5,4842930.0,5026243.5,4885679.5,4564238.5,5477382.0,5185438.5,5932440.5,6373359.5,6110426.5,5839925.5,6125861.5,6256625.0,6750770.0,6174896.0,5604428.5,5967221.0,5118027.0,5241560.5,5194319.5,5584736.5,5190240.0,5349535.0,0.0,
546,289.1546053471859,2.8335247,height,,,,,,,,,,,1852829.1,2295966.8,2204140.2,2280723.0,4794872.5,1963729.6,2061260.8,2181644.2,2414823.2,2346644.8,1970930.1,2009131.1,1924436.9,2178550.5,0.0,1907556.0,2148917.5,1799134.8,1840373.2,2053017.5,2103709.2,2050566.5,2102031.8,0.0,
547,330.2388436925759,2.8429227,height,,,,,,,,,,,6006296.0,5417754.5,9848901.0,6885952.5,26214688.0,17914440.0,18924218.0,18798270.0,21183444.0,19574824.0,17982724.0,20734260.0,19627606.0,15172058.0,14741682.0,15301127.0,16490311.0,14505736.0,14615054.0,14432895.0,17816624.0,18576770.0,18276996.0,0.0,
548,439.2921000810552,2.8553782,height,,,,,,,,,,,458382430.0,498887170.0,358918880.0,444975520.0,119077220.0,448727200.0,490830100.0,481316580.0,482595400.0,565670140.0,466755870.0,480943840.0,484284260.0,531656640.0,495376540.0,569117500.0,517856160.0,509343800.0,443847360.0,457836100.0,505572740.0,528208320.0,449925060.0,0.0,
549,558.3868022084548,2.8569758,height,,,,,,,,,,,0.0,0.0,0.0,0.0,7563473.0,0.0,0.0,0.0,0.0,0.0,0.0,0.0,0.0,0.0,0.0,0.0,0.0,0.0,0.0,0.0,0.0,0.0,0.0,0.0,
550,440.29412215130895,2.8605,height,,,,,,,,,,,138125840.0,127371590.0,110883940.0,131809580.0,29707408.0,97181150.0,127150000.0,132407560.0,123425700.0,142660700.0,120130710.0,123314216.0,135743920.0,136803760.0,151970020.0,145658900.0,133096440.0,134582400.0,133648250.0,124882296.0,141823300.0,136571580.0,122315930.0,0.0,
551,618.2603754470143,2.8651884,height,,,,,,,,,,,27735082.0,30240598.0,31786416.0,27770078.0,31102320.0,22166806.0,28960186.0,25603678.0,24286306.0,34540340.0,27218134.0,26494774.0,28425290.0,25315640.0,27378784.0,32681266.0,26552758.0,28966620.0,25671012.0,22539954.0,28568580.0,29783470.0,24047606.0,0.0,
552,611.3044672412061,2.8683033,height,,,,,,,,,,,8294875.5,9021133.0,10444282.0,8880335.0,9777284.0,7523329.5,10265101.0,8880436.0,8372047.0,11588922.0,9520801.0,8600285.0,9765212.0,7256409.5,9294152.0,11333549.0,9132716.0,10113585.0,8886086.0,7733358.0,9031531.0,10393286.0,8471714.0,0.0,
553,342.2389425852809,2.8731186,height,,,,,,,,,,,101421360.0,112493450.0,96932620.0,98620780.0,52564720.0,59007344.0,67384536.0,63659684.0,58445692.0,78675060.0,62455576.0,61954976.0,64141364.0,81134670.0,74056920.0,85257260.0,77976670.0,77032410.0,69011600.0,62780510.0,70070330.0,74368840.0,60512316.0,0.0,
554,877.5767674320854,2.8731105,height,,,,,,,,,,,39805296.0,43236932.0,25511580.0,37827296.0,1941923.1,34091630.0,36634204.0,37705240.0,31855608.0,42589976.0,32531620.0,35683468.0,32828662.0,42023584.0,36932068.0,46812064.0,43029708.0,44073428.0,40352360.0,32093236.0,36700984.0,40374840.0,35336524.0,0.0,
555,286.08576561498126,2.8737206,height,,,,,,,,,,,4512405.5,4597586.5,5265527.5,4274397.5,4458268.0,3770643.8,4337063.5,4379602.5,4094355.8,4827617.5,4106474.0,4003755.8,4458541.0,4486265.0,3775469.0,4644200.5,4348580.0,4260147.5,4210683.5,3701945.0,4526754.5,4212557.5,4028292.0,0.0,
556,780.5240916813157,2.8781977,height,,,,,,,,,,,11789617.0,12612900.0,9857625.0,12190606.0,1719410.6,7269002.0,7980420.0,8071378.0,6155474.0,9451913.0,7464077.5,7710984.0,7527580.5,10261665.0,8441286.0,10896502.0,10029061.0,10463854.0,9153842.0,7534846.0,8510628.0,8630365.0,7598102.5,0.0,
557,768.4512726572383,2.8810282,height,,,,,,,,,,,4551362.0,4417072.0,4097027.0,4605536.5,0.0,4166375.2,3975908.8,4284713.0,3505067.0,4598075.0,3928852.0,4387838.5,4231167.0,4777685.5,4044439.0,4754802.5,5002616.5,5218114.0,4102563.8,3669311.2,4618887.0,4392289.0,4168809.2,0.0,
558,312.1555355832425,2.882854,height,,,,,,,,,,,5071364.0,5869542.0,6311039.0,5116874.5,5044173.0,5321086.0,5529815.5,5360367.5,4529489.0,5871886.5,5300015.0,5151758.5,5165150.5,5560822.5,4434407.5,5677603.5,5265606.0,5533544.0,5202194.5,4494275.0,4971503.0,5337516.5,4853581.0,0.0,
559,330.1661666237057,2.8832612,height,,,,,,,,,,,41681570.0,43079970.0,47619876.0,37312656.0,39447000.0,41393316.0,44485616.0,43660470.0,36583044.0,48065996.0,40783440.0,41548924.0,43941116.0,45044004.0,35598824.0,43125310.0,44892616.0,43809064.0,41369604.0,37157452.0,41943130.0,42924980.0,40997620.0,0.0,
560,607.3821338511582,2.8832352,height,,,,,,,,,,,9781872.0,9933291.0,12186536.0,9701807.0,14165319.0,10365284.0,10836383.0,10604807.0,8490484.0,12237125.0,9907835.0,9975807.0,10061459.0,11775841.0,9950011.0,12092139.0,11494766.0,10862602.0,9633036.0,8545834.0,9797326.0,10574608.0,9672622.0,0.0,
561,331.169644847205,2.8828838,height,,,,,,,,,,,7355214.0,7333374.5,9116879.0,6229581.5,5975885.5,6395046.5,6578206.0,6684688.0,5518191.5,7155572.5,6326576.5,5790812.0,6449825.0,6566906.5,5606508.5,6652239.5,6504770.5,6697557.0,6900678.0,6033725.0,6283184.5,6559055.5,6157815.0,0.0,
562,1065.6358037876985,2.885715,height,,,,,,,,,,,8267196.5,8787640.0,7068591.0,8351554.5,2650185.2,7876418.0,8097121.0,8208914.5,6211599.5,7963931.5,7718409.0,8262189.0,7978240.0,10366140.0,8268148.0,9757564.0,10449413.0,9324569.0,8263656.0,7619063.0,8269575.0,8399422.0,8805998.0,0.0,
563,313.1545642820547,2.8854191,height,,,,,,,,,,,0.0,0.0,0.0,0.0,7063363.0,0.0,0.0,0.0,0.0,0.0,0.0,0.0,0.0,0.0,0.0,0.0,0.0,0.0,0.0,0.0,0.0,0.0,0.0,0.0,
564,1073.6252464726815,2.8903654,height,,,,,,,,,,,19441240.0,19048602.0,17259832.0,17676952.0,5077976.0,35927596.0,31706998.0,34546148.0,29953494.0,32897858.0,34598810.0,36925876.0,32575566.0,34153164.0,29580856.0,31989242.0,33986276.0,32189984.0,29748424.0,29161310.0,31622798.0,33410152.0,32924200.0,0.0,
565,636.3431299516864,2.917719,height,,,,,,,,,,,55178110.0,57091970.0,52046950.0,0.0,50338388.0,97502200.0,85424370.0,80441210.0,102226390.0,88585410.0,93821944.0,99218610.0,86305330.0,0.0,77482104.0,73684680.0,0.0,75542630.0,88201360.0,92906560.0,84620104.0,85061870.0,0.0,0.0,
566,976.5725624871322,2.8936965,height,,,,,,,,,,,7155021.0,7705691.0,8456521.0,8160424.5,4069476.2,8136735.5,7537546.5,7846831.5,6744597.0,8155042.5,8208879.0,8335085.5,7213104.5,8491405.0,7147848.5,7410304.5,8451168.0,8168608.5,7149118.5,7388297.5,7871371.5,7720298.0,7692289.0,0.0,
567,627.351241126666,2.894579,height,,,,,,,,,,,239766270.0,261004800.0,286965660.0,263629300.0,317258340.0,276910880.0,269208160.0,277028030.0,257542380.0,284708130.0,285371360.0,254851580.0,269948740.0,300418020.0,237533250.0,289820500.0,298669730.0,279841570.0,239668900.0,236226430.0,259610420.0,244475090.0,254206860.0,0.0,
568,558.3130452845733,2.891919,height,,,,,,,,,,,4150721.0,2756567.2,2128084.2,2989904.5,6509827.5,0.0,0.0,0.0,0.0,0.0,0.0,0.0,0.0,0.0,0.0,0.0,0.0,0.0,0.0,0.0,0.0,0.0,0.0,0.0,
569,441.296738803438,2.8941233,height,,,,,,,,,,,18521494.0,18465316.0,15641576.0,15354291.0,2889898.0,18145200.0,17384358.0,15618433.0,16460052.0,18590454.0,17181686.0,14569792.0,17405062.0,20098496.0,15826772.0,19104016.0,19767600.0,18473930.0,15977155.0,14841590.0,16383435.0,17125228.0,14842384.0,0.0,
570,229.1548594958992,2.918138,height,,,,,,,,,,,277953300.0,221910510.0,143255920.0,233420290.0,359857300.0,26978308.0,36262692.0,43314828.0,27810858.0,57399452.0,21505500.0,25323776.0,24914478.0,102169810.0,98352010.0,85425450.0,99430240.0,96938020.0,88995270.0,80619576.0,56348956.0,43730236.0,36616904.0,0.0,
571,635.3404767929528,2.922972,height,,,,,,,,,,,135742340.0,147701310.0,146452770.0,146753970.0,122737620.0,248223940.0,233814370.0,225706420.0,280292500.0,237200590.0,255480930.0,226176450.0,231563700.0,218038340.0,213666400.0,208693010.0,218063120.0,208036050.0,225258340.0,211842690.0,236749220.0,232605040.0,204067680.0,0.0,
572,863.4887194390765,2.9276206,height,,,,,,,,,,,16764228.0,15762868.0,10989153.0,16962166.0,25788750.0,2876110.2,3191783.8,4164655.0,3272148.2,6531291.5,2410712.8,2642326.5,2603242.2,9538653.0,10350144.0,8829333.0,9844482.0,11281704.0,9983396.0,7939597.5,5951932.0,5009617.0,3845908.8,0.0,
573,608.342054677459,2.9323075,height,,,,,,,,,,,4680960.0,5413121.0,4937333.5,4884445.0,5231354.0,5009043.0,4614324.5,5194844.5,5829447.0,5529034.0,4594533.5,4227001.0,4825590.5,5361014.0,5469211.0,4406849.5,4905127.5,5091667.0,5624543.0,4765713.5,5047233.5,4884312.5,4489860.0,0.0,
574,1081.5574035056682,2.9369006,height,,,,,,,,,,,10845895.0,11644586.0,12529434.0,10738444.0,13550775.0,13648879.0,10426357.0,12609659.0,11949321.0,12020823.0,12346961.0,9399388.0,10440767.0,11164208.0,12358627.0,10757724.0,12179911.0,12943154.0,11984648.0,11401445.0,10212702.0,13022981.0,11280058.0,0.0,
575,683.3620097014832,2.941557,height,,,,,,,,,,,38903564.0,35075210.0,24256382.0,36074460.0,45903000.0,3636533.8,3776693.0,6290471.0,3393582.2,9447310.0,2949884.2,3044133.5,3157208.2,13078297.0,14605333.0,11620994.0,13862784.0,12610162.0,15827958.0,10855207.0,7766354.5,6206621.5,4308538.0,0.0,
576,796.4462902901595,2.9407568,height,,,,,,,,,,,13941315.0,15655801.0,13921433.0,14443304.0,7066177.0,9957057.0,8427765.0,9532707.0,9434108.0,9941978.0,9140524.0,7767132.5,8368651.0,10864696.0,10645340.0,8996577.0,9817343.0,10029463.0,12067885.0,10087058.0,9854676.0,10348752.0,8667090.0,0.0,
577,265.15485736055354,2.9433835,height,,,,,,,,,,,0.0,0.0,0.0,0.0,16574910.0,0.0,0.0,0.0,0.0,0.0,0.0,0.0,0.0,0.0,0.0,0.0,0.0,0.0,0.0,0.0,0.0,0.0,0.0,0.0,
578,893.498935459577,2.944074,height,,,,,,,,,,,47269064.0,45707670.0,35506600.0,40260264.0,10793321.0,55673868.0,45613430.0,52893910.0,51074230.0,53597696.0,51875540.0,44829764.0,43056576.0,49616836.0,55657884.0,46163224.0,49567964.0,52895044.0,57460360.0,52637944.0,51759664.0,54273124.0,44185136.0,0.0,
579,1106.5740672189077,2.950315,height,,,,,,,,,,,3823241.2,3639563.8,4112725.2,3654940.5,3452769.8,6864832.5,5843109.0,7276380.5,6310275.0,6913736.5,7634443.5,6746210.5,6331101.5,5007266.5,6993157.0,5196501.5,5835136.5,6289769.0,6508103.0,6389553.5,5943960.5,7267312.5,5582820.5,0.0,
580,909.4210858767428,2.9573586,height,,,,,,,,,,,84847500.0,90028136.0,99970880.0,92665016.0,96038400.0,87563610.0,80005880.0,101950990.0,87017840.0,91431370.0,87250184.0,92196056.0,81257840.0,75251180.0,103182936.0,84311180.0,82852000.0,93694390.0,107439420.0,78890584.0,104960570.0,96509790.0,69177750.0,0.0,
581,455.214087371962,2.9602375,height,,,,,,,,,,,460215100.0,457042620.0,481964770.0,497558530.0,475865400.0,436439780.0,426157220.0,504626340.0,489796000.0,475834600.0,427963300.0,480179400.0,421845340.0,417578240.0,484204220.0,471391680.0,436734500.0,437023600.0,560182100.0,404023100.0,538866300.0,452586700.0,399211000.0,0.0,
582,215.13920921430665,2.9606283,height,,,,,,,,,,,10217722.0,10175648.0,10354490.0,11120525.0,10659386.0,9849428.0,9012370.0,11257461.0,10373915.0,10611688.0,9364148.0,10691749.0,10112406.0,9568053.0,10427777.0,11386388.0,9506598.0,9465378.0,12337139.0,8953576.0,11663549.0,10057898.0,8589257.0,0.0,
583,197.12867286271683,2.973269,height,,,,,,,,,,,5234053.5,4541548.0,5241055.5,4710215.5,5961693.0,4875480.5,4394853.5,4806667.5,5496860.0,4543025.0,4620265.0,4814688.5,4672333.0,4140593.8,4296931.5,4602185.5,4420420.0,4575022.5,4884452.0,4002222.2,4578797.0,4520115.5,4526675.5,0.0,
584,553.2991222386211,2.9830854,height,,,,,,,,,,,47116144.0,42740670.0,44388324.0,41192050.0,45380620.0,43840676.0,41518396.0,44048896.0,48750920.0,44290740.0,40725044.0,50059868.0,47569410.0,43149584.0,43938996.0,55012796.0,45922868.0,38016456.0,45438870.0,36357468.0,40056064.0,46182030.0,37049596.0,0.0,
585,707.3000798333039,2.9976115,height,,,,,,,,,,,10308503.0,5098316.5,5020128.0,4694652.5,0.0,0.0,0.0,0.0,0.0,0.0,0.0,0.0,0.0,1508913.6,1801983.9,2172465.5,1683248.5,0.0,1514041.5,0.0,0.0,0.0,0.0,0.0,
586,487.24019177431046,3.0015748,height,,,,,,,,,,,8712385.0,7014373.5,7539157.0,7759676.5,7521011.0,7764993.5,7242578.0,7338646.0,7178459.5,7659595.5,6610169.5,7185006.0,8680898.0,8455065.0,6979036.0,9874611.0,7712743.5,7138829.0,6682813.0,7421172.5,7190203.0,6869660.0,6598889.5,0.0,
587,643.3816705787023,3.0082092,height,,,,,,,,,,,13237934.0,9449138.0,9629887.0,10552145.0,7164925.0,9925818.0,9546400.0,8525039.0,8536015.0,9974967.0,7848539.0,8722418.0,9808195.0,11513749.0,9224530.0,12626629.0,10046234.0,8629604.0,9310897.0,9760642.0,8689319.0,8823200.0,8069358.5,0.0,
588,137.04590113596373,3.0088594,height,,,,,,,,,,,53282730.0,27814230.0,22170604.0,24085500.0,0.0,0.0,0.0,0.0,0.0,0.0,0.0,0.0,0.0,8704122.0,8395255.0,11726057.0,8516299.0,8774301.0,8194056.5,0.0,0.0,0.0,0.0,0.0,
589,330.165843046794,2.9961567,height,,,,,,,,,,,20628572.0,16053056.0,19108084.0,25069428.0,18608232.0,21050564.0,22046812.0,22757442.0,26144586.0,24538040.0,18908604.0,20538812.0,22754930.0,21660718.0,19758568.0,23577854.0,23196676.0,23047578.0,18871854.0,21354900.0,18853092.0,25053002.0,18783482.0,0.0,
590,782.4301502813238,3.0094528,height,,,,,,,,,,,14587209.0,15625793.0,18055970.0,13857446.0,33407338.0,30512102.0,28432526.0,24123304.0,28440758.0,27732568.0,25862892.0,27135748.0,30889442.0,26227120.0,21247062.0,28561410.0,23030440.0,19917576.0,20076486.0,25579112.0,24094212.0,27883134.0,24075316.0,0.0,
591,556.3711121605777,3.0122106,height,,,,,,,,,,,2376057.0,1618631.0,2250610.8,1704024.5,12921070.0,0.0,1013223.25,1317008.5,0.0,0.0,0.0,0.0,0.0,2687342.2,2222460.8,3103507.5,2475918.2,2368808.0,2250605.2,2099469.0,1579929.9,0.0,0.0,0.0,
592,326.20785052626854,3.0167887,height,,,,,,,,,,,35904560.0,50079390.0,30160724.0,42048564.0,13584850.0,22935134.0,23445530.0,22757404.0,22093452.0,32395478.0,19237586.0,22221464.0,24302582.0,34054044.0,28024698.0,33755400.0,31648084.0,28427904.0,31276626.0,35436544.0,25058164.0,26377048.0,21777454.0,0.0,
593,962.556917893473,3.0200424,height,,,,,,,,,,,8118005.5,9376706.0,8197582.0,7405232.5,10137512.0,15390123.0,13888972.0,12463500.0,15871433.0,14536202.0,13865634.0,14201862.0,14569446.0,13861861.0,10965837.0,14157465.0,11221661.0,10700866.0,11144828.0,13641725.0,12202784.0,14944503.0,11707332.0,0.0,
594,427.2920993302361,3.0275784,height,,,,,,,,,,,5573410.5,6148096.0,6135793.5,5478621.5,8954251.0,11160815.0,10727106.0,9979168.0,12106582.0,11768705.0,9503958.0,11577701.0,10211394.0,11896063.0,9539182.0,10530922.0,10399337.0,9503174.0,10148850.0,10212335.0,10102739.0,10574192.0,9450124.0,0.0,
595,889.4827485832616,3.0330596,height,,,,,,,,,,,69443496.0,99782220.0,93652216.0,80517260.0,141201400.0,108524510.0,101282750.0,104557900.0,109390584.0,119775704.0,112250980.0,106491700.0,107370120.0,121273870.0,104765544.0,125344110.0,112530600.0,119810990.0,108237210.0,101296460.0,99442190.0,103883450.0,92528824.0,0.0,
596,724.4032461857117,3.0335255,height,,,,,,,,,,,5157988.5,5550231.0,3120727.0,3292281.2,1850376.6,10666157.0,10258510.0,10026236.0,12334696.0,11688537.0,10457614.0,10349389.0,10459434.0,12206537.0,10821208.0,10957962.0,10966093.0,12084368.0,10741520.0,10813602.0,9712321.0,10789231.0,8814836.0,0.0,
597,213.0871539896149,3.034446,height,,,,,,,,,,,7565138.0,9603074.0,8773137.0,8193058.0,8236100.5,8074907.0,7900047.5,8039379.0,8232023.0,7944474.0,7208426.5,7054803.0,7434315.5,8068638.0,7641572.0,7870767.5,8696819.0,8279332.0,8287213.5,7010571.5,8692103.0,9407722.0,7291236.5,0.0,
598,231.09767851782627,3.0348465,height,,,,,,,,,,,17420614.0,21370990.0,18232598.0,18854186.0,18619622.0,18370278.0,17956374.0,15451149.0,17337638.0,18403786.0,16467029.0,15712142.0,17978080.0,17217424.0,19015758.0,17707710.0,18141820.0,16251768.0,17711054.0,16055377.0,17036844.0,19777768.0,15422944.0,0.0,
599,279.17041161375937,3.0372744,height,,,,,,,,,,,0.0,0.0,0.0,0.0,31611014.0,0.0,0.0,0.0,0.0,0.0,0.0,0.0,0.0,0.0,0.0,0.0,0.0,0.0,0.0,0.0,0.0,0.0,0.0,0.0,
600,185.1649336251797,3.0376897,height,,,,,,,,,,,0.0,0.0,1950617.0,0.0,8264576.0,5606689.5,4910909.5,4989589.0,5474162.5,4562070.0,4854170.0,5234545.0,4676908.0,4471991.0,3392825.2,3622734.5,3922282.2,4150464.0,3916962.5,4429288.5,4118044.0,4544976.0,4562951.5,0.0,
601,468.24565366154127,3.0396557,height,,,,,,,,,,,7096398.5,9808368.0,7915728.0,6273912.5,5849510.5,6410091.0,6108952.0,6028377.5,6793630.0,6529156.0,6322127.5,7104856.5,6114344.0,7292040.0,5730516.0,5869456.5,6245888.0,7439280.5,6828021.5,5857815.0,6388938.0,6359770.5,6039786.5,0.0,
602,657.3980199341274,3.041703,height,,,,,,,,,,,6844135.5,8227915.5,5735152.0,4801595.5,5658149.5,25723900.0,24237872.0,24469958.0,31008908.0,26294086.0,25330018.0,25228944.0,24465970.0,26498654.0,22100452.0,21393208.0,24373560.0,26589994.0,23560902.0,23120226.0,23160184.0,24947700.0,20560354.0,0.0,
603,1012.5357029037862,3.0453281,height,,,,,,,,,,,3945979.0,4496893.0,3853887.2,3023991.8,3845914.8,14696116.0,13817231.0,13377185.0,17008282.0,14608859.0,16771919.0,14767127.0,14416804.0,16582271.0,13961282.0,14165058.0,13893278.0,15174279.0,13225022.0,14245382.0,13396782.0,15359003.0,12392540.0,0.0,
604,685.376730650502,3.046591,height,,,,,,,,,,,0.0,0.0,0.0,0.0,23244948.0,0.0,0.0,0.0,0.0,0.0,0.0,0.0,0.0,0.0,0.0,0.0,0.0,0.0,0.0,0.0,0.0,0.0,0.0,0.0,
605,996.6136009223704,3.0513482,height,,,,,,,,,,,5118888.0,5490530.5,3459819.8,3913795.8,1690406.0,16916968.0,17596994.0,17021346.0,20647298.0,16838058.0,20123466.0,16501392.0,17130666.0,20218086.0,18690892.0,17235024.0,18144934.0,19878198.0,18019952.0,17845056.0,16735134.0,19599684.0,16175251.0,0.0,
606,655.4394245480769,3.0569215,height,,,,,,,,,,,25488170.0,25101828.0,31748910.0,29120482.0,46299390.0,34975296.0,33170774.0,30921402.0,39997904.0,26803632.0,34479588.0,31159588.0,31446356.0,25007656.0,23442542.0,22043412.0,22305904.0,26892726.0,26921486.0,25468272.0,25731752.0,29957306.0,28460906.0,0.0,
607,963.55918559788,3.035343,height,,,,,,,,,,,5283268.0,5343849.5,4966000.0,4701982.5,7094332.5,10973178.0,0.0,8415982.0,8658355.0,7888182.0,10499005.0,8634197.0,8796695.0,8321121.5,7626730.0,8124189.5,7047630.5,7702693.0,6008880.0,7706116.5,7453715.5,10507055.0,6625002.0,0.0,
608,865.5024259328443,3.065068,height,,,,,,,,,,,0.0,0.0,0.0,0.0,9648853.0,0.0,0.0,0.0,0.0,0.0,0.0,0.0,0.0,0.0,0.0,0.0,0.0,0.0,0.0,0.0,0.0,0.0,0.0,0.0,
609,328.22315987271253,3.071884,height,,,,,,,,,,,261350750.0,236085090.0,251233420.0,243605010.0,282081000.0,252574420.0,247213000.0,236548130.0,258838990.0,224729980.0,237849600.0,244647200.0,256709250.0,232974350.0,225159220.0,217852850.0,232218020.0,232697920.0,251347600.0,235622770.0,206101460.0,241815100.0,229211460.0,0.0,
610,166.0724373592789,3.076939,height,,,,,,,,,,,11720421.0,12052297.0,12190793.0,12511928.0,6174362.5,6122225.0,6010686.5,7277688.5,5921477.0,6458041.0,6080167.0,6365857.5,5916959.0,7565260.0,7058237.5,7271337.5,7654918.0,7238219.5,8239367.0,7603342.5,6865275.0,6870700.0,6138835.5,0.0,
611,530.298054410002,3.0386398,height,,,,,,,,,,,9359911.0,8934976.0,6597290.0,7490615.0,4458152.0,21166596.0,18585010.0,15758124.0,21955784.0,0.0,15274753.0,16634976.0,0.0,15783078.0,14739746.0,16171686.0,16483619.0,0.0,13623568.0,15588183.0,13585827.0,0.0,14115429.0,0.0,
612,560.3341147050678,3.08406,height,,,,,,,,,,,8903596.0,8709812.0,0.0,9193145.0,15407073.0,41311976.0,43975216.0,42355004.0,46744708.0,0.0,45107580.0,47150840.0,45174696.0,45498148.0,45450410.0,40375884.0,37680356.0,37564376.0,40959350.0,46374464.0,43991530.0,43126840.0,47161108.0,0.0,
613,231.170365439086,3.0835302,height,,,,,,,,,,,0.0,0.0,0.0,0.0,538279550.0,0.0,0.0,0.0,0.0,0.0,0.0,0.0,0.0,0.0,0.0,0.0,0.0,0.0,0.0,0.0,0.0,0.0,0.0,0.0,
614,232.1733810273994,3.0835302,height,,,,,,,,,,,0.0,0.0,0.0,0.0,65640570.0,0.0,0.0,0.0,0.0,0.0,0.0,0.0,0.0,0.0,0.0,0.0,0.0,0.0,0.0,0.0,0.0,0.0,0.0,0.0,
615,1193.6634305135924,3.085922,height,,,,,,,,,,,1639059.4,1419941.1,1668711.2,0.0,5312091.0,11249934.0,11252129.0,9786127.0,11563667.0,9075684.0,12454830.0,13369517.0,11453429.0,8263836.0,9199391.0,8794689.0,7592892.0,7323454.5,7683337.5,10294591.0,8254194.5,10619132.0,10789160.0,0.0,
616,772.4094388452315,3.0903924,height,,,,,,,,,,,8331226.0,9103569.0,9117150.0,9919954.0,5923549.0,4738846.0,4366532.0,5376463.0,4733105.0,4470960.5,4582076.0,4719799.0,4269609.5,5539192.5,5556559.0,5060712.0,5201780.5,4629204.0,5551327.0,5531115.5,4390120.0,5182589.5,5274501.5,0.0,
617,558.3293474443883,3.0909884,height,,,,,,,,,,,133985110.0,130647950.0,159086830.0,136195620.0,229784850.0,632955300.0,657792450.0,655605950.0,714649600.0,573078140.0,646185100.0,673948540.0,545422140.0,610142200.0,612272300.0,580001600.0,589880400.0,519499650.0,610429600.0,684456960.0,573757100.0,657825900.0,666504100.0,0.0,
618,636.3417679353374,3.0648916,height,,,,,,,,,,,44824120.0,35724850.0,28916624.0,35040216.0,100734330.0,72294370.0,0.0,70526820.0,70943910.0,0.0,75767704.0,74814370.0,73347560.0,60954404.0,60447524.0,70733590.0,57453052.0,55297760.0,56219868.0,62883450.0,67006216.0,0.0,64954956.0,0.0,
619,1115.650710090572,3.0938373,height,,,,,,,,,,,2904737.2,2708743.2,4009349.8,3251748.5,6450540.0,50266140.0,54181184.0,49874544.0,56810588.0,48521484.0,59951110.0,62140056.0,57987090.0,42974052.0,49971996.0,47629224.0,39768556.0,41189490.0,44010560.0,54462340.0,41002436.0,51653696.0,52926096.0,0.0,
620,445.1931659674818,3.0946603,height,,,,,,,,,,,57461940.0,64728216.0,60541440.0,62496656.0,48517740.0,44558070.0,47608776.0,51260996.0,49167440.0,44699750.0,46103156.0,50544844.0,38410156.0,56243560.0,54542610.0,49215244.0,50615556.0,48002212.0,55812428.0,53394970.0,45840550.0,44285844.0,51850500.0,0.0,
621,559.3315352110794,3.0891645,height,,,,,,,,,,,47150110.0,43566172.0,55338280.0,48261460.0,76704750.0,216246610.0,225207740.0,223214030.0,242779890.0,0.0,237145820.0,224646460.0,234214530.0,234195580.0,234880380.0,195989100.0,226070820.0,175031740.0,213218610.0,235144940.0,227022560.0,218059140.0,246353730.0,0.0,
622,885.5453414413893,3.100514,height,,,,,,,,,,,24317590.0,22247812.0,29007062.0,26781770.0,16015365.0,61026060.0,63464330.0,63509990.0,63422500.0,57818890.0,70102776.0,67290056.0,61764240.0,70178110.0,66898340.0,63815868.0,56448680.0,56347212.0,62185890.0,70288770.0,54083364.0,71114610.0,66896036.0,0.0,
623,675.3565374583079,3.1031384,height,,,,,,,,,,,0.0,0.0,0.0,0.0,16368114.0,0.0,0.0,0.0,0.0,0.0,0.0,0.0,0.0,0.0,0.0,0.0,0.0,0.0,0.0,0.0,0.0,0.0,0.0,0.0,
624,446.1964453527599,3.1000113,height,,,,,,,,,,,13677580.0,13516402.0,13231935.0,13419964.0,9744177.0,9963452.0,9696096.0,11124306.0,9893642.0,9992141.0,9557999.0,10324802.0,10137887.0,11797902.0,11766909.0,11469596.0,10099034.0,9865717.0,11518627.0,11188182.0,10365705.0,9537328.0,11811787.0,0.0,
625,917.517315923619,3.1274703,height,,,,,,,,,,,8530838.0,7519156.0,10617484.0,8315054.0,0.0,19547844.0,22909068.0,25027758.0,24210580.0,22641420.0,24433046.0,28817150.0,20799540.0,28714112.0,24591322.0,22419396.0,23398222.0,24251202.0,23286872.0,26059386.0,19521696.0,28263248.0,25178430.0,0.0,
626,251.15030593003067,3.1390686,height,,,,,,,,,,,21832436.0,16873744.0,21702780.0,19856270.0,17627954.0,17349404.0,16326472.0,17024292.0,17579202.0,15121900.0,17935988.0,21216314.0,14622639.0,20393698.0,14384890.0,16701938.0,16725577.0,16713841.0,19215002.0,17211672.0,12833333.0,17879142.0,18088840.0,0.0,
627,263.1425333514506,3.140882,height,,,,,,,,,,,0.0,0.0,0.0,0.0,7788764.0,0.0,0.0,0.0,0.0,0.0,0.0,0.0,0.0,0.0,0.0,0.0,0.0,0.0,0.0,0.0,0.0,0.0,0.0,0.0,
628,655.4393653330546,3.100136,height,,,,,,,,,,,28330138.0,26607340.0,35062496.0,36231890.0,36967120.0,0.0,23058300.0,31831058.0,0.0,0.0,0.0,26514626.0,0.0,0.0,0.0,0.0,0.0,21161408.0,0.0,25787322.0,25817086.0,18902272.0,30476932.0,0.0,
629,677.3662823423,3.153528,height,,,,,,,,,,,5249074.0,4176001.5,4810905.5,4696778.0,5191227.5,5973634.0,5665734.5,5846402.5,7458550.5,5991417.0,7596985.0,7385238.5,5690573.0,6981917.0,5680606.0,6139572.5,6487886.5,7088332.0,7019367.5,5922263.5,5654168.0,6726216.5,6089958.5,0.0,
630,687.4113949096342,3.160927,height,,,,,,,,,,,20394322.0,17009928.0,20040430.0,17791548.0,0.0,6626858.5,8604224.0,7743759.0,7620558.5,8181607.0,8281798.0,8797787.0,6646323.0,10242339.0,9428504.0,9153652.0,10161070.0,11953948.0,10599279.0,9066968.0,8398546.0,9750386.0,7764167.5,0.0,
631,328.22312722882083,3.1025224,height,,,,,,,,,,,278904670.0,219658500.0,281087600.0,272078660.0,197856800.0,245369870.0,211476850.0,255288530.0,0.0,0.0,228599440.0,227474350.0,191169260.0,0.0,230664370.0,232528590.0,252341840.0,217874180.0,221859410.0,246413340.0,245070820.0,225564140.0,240207840.0,0.0,
632,360.1943541432435,3.1671832,height,,,,,,,,,,,152936900.0,124798030.0,148096690.0,128028600.0,0.0,107578420.0,128681270.0,108540760.0,127825864.0,117205550.0,131032056.0,140403540.0,114487310.0,146636200.0,121729410.0,125503770.0,128921576.0,149393140.0,136400080.0,127183150.0,122607120.0,136052900.0,124644100.0,0.0,
633,361.19757030890935,3.1646242,height,,,,,,,,,,,32088948.0,24868962.0,0.0,25998794.0,2499404.5,19242140.0,22390292.0,18909934.0,21925810.0,23880658.0,23208998.0,23980092.0,19527226.0,25601126.0,21795440.0,23154178.0,22874248.0,27500628.0,24131214.0,23076716.0,21670062.0,24816540.0,21222062.0,0.0,
634,629.366172928671,3.1836157,height,,,,,,,,,,,16635697.0,14561445.0,19667766.0,17390888.0,18025252.0,21620964.0,23569628.0,12186780.0,24608216.0,21912850.0,18575938.0,19252246.0,19712012.0,21144118.0,20208212.0,20049256.0,23074140.0,22821244.0,22010456.0,19224022.0,19796362.0,21448426.0,16147175.0,0.0,
635,850.4465653409716,3.1853127,height,,,,,,,,,,,10586101.0,9272535.0,12086622.0,10707496.0,12771610.0,10116806.0,11348658.0,9442642.0,11626498.0,10534863.0,10204904.0,9476417.0,9828275.0,10643070.0,11242081.0,10536737.0,10947867.0,12255917.0,10274778.0,10678280.0,8891692.0,11117983.0,8902987.0,0.0,
636,604.3459178711628,3.189488,height,,,,,,,,,,,6169151.5,5303181.0,7259101.0,5788015.0,6075612.5,6447221.5,6978333.5,5948807.5,7140289.5,6254246.5,6221147.0,5786495.0,6107249.5,5836479.0,6321019.0,6198362.0,6731041.0,6760525.5,6009274.5,6604571.0,5636229.5,6942723.5,5597913.5,0.0,
637,414.2269327221156,3.1904755,height,,,,,,,,,,,0.0,0.0,0.0,0.0,8528642.0,0.0,0.0,0.0,0.0,0.0,0.0,0.0,0.0,0.0,0.0,0.0,0.0,0.0,0.0,0.0,0.0,0.0,0.0,0.0,
638,293.11323172802514,3.1937103,height,,,,,,,,,,,16123569.0,16926448.0,22264886.0,16808416.0,17364378.0,16247681.0,17300402.0,16550691.0,17368124.0,18102600.0,16211107.0,15347099.0,17013230.0,17069908.0,16822192.0,16374115.0,18181946.0,15794881.0,16206484.0,18293266.0,16740700.0,16932742.0,16477598.0,0.0,
639,511.27998525634,3.1991215,height,,,,,,,,,,,11142379.0,11484439.0,12469451.0,10365664.0,5825277.5,7257783.0,7766868.0,7908373.5,6247200.5,7102427.0,6346461.5,5391589.5,6753886.0,7395986.5,8930526.0,7843860.0,8650269.0,8049349.0,8318975.5,9481030.0,7816305.0,9978427.0,7211116.0,0.0,
640,543.2522649120766,3.2011976,height,,,,,,,,,,,6566468.0,6206627.0,7167480.5,5682979.5,0.0,4610775.0,5282824.5,5682361.5,4347838.0,4815417.5,4888856.0,3865899.8,4768327.0,4834346.5,5492801.5,5105928.0,5826091.5,5455002.0,5352873.0,6530234.0,5442074.5,6775903.5,4969264.5,0.0,
641,425.27599990230135,3.2035215,height,,,,,,,,,,,8563364.0,8254032.0,8065345.5,8312249.0,3805117.0,10309509.0,11275230.0,10454052.0,9382150.0,10874570.0,9792038.0,9153176.0,10378745.0,12936211.0,12460385.0,11644029.0,13147533.0,13206992.0,12156451.0,15543897.0,11601918.0,14324743.0,10268031.0,0.0,
642,184.0638966884844,3.203988,height,,,,,,,,,,,51124440.0,47396320.0,49846420.0,45576096.0,79173050.0,57886280.0,53223970.0,54253284.0,45794100.0,48088896.0,47469804.0,42672596.0,50741824.0,49876924.0,51072812.0,47513310.0,51905070.0,49505600.0,51342548.0,63059428.0,51419036.0,58186012.0,54286056.0,0.0,
643,371.1925286545974,3.219014,height,,,,,,,,,,,6842475.0,6795198.0,7253652.5,7694369.5,4821050.0,7886085.5,7533167.5,6430864.5,7219868.0,6874331.5,7453150.5,6939160.5,7259264.5,7538596.0,7392774.0,6095769.5,7070523.0,7105867.5,7174438.0,7858644.0,6398903.0,7052381.5,6814084.5,0.0,
644,318.18124808794903,3.229146,height,,,,,,,,,,,0.0,0.0,0.0,0.0,7639810.5,0.0,0.0,0.0,0.0,0.0,0.0,0.0,0.0,0.0,0.0,0.0,0.0,0.0,0.0,0.0,0.0,0.0,0.0,0.0,
645,358.16124693836844,3.2351224,height,,,,,,,,,,,37046132.0,30995216.0,37160940.0,33263764.0,35511356.0,112650050.0,121456430.0,122812900.0,110826120.0,102840490.0,92625210.0,126912140.0,112432930.0,107258430.0,115831230.0,98017870.0,97657064.0,106336380.0,109894550.0,126310030.0,113482420.0,101279180.0,111745496.0,0.0,
646,968.5827540764432,3.2358932,height,,,,,,,,,,,5125340.5,3702012.5,2063110.4,3316200.5,0.0,6589901.5,6719971.0,6295457.5,6621718.0,7026575.0,6218711.0,6921464.0,6064158.0,7770934.5,6274753.5,6946523.0,6959823.0,6531808.0,5529894.5,6798314.5,7051018.0,6653437.0,5684132.0,0.0,
647,814.4025454357401,3.2376297,height,,,,,,,,,,,8840560.0,6929232.0,5821072.0,7257963.0,0.0,2995999.2,3727910.5,3802272.2,2985382.5,3766108.0,3099639.0,3647686.5,3248817.0,4382754.5,4026072.5,3789300.0,4400614.0,4295745.5,4079924.2,4373460.0,4292089.5,3959110.5,3682154.8,0.0,
648,782.4302430005305,3.240565,height,,,,,,,,,,,13277792.0,12049301.0,9834407.0,13197164.0,3019485.0,5752054.5,6513404.5,6173426.5,5102852.5,6799551.0,5385667.5,5762946.5,5805316.0,7089525.5,7451249.0,6255268.5,7385899.5,7572678.0,7103097.0,7418555.0,7781089.0,6460016.5,6600141.5,0.0,
649,505.3024606180285,3.244629,height,,,,,,,,,,,27114352.0,20822200.0,39117356.0,30546276.0,83899176.0,77365590.0,76472440.0,79197450.0,71505580.0,66703468.0,65951056.0,82430550.0,73252310.0,65878092.0,69409850.0,61660180.0,62564084.0,65927964.0,64809070.0,77297890.0,68048360.0,62923250.0,74430990.0,0.0,
650,359.1646321111065,3.2383146,height,,,,,,,,,,,6645555.0,5450913.0,0.0,5560590.0,5698779.5,18064516.0,20112526.0,20177860.0,18159706.0,16847178.0,15700427.0,21083868.0,18513360.0,17133490.0,19858868.0,17204040.0,15811926.0,17725596.0,18715932.0,20973678.0,18583516.0,16536179.0,18648182.0,0.0,
651,715.3146248707735,3.237292,height,,,,,,,,,,,1439471.4,1159228.2,0.0,0.0,1437392.8,12199477.0,13127713.0,13050209.0,11665984.0,12110008.0,9365531.0,13815024.0,12676922.0,10693816.0,12093396.0,10314794.0,10016777.0,11493533.0,9848634.0,13033316.0,12197422.0,10981792.0,11538409.0,0.0,
652,812.366968518684,3.251705,height,,,,,,,,,,,2123680.5,1782394.6,1617548.1,2229204.2,1236871.6,6103710.5,6383578.0,6525614.5,6159799.0,6628476.0,4864409.0,6624917.0,6424556.0,6832018.5,7153940.0,6062529.5,6061931.5,6942498.0,5487908.0,6788799.5,7090964.5,6021444.5,6525083.0,0.0,
653,316.22314044466054,3.2575173,height,,,,,,,,,,,2445664.8,2696595.5,4010645.5,2850940.2,6274917.5,5998600.0,6128589.5,5942760.5,5667661.5,5342317.0,5464972.0,6324238.5,6559670.5,5370806.5,5385596.5,4633938.5,4799035.5,4767106.5,4907573.0,5951528.5,5927077.0,5250452.0,6170393.5,0.0,
654,491.23284072265255,3.2579348,height,,,,,,,,,,,41733240.0,34181056.0,24131166.0,30134860.0,3517203.0,27861792.0,29344276.0,28566888.0,26813024.0,27016980.0,26173078.0,29030004.0,30571710.0,30288662.0,31319782.0,26794310.0,30978638.0,30105604.0,31233960.0,33572092.0,29774860.0,26419382.0,28933912.0,0.0,
655,455.2139702437443,3.2613018,height,,,,,,,,,,,115417624.0,116553300.0,116105850.0,119868424.0,84116250.0,87280910.0,91824000.0,92016930.0,84448560.0,82762860.0,85182744.0,92364110.0,102822410.0,96227464.0,99206290.0,78530840.0,95654584.0,92542210.0,93796824.0,98022170.0,96805150.0,83638136.0,93153864.0,0.0,
656,429.1983558740585,3.2654665,height,,,,,,,,,,,17772678.0,17743680.0,17886322.0,17435368.0,17122594.0,13253792.0,12796029.0,13249427.0,12593713.0,12093527.0,12668225.0,13555163.0,15309222.0,14635660.0,13556848.0,11869286.0,14009383.0,13185746.0,14723169.0,13403448.0,14335952.0,12095276.0,13900841.0,0.0,
657,698.3875717766851,3.273826,height,,,,,,,,,,,9345628.0,10390086.0,11362290.0,10644112.0,9652965.0,10038538.0,10251781.0,10071374.0,9565293.0,9580323.0,9496033.0,10298863.0,10509486.0,10468021.0,10374547.0,9559243.0,11513444.0,10232186.0,9761217.0,9604135.0,9831797.0,9195093.0,10699039.0,0.0,
658,498.3290672354733,3.2775683,height,,,,,,,,,,,5286782.0,6501679.5,8476134.0,6850394.5,7499385.5,7677862.0,8160718.0,7437453.0,7879800.5,6938342.0,7703268.0,8197741.5,8751445.0,7801311.0,7081671.0,6601966.5,8422344.0,6982352.0,7663508.0,7114007.5,7845037.0,6671571.5,8542051.0,0.0,
659,790.4141527707495,3.2815723,height,,,,,,,,,,,113671190.0,102184130.0,76796720.0,96068856.0,8732453.0,19626368.0,23785690.0,24191892.0,20297570.0,24617788.0,21705444.0,23026326.0,22623310.0,42611320.0,42767864.0,43770336.0,45943570.0,42457076.0,41425756.0,35152160.0,28755390.0,27050576.0,26550382.0,0.0,
660,461.1700820111388,3.2943237,height,,,,,,,,,,,30959862.0,32358296.0,36268456.0,26252948.0,28351008.0,26568770.0,32893434.0,31393072.0,34991212.0,26706352.0,29895086.0,30240114.0,29337632.0,29804692.0,30554786.0,30029222.0,34739644.0,27266992.0,32596584.0,27923858.0,31246494.0,27263620.0,32444380.0,0.0,
661,510.3291157045511,3.306765,height,,,,,,,,,,,14042639.0,15248117.0,16694930.0,12686349.0,15482660.0,14261466.0,15281396.0,16954716.0,18360430.0,15688764.0,14979842.0,14856035.0,15659704.0,16094171.0,14698373.0,16170471.0,16625860.0,14428669.0,16455324.0,15782568.0,15065484.0,15287435.0,16381312.0,0.0,
662,160.1081363185557,3.3165395,height,,,,,,,,,,,24535436.0,27816912.0,27752102.0,25327050.0,0.0,20968616.0,25119212.0,28730826.0,38259510.0,39003880.0,33810800.0,36995660.0,39062470.0,25330904.0,22652392.0,22736620.0,25774810.0,25155668.0,23458532.0,13457796.0,19413906.0,19264416.0,21895990.0,0.0,
663,251.15041994426625,3.3466723,height,,,,,,,,,,,275401470.0,310116380.0,329015300.0,278138460.0,218490290.0,255584910.0,265987620.0,273587400.0,268521150.0,261460660.0,291097250.0,260382540.0,242034660.0,296526660.0,284861980.0,288929600.0,238442670.0,296156030.0,245129140.0,264410670.0,284090050.0,229281060.0,260793060.0,0.0,
664,429.1983124349079,3.2763789,height,,,,,,,,,,,12295755.0,17878318.0,18025084.0,0.0,18970738.0,12940633.0,13366854.0,15106864.0,12924068.0,13086601.0,9546576.0,14257672.0,15390395.0,16390496.0,15227387.0,12569422.0,0.0,14889293.0,14953263.0,12430953.0,16546291.0,12034499.0,14828626.0,0.0,
665,263.13918318541874,3.3478408,height,,,,,,,,,,,22353620.0,15946393.0,11516784.0,12639580.0,42398660.0,0.0,1911159.8,2011419.4,0.0,2931645.8,1208647.6,1451696.0,1409578.8,7334475.0,6770560.0,7411809.5,6928897.5,7208994.0,6622415.5,4342496.5,2803475.8,2211216.2,1689637.1,0.0,
666,795.4257926081422,3.3552597,height,,,,,,,,,,,9268522.0,10605326.0,10338909.0,9719872.0,10445110.0,3632251.5,4358264.0,5077522.0,2568082.0,4911261.5,3789959.8,3641013.5,3357489.8,6227131.5,5169316.0,5882016.0,5251085.0,5904687.5,6074302.5,5312128.0,5244712.0,4459539.5,4984341.0,0.0,
667,399.26062350006856,3.358207,height,,,,,,,,,,,31780670.0,36170400.0,55519044.0,38656524.0,36604050.0,66669864.0,73620290.0,70712360.0,76004750.0,74176350.0,77105256.0,75654470.0,63587616.0,70540300.0,67016172.0,78886550.0,68296530.0,69922150.0,67446010.0,75117800.0,75526184.0,70857576.0,65163412.0,0.0,
668,292.129400134279,3.3594089,height,,,,,,,,,,,18775876.0,19586392.0,22060174.0,18741490.0,14579332.0,15671434.0,16175099.0,16042635.0,17512582.0,18090478.0,18487444.0,18449568.0,15692329.0,17777508.0,16696410.0,20727864.0,18872958.0,16213898.0,17277848.0,18392136.0,19229974.0,17657880.0,15978945.0,0.0,
669,780.4415462622374,3.3594244,height,,,,,,,,,,,12593547.0,13617181.0,13581231.0,13590451.0,7275640.5,8772299.0,10038013.0,10269604.0,10200848.0,10541037.0,8938554.0,9678227.0,8540479.0,9584129.0,8925078.0,10588021.0,8703101.0,9938319.0,10205028.0,10532568.0,11023414.0,9697036.0,8646350.0,0.0,
670,277.0855583885726,3.35982,height,,,,,,,,,,,9820463.0,9266216.0,10108291.0,9824184.0,7096972.0,7536099.0,7883925.0,8300313.0,8618758.0,9146133.0,9279559.0,8537072.0,7574552.5,8737133.0,8275901.0,9807021.0,8460413.0,7965227.5,9276788.0,8996192.0,9204492.0,8367422.5,8065331.5,0.0,
671,229.15483776575883,3.3598113,height,,,,,,,,,,,16540084.0,18369644.0,19416988.0,16653317.0,16729597.0,16689556.0,19621370.0,19239990.0,21308778.0,20483384.0,18424542.0,20583226.0,18474582.0,21720660.0,18561272.0,22787754.0,18553660.0,19343258.0,20475428.0,20326340.0,21341562.0,18912288.0,17129440.0,0.0,
672,928.5514768711683,3.3651116,height,,,,,,,,,,,8871178.0,9943701.0,10859535.0,9541333.0,6700200.5,11262308.0,12116574.0,12986846.0,12984050.0,14604259.0,11176622.0,12732080.0,11268812.0,15375801.0,13116117.0,13937859.0,11026450.0,11056412.0,13690698.0,12650815.0,14668928.0,12751911.0,10093016.0,0.0,
673,635.3884310492589,3.3661942,height,,,,,,,,,,,0.0,0.0,1485657.9,0.0,9275387.0,6624867.5,6202582.0,6074853.5,9503373.0,6188761.5,5853658.0,8200988.0,7445644.0,4191087.0,3629779.8,4221835.5,4417276.5,4085173.2,4322664.0,5422471.0,5409989.5,5734348.5,6123388.5,0.0,
674,300.1920398822565,3.367506,height,,,,,,,,,,,15954794.0,14836079.0,13254017.0,16330290.0,2462561.8,6076646.5,6886052.0,7531714.5,7484209.0,9194536.0,6218229.5,7895311.5,6846694.5,11560071.0,10036562.0,10611177.0,10396838.0,9173971.0,11157524.0,11132927.0,9407018.0,9437254.0,8127216.0,0.0,
675,889.48337867377,3.310598,height,,,,,,,,,,,10094973.0,7710899.5,0.0,6818217.0,8571469.0,8654044.0,6942628.5,7856004.5,6762206.5,6812603.0,0.0,5625457.5,7268139.0,0.0,0.0,8758520.0,0.0,6582020.5,7078607.5,0.0,8229307.0,7183366.5,6662312.0,0.0,
676,599.3779661314709,3.3716323,height,,,,,,,,,,,0.0,0.0,0.0,0.0,12901745.0,0.0,0.0,0.0,0.0,0.0,0.0,0.0,0.0,0.0,0.0,0.0,0.0,0.0,0.0,0.0,0.0,0.0,0.0,0.0,
677,783.498887257908,3.3750942,height,,,,,,,,,,,0.0,0.0,2343455.2,0.0,13317919.0,14207198.0,14607353.0,12380387.0,19149210.0,12850948.0,15108964.0,18148750.0,14774315.0,11871647.0,9070977.0,10697279.0,8963673.0,8588207.0,10691306.0,10495466.0,11007606.0,11715287.0,12793499.0,0.0,
678,418.1459083946608,3.3929207,height,,,,,,,,,,,0.0,60773380.0,53687800.0,58092550.0,49121976.0,43223630.0,46811148.0,40884050.0,39786740.0,46703516.0,43008300.0,45784370.0,42636480.0,0.0,0.0,45268470.0,47799160.0,47682100.0,44679010.0,43134624.0,45061976.0,0.0,45035692.0,0.0,
679,215.13933126028368,3.3878465,height,,,,,,,,,,,7040731.5,9832135.0,7185980.0,10368130.0,108850270.0,11136935.0,11808394.0,9066561.0,14060274.0,11059643.0,11105586.0,11491320.0,10339225.0,14192403.0,13364659.0,13522476.0,13673299.0,12299679.0,14444795.0,10208004.0,9229129.0,9433681.0,10454928.0,0.0,
680,531.3005889023533,3.3944998,height,,,,,,,,,,,296678080.0,322649150.0,310732450.0,314265820.0,226457220.0,229672370.0,283502270.0,216086510.0,279473250.0,318885630.0,287456350.0,289929440.0,254653820.0,318505250.0,280195100.0,328015200.0,309788740.0,270821630.0,294261920.0,296341570.0,287899800.0,322820100.0,265509920.0,0.0,
681,1059.5893893055022,3.3935902,height,,,,,,,,,,,120627540.0,127562530.0,127011224.0,122071656.0,71116610.0,69696310.0,97967010.0,73728880.0,84477010.0,88121460.0,88347750.0,101201210.0,72781176.0,101648456.0,89706180.0,89737816.0,86824670.0,79510990.0,100777210.0,89943850.0,103519670.0,100482024.0,79338920.0,0.0,
682,530.2987924833611,3.3940794,height,,,,,,,,,,,924551400.0,949367550.0,990991040.0,935088640.0,679253440.0,694949250.0,906215230.0,687723260.0,845463600.0,881805250.0,773230660.0,895435900.0,743800400.0,964688640.0,894682400.0,885104500.0,884827460.0,763474700.0,931359700.0,866272060.0,888253900.0,877459400.0,814513540.0,0.0,
683,532.303188114862,3.395108,height,,,,,,,,,,,53450436.0,55600650.0,55607830.0,53779120.0,38613056.0,43033760.0,60504080.0,41577060.0,50942764.0,57774500.0,50548332.0,51198460.0,47019116.0,57922980.0,51301816.0,59048260.0,55361890.0,0.0,60682376.0,52927420.0,52973580.0,60429870.0,51037564.0,0.0,
684,947.4372575874522,3.3965287,height,,,,,,,,,,,11076920.0,10953875.0,10588141.0,12161340.0,7766977.0,4632837.0,6114639.5,5223203.5,5633895.5,5889865.0,5533970.5,5886411.5,5469133.0,8079171.5,6467490.5,7025892.0,6784612.0,6581902.0,8166073.5,7336206.5,6981859.5,7115339.0,5967313.0,0.0,
685,914.536575196681,3.4042757,height,,,,,,,,,,,8875401.0,4171447.5,35197260.0,8816889.0,178772110.0,123390510.0,146290350.0,101407100.0,165597860.0,118847580.0,129426790.0,150219120.0,123499670.0,98954824.0,92147550.0,97411760.0,99738100.0,85720640.0,98079250.0,119242050.0,125893300.0,133210370.0,118983930.0,0.0,
686,769.4836331682316,3.4069676,height,,,,,,,,,,,0.0,0.0,4435431.5,0.0,213799790.0,120456540.0,109795450.0,80846170.0,154443700.0,78864136.0,114037100.0,113017460.0,105514720.0,52508436.0,44367356.0,50887704.0,53617950.0,46614580.0,44829256.0,76511370.0,72427144.0,82550000.0,91561540.0,0.0,
687,385.2451545964444,3.413036,height,,,,,,,,,,,26892994.0,19040024.0,98871470.0,27408854.0,855942600.0,611872960.0,576978700.0,487168740.0,704044900.0,462666780.0,572329200.0,568551800.0,534122500.0,362018500.0,340355000.0,380111360.0,398194500.0,363417950.0,334601660.0,481085440.0,430862900.0,460458700.0,510618940.0,0.0,
688,802.3844015991087,3.413201,height,,,,,,,,,,,0.0,0.0,2506182.0,0.0,18535784.0,9857726.0,10343033.0,8208344.5,11883640.0,8036180.0,9766220.0,8497760.0,8850766.0,7798085.0,6594796.5,6928591.0,8232907.5,6985263.5,6561287.0,9591349.0,8482881.0,8700457.0,10528211.0,0.0,
689,419.1493721834072,3.398504,height,,,,,,,,,,,9167529.0,10424014.0,10219770.0,10077318.0,8601744.0,7363490.0,8675361.0,8263334.0,8200532.5,8378804.0,8125155.5,6886110.5,7453747.0,0.0,8756955.0,8407478.0,9213772.0,8869743.0,7905301.0,7614308.5,8727180.0,8136487.5,8260074.5,0.0,
690,130.09784943786866,3.417233,height,,,,,,,,,,,0.0,0.0,0.0,0.0,20287448.0,0.0,0.0,0.0,0.0,0.0,0.0,0.0,0.0,0.0,0.0,0.0,1302339.6,0.0,0.0,0.0,0.0,0.0,0.0,0.0,
691,1069.63088302629,3.4227884,height,,,,,,,,,,,0.0,0.0,0.0,0.0,0.0,18677366.0,19957370.0,20258728.0,20265190.0,20140732.0,19074546.0,20891750.0,18831664.0,23717292.0,20277950.0,21108954.0,24984932.0,23342440.0,21012678.0,23002634.0,21967366.0,22212808.0,22743904.0,0.0,
692,514.3358359039792,3.4239705,height,,,,,,,,,,,0.0,0.0,0.0,0.0,43663384.0,0.0,0.0,0.0,0.0,0.0,0.0,0.0,0.0,0.0,0.0,0.0,1398643.2,1223357.6,0.0,0.0,0.0,0.0,0.0,0.0,
693,659.3887551077446,3.4221866,height,,,,,,,,,,,0.0,0.0,0.0,0.0,25463600.0,0.0,0.0,0.0,0.0,0.0,0.0,0.0,0.0,1859134.9,1832681.0,2037499.6,2058495.4,1993804.2,0.0,0.0,0.0,0.0,0.0,0.0,
694,924.5780229867612,3.432864,height,,,,,,,,,,,0.0,0.0,0.0,0.0,0.0,29825820.0,25994728.0,22986880.0,31332534.0,24612512.0,26831910.0,24954588.0,24491612.0,20578524.0,18542652.0,18267368.0,22023338.0,20530586.0,18324906.0,23234298.0,20504660.0,22520924.0,30821418.0,0.0,
695,988.5517101177778,3.434851,height,,,,,,,,,,,13116192.0,12422880.0,6183148.5,9812885.0,1646842.9,2716309.8,3604823.2,3630378.2,2995270.0,4056641.5,3116639.0,3030283.8,2499467.0,6052644.5,5068171.0,5040274.0,6279282.5,4919940.5,5340962.0,5718082.5,4329001.0,4603572.5,4090338.0,0.0,
696,265.15532191792227,3.436405,height,,,,,,,,,,,0.0,0.0,0.0,0.0,20423532.0,0.0,0.0,0.0,0.0,0.0,0.0,0.0,0.0,0.0,0.0,0.0,0.0,0.0,0.0,0.0,0.0,0.0,0.0,0.0,
697,622.3244078770667,3.4478433,height,,,,,,,,,,,1997363.8,1775199.5,0.0,1717343.8,0.0,23519370.0,17983686.0,14561997.0,23640896.0,17791004.0,18176884.0,18836750.0,17878408.0,14370018.0,14140730.0,12038064.0,14064966.0,13735969.0,12023031.0,13461086.0,14771427.0,15710035.0,17061910.0,0.0,
698,875.5252346983865,3.4475894,height,,,,,,,,,,,0.0,0.0,2623190.0,0.0,36159570.0,25409970.0,16724975.0,14227976.0,20116760.0,17590524.0,19497376.0,19742868.0,17223326.0,12352573.0,11348919.0,10734501.0,11576858.0,10226018.0,10623857.0,11614521.0,13400347.0,14275307.0,19542706.0,0.0,
699,1020.578074014626,3.448346,height,,,,,,,,,,,7200668.0,7377470.0,11259109.0,7498373.0,16726058.0,17827778.0,13669368.0,12654734.0,14056908.0,15685866.0,16395313.0,15222365.0,13216905.0,16433152.0,14883106.0,14124881.0,13513251.0,12721785.0,13034380.0,11843865.0,13954932.0,15840542.0,16133564.0,0.0,
700,940.5514749394722,3.448726,height,,,,,,,,,,,24962576.0,27421918.0,26018628.0,24173166.0,17556960.0,20679634.0,15674324.0,16538623.0,14834810.0,19434262.0,16791108.0,16665282.0,14956233.0,19975090.0,18492188.0,16997974.0,19119510.0,18411992.0,17700966.0,15611559.0,17678126.0,18019050.0,19347260.0,0.0,
701,795.4984708415485,3.4525223,height,,,,,,,,,,,4401431.0,3427411.8,9870365.0,3839760.2,65144836.0,53317748.0,32868378.0,31868628.0,39328932.0,36665696.0,37611530.0,37285292.0,33647264.0,26320610.0,24614350.0,23556216.0,25408446.0,24786346.0,25394434.0,26927596.0,28998354.0,30957154.0,41688748.0,0.0,
702,418.1459833804584,3.442083,height,,,,,,,,,,,50372344.0,57774012.0,50969030.0,59487224.0,51949584.0,41467440.0,39676980.0,41842732.0,43577770.0,43414876.0,42638910.0,38319710.0,36974400.0,48420380.0,46227330.0,48658556.0,50391324.0,47157896.0,42713844.0,46842344.0,42030160.0,40399320.0,45318708.0,0.0,
703,251.15042853256173,3.4649546,height,,,,,,,,,,,104670230.0,103737940.0,90415610.0,109543210.0,73670100.0,77814856.0,74116050.0,75661810.0,69753400.0,73878310.0,72485576.0,69324104.0,70157680.0,75941270.0,75084280.0,67922136.0,65973028.0,74942240.0,68629320.0,67086732.0,74027350.0,72382310.0,71707040.0,0.0,
704,491.2871084105794,3.4673877,height,,,,,,,,,,,91974130.0,70691900.0,112657610.0,80432240.0,283801500.0,265302690.0,233711060.0,209451120.0,194855250.0,219571780.0,211868640.0,205012940.0,219770220.0,193622190.0,203852560.0,183668030.0,171769600.0,182578750.0,174888100.0,165272910.0,189247920.0,209095180.0,228481970.0,0.0,
705,528.3406291336972,3.476321,height,,,,,,,,,,,6992209.0,6650509.5,5237496.0,6113572.5,5456800.0,6815178.0,6249433.5,6554215.0,5439669.5,6158589.5,5832529.0,5360361.5,6540749.0,5930323.5,6204928.5,6230801.5,5586381.0,6356212.0,5939712.5,5078889.0,5767882.5,6414037.0,6600016.0,0.0,
706,901.540298101662,3.4767454,height,,,,,,,,,,,4833837.0,3570782.2,8413653.0,4546257.5,15348929.0,13897914.0,11291640.0,11122286.0,8971141.0,10631689.0,10275754.0,10894169.0,10808936.0,9428850.0,9500080.0,9288186.0,8359249.0,11314470.0,9162825.0,9318835.0,9995843.0,11351970.0,12087287.0,0.0,
707,541.3422621609895,3.4936106,height,,,,,,,,,,,1936198.9,1804981.0,2032746.8,0.0,0.0,107438424.0,109721910.0,103214500.0,86273544.0,0.0,114526230.0,100454990.0,0.0,90891530.0,100564140.0,105707110.0,108290640.0,106556310.0,99909464.0,103908344.0,92740664.0,98270090.0,103072900.0,0.0,
708,459.2607567243312,3.479128,height,,,,,,,,,,,100168900.0,93142990.0,43438800.0,72055430.0,1650534.2,29577718.0,35688830.0,38148588.0,25775104.0,41985470.0,28970684.0,28196706.0,33124338.0,49642910.0,52270980.0,52483390.0,44208936.0,53016100.0,49787736.0,45120948.0,45220076.0,50616290.0,36973060.0,0.0,
709,770.3576412602762,3.4837186,height,,,,,,,,,,,7616235.5,7165782.0,5984219.5,6743651.0,5166805.5,6226857.5,5420025.0,5810861.0,4149451.8,6240925.0,5233420.5,5401776.0,5433663.5,6158207.5,6396164.5,6236457.5,6091936.5,6882159.0,5430328.0,4975603.0,4920763.5,5251364.0,5574953.5,0.0,
710,213.12352186965572,3.4931595,height,,,,,,,,,,,23691462.0,19765588.0,23883186.0,21683170.0,32821794.0,27837852.0,27017318.0,28979010.0,25298298.0,29689662.0,27344646.0,25376044.0,31085384.0,24038312.0,25150588.0,27451790.0,25233000.0,25744148.0,26884746.0,23564492.0,26470376.0,28038726.0,28295344.0,0.0,
711,869.5150254844452,3.493215,height,,,,,,,,,,,9985113.0,9753359.0,6179733.0,7938705.0,0.0,3068705.8,3719362.2,4471565.5,2710137.8,4762970.0,2979518.0,3306533.2,3354548.8,5172553.5,5350970.0,5393244.5,4884521.0,5858894.0,4930294.0,5563867.0,5066650.0,4777509.0,3789808.8,0.0,
712,542.3447868255128,3.499991,height,,,,,,,,,,,0.0,0.0,0.0,0.0,0.0,20705110.0,20062360.0,19424308.0,15434544.0,19895986.0,20973102.0,17175814.0,0.0,16587564.0,18586190.0,17570840.0,17241298.0,20327702.0,18310072.0,18007932.0,19408546.0,18653382.0,18721958.0,0.0,
713,411.2605609841044,3.4976575,height,,,,,,,,,,,169964450.0,140798320.0,169361260.0,158922770.0,237902880.0,200539860.0,199251200.0,211908900.0,175227730.0,215036750.0,195789780.0,184002940.0,220734020.0,174461630.0,179602190.0,202462220.0,182113650.0,190572030.0,195215660.0,170894560.0,192568980.0,203171900.0,208898940.0,0.0,
714,357.1770357888778,3.497705,height,,,,,,,,,,,8765816.0,7522373.5,6770497.5,8368396.0,6948624.5,8279510.5,8239110.5,8959674.0,7046049.5,9261749.0,7661196.5,7724569.0,8716778.0,7777199.0,7702201.5,8656871.0,7814071.0,8407262.0,8869623.0,7337285.0,8042780.5,8429390.0,8677084.0,0.0,
715,540.3396272612571,3.4985917,height,,,,,,,,,,,7005970.0,6171346.5,7068500.5,7167292.5,0.0,346428130.0,320998700.0,330503940.0,265026690.0,343598750.0,311917760.0,284190500.0,366236930.0,300545600.0,313508220.0,315812860.0,307096600.0,318688260.0,306378660.0,310381730.0,301123360.0,322200060.0,347557540.0,0.0,
716,821.5138987999636,3.5035539,height,,,,,,,,,,,19106704.0,19062750.0,27119832.0,21536842.0,32685408.0,24020564.0,22403866.0,25566794.0,17644832.0,26266024.0,23792248.0,23031358.0,24392128.0,21973578.0,20956442.0,24017428.0,23485272.0,21710362.0,21450764.0,21050704.0,22896630.0,20926380.0,25888388.0,0.0,
717,950.5928091931517,3.5054119,height,,,,,,,,,,,0.0,0.0,0.0,0.0,0.0,22745994.0,21992608.0,24088340.0,19098772.0,24899080.0,22458820.0,20950416.0,23105330.0,22113160.0,20999682.0,24226830.0,23345206.0,21476920.0,20367066.0,21141286.0,22193642.0,20468400.0,24692952.0,0.0,
718,1079.6721551238948,3.507653,height,,,,,,,,,,,0.0,0.0,0.0,0.0,0.0,10238198.0,10055217.0,10631857.0,9501674.0,11021470.0,9719261.0,9221165.0,9836428.0,10657315.0,10117464.0,11370530.0,10543670.0,10496867.0,9114879.0,9564209.0,10410852.0,9576583.0,11549358.0,0.0,
719,419.2318543995937,3.5100627,height,,,,,,,,,,,0.0,0.0,0.0,0.0,11807617.0,6646368.5,5581538.0,5547599.0,5133572.5,4991881.5,5651645.0,5715974.5,6793092.5,3233602.8,3136246.2,3358600.8,3259139.8,3309169.0,3482625.2,3623123.5,3969082.0,3672429.2,5623435.5,0.0,
720,399.2605576179108,3.4987237,height,,,,,,,,,,,14510992.0,15496091.0,16719997.0,18758554.0,19728390.0,25367842.0,26751094.0,26666956.0,24430070.0,0.0,28552084.0,27519840.0,28270612.0,0.0,25432694.0,25159396.0,28467688.0,22729168.0,22443276.0,25165946.0,24402468.0,25931978.0,26244850.0,0.0,
721,217.15478659935715,3.5141304,height,,,,,,,,,,,4446863.0,4566555.0,4148523.0,5094759.5,69339400.0,4490328.0,5257418.0,5573346.5,4409797.5,5101724.0,5046617.0,5166130.0,5770841.5,4896112.5,4426506.0,4523709.0,5026300.0,4189940.2,4530334.0,4493379.5,4697571.0,4581199.5,5625271.5,0.0,
722,126.06634505903668,3.5212522,height,,,,,,,,,,,14778446.0,14770541.0,13822520.0,15285049.0,1688609.9,2163769.0,2225396.5,2466621.8,2307144.8,2024483.2,2024083.8,1846720.5,2319860.5,3929437.8,3584649.0,4149391.8,4030357.0,4015412.0,4117542.0,2420331.5,2695057.2,2556057.8,2372346.2,0.0,
723,304.1655616823729,3.5476832,height,,,,,,,,,,,0.0,0.0,0.0,0.0,9359200.0,0.0,0.0,0.0,0.0,0.0,0.0,0.0,0.0,0.0,0.0,0.0,0.0,0.0,0.0,0.0,0.0,0.0,0.0,0.0,
724,302.2074785492663,3.5542464,height,,,,,,,,,,,14616644.0,16994492.0,20819538.0,18143180.0,28070480.0,22791304.0,25214492.0,25816284.0,25717284.0,25017376.0,21521464.0,27859788.0,23889072.0,24249688.0,21630570.0,26560732.0,25925972.0,25610902.0,22495300.0,23113366.0,21338158.0,21793764.0,22085282.0,0.0,
725,213.08713106638297,3.5608149,height,,,,,,,,,,,8575869.0,9535197.0,8859190.0,9655585.0,7519401.5,7284781.5,7572845.5,8650638.0,8920664.0,8852125.0,7380632.0,8151419.5,7998308.0,8474337.0,7433402.5,8186312.0,8799945.0,8728713.0,7752118.5,8490675.0,8215574.0,7886049.0,8082666.0,0.0,
726,230.1135757572946,3.5608845,height,,,,,,,,,,,13362620.0,14955765.0,14168733.0,14443138.0,11987868.0,11281390.0,11748820.0,12539005.0,12647090.0,13845815.0,11868286.0,13018619.0,12983170.0,13779269.0,11607378.0,12667464.0,13249704.0,13284179.0,12089552.0,14365667.0,10987037.0,11100871.0,12221283.0,0.0,
727,431.2322988459671,3.5658832,height,,,,,,,,,,,4823224.0,5600299.0,9690021.0,6764218.5,18465906.0,16937004.0,17842372.0,19523772.0,22147644.0,19136634.0,19212768.0,20547784.0,17650516.0,15656913.0,14294355.0,16292584.0,17551370.0,16551490.0,15422262.0,16602640.0,17838314.0,18621398.0,18652180.0,0.0,
728,765.4874975974842,3.577308,height,,,,,,,,,,,5110739.0,5357232.5,6430917.0,6267865.0,6011601.0,1382762.8,0.0,1485661.5,0.0,1704712.4,1725941.8,1236108.9,0.0,2289186.2,2490972.5,2699159.2,2771145.2,2117083.2,2521970.8,1640796.1,1598623.6,0.0,1778058.9,0.0,
729,684.3725671178162,3.5832417,height,,,,,,,,,,,3619773.0,4336102.0,4483087.0,4577220.0,4365467.0,4794786.5,4328025.0,5115104.0,4296813.5,4384300.5,4775439.0,5044644.5,4911071.5,4631561.5,4863954.5,5095504.0,5511652.5,4408799.0,4353187.5,4752448.5,4420688.0,4838528.0,4602195.0,0.0,
730,1092.6673431896938,3.5840793,height,,,,,,,,,,,0.0,0.0,0.0,0.0,0.0,5010648.0,4232453.0,4283030.0,3790911.5,4292232.0,4436300.0,4314989.5,4561225.5,4443502.5,5752499.0,5068160.0,4896541.5,3856976.5,4577110.0,4464304.0,4311700.0,4400002.0,4140040.8,0.0,
731,524.3084529276689,3.587137,height,,,,,,,,,,,5445855.5,6438858.5,5934955.0,6950847.5,7438640.0,4561026.5,4587074.0,5297164.5,4983569.5,4874760.0,5173690.5,5728693.5,4911409.0,5017863.0,5239484.5,5457768.0,5603486.0,5091549.5,5444486.5,4759980.5,4761517.0,5342859.5,5243603.0,0.0,
732,601.3348408820895,3.5947258,height,,,,,,,,,,,27652318.0,33812216.0,33176920.0,33321294.0,32606528.0,35860596.0,34805404.0,40727292.0,30634284.0,33794388.0,36962932.0,35954860.0,36925410.0,36644412.0,37508240.0,35805490.0,38482684.0,34848572.0,34164416.0,34972780.0,35396764.0,35934652.0,34532884.0,0.0,
733,326.2073249807538,3.6013045,height,,,,,,,,,,,8503940.0,9300777.0,6758125.5,8504841.0,5042017.5,10044342.0,10730286.0,12209987.0,10538336.0,9939731.0,10704150.0,12318750.0,10641235.0,10649008.0,10267922.0,10586566.0,11777228.0,10094539.0,11132957.0,10800255.0,11000383.0,10660092.0,10481906.0,0.0,
734,560.3083346734949,3.6016064,height,,,,,,,,,,,3931894.8,4684443.5,4406523.5,4473702.0,4124350.2,4257947.0,4247626.5,4648289.5,3796371.5,4082597.5,4196300.5,4847331.0,4451940.0,4294541.0,4544193.0,4501321.5,4596095.0,4370811.5,4674192.0,4062258.2,4525988.5,3930542.2,4289149.5,0.0,
735,385.2446543191928,3.554469,height,,,,,,,,,,,20333542.0,21951618.0,20845504.0,21706456.0,115952850.0,78215950.0,56778320.0,0.0,0.0,62938300.0,44032290.0,62881130.0,87496980.0,58632330.0,51657376.0,53203630.0,60647780.0,44057244.0,34462460.0,55267588.0,37083536.0,37048196.0,42322012.0,0.0,
736,145.1334755779346,3.6160958,height,,,,,,,,,,,3229356.0,2323577.2,2319786.8,1831750.2,0.0,0.0,1162029.1,2023406.5,0.0,1647144.9,1672582.5,1624112.2,1460669.0,5312263.5,4661982.5,4795338.0,5448948.5,4462097.5,5488836.0,0.0,1685360.9,1340608.5,1076045.5,0.0,
737,659.376791734654,3.6190093,height,,,,,,,,,,,3562690.2,3875234.5,3753220.0,3612382.8,4517605.0,7185843.5,8122579.0,7011628.5,7241517.5,6297767.0,6293661.0,9432544.0,7054138.0,6623682.0,6820620.5,7054782.5,7297244.0,6446591.0,6744184.0,6421920.5,6925269.5,6431338.5,7308513.5,0.0,
738,553.3347992123851,3.6232748,height,,,,,,,,,,,196048370.0,240427950.0,187578720.0,199757020.0,179802260.0,191280690.0,225529310.0,192020860.0,176361550.0,184768110.0,162535120.0,243617760.0,178092450.0,188919000.0,195253870.0,196990690.0,222171070.0,190061420.0,209068510.0,172016240.0,209531540.0,167010990.0,190144000.0,0.0,
739,1105.663103517329,3.6260028,height,,,,,,,,,,,3451432.5,3438610.8,3122443.2,3343019.0,2703706.8,2823476.0,3146411.5,2787566.8,2944094.8,2713673.2,2780584.8,3683870.5,2601934.0,2670997.8,3283482.5,3321518.8,3093145.0,3123217.8,2712858.2,2852773.2,3373671.5,2487252.8,2996188.2,0.0,
740,855.4980443998614,3.6272385,height,,,,,,,,,,,8146582.0,7801871.5,6170374.0,6454822.5,4201131.0,61756550.0,72411460.0,56177816.0,74912690.0,57645020.0,53594040.0,86398250.0,58496652.0,47399096.0,52806708.0,54246772.0,51376796.0,49917976.0,51870370.0,59090856.0,64355000.0,56540130.0,56223630.0,0.0,
741,871.4936301705023,3.6119113,height,,,,,,,,,,,0.0,2479590.5,3050957.2,2369013.5,5156588.5,3735681.5,4293895.0,3629801.0,4163784.2,3365471.5,3522211.8,4753816.0,3550241.0,3456347.2,4150632.2,0.0,3744555.5,3041305.5,3671573.8,0.0,3935082.0,3003011.5,3567239.0,0.0,
742,428.2524658869703,3.6302745,height,,,,,,,,,,,0.0,0.0,0.0,0.0,0.0,5422754.0,6263892.0,6001888.5,6106645.5,5994789.0,5646255.5,7241058.0,5073592.0,4983518.0,5085400.0,4352392.0,5381623.5,4739809.5,4940317.0,5051231.5,5817241.0,5726087.0,5048631.0,0.0,
743,554.3375336226322,3.625946,height,,,,,,,,,,,69262400.0,74028590.0,58513150.0,66333764.0,54015770.0,61148684.0,72184216.0,62010240.0,0.0,59675548.0,48790070.0,77293976.0,53102544.0,69803720.0,63339916.0,68590376.0,66977320.0,57166416.0,71336984.0,56098370.0,63168788.0,54889268.0,60758696.0,0.0,
744,575.3160799854755,3.640373,height,,,,,,,,,,,3343010.8,4093571.0,3357262.8,3527709.2,2177030.0,2731027.0,2926921.8,2673042.8,2648862.0,2638353.0,2228613.5,3028300.2,2563173.8,2308114.0,2504211.8,2494134.5,2539963.5,2544548.0,2972200.0,2345818.2,2805131.5,2332032.2,2654546.5,0.0,
745,318.1811848997136,3.6446826,height,,,,,,,,,,,0.0,0.0,0.0,0.0,6053315.0,0.0,0.0,0.0,0.0,0.0,0.0,0.0,0.0,0.0,0.0,0.0,0.0,0.0,0.0,0.0,0.0,0.0,0.0,0.0,
746,344.1452285428693,3.6472383,height,,,,,,,,,,,5687122.5,6707918.0,5129537.0,5428535.5,6967706.5,4535895.5,5753138.5,4947960.0,4397187.5,4776450.0,4205134.5,5314139.5,4034463.2,4787869.0,4693088.5,4952479.5,5104481.0,4543135.0,5086367.0,4550956.0,5574780.5,4578806.5,4807729.5,0.0,
747,1013.5703500057678,3.6504257,height,,,,,,,,,,,0.0,0.0,1441308.6,0.0,7688197.0,6053046.0,5912138.0,5016626.5,5418055.0,4890635.5,4822181.0,5611876.0,5350926.5,3128487.2,4082648.8,3576464.2,4006758.8,3871211.8,4173146.8,4241489.5,5041100.5,4024058.8,4778074.5,0.0,
748,461.24297435234377,3.6535647,height,,,,,,,,,,,15278634.0,11396892.0,30719872.0,12022052.0,164885570.0,145537900.0,140061060.0,121879224.0,138271300.0,119752270.0,116844800.0,157850450.0,126472980.0,93868990.0,79064550.0,89351470.0,100151256.0,97715800.0,101437430.0,93824500.0,112822700.0,98917030.0,133076230.0,0.0,
749,921.4782115863918,3.655764,height,,,,,,,,,,,0.0,0.0,0.0,0.0,6522939.5,4148130.8,3562139.2,3014652.0,3912116.8,2430417.0,3084243.0,4187681.5,3699841.2,1519031.1,1813964.8,1647546.1,1813582.6,1600889.8,2171294.8,1858139.1,2597824.0,2362631.2,2845426.2,0.0,
750,387.18742085106607,3.6596494,height,,,,,,,,,,,4998122.5,5433980.0,4839278.0,4361274.5,6149381.0,4951816.5,5244137.5,4909820.0,4870345.0,5256506.0,4336063.0,5659928.0,4800971.0,5366526.5,4325088.0,5279273.0,5702026.0,5777091.5,6020640.5,4546080.5,5545281.5,4927423.0,5380375.5,0.0,
751,965.5667251585536,3.65986,height,,,,,,,,,,,12354962.0,15546079.0,15698585.0,14114438.0,21427514.0,0.0,0.0,0.0,0.0,0.0,0.0,0.0,0.0,0.0,0.0,0.0,0.0,0.0,0.0,0.0,0.0,0.0,0.0,0.0,
752,990.5300888845396,3.660497,height,,,,,,,,,,,2223403.8,2614566.2,2975875.8,2465905.2,5559470.0,4097683.0,4141005.8,3814759.8,3802761.2,3849710.0,3389129.5,4358084.0,3730808.5,3589893.8,3742159.8,3823310.5,3588378.5,4325853.5,3548018.0,3265425.0,3749854.5,3180058.8,3466291.2,0.0,
753,570.3496057502393,3.668295,height,,,,,,,,,,,1575134.5,2153879.0,1722443.4,0.0,0.0,4064682.5,4202825.0,3956175.8,4505086.0,4126633.2,3533588.0,5180440.0,3900839.8,4077657.0,3124817.0,3928774.8,4095798.8,3980990.5,4371166.0,3399391.8,3735110.0,3877515.8,4088889.2,0.0,
754,526.3241822381343,3.671919,height,,,,,,,,,,,1596012.5,1847479.5,1359398.0,1353679.4,0.0,5762910.5,6316306.5,6302066.0,7001345.0,6140733.0,4988002.0,7482294.0,5559589.0,6117463.0,5116081.5,6700576.0,6377018.0,6683162.0,6331814.5,5791736.0,6258037.0,6493482.0,6316027.5,0.0,
755,1041.5981409939948,3.6749957,height,,,,,,,,,,,3726744.0,4164588.8,3001946.2,3231200.5,1274569.8,4306986.0,4166458.5,4316478.5,4404573.5,4366579.0,4085292.5,4376148.0,3956043.8,4582862.5,4351898.0,5088547.0,4777920.5,5289361.5,4492985.5,4402587.0,4166168.0,4155921.2,4675218.5,0.0,
756,512.2355096855022,3.6762588,height,,,,,,,,,,,5690111.0,7264339.5,4979670.5,5244718.0,7707202.5,6073311.5,5295806.5,6845723.0,7446950.5,6271036.0,5672882.0,7658067.5,5220858.0,6772245.5,5610170.0,7218313.5,6527934.5,6946921.0,6171618.5,6044674.5,5379130.0,6843988.5,6061679.5,0.0,
757,429.2708245412224,3.6835055,height,,,,,,,,,,,11621278.0,14324490.0,10148977.0,11044928.0,10589500.0,15505687.0,15111882.0,17836492.0,18801756.0,15198395.0,15099164.0,18653134.0,13334693.0,15633150.0,13521094.0,16525727.0,15733099.0,16254749.0,14949890.0,15492889.0,14783522.0,17510420.0,16914588.0,0.0,
758,442.26613098074967,3.688825,height,,,,,,,,,,,0.0,0.0,1848497.9,0.0,7272652.0,6754443.0,5331252.5,6676529.0,7425585.5,5062536.5,5725269.5,6512049.0,5200190.5,4599283.5,4005166.5,5391031.0,4776146.5,5036637.5,4146066.5,4939744.0,4563909.5,5753008.0,6267268.0,0.0,
759,473.2972827545899,3.6982203,height,,,,,,,,,,,10756364.0,11579787.0,14316033.0,12062351.0,17084348.0,17440530.0,17084802.0,18340370.0,18470370.0,16999956.0,15844357.0,16206872.0,15973043.0,17745644.0,14030597.0,15645051.0,15587986.0,16276815.0,16209134.0,17236654.0,16621068.0,17552366.0,19972814.0,0.0,
760,383.228833964352,3.7020774,height,,,,,,,,,,,12883686.0,10900281.0,7995822.0,9294991.0,5435699.5,6928414.5,7037730.0,8092752.0,7745140.0,8456926.0,5913723.0,6804526.0,6440789.5,10408846.0,8233393.5,9433805.0,8986636.0,9692469.0,8403347.0,9678841.0,8504976.0,8476178.0,8574868.0,0.0,
761,695.3546095061762,3.7099228,height,,,,,,,,,,,0.0,0.0,2822744.0,0.0,14906901.0,12213315.0,10746753.0,8287080.5,11630934.0,9918081.0,9165977.0,10142919.0,9870917.0,8557430.0,6651130.0,6794474.5,6751410.5,6422027.5,6774543.0,8147516.5,9151854.0,7729052.5,12171509.0,0.0,
762,787.4464631814884,3.7153082,height,,,,,,,,,,,6961498.5,5796090.0,7711214.0,7488049.5,6764698.0,6693381.0,7525756.0,6151360.0,7045739.0,7157056.5,5844736.0,6165863.5,6676612.0,8385742.0,6760123.0,6303072.5,6212954.5,5412546.0,7129964.0,6263155.5,7058286.0,5789227.0,8415027.0,0.0,
763,728.398301884333,3.7226622,height,,,,,,,,,,,6830895.5,6670089.5,6289305.0,6006321.5,6895814.5,7065987.5,6677316.0,6503543.5,7365778.0,6449052.0,6602420.0,6805993.5,6489325.0,7710524.0,6326905.5,6728155.0,6318912.0,6778052.5,7693033.5,6834229.0,6693127.5,6152717.5,9059940.0,0.0,
764,236.00882095281787,3.7378068,height,,,,,,,,,,,0.0,0.0,4678848.0,0.0,0.0,4324820.0,0.0,0.0,4374546.5,0.0,0.0,0.0,0.0,4099082.8,4534058.0,0.0,0.0,0.0,4285086.5,4234805.0,3801528.5,0.0,0.0,0.0,
765,652.4031840874726,3.7292557,height,,,,,,,,,,,3972146.2,3888280.8,3948165.2,3473175.0,4442708.0,4477742.5,4712409.0,4160895.8,5090150.5,4165333.0,4329701.5,4530056.0,4237510.5,5074759.0,3996133.5,4185175.8,4481903.5,4537257.5,4837446.5,4390017.0,4348772.5,4137593.2,5529539.5,0.0,
766,234.23392413296625,3.7378974,height,,,,,,,,,,,5107797.0,0.0,4559668.5,0.0,0.0,4062174.8,0.0,0.0,4222573.5,0.0,0.0,0.0,0.0,3907796.0,4441477.0,0.0,0.0,0.0,4094435.5,0.0,3799624.5,0.0,0.0,0.0,
767,137.0458142343623,3.7319133,height,,,,,,,,,,,0.0,0.0,0.0,0.0,11267891.0,0.0,0.0,0.0,0.0,0.0,0.0,0.0,0.0,0.0,0.0,0.0,0.0,0.0,0.0,0.0,0.0,0.0,0.0,0.0,
768,236.12148017685735,3.7395148,height,,,,,,,,,,,188469620.0,196716460.0,179775330.0,163502460.0,200453620.0,165711740.0,164840050.0,193124080.0,191582660.0,182967890.0,170297460.0,214422370.0,209733000.0,169117380.0,172349600.0,165863980.0,185174000.0,167048220.0,179716960.0,176600740.0,190672880.0,181180130.0,168442340.0,0.0,
769,285.1344346119178,3.7374291,height,,,,,,,,,,,10853654.0,12764869.0,10706678.0,9138578.0,9368254.0,9242432.0,9185948.0,9738934.0,10862667.0,9636755.0,9442936.0,12147802.0,10676465.0,8927007.0,9678035.0,9435002.0,10432727.0,8891011.0,9354247.0,10566297.0,9941363.0,9856428.0,9954799.0,0.0,
770,235.1189092992938,3.7374418,height,,,,,,,,,,,1627925500.0,1696037500.0,1527091500.0,1414674200.0,1479461600.0,1389820300.0,1409692400.0,1461622100.0,1632655400.0,1536587800.0,1496441900.0,1735392900.0,1595709600.0,1356836700.0,1462221400.0,1349335000.0,1505404500.0,1420194000.0,1518280300.0,1478524000.0,1540485000.0,1459897200.0,1438329100.0,0.0,
771,234.2325858788233,3.7407923,height,,,,,,,,,,,0.0,0.0,0.0,0.0,0.0,0.0,4855721.0,0.0,0.0,4467518.5,0.0,0.0,0.0,0.0,0.0,0.0,0.0,4418688.5,0.0,0.0,0.0,0.0,0.0,0.0,
772,236.01007206368968,3.736885,height,,,,,,,,,,,0.0,0.0,4678848.0,0.0,0.0,0.0,4861692.5,0.0,0.0,4499103.5,0.0,0.0,0.0,0.0,0.0,0.0,0.0,4513666.5,0.0,0.0,0.0,0.0,3000827.2,0.0,
773,234.22679191314884,3.7398953,height,,,,,,,,,,,5418519.5,0.0,1982715.0,0.0,0.0,0.0,0.0,0.0,4273811.0,0.0,0.0,3681134.8,0.0,4003623.8,3716629.0,0.0,0.0,0.0,3826944.0,3163005.5,0.0,4551220.5,0.0,0.0,
774,619.357024027758,3.7473655,height,,,,,,,,,,,2236418.2,1906343.1,2229017.8,2335076.8,6877108.0,4312239.0,3984024.2,3724077.5,5351893.5,3908756.8,4454316.5,4914897.5,4790886.5,3712703.2,3343787.5,3125427.0,3094663.2,3653651.2,3889321.2,3726723.0,3257408.2,3250614.8,3985434.0,0.0,
775,588.3043587582735,3.7605846,height,,,,,,,,,,,9915765.0,10223731.0,8421337.0,9730827.0,7739486.5,7539210.0,8748581.0,7748636.5,8865380.0,8894768.0,8456530.0,8594294.0,8913339.0,9275850.0,9200790.0,8233754.0,8340703.5,10296756.0,11030624.0,8327612.0,8462257.0,8056754.0,8025926.0,0.0,
776,667.3567184443125,3.762715,height,,,,,,,,,,,0.0,0.0,2418104.8,0.0,23553970.0,15639861.0,14627697.0,14315198.0,17860460.0,12672140.0,16902638.0,16438894.0,16346176.0,10234769.0,8882846.0,8076718.0,8069857.5,10574033.0,12407042.0,11801595.0,12591744.0,11347240.0,13812365.0,0.0,
777,332.217740797862,3.7677984,height,,,,,,,,,,,5159306.5,3274909.5,6804126.5,6556073.5,11301487.0,12547935.0,13134764.0,12471768.0,12700413.0,12577663.0,13254939.0,12364157.0,13876465.0,11241999.0,11536971.0,9925320.0,10039543.0,11772252.0,13491736.0,10859356.0,13776791.0,11770789.0,12413221.0,0.0,
778,433.2444813553912,3.7725623,height,,,,,,,,,,,2378212.0,0.0,5532893.0,1530411.6,50907010.0,36503024.0,38555396.0,34337040.0,39597510.0,29398126.0,36482740.0,31014370.0,42048870.0,22901090.0,24545730.0,22501868.0,22439734.0,25930266.0,27732572.0,30108766.0,30569242.0,29185482.0,37678252.0,0.0,
779,522.3038579252203,3.775737,height,,,,,,,,,,,4428424.0,3831145.0,4476989.0,3978119.8,4345656.5,3155359.2,4248202.0,4184748.8,3098632.8,3175033.0,3349313.5,2839384.8,4207036.0,3488604.0,3694990.0,3387138.2,3431474.0,3654292.2,4056933.8,4189871.2,4112511.2,4005961.5,4750535.5,0.0,
780,661.392161460115,3.7808363,height,,,,,,,,,,,0.0,0.0,0.0,0.0,6187587.0,0.0,1731618.4,0.0,0.0,0.0,0.0,0.0,0.0,0.0,1521636.9,1418497.4,1326239.6,0.0,1362744.8,0.0,1863793.8,1497148.2,1313725.5,0.0,
781,490.2738464858167,3.805226,height,,,,,,,,,,,48909990.0,44256430.0,40511750.0,43571680.0,13779265.0,64966624.0,62370990.0,69320590.0,62575828.0,60997664.0,58267800.0,59685532.0,70915944.0,71166450.0,68370640.0,64832330.0,64288780.0,70259010.0,69471550.0,63784484.0,70487780.0,60299508.0,63721696.0,0.0,
782,419.2288148959918,3.7888923,height,,,,,,,,,,,6322387.5,4529213.0,4964230.5,5749509.0,1212982.2,3325047.8,4856189.0,4854546.5,3422900.0,4038601.2,4196257.0,3793456.8,5138447.5,5400258.0,5990577.5,5350546.0,5655817.5,5140587.5,5343980.0,5461667.0,5817154.5,5391547.0,4501025.0,0.0,
783,772.4242008325571,3.7888217,height,,,,,,,,,,,6576398.5,5603063.5,6682300.5,6708238.0,7598006.0,6932934.0,8166875.0,7576943.0,6151400.0,6477431.0,7058698.5,6700041.5,8843641.0,8237288.5,8213460.5,7658568.0,7803635.0,8139789.0,8235079.5,7571757.0,8049175.5,7532940.5,7829676.5,0.0,
784,269.10662000464646,3.7941422,height,,,,,,,,,,,8468669.0,6918920.0,8005082.0,7824656.5,6383446.5,6157921.0,6758198.0,7281223.5,6457510.5,6412952.5,6910841.5,7140184.5,7079130.5,6340352.0,6863190.5,6643693.5,7289171.5,6252897.5,6655310.0,6889883.0,7677677.0,7493120.0,7005647.0,0.0,
785,588.3502336818142,3.7941978,height,,,,,,,,,,,11193152.0,8677254.0,9909246.0,10680700.0,10397407.0,10247012.0,10810735.0,11305724.0,9552306.0,8867881.0,9356639.0,9996661.0,11503412.0,10931793.0,9833775.0,9407698.0,9940134.0,10483748.0,10445737.0,10383108.0,10852708.0,10879017.0,10273952.0,0.0,
786,328.15020514146056,3.795459,height,,,,,,,,,,,3990222.0,3232870.2,3612308.8,3537190.2,3004978.0,7369137.0,7717066.5,7871254.0,7773057.0,7175912.0,7754551.0,8328233.5,9323482.0,6709669.0,6858846.5,7010122.0,7244849.5,6362176.0,6915164.5,7762643.0,8829580.0,7794104.0,7781898.5,0.0,
787,751.4714901664152,3.795841,height,,,,,,,,,,,4178092.5,3443383.0,4159660.8,4312049.0,5515026.0,2814141.2,3444964.8,3451739.0,2021336.4,3032776.5,2923330.0,2753247.5,3485183.5,4526160.0,4386861.0,4066560.5,4037879.8,4085522.2,3862778.2,3827952.2,4344982.5,3456394.5,4073229.0,0.0,
788,288.191642278274,3.7966697,height,,,,,,,,,,,16244544.0,14202866.0,16039376.0,15243741.0,18310740.0,14994716.0,16243393.0,16400968.0,14210781.0,13693130.0,16225157.0,15066559.0,17364814.0,14560576.0,15769356.0,14293705.0,17370440.0,15201544.0,14069948.0,15754888.0,17847186.0,16154240.0,16702652.0,0.0,
789,263.13893984556654,3.799596,height,,,,,,,,,,,50653612.0,32110596.0,28262892.0,27607418.0,46861176.0,24298010.0,25226510.0,31557518.0,16387500.0,15132716.0,16749207.0,13052598.0,23979484.0,27197022.0,26833208.0,25012262.0,29064800.0,24927072.0,25699522.0,31163568.0,32171498.0,27907326.0,29421192.0,0.0,
790,231.0978232600799,3.8048308,height,,,,,,,,,,,26531938.0,25513470.0,28296170.0,27071128.0,26495214.0,22993490.0,27935126.0,26331888.0,23472282.0,23498118.0,24573972.0,24261006.0,29070868.0,25780754.0,22245966.0,26911286.0,25348228.0,24427232.0,24392684.0,22585612.0,24955340.0,24217618.0,22159560.0,0.0,
791,489.2709878269161,3.806358,height,,,,,,,,,,,173302430.0,136938450.0,135017550.0,145275070.0,42839068.0,191860220.0,202848110.0,230615140.0,181744750.0,188938910.0,186540430.0,196702770.0,224495940.0,223161070.0,221379600.0,219098030.0,221144000.0,231730990.0,237344770.0,212362610.0,229236720.0,209064460.0,206264670.0,0.0,
792,229.1548133613809,3.8088412,height,,,,,,,,,,,121125020.0,81729730.0,52021696.0,78491120.0,122957050.0,31237716.0,35817676.0,45860316.0,24828618.0,32795016.0,15973661.0,14571950.0,27663900.0,62483744.0,62548092.0,65108864.0,64975676.0,63487196.0,63776052.0,51527184.0,54147708.0,43919628.0,37281696.0,0.0,
793,977.5306367659751,3.8124986,height,,,,,,,,,,,3490446.2,3036835.2,0.0,2897177.5,0.0,5523870.0,5713215.0,6473337.0,4563052.5,5218297.0,5478330.0,5753136.0,5345299.0,7152652.5,5945921.0,6120358.0,7458369.0,6303853.0,6333023.0,6428843.5,6226588.0,6388194.0,5282522.0,0.0,
794,286.1760082697954,3.8186858,height,,,,,,,,,,,7420009.0,7016410.5,6166570.5,7831012.5,7334801.5,7731943.5,6381477.5,8911246.0,7102688.5,6841810.0,6419219.5,7621602.0,7822017.0,7734384.5,6331549.5,8236923.0,7989929.0,8152279.5,8198795.5,7588343.5,8623519.0,7275764.5,6803546.5,0.0,
795,241.0816637790284,3.8195002,height,,,,,,,,,,,6246557.0,5698097.5,5071529.5,6465960.0,4924371.5,5942698.0,5164079.0,6427355.5,5401656.0,5362598.5,5002793.0,6001658.0,6502658.0,5749285.5,5105576.5,5584998.0,5651575.5,6445952.0,6081417.0,5902153.0,6413371.0,5918619.5,5425863.5,0.0,
796,258.10848569081173,3.8199337,height,,,,,,,,,,,10757340.0,9416400.0,7989735.0,9993352.0,7727856.0,9554786.0,8593616.0,10491520.0,9768446.0,8813936.0,8326193.5,9250601.0,10306970.0,9463357.0,8105846.5,9863791.0,8882900.0,10419868.0,9566150.0,8686538.0,9758697.0,9034274.0,8958480.0,0.0,
797,359.22880659819583,3.8264205,height,,,,,,,,,,,8818420.0,8277171.0,8467425.0,8937563.0,8075861.0,10069182.0,7418112.0,11608950.0,8211102.0,8121804.5,8146071.5,9611919.0,10735498.0,10013774.0,8634237.0,10789439.0,10358889.0,11025889.0,10810755.0,9014288.0,10546337.0,9272015.0,9545009.0,0.0,
798,295.16517325862844,3.82835,height,,,,,,,,,,,0.0,0.0,0.0,0.0,27024892.0,0.0,0.0,0.0,0.0,0.0,0.0,0.0,0.0,0.0,0.0,0.0,0.0,0.0,0.0,0.0,0.0,0.0,0.0,0.0,
799,838.4459989953122,3.832105,height,,,,,,,,,,,39487596.0,44584896.0,40971684.0,38705720.0,36068996.0,42862524.0,40668028.0,53352780.0,40709016.0,39866984.0,45983016.0,42747024.0,45346104.0,46179028.0,46220896.0,47581036.0,54855884.0,51511012.0,48283680.0,44109180.0,46900400.0,47233780.0,40907440.0,0.0,
800,394.2085891055497,3.8329306,height,,,,,,,,,,,6662345.5,6435322.0,6570139.5,6719504.0,5423293.0,7097174.5,5289069.0,8697621.0,6756040.5,6382958.5,6753289.0,6737722.0,7949645.5,6298650.5,6048539.5,7429132.5,7340871.0,7909956.0,7027287.5,6483941.5,7656517.0,7365670.0,7274056.0,0.0,
801,397.2445862871565,3.8432364,height,,,,,,,,,,,4252639.0,4880241.0,4948744.0,4140170.0,5456236.5,5617240.0,5747447.0,7266883.5,5827341.0,5976647.5,6038061.0,6043442.0,7030758.5,4987854.5,5463144.0,6145939.5,5815601.0,6614615.5,5383491.5,6125354.0,5678061.0,5973471.5,5621090.5,0.0,
802,753.3781580584052,3.8497763,height,,,,,,,,,,,18893720.0,24916038.0,22782790.0,18666064.0,15538709.0,18148942.0,20313146.0,27484736.0,22162698.0,23620290.0,24897068.0,22960934.0,21521488.0,18605424.0,26441888.0,28552572.0,24857938.0,25790168.0,21490858.0,24906350.0,20769106.0,24396450.0,22838258.0,0.0,
803,645.361285250406,3.849884,height,,,,,,,,,,,3196756.0,4190590.2,4486824.0,3477236.0,5960223.5,6334206.5,6957293.0,8237198.5,6590707.0,6719522.5,7363512.5,6888055.0,7264968.5,5265725.5,6835149.0,7296809.5,6852365.5,7481294.0,6090297.5,6912320.5,6271392.5,6972600.5,6706511.5,0.0,
804,336.191581990315,3.8572145,height,,,,,,,,,,,4343113.5,5064387.0,5165193.5,4772347.5,5717865.5,5585993.5,5919490.5,7611415.0,6179904.0,6747438.5,7083858.0,6945082.0,7132617.0,5285680.0,6137540.5,7061413.0,6423311.5,5936553.0,5824316.5,7372917.5,6028045.5,6907916.5,6559260.5,0.0,
805,687.3829064572135,3.869495,height,,,,,,,,,,,6395589.0,7110078.5,6206590.0,6578903.5,7533977.0,7541353.5,9071321.0,9385270.0,8469499.0,8080538.0,8236092.0,7932730.0,7954699.0,7379150.5,8461952.0,9224574.0,9448873.0,7611795.0,7552348.5,9282162.0,8432185.0,8538251.0,7951033.0,0.0,
806,332.21782807469674,3.8715684,height,,,,,,,,,,,7929437.5,8010924.0,8697504.0,9510219.0,11569130.0,12214360.0,14151314.0,12653539.0,12762479.0,12456679.0,11897703.0,12409014.0,13485512.0,10608419.0,11250594.0,11784894.0,13205705.0,11223573.0,10954233.0,13527568.0,12255503.0,12812082.0,12424452.0,0.0,
807,463.2546743479359,3.8702683,height,,,,,,,,,,,6247006.5,5474532.0,4797396.5,5223351.5,4555977.0,7195962.5,9031382.0,8583165.0,7651089.5,7572790.5,8035624.5,7383300.0,8209035.0,7138912.0,7206217.0,8083685.5,7940980.5,7645436.5,6786264.0,8592068.0,7648310.0,7943575.5,7458754.0,0.0,
808,126.066320149378,3.87397,height,,,,,,,,,,,132622710.0,118176080.0,109907624.0,127163680.0,0.0,12017139.0,14428269.0,12545412.0,10572485.0,10394349.0,9893829.0,7958833.0,12673514.0,34485452.0,36088784.0,35400468.0,39291164.0,37751252.0,37040900.0,16710720.0,13637814.0,16139489.0,13799704.0,0.0,
809,242.11341324046015,3.8743744,height,,,,,,,,,,,31244776.0,26744964.0,27661648.0,32607314.0,0.0,3287799.2,3609727.2,3240434.2,2684999.5,2548293.2,2553030.5,2030877.1,3373944.2,9431151.0,9613137.0,8425794.0,9778208.0,8809048.0,8830040.0,3592361.8,3428696.5,3986935.0,3412221.2,0.0,
810,127.0696153345062,3.8775659,height,,,,,,,,,,,7744576.5,7227702.5,6016383.0,7130260.0,0.0,0.0,0.0,0.0,0.0,0.0,0.0,0.0,0.0,1920761.9,2277035.0,2145786.5,2358277.2,1962454.2,2122264.8,0.0,0.0,0.0,0.0,0.0,
811,209.05576481466125,3.8912704,height,,,,,,,,,,,8157188.5,7905895.5,7001630.5,7242659.5,6778641.5,6929734.5,7806121.5,6817036.5,6731754.0,6874317.5,7739868.5,7489592.5,6671407.0,7599496.0,6758176.5,6352817.0,6835277.5,6551268.0,6113234.0,8690252.0,6524464.0,6964346.0,7148916.0,0.0,
812,587.3193421306661,3.8917153,height,,,,,,,,,,,39001284.0,35871396.0,29473422.0,33979190.0,33342366.0,32701626.0,41345616.0,33611360.0,35800820.0,33587084.0,36240788.0,31187284.0,34550384.0,35735096.0,30491660.0,37403740.0,38478400.0,33121478.0,32076480.0,36580548.0,33733984.0,36168516.0,31706126.0,0.0,
813,300.19170114711306,3.8921068,height,,,,,,,,,,,12297521.0,10883318.0,8310016.5,9829554.0,8505907.0,17459000.0,21116940.0,17492978.0,18688948.0,16776703.0,19288118.0,17943016.0,18935184.0,17705680.0,15798389.0,18524670.0,17382292.0,18108850.0,17179494.0,18212608.0,16788410.0,18919414.0,17674888.0,0.0,
814,244.092743021393,3.8929105,height,,,,,,,,,,,17549042.0,16070417.0,15260749.0,15897634.0,15524939.0,14486250.0,17687376.0,14535424.0,14528573.0,15095663.0,15081446.0,15721559.0,17181376.0,15801779.0,13567237.0,15457548.0,14340236.0,15986017.0,13467268.0,15610747.0,13879873.0,14770659.0,16394976.0,0.0,
815,320.1637429538379,3.8960752,height,,,,,,,,,,,0.0,0.0,0.0,0.0,14875545.0,8689242.0,8317203.5,6580483.0,8638022.0,5991066.5,8624403.0,7932656.0,8433981.0,4213129.5,3267873.2,4730065.5,3900768.8,3919292.8,3736431.8,5867397.5,4339722.5,5811031.0,6984717.5,0.0,
816,708.429634740901,3.896565,height,,,,,,,,,,,23103044.0,21152904.0,15656649.0,18782436.0,13090426.0,37333216.0,45055036.0,41049092.0,41305030.0,39464812.0,41146010.0,36606890.0,40750330.0,35121016.0,34023976.0,36883596.0,36135200.0,36037936.0,35645504.0,40445652.0,38372730.0,39839180.0,37083700.0,0.0,
817,597.2881479905124,3.8969517,height,,,,,,,,,,,55651050.0,48449844.0,44829476.0,48168576.0,43260092.0,45407692.0,50758252.0,47250910.0,46042896.0,48167510.0,51716670.0,47607364.0,44695490.0,50145210.0,46092244.0,55593356.0,49146084.0,47227572.0,45152000.0,50564420.0,40498364.0,48320588.0,44281064.0,0.0,
818,501.2192527097248,3.9070275,height,,,,,,,,,,,21157382.0,15740938.0,12501872.0,56407024.0,73424824.0,11921735.0,14842324.0,13583239.0,10269474.0,11871355.0,11020251.0,8933803.0,13682370.0,10180345.0,11353152.0,12593378.0,13878649.0,14817721.0,14483717.0,15413617.0,13347920.0,12768273.0,68536264.0,0.0,
819,293.1606142990037,3.907045,height,,,,,,,,,,,8925990.0,7391430.5,7200853.0,7898921.5,7392481.5,7806177.0,8744551.0,8047236.5,7518775.0,8096778.5,8631285.0,8044141.5,8288763.0,7733857.5,7410660.0,8634879.0,6930683.5,8642069.0,8521619.0,8061580.5,6994448.0,7769210.0,8315409.0,0.0,
820,741.3937288811397,3.9236584,height,,,,,,,,,,,9456394.0,7886812.5,7549009.0,0.0,3737428.0,0.0,30965426.0,28236096.0,38637612.0,0.0,31951896.0,0.0,35187828.0,25945662.0,0.0,27158254.0,25661732.0,0.0,26481702.0,26514156.0,26127558.0,32267058.0,30083518.0,0.0,
821,588.302819778113,3.9228523,height,,,,,,,,,,,96808510.0,76288216.0,67778370.0,86164800.0,9987318.0,31048704.0,31537354.0,35021496.0,27475062.0,39173108.0,30298948.0,27046428.0,34359324.0,45682836.0,49828120.0,50933868.0,48657690.0,53791580.0,56692404.0,44971348.0,43050948.0,34723550.0,36635924.0,0.0,
822,589.305674150482,3.922311,height,,,,,,,,,,,34633140.0,0.0,25308228.0,0.0,3962206.2,11139621.0,10884864.0,12519786.0,10133351.0,13977728.0,11534269.0,9640959.0,12872209.0,17670708.0,20160346.0,18332458.0,15742395.0,0.0,18990764.0,0.0,15089816.0,13593170.0,12501490.0,0.0,
823,648.2729443970602,3.9313643,height,,,,,,,,,,,15447993.0,12691556.0,15429242.0,14333168.0,16404767.0,9329188.0,8750951.0,9671532.0,8353320.5,9678848.0,9004273.0,7939085.5,10360731.0,10385391.0,11710043.0,9967539.0,10013232.0,10889244.0,11447711.0,7759440.0,10357099.0,8297457.5,9969990.0,0.0,
824,270.1924421239614,3.9376569,height,,,,,,,,,,,15711416.0,13741852.0,15989109.0,14522763.0,15167018.0,16432580.0,15218366.0,16062691.0,15771549.0,15706336.0,15377482.0,14607857.0,16215606.0,14505865.0,13665625.0,14884141.0,14465958.0,15455753.0,15310938.0,14246786.0,16366232.0,15407427.0,15161718.0,0.0,
825,288.19175496519074,3.9469407,height,,,,,,,,,,,309495170.0,316751100.0,402488030.0,318921630.0,351689760.0,412961100.0,411954200.0,398557440.0,411418460.0,372567600.0,361160770.0,344108830.0,377504540.0,361032100.0,388017730.0,330148580.0,358857280.0,372013600.0,339545820.0,364777900.0,406250100.0,394557020.0,356400600.0,0.0,
826,575.3767608952978,3.9477775,height,,,,,,,,,,,54021820.0,56916764.0,81860460.0,54375930.0,64977370.0,87996910.0,83212720.0,79857040.0,84437810.0,77668300.0,70933250.0,62978920.0,75207510.0,65128164.0,71707320.0,55975670.0,63558084.0,73267980.0,64183010.0,70756984.0,83210910.0,81943330.0,69366136.0,0.0,
827,1045.5933024044357,3.950637,height,,,,,,,,,,,11959504.0,11706702.0,17083170.0,11315797.0,16297149.0,20698976.0,18219810.0,16967164.0,18170740.0,17913196.0,17931910.0,14464080.0,15498228.0,18032022.0,19525794.0,15059344.0,14259045.0,18393534.0,17651450.0,14940842.0,17863230.0,19349274.0,15596082.0,0.0,
828,758.4088574542466,3.9570966,height,,,,,,,,,,,308895300.0,316455650.0,422345600.0,286538800.0,365649470.0,417569660.0,392058750.0,398176220.0,381153470.0,392333540.0,376923800.0,334905500.0,425650500.0,418332960.0,443901100.0,370671140.0,347599550.0,388191140.0,380833060.0,337399520.0,390355260.0,413761920.0,424373100.0,0.0,
829,379.7078714428612,3.9586596,height,,,,,,,,,,,16977266.0,16891252.0,21361454.0,16005926.0,18835176.0,21454210.0,21602892.0,21562734.0,20657172.0,19294496.0,18950154.0,18440250.0,19679770.0,22510108.0,24066384.0,20926798.0,23554096.0,21995938.0,19585366.0,19041830.0,18788200.0,20993398.0,21547582.0,0.0,
830,812.4520203808056,3.9643366,height,,,,,,,,,,,11977973.0,11126698.0,14922778.0,10180907.0,21196270.0,15655299.0,13276602.0,15154837.0,12604089.0,12607248.0,13010737.0,12761987.0,16297796.0,13585709.0,14541551.0,13110488.0,11151687.0,13369513.0,13727618.0,13457604.0,12652043.0,14568453.0,16676108.0,0.0,
831,1124.6352178250092,3.9667568,height,,,,,,,,,,,53397136.0,64838588.0,93426210.0,64720120.0,107232730.0,9972148.0,9865450.0,15602847.0,3173641.0,16304334.0,13199515.0,10002181.0,12651187.0,30907012.0,30722766.0,26018072.0,26834788.0,27058808.0,28399830.0,14390368.0,16185387.0,12640774.0,20119112.0,0.0,
832,563.3230866168406,3.9768412,height,,,,,,,,,,,14944923.0,17164344.0,24412714.0,16076479.0,28098326.0,3509499.2,3204418.8,3902426.5,1127052.2,4031194.2,3877397.0,2600054.2,2982504.0,7675957.0,7892352.5,7114272.0,7652931.5,7830612.0,7412677.0,3595102.8,4129734.5,3518012.5,5205804.0,0.0,
833,562.821528578389,3.9736593,height,,,,,,,,,,,21850712.0,24773718.0,35258504.0,25486144.0,39916684.0,3826922.8,4150540.0,6285985.0,1480593.0,5824896.0,5650317.0,3455508.0,3903248.5,12360675.0,11888276.0,11037399.0,10997755.0,10507390.0,10016045.0,5174570.0,5823941.0,4580114.5,7063653.5,0.0,
834,765.4867399110635,3.9800625,height,,,,,,,,,,,8539064.0,7849810.0,12339061.0,8461734.0,14172043.0,15721906.0,13979954.0,13377891.0,12441161.0,12939390.0,14484711.0,12930573.0,17103540.0,13606669.0,14357562.0,13100505.0,14615634.0,13695905.0,12742763.0,13053192.0,12786891.0,13670348.0,16419413.0,0.0,
835,788.4033948539936,3.9816346,height,,,,,,,,,,,5949972.5,5308694.0,8302641.0,5745355.5,12294783.0,8406280.0,6917124.0,6726820.5,6377398.5,4515495.0,6015953.5,6305575.5,8595688.0,5815312.0,5687670.5,5818577.0,5151990.0,7256981.5,6259612.5,6444016.0,6990479.5,6691826.0,8643866.0,0.0,
836,385.24450539138326,3.9821322,height,,,,,,,,,,,36723020.0,33511138.0,39289940.0,28724554.0,44480004.0,50736450.0,46284308.0,42331270.0,48998724.0,39279476.0,44084390.0,40723980.0,46527428.0,39742660.0,42232496.0,38754500.0,39144304.0,39624610.0,38908520.0,38824624.0,42271630.0,45810868.0,43884920.0,0.0,
837,286.1763768743971,3.9877813,height,,,,,,,,,,,28534708.0,23937798.0,24667350.0,25078334.0,5670212.5,12512606.0,12981537.0,13007756.0,12610480.0,13539596.0,11400641.0,11093524.0,12065706.0,17572428.0,17457366.0,16737411.0,16442575.0,17291232.0,16825130.0,15258136.0,13408724.0,14150981.0,12900689.0,0.0,
838,455.1886444962781,3.9912953,height,,,,,,,,,,,20617144.0,10251317.0,8128151.5,8733112.0,0.0,0.0,0.0,0.0,0.0,0.0,0.0,0.0,0.0,0.0,0.0,0.0,0.0,0.0,0.0,0.0,0.0,0.0,0.0,0.0,
839,491.2504314344753,3.9904697,height,,,,,,,,,,,2041576.6,1670189.8,1582950.1,0.0,0.0,9845178.0,9318658.0,8199536.5,12350269.0,7223318.5,8499080.0,8076604.5,9228312.0,7048532.0,7586151.5,7139112.5,7579162.0,6807456.5,6543782.5,7025712.0,7482466.0,8777031.0,7182162.0,0.0,
840,270.19244799703193,3.95743,height,,,,,,,,,,,14444809.0,14643926.0,18144646.0,15517035.0,12660297.0,17481140.0,15442312.0,17842964.0,14338035.0,12003273.0,16692301.0,14239920.0,15875075.0,17832244.0,15156271.0,15325643.0,14824784.0,18360458.0,15553076.0,11936058.0,12554782.0,13361745.0,15319817.0,0.0,
841,714.382859070027,4.00858,height,,,,,,,,,,,10823598.0,9730612.0,9881886.0,8616054.0,9632948.0,10986849.0,10177566.0,10569614.0,11659654.0,10155529.0,10648242.0,10910178.0,11591019.0,10121350.0,11195917.0,11497552.0,12355894.0,10922251.0,10715544.0,10428371.0,9968284.0,11508421.0,10224660.0,0.0,
842,613.3559726448005,4.010601,height,,,,,,,,,,,6183443.0,6226794.5,6205037.0,5027591.0,5709688.0,10852533.0,10311196.0,10722611.0,11827186.0,9942862.0,10755605.0,11473839.0,10801000.0,8956617.0,9545878.0,10429311.0,10686842.0,9858847.0,9608452.0,9764348.0,10003214.0,11234636.0,9589078.0,0.0,
843,242.1862330476013,4.012204,height,,,,,,,,,,,37949140.0,35650290.0,39551636.0,34009710.0,39359736.0,32135538.0,33733144.0,38306344.0,42900704.0,35886160.0,36191500.0,34905644.0,36614390.0,36738124.0,37536910.0,38715296.0,38288216.0,32034658.0,38014560.0,35509612.0,35793428.0,37118040.0,36951930.0,0.0,
844,501.2194194228816,4.014224,height,,,,,,,,,,,109782610.0,89423490.0,96977770.0,90168940.0,68415920.0,83948150.0,79420296.0,93681000.0,104163250.0,88188290.0,84928136.0,90648504.0,90629270.0,85772010.0,93355420.0,98248750.0,99238776.0,85630410.0,93998520.0,89784840.0,87589096.0,90808630.0,87746540.0,0.0,
845,525.2672344705788,4.018333,height,,,,,,,,,,,142325460.0,143926910.0,142541460.0,120192640.0,109186150.0,126001170.0,112516720.0,132490090.0,144966320.0,127811220.0,118281720.0,131791850.0,122064530.0,120500480.0,129881016.0,141990080.0,138142580.0,130657050.0,133328504.0,125618060.0,124307736.0,134045040.0,121489630.0,0.0,
846,571.27262446112,4.0373926,height,,,,,,,,,,,24677528.0,28079776.0,26005772.0,23207416.0,22237874.0,26886434.0,21987738.0,22784792.0,21866948.0,21362966.0,21829460.0,24983044.0,23895810.0,24018532.0,22610566.0,28932940.0,23865636.0,26055742.0,24521186.0,22811314.0,20408654.0,21421952.0,22124814.0,0.0,
847,302.1498077306447,4.0378447,height,,,,,,,,,,,11839986.0,13205371.0,11344840.0,11657331.0,10988704.0,11172752.0,9679364.0,9941828.0,9362300.0,9084746.0,9348845.0,9853861.0,9516650.0,9210966.0,9340934.0,11064681.0,9787781.0,10284589.0,10264259.0,9913176.0,9115334.0,9172376.0,9017961.0,0.0,
848,548.3083174501079,4.043486,height,,,,,,,,,,,4128252.2,4560936.0,6947311.5,4303983.5,10146393.0,11020871.0,8820935.0,8848477.0,9648295.0,8955158.0,9380992.0,10096264.0,10259710.0,8833862.0,9055854.0,9491828.0,8831397.0,9203336.0,7753930.0,8362386.5,7957222.0,8109432.5,8381159.0,0.0,
849,741.3935166566167,4.03827,height,,,,,,,,,,,9592968.0,8070122.5,6323145.0,5971656.0,0.0,33718130.0,34215596.0,0.0,37125628.0,26742868.0,30928192.0,31018468.0,34939416.0,26560574.0,27855946.0,27632174.0,26504912.0,24994136.0,25888696.0,26821654.0,24328774.0,29669686.0,27186348.0,0.0,
850,631.345457394898,4.0531325,height,,,,,,,,,,,36768110.0,37896996.0,35224370.0,32534632.0,34556812.0,44029176.0,32554760.0,37071548.0,37316292.0,39832524.0,42344184.0,36838084.0,41783084.0,43417268.0,46695664.0,44231680.0,43130292.0,38467444.0,37800784.0,38581880.0,32228316.0,38419624.0,35917284.0,0.0,
851,562.2907450953466,4.0672607,height,,,,,,,,,,,9517471.0,10040720.0,9343847.0,8823745.0,9568678.0,10060153.0,8325435.0,9239919.0,9562608.0,8959435.0,10869257.0,8273926.5,9943643.0,10467018.0,11109427.0,9904723.0,9502824.0,9954427.0,9213859.0,9995574.0,7309212.0,9928918.0,8807020.0,0.0,
852,330.1735561903752,4.0688376,height,,,,,,,,,,,8602431.0,9037310.0,8965571.0,8324696.5,9707448.0,9995076.0,9509055.0,10269766.0,10281454.0,9722283.0,11232947.0,9457965.0,10445613.0,10041251.0,10319698.0,11416476.0,9959791.0,10450091.0,9641318.0,10135800.0,9150668.0,10270095.0,9016149.0,0.0,
853,203.13916220310568,4.071602,height,,,,,,,,,,,0.0,0.0,0.0,0.0,155844080.0,0.0,0.0,0.0,0.0,0.0,0.0,1059513.6,0.0,0.0,0.0,0.0,0.0,0.0,0.0,0.0,0.0,0.0,0.0,0.0,
854,329.14959195389395,4.0718713,height,,,,,,,,,,,0.0,0.0,0.0,0.0,12390524.0,0.0,0.0,0.0,0.0,0.0,0.0,0.0,0.0,0.0,0.0,0.0,0.0,0.0,0.0,0.0,0.0,0.0,0.0,0.0,
855,613.283249881745,4.077268,height,,,,,,,,,,,10591067.0,12144312.0,12332202.0,10279201.0,10816497.0,10962973.0,10100359.0,9648547.0,11006727.0,10459492.0,11742243.0,9984700.0,11847284.0,9469639.0,11630074.0,12321162.0,11924723.0,12217092.0,8885902.0,12361687.0,7746258.5,9925655.0,10642695.0,0.0,
856,526.27017718114,4.0280137,height,,,,,,,,,,,6465800.5,39573840.0,39685904.0,33568316.0,29980112.0,37658850.0,31207420.0,37778230.0,40811148.0,34755252.0,33376534.0,38543090.0,36400064.0,3828602.8,37939420.0,41939010.0,39563076.0,37488532.0,40289124.0,33394954.0,32630104.0,35291830.0,36359104.0,0.0,
857,550.7930794689883,4.098761,height,,,,,,,,,,,5118193.0,6784992.0,9639308.0,8100888.5,5695586.0,4346301.0,4346278.5,4371604.5,4573399.0,4916035.5,5383161.5,4536985.5,4799549.5,5037191.0,5497673.0,5498448.0,5689825.0,5985483.0,4348636.5,4238303.5,3758091.8,4251747.5,4393688.5,0.0,
858,659.3402930157514,4.0878696,height,,,,,,,,,,,285710940.0,249060020.0,263190700.0,226039200.0,332090980.0,322442270.0,306448400.0,331618530.0,306581440.0,331158300.0,333045380.0,310442140.0,316446100.0,315008670.0,338793300.0,335296300.0,330938750.0,329934180.0,350372930.0,314477100.0,297750300.0,293842700.0,322356100.0,0.0,
859,893.4518988436414,4.1068025,height,,,,,,,,,,,7169818.5,4540913.0,6798523.5,5234562.0,6199165.5,6585038.5,6770207.0,8009171.0,7029935.0,7781356.5,7440813.5,6953332.5,7145765.0,6982223.5,6462439.5,7059902.5,6863748.0,6828065.5,7897370.0,6766436.5,7263840.5,5582292.5,7504481.0,0.0,
860,235.1190320845353,4.1103883,height,,,,,,,,,,,534850430.0,468844030.0,530313250.0,476985340.0,494719780.0,450451800.0,449950660.0,537337860.0,485975700.0,483887580.0,471287800.0,488460400.0,498995840.0,422855260.0,437881100.0,438428000.0,445848960.0,460474980.0,463980740.0,497850100.0,494626750.0,426326600.0,463037020.0,0.0,
861,620.2752706664813,4.111147,height,,,,,,,,,,,61003050.0,42959896.0,53025496.0,42149816.0,63380850.0,55325696.0,57889908.0,66990228.0,60674230.0,63820612.0,60531260.0,64119676.0,63662060.0,59967760.0,60848656.0,56303696.0,57412252.0,61304124.0,71042370.0,62005172.0,63440660.0,54246052.0,58387356.0,0.0,
862,417.21335146454913,4.1251388,height,,,,,,,,,,,103426696.0,54481284.0,45326410.0,43154670.0,33811484.0,53490230.0,59236828.0,61908350.0,61919610.0,53593340.0,53661450.0,55654616.0,57499176.0,58566644.0,58311284.0,50230816.0,55460136.0,63834024.0,60905404.0,63653204.0,61702370.0,56843204.0,51619116.0,0.0,
863,133.10515277491805,4.13712,height,,,,,,,,,,,35199600.0,3687178.5,3212512.8,4419401.5,83817980.0,76377490.0,78224610.0,84592920.0,70709930.0,63612650.0,73144580.0,69887600.0,67512136.0,61187664.0,57255812.0,60064940.0,63136400.0,67542480.0,67934050.0,70082330.0,71835290.0,74078700.0,76345790.0,0.0,
864,681.322191245409,4.1303306,height,,,,,,,,,,,7362560.5,4392746.0,4773156.0,4064221.8,8515971.0,8059766.0,9110366.0,7896386.5,7692472.5,6558886.5,6945949.0,7218004.5,6837262.5,5699195.5,5818725.0,5252993.0,5683729.0,7190821.5,7312933.5,7299218.5,8021899.0,6889761.5,7013773.5,0.0,
865,209.0921739845485,4.1310525,height,,,,,,,,,,,7750508.5,6335018.0,6993318.0,6305490.5,16951954.0,8415938.0,8659544.0,8990185.0,8200771.5,7539687.5,7806630.0,7875846.5,7842647.0,7893668.0,7648468.5,7362698.0,8025442.0,9519869.0,9492078.0,8118405.5,8884797.0,8638809.0,8817433.0,0.0,
866,312.1916586477383,4.131281,height,,,,,,,,,,,52592064.0,47808572.0,27460182.0,36317770.0,0.0,4578744.5,7343189.5,8441925.0,5044549.5,8522137.0,6257463.5,6092270.0,5935858.0,14625326.0,13706169.0,11854040.0,14733791.0,16170329.0,14416863.0,12491274.0,10965168.0,10623350.0,8818266.0,0.0,
867,374.2285901217745,4.1315446,height,,,,,,,,,,,6920794.5,3664404.0,7774558.5,4354697.5,18177208.0,14526123.0,16861770.0,15841203.0,14283790.0,13753633.0,15601816.0,16072570.0,14236683.0,13221115.0,12292179.0,11760266.0,12977973.0,14456987.0,13000588.0,13282170.0,13621582.0,13940241.0,13522979.0,0.0,
868,710.4084933307173,4.1382966,height,,,,,,,,,,,4915465.5,3826704.8,3818863.2,3111525.8,2288633.5,19429202.0,21416956.0,18186936.0,25231646.0,18299624.0,20030532.0,25695930.0,17615448.0,16562910.0,13295508.0,13253564.0,15063943.0,18228592.0,15008398.0,17975256.0,18044052.0,22969440.0,17424678.0,0.0,
869,334.17593736438226,4.1383777,height,,,,,,,,,,,23229016.0,20912802.0,19451390.0,16302898.0,0.0,7409231.5,11130831.0,11496534.0,8203795.5,11307366.0,9398215.0,9708016.0,9410569.0,14570111.0,13474538.0,12715145.0,14246051.0,16280063.0,14297424.0,12359745.0,12754728.0,14065853.0,11124399.0,0.0,
870,751.3667381174446,4.139879,height,,,,,,,,,,,39812308.0,40805944.0,41768476.0,30677028.0,68197370.0,42814464.0,50076180.0,54460756.0,51936436.0,45094144.0,45901216.0,50758536.0,43664724.0,49565228.0,41933244.0,43412290.0,48501050.0,49164932.0,47749736.0,41455356.0,42842732.0,53838104.0,49350770.0,0.0,
871,429.2709531450253,4.1402965,height,,,,,,,,,,,13880388.0,13260540.0,11381246.0,11480979.0,12605356.0,11712603.0,12898818.0,14139436.0,14367266.0,12316944.0,12346099.0,13440094.0,12930382.0,13345523.0,12211655.0,11267463.0,13960438.0,13663014.0,12163902.0,11831390.0,12628139.0,14180409.0,13151787.0,0.0,
872,457.2660492268524,4.1422935,height,,,,,,,,,,,8092332.0,4684187.0,3940661.0,3709412.0,2845438.0,6409164.0,7274171.0,6784396.5,8986578.0,6777530.0,6369869.0,8060584.5,6771571.5,7112559.5,6553846.5,6111527.5,7038024.5,7751721.5,7229543.5,7000776.0,6388782.5,7786646.0,5896957.5,0.0,
873,524.3084108699345,4.145877,height,,,,,,,,,,,9875807.0,9314320.0,7285001.5,8238685.0,5180296.0,5360657.0,6942875.0,7225685.0,7006369.5,7626101.5,5535786.0,6862661.0,6078814.5,8856355.0,7150171.5,6665431.0,8411732.0,9274670.0,7622832.0,8815022.0,6691433.5,8299036.5,6748941.5,0.0,
874,332.21790219870866,4.1470547,height,,,,,,,,,,,87177820.0,77031010.0,92030664.0,69883490.0,170057140.0,116549460.0,126277390.0,121212300.0,132665840.0,115140280.0,114444024.0,131324180.0,118294770.0,122460296.0,99163496.0,104501800.0,123907144.0,133207880.0,104588870.0,109546100.0,108822860.0,134240200.0,127513660.0,0.0,
875,322.1760598923098,4.1474614,height,,,,,,,,,,,4161208.8,3714160.0,4306979.0,3760836.5,22164840.0,4311291.0,4909850.5,5585215.5,4857201.0,4471462.0,3891537.8,4641711.0,4343304.0,4757585.0,4040699.5,4295982.0,5028383.0,5655568.5,4115008.0,3897706.0,4037580.2,4981708.0,4951462.0,0.0,
876,162.11251210644514,4.079396,height,,,,,,,,,,,6347459.5,3961484.0,3234258.2,2767553.0,34667932.0,2195728.5,2288130.2,3258935.5,1654975.4,1742555.2,1633524.0,1645975.8,1448060.2,3508021.8,3791658.8,3581520.0,3496635.8,3971181.2,2605182.0,2210043.0,2135242.5,2032903.8,1571637.4,0.0,
877,553.3348494981835,4.1514406,height,,,,,,,,,,,66240108.0,50403224.0,39905576.0,34182268.0,34063344.0,28656786.0,33588120.0,38961160.0,38139348.0,30987614.0,30499552.0,36179744.0,35066300.0,40250910.0,32072858.0,34519350.0,39178300.0,42685304.0,33632228.0,31338808.0,29871194.0,38755948.0,35634490.0,0.0,
878,1100.5777798539232,4.1518517,height,,,,,,,,,,,71940980.0,91488000.0,97162216.0,79984536.0,116415736.0,72812424.0,85163550.0,97606760.0,76051530.0,84269620.0,86399160.0,78456810.0,68404960.0,104910290.0,78792424.0,82052960.0,93026950.0,86724380.0,86495240.0,71492980.0,67834020.0,88252360.0,84797720.0,0.0,
879,166.08630875170863,4.1526237,height,,,,,,,,,,,176850850.0,429509500.0,94945180.0,57020212.0,1290772000.0,355394430.0,275082080.0,329302900.0,117524824.0,40831576.0,30077428.0,12036895.0,222096780.0,329829200.0,315871170.0,295447200.0,362920320.0,378392160.0,344071800.0,506859970.0,383489400.0,431158530.0,401306700.0,0.0,
880,152.05674117343298,4.1603236,height,,,,,,,,,,,2965471.2,1810498.9,0.0,0.0,173361980.0,0.0,0.0,0.0,0.0,0.0,0.0,0.0,0.0,0.0,0.0,0.0,0.0,0.0,0.0,0.0,0.0,0.0,0.0,0.0,
881,554.3382424771731,4.1476927,height,,,,,,,,,,,20730312.0,15773272.0,11679353.0,12660056.0,10433788.0,8582353.0,10552935.0,13590833.0,11385147.0,9457428.0,9141163.0,0.0,11069716.0,12862462.0,9793797.0,10431349.0,13067791.0,12151078.0,10808132.0,0.0,10376741.0,12897678.0,10950694.0,0.0,
882,120.08098354291477,4.153832,height,,,,,,,,,,,94512880.0,241773740.0,51733960.0,30690018.0,744568770.0,185821970.0,156082990.0,192650380.0,67868290.0,20641328.0,15576423.0,6630409.5,117489990.0,179319800.0,170966400.0,170020210.0,200370620.0,209826400.0,184366620.0,255134540.0,200611730.0,239908720.0,229234690.0,0.0,
883,131.0494858301726,4.1550946,height,,,,,,,,,,,1820446.8,4730077.0,0.0,0.0,14577980.0,3436250.2,2915922.8,3657730.5,0.0,0.0,0.0,0.0,2014719.2,3175375.0,3214737.2,2812828.8,3534084.5,3798721.8,3449399.5,5174908.0,4324078.5,4369640.5,4046953.8,0.0,
884,668.3973443798285,4.1580596,height,,,,,,,,,,,16818098.0,10979080.0,6658219.0,7463850.0,0.0,1607917.5,1730512.8,1846406.6,1781969.0,1734106.9,1674522.5,1842395.6,1713220.2,4666777.5,4180859.8,4373785.5,5346765.5,4825817.0,4013017.5,1759741.6,1723398.8,1850577.4,1799070.0,0.0,
885,521.2245328974782,4.1568475,height,,,,,,,,,,,1466417.5,2855625.8,0.0,0.0,12792626.0,1434560.1,1335248.4,1799654.5,0.0,0.0,0.0,0.0,0.0,1433408.5,1352379.0,1571593.1,1923567.1,2276720.8,1641156.6,2183591.2,1783040.5,2066224.8,1589364.8,0.0,
886,1001.5093774719184,4.1900954,height,,,,,,,,,,,17622204.0,17477170.0,10957321.0,12441549.0,3934214.2,3633662.0,4108634.5,4925150.5,4856775.0,5090318.5,0.0,4460682.5,3805928.0,8047258.5,7305146.5,7863614.0,8152607.0,7575283.5,0.0,0.0,0.0,5165326.0,4479036.5,0.0,
887,654.3829359307581,4.1662745,height,,,,,,,,,,,17338856.0,17205488.0,22431060.0,17082614.0,12117502.0,266178800.0,274387000.0,363901100.0,319835700.0,305995520.0,294649020.0,303869860.0,287776900.0,306979300.0,294990240.0,297639400.0,334640580.0,323796380.0,260575520.0,251377010.0,253495180.0,318185660.0,296699260.0,0.0,
888,378.2022966798836,4.1738067,height,,,,,,,,,,,7647191.0,5152274.5,14125695.0,6166778.5,50017570.0,32345610.0,33167058.0,39077440.0,36995828.0,33493344.0,36308244.0,37015172.0,39104292.0,26739842.0,28080110.0,27186134.0,29017504.0,26125980.0,25553166.0,31147896.0,28367486.0,29366130.0,33898012.0,0.0,
889,838.4463145207083,4.1752152,height,,,,,,,,,,,176443060.0,202091400.0,189592270.0,165725710.0,177919280.0,144712640.0,118136270.0,186327100.0,153856110.0,176424340.0,157290160.0,160878460.0,147401250.0,161908260.0,168123000.0,175112100.0,166938910.0,163568210.0,149974420.0,123540780.0,125235340.0,144351940.0,144048460.0,0.0,
890,776.4196650081022,4.186979,height,,,,,,,,,,,11315247.0,7883317.0,6941273.5,8364418.5,8034546.0,8536898.0,8163165.0,8946849.0,8495222.0,10347746.0,10074277.0,7598663.5,8445860.0,11103752.0,10583136.0,10123961.0,9859741.0,8909900.0,7381481.5,9463495.0,8420145.0,8211679.0,8329253.0,0.0,
891,199.07138872122093,4.1897573,height,,,,,,,,,,,17166054.0,17746336.0,17790508.0,21239180.0,17069354.0,16243022.0,13640589.0,14113005.0,15164198.0,17976488.0,18670644.0,16181494.0,15228121.0,16165152.0,17009316.0,16773756.0,14646991.0,16060382.0,15459063.0,15867637.0,14566348.0,13744804.0,15905410.0,0.0,
892,216.09796194201385,4.19095,height,,,,,,,,,,,16883702.0,18692934.0,16857706.0,21500968.0,18252244.0,17526462.0,15160817.0,15356099.0,15752437.0,19711206.0,19030642.0,16535281.0,15728650.0,16127874.0,18991336.0,15183541.0,14329659.0,16588457.0,16527092.0,18102146.0,16056909.0,15097014.0,15688951.0,0.0,
893,771.4611429056328,4.2019567,height,,,,,,,,,,,0.0,0.0,0.0,0.0,0.0,11213827.0,10285092.0,12355995.0,11684205.0,13206042.0,12713869.0,9631178.0,11579699.0,12868957.0,13037171.0,13330485.0,12933037.0,11723996.0,12757954.0,11871247.0,11079657.0,10688650.0,12470852.0,0.0,
894,222.03168005996076,4.207043,height,,,,,,,,,,,0.0,0.0,0.0,0.0,0.0,18668748.0,13300979.0,10349157.0,25966906.0,7848557.5,8531953.0,11295674.0,9488684.0,8011945.5,6591685.0,8163165.0,7645707.5,8176714.0,9353149.0,9769434.0,8918542.0,9468516.0,10045569.0,0.0,
895,239.0579888947024,4.2085714,height,,,,,,,,,,,0.0,0.0,0.0,0.0,0.0,16427501.0,13009770.0,10123155.0,26315076.0,6494530.0,7482239.0,11651749.0,9477950.0,7415040.0,6353249.5,6796194.0,7200243.5,7839311.0,8685407.0,9618865.0,7867708.5,8607741.0,8263950.5,0.0,
896,360.21288899982494,4.2144003,height,,,,,,,,,,,13688141.0,17173984.0,13880691.0,15252273.0,14380019.0,18843992.0,17830580.0,17742954.0,20271310.0,15516159.0,17452916.0,17419332.0,18822160.0,19655620.0,16287272.0,18711302.0,18382260.0,16658374.0,20342908.0,18754798.0,15796406.0,18551848.0,19854660.0,0.0,
897,203.13923208849528,4.2184243,height,,,,,,,,,,,0.0,0.0,0.0,0.0,117776790.0,0.0,0.0,0.0,0.0,0.0,0.0,0.0,0.0,0.0,0.0,0.0,0.0,0.0,0.0,0.0,0.0,0.0,0.0,0.0,
898,318.20230970173554,4.219962,height,,,,,,,,,,,8220452.0,10425555.0,10078609.0,8988543.0,12927182.0,10548595.0,10222397.0,11384397.0,10955010.0,9475300.0,10479601.0,9631373.0,11187766.0,11518900.0,10173718.0,10786609.0,11619508.0,9644082.0,11766532.0,11357457.0,10190429.0,10834962.0,12448770.0,0.0,
899,235.1651045727183,4.220371,height,,,,,,,,,,,202958930.0,227851660.0,159742260.0,182394740.0,118980710.0,206194510.0,219155520.0,211063140.0,204911570.0,185217310.0,195786740.0,175283500.0,207554670.0,240132480.0,197109220.0,207722060.0,226173900.0,208357710.0,236152210.0,267669620.0,209645920.0,238096240.0,245848600.0,0.0,
900,236.1683085053326,4.221158,height,,,,,,,,,,,22289074.0,25169232.0,17785184.0,19687656.0,13548438.0,22936934.0,24117322.0,23656772.0,22534096.0,20358826.0,21840652.0,19055378.0,22507210.0,25623772.0,21581590.0,22110058.0,25126564.0,22071090.0,26220832.0,28315462.0,22734478.0,26214304.0,27208042.0,0.0,
901,955.5253013989276,4.2212005,height,,,,,,,,,,,20777168.0,25073228.0,22958012.0,21679366.0,23691846.0,19398294.0,17704836.0,20231972.0,19792840.0,18896888.0,22409936.0,18743026.0,17239118.0,22329620.0,23165902.0,24781892.0,23653216.0,24793536.0,23228552.0,18928478.0,17535898.0,19503422.0,20454566.0,0.0,
902,571.272570810035,4.227932,height,,,,,,,,,,,12059627.0,16950972.0,15444932.0,12237687.0,8468415.0,9444933.0,10182805.0,13080607.0,10780182.0,10797246.0,12018752.0,11340039.0,9822881.0,11348778.0,11108188.0,11848914.0,13717750.0,12589455.0,13255855.0,10084742.0,10169927.0,10116081.0,12151848.0,0.0,
903,550.7929125872303,4.225886,height,,,,,,,,,,,5339502.0,7263162.0,10176795.0,8641222.0,4979995.0,4782116.0,5477597.0,5658210.0,5678497.5,5540960.5,5797149.5,6144788.5,5998874.0,6237367.5,6134460.5,6989678.5,6805055.0,7289205.0,7445418.5,5358778.5,5766744.5,5416638.5,5564165.5,0.0,
904,419.7266100757396,4.22911,height,,,,,,,,,,,15430996.0,18887166.0,19516470.0,21264380.0,10574125.0,11479020.0,13346969.0,14247823.0,14077196.0,13275804.0,13652875.0,14019971.0,13260834.0,14836074.0,14384480.0,15284879.0,15741878.0,16189779.0,16386406.0,12773859.0,13835205.0,13131809.0,13939332.0,0.0,
905,374.2286398982109,4.243991,height,,,,,,,,,,,5144382.5,5300624.0,6420824.5,4815786.0,8084257.0,6854630.5,6756298.5,7995540.5,8186908.0,6590971.5,7361197.0,7382725.5,7332503.0,8022802.5,6941769.5,7889353.0,6747668.0,8329263.0,6454457.0,6870448.5,6339140.0,7335915.5,7667098.0,0.0,
906,281.1497184832025,4.2547846,height,,,,,,,,,,,0.0,0.0,0.0,0.0,18237684.0,0.0,0.0,0.0,0.0,0.0,0.0,0.0,0.0,0.0,0.0,0.0,0.0,0.0,0.0,0.0,0.0,0.0,0.0,0.0,
907,617.3300700571003,4.272154,height,,,,,,,,,,,45466990.0,39149536.0,41214580.0,46529690.0,48427610.0,42823100.0,48719810.0,41425664.0,51971692.0,40849560.0,57671908.0,44718300.0,50899460.0,52085996.0,50114430.0,56469650.0,42218764.0,57775540.0,48739980.0,41754096.0,54263096.0,47320536.0,45555300.0,0.0,
908,1100.577924995879,4.2354264,height,,,,,,,,,,,36872336.0,36280748.0,48108380.0,39805384.0,79544380.0,0.0,59366460.0,63893428.0,58736416.0,0.0,0.0,47505740.0,48214876.0,58758360.0,0.0,89849130.0,0.0,56685388.0,0.0,53395708.0,57506172.0,45144696.0,53690892.0,0.0,
909,679.3700096698777,4.2829194,height,,,,,,,,,,,13125543.0,10510382.0,11920204.0,13679345.0,7689624.0,11083029.0,12690019.0,10438801.0,11086606.0,8491784.0,13994452.0,9565184.0,14149997.0,10909422.0,12030737.0,11618107.0,10138571.0,11083235.0,11678022.0,10721435.0,13255630.0,9965058.0,10592996.0,0.0,
910,389.2395811815329,4.290546,height,,,,,,,,,,,11921457.0,10353910.0,12030115.0,11440190.0,12536859.0,11960095.0,12576418.0,11592806.0,12276124.0,10396831.0,14391865.0,11977910.0,13996277.0,10426143.0,13914546.0,12009316.0,11864274.0,11520871.0,11529123.0,11806602.0,13949838.0,10688475.0,11944292.0,0.0,
911,659.3400621712874,4.254105,height,,,,,,,,,,,83873440.0,69789416.0,0.0,56871920.0,33019042.0,36395756.0,41239040.0,45256096.0,0.0,0.0,48651708.0,39102300.0,52093188.0,63432892.0,53171100.0,57516668.0,56374652.0,51755800.0,55646720.0,0.0,41292596.0,51332908.0,55144970.0,0.0,
912,553.3352585173022,4.287857,height,,,,,,,,,,,40397980.0,30068884.0,25847050.0,27215008.0,25553306.0,24209650.0,28094650.0,23467222.0,25256582.0,0.0,28751124.0,25524484.0,26803594.0,29184622.0,31328384.0,31345856.0,28024696.0,29377244.0,0.0,24341080.0,27026154.0,22529288.0,25946350.0,0.0,
913,562.2911180471518,4.294537,height,,,,,,,,,,,201086000.0,157829600.0,173042910.0,185272800.0,197007140.0,193489140.0,203725380.0,181509760.0,184704660.0,146467000.0,217213220.0,179085000.0,225135230.0,178172160.0,221875780.0,216728910.0,182301700.0,179034050.0,196106460.0,174595760.0,210590500.0,162618700.0,175679680.0,0.0,
914,472.2775840999689,4.2997355,height,,,,,,,,,,,3897033.2,3644401.2,7662473.0,4122672.2,30347692.0,28933288.0,24837432.0,23418468.0,28045602.0,19878894.0,26854512.0,25732926.0,28938112.0,17721772.0,20532164.0,22420430.0,17574096.0,15915348.0,19053010.0,19734626.0,22410378.0,18220204.0,21683712.0,0.0,
915,286.1762470175668,4.302563,height,,,,,,,,,,,36102920.0,33239546.0,30350726.0,31062412.0,33741380.0,47849584.0,43512436.0,47045956.0,50217396.0,47241372.0,48253804.0,49210124.0,49379696.0,40501784.0,43449624.0,50994984.0,39989540.0,37693316.0,42701064.0,43984356.0,48577636.0,39494536.0,44522132.0,0.0,
916,645.3275538499546,4.308526,height,,,,,,,,,,,9766441.0,9100444.0,7984353.5,8862496.0,11499377.0,11889305.0,10450035.0,10550225.0,10891117.0,10552064.0,11201538.0,10120248.0,11878733.0,10878357.0,11718000.0,13306786.0,10871513.0,9455941.0,11191444.0,10244466.0,10964087.0,9060245.0,10894102.0,0.0,
917,229.15478529296053,4.3173747,height,,,,,,,,,,,13584043.0,13703737.0,12256470.0,11934711.0,17278158.0,18793794.0,14730800.0,16264338.0,17715662.0,18084636.0,14830671.0,15986218.0,18012996.0,14814762.0,14889122.0,17741230.0,14793888.0,14941823.0,16977378.0,16362852.0,15791031.0,14864153.0,19539920.0,0.0,
918,475.2227144606503,4.317376,height,,,,,,,,,,,297210020.0,289213120.0,278538900.0,271366100.0,358744580.0,410508700.0,335583800.0,376057760.0,384804500.0,388520350.0,331910620.0,357844640.0,381242720.0,316012670.0,327419680.0,379819650.0,312193200.0,336292800.0,365212450.0,362192500.0,336029380.0,321072160.0,414162940.0,0.0,
919,949.4374846630748,4.3173685,height,,,,,,,,,,,9777625.0,9642105.0,10769292.0,8662018.0,15840144.0,19440354.0,16649526.0,17770670.0,17026020.0,16010502.0,16212427.0,16930126.0,17351112.0,13684547.0,15302324.0,17350408.0,13471486.0,14813563.0,18733386.0,14069321.0,12647590.0,15795679.0,16649360.0,0.0,
920,882.4763327312822,4.319713,height,,,,,,,,,,,0.0,0.0,0.0,0.0,0.0,16609466.0,16263349.0,16675133.0,15883586.0,16668664.0,16808802.0,16736715.0,17128534.0,15774759.0,16679548.0,18154426.0,14575492.0,15839342.0,16152032.0,15282565.0,14387772.0,15760914.0,16298123.0,0.0,
921,215.13918438147545,4.3173013,height,,,,,,,,,,,7724659.0,8274085.0,4107600.0,7835139.5,38103650.0,1330705.5,1554500.0,1524424.9,1580725.9,3381639.0,1414776.1,1597313.1,1420641.9,5250124.5,5046958.5,5812933.0,5153586.0,5059729.5,5023809.5,2046827.6,2152940.0,0.0,0.0,0.0,
922,390.1873439003484,4.339227,height,,,,,,,,,,,0.0,0.0,0.0,0.0,27488920.0,3393569.8,2978513.5,3146801.5,1588925.4,0.0,0.0,0.0,1603074.4,1556094.2,1516782.1,1461438.8,0.0,2035853.4,1746287.8,4283874.0,3093656.8,3159746.8,3127567.2,0.0,
923,378.20260444813135,4.3434067,height,,,,,,,,,,,3506690.0,3419072.5,2597518.8,2991851.0,0.0,13215804.0,14226650.0,11589263.0,16628698.0,11424430.0,12722919.0,13143353.0,12436675.0,8848897.0,8575969.0,9678659.0,9210802.0,8891248.0,9998374.0,11665246.0,10739366.0,13461836.0,11882677.0,0.0,
924,769.4824238374457,4.340434,height,,,,,,,,,,,21690570.0,21385264.0,18834440.0,19482652.0,21815600.0,27821938.0,32411196.0,33032398.0,27694054.0,25292306.0,27351764.0,25541120.0,27179366.0,28052250.0,30093076.0,27519360.0,30207412.0,28274966.0,27281322.0,32433570.0,29644794.0,33392896.0,37992732.0,0.0,
925,1001.5097483087084,4.343658,height,,,,,,,,,,,37713508.0,31638600.0,20851298.0,26873740.0,6234427.5,8202795.5,9812835.0,10397295.0,8715568.0,9970275.0,8941042.0,8731985.0,9901742.0,17495708.0,17288550.0,17876874.0,17891182.0,15939885.0,16358477.0,11270738.0,10525666.0,9812014.0,10041084.0,0.0,
926,1126.6180426059111,4.350108,height,,,,,,,,,,,5195884.0,6640762.5,7700498.5,7076838.0,8068903.5,7827584.0,10476699.0,10618270.0,8994577.0,10044763.0,9865583.0,8310605.0,8503984.0,13422181.0,10047316.0,10997260.0,12141366.0,10281212.0,9807044.0,8708188.0,8870361.0,9674105.0,9181258.0,0.0,
927,698.4089591112304,4.3541627,height,,,,,,,,,,,17585300.0,17330996.0,18374190.0,19352102.0,23138380.0,25404238.0,28790154.0,26744234.0,28105400.0,25668424.0,26055650.0,27764596.0,27626532.0,25943116.0,27472832.0,29981568.0,26402188.0,26196406.0,26170106.0,24747038.0,26901188.0,27007840.0,28328094.0,0.0,
928,356.14538660714373,4.357977,height,,,,,,,,,,,9262679.0,10100073.0,10432701.0,10212989.0,0.0,6129288.5,7249198.5,6614277.5,7512591.5,6559431.0,6817449.5,8151190.0,6329053.5,6088714.0,6433792.5,6622253.0,7165267.5,6548776.0,7294026.5,6336446.0,7229758.5,6885676.5,7219515.0,0.0,
929,513.3043389607418,4.3631654,height,,,,,,,,,,,12142366.0,12707967.0,12026499.0,13405809.0,12758124.0,15691900.0,19070464.0,17506224.0,16204821.0,14362832.0,15380167.0,15907332.0,16328137.0,14719744.0,13234752.0,14919768.0,16601601.0,15838751.0,17479470.0,17037588.0,16820608.0,17514018.0,17183818.0,0.0,
930,259.09251115715443,4.365061,height,,,,,,,,,,,0.0,0.0,0.0,0.0,28399286.0,3261487.5,3945671.5,4114285.5,1763943.0,0.0,0.0,0.0,1679634.1,2277851.2,2462452.2,2517397.5,2872162.0,2980272.8,3684627.8,4303769.5,3868662.2,3323072.0,3073133.0,0.0,
931,689.4351478962889,4.3658967,height,,,,,,,,,,,30194210.0,28848890.0,34261440.0,33231124.0,48450650.0,42849960.0,48609416.0,44538944.0,47315644.0,40480668.0,42609230.0,46936332.0,44528308.0,43557932.0,40809052.0,43571228.0,45476572.0,42885310.0,47604090.0,39568490.0,46021828.0,44176720.0,46975330.0,0.0,
932,727.3994254600718,4.3696284,height,,,,,,,,,,,53265550.0,53597550.0,54176132.0,57961740.0,54505480.0,55891920.0,65436464.0,59825692.0,57828400.0,51401252.0,54274196.0,57660180.0,61866536.0,57534400.0,49276940.0,56885330.0,64035080.0,59455730.0,63684830.0,55892116.0,61335770.0,57549150.0,61480504.0,0.0,
933,1303.7998103536902,4.375701,height,,,,,,,,,,,12510621.0,12009132.0,14062655.0,13647010.0,26773804.0,19523132.0,17698070.0,17444726.0,17656380.0,18229644.0,17033664.0,16948456.0,21042528.0,19643870.0,17580968.0,17156174.0,15721236.0,19999810.0,16490280.0,13590512.0,20076912.0,17777294.0,19188202.0,0.0,
934,674.3852461923849,4.3777056,height,,,,,,,,,,,12780442.0,12552486.0,12137396.0,12055250.0,14407172.0,18794200.0,18581114.0,16680903.0,19971280.0,16585411.0,18691654.0,18547936.0,18987750.0,15886198.0,13154160.0,16762234.0,15512233.0,16251767.0,15042743.0,14653107.0,18487124.0,16771934.0,18588640.0,0.0,
935,653.4061910569046,4.3848343,height,,,,,,,,,,,270304300.0,303434660.0,0.0,253194370.0,408172640.0,337738050.0,329569630.0,297344580.0,379225200.0,275543300.0,290729440.0,363332100.0,336139170.0,350861150.0,294009820.0,365984000.0,335763620.0,318701920.0,303989280.0,277417250.0,343672030.0,315320670.0,329944300.0,0.0,
936,652.4040375003094,4.3841453,height,,,,,,,,,,,707224900.0,666073800.0,665581250.0,625122370.0,1076152700.0,916829500.0,893623100.0,813450940.0,1031059400.0,753528800.0,791816060.0,993150660.0,921609900.0,966673600.0,808562050.0,998500400.0,914712600.0,875036160.0,833205200.0,764893950.0,936204800.0,859253060.0,900525440.0,0.0,
937,326.7052480657765,4.396549,height,,,,,,,,,,,91621370.0,91068664.0,106857760.0,94378344.0,91973736.0,121906240.0,106631250.0,115450920.0,121599500.0,101917100.0,109442290.0,119540920.0,104135160.0,114608904.0,107031040.0,110357520.0,101131784.0,110745976.0,129799016.0,105199440.0,116984290.0,105935290.0,107854344.0,0.0,
938,805.3920514344006,4.4463344,height,,,,,,,,,,,10848168.0,11613047.0,14618304.0,10159897.0,0.0,16848588.0,0.0,16963908.0,0.0,17860892.0,16576696.0,18411766.0,15042337.0,15176518.0,21042860.0,17312140.0,0.0,17209914.0,0.0,18722192.0,16237969.0,16185760.0,20158642.0,0.0,
939,1025.5676831954345,4.439926,height,,,,,,,,,,,89965790.0,104260950.0,0.0,89118960.0,136100820.0,17735602.0,18572246.0,29275630.0,8770342.0,26826702.0,24580180.0,20728462.0,18353076.0,40774580.0,56057360.0,49017132.0,0.0,45146956.0,0.0,32892530.0,28922988.0,19117200.0,0.0,0.0,
940,546.29302518284,4.402186,height,,,,,,,,,,,11197370.0,13919287.0,13894475.0,12747367.0,20080438.0,58704228.0,49509790.0,47510250.0,64453108.0,43965756.0,50236450.0,59395664.0,56287188.0,50235260.0,45539308.0,53681704.0,45198772.0,47973230.0,45818788.0,46559092.0,55232428.0,46795990.0,45817268.0,0.0,
941,146.09253304725408,4.402973,height,,,,,,,,,,,3413104.2,4417387.5,3770448.8,4804161.5,19802586.0,5874665.0,4665277.5,4512525.5,6914986.5,5671941.0,6281087.5,6257679.5,7112585.5,7269049.0,8097701.5,7257146.0,7522641.5,8205393.5,8347727.0,4946044.0,5291140.5,5008310.0,5516333.0,0.0,
942,440.2507780480866,4.4073853,height,,,,,,,,,,,13834264.0,13486366.0,14938583.0,13873340.0,15290332.0,18116230.0,15566358.0,15569746.0,17704872.0,15773242.0,17044498.0,18673830.0,16386900.0,16867054.0,16514559.0,17131938.0,15366347.0,16908728.0,17960252.0,15986488.0,18241574.0,15857472.0,16016564.0,0.0,
943,371.2404359540205,4.419747,height,,,,,,,,,,,88943520.0,81776690.0,78264670.0,74609930.0,35070050.0,98216020.0,103211130.0,104019930.0,95149080.0,88643384.0,93163730.0,101621060.0,110311600.0,79282776.0,96366550.0,83386904.0,90663096.0,92572400.0,77814264.0,119348870.0,96196390.0,115486770.0,106399490.0,0.0,
944,905.557776673922,4.420593,height,,,,,,,,,,,58658076.0,63857096.0,74830380.0,57548080.0,89699790.0,95415080.0,75663256.0,75312480.0,83972710.0,81799000.0,91689660.0,88525224.0,88021770.0,65989108.0,94662760.0,78800180.0,83367280.0,74361600.0,75296890.0,83637896.0,71212030.0,84765620.0,89288210.0,0.0,
945,195.11301587468185,4.4253807,height,,,,,,,,,,,17685178.0,16342971.0,20736122.0,17982494.0,16506335.0,17127380.0,18682286.0,20836610.0,21053872.0,19454398.0,21457644.0,22932260.0,20860760.0,16380532.0,20636222.0,19026194.0,20007458.0,19165966.0,17222202.0,20084798.0,18283400.0,22155576.0,22893052.0,0.0,
946,254.161324374098,4.4261355,height,,,,,,,,,,,1069710400.0,1021139650.0,1174628500.0,1052311300.0,1014278600.0,960979650.0,1048159360.0,1126049000.0,1112077600.0,1039927600.0,1127362200.0,1184580100.0,1133479300.0,972975800.0,1133166000.0,1028469760.0,1117757200.0,1041807600.0,1015761600.0,1117760400.0,998495360.0,1176597500.0,1138600100.0,0.0,
947,243.1090349719397,4.427823,height,,,,,,,,,,,9821578.0,10133575.0,10548502.0,10602009.0,10491353.0,9105832.0,11166521.0,10573133.0,11523537.0,10189271.0,11648623.0,11450891.0,9430548.0,10253802.0,11170122.0,10080805.0,11004380.0,8943015.0,9523935.0,10851778.0,9393941.0,11058310.0,9192555.0,0.0,
948,391.2091801579148,4.435565,height,,,,,,,,,,,14767979.0,12924316.0,13512661.0,15441398.0,13969385.0,13277717.0,15130631.0,18181392.0,16666097.0,13951168.0,17226508.0,17546042.0,13785237.0,18357054.0,18252126.0,19670736.0,19535868.0,18655438.0,20929756.0,15512036.0,15488691.0,18168454.0,14627516.0,0.0,
949,491.2506466450159,4.44184,height,,,,,,,,,,,22294010.0,20273286.0,30169498.0,27452718.0,34190932.0,33314406.0,37124360.0,42125756.0,46400030.0,34524100.0,41323090.0,44280844.0,37238496.0,39352316.0,34388556.0,36561256.0,39068124.0,37763020.0,41484310.0,43006000.0,40661430.0,44251204.0,38559150.0,0.0,
950,525.2312600774752,4.447471,height,,,,,,,,,,,11657627.0,11677594.0,12656074.0,14546929.0,13814636.0,10044613.0,11936812.0,13471337.0,15311673.0,11684630.0,13513443.0,13401362.0,11914207.0,13584818.0,11866870.0,12776837.0,13013655.0,14094465.0,13597221.0,14806065.0,13176480.0,13948989.0,13238852.0,0.0,
951,233.14974637675965,4.457006,height,,,,,,,,,,,0.0,0.0,0.0,0.0,57116484.0,0.0,0.0,0.0,0.0,0.0,0.0,0.0,0.0,0.0,0.0,0.0,0.0,0.0,0.0,0.0,0.0,0.0,0.0,0.0,
952,237.1235235797544,4.457006,height,,,,,,,,,,,0.0,0.0,0.0,0.0,21152590.0,0.0,0.0,0.0,0.0,0.0,0.0,0.0,0.0,0.0,0.0,0.0,0.0,0.0,0.0,0.0,0.0,0.0,0.0,0.0,
953,513.2873118303893,4.4570456,height,,,,,,,,,,,33169442.0,36413612.0,38461000.0,38608184.0,39767360.0,5005117.5,6091582.5,8872098.0,2830536.0,9208967.0,8351274.0,6747113.5,7008991.5,15471727.0,15456089.0,14854608.0,14216610.0,17583886.0,15106209.0,9310796.0,10377535.0,7693923.0,10656268.0,0.0,
954,1025.5675914469905,4.457476,height,,,,,,,,,,,85572376.0,92687640.0,90075410.0,82746024.0,129704250.0,15483943.0,17402142.0,24300330.0,8099514.0,22249594.0,22937732.0,18640730.0,17319318.0,48629932.0,44456124.0,44465028.0,41790452.0,45299104.0,39381090.0,30039006.0,27128008.0,20836738.0,28955106.0,0.0,
955,138.05504433361898,4.4586635,height,,,,,,,,,,,11857773.0,11379751.0,12282097.0,12777775.0,9566078.0,12138886.0,12048897.0,12691823.0,13461120.0,11660385.0,11908235.0,13443335.0,12152619.0,13416937.0,13823201.0,14089262.0,14208307.0,15177591.0,14905471.0,12860385.0,11793974.0,12263903.0,12480783.0,0.0,
956,674.385270510444,4.4117737,height,,,,,,,,,,,13406630.0,15257132.0,15512862.0,13398915.0,15054232.0,0.0,18202022.0,17433572.0,20099926.0,16708687.0,16163558.0,19277680.0,20395772.0,13179500.0,15565590.0,18559564.0,15555132.0,15367725.0,0.0,15242682.0,19661278.0,14135080.0,0.0,0.0,
957,983.557295317204,4.472338,height,,,,,,,,,,,0.0,0.0,0.0,0.0,0.0,19142856.0,18413144.0,18620496.0,20143356.0,16865506.0,19394362.0,20506494.0,16583417.0,22484728.0,21076922.0,20118040.0,19234450.0,21361786.0,18016522.0,21865100.0,18061860.0,19699898.0,19683712.0,0.0,
958,689.4352537228826,4.408812,height,,,,,,,,,,,26459372.0,35409750.0,0.0,27433792.0,50664810.0,0.0,44866172.0,38269644.0,0.0,29764316.0,0.0,36259440.0,40053676.0,31010100.0,39256164.0,48626304.0,0.0,41324750.0,0.0,36452084.0,43787850.0,31721032.0,0.0,0.0,
959,838.4462994428396,4.414976,height,,,,,,,,,,,24707594.0,27066466.0,0.0,24237140.0,16641580.0,37188988.0,25695276.0,23116940.0,0.0,13210066.0,20409656.0,0.0,11718859.0,15945182.0,27687808.0,35924210.0,30890406.0,21409762.0,35025664.0,23789466.0,13062864.0,14145316.0,0.0,0.0,
960,776.3474555772697,4.4738646,height,,,,,,,,,,,51327388.0,50435536.0,46501360.0,48113064.0,39977496.0,3235121.5,3718891.8,5391853.5,1585914.2,5706177.5,5093951.0,3500710.2,3578045.5,11468409.0,12389973.0,10810333.0,10958003.0,12508526.0,9609527.0,7169208.5,6751600.0,4501072.0,7577400.0,0.0,
961,259.0922551147036,4.404207,height,,,,,,,,,,,0.0,0.0,0.0,0.0,17323336.0,0.0,2600993.8,0.0,0.0,0.0,0.0,0.0,0.0,2511296.8,2660769.5,2693922.2,1761377.1,2386884.0,3167813.2,2528326.8,2410339.8,2285066.2,0.0,0.0,
962,805.3918919982947,4.4758534,height,,,,,,,,,,,10708750.0,10313121.0,13260466.0,10067773.0,16370905.0,15995640.0,16950934.0,15852803.0,16373823.0,14962864.0,16554407.0,17983622.0,14738719.0,17530056.0,17137700.0,15258416.0,16824340.0,17615110.0,15631794.0,16471687.0,15821459.0,16669983.0,18531318.0,0.0,
963,1001.5098469560344,4.4810805,height,,,,,,,,,,,27992956.0,23574208.0,15793015.0,17968340.0,5147769.5,0.0,7299990.5,8125211.5,6401974.0,8023242.5,0.0,6925916.0,6432626.0,13154651.0,16144970.0,0.0,13988057.0,12783980.0,11811574.0,10409614.0,8154760.0,7745908.5,6716829.5,0.0,
964,877.5514567909848,4.510754,height,,,,,,,,,,,11466797.0,8524996.0,13787520.0,10667055.0,15324002.0,13921377.0,16814138.0,14683403.0,13924084.0,12471883.0,14612104.0,16449161.0,13667030.0,14773802.0,16010338.0,13216349.0,15616551.0,14011145.0,12698082.0,15623471.0,13655351.0,17110272.0,12975868.0,0.0,
965,276.17076797533645,4.5132384,height,,,,,,,,,,,16094191.0,15207676.0,16677406.0,15911868.0,18552910.0,16367278.0,18299944.0,18653718.0,17699132.0,15435325.0,18113170.0,19139592.0,16784542.0,18004432.0,18604600.0,14949225.0,17848490.0,18107790.0,16291753.0,17906290.0,17229502.0,18201574.0,16196183.0,0.0,
966,226.15510242508023,4.5211687,height,,,,,,,,,,,336114020.0,327801380.0,297823140.0,305194460.0,303834500.0,330699500.0,348767260.0,370350600.0,357583870.0,329164500.0,347591940.0,368334700.0,324673470.0,348451870.0,309929570.0,332293000.0,337520580.0,373156450.0,360941760.0,384630000.0,306442400.0,371335680.0,351294750.0,0.0,
967,209.1285656270619,4.521227,height,,,,,,,,,,,29795158.0,25188150.0,25930496.0,25684486.0,25139102.0,26241768.0,30715190.0,31670674.0,30314944.0,29020530.0,29338724.0,31942200.0,29489796.0,28969928.0,25644652.0,29844156.0,30089324.0,31466856.0,28275348.0,32244734.0,24560458.0,31877630.0,31043076.0,0.0,
968,627.37195208583,4.5816693,height,,,,,,,,,,,10902651.0,0.0,6345961.0,8670904.0,1875041.1,7348381.0,0.0,8544596.0,9893528.0,9029336.0,9163587.0,7775369.5,9724609.0,9741149.0,10659996.0,9843891.0,10195754.0,0.0,8946450.0,8857575.0,9747588.0,8893488.0,8120397.0,0.0,
969,674.3515043689971,4.5415587,height,,,,,,,,,,,14879303.0,13920662.0,15323189.0,13819888.0,11160156.0,20304798.0,21065386.0,20972668.0,20430734.0,19627562.0,21668820.0,21735450.0,21618906.0,23247478.0,22148342.0,23382622.0,21930798.0,22678218.0,22951946.0,21597320.0,20910664.0,21712728.0,24182216.0,0.0,
970,376.1882118667208,4.5740113,height,,,,,,,,,,,51546424.0,44606856.0,34314580.0,39797644.0,17733502.0,22606508.0,25929486.0,26834472.0,26103898.0,26308070.0,26934764.0,27246634.0,27969378.0,33006918.0,33672436.0,34016950.0,32059360.0,30264442.0,30628254.0,29823760.0,28068002.0,27288620.0,27354722.0,0.0,
971,244.09279955577117,4.551021,height,,,,,,,,,,,0.0,0.0,0.0,0.0,20925528.0,0.0,0.0,0.0,1052783.8,0.0,0.0,0.0,0.0,0.0,0.0,0.0,0.0,0.0,0.0,0.0,0.0,0.0,0.0,0.0,
972,487.1786483512489,4.5683093,height,,,,,,,,,,,0.0,0.0,0.0,0.0,16746096.0,0.0,0.0,0.0,0.0,0.0,0.0,0.0,0.0,0.0,0.0,0.0,0.0,0.0,0.0,0.0,0.0,0.0,0.0,0.0,
973,415.2552981134055,4.5814776,height,,,,,,,,,,,8061405.0,7962822.0,8828382.0,7702992.0,9850296.0,11016503.0,10211689.0,11091370.0,10651410.0,9938149.0,10528882.0,10760639.0,11207437.0,11186456.0,11527507.0,11466225.0,10765517.0,11013569.0,10235824.0,10577084.0,10321902.0,10492055.0,10453096.0,0.0,
974,546.2599233573858,4.578199,height,,,,,,,,,,,9365930.0,9540221.0,12889787.0,8348532.5,7561106.5,10921728.0,11351916.0,12020205.0,13215270.0,11274386.0,12374053.0,12369874.0,14834692.0,10168280.0,13283505.0,13189986.0,12614994.0,11589568.0,10907529.0,11540093.0,13086431.0,12439832.0,11814275.0,0.0,
975,427.2553446853259,4.581746,height,,,,,,,,,,,4627833.5,4161491.2,4843565.5,4225108.0,3629612.8,8639456.0,9139720.0,10117474.0,10545337.0,8377892.5,9886577.0,9678023.0,10505461.0,8443698.0,9190945.0,8620598.0,8708482.0,7585174.0,7794791.0,8833704.0,8888994.0,8905513.0,9079231.0,0.0,
976,470.29777709646567,4.5870132,height,,,,,,,,,,,9550600.0,8977003.0,10304556.0,8922399.0,10031145.0,9894934.0,10791599.0,11718275.0,10320178.0,9724973.0,10509754.0,10095971.0,11516137.0,10999060.0,11532717.0,10771554.0,11330641.0,9226529.0,9873013.0,10691010.0,10868600.0,10422742.0,9983540.0,0.0,
977,316.1640965538149,4.5893335,height,,,,,,,,,,,6149494.5,5330812.0,7042623.0,5667371.5,0.0,2773993.8,2776720.5,5249062.0,2149777.0,3018025.8,3974619.8,2953948.0,2187592.2,3756578.5,4715214.0,4074201.8,4031144.2,3415575.0,3454932.8,4631399.0,5248837.5,4668164.0,2509005.5,0.0,
978,730.3599145869467,4.600543,height,,,,,,,,,,,170941180.0,170500160.0,189539000.0,183051890.0,169579400.0,128927420.0,143515200.0,163471540.0,123360360.0,130686140.0,131291800.0,127950310.0,148459580.0,148651620.0,177588240.0,174001600.0,172823870.0,142284800.0,154948200.0,163440210.0,161294110.0,142233580.0,149102820.0,0.0,
979,507.22797153188816,4.6032,height,,,,,,,,,,,8375700.5,5681197.5,4009535.2,4683345.0,1549983.0,3486117.2,3985962.2,4342284.5,3838083.5,3421155.2,4005919.2,3619721.8,4052157.5,5182179.5,4994840.5,4428988.0,5060421.5,4555388.5,4860490.5,4925884.0,4612820.5,4248204.0,4159298.2,0.0,
980,209.10344758443173,4.6047654,height,,,,,,,,,,,6767475.5,6856529.0,7203850.0,7308254.0,6286136.5,6525848.5,7168913.5,8331306.5,6893617.5,6224715.5,6670680.5,6770845.5,7397406.5,6403295.5,6734017.0,6832589.5,6835161.0,6095995.0,6179272.5,6974501.0,7374639.0,6513478.5,6425742.0,0.0,
981,514.2877773725048,4.6054506,height,,,,,,,,,,,82944904.0,80279520.0,87517096.0,81309840.0,65394696.0,77706280.0,83102490.0,103034890.0,85942110.0,70077020.0,77672410.0,76538296.0,85627860.0,82574940.0,78648500.0,90732750.0,91798480.0,74056490.0,76793630.0,84002430.0,91158510.0,83663490.0,85926024.0,0.0,
982,627.3720030723199,4.6054573,height,,,,,,,,,,,9326920.0,8009993.0,6231114.5,7414144.5,0.0,7841213.0,7981942.5,8486207.0,8870765.0,7343825.5,8102272.5,0.0,8754796.0,9748034.0,9491818.0,9234305.0,10016428.0,9156537.0,9097908.0,8774521.0,8263623.5,8725144.0,8240020.5,0.0,
983,515.2907717641605,4.603317,height,,,,,,,,,,,27956192.0,20692046.0,22899092.0,21304376.0,16970100.0,21584302.0,23949986.0,27090502.0,26787844.0,0.0,22261378.0,22314292.0,25465288.0,21682884.0,20212158.0,23476860.0,24425378.0,19262290.0,20068080.0,22599126.0,28117512.0,24030188.0,25935562.0,0.0,
984,555.2454699479445,4.626907,height,,,,,,,,,,,10218757.0,7583378.0,25274504.0,10329249.0,128874776.0,96067830.0,84339330.0,90309300.0,93716880.0,73687930.0,88427080.0,81446840.0,88661150.0,70885600.0,60834696.0,68149070.0,71223210.0,66424244.0,67118960.0,67633450.0,74156070.0,81467690.0,85105690.0,0.0,
985,644.3407195150769,4.632187,height,,,,,,,,,,,7933862.0,7936422.0,6977651.5,6918977.0,7887932.0,12947122.0,12196528.0,12184817.0,13071987.0,11313391.0,11693587.0,11106738.0,12211300.0,14323936.0,11657170.0,12490325.0,12950284.0,12883093.0,12859582.0,10710265.0,12373575.0,13548195.0,11926027.0,0.0,
986,415.25523858466215,4.5980263,height,,,,,,,,,,,9131352.0,9345797.0,8830051.0,8618322.0,8784912.0,10482916.0,0.0,11554862.0,11149381.0,0.0,0.0,0.0,11550609.0,10905385.0,12681852.0,12471124.0,11744696.0,10141414.0,10506433.0,10743378.0,12566530.0,11186845.0,10763041.0,0.0,
987,427.2552906483007,4.5900044,height,,,,,,,,,,,5263213.0,0.0,4951377.0,4568452.0,3910783.2,9548093.0,0.0,10347554.0,12234279.0,0.0,0.0,9421690.0,10707698.0,8183978.5,10565370.0,9067237.0,9463613.0,7290166.0,8074326.5,8976138.0,9889684.0,9935473.0,9089714.0,0.0,
988,470.2976574285744,4.5969353,height,,,,,,,,,,,11299314.0,10729912.0,10384560.0,10276034.0,10303224.0,10415187.0,11652494.0,11643726.0,12026248.0,0.0,0.0,0.0,11943875.0,10513881.0,13033888.0,0.0,11747972.0,9642255.0,10222652.0,10881887.0,12800228.0,11233668.0,10717465.0,0.0,
989,376.1882357961308,4.601902,height,,,,,,,,,,,46452876.0,49611144.0,36016380.0,44734930.0,14586467.0,25467718.0,0.0,28468798.0,0.0,0.0,27249470.0,0.0,29058476.0,31557000.0,37586812.0,31612606.0,34951700.0,31180982.0,31329634.0,30290770.0,33444832.0,29647078.0,26301466.0,0.0,
990,316.1867451935479,4.644669,height,,,,,,,,,,,115015900.0,94246410.0,70941864.0,87679790.0,9691500.0,138783490.0,130649380.0,140777940.0,137703300.0,127156870.0,130255590.0,130991760.0,138232300.0,128006620.0,123089360.0,112216870.0,115203860.0,121682240.0,115292540.0,138158420.0,132372150.0,137648620.0,132773544.0,0.0,
991,449.2397199124407,4.6514573,height,,,,,,,,,,,8049948.5,7980076.5,12637949.0,9309801.0,22258070.0,21049716.0,20810248.0,22118070.0,22413654.0,18591158.0,20891600.0,21384992.0,21200638.0,20761546.0,19522402.0,17115562.0,18192922.0,19613260.0,17458652.0,19273656.0,20517346.0,19585294.0,19552142.0,0.0,
992,631.3667545458028,4.652947,height,,,,,,,,,,,6636372.0,4403975.5,2946478.0,3600380.2,1602926.8,8524411.0,7193932.5,8605203.0,8250545.0,7981480.5,7745969.0,7924479.5,8190516.0,6810844.5,6804955.5,5587601.0,5917690.0,6823696.0,6287307.0,8490607.0,7854440.5,8027888.5,8169346.5,0.0,
993,499.287809860907,4.6525636,height,,,,,,,,,,,0.0,0.0,1642621.0,0.0,4510512.5,8202397.0,7758614.5,8595912.0,9483373.0,7134599.5,8221672.0,8438984.0,8353489.0,6884562.0,6815488.5,5517049.0,6690858.5,7230032.0,5967154.5,6426997.0,6628351.0,6941293.0,7018609.0,0.0,
994,674.3518021934935,4.6164994,height,,,,,,,,,,,15952218.0,0.0,14700249.0,15647896.0,12991668.0,19070184.0,0.0,22142080.0,21987456.0,0.0,22344620.0,18722946.0,23032348.0,21955276.0,23961670.0,23050814.0,23187902.0,19670826.0,19910842.0,20892972.0,23503562.0,22551686.0,19721918.0,0.0,
995,619.2911877884147,4.66331,height,,,,,,,,,,,19889564.0,19240268.0,26528138.0,19849496.0,39150060.0,39088624.0,40972824.0,39970796.0,38926110.0,34203540.0,36927360.0,36595800.0,35307344.0,38194492.0,37445556.0,35350810.0,34936284.0,35896836.0,39555944.0,38798320.0,35571600.0,36437484.0,42910784.0,0.0,
996,360.21290529096,4.667215,height,,,,,,,,,,,12503491.0,12337404.0,15848623.0,12116736.0,19770314.0,18306588.0,18576132.0,18461534.0,20596616.0,18529878.0,19441214.0,18740938.0,16927234.0,17877474.0,19959052.0,18920534.0,17747156.0,16666861.0,17768532.0,17236294.0,19834184.0,18697444.0,18355382.0,0.0,
997,540.3088543006332,4.677354,height,,,,,,,,,,,9219177.0,12324177.0,10734955.0,12480778.0,12581200.0,0.0,0.0,0.0,0.0,0.0,0.0,0.0,0.0,0.0,0.0,0.0,0.0,0.0,0.0,0.0,0.0,0.0,0.0,0.0,
998,528.3032466257754,4.6818604,height,,,,,,,,,,,20819462.0,22882232.0,20857644.0,21942176.0,21794628.0,24418254.0,25440528.0,22668338.0,24302036.0,21835080.0,23644282.0,22645772.0,21202186.0,23954568.0,25448650.0,25220308.0,23685860.0,23506678.0,28777972.0,26275792.0,22377182.0,22017572.0,28617346.0,0.0,
999,590.2133237683586,4.6887317,height,,,,,,,,,,,13513082.0,14769626.0,13425515.0,15729350.0,11815276.0,13446858.0,13695192.0,13333236.0,12726990.0,11482929.0,12542316.0,12378290.0,10927867.0,12379746.0,12811889.0,11472462.0,13799313.0,13190637.0,15679458.0,14375135.0,12271771.0,10607093.0,15009617.0,0.0,
1000,576.3508387038628,4.6941395,height,,,,,,,,,,,25498528.0,29153574.0,26888254.0,28473004.0,31473538.0,31452070.0,35339236.0,30892878.0,30997370.0,0.0,29535284.0,31984936.0,28968104.0,29983770.0,33365874.0,32548134.0,29613042.0,30898680.0,34731640.0,32641840.0,32127480.0,29204588.0,34744644.0,0.0,
1001,286.1761825938549,4.7064724,height,,,,,,,,,,,14108011.0,0.0,14538870.0,15480678.0,27045212.0,35422896.0,32995342.0,34220124.0,41129970.0,28482666.0,31439874.0,38528308.0,36773764.0,24390660.0,26268578.0,22750204.0,22545982.0,25060564.0,27800918.0,28450566.0,27195744.0,30503886.0,36094852.0,0.0,
1002,213.1234522634637,4.711465,height,,,,,,,,,,,8863953.0,6683487.0,6132734.0,7495125.5,9395600.0,7567538.5,8077499.5,8820563.0,8484881.0,7652289.0,7366905.0,8491023.0,8280177.5,7618678.0,8488568.0,7579609.0,7577008.5,8246923.5,9231345.0,8068407.5,7944953.5,8005553.0,9544311.0,0.0,
1003,346.1972821372658,4.711473,height,,,,,,,,,,,35025960.0,32070452.0,30581192.0,37043020.0,39661916.0,33899496.0,36774600.0,41367920.0,35217420.0,34804550.0,33364716.0,37607844.0,34819960.0,36248850.0,39029310.0,34293790.0,35324936.0,37812628.0,41238116.0,31248340.0,33343520.0,33446334.0,41386124.0,0.0,
1004,188.0706770741676,4.726038,height,,,,,,,,,,,298564960.0,314906900.0,130041520.0,12474231.0,902783900.0,187916480.0,152075630.0,185242140.0,42455068.0,16567425.0,13228320.0,4001481.5,98679370.0,198844660.0,214659500.0,196809100.0,204230460.0,226097380.0,273779970.0,287928100.0,216642340.0,238406930.0,215796180.0,0.0,
1005,159.0917375578623,4.726223,height,,,,,,,,,,,7885894.5,9219136.0,3530582.0,0.0,27710314.0,5234173.0,4335093.0,5281210.5,1239385.0,0.0,0.0,0.0,2643727.2,6330279.5,7095785.5,6613191.0,6833908.0,6273024.5,7154464.0,8908493.0,6364250.0,7035665.5,5560777.5,0.0,
1006,146.06011937724642,4.726207,height,,,,,,,,,,,28059542.0,29821576.0,12117373.0,1433329.9,84347590.0,16082769.0,14511610.0,17289480.0,4181846.8,1671553.6,1435661.1,0.0,8867500.0,20328458.0,19684000.0,17607232.0,19088422.0,20624086.0,25976102.0,26641266.0,20211812.0,22766570.0,19195264.0,0.0,
1007,132.08096026885104,4.7271905,height,,,,,,,,,,,5229168.5,5631877.5,2211332.8,0.0,16294548.0,3512269.5,3044126.5,3196061.2,0.0,0.0,0.0,0.0,1532541.2,3438195.8,3624827.5,3372861.2,3753800.5,3611834.0,4594083.0,5259738.0,3882099.8,4167074.5,3637452.2,0.0,
1008,144.08084896387564,4.727649,height,,,,,,,,,,,14542567.0,15690517.0,6663116.5,0.0,42837270.0,9271141.0,7474620.5,8889690.0,2126684.5,0.0,0.0,0.0,4365932.0,10738675.0,9883505.0,9282837.0,10265022.0,10654173.0,13197917.0,14264985.0,10702538.0,11520686.0,10157512.0,0.0,
1009,205.0972899537824,4.727206,height,,,,,,,,,,,152840770.0,162537020.0,70172296.0,6111010.0,524850940.0,107624790.0,70799950.0,96886130.0,25055650.0,9107353.0,6393945.5,2382154.8,54321244.0,86035704.0,115732296.0,104075890.0,101824140.0,117284860.0,134588850.0,148409550.0,105817890.0,122093816.0,130544750.0,0.0,
1010,170.06010822178274,4.7281957,height,,,,,,,,,,,6714660.0,7231921.5,2739418.2,0.0,20486854.0,3988449.8,3493687.8,3874765.0,0.0,0.0,0.0,0.0,2158162.8,4673900.5,4495955.5,4331422.0,4501101.0,5037794.5,6265661.0,6216991.5,4979898.5,5352581.5,4356473.5,0.0,
1011,254.16121985325483,4.737446,height,,,,,,,,,,,358456900.0,349440130.0,385550820.0,320604500.0,315976830.0,400175740.0,374116000.0,425155200.0,395109900.0,391008400.0,382597200.0,395125950.0,442896160.0,354216480.0,436173920.0,348147400.0,408483680.0,367928320.0,424104200.0,389919970.0,381835300.0,411375100.0,408413280.0,0.0,
1012,723.4413405967109,4.737878,height,,,,,,,,,,,6554143.0,8892968.0,11037780.0,8593212.0,11453503.0,12520921.0,11421582.0,11479777.0,11486299.0,11713652.0,13106264.0,12462096.0,13593551.0,13867767.0,15704267.0,11717562.0,13466962.0,12883748.0,16246136.0,12110903.0,12526932.0,13836164.0,12242916.0,0.0,
1013,133.0318945736287,4.7414546,height,,,,,,,,,,,113410200.0,90444860.0,95246520.0,79816104.0,73813810.0,117332690.0,110816460.0,118709650.0,132794690.0,114636030.0,112121260.0,116959720.0,130554630.0,99797450.0,108473370.0,108683290.0,96048696.0,101787480.0,122114510.0,114521410.0,110649020.0,123474960.0,133712620.0,0.0,
1014,150.05840947759384,4.7422533,height,,,,,,,,,,,395771500.0,325176480.0,341202240.0,289521730.0,266133390.0,419918880.0,399625400.0,426587000.0,473709150.0,404318560.0,403570300.0,418553400.0,464828350.0,361404100.0,381241100.0,383440670.0,342931400.0,370963100.0,426748060.0,406698560.0,394344350.0,436795000.0,476606530.0,0.0,
1015,1079.609909814324,4.754298,height,,,,,,,,,,,55812148.0,68380110.0,84904184.0,63496260.0,90338290.0,0.0,0.0,0.0,0.0,0.0,0.0,0.0,0.0,0.0,0.0,0.0,0.0,0.0,0.0,0.0,0.0,0.0,0.0,0.0,
1016,209.10341754068463,4.754851,height,,,,,,,,,,,102563350.0,110587970.0,114368290.0,110684630.0,113082680.0,120203460.0,119437500.0,113973040.0,121390100.0,122089620.0,132408380.0,136776910.0,130868630.0,115325850.0,130066960.0,120320680.0,117393490.0,129593010.0,115113700.0,128967250.0,128614170.0,131666200.0,133302530.0,0.0,
1017,375.2239448248727,4.7549424,height,,,,,,,,,,,25119168.0,28651470.0,29342368.0,27702434.0,29086766.0,27962172.0,28368712.0,27699578.0,29455584.0,29797222.0,32505696.0,34848276.0,35438400.0,32089566.0,36590490.0,33006788.0,31541990.0,34679670.0,29756970.0,32544200.0,33021800.0,33169756.0,32795630.0,0.0,
1018,435.2271624913286,4.7592964,height,,,,,,,,,,,5317487.0,5859277.5,7127942.0,5919221.0,9156329.0,10658814.0,9502298.0,8717541.0,9017454.0,9162546.0,11160090.0,11030979.0,11039361.0,10647652.0,10721740.0,9353521.0,9841416.0,10374226.0,9217114.0,9694312.0,9926656.0,11081953.0,11722957.0,0.0,
1019,348.1587915671961,4.7595043,height,,,,,,,,,,,0.0,0.0,1208790.1,0.0,16546574.0,13736586.0,11205478.0,9643166.0,12628908.0,7992736.0,13854583.0,12770715.0,12618449.0,6666596.5,6281155.0,6329427.0,6560748.0,6512568.5,6272140.0,9075131.0,8321958.5,9157551.0,12677840.0,0.0,
1020,604.2984033709699,4.772639,height,,,,,,,,,,,146531760.0,165413180.0,162804460.0,150867300.0,188495340.0,208249520.0,198223570.0,177613470.0,184195250.0,194145730.0,202449700.0,185784030.0,197384900.0,200337570.0,205176240.0,177905390.0,204292270.0,192394140.0,210589660.0,187428260.0,196281800.0,201365260.0,213580980.0,0.0,
1021,267.1341072876114,4.8230324,height,,,,,,,,,,,0.0,0.0,0.0,1232590.2,24441782.0,1476127.5,0.0,1363017.9,1195758.4,1283648.5,1383436.5,1076556.5,0.0,0.0,1224527.1,1224444.4,1154629.5,0.0,1523517.0,1162102.9,1245400.2,1130892.6,1187095.5,0.0,
1022,709.425372305372,4.773411,height,,,,,,,,,,,9302829.0,9791413.0,9493159.0,8913872.0,13712125.0,14799620.0,14427093.0,12189397.0,11435905.0,14174081.0,13939618.0,12901661.0,13531519.0,14019210.0,13391684.0,13254597.0,16231008.0,14396985.0,13133898.0,11727787.0,14023178.0,13879322.0,14814673.0,0.0,
1023,456.2818826468432,4.7754383,height,,,,,,,,,,,6222038.5,5853440.5,4459828.0,4710202.0,2471685.0,86418330.0,74454480.0,62029930.0,83904744.0,64197036.0,77360930.0,72136890.0,76410160.0,59511520.0,59196656.0,54159436.0,59166028.0,57167790.0,58869532.0,65050290.0,65795224.0,75505620.0,73128936.0,0.0,
1024,560.2722027620587,4.777454,height,,,,,,,,,,,54531452.0,50081836.0,25715928.0,40379188.0,3071241.2,18267318.0,18136444.0,16777201.0,16557951.0,18530484.0,17068600.0,15652519.0,17999446.0,25672540.0,25921260.0,24308558.0,26373234.0,26517502.0,24537898.0,25170020.0,21468282.0,22052360.0,20203586.0,0.0,
1025,190.1264045659918,4.7821994,height,,,,,,,,,,,0.0,0.0,0.0,0.0,10820475.0,0.0,0.0,0.0,0.0,0.0,0.0,0.0,0.0,0.0,0.0,0.0,0.0,0.0,0.0,0.0,0.0,0.0,0.0,0.0,
1026,836.4883232323322,4.7943707,height,,,,,,,,,,,0.0,0.0,0.0,0.0,0.0,23272328.0,21935976.0,19493430.0,19827962.0,22216642.0,19219446.0,16477883.0,22951938.0,24014218.0,25770488.0,22146180.0,24808276.0,20446144.0,20410220.0,21182218.0,21496070.0,21772240.0,20061690.0,0.0,
1027,978.562437564577,4.7968407,height,,,,,,,,,,,10483408.0,10773032.0,8737907.0,9944806.0,12056095.0,0.0,0.0,0.0,0.0,0.0,0.0,0.0,0.0,0.0,0.0,0.0,0.0,0.0,0.0,0.0,0.0,0.0,0.0,0.0,
1028,540.3090466242576,4.802557,height,,,,,,,,,,,8557980.0,10202823.0,12624148.0,11987108.0,9732236.0,0.0,0.0,0.0,0.0,0.0,0.0,0.0,0.0,0.0,0.0,0.0,0.0,0.0,0.0,0.0,0.0,0.0,0.0,0.0,
1029,189.1233591764248,4.8012137,height,,,,,,,,,,,1309115.0,1248712.8,0.0,1548753.2,126487380.0,0.0,0.0,0.0,0.0,0.0,0.0,0.0,0.0,3561486.0,3513594.8,3797001.5,3281353.5,3841637.5,3989109.8,0.0,0.0,0.0,0.0,0.0,
1030,441.2347158931714,4.806958,height,,,,,,,,,,,147801570.0,121286590.0,92227570.0,141029820.0,34016990.0,65447004.0,64806396.0,64275664.0,63663140.0,73286136.0,57978636.0,52756396.0,67814190.0,85486380.0,89883090.0,76672690.0,86987610.0,80735990.0,85958500.0,94388856.0,85193090.0,72844050.0,62134044.0,0.0,
1031,488.25152911592727,4.810927,height,,,,,,,,,,,5975484.0,5986199.0,4777087.0,5754194.0,4572364.0,11403255.0,10523337.0,9662317.0,10848187.0,9270518.0,10619244.0,8512546.0,11405880.0,9172548.0,9655152.0,8412836.0,9102260.0,8271398.5,9326468.0,10653563.0,11843317.0,10388424.0,9745015.0,0.0,
1032,553.3351558717858,4.8121185,height,,,,,,,,,,,188671570.0,178735890.0,93170570.0,166386900.0,8067358.0,42359760.0,44664500.0,48005790.0,37172420.0,50552364.0,43614130.0,32972378.0,50097180.0,78266420.0,80322696.0,70489096.0,78034330.0,67740760.0,75833010.0,81008000.0,73699256.0,67130830.0,46953224.0,0.0,
1033,387.2239609985048,4.8213177,height,,,,,,,,,,,23411004.0,20664212.0,28986590.0,25463622.0,35945420.0,74263710.0,63516156.0,63068516.0,70745210.0,59194450.0,67624780.0,55644870.0,70182480.0,51917580.0,53840572.0,49318470.0,51798030.0,46855890.0,53417544.0,66399504.0,70438110.0,61842720.0,62590576.0,0.0,
1034,187.1078428140095,4.8237886,height,,,,,,,,,,,3242608.5,3031423.0,4138434.5,3671982.5,5282896.0,11370615.0,9705636.0,9066618.0,10197743.0,8762071.0,9886057.0,8057636.0,10297722.0,7688988.0,7761498.5,7716242.0,7376777.0,7050209.5,7872454.0,9690883.0,9871274.0,9045462.0,9758290.0,0.0,
1035,318.2023619005905,4.827418,height,,,,,,,,,,,5655933.5,4372864.0,7461956.5,5200190.0,23399360.0,17058188.0,13928717.0,15319287.0,16214423.0,13742819.0,15483430.0,13315955.0,15547264.0,11687018.0,13187994.0,11599708.0,12863848.0,11732445.0,12999211.0,14420395.0,15024532.0,13311553.0,16395959.0,0.0,
1036,279.13404607958245,4.833403,height,,,,,,,,,,,12700182.0,12473489.0,10213187.0,11894236.0,18991188.0,15457696.0,13875395.0,14986352.0,14230506.0,12819030.0,13308050.0,9827117.0,14884347.0,12885269.0,13833823.0,13229770.0,13923687.0,13189301.0,13741323.0,14936178.0,16177720.0,15342419.0,16558837.0,0.0,
1037,546.2601161848223,4.8351464,height,,,,,,,,,,,7211537.5,7377107.0,6632225.5,7884998.5,9627225.0,8967127.0,7252558.5,8529888.0,8244810.5,8708189.0,8325438.0,6866284.5,8641037.0,7582213.0,8019297.5,8132976.5,8441788.0,7904376.0,8185450.5,8801279.0,8764770.0,8199983.5,8671323.0,0.0,
1038,1117.5660188596055,4.845715,height,,,,,,,,,,,9181505.0,12064162.0,10296903.0,11731741.0,15476343.0,0.0,0.0,0.0,0.0,0.0,0.0,0.0,0.0,0.0,0.0,0.0,0.0,0.0,0.0,0.0,0.0,0.0,0.0,0.0,
1039,152.05667373670994,4.846197,height,,,,,,,,,,,0.0,0.0,0.0,0.0,97052400.0,0.0,0.0,0.0,0.0,0.0,0.0,0.0,0.0,0.0,0.0,0.0,0.0,0.0,0.0,0.0,0.0,0.0,0.0,0.0,
1040,284.0990337399155,4.846197,height,,,,,,,,,,,0.0,0.0,0.0,0.0,72043120.0,0.0,0.0,0.0,0.0,0.0,0.0,0.0,0.0,0.0,0.0,0.0,0.0,0.0,0.0,0.0,0.0,0.0,0.0,0.0,
1041,874.4441833919929,4.8481584,height,,,,,,,,,,,0.0,0.0,0.0,0.0,0.0,9889761.0,7250829.0,6550425.0,9633165.0,9980572.0,7743855.5,8084816.5,10524844.0,9077707.0,8989912.0,7955867.5,10050789.0,10071099.0,8421348.0,9968986.0,7493211.5,9851307.0,9740816.0,0.0,
1042,425.1798894465838,4.851704,height,,,,,,,,,,,12238639.0,10946527.0,16675668.0,13117508.0,24850556.0,47391550.0,33078126.0,28571268.0,42356052.0,41971164.0,30352040.0,35469200.0,39170680.0,28378068.0,28108126.0,29704832.0,26943426.0,28421732.0,26604422.0,35204764.0,33862956.0,35718028.0,39123876.0,0.0,
1043,494.23794820946176,4.8554616,height,,,,,,,,,,,0.0,0.0,0.0,0.0,0.0,14517253.0,10270015.0,7788340.0,14417365.0,12690446.0,8936499.0,11232226.0,12276985.0,8283756.0,8727058.0,8749269.0,7016308.5,8098046.5,7305261.5,10078500.0,9761481.0,11282880.0,10263617.0,0.0,
1044,322.05482419018387,4.8555074,height,,,,,,,,,,,0.0,0.0,0.0,0.0,28180850.0,0.0,0.0,0.0,0.0,0.0,0.0,0.0,0.0,0.0,0.0,0.0,0.0,0.0,0.0,0.0,0.0,0.0,0.0,0.0,
1045,591.2908197513208,4.8558154,height,,,,,,,,,,,41690380.0,44352856.0,24321038.0,37129270.0,0.0,9743403.0,8508918.0,8602007.0,8041548.5,13063170.0,7588793.0,8386573.5,10214236.0,16549730.0,16517484.0,17334758.0,15031438.0,16882178.0,14814680.0,16353237.0,13232972.0,13968105.0,11234618.0,0.0,
1046,642.2541931110761,4.8765993,height,,,,,,,,,,,15425130.0,16908170.0,20921226.0,14264498.0,19446038.0,21095654.0,23047520.0,17381696.0,21350336.0,22196322.0,23025830.0,18276362.0,20139160.0,23394744.0,20952674.0,23877506.0,19253086.0,18901300.0,18357760.0,16713320.0,22343972.0,19488894.0,20674856.0,0.0,
1047,226.15505311995892,4.8930597,height,,,,,,,,,,,30314922.0,30203396.0,33708124.0,26086206.0,26844652.0,29304998.0,33042482.0,27929416.0,25094072.0,31642782.0,34670040.0,28970864.0,31677582.0,37680930.0,32554582.0,31911750.0,29447256.0,30708848.0,30735432.0,24926224.0,34721270.0,29221860.0,28983982.0,0.0,
1048,145.10841833398558,4.899255,height,,,,,,,,,,,0.0,0.0,0.0,0.0,0.0,0.0,0.0,0.0,0.0,0.0,0.0,0.0,0.0,28946204.0,28051150.0,26258270.0,25914508.0,25235876.0,20821712.0,0.0,0.0,0.0,0.0,0.0,
1049,628.3305400060327,4.906325,height,,,,,,,,,,,33788120.0,29294322.0,31956898.0,25816626.0,32068982.0,29267600.0,31607434.0,31174802.0,28239008.0,32443950.0,35344852.0,29530396.0,26084088.0,37074148.0,32954438.0,33396540.0,36133430.0,37249136.0,35950630.0,25759292.0,31804974.0,27143998.0,30473084.0,0.0,
1050,668.3618793891361,4.909618,height,,,,,,,,,,,49158396.0,47818650.0,51741910.0,40013330.0,38754676.0,43320428.0,48683576.0,47169096.0,45461084.0,46547452.0,47064936.0,45076412.0,47227550.0,43542264.0,38290964.0,46432836.0,47080750.0,57140410.0,56365868.0,35806720.0,53661300.0,37783824.0,48846540.0,0.0,
1051,577.3536370831674,4.9160748,height,,,,,,,,,,,49897660.0,47726708.0,60282830.0,45431184.0,71268870.0,62164124.0,68868390.0,66431904.0,77131980.0,75226024.0,79799070.0,70986970.0,0.0,78825130.0,72413976.0,78312910.0,69296136.0,84603560.0,85573016.0,58360268.0,76742400.0,60098976.0,0.0,0.0,
1052,576.3510793674521,4.910026,height,,,,,,,,,,,152466990.0,134990510.0,173259100.0,118947384.0,193558180.0,181381500.0,198587070.0,196202990.0,189634580.0,205349470.0,216833150.0,180970960.0,175065490.0,207745020.0,185082600.0,212635300.0,206650640.0,229598990.0,220202860.0,152322610.0,211543170.0,162251650.0,186050220.0,0.0,
1053,667.2895386076759,4.914828,height,,,,,,,,,,,8071633.5,7730151.5,7018146.0,5767882.5,6165411.0,5714091.5,6656146.5,6454206.0,7684117.0,8815849.0,8218654.0,6948281.5,5411727.0,7905863.5,7860382.0,8598680.0,8215270.0,9001053.0,0.0,6433554.5,0.0,6087260.5,6249527.5,0.0,
1054,666.2865918989677,4.912793,height,,,,,,,,,,,21784934.0,20442002.0,19624594.0,16601021.0,20507254.0,19395724.0,20546394.0,20613474.0,20459176.0,24091264.0,24137116.0,19571602.0,17395142.0,22417306.0,20804876.0,24613324.0,24502056.0,26751334.0,23754106.0,18989504.0,17888286.0,19067226.0,19933212.0,0.0,
1055,629.2465093888403,4.9251246,height,,,,,,,,,,,11287587.0,11583854.0,5961178.0,8489990.0,0.0,1862908.8,2517826.8,2819904.8,1952803.8,3044760.8,2714861.8,2242069.5,2195240.5,4262575.0,4095789.5,4821335.0,4345584.0,4818009.5,4387184.0,3835418.0,2962393.8,3123655.8,2650055.8,0.0,
1056,615.309702190336,4.9261384,height,,,,,,,,,,,19401184.0,21261182.0,23381490.0,22478358.0,23433914.0,22850350.0,24838108.0,24358040.0,23922228.0,25752452.0,28897766.0,22832634.0,23850258.0,27099396.0,23919798.0,30183738.0,27519934.0,29602440.0,25506436.0,20058410.0,25129336.0,21831374.0,23092032.0,0.0,
1057,288.67891612894937,4.9240303,height,,,,,,,,,,,19810920.0,20119712.0,27475092.0,21180558.0,23699320.0,25426552.0,24586758.0,24805528.0,23218848.0,27629942.0,26710988.0,24060694.0,24744730.0,28535360.0,27721462.0,26586448.0,27547150.0,28473384.0,28213924.0,22058598.0,26258220.0,23193944.0,22969224.0,0.0,
1058,461.2872347782548,4.9264836,height,,,,,,,,,,,10916427.0,13504553.0,15289894.0,12318088.0,13987209.0,13633167.0,14149232.0,15151340.0,14133292.0,15573456.0,16745602.0,14419020.0,14137628.0,16436202.0,15959973.0,14725589.0,16243278.0,15535956.0,15468624.0,12419229.0,14443004.0,13313415.0,14202851.0,0.0,
1059,614.3067577029846,4.926944,height,,,,,,,,,,,58770900.0,64789660.0,72639440.0,58358584.0,71317896.0,70609110.0,76138960.0,73658250.0,71439450.0,79906650.0,85573544.0,71643150.0,72717920.0,81365030.0,75173420.0,83064000.0,82307170.0,88706456.0,78994104.0,61259790.0,75675890.0,67324610.0,71071040.0,0.0,
1060,706.3180735520874,4.940502,height,,,,,,,,,,,35198556.0,37564188.0,35479120.0,32583362.0,29036970.0,33864810.0,30040188.0,35337840.0,38705012.0,38789870.0,35635156.0,38769960.0,33864640.0,30251050.0,29572702.0,37866212.0,33951990.0,43191388.0,43306960.0,31041832.0,34611656.0,29960702.0,34608468.0,0.0,
1061,233.1495836010137,4.9406548,height,,,,,,,,,,,0.0,0.0,0.0,0.0,20606122.0,0.0,0.0,0.0,0.0,0.0,0.0,0.0,0.0,0.0,0.0,0.0,0.0,0.0,0.0,0.0,0.0,0.0,0.0,0.0,
1062,309.0612475984684,4.9406548,height,,,,,,,,,,,0.0,0.0,0.0,0.0,7366248.5,0.0,0.0,0.0,0.0,0.0,0.0,0.0,0.0,0.0,0.0,0.0,0.0,0.0,0.0,0.0,0.0,0.0,0.0,0.0,
1063,205.99814446881604,4.9442625,height,,,,,,,,,,,6723654.0,3416225.2,2748791.5,0.0,7806441.0,9980186.0,9415686.0,9917021.0,9712782.0,7262270.0,7691722.0,7088360.5,8960677.0,6393879.5,6979439.5,6479000.0,7792475.0,7657887.0,7558782.0,10380176.0,9486979.0,9140351.0,8266004.0,0.0,
1064,432.9944561445353,4.9500184,height,,,,,,,,,,,5254224.0,0.0,0.0,0.0,7031278.0,7992844.0,7540408.5,7832852.5,7487257.5,6473253.5,6609214.0,7462231.0,7289744.5,5650252.5,5115708.5,5157215.5,5550827.0,6835353.5,6179897.0,7517972.0,7171386.0,7382096.5,6095881.0,0.0,
1065,349.0329069066762,4.9509377,height,,,,,,,,,,,8509580.0,0.0,0.0,0.0,10378821.0,12250088.0,11527740.0,12573633.0,10954590.0,10012252.0,10964015.0,10868522.0,11077001.0,8875691.0,8539377.0,8073258.0,9031027.0,10739193.0,9267611.0,11790090.0,10861956.0,11089947.0,9401054.0,0.0,
1066,272.1605288050951,4.953845,height,,,,,,,,,,,103577160.0,103082420.0,100240640.0,99454930.0,3362424.8,36030812.0,43769120.0,49543060.0,34929080.0,53743868.0,39365270.0,38223532.0,43275270.0,54508936.0,55700844.0,59789950.0,63075532.0,61447212.0,70241720.0,54207390.0,56481640.0,49563004.0,42633132.0,0.0,
1067,652.2627255180641,4.958281,height,,,,,,,,,,,33211178.0,32803126.0,36932340.0,31194112.0,39811840.0,46165660.0,46179676.0,41586500.0,44611964.0,42828716.0,44409930.0,42904900.0,48456428.0,38093004.0,34385844.0,43290852.0,44106240.0,43759124.0,43936610.0,39914420.0,38660624.0,44050270.0,40042150.0,0.0,
1068,193.99810203465483,4.9591446,height,,,,,,,,,,,59258464.0,13203071.0,5566653.5,8773697.0,62317240.0,72082216.0,74152620.0,72587690.0,68387160.0,77592930.0,70098620.0,66447680.0,77668310.0,58727424.0,61580696.0,62631604.0,67637280.0,64108348.0,61085620.0,76590616.0,72011080.0,73001200.0,65208596.0,0.0,
1069,744.2738538064724,4.9597816,height,,,,,,,,,,,10618626.0,12074566.0,11981871.0,11314836.0,8576934.0,11135136.0,10428508.0,10759242.0,11083985.0,10778630.0,9883377.0,10803641.0,11380693.0,10346837.0,9448549.0,10961456.0,11633290.0,11569814.0,11848723.0,9681844.0,10402871.0,9985347.0,9519211.0,0.0,
1070,782.2295742773111,4.9655776,height,,,,,,,,,,,7697366.5,7031117.0,7832252.5,7800493.0,6676940.0,8219993.0,7834767.5,7524232.0,8842050.0,8079953.5,7951687.0,8445229.0,8659585.0,7653863.0,7524538.0,8329684.5,8679755.0,8701947.0,8249499.5,7893874.0,7595091.0,8119349.0,7147821.0,0.0,
1071,310.1163055499372,4.9646745,height,,,,,,,,,,,72335700.0,77393810.0,77576650.0,78966560.0,2123623.8,26937608.0,35276936.0,35508496.0,26585844.0,41621176.0,30393788.0,30871690.0,33574988.0,41503796.0,39453516.0,44092364.0,48392750.0,48269670.0,53095104.0,40583572.0,42524636.0,40768984.0,32364384.0,0.0,
1072,736.2242019374837,4.9683833,height,,,,,,,,,,,15710352.0,10819067.0,13363908.0,12431033.0,20174754.0,22348886.0,22297768.0,19341546.0,23480504.0,20516020.0,19768458.0,21567704.0,23079358.0,19008204.0,17391004.0,19098282.0,21256824.0,21391032.0,19602214.0,20117888.0,18228174.0,22297564.0,19559122.0,0.0,
1073,277.95940923546925,4.971859,height,,,,,,,,,,,7073169.5,1837008.5,0.0,1314438.4,7463466.0,8763184.0,10026500.0,8543403.0,8703670.0,10319320.0,9043854.0,8569771.0,9753203.0,7744852.5,7540017.5,7955741.5,8140047.0,8021307.5,7961190.0,9515286.0,8924982.0,9835712.0,8167423.0,0.0,
1074,361.9207093662562,4.972778,height,,,,,,,,,,,14240693.0,3626869.8,1386745.1,2541927.5,15461511.0,18454930.0,21298272.0,16297474.0,19031844.0,20567288.0,18137324.0,18074176.0,19544888.0,17169966.0,15860593.0,15011314.0,17956342.0,16582025.0,15569612.0,18845004.0,17155498.0,20593828.0,15947260.0,0.0,
1075,348.07226341180655,4.9735265,height,,,,,,,,,,,37829230.0,37274044.0,35169496.0,40626544.0,1173960.5,15115361.0,20418424.0,18792460.0,16005429.0,22217520.0,16981644.0,18408622.0,19943446.0,24870576.0,23100236.0,23157390.0,26778382.0,26558678.0,27989382.0,22774550.0,22124544.0,24821656.0,17853546.0,0.0,
1076,820.1854895050436,4.975167,height,,,,,,,,,,,6413054.0,4774082.5,5941891.5,5143820.5,7777090.0,9133700.0,9077022.0,7466651.0,9132013.0,7931545.5,7912684.5,8741182.0,9631280.0,7958152.5,7547777.5,7596030.0,8469283.0,8642121.0,7668695.5,8530010.0,7296596.5,8955992.0,7660775.0,0.0,
1077,432.0338551802097,4.9783487,height,,,,,,,,,,,27794100.0,28142888.0,26665816.0,29513496.0,0.0,12134322.0,16381790.0,14694612.0,13276448.0,17785860.0,13032176.0,15096512.0,15400737.0,19984458.0,17941536.0,17314864.0,20851936.0,20879714.0,20521550.0,17984330.0,17063894.0,20451144.0,13885473.0,0.0,
1078,359.9050677528745,4.9996123,height,,,,,,,,,,,0.0,0.0,0.0,0.0,10538755.0,0.0,0.0,0.0,0.0,0.0,0.0,0.0,0.0,1071108.0,0.0,0.0,1103450.6,1223112.2,1255388.2,0.0,0.0,0.0,0.0,0.0,
1079,529.8439919470976,4.9906898,height,,,,,,,,,,,6566745.5,1900293.4,0.0,1340189.9,5887582.0,7567721.5,8873158.0,6573559.5,8760054.0,7629187.5,7576933.5,8490119.0,8479294.0,8103257.5,7473284.0,6761161.5,7243126.5,6804365.0,6013070.5,8548424.0,7535854.5,10118878.0,6594245.5,0.0,
1080,191.98243468853164,4.9956074,height,,,,,,,,,,,0.0,0.0,0.0,1114048.4,36225380.0,0.0,0.0,0.0,0.0,0.0,0.0,0.0,0.0,3520011.8,3324177.8,3135998.8,3112764.2,3934365.0,3780047.0,0.0,0.0,0.0,0.0,0.0,
1081,518.1781498679044,5.0260067,height,,,,,,,,,,,7442963.0,4967369.5,7407151.0,6036376.5,9492211.0,24214480.0,23378550.0,26750064.0,24862192.0,19730306.0,22242824.0,26332430.0,25443942.0,19985874.0,17948260.0,21603156.0,18915402.0,20804292.0,18942706.0,20073112.0,22326396.0,27750096.0,22782690.0,0.0,
1082,602.1397313030449,5.0259905,height,,,,,,,,,,,3823907.2,2489949.0,3560957.0,2907394.0,4523801.5,12018546.0,11751416.0,13307208.0,12781362.0,9770327.0,10815887.0,12571815.0,12818938.0,9293762.0,8619849.0,10380962.0,9141962.0,10252805.0,9375239.0,10252306.0,10698491.0,13982903.0,11411924.0,0.0,
1083,710.6546387704716,5.0341496,height,,,,,,,,,,,7867891.0,7496833.0,8355801.0,8946439.0,4486488.5,6736217.5,5908273.0,7957793.0,6925836.0,6076143.0,6131755.5,7471740.0,6695137.5,5778668.0,5044636.0,6451624.0,5886256.5,7473287.0,6086142.0,5978293.5,6558025.5,7026134.0,6985745.0,0.0,
1084,122.92465574847776,5.034938,height,,,,,,,,,,,27654328.0,24640660.0,25954500.0,26209594.0,22218920.0,25792100.0,22906470.0,27196132.0,22501780.0,24790362.0,24320076.0,25295018.0,25130900.0,23126786.0,22027988.0,22357440.0,22793272.0,24114942.0,23308460.0,21566140.0,24229402.0,25661982.0,23715296.0,0.0,
1085,208.8840622918834,5.034943,height,,,,,,,,,,,10458652.0,9195903.0,9752815.0,9578374.0,8621826.0,9707986.0,8584098.0,10344310.0,8582368.0,8946668.0,8810075.0,9535446.0,9404573.0,8490771.0,8359779.5,8467572.0,8772589.0,8850572.0,8235179.5,7927621.0,9004659.0,9923584.0,9122375.0,0.0,
1086,374.8086247427237,5.034943,height,,,,,,,,,,,8208616.5,7400164.5,7848445.0,7911314.5,5540378.0,7178960.5,6461534.0,7861394.5,6304773.0,7018974.0,6352842.0,7566010.5,7078178.5,6301860.0,6070330.5,6260752.0,6485055.5,7534693.5,6228163.0,5898544.5,6686735.5,7168169.0,7151816.0,0.0,
1087,542.7318862319213,5.0349417,height,,,,,,,,,,,33250768.0,30534140.0,32795878.0,32938268.0,20988342.0,28290640.0,25506126.0,31332238.0,27839360.0,26014542.0,26021250.0,29668940.0,27452374.0,23767758.0,21893258.0,26392288.0,24769230.0,29622434.0,24319244.0,23498022.0,26754270.0,30935578.0,28582612.0,0.0,
1088,626.6930846789946,5.034941,height,,,,,,,,,,,11294267.0,10406238.0,11471759.0,11847859.0,6469697.0,9824540.0,8384034.0,10918548.0,9476706.0,8816292.0,8746611.0,10466610.0,9128047.0,8192776.0,7088569.5,9454007.0,8240806.0,10365205.0,8180330.0,8338442.0,9353955.0,10234321.0,10056661.0,0.0,
1089,206.88596736635907,5.0353365,height,,,,,,,,,,,48144364.0,42322710.0,44661104.0,45144132.0,38676444.0,43922972.0,38397896.0,45980336.0,38265090.0,41704200.0,40537870.0,43666724.0,42937020.0,38925092.0,36854524.0,38576276.0,39431496.0,42768610.0,37912996.0,35783228.0,40237140.0,45103270.0,40525544.0,0.0,
1090,290.8471419676967,5.0353365,height,,,,,,,,,,,79765210.0,70036264.0,73458870.0,75272930.0,60892456.0,69041460.0,61861064.0,75815890.0,62514684.0,66916776.0,64456824.0,71223010.0,68759350.0,61871230.0,59142696.0,61762556.0,63344700.0,69544264.0,60265216.0,57235252.0,65110896.0,72839710.0,67425260.0,0.0,
1091,292.8450080644752,5.0353365,height,,,,,,,,,,,23362078.0,20975450.0,21105086.0,21868684.0,17612042.0,20736502.0,17830186.0,21379670.0,17844846.0,19509078.0,18426058.0,20812728.0,20371386.0,18243164.0,17012124.0,18025940.0,18270768.0,20297678.0,17877054.0,16659330.0,19157778.0,21078238.0,19844418.0,0.0,
1092,458.7701867742326,5.0353365,height,,,,,,,,,,,28670128.0,25838738.0,27792530.0,27442104.0,19317160.0,24880052.0,21686218.0,27324906.0,23534400.0,23367712.0,22902776.0,26010254.0,24558400.0,21376384.0,19200322.0,22861092.0,22019076.0,25439460.0,20860908.0,20227580.0,23115222.0,26649462.0,24687766.0,0.0,
1093,348.99651407282266,5.044748,height,,,,,,,,,,,0.0,0.0,0.0,0.0,13325300.0,0.0,0.0,0.0,0.0,0.0,0.0,0.0,0.0,0.0,0.0,0.0,0.0,0.0,0.0,0.0,0.0,0.0,0.0,0.0,
1094,265.03515232720133,5.0539746,height,,,,,,,,,,,0.0,0.0,0.0,0.0,28603870.0,0.0,0.0,0.0,0.0,0.0,0.0,0.0,0.0,0.0,0.0,0.0,0.0,0.0,0.0,0.0,0.0,0.0,0.0,0.0,
1095,196.04832745830925,5.057904,height,,,,,,,,,,,7589393.5,5961708.5,7835398.5,6999595.5,4481479.5,6175982.0,5789141.5,6014970.5,6371703.5,6711564.5,6252154.0,6405656.5,6499950.5,5913323.0,5874264.0,6715197.5,6205851.5,6435212.5,6449378.0,5825129.5,6200638.5,5947361.5,6509783.0,0.0,
1096,480.2221307023651,5.0603266,height,,,,,,,,,,,9603104.0,6523655.5,12257442.0,8564124.0,12058355.0,36067184.0,31046714.0,34170196.0,40065800.0,36177268.0,38300370.0,36624940.0,37249412.0,29444252.0,30994820.0,31705792.0,31926900.0,29592952.0,27040956.0,27851666.0,30981082.0,36452932.0,36966864.0,0.0,
1097,158.0924348896602,5.068775,height,,,,,,,,,,,43451324.0,41371960.0,45886984.0,42734756.0,26860126.0,38600050.0,37184636.0,37351250.0,43100756.0,42833370.0,41283972.0,41651836.0,42716850.0,38556760.0,38391300.0,36331828.0,39050636.0,39019630.0,36948040.0,35912064.0,37106850.0,38208876.0,42675790.0,0.0,
1098,442.26615050518745,5.070805,height,,,,,,,,,,,15042971.0,11830278.0,20829666.0,13664423.0,17921804.0,58914050.0,52077744.0,52486944.0,64783600.0,57050670.0,65397584.0,61200988.0,61312936.0,47125830.0,46789436.0,51742300.0,48933180.0,45952930.0,43696540.0,44901664.0,46332108.0,53035412.0,60328064.0,0.0,
1099,614.3067139906356,5.014736,height,,,,,,,,,,,24551918.0,26893474.0,29335046.0,32084988.0,0.0,49259428.0,37737212.0,53874020.0,0.0,43394120.0,36909956.0,35110004.0,45651440.0,65672444.0,53126916.0,44808676.0,45895464.0,44106628.0,29481152.0,63586492.0,53377052.0,71669576.0,49738150.0,0.0,
1100,553.3348476742347,5.0375233,height,,,,,,,,,,,16354518.0,16022933.0,9950298.0,14811913.0,0.0,2944396.2,3713601.0,3638469.5,2483404.5,3546272.0,3779793.8,3052177.2,3552978.2,9427649.0,5285255.5,7094004.0,6636541.0,6137292.5,4918997.5,7531173.5,5948303.5,7141476.0,4277478.5,0.0,
1101,760.3047756434869,5.0800767,height,,,,,,,,,,,5192832.5,4434118.5,8444741.0,5649298.0,7813304.5,8252315.5,6294599.5,7865279.0,7217155.5,7000814.0,6764797.5,6852417.0,6431768.5,6374056.0,6262319.0,7581803.0,7029293.5,7434078.0,7882864.5,5762269.5,7184007.5,5444941.0,8460493.0,0.0,
1102,604.2979968648032,5.069079,height,,,,,,,,,,,3921345.2,4001634.5,6099632.0,5213987.0,5300520.0,6025933.5,5870027.5,5811844.0,6319946.0,6424189.5,7034346.5,6348164.0,5982171.5,6274022.0,6273131.5,7078779.0,5759431.0,5959414.5,5105462.0,7367034.0,5383525.0,8576115.0,6418875.0,0.0,
1103,189.12339570368428,5.081331,height,,,,,,,,,,,0.0,0.0,0.0,0.0,87595850.0,0.0,0.0,0.0,0.0,0.0,0.0,0.0,0.0,0.0,0.0,0.0,0.0,0.0,0.0,0.0,0.0,0.0,0.0,0.0,
1104,246.1447953885192,5.081331,height,,,,,,,,,,,0.0,0.0,0.0,0.0,10490025.0,0.0,0.0,0.0,0.0,0.0,0.0,0.0,0.0,0.0,0.0,0.0,0.0,0.0,0.0,0.0,0.0,0.0,0.0,0.0,
1105,478.1468302345982,5.0834846,height,,,,,,,,,,,4237075.5,3858641.0,5888398.5,4129128.8,4511910.0,5425934.5,4763337.0,6320676.0,5961942.0,5839074.5,5609231.0,5322072.5,5362774.5,4868992.5,4719975.5,6121336.0,4598481.0,5466790.5,6028735.5,4624026.5,5228204.0,4660106.5,5755243.0,0.0,
1106,668.3619400106528,5.0561233,height,,,,,,,,,,,9856183.0,12367751.0,14267191.0,17271094.0,19483814.0,20183880.0,18136454.0,13650975.0,13794905.0,15857961.0,19691468.0,14750699.0,15247734.0,19239614.0,19121786.0,22946968.0,23229484.0,18841426.0,10828783.0,25453226.0,14085541.0,14074353.0,19024866.0,0.0,
1107,576.3508576282361,5.0784063,height,,,,,,,,,,,56177596.0,49885510.0,80030424.0,60589644.0,81519850.0,87988090.0,89029840.0,87099400.0,94557740.0,89933250.0,96457980.0,93206990.0,89175090.0,85177220.0,88214970.0,92093680.0,76875016.0,79471176.0,69097144.0,79911224.0,80360580.0,113562610.0,93229460.0,0.0,
1108,742.3980829871882,5.090529,height,,,,,,,,,,,2804977.5,2442452.2,3670253.2,2485903.5,2671142.0,5549279.0,5910189.5,5919599.5,6224296.0,5312587.0,6015250.0,5968133.0,5436791.5,5636301.0,6211631.0,6058824.5,5153650.0,5237067.0,5036173.5,5323359.0,6183996.0,5226002.5,5719302.5,0.0,
1109,440.1909327895855,5.091413,height,,,,,,,,,,,18930464.0,16805244.0,22312210.0,16699726.0,22105800.0,22631028.0,23434938.0,24435504.0,24665224.0,22277796.0,24429502.0,21472838.0,23151078.0,20779030.0,23087060.0,25724066.0,21478362.0,22652368.0,22575360.0,23403750.0,24966368.0,20521284.0,23280742.0,0.0,
1110,402.23477656938775,5.097006,height,,,,,,,,,,,44645476.0,37736236.0,47291544.0,37486124.0,47292624.0,49546660.0,54729628.0,54247228.0,53135936.0,49010940.0,53037480.0,53117784.0,51774204.0,48030628.0,53917650.0,56626644.0,50639348.0,51208710.0,47798780.0,53900668.0,56077164.0,49507180.0,52569052.0,0.0,
1111,279.1339478189951,5.097511,height,,,,,,,,,,,8583938.0,4864825.0,4306542.0,3623178.0,17256568.0,2512355.5,2664233.0,3289806.8,1998063.4,1781523.9,1858338.1,1652513.0,2246187.0,4615222.5,4243586.5,4752195.0,4380009.5,4122675.2,4125043.8,4158115.2,3340170.5,2905266.2,3117489.8,0.0,
1112,722.3490040611605,5.1075006,height,,,,,,,,,,,30896258.0,26061360.0,36136710.0,25619436.0,42015700.0,32128368.0,38164480.0,36269004.0,34390388.0,28991432.0,35619044.0,33497164.0,34740776.0,39557100.0,37872148.0,41444240.0,34168556.0,34139556.0,35745916.0,35375100.0,41192720.0,31698672.0,34501870.0,0.0,
1113,763.3342276225609,5.108665,height,,,,,,,,,,,5584544.0,4606381.5,5789735.5,4755515.0,6391221.5,4972446.0,6438814.0,5512472.5,5856317.5,4976512.5,5685029.0,5956428.0,5900617.0,6585983.0,6842709.0,7271694.0,6024405.5,5843967.0,5788508.0,6349191.0,7080866.0,5955890.0,6078271.5,0.0,
1114,245.0768102503337,5.0949187,height,,,,,,,,,,,1239169.2,1195020.6,1131227.2,1266724.9,9449167.0,0.0,0.0,1260629.4,0.0,0.0,0.0,0.0,0.0,998829.06,1184579.2,1349639.0,1230330.4,1489436.5,1269676.4,1237178.2,1200094.4,0.0,0.0,0.0,
1115,684.3931822367088,5.120392,height,,,,,,,,,,,80074390.0,74992184.0,90318290.0,79200940.0,96551390.0,79192350.0,108933360.0,93067896.0,96917384.0,86443736.0,99629710.0,89912320.0,104909340.0,113722810.0,101050824.0,112862150.0,102203180.0,92606690.0,100510610.0,106361260.0,107349170.0,94294540.0,104941920.0,0.0,
1116,223.10775212724948,5.1353464,height,,,,,,,,,,,1302082.5,0.0,0.0,0.0,16843308.0,0.0,0.0,0.0,0.0,0.0,0.0,0.0,0.0,1587167.8,1306386.8,1817773.2,1552506.9,0.0,1438077.5,0.0,0.0,0.0,0.0,0.0,
1117,233.14959655914427,5.128935,height,,,,,,,,,,,0.0,0.0,0.0,0.0,21702888.0,0.0,0.0,0.0,0.0,0.0,0.0,0.0,0.0,0.0,0.0,0.0,0.0,0.0,0.0,0.0,0.0,0.0,0.0,0.0,
1118,299.100343186087,5.132725,height,,,,,,,,,,,1822317.6,1236499.9,0.0,0.0,15795980.0,1491749.1,1931909.4,1973464.5,1114878.5,0.0,0.0,0.0,1161017.5,1997074.2,1597410.8,2110744.5,1825108.0,1817108.5,1896922.1,1610776.8,1554104.2,1371287.5,1457532.2,0.0,
1119,261.1445384922011,5.1388273,height,,,,,,,,,,,4434418.0,3386855.5,2351111.5,2435682.5,28562918.0,4307456.0,3897963.8,4662808.0,2764327.0,2525810.2,2652419.5,2353595.0,2932533.8,4683621.5,4682861.0,5033469.5,5168761.5,4951939.0,4951757.5,3956721.2,3651553.0,3436637.5,4238181.5,0.0,
1120,243.1339383060528,5.1422305,height,,,,,,,,,,,4902964.0,4039721.8,2769889.0,2890285.5,30443990.0,4873089.5,4524341.0,5224104.5,3211039.8,3239813.8,3107251.0,2993491.8,3340657.5,5320012.5,5710687.5,5874119.0,6169465.5,5535603.5,5795129.5,4702831.5,4464089.0,4234613.5,4714120.5,0.0,
1121,331.1166542338075,5.1635017,height,,,,,,,,,,,3889800.2,4752559.0,5699651.0,3800666.2,11993053.0,8352552.0,8603549.0,8687979.0,7061025.5,6660222.5,7763314.0,7588961.0,7723055.5,6027396.5,6463479.5,7256147.0,6171691.5,7233684.5,6719802.0,6746347.5,7315787.5,6825693.5,8308299.0,0.0,
1122,293.1607112367104,5.163435,height,,,,,,,,,,,0.0,1756698.0,1846182.9,1302181.1,4169908.2,2667160.5,2847459.0,2636377.2,2331984.8,2307024.0,2437588.5,2536137.2,2547271.0,2340162.5,2085931.0,2563178.8,2431621.8,2610553.0,2145114.2,2238517.2,2225190.2,2345474.0,2696637.8,0.0,
1123,546.207739476117,5.16942,height,,,,,,,,,,,22549028.0,23112552.0,23768454.0,24087948.0,26897594.0,29214508.0,35845244.0,28513584.0,29913732.0,28062602.0,28517478.0,28331474.0,28616258.0,26973962.0,28886850.0,31101174.0,28262172.0,31906178.0,24922722.0,24248084.0,27043796.0,27225692.0,28267260.0,0.0,
1124,510.2567426384014,5.1730766,height,,,,,,,,,,,6839506.0,7079423.0,6228927.0,7183020.5,7820768.0,7734135.0,9923336.0,8154164.5,7990818.5,7261708.0,8421330.0,8427493.0,7468500.0,7429255.0,8821492.0,10175674.0,9297912.0,8591967.0,6588918.5,7164973.5,7076408.0,7413054.5,8157823.0,0.0,
1125,508.2519926991162,5.1726074,height,,,,,,,,,,,124704480.0,130946720.0,136221680.0,145756160.0,153109070.0,166123140.0,211927040.0,169279170.0,176863820.0,167239710.0,173459470.0,169106980.0,164703070.0,164898370.0,175871860.0,193841070.0,178806620.0,193775940.0,142151730.0,144300400.0,153082530.0,163872600.0,165530160.0,0.0,
1126,576.2693076435072,5.1853743,height,,,,,,,,,,,3719303.5,4104450.8,4397214.0,4206471.0,3709248.8,4640727.5,5573838.0,4560979.5,5034066.5,4662428.5,4201220.5,4985622.0,4958243.0,4895527.0,4994494.5,4905502.5,4695376.5,5568918.5,4178974.8,3982950.8,4440624.0,4697400.5,4624220.5,0.0,
1127,552.2781877324979,5.192303,height,,,,,,,,,,,4407025.0,4955824.0,4395264.5,4597846.5,5355883.0,4714681.5,5097445.0,3980068.0,4800364.5,4562470.5,4287668.5,4836159.0,4927549.0,5062264.0,5763405.0,5184517.5,4955024.0,4905158.0,4247885.5,4079921.5,4490954.0,4922781.5,3668301.8,0.0,
1128,217.081991345326,5.1594133,height,,,,,,,,,,,1310701.1,1493313.2,1054807.2,0.0,6206091.5,1085783.5,1241504.9,1323894.6,0.0,0.0,0.0,1077969.0,0.0,0.0,0.0,0.0,1315304.8,1418986.8,1265216.9,0.0,0.0,1214648.8,1101514.9,0.0,
1129,553.1498432791559,5.2054915,height,,,,,,,,,,,4125102.5,3203265.2,4092859.0,2648057.5,7341983.0,6032091.5,7152629.0,5717147.0,5707819.0,5601502.5,5003247.5,5854332.5,8545381.0,4989395.0,5008485.0,4689444.0,6209019.5,4999561.5,5415610.5,5621351.0,7271947.0,7066895.0,6916859.0,0.0,
1130,728.2785023719251,5.2206116,height,,,,,,,,,,,2555696.2,1809966.8,0.0,1308104.8,0.0,5059235.0,7113642.0,4967199.5,6229489.5,5081686.5,7598553.0,5618079.5,7661113.0,4241388.0,4074134.2,3780147.8,5263607.5,4534497.5,4158098.8,5788887.5,6013780.5,7165836.5,5936661.0,0.0,
1131,477.2381118206955,5.212374,height,,,,,,,,,,,26185980.0,25471964.0,30031028.0,24652460.0,49099936.0,42820956.0,44259164.0,36170536.0,42425628.0,47651464.0,45631370.0,43118104.0,47026144.0,46233692.0,44628620.0,39609196.0,38956470.0,38605556.0,35270012.0,43121070.0,42647628.0,44585856.0,36949400.0,0.0,
1132,257.0898126525758,5.227661,height,,,,,,,,,,,0.0,0.0,0.0,0.0,6792112.0,0.0,0.0,0.0,0.0,0.0,0.0,0.0,0.0,0.0,0.0,0.0,0.0,0.0,0.0,0.0,0.0,0.0,0.0,0.0,
1133,346.19721650785834,5.2830873,height,,,,,,,,,,,5157380.0,5539238.5,5241203.0,5130479.0,5473045.5,5839382.5,6798351.0,5833833.0,6319428.0,7320368.0,6940783.5,5895667.0,6922064.0,6276436.0,5864850.5,7300075.0,5269040.0,5939371.5,5374172.5,5030338.5,6843804.5,6764150.5,0.0,0.0,
1134,748.3881639014128,5.2289586,height,,,,,,,,,,,6608444.5,5468604.5,3553177.0,4624834.5,0.0,1836475.2,1670884.9,1833706.5,2224470.0,2308225.5,1888509.5,1504962.1,0.0,2844768.8,2559876.5,2095318.4,2490604.0,2849075.5,2457381.8,2524073.2,1818652.6,1687540.6,1690643.0,0.0,
1135,689.4348410532989,5.2287693,height,,,,,,,,,,,1703483.5,2312090.0,2893084.5,2208851.5,6841883.5,3662257.2,3541852.5,3064077.2,3316315.8,3850263.2,3143926.8,3219068.2,3517738.0,3250301.0,3361251.2,2841518.5,2753579.2,3221587.5,2647637.8,3749794.8,3167455.2,3279351.0,3497263.8,0.0,
1136,195.0877083625136,5.230954,height,,,,,,,,,,,8458952.0,10696866.0,9726050.0,10383772.0,10003180.0,9061865.0,9429490.0,7546429.5,9856651.0,10723849.0,10290779.0,9681722.0,10005703.0,7285029.0,7547763.5,6381414.5,6733462.0,7466539.0,6645808.0,9819331.0,8595585.0,9852374.0,9274478.0,0.0,
1137,782.4413450326044,5.231263,height,,,,,,,,,,,19835994.0,16121157.0,8772631.0,11828674.0,0.0,0.0,1195247.9,1119903.5,0.0,0.0,0.0,0.0,0.0,3103326.0,0.0,0.0,2222412.8,2684308.8,0.0,1307961.0,1260309.1,1171043.2,1261390.0,0.0,
1138,515.1937645493008,5.2330866,height,,,,,,,,,,,17393268.0,19878406.0,24866892.0,19289188.0,43478548.0,32315848.0,31654328.0,31102236.0,34421390.0,37526372.0,37238736.0,35916188.0,36102820.0,28657512.0,30676218.0,24773098.0,25082952.0,25244526.0,28855690.0,32183408.0,37177610.0,28882564.0,28339912.0,0.0,
1139,332.18148697368406,5.233852,height,,,,,,,,,,,4137447.8,4340605.0,5411976.5,4295566.0,7374724.5,6837542.5,6947651.0,6945954.5,7405812.5,6513810.0,6942897.0,7191045.0,7321926.5,4915251.0,5650359.5,5542148.0,5387205.0,5918691.0,5440794.0,7286419.0,6618318.5,6653781.0,6704954.5,0.0,
1140,219.13401394545969,5.237067,height,,,,,,,,,,,0.0,0.0,0.0,0.0,77958380.0,0.0,0.0,0.0,0.0,0.0,0.0,0.0,0.0,0.0,0.0,0.0,0.0,0.0,0.0,0.0,0.0,0.0,0.0,0.0,
1141,480.2219789563237,5.236966,height,,,,,,,,,,,2551327.8,2962590.8,2990571.5,0.0,4251796.5,8124206.5,8058782.5,5964465.0,9283159.0,7537486.0,7764798.0,7724581.5,7861640.0,0.0,5855016.5,0.0,4830312.0,5070686.0,4449153.5,7182349.0,7326556.0,7027185.5,6364496.5,0.0,
1142,614.3066266903431,5.233132,height,,,,,,,,,,,13543702.0,11886285.0,16389171.0,13230349.0,29207424.0,19140194.0,20751242.0,20763114.0,19539312.0,23225762.0,22010352.0,23043846.0,21664846.0,27288802.0,23969286.0,0.0,0.0,17383984.0,17768024.0,18200038.0,20210224.0,22161542.0,15724369.0,0.0,
1143,727.3906250289377,5.2423587,height,,,,,,,,,,,2548290.2,2268280.5,3336399.5,2321622.2,7557106.0,3965353.2,4046016.0,4411316.0,2908032.2,3957674.5,3563240.8,3941561.0,4058750.2,3256376.0,3950902.5,3391156.2,3150028.5,3187256.5,3698181.5,3560035.8,4174188.8,3104015.5,3869427.5,0.0,
1144,576.3507758856323,5.1835165,height,,,,,,,,,,,38314780.0,0.0,0.0,34332540.0,57484004.0,36856200.0,68575210.0,53902356.0,50304184.0,59386664.0,59737624.0,50243780.0,46937076.0,0.0,0.0,0.0,54857530.0,57093476.0,34139860.0,0.0,42776876.0,46454960.0,47655508.0,0.0,
1145,820.3957993189769,5.2548018,height,,,,,,,,,,,11840100.0,9112944.0,4937858.5,6533640.0,0.0,0.0,0.0,0.0,0.0,0.0,0.0,0.0,0.0,1517395.2,1476350.9,1587235.0,0.0,1269036.1,0.0,0.0,0.0,0.0,0.0,0.0,
1146,526.2066251179439,5.2653074,height,,,,,,,,,,,15954544.0,15684664.0,13178255.0,12493654.0,12394094.0,21606810.0,23171728.0,20712120.0,20048534.0,21865186.0,22380626.0,21229938.0,22009424.0,17418846.0,19651202.0,19159222.0,16883084.0,16461838.0,15755973.0,18760980.0,23335312.0,17305484.0,18833104.0,0.0,
1147,728.2778447213195,5.267285,height,,,,,,,,,,,2437043.5,1809966.8,0.0,1308104.8,0.0,4984038.0,5800746.0,7810045.0,4700851.5,6659367.5,6400979.0,6516523.5,5512884.5,4984141.0,5568561.0,4710766.0,4702717.0,4147087.5,5386172.0,4542296.0,7649407.5,4035384.5,5074717.0,0.0,
1148,395.1692222992987,5.275046,height,,,,,,,,,,,18180726.0,19147060.0,10458900.0,15200359.0,0.0,7954983.0,10030172.0,8927678.0,8184262.0,10482213.0,9348835.0,7915803.0,8705687.0,11203222.0,12373171.0,12054579.0,10885105.0,9683814.0,10209956.0,9030368.0,10818173.0,8377098.0,8077526.0,0.0,
1149,189.12337628236787,5.2775087,height,,,,,,,,,,,0.0,0.0,0.0,0.0,41034050.0,0.0,0.0,0.0,0.0,0.0,0.0,0.0,0.0,0.0,0.0,0.0,0.0,0.0,0.0,0.0,0.0,0.0,0.0,0.0,
1150,203.08155015932385,5.2789865,height,,,,,,,,,,,9592703.0,8930849.0,7954239.5,7532118.5,8662086.0,7221260.0,7840768.0,8451981.0,7119963.5,7699897.0,7628712.5,7184501.0,7668660.5,6775495.5,6547638.5,7329527.5,6629707.0,7055796.5,7820290.0,6528389.0,8508362.0,6843288.5,8265761.0,0.0,
1151,221.09208283427196,5.28024,height,,,,,,,,,,,12913604.0,12854006.0,10941398.0,10262249.0,11217478.0,10114458.0,10315614.0,11255297.0,9679551.0,10052484.0,10789042.0,10408784.0,10440769.0,9143963.0,9169889.0,10269490.0,9296533.0,9606784.0,10997001.0,8589256.0,11797094.0,9572734.0,11362059.0,0.0,
1152,228.14552540902747,5.280921,height,,,,,,,,,,,20945848.0,20711352.0,21295776.0,19374062.0,22647588.0,17921310.0,20431982.0,19916026.0,19087484.0,20952166.0,21360052.0,20738870.0,19315584.0,18808968.0,18741656.0,19405676.0,17570016.0,15634166.0,17519714.0,15830469.0,19029078.0,18657894.0,18252880.0,0.0,
1153,623.2805092215002,5.2908435,height,,,,,,,,,,,10543295.0,10805580.0,12884108.0,12443973.0,20929386.0,45890936.0,54189468.0,37719510.0,49279280.0,47354884.0,43606220.0,41295964.0,43786524.0,36143460.0,37596740.0,38963604.0,32548206.0,35015344.0,30022600.0,30061364.0,41281140.0,41259384.0,36522380.0,0.0,
1154,585.3246681153319,5.291248,height,,,,,,,,,,,42917012.0,43344904.0,52211670.0,47962068.0,71051790.0,179925580.0,210569550.0,158059570.0,196309710.0,177353230.0,179814700.0,167870420.0,177952960.0,151267250.0,154013140.0,168969150.0,132160350.0,155634110.0,139925000.0,134269680.0,177209820.0,166243410.0,143977810.0,0.0,
1155,290.1709841601745,5.303565,height,,,,,,,,,,,4888573.5,4365041.5,5444529.5,4632336.0,8407480.0,5646598.5,6343524.5,4891278.5,4895393.0,5281390.5,5336391.5,4054422.5,5909469.5,5177726.5,5081938.5,5487718.5,4756068.5,6082124.5,5503458.5,5574765.0,6404705.5,5914276.5,6056542.5,0.0,
1156,488.25071284076006,5.304588,height,,,,,,,,,,,29192694.0,28911668.0,23473558.0,29585422.0,22005122.0,38233530.0,42690476.0,33247534.0,36947884.0,41867284.0,41599028.0,32986526.0,40294790.0,35968748.0,36827000.0,37650940.0,33973630.0,39642484.0,38172080.0,38916490.0,43485224.0,42294290.0,40076104.0,0.0,
1157,237.08693335986308,5.308915,height,,,,,,,,,,,4723757.5,4331580.5,4442753.5,4449751.5,10585412.0,4585623.5,4627803.0,4046781.8,4626946.5,4136454.5,4181810.0,3645570.2,4700386.0,4124875.5,3975748.5,4132264.5,3668418.0,4745355.5,4443980.5,4558688.0,4659542.0,4839810.5,4677444.5,0.0,
1158,776.346644364953,5.310128,height,,,,,,,,,,,10109303.0,8926860.0,8739449.0,10185720.0,7992514.5,8863938.0,10727272.0,8111793.5,9126866.0,10937158.0,10415735.0,8546597.0,10285876.0,10109574.0,10490852.0,10814142.0,9109748.0,11532690.0,10796749.0,10364896.0,10976731.0,10041622.0,9889993.0,0.0,
1159,489.25390238372495,5.3039193,height,,,,,,,,,,,9564842.0,8620553.0,7261024.0,8550546.0,6998903.5,11744380.0,12089512.0,10450934.0,10644841.0,12244925.0,12172158.0,9502387.0,12333176.0,12381780.0,13183658.0,0.0,0.0,12476226.0,10962403.0,11704920.0,14097122.0,14265937.0,12973234.0,0.0,
1160,346.1972430081594,5.3113813,height,,,,,,,,,,,4671321.5,5098748.0,5027990.0,5197782.5,6474046.5,5475926.0,6565889.5,5708505.5,6743513.5,6167231.0,6573378.0,5808651.0,6238618.5,5789423.5,6128805.0,6294306.5,6126898.5,6283770.5,6004793.0,5965609.5,6126608.5,5999769.5,5696474.0,0.0,
1161,173.1284901093913,5.3263936,height,,,,,,,,,,,1778928.1,1175026.6,1707781.8,1593690.6,3569914.2,2155604.2,1486980.2,1647656.2,1896719.2,1944667.1,2319555.0,1876859.0,1820225.2,1559557.9,1730286.9,1684815.9,1894814.0,1866961.0,1618105.0,2156144.0,1908327.8,1974146.4,2279200.2,0.0,
1162,431.250200339368,5.316614,height,,,,,,,,,,,0.0,0.0,0.0,0.0,0.0,9662969.0,8130446.5,6893656.0,11095835.0,9436508.0,9641913.0,8870431.0,9565533.0,7169312.5,7035020.5,6899940.5,6002691.0,7335973.0,7517523.5,8489809.0,8845821.0,10278544.0,8295181.5,0.0,
1163,239.11381280190884,5.3212113,height,,,,,,,,,,,8813258.0,7290233.5,7639326.5,8542405.0,7363025.0,8117803.0,6214214.0,6880333.5,6555577.0,8810937.0,7767939.0,6784835.5,7650153.5,7560862.0,7318560.5,7295619.0,6557757.0,7845855.5,7422044.5,8305330.5,8413755.0,8548933.0,8023273.5,0.0,
1164,313.1271753227312,5.324479,height,,,,,,,,,,,6935109.5,5821987.5,8720924.0,7352375.5,6753278.5,8111330.5,7049855.5,8515620.0,6640993.5,10100805.0,9539631.0,9484482.0,9987545.0,6723709.5,6350625.5,6369105.5,6391198.5,7231587.0,6524767.0,9217014.0,7638122.5,8282835.5,8954616.0,0.0,
1165,372.15321354127406,5.334332,height,,,,,,,,,,,0.0,0.0,0.0,0.0,6179684.0,1764236.9,1200937.5,1658262.6,1626819.0,1328320.4,1976077.9,1451532.9,1835027.5,0.0,0.0,0.0,1253440.1,1412965.0,0.0,1613054.9,1159312.0,1212465.8,1847423.1,0.0,
1166,275.1713749473801,5.3313894,height,,,,,,,,,,,6831692.5,5289278.0,6809582.0,6592722.0,6103139.5,7911830.5,6647795.0,7517509.0,8209601.5,9320874.0,9222701.0,7441476.0,8651828.0,7424550.5,7924306.5,7172615.0,7485679.5,9060352.0,6935136.0,9266745.0,7433853.5,8770688.0,8368046.0,0.0,
1167,487.1627102240622,5.331394,height,,,,,,,,,,,9486371.0,7680183.5,10752480.0,10265866.0,10623529.0,8046858.0,6754976.5,8871109.0,8144016.5,9964086.0,10054826.0,8302806.5,9952832.0,7241817.5,7778473.5,7347257.5,8077644.5,9314465.0,8017887.5,10176355.0,7941082.0,8319879.5,9028061.0,0.0,
1168,744.27921327454,5.3318615,height,,,,,,,,,,,7993565.5,7552412.5,12707816.0,10176010.0,15117069.0,13896024.0,16608367.0,16372866.0,15863975.0,16792780.0,16469575.0,14797522.0,15933976.0,12449812.0,12528949.0,14012432.0,12699079.0,14154073.0,15059534.0,14765577.0,16351105.0,13132067.0,15263068.0,0.0,
1169,334.1972004942331,5.3368154,height,,,,,,,,,,,1692322.6,1179518.2,2291122.5,1339415.6,17950176.0,7491890.5,5248045.5,6818275.0,6210207.5,5771036.5,7549892.5,5539310.0,7230912.5,4192435.8,5046717.5,4126454.0,4579326.5,5830413.0,4821047.5,6343996.5,4867520.5,5302593.5,7767755.0,0.0,
1170,449.2065551650515,5.339453,height,,,,,,,,,,,27295130.0,23864858.0,26487566.0,30578428.0,22056820.0,24559850.0,20826408.0,25873024.0,27845072.0,28734990.0,29987350.0,24540294.0,26592756.0,25072708.0,28669192.0,25101316.0,27829356.0,31317392.0,27872124.0,27858230.0,24528954.0,25267292.0,27789944.0,0.0,
1171,894.3971920271471,5.3428392,height,,,,,,,,,,,20389388.0,18747692.0,23134636.0,24494060.0,16948134.0,18229330.0,17320626.0,22583730.0,20951650.0,24323262.0,22446210.0,20385462.0,21505416.0,23112096.0,21898432.0,23208398.0,22890872.0,24815444.0,24972450.0,21541236.0,22799602.0,17743430.0,20735754.0,0.0,
1172,332.1815497235441,5.3432417,height,,,,,,,,,,,4151470.2,3888325.0,5231451.5,4950837.5,4555879.0,5734378.5,5457223.0,6897254.0,7627930.5,6742098.5,6809710.5,6462341.5,6677826.0,5671101.5,6227008.0,6259373.5,6661233.5,7192144.5,6806703.0,6390136.0,6296743.5,5657759.5,6339559.5,0.0,
1173,856.4416333620649,5.346344,height,,,,,,,,,,,75855830.0,69378780.0,78598170.0,85698050.0,52841690.0,68805580.0,66590510.0,83182776.0,80730530.0,91694136.0,84597400.0,74727300.0,77071870.0,92480330.0,92728640.0,97153816.0,89728010.0,101249656.0,99953900.0,76896540.0,87971070.0,67853510.0,79551320.0,0.0,
1174,527.2462912515451,5.3476057,height,,,,,,,,,,,8794944.0,8217471.5,8894219.0,9812559.0,6193924.0,7814509.0,7825400.0,10016092.0,10848159.0,9866895.0,8600982.0,10267627.0,9026898.0,8699402.0,9144156.0,10244410.0,9798684.0,11234339.0,11236567.0,8563298.0,10805747.0,8302200.5,8941347.0,0.0,
1175,690.3230069699749,5.359621,height,,,,,,,,,,,22001514.0,15159611.0,12742030.0,17946870.0,0.0,45372310.0,53250770.0,52107264.0,50902492.0,51149650.0,50568788.0,51687640.0,52156684.0,38128370.0,41305304.0,42514124.0,39900170.0,44073016.0,46820310.0,56548708.0,56539680.0,48916530.0,47883460.0,0.0,
1176,371.2290126280386,5.3780923,height,,,,,,,,,,,17438932.0,15441796.0,16022338.0,15438605.0,13107498.0,14736630.0,16731500.0,15442111.0,18231480.0,14467832.0,16610001.0,13462836.0,13779399.0,13293425.0,17881776.0,16227881.0,13678009.0,15072238.0,14725424.0,16832592.0,18745804.0,13145076.0,16429215.0,0.0,
1177,706.3230956281209,5.379503,height,,,,,,,,,,,28957132.0,26881774.0,39873450.0,34687044.0,47013470.0,59262200.0,53452000.0,57808268.0,58220130.0,53670172.0,55129384.0,50575910.0,46677700.0,47401290.0,53731124.0,54906600.0,49804532.0,55162564.0,56152100.0,53043516.0,59514108.0,53672616.0,53758428.0,0.0,
1178,374.1380637183789,5.387455,height,,,,,,,,,,,7121649.5,6047187.5,6699614.0,7057785.5,5946289.0,6892176.5,7196682.5,6725639.5,7187051.0,7461016.0,6984058.0,7431255.5,5999519.5,6377047.5,7152292.5,6645408.0,6469165.5,6196002.0,6339080.0,7329539.0,7613629.5,6676641.0,7044471.0,0.0,
1179,345.2126542887008,5.391763,height,,,,,,,,,,,2344653.2,1784067.2,4159335.8,2496736.5,7398912.5,7135904.0,7408872.5,6973432.0,7325613.0,6310142.5,7412558.5,7702672.0,6392690.5,6042536.0,6416159.0,6133848.5,6071630.5,6066019.5,5896152.5,7517989.0,7476475.5,6508560.0,7205253.5,0.0,
1180,161.03797748095653,5.396448,height,,,,,,,,,,,11545111.0,11159304.0,13216746.0,13350919.0,0.0,12943752.0,13143816.0,13679087.0,14777159.0,13882574.0,13118121.0,15472624.0,14437939.0,10575184.0,10829380.0,11771323.0,11395126.0,13163707.0,13494784.0,14774120.0,15542384.0,13515229.0,15833774.0,0.0,
1181,1046.5287250077097,5.398897,height,,,,,,,,,,,6560942.0,6089174.0,8051450.5,8636182.0,8665146.0,0.0,1837047.0,2542488.2,0.0,2550323.5,2117158.5,1882828.9,0.0,3144811.5,3518835.0,3735519.2,3238590.2,3463861.2,3098287.0,2939762.5,3078002.0,2177959.5,2680844.8,0.0,
1182,437.2146410669587,5.400753,height,,,,,,,,,,,62877668.0,47186344.0,44081340.0,53416348.0,26838860.0,27286026.0,30633760.0,33444420.0,30259694.0,31596980.0,27388848.0,29508006.0,25901054.0,35506428.0,36444476.0,37897144.0,38063924.0,37794444.0,33450648.0,45079840.0,40902268.0,34096684.0,32605880.0,0.0,
1183,680.302062460261,5.401973,height,,,,,,,,,,,9364239.0,8635366.0,12378626.0,12738869.0,9164736.0,8219702.0,9833295.0,11184692.0,9887182.0,10803611.0,9440404.0,11754169.0,9933306.0,9181982.0,9319067.0,9535086.0,9394077.0,9764285.0,8837485.0,11276066.0,11276285.0,9715082.0,9977109.0,0.0,
1184,344.1817715850269,5.40429,height,,,,,,,,,,,77799900.0,81108510.0,92119440.0,108123610.0,65177348.0,89644750.0,83893010.0,95006210.0,96969180.0,118975750.0,112142024.0,108476320.0,88598420.0,94766010.0,96990020.0,96351784.0,96422710.0,84604030.0,74235810.0,101938370.0,96850040.0,103032590.0,96405144.0,0.0,
1185,454.266115341015,5.4079814,height,,,,,,,,,,,5627951.0,5621901.0,5864264.0,6505424.5,5510478.5,9171242.0,8184064.5,9954167.0,9078967.0,9472979.0,9527831.0,10206910.0,8320375.0,8598073.0,8796483.0,8252604.0,8542599.0,8172092.5,7269617.0,9969777.0,9869729.0,9853128.0,9070070.0,0.0,
1186,253.11836366824144,5.4095054,height,,,,,,,,,,,0.0,0.0,0.0,0.0,19728876.0,0.0,0.0,0.0,0.0,0.0,0.0,0.0,0.0,0.0,0.0,0.0,0.0,0.0,0.0,0.0,0.0,0.0,0.0,0.0,
1187,148.04269293127695,5.411216,height,,,,,,,,,,,9974574.0,10002184.0,10394911.0,9074945.0,18419636.0,12870808.0,10963622.0,12433463.0,14004431.0,12178081.0,11615756.0,13216614.0,13420758.0,10889864.0,11661949.0,11518635.0,12199539.0,12369051.0,13417413.0,11702128.0,13816025.0,10700198.0,15968028.0,0.0,
1188,993.4681589650756,5.4125443,height,,,,,,,,,,,5888313.5,5791441.5,7063961.5,7204286.5,7666219.5,0.0,0.0,0.0,0.0,0.0,0.0,0.0,0.0,0.0,0.0,0.0,0.0,0.0,0.0,0.0,0.0,0.0,0.0,0.0,
1189,642.3468625854755,5.4132032,height,,,,,,,,,,,49756984.0,46847220.0,49600150.0,55326340.0,45852652.0,55159110.0,48297804.0,61468590.0,41247080.0,54343852.0,55258124.0,52093620.0,43994184.0,53358400.0,58838564.0,46968950.0,52257160.0,46457148.0,51046948.0,54544276.0,51687652.0,56073090.0,50284490.0,0.0,
1190,674.3493133318402,5.4736633,height,,,,,,,,,,,16415845.0,17319980.0,23003816.0,5166021.0,14473266.0,0.0,10704718.0,36942020.0,43756656.0,27547256.0,43443132.0,65894996.0,42674744.0,0.0,43292830.0,59553668.0,0.0,15840503.0,20907690.0,0.0,46172616.0,12783118.0,0.0,0.0,
1191,295.128946694174,5.438611,height,,,,,,,,,,,2006852.6,1784195.6,0.0,1366494.4,7645512.5,0.0,0.0,0.0,0.0,0.0,0.0,0.0,0.0,0.0,1388838.8,0.0,1584609.8,1419942.9,0.0,0.0,0.0,0.0,0.0,0.0,
1192,200.13945261823852,5.4315624,height,,,,,,,,,,,21592030.0,20186114.0,22337172.0,19060662.0,25265150.0,21595414.0,18547056.0,19816372.0,19358858.0,21274726.0,19110152.0,19731248.0,19910794.0,19177996.0,20780658.0,18030236.0,19703832.0,20225862.0,18868304.0,20635506.0,20127200.0,19277180.0,19835426.0,0.0,
1193,348.122372959614,5.4351616,height,,,,,,,,,,,6810975.5,5673609.0,4581660.0,4941580.5,0.0,21560094.0,18039420.0,18975538.0,18637492.0,19075264.0,19245344.0,19063918.0,19667448.0,18430716.0,20118994.0,16614379.0,19154700.0,18654030.0,17399784.0,20126792.0,19708556.0,19074732.0,18819998.0,0.0,
1194,187.1077866450288,5.4369,height,,,,,,,,,,,29016596.0,32683760.0,20781644.0,33587484.0,66285740.0,4545940.5,4699361.5,5697481.0,5105340.0,9212186.0,4446263.0,5091663.5,4406682.5,16434747.0,17370158.0,15634699.0,17364942.0,17230988.0,16067646.0,9075693.0,8378643.5,5766057.0,4913015.0,0.0,
1195,1008.5731202548052,5.4372516,height,,,,,,,,,,,17051486.0,21645676.0,22553008.0,18714948.0,20769420.0,6679611.0,5127817.5,7834530.0,2777428.2,6906118.0,6095998.0,4687264.5,5242514.0,11766586.0,12433832.0,10249072.0,11668852.0,11997701.0,11190303.0,8733022.0,7677857.5,5691008.5,7907001.5,0.0,
1196,245.076896104228,5.4389796,height,,,,,,,,,,,36570492.0,37351252.0,34013696.0,35423304.0,11750795.0,44452612.0,31575232.0,33639964.0,36937496.0,39671880.0,33496110.0,34896556.0,33910760.0,35871240.0,36251308.0,33319812.0,37985904.0,42635600.0,33470824.0,35091972.0,44815610.0,32379900.0,33188874.0,0.0,
1197,277.0853869251754,5.4454126,height,,,,,,,,,,,38138950.0,41705812.0,38770710.0,38446948.0,35554716.0,46957340.0,37548996.0,40621524.0,45600810.0,43692840.0,40697548.0,39283692.0,40568880.0,41399230.0,43037120.0,37003150.0,44079812.0,43765820.0,39229056.0,42991700.0,47177924.0,42003148.0,40254990.0,0.0,
1198,332.1815679342425,5.4510417,height,,,,,,,,,,,9436161.0,10779004.0,11617912.0,10285775.0,11756038.0,11963861.0,8631009.0,10678534.0,10325282.0,9819316.0,10675936.0,8361695.5,10816947.0,11608035.0,11856191.0,10413107.0,12160651.0,12323041.0,11418610.0,10102080.0,10860133.0,9963500.0,10770291.0,0.0,
1199,528.230524836817,5.4525948,height,,,,,,,,,,,17476756.0,19067250.0,16804320.0,17364334.0,15058297.0,20904796.0,14319227.0,16761569.0,21988712.0,17690450.0,19279856.0,15033990.0,19229866.0,16948126.0,19978258.0,15646533.0,18176518.0,20853466.0,18658530.0,17027194.0,20072400.0,17192196.0,17930144.0,0.0,
1200,636.270676503708,5.4534645,height,,,,,,,,,,,21357964.0,25397388.0,24907306.0,24975260.0,21591638.0,29869392.0,21708454.0,24080206.0,29621764.0,25955386.0,27897562.0,22474850.0,25017946.0,28720120.0,31896648.0,26003280.0,29343194.0,31129332.0,25632854.0,27274476.0,27663470.0,25778484.0,25587880.0,0.0,
1201,408.1766751053549,5.4620986,height,,,,,,,,,,,17338432.0,21183574.0,15756329.0,20470380.0,0.0,7885969.0,7909916.0,8256457.5,8008096.5,9608900.0,8693950.0,7486428.5,8306890.0,11960563.0,13514148.0,10747935.0,12760818.0,12789928.0,11421469.0,10894461.0,10794419.0,10015879.0,8359736.5,0.0,
1202,357.2132296333263,5.464322,height,,,,,,,,,,,102104720.0,118093270.0,64433050.0,110512360.0,5749147.5,50773884.0,45704216.0,48177040.0,54231680.0,53249384.0,51400116.0,46122170.0,53467616.0,70341770.0,76440880.0,62497360.0,73778060.0,71796950.0,67488940.0,60217864.0,57235284.0,54729720.0,53864332.0,0.0,
1203,217.082016141546,5.4657784,height,,,,,,,,,,,29631362.0,29116960.0,20720934.0,28297800.0,12996723.0,22508690.0,24340394.0,24466920.0,27328938.0,23206344.0,23359634.0,21325768.0,27772400.0,20954668.0,22195038.0,21704352.0,19639562.0,22453384.0,22814578.0,21619304.0,23858368.0,23189528.0,22831670.0,0.0,
1204,652.367161477426,5.466334,height,,,,,,,,,,,176697040.0,166112480.0,95726120.0,133584440.0,0.0,410762100.0,386280450.0,370061220.0,429720300.0,387745700.0,401945600.0,408258340.0,440723740.0,371656220.0,415847680.0,336654240.0,368015870.0,393930560.0,340528600.0,400439600.0,387384300.0,361372400.0,429966800.0,0.0,
1205,474.2562898135347,5.4850636,height,,,,,,,,,,,1803257.4,1506211.0,0.0,0.0,6368950.5,1296203.4,1303829.5,0.0,0.0,0.0,0.0,1460708.0,1334173.2,1339237.8,1272171.6,0.0,0.0,1427954.9,0.0,1201439.1,1249703.0,0.0,1376954.4,0.0,
1206,821.3867465909764,5.4720078,height,,,,,,,,,,,9288579.0,12073096.0,11798682.0,11130820.0,12579535.0,12844365.0,12346327.0,11556012.0,11402143.0,12339943.0,12110602.0,13406521.0,13518227.0,12783376.0,14356686.0,12142705.0,13352745.0,13332897.0,10870848.0,11330350.0,11476549.0,11980191.0,12331356.0,0.0,
1207,440.2505222187681,5.4787707,height,,,,,,,,,,,27501976.0,32974626.0,19954668.0,30694570.0,13140985.0,15598086.0,14775020.0,14132803.0,13951911.0,14919538.0,14406270.0,13804412.0,17243452.0,14572857.0,17482052.0,15084895.0,15786193.0,16893434.0,13600522.0,15569818.0,15399463.0,13821344.0,14491723.0,0.0,
1208,447.2273954106589,5.481252,height,,,,,,,,,,,4657418.5,6330561.5,7077766.0,6356589.5,11630877.0,10393953.0,10200801.0,9164450.0,10069201.0,9414536.0,9625368.0,10067937.0,11527486.0,7444144.0,9022424.0,8130753.5,9277376.0,8806424.0,7689290.5,8712058.0,9783331.0,8149458.5,10379879.0,0.0,
1209,261.14459074032345,5.4803786,height,,,,,,,,,,,1468382.0,1675700.9,1218135.2,1827743.2,174390370.0,2981674.5,2987556.2,3093929.2,2761139.8,2267907.2,2158286.2,2161032.5,3048597.8,3063361.8,3298992.0,3214003.8,3546125.5,3950022.8,3065224.0,3066053.0,3138657.8,2304224.5,2800739.8,0.0,
1210,479.2978852172026,5.490561,height,,,,,,,,,,,1618923.9,1519430.8,2968016.2,1692212.0,10746649.0,8300391.5,7749753.5,7130361.0,7821780.5,6429499.5,7220954.5,8416386.0,8453648.0,5031395.5,5691045.0,5635157.5,5755778.5,5927170.5,5682562.0,5922324.5,6793486.5,6333751.5,9154535.0,0.0,
1211,562.2547128415958,5.5031815,height,,,,,,,,,,,18051034.0,21919118.0,24421680.0,20944186.0,20469004.0,23967244.0,25168856.0,23040962.0,24272706.0,21802686.0,22472418.0,32677036.0,25896302.0,18443658.0,20246442.0,23804634.0,24591552.0,26121474.0,24127480.0,21978582.0,24916496.0,20234060.0,30229060.0,0.0,
1212,690.3223890114342,5.506359,height,,,,,,,,,,,15701290.0,14411400.0,8292581.0,9891352.0,0.0,31888064.0,33175036.0,28946922.0,32900508.0,26539480.0,24888806.0,34816080.0,28624930.0,22787390.0,22840152.0,24781864.0,25715950.0,26843480.0,29908258.0,32276836.0,28282874.0,26445166.0,36034660.0,0.0,
1213,838.4682957887318,5.5130954,height,,,,,,,,,,,3872261.5,3205544.5,1794561.9,2226496.0,0.0,13261249.0,13004268.0,11811259.0,14565602.0,11115415.0,11426412.0,14364596.0,12470988.0,10013467.0,11040723.0,11737192.0,13003945.0,11477457.0,10738373.0,13477342.0,11411861.0,13729067.0,14464762.0,0.0,
1214,578.2511846957532,5.522853,height,,,,,,,,,,,2971824.0,0.0,0.0,0.0,16159763.0,0.0,0.0,0.0,0.0,0.0,0.0,0.0,0.0,0.0,0.0,0.0,0.0,0.0,0.0,0.0,0.0,0.0,0.0,0.0,
1215,175.1077269696151,5.52302,height,,,,,,,,,,,3090186.8,3398561.0,1599481.9,2735518.0,82479464.0,0.0,0.0,0.0,0.0,0.0,0.0,0.0,0.0,4716687.5,5303283.5,4594623.0,4502521.5,5633236.0,5349377.0,0.0,0.0,0.0,0.0,0.0,
1216,752.9226563154157,5.526994,height,,,,,,,,,,,18756918.0,22396270.0,27187844.0,23287446.0,27278056.0,0.0,0.0,0.0,0.0,0.0,0.0,0.0,0.0,0.0,0.0,0.0,0.0,0.0,0.0,0.0,0.0,0.0,0.0,0.0,
1217,147.04403620265796,5.528552,height,,,,,,,,,,,8956053.0,11280933.0,3609500.2,1242495.2,12154250.0,17470690.0,15380128.0,16376716.0,13942796.0,8544010.0,7519842.5,2439345.2,14283493.0,10420683.0,11921090.0,9735322.0,12253031.0,12390411.0,11452136.0,16907886.0,17235468.0,16910444.0,17898878.0,0.0,
1218,136.075720623467,5.528153,height,,,,,,,,,,,36844604.0,46239856.0,14873941.0,4947471.0,51431004.0,72398620.0,62832276.0,64557108.0,56999268.0,33712068.0,31392134.0,10571432.0,58018324.0,44086070.0,48724640.0,41597040.0,50482000.0,54091300.0,50486428.0,66367948.0,72649370.0,71656890.0,74294376.0,0.0,
1219,616.2417166533124,5.5281515,height,,,,,,,,,,,15212979.0,16446790.0,18487186.0,12567439.0,19725594.0,15768690.0,12537901.0,14758280.0,13666990.0,13978938.0,11335364.0,12266417.0,12862105.0,12361161.0,13130928.0,10904239.0,15034603.0,13770244.0,14949657.0,13090229.0,13497246.0,15040068.0,15367880.0,0.0,
1220,123.04420074912012,5.528949,height,,,,,,,,,,,9598278.0,12125531.0,3908861.8,1431038.8,13028768.0,18685870.0,16207680.0,17300094.0,14777173.0,8747187.0,8531917.0,2533835.2,16594244.0,11225861.0,12617007.0,10960012.0,13118767.0,13858253.0,12747452.0,17883254.0,20034994.0,18923066.0,19708474.0,0.0,
1221,165.0546626923521,5.529343,height,,,,,,,,,,,30244464.0,39424856.0,12260073.0,3875522.8,43098010.0,58955176.0,55779772.0,52267624.0,48381650.0,27028716.0,25608088.0,8638398.0,48531500.0,37061604.0,41250620.0,35073100.0,41008330.0,47031716.0,43456180.0,51053884.0,59352340.0,59206508.0,64213910.0,0.0,
1222,182.08120306865868,5.5297422,height,,,,,,,,,,,122431560.0,161662100.0,48151480.0,16378769.0,173133820.0,235614400.0,227319490.0,209167120.0,199090030.0,110273490.0,102409496.0,35990850.0,198130860.0,151184600.0,169861840.0,141432320.0,160027150.0,195300370.0,176995470.0,198057660.0,239302340.0,239924200.0,262040370.0,0.0,
1223,600.267907079221,5.534093,height,,,,,,,,,,,15314183.0,17260446.0,20050258.0,15916714.0,21892360.0,15537617.0,14299844.0,16769520.0,13108241.0,14959094.0,14720168.0,13371362.0,13091882.0,13876691.0,14843705.0,13329707.0,17238638.0,15410521.0,15113891.0,12591552.0,14576781.0,16560361.0,15171951.0,0.0,
1224,585.3245716776458,5.5399237,height,,,,,,,,,,,42313396.0,40317412.0,39080464.0,35403950.0,35847930.0,45166190.0,40482410.0,53512530.0,44722104.0,42435596.0,47134340.0,46790440.0,45493170.0,43241184.0,46503172.0,39834410.0,51176460.0,48495292.0,42862750.0,39819308.0,42777796.0,46210416.0,49014590.0,0.0,
1225,578.2858308391557,5.540075,height,,,,,,,,,,,78889270.0,80643440.0,95613710.0,78701070.0,103774010.0,85885920.0,80489680.0,100989570.0,75336420.0,79266430.0,81693624.0,81885630.0,77286590.0,80524264.0,86873450.0,79285000.0,98850640.0,92409620.0,86993570.0,74113010.0,82355464.0,88361410.0,87656310.0,0.0,
1226,439.1823204371096,5.5464106,height,,,,,,,,,,,8702902.0,9476441.0,3988710.2,1957264.0,8499172.0,10461287.0,9980799.0,10421432.0,7374377.5,5822323.5,6464332.5,2158952.0,9295808.0,6232308.5,6993640.0,6446500.5,7344951.0,8015871.0,7325481.5,9063441.0,9344574.0,8420873.0,9888739.0,0.0,
1227,466.2065771092203,5.5511928,height,,,,,,,,,,,15784363.0,17863464.0,27308340.0,16664319.0,57194690.0,35842456.0,34025852.0,41850596.0,31604264.0,31330898.0,35927216.0,30339150.0,33700980.0,28862946.0,25800738.0,24353534.0,29756840.0,28857404.0,28085610.0,28664728.0,31346542.0,33472274.0,34579196.0,0.0,
1228,258.10849125249445,5.557109,height,,,,,,,,,,,46723220.0,40281244.0,41719116.0,37851372.0,33209728.0,30772712.0,30863652.0,35936050.0,32170472.0,33019590.0,33812910.0,35910204.0,35222516.0,30700868.0,27156626.0,26857104.0,29026476.0,31950900.0,31358526.0,27038728.0,31564738.0,24987968.0,36753480.0,0.0,
1229,459.2448383918859,5.5583076,height,,,,,,,,,,,9892115.0,10273107.0,10026611.0,9335539.0,5615912.5,10792491.0,10315228.0,13777917.0,11253615.0,10943943.0,12082790.0,12063563.0,11507675.0,10712864.0,9490169.0,9604621.0,10315720.0,11794492.0,10130246.0,9298149.0,10853181.0,9168135.0,11714614.0,0.0,
1230,603.3141507213578,5.558989,height,,,,,,,,,,,114792380.0,102240040.0,67691680.0,86515624.0,5710711.5,33173798.0,34357276.0,44374304.0,33456620.0,36111900.0,35890820.0,37631300.0,34705744.0,58916570.0,62268420.0,56128268.0,59451572.0,55649716.0,56418824.0,44129440.0,42778340.0,40983260.0,43493960.0,0.0,
1231,813.4356219938495,5.559097,height,,,,,,,,,,,36006220.0,36301180.0,40198950.0,34767596.0,30156858.0,32659088.0,27902024.0,41384536.0,27329802.0,33539398.0,35363690.0,33225558.0,34922764.0,32751430.0,33537862.0,29663784.0,34669870.0,40312988.0,32926280.0,31405946.0,31438928.0,27343792.0,33192766.0,0.0,
1232,428.2505525597324,5.565065,height,,,,,,,,,,,88891790.0,103274824.0,148939340.0,102632584.0,234593010.0,207439300.0,194862200.0,233706080.0,217531550.0,197367860.0,229643410.0,196911580.0,213538690.0,202629980.0,194562860.0,160787090.0,190553520.0,180097040.0,195103660.0,182334510.0,218300160.0,173838220.0,205523550.0,0.0,
1233,330.059721510932,5.5670424,height,,,,,,,,,,,37268612.0,41355790.0,40437440.0,37998636.0,4095718.0,37651444.0,36953270.0,42254280.0,40767510.0,39319068.0,41611524.0,39097428.0,38679708.0,40825930.0,36046180.0,33638410.0,39184910.0,38290516.0,40432536.0,37442090.0,42089030.0,34760384.0,42248784.0,0.0,
1234,450.2322369209936,5.571003,height,,,,,,,,,,,31063046.0,37763532.0,52297296.0,39985210.0,84190904.0,63372180.0,64669212.0,69683090.0,71211750.0,64874892.0,72043630.0,62375340.0,61894440.0,61993748.0,66002788.0,52931984.0,57511816.0,56289750.0,61644850.0,63790972.0,71564800.0,62040756.0,63994664.0,0.0,
1235,868.4052032360296,5.572179,height,,,,,,,,,,,14239269.0,16490257.0,16440102.0,16995472.0,14513366.0,15231985.0,15870561.0,19233874.0,16843724.0,17263752.0,18150298.0,16904542.0,18012228.0,17251506.0,19740540.0,17800636.0,18555450.0,17641872.0,20544644.0,16660792.0,16970934.0,15004933.0,14003747.0,0.0,
1236,303.16621686202825,5.576562,height,,,,,,,,,,,7425925.5,8905873.0,8957802.0,9553124.0,8528978.0,8458173.0,9143322.0,10240118.0,10454193.0,9756132.0,8564755.0,8333998.0,9123359.0,9533686.0,9942020.0,8462250.0,9025323.0,9269480.0,10740247.0,8869087.0,10539896.0,8962152.0,10145914.0,0.0,
1237,283.1263563293345,5.57724,height,,,,,,,,,,,0.0,0.0,0.0,0.0,11118624.0,0.0,0.0,0.0,0.0,0.0,0.0,0.0,0.0,0.0,0.0,0.0,0.0,0.0,0.0,0.0,0.0,0.0,0.0,0.0,
1238,244.1291785506681,5.5773687,height,,,,,,,,,,,6801476.5,7589767.0,9086214.0,8329927.5,11503210.0,13735917.0,14183133.0,13715202.0,14056989.0,13410964.0,13756177.0,13537516.0,13499687.0,13915609.0,14169968.0,12301949.0,12297302.0,11560979.0,12842093.0,11856707.0,14884497.0,13382588.0,12358349.0,0.0,
1239,247.1288389517844,5.5805354,height,,,,,,,,,,,16690845.0,15218361.0,13992835.0,14497508.0,23159554.0,11194686.0,12741140.0,15198646.0,11499773.0,10754890.0,9100717.0,9951697.0,11865201.0,13951031.0,13757038.0,12745162.0,12832639.0,12132085.0,15277681.0,12972993.0,14405711.0,13257633.0,12196465.0,0.0,
1240,261.1445118414972,5.568172,height,,,,,,,,,,,2917849.8,3469493.8,2223197.8,3535945.5,310987740.0,0.0,3044401.5,1659364.1,2065356.4,2027547.1,1477776.4,2300044.8,1662945.2,4832356.5,5397185.5,4064420.5,4500096.0,3887809.8,4957577.5,3332891.0,1892371.9,1977573.1,0.0,0.0,
1241,414.2348451292348,5.593404,height,,,,,,,,,,,60164668.0,55837636.0,69472990.0,70720070.0,36480000.0,114166450.0,123202664.0,112519896.0,115321900.0,114184850.0,113248040.0,116855810.0,117548470.0,111072600.0,111441540.0,106703750.0,109211160.0,90732560.0,102389450.0,103920240.0,122469260.0,108233940.0,100029170.0,0.0,
1242,628.3125904950369,5.6028605,height,,,,,,,,,,,28487502.0,29206532.0,33021534.0,35522508.0,46496164.0,0.0,0.0,0.0,0.0,0.0,0.0,0.0,0.0,0.0,0.0,0.0,0.0,0.0,0.0,0.0,0.0,0.0,0.0,0.0,
1243,436.2168178110088,5.607322,height,,,,,,,,,,,18815960.0,18105512.0,20326274.0,22675788.0,9749901.0,25618408.0,30386110.0,27092164.0,25476432.0,27260174.0,26307550.0,28765616.0,28427408.0,24882956.0,23166446.0,24623606.0,25075714.0,23099920.0,24785038.0,30701754.0,29600420.0,27470340.0,25029608.0,0.0,
1244,366.1650986195181,5.608963,height,,,,,,,,,,,13001150.0,11214952.0,11182657.0,11738234.0,8048771.5,6397432.0,7747957.5,7369414.0,6708841.5,7602781.0,7650223.5,7936012.5,7325204.5,8398278.0,7044954.0,7883346.0,8109349.0,8000072.5,7915831.5,8075414.5,8641521.0,8103915.5,7192028.5,0.0,
1245,344.1816150483796,5.609002,height,,,,,,,,,,,107904470.0,86599160.0,111727690.0,99387520.0,101134330.0,96975704.0,107531464.0,100445310.0,95416456.0,101923810.0,106512190.0,105078960.0,104820740.0,112980696.0,87131790.0,97763670.0,112116320.0,99875460.0,111489140.0,99296130.0,114612460.0,101035720.0,98072720.0,0.0,
1246,332.18157674014896,5.6161737,height,,,,,,,,,,,33803030.0,26543384.0,36393132.0,32167860.0,36119372.0,34303670.0,35409996.0,37260868.0,36455440.0,34515100.0,39564664.0,37982760.0,35784784.0,42423196.0,34303004.0,34950844.0,38052090.0,32605850.0,40114576.0,35057068.0,39650228.0,38397950.0,34802624.0,0.0,
1247,219.13403095332973,5.6237917,height,,,,,,,,,,,0.0,0.0,0.0,0.0,60558310.0,0.0,0.0,0.0,0.0,0.0,0.0,0.0,0.0,0.0,0.0,0.0,0.0,0.0,0.0,0.0,0.0,0.0,0.0,0.0,
1248,482.2015288127248,5.6368423,height,,,,,,,,,,,1422362.0,1446911.9,1593567.8,1332405.1,0.0,13271586.0,14099515.0,14906398.0,13523061.0,14814172.0,14006917.0,13272974.0,15201295.0,17684498.0,13971473.0,13771950.0,13020580.0,15101807.0,16206356.0,15501342.0,14174622.0,13627574.0,12025971.0,0.0,
1249,1117.5891742369058,5.63061,height,,,,,,,,,,,0.0,0.0,0.0,0.0,0.0,8420305.0,7718870.0,8924260.0,7194235.5,7462416.0,8914205.0,8560273.0,8628117.0,10918215.0,8099946.5,7724406.0,8265411.5,9791559.0,9464535.0,10540243.0,7165654.0,7150060.5,7745679.5,0.0,
1250,575.283057876591,5.6370564,height,,,,,,,,,,,46360200.0,44854550.0,39851760.0,46822296.0,33130308.0,57569796.0,60854960.0,60698280.0,63323090.0,57680692.0,58404332.0,64163456.0,62010268.0,69749900.0,64050828.0,63009920.0,63260270.0,59161892.0,59146560.0,67053216.0,60871360.0,58984970.0,56731316.0,0.0,
1251,444.24551686337605,5.6386704,height,,,,,,,,,,,21142868.0,19725928.0,20593754.0,17843820.0,15569856.0,280936580.0,311570720.0,337913730.0,296807700.0,308276960.0,306059800.0,303146370.0,328134200.0,411225660.0,353011940.0,348547740.0,309914000.0,360281120.0,363600900.0,373555600.0,300818900.0,317770080.0,290293300.0,0.0,
1252,674.3510965251012,5.6430144,height,,,,,,,,,,,192264240.0,198095500.0,264662780.0,234691440.0,322763780.0,274249180.0,291977900.0,286186180.0,331151500.0,272701540.0,276310050.0,277761660.0,302761950.0,344534400.0,320654700.0,296022940.0,287091300.0,322611520.0,293704220.0,359283900.0,271572200.0,300664400.0,275501570.0,0.0,
1253,712.3068121462853,5.645021,height,,,,,,,,,,,21013434.0,23072990.0,28585000.0,26017050.0,32087988.0,23295806.0,26227968.0,23695308.0,28075206.0,24159932.0,23397314.0,22780494.0,24221548.0,25966578.0,24999492.0,22948730.0,23688200.0,24764786.0,23823876.0,29181530.0,23737770.0,25470870.0,22797710.0,0.0,
1254,466.22728176137286,5.646378,height,,,,,,,,,,,10262403.0,7817570.5,6534595.5,7703902.0,5865403.5,37344148.0,41847470.0,45457880.0,40495330.0,41956956.0,40243450.0,41766828.0,44744812.0,48525270.0,46210948.0,43800284.0,39344816.0,49424724.0,46393816.0,53825316.0,37694388.0,42396696.0,41123650.0,0.0,
1255,337.6790240015065,5.647348,height,,,,,,,,,,,16794032.0,16968682.0,22872774.0,21024508.0,25240680.0,26897016.0,27736418.0,27899958.0,28533840.0,24136862.0,25130208.0,23840652.0,25534940.0,25573452.0,25825186.0,24136160.0,22616146.0,23232004.0,21606140.0,28120114.0,25517900.0,25022350.0,24616594.0,0.0,
1256,696.3330605859728,5.661014,height,,,,,,,,,,,101838950.0,110175600.0,139236300.0,128214370.0,164232000.0,109576590.0,133316270.0,113275090.0,133301096.0,118800730.0,114348130.0,138673140.0,133763540.0,106305064.0,121536104.0,125208584.0,125627670.0,128611470.0,118762824.0,138991220.0,114420450.0,131418350.0,113863030.0,0.0,
1257,497.27207739939416,5.669908,height,,,,,,,,,,,8085100.0,6926561.0,7125886.5,6859268.5,5306109.0,16560269.0,17843388.0,15906810.0,22893298.0,16623668.0,17557036.0,20385480.0,21153674.0,13389077.0,13791922.0,16663873.0,15377531.0,16294055.0,15629765.0,15609558.0,14303958.0,17440732.0,13841376.0,0.0,
1258,898.4707298420184,5.6746216,height,,,,,,,,,,,0.0,0.0,0.0,0.0,0.0,7927087.0,6599852.5,6168387.0,8088545.5,6592601.0,7231666.0,7743519.0,0.0,5543897.0,7315662.0,0.0,6231380.5,6386287.5,5978951.5,8581724.0,6143399.5,6719593.0,6806400.0,0.0,
1259,625.2962008185806,5.6713805,height,,,,,,,,,,,14349245.0,9153012.0,5338034.0,7463333.5,0.0,0.0,2403927.0,2812363.2,2592110.2,2766853.0,2450422.2,3329769.8,0.0,3728871.8,5488434.5,4054119.5,3413487.5,4011336.8,3656506.2,3394643.0,2965242.0,3135201.0,3281014.5,0.0,
1260,320.18154208508133,5.6830206,height,,,,,,,,,,,16948190.0,15242556.0,19861800.0,15434333.0,24591664.0,21116136.0,18283414.0,19003066.0,22232792.0,21281114.0,23449370.0,22558724.0,23884426.0,17767672.0,21471670.0,21411340.0,18650586.0,19538684.0,20552552.0,21146064.0,19259752.0,16439499.0,21831042.0,0.0,
1261,329.1819510943322,5.682582,height,,,,,,,,,,,12366505.0,11110856.0,7668674.5,8727139.0,4840322.5,5285500.0,4629287.5,5457978.0,5307561.0,6333341.0,5802485.0,5827551.5,6027264.0,5855674.0,7321465.0,8150304.5,6036496.5,6296971.5,6732064.0,6904700.5,6004208.0,5244942.0,5929907.5,0.0,
1262,362.1921208492873,5.6871834,height,,,,,,,,,,,4756307.0,5347762.5,5182145.0,4105778.0,4720271.5,6708963.5,5542577.5,6344311.0,7159450.5,6389010.0,6749498.5,7508191.5,7293430.5,4549892.5,6624190.5,6377153.0,5056300.0,5730238.5,5790689.5,6653529.0,6067871.0,5567945.0,6620429.0,0.0,
1263,294.1448051923971,5.688112,height,,,,,,,,,,,0.0,0.0,0.0,0.0,25253322.0,0.0,0.0,0.0,0.0,0.0,0.0,0.0,0.0,0.0,0.0,0.0,0.0,0.0,0.0,0.0,0.0,0.0,0.0,0.0,
1264,755.3937905957553,5.690496,height,,,,,,,,,,,116542120.0,111272740.0,83555000.0,87246190.0,87455060.0,137693120.0,115534120.0,121260584.0,132308330.0,122155464.0,132974630.0,138818480.0,136703470.0,97600424.0,164535570.0,139044030.0,100557690.0,127690030.0,123765590.0,138750690.0,125557140.0,108862750.0,138663330.0,0.0,
1265,504.2457294660823,5.691239,height,,,,,,,,,,,21027556.0,16142430.0,11502001.0,13957265.0,10761985.0,10352571.0,9734584.0,10355389.0,11692702.0,10441464.0,10427454.0,11467403.0,10810574.0,9627587.0,13107763.0,11875580.0,8947615.0,11489502.0,9943846.0,11742887.0,10907373.0,9175660.0,11759618.0,0.0,
1266,571.3093912612555,5.6912794,height,,,,,,,,,,,103164120.0,94001256.0,61945844.0,69573304.0,47945708.0,118473240.0,94898480.0,102356550.0,119515816.0,105458904.0,113570080.0,124523050.0,113649416.0,82283420.0,128873304.0,111672970.0,84552070.0,98719336.0,100521070.0,112646216.0,108648940.0,92455290.0,111322890.0,0.0,
1267,318.1659859113991,5.6921067,height,,,,,,,,,,,23657206.0,24918382.0,20499330.0,21112548.0,25714428.0,20655702.0,18647320.0,20942648.0,20036874.0,19669328.0,20135898.0,21958384.0,21375096.0,16875874.0,24457038.0,22042008.0,16615379.0,20043250.0,17842594.0,20390392.0,21770716.0,17322372.0,21538694.0,0.0,
1268,746.3550884078071,5.6921263,height,,,,,,,,,,,113015230.0,104271100.0,78990900.0,76394110.0,93398400.0,86550050.0,69894530.0,76488030.0,79372024.0,75390760.0,81214800.0,88640120.0,85446880.0,66512092.0,109659480.0,94270840.0,66344644.0,81052450.0,77630260.0,89262020.0,81844270.0,66843270.0,90065250.0,0.0,
1269,575.2828086817364,5.6590867,height,,,,,,,,,,,48739100.0,47199670.0,42935620.0,48543416.0,33772316.0,72117304.0,64410290.0,0.0,0.0,0.0,66414604.0,0.0,71760810.0,71641280.0,67021132.0,0.0,0.0,64323884.0,61653930.0,68449400.0,73185910.0,70884904.0,64022320.0,0.0,
1270,501.2668254385784,5.695393,height,,,,,,,,,,,4132408.5,2990425.2,2419731.8,2964469.2,1641254.9,8464446.0,7512618.5,7832938.5,9510643.0,8083709.0,7635443.5,0.0,9034240.0,6566373.0,9635471.0,8858703.0,6623611.5,8333654.5,7134835.0,8530765.0,8659121.0,8904063.0,9069053.0,0.0,
1271,593.2910042573261,5.6953545,height,,,,,,,,,,,31418110.0,27928952.0,17766768.0,22014098.0,13505293.0,29657400.0,24407242.0,25317910.0,30105880.0,25746602.0,27098666.0,31947696.0,28784366.0,20059526.0,32873732.0,27746814.0,20412822.0,26132428.0,23927096.0,29117752.0,27045238.0,24998000.0,29999372.0,0.0,
1272,635.2857460639486,5.697437,height,,,,,,,,,,,10719847.0,9048406.0,6395091.5,7944478.0,6047489.0,8216700.0,6845569.0,7680002.0,9248052.0,8025023.0,6877575.5,11141589.0,9111987.0,7533850.5,9505211.0,8705171.0,6012354.5,8187510.5,7267595.0,8354955.5,7767422.0,8486727.0,9556885.0,0.0,
1273,183.11285749615675,5.697347,height,,,,,,,,,,,0.0,0.0,0.0,0.0,7603051.0,0.0,0.0,0.0,0.0,0.0,0.0,0.0,0.0,0.0,0.0,0.0,0.0,0.0,0.0,0.0,0.0,0.0,0.0,0.0,
1274,247.128865954174,5.674357,height,,,,,,,,,,,6598129.5,3703086.2,2670373.5,2665236.0,50384056.0,1820220.5,1435250.0,2041298.1,1383788.2,3365093.0,3924963.2,0.0,0.0,5613938.0,6647809.5,6833294.5,10749499.0,5880733.5,5362215.5,6000469.5,2210832.8,7963363.0,1676307.9,0.0,
1275,778.3784048826335,5.699853,height,,,,,,,,,,,10677032.0,8841063.0,7164424.0,8218535.5,7200946.5,13484045.0,8430495.0,9783201.0,10400235.0,8770019.0,9297993.0,12389606.0,12761508.0,9118592.0,15425664.0,12483549.0,8689444.0,11471817.0,8825584.0,10306311.0,9666383.0,10620085.0,13714242.0,0.0,
1276,229.11831558318988,5.658163,height,,,,,,,,,,,9053339.0,4197308.5,3150573.0,4822246.0,62634700.0,4692019.5,5461314.5,4166628.8,1659841.9,4153000.8,5038927.0,0.0,3640076.0,6543324.0,8742040.0,7922296.0,4819880.5,6996606.5,7380574.5,5197988.0,2087185.2,5395038.5,3004794.5,0.0,
1277,777.3755386174802,5.699039,height,,,,,,,,,,,27497056.0,23086924.0,17919806.0,20206050.0,17208274.0,30018994.0,21373044.0,22639416.0,24642340.0,22986162.0,22987094.0,26874934.0,26384704.0,20852440.0,34630468.0,27141644.0,21260222.0,26297644.0,22261916.0,25830340.0,23717262.0,25501030.0,30767190.0,0.0,
1278,491.2173349137845,5.7065244,height,,,,,,,,,,,7383584.5,4943117.0,5065665.5,4873220.5,3964363.5,5521095.5,4334404.0,5355392.5,7780415.5,4440123.0,3604677.0,6577882.5,7014015.5,3263742.0,5160982.0,3632608.2,3381215.0,5968938.0,5719055.0,3850589.5,5524846.0,3892507.5,8459810.0,0.0,
1279,597.2648844839579,5.701465,height,,,,,,,,,,,6750448.5,5244757.5,4393329.5,5101024.5,3625283.8,8490414.0,5856892.5,6676149.0,6674789.0,6357069.0,6104729.0,7272272.0,6919496.0,5229292.5,8625192.0,6376110.5,5090966.5,7258790.5,5487174.5,6446195.0,7007260.5,6765016.0,8837760.0,0.0,
1280,340.14792852515774,5.7069416,height,,,,,,,,,,,4304983.5,4154382.0,4546093.0,4777718.0,5309661.5,0.0,2930358.8,3610120.8,2658303.8,2737008.2,2968917.8,3131099.5,3104861.2,4655285.0,5965229.0,3209119.5,3348021.2,3852586.0,2947937.2,3483310.0,3620245.5,4189090.2,6043286.0,0.0,
1281,486.2559857618709,5.704593,height,,,,,,,,,,,3020916.8,1827766.0,1273742.8,0.0,0.0,6465656.0,6533936.5,5316418.0,8408210.0,5080338.0,4328725.5,6903794.0,9032144.0,2852786.5,4522956.0,3777434.8,2725890.2,5040857.5,4623293.0,4870814.5,6149718.0,4705716.5,7087800.0,0.0,
1282,260.1605351422975,5.70652,height,,,,,,,,,,,0.0,0.0,0.0,0.0,7547076.0,0.0,0.0,0.0,0.0,0.0,0.0,0.0,0.0,0.0,0.0,0.0,0.0,0.0,0.0,0.0,0.0,0.0,0.0,0.0,
1283,269.1108429789786,5.712489,height,,,,,,,,,,,2142726.5,0.0,0.0,0.0,21935400.0,0.0,0.0,0.0,0.0,0.0,0.0,0.0,0.0,0.0,3283136.8,2330094.0,0.0,0.0,2568214.2,0.0,0.0,0.0,0.0,0.0,
1284,768.3360105209383,5.7096033,height,,,,,,,,,,,5429416.5,4064423.2,4336795.5,5320643.5,4671687.0,5326298.5,3565752.5,3285869.0,3261428.8,3851049.8,4001193.5,3971026.5,3197097.0,3988571.8,5658763.0,4223272.0,3752908.8,5002708.0,3891935.2,3220717.5,6555728.0,4280649.5,5514016.0,0.0,
1285,804.8453202721229,5.7519975,height,,,,,,,,,,,13596364.0,11736544.0,14623618.0,13506592.0,12309924.0,13682053.0,15190977.0,13345737.0,15430856.0,13324797.0,12551230.0,13098446.0,14363988.0,11826529.0,13545754.0,13425791.0,13390777.0,13571575.0,11777117.0,13215740.0,12197248.0,13593263.0,13665371.0,0.0,
1286,1008.8075718352516,5.7501884,height,,,,,,,,,,,9247390.0,8587046.0,10364193.0,9679516.0,8560696.0,9269251.0,10303109.0,8872599.0,10706263.0,8858490.0,8787611.0,9336827.0,8338411.0,9014410.0,9909766.0,8693974.0,9484658.0,9327077.0,8924051.0,9475549.0,8471590.0,9987712.0,9693821.0,0.0,
1287,872.8327988803052,5.753693,height,,,,,,,,,,,12987074.0,12214916.0,14937831.0,12313828.0,11916117.0,12744570.0,14359971.0,12959730.0,13726227.0,13100810.0,12239672.0,12818165.0,11762556.0,11835199.0,13438138.0,13090349.0,12659419.0,13149152.0,12137857.0,13374550.0,11453843.0,13017091.0,13266501.0,0.0,
1288,940.8201211916014,5.7532554,height,,,,,,,,,,,11071215.0,9755323.0,12314807.0,11286575.0,10591931.0,10695570.0,12442692.0,11157629.0,11933833.0,10628551.0,10524932.0,10613121.0,11087184.0,10217323.0,11184817.0,10627337.0,10947848.0,11392910.0,10309801.0,11726631.0,9626286.0,11453887.0,11921093.0,0.0,
1289,1382.7390134702298,5.7532835,height,,,,,,,,,,,7794891.5,7382948.0,8167211.5,7606642.0,8348308.0,7614546.0,8893944.0,7913525.0,8933602.0,7966682.0,7785001.5,7496307.0,7939252.0,7349289.5,7903700.5,7696111.0,8434215.0,8208838.0,7060728.0,9181882.0,6710338.0,9200339.0,8787763.0,0.0,
1290,1076.795023803217,5.7523274,height,,,,,,,,,,,7720551.5,6567581.5,8560454.0,8360214.0,7532510.5,7336293.0,8507342.0,7754590.0,8789263.0,7215210.0,7431192.5,7733950.0,7149064.5,7283128.0,7871519.0,7632510.0,7615494.5,7497096.0,6333463.5,7560593.0,6731949.0,7935266.5,8485313.0,0.0,
1291,1178.7762593958737,5.7545624,height,,,,,,,,,,,18501534.0,16319812.0,20043304.0,17764862.0,18404660.0,18008374.0,21187336.0,18012006.0,20992314.0,17665760.0,17923714.0,17841916.0,19368020.0,17408784.0,18593814.0,18585300.0,20086200.0,18510192.0,17024702.0,20843968.0,17707322.0,19643740.0,18659910.0,0.0,
1292,1314.751414100725,5.752809,height,,,,,,,,,,,10506342.0,9679408.0,12038063.0,9538807.0,10821620.0,10677104.0,11779746.0,10472971.0,11746415.0,10116349.0,9690610.0,9986812.0,9081027.0,9760776.0,10286874.0,10254156.0,11196438.0,10401201.0,9570085.0,11602671.0,9450350.0,11371420.0,11505679.0,0.0,
1293,634.8766372803109,5.752931,height,,,,,,,,,,,83829570.0,77630730.0,94232590.0,83298696.0,80227850.0,87363190.0,95166480.0,83870160.0,89709230.0,83891480.0,77940350.0,86438480.0,77846840.0,75781944.0,84379460.0,86015110.0,85166530.0,89230580.0,76378536.0,87589650.0,79712344.0,86251690.0,87493790.0,0.0,
1294,736.8579007252666,5.755527,height,,,,,,,,,,,11009100.0,9866648.0,11401376.0,10574211.0,9807144.0,10883362.0,12967883.0,10502380.0,11857175.0,10595892.0,11070561.0,10752345.0,10729389.0,10678124.0,10484444.0,11384312.0,10292271.0,11992901.0,9796979.0,11340003.0,10165136.0,10252353.0,10748379.0,0.0,
1295,974.8138291641566,5.7534385,height,,,,,,,,,,,37247304.0,33443450.0,41027664.0,35261908.0,37095420.0,35643340.0,42290430.0,37250184.0,39534640.0,36707788.0,35446000.0,36868204.0,32608210.0,38222868.0,36417972.0,38276196.0,38598080.0,37629844.0,31252468.0,40371704.0,34055230.0,38622628.0,37813264.0,0.0,
1296,770.8516162921535,5.7542186,height,,,,,,,,,,,64013630.0,60046284.0,72742330.0,63375456.0,63899508.0,67092150.0,74645096.0,63512440.0,70968120.0,65674824.0,62272132.0,66447604.0,59975828.0,58876780.0,66566970.0,67941200.0,67506630.0,69056584.0,58417824.0,67759380.0,60675316.0,67968060.0,68991110.0,0.0,
1297,702.8641574682059,5.7542906,height,,,,,,,,,,,73002456.0,70268300.0,82347780.0,73072570.0,72240000.0,74689704.0,83131330.0,74346480.0,81275384.0,74435496.0,70495620.0,76909784.0,68256370.0,66994980.0,73957540.0,77292940.0,76351170.0,79077220.0,67800160.0,78357944.0,70546136.0,76243544.0,78094500.0,0.0,
1298,906.8264306293512,5.7533875,height,,,,,,,,,,,44711348.0,42546000.0,49441524.0,43468028.0,44499868.0,45930940.0,52516548.0,44731504.0,49088640.0,43768940.0,42038916.0,45437400.0,42179480.0,48159596.0,45937428.0,46524616.0,47136156.0,46244748.0,39491696.0,48515190.0,42588028.0,47665892.0,47694708.0,0.0,
1299,566.8891624888623,5.7546253,height,,,,,,,,,,,97296140.0,92130030.0,108427864.0,96249460.0,94031150.0,102314940.0,110145630.0,99644210.0,104023700.0,97481880.0,92236344.0,101069816.0,92422600.0,89131590.0,99275220.0,100520530.0,98272376.0,104232860.0,90064400.0,99591560.0,93002560.0,101822440.0,105132850.0,0.0,
1300,1246.7637949789416,5.7559023,height,,,,,,,,,,,13703479.0,12468022.0,15028615.0,12440789.0,13871575.0,12891798.0,16060673.0,13366582.0,15370632.0,13553663.0,12514517.0,13458616.0,14397837.0,12979462.0,13777606.0,13855975.0,14729279.0,13891412.0,12414202.0,15509167.0,12651784.0,14942247.0,13985305.0,0.0,
1301,1042.8012477362736,5.755607,height,,,,,,,,,,,29955014.0,27296884.0,32009202.0,29130646.0,29845058.0,29316130.0,34835524.0,30524520.0,33180074.0,30146532.0,28514678.0,30185526.0,26943886.0,27387472.0,31142852.0,30281400.0,31722520.0,29253536.0,28235684.0,33415298.0,28696592.0,32673860.0,31266552.0,0.0,
1302,838.8390375723154,5.7551217,height,,,,,,,,,,,57259492.0,53652330.0,63152028.0,56432548.0,57289664.0,57676000.0,64720308.0,57483628.0,62376692.0,56305636.0,53849084.0,58675296.0,53197920.0,52779236.0,58553360.0,60839720.0,60489690.0,60156040.0,50424530.0,62847096.0,54990110.0,61430470.0,60308236.0,0.0,
1303,1110.7886750048813,5.7550807,height,,,,,,,,,,,23783440.0,21373770.0,26108882.0,23375050.0,23926890.0,23128124.0,27518008.0,22808740.0,26815530.0,23619170.0,22566970.0,23621422.0,21493986.0,22121254.0,24109838.0,23853346.0,25678922.0,23218052.0,21733810.0,25610162.0,22914668.0,24876474.0,25401190.0,0.0,
1304,294.9389782134021,5.756007,height,,,,,,,,,,,26471238.0,24727786.0,28417228.0,27694582.0,24475692.0,27723106.0,29705970.0,26836480.0,24896348.0,27306650.0,25403718.0,27148970.0,26023420.0,26305180.0,25908692.0,25025328.0,26041704.0,29214292.0,26199942.0,25762886.0,25886564.0,27462182.0,28002668.0,0.0,
1305,771.85472000975,5.7568445,height,,,,,,,,,,,8198356.5,7624716.0,9161925.0,7775830.0,7764872.5,8110294.0,9355053.0,8907708.0,8842173.0,8325473.5,7949447.0,8155784.5,8743966.0,8080352.5,8030802.0,8517459.0,8740065.0,8448714.0,7803181.5,8019538.5,7347318.5,8318478.0,8688746.0,0.0,
1306,498.90157880321055,5.756777,height,,,,,,,,,,,119299980.0,113050380.0,132491290.0,118911930.0,113611500.0,125303700.0,135156660.0,119206200.0,126496500.0,120970984.0,111643720.0,123675420.0,112585570.0,110946584.0,119177040.0,121568760.0,119042536.0,128597990.0,111701940.0,120179680.0,114695864.0,123185050.0,125835660.0,0.0,
1307,227.9544849644065,5.758548,height,,,,,,,,,,,12713030.0,12157693.0,13902473.0,13225119.0,12087447.0,13342225.0,14060455.0,13136510.0,12005647.0,13108867.0,12441148.0,12908648.0,12658217.0,12908792.0,13143326.0,12292618.0,11903433.0,13694701.0,12330926.0,12541681.0,12736624.0,13084248.0,13335070.0,0.0,
1308,362.9263888648617,5.7593656,height,,,,,,,,,,,116142620.0,109585120.0,127411050.0,117663070.0,109800310.0,122613920.0,129447896.0,115623220.0,116710370.0,118805530.0,108748270.0,118736824.0,111019560.0,112128904.0,116941496.0,115523070.0,114732030.0,125053816.0,111111920.0,111932984.0,111603510.0,117835336.0,122747790.0,0.0,
1309,158.9641250666744,5.760634,height,,,,,,,,,,,74293670.0,68562570.0,79544390.0,75304640.0,71823500.0,76835870.0,80451820.0,73398690.0,69471890.0,75565470.0,71684690.0,75037840.0,72991810.0,74096620.0,72109464.0,72072450.0,71101350.0,81565040.0,71399750.0,70949320.0,69466080.0,74241656.0,75721610.0,0.0,
1310,839.8421010019545,5.760654,height,,,,,,,,,,,8588956.0,7391849.0,9405522.0,8351291.5,7928572.0,8943302.0,9920627.0,7705227.0,8884539.0,8336801.0,8036326.0,8490533.0,7738964.0,7348959.5,8222871.5,8541105.0,8215449.5,8674028.0,7156847.5,8586888.0,7281496.0,8919425.0,8832784.0,0.0,
1311,219.07179139257985,5.773711,height,,,,,,,,,,,0.0,0.0,0.0,0.0,7898858.5,0.0,0.0,0.0,0.0,0.0,0.0,0.0,0.0,0.0,0.0,0.0,0.0,0.0,0.0,0.0,0.0,0.0,0.0,0.0,
1312,488.2095496250788,5.82418,height,,,,,,,,,,,5000844.5,4673170.5,5978591.5,4943799.0,6100240.5,6802123.0,6441738.0,7724476.0,7018532.5,5379199.0,7231361.0,7998153.0,7176107.0,6297105.0,7509728.0,6688137.0,6392207.5,8070672.0,6790405.5,7440278.0,6029380.5,7482139.0,6420600.5,0.0,
1313,268.12674489076375,5.8224154,height,,,,,,,,,,,0.0,0.0,0.0,0.0,8146011.5,0.0,0.0,0.0,0.0,0.0,0.0,0.0,0.0,0.0,0.0,0.0,0.0,0.0,0.0,0.0,0.0,0.0,0.0,0.0,
1314,218.9197292162484,5.8260636,height,,,,,,,,,,,19741338.0,15597768.0,17151252.0,18249138.0,12111991.0,18149554.0,14616715.0,15383355.0,14662671.0,15134137.0,16692132.0,13745632.0,18382520.0,15657624.0,11982600.0,13396331.0,20765534.0,23060904.0,13325715.0,15929428.0,16043857.0,19373546.0,17049252.0,0.0,
1315,508.23804105738,5.8257995,height,,,,,,,,,,,1529635.5,0.0,1649494.0,1288079.4,2026345.9,9861665.0,9032792.0,9672143.0,9741003.0,6820137.0,9631629.0,10598937.0,9358213.0,6669922.0,8146911.0,6805681.0,7125007.0,8191098.0,6715019.5,8287495.0,7744291.0,8985907.0,7700597.5,0.0,
1316,216.92277638848628,5.8264656,height,,,,,,,,,,,63246264.0,47834664.0,54662740.0,58522412.0,38647996.0,36476940.0,46910920.0,48398850.0,46209940.0,48160024.0,53157544.0,43354364.0,58858450.0,48939864.0,38086864.0,42392148.0,40236930.0,44787210.0,42315630.0,50163000.0,49630196.0,63437210.0,53380156.0,0.0,
1317,486.25619762914135,5.8304753,height,,,,,,,,,,,1399455.5,1487743.5,1706194.9,1410430.6,2390136.0,10061229.0,9119632.0,9811183.0,10024523.0,7758342.5,10395758.0,11204088.0,10001604.0,7312260.0,8763352.0,8174756.5,7496704.0,8632117.0,7219802.0,8625414.0,8624466.0,8857875.0,8369287.0,0.0,
1318,208.8909911584755,5.8349113,height,,,,,,,,,,,8644050.0,6368519.0,8094292.5,8911224.0,6966479.5,7399537.0,6640500.5,7593247.5,7786842.0,6863813.5,9409401.0,7895664.5,8153036.0,7375071.5,7427318.0,6832969.0,7013088.0,7643268.0,7338789.0,7538761.0,7371286.0,7786691.0,7846004.5,0.0,
1319,206.89397592217557,5.834495,height,,,,,,,,,,,13683840.0,10054448.0,12881122.0,13664148.0,11387344.0,12071499.0,10092579.0,11845522.0,11597179.0,10461855.0,14209870.0,12161083.0,13118276.0,11805615.0,11888167.0,10796902.0,11089162.0,11549798.0,11262319.0,12061058.0,11736572.0,12406189.0,11824752.0,0.0,
1320,430.696879495699,5.8502913,height,,,,,,,,,,,18317524.0,17244478.0,18286372.0,22098224.0,17419874.0,17675388.0,17553748.0,18719862.0,19315264.0,17697996.0,19247798.0,19555226.0,20300242.0,18068932.0,19525994.0,19693052.0,17444924.0,15055037.0,19611138.0,17007704.0,18082922.0,16346683.0,18782316.0,0.0,
1321,432.69376729292816,5.8498945,height,,,,,,,,,,,17584838.0,16840820.0,17212204.0,21023488.0,16468178.0,16885054.0,16250595.0,17596114.0,18180470.0,16519474.0,18361034.0,18244846.0,19019976.0,17100878.0,18944434.0,18538492.0,16442016.0,14771247.0,18147768.0,16193791.0,17275256.0,15076498.0,17430618.0,0.0,
1322,488.6554507263023,5.8473573,height,,,,,,,,,,,9659860.0,8783368.0,9600564.0,11786663.0,8525777.0,9415012.0,8937496.0,9489638.0,9879985.0,8880020.0,10658610.0,11106421.0,10621649.0,9422517.0,10425459.0,10338022.0,8935711.0,8045904.0,9815187.0,8873944.0,9512560.0,8293405.0,9740040.0,0.0,
1323,490.652407542132,5.8473573,height,,,,,,,,,,,11261577.0,9541815.0,10395706.0,12974581.0,9690034.0,10323990.0,9775524.0,10550788.0,10866599.0,9957741.0,11906734.0,11671460.0,11930718.0,10396420.0,11580260.0,11028675.0,9440742.0,8876117.0,10980006.0,9534816.0,10448538.0,9061426.0,10672683.0,0.0,
1324,428.6999281997094,5.8486443,height,,,,,,,,,,,8523863.0,7943963.0,8252556.0,9974616.0,7879513.0,7920237.0,7988680.5,8288999.0,8487149.0,7929001.5,8700349.0,9655467.0,9188247.0,8247755.0,8754427.0,8938220.0,7709141.5,6698998.0,8835369.0,7863976.5,8088278.5,7275728.0,8447881.0,0.0,
1325,434.6907173851845,5.851103,height,,,,,,,,,,,9316085.0,8849817.0,8980094.0,10541242.0,8652916.0,8728882.0,8863671.0,9383021.0,9471820.0,8938323.0,9719560.0,10546502.0,9056486.0,9091806.0,9879001.0,9862265.0,8797148.0,7756833.0,9421387.0,8659512.0,9141005.0,8099033.0,9346977.0,0.0,
1326,256.8207076967338,5.849464,height,,,,,,,,,,,13181588.0,11713577.0,13094454.0,14732979.0,13510162.0,12785909.0,13168560.0,13755949.0,13342619.0,13130616.0,15777166.0,13859203.0,13372456.0,13982263.0,14099981.0,13931217.0,12906364.0,10747861.0,14379242.0,13115848.0,13212452.0,11907153.0,13221108.0,0.0,
1327,258.8177754776901,5.8506775,height,,,,,,,,,,,6343893.5,5751227.0,6189466.0,7228340.0,6291157.0,6077330.5,6403636.5,6623832.0,6266810.0,6137075.0,7341365.0,6745956.0,6356806.5,6770389.5,6869699.0,6608295.0,6199070.0,5985289.0,7110493.0,6453367.0,6447513.0,5594083.0,6139850.0,0.0,
1328,254.82373544659157,5.850657,height,,,,,,,,,,,10276264.0,9256567.0,9993762.0,11728785.0,10462730.0,9872112.0,10487274.0,10683020.0,10199651.0,10343016.0,12330307.0,10849473.0,10555471.0,10962036.0,10933041.0,11123332.0,10154618.0,8633657.0,11089916.0,10340304.0,10521227.0,9338975.0,10266239.0,0.0,
1329,374.7350175675009,5.8524065,height,,,,,,,,,,,6685547.0,5609963.5,6494503.0,7133299.0,6523164.0,6242305.5,6550703.5,7174699.0,6448459.0,6643239.0,6597884.5,6803902.0,6588505.0,6941587.0,6989085.0,6677540.0,6016948.5,5967991.0,7234649.5,6347012.5,6593858.5,5766333.0,6425881.5,0.0,
1330,372.7380397313968,5.8523893,height,,,,,,,,,,,8461184.0,7055596.5,7903510.0,8679752.0,8355959.5,8076262.0,8280691.5,8687043.0,7839660.0,8540843.0,8288455.0,8481192.0,8503687.0,8828016.0,8729379.0,8541409.0,7733640.0,7460725.5,9108697.0,8115067.5,8434769.0,7147542.5,8096226.5,0.0,
1331,196.86516645762745,5.8510814,height,,,,,,,,,,,12749457.0,11455812.0,11845014.0,12899058.0,12354772.0,11501506.0,11818523.0,12551186.0,12540348.0,12432458.0,12782391.0,12827440.0,11929563.0,12367322.0,12313932.0,12375575.0,13212013.0,10346672.0,13893537.0,12422872.0,12430641.0,12323625.0,11881312.0,0.0,
1332,312.7823459553988,5.852341,height,,,,,,,,,,,10950988.0,10072805.0,10540058.0,11119221.0,10849005.0,10081001.0,10162406.0,10931060.0,11213867.0,10688347.0,11357682.0,11170849.0,10861173.0,10465570.0,11045221.0,10781507.0,11142228.0,9418863.0,11718375.0,10611318.0,10290972.0,10179150.0,10341339.0,0.0,
1333,314.7792833337304,5.85194,height,,,,,,,,,,,17642820.0,16347271.0,16760545.0,18696806.0,17011660.0,15997289.0,16382137.0,17902282.0,17798656.0,17360340.0,18418884.0,18074228.0,16960536.0,16966998.0,17693564.0,17695702.0,17755054.0,14072675.0,18483826.0,16814308.0,17053876.0,16798870.0,16638117.0,0.0,
1334,260.16047324089266,5.852467,height,,,,,,,,,,,0.0,0.0,0.0,0.0,14151706.0,0.0,0.0,0.0,0.0,0.0,0.0,0.0,0.0,0.0,0.0,0.0,0.0,0.0,0.0,0.0,0.0,0.0,0.0,0.0,
1335,316.77630445929304,5.8523407,height,,,,,,,,,,,11317516.0,10521119.0,10980439.0,11685846.0,11053840.0,10475115.0,10458479.0,11510719.0,11458162.0,11010370.0,11967203.0,11777525.0,11000919.0,11104620.0,11519826.0,11557854.0,11643611.0,10866690.0,12401025.0,10805744.0,11010610.0,10890343.0,10695631.0,0.0,
1336,198.86217450418604,5.8519254,height,,,,,,,,,,,12315597.0,10940430.0,11770300.0,12151603.0,11971214.0,11407990.0,11493270.0,12365907.0,12236985.0,12313142.0,12536524.0,12610217.0,11275968.0,11707090.0,12006317.0,11965228.0,12235091.0,10132806.0,13415754.0,11811384.0,12133172.0,12477082.0,11458417.0,0.0,
1337,772.5319980885591,5.853602,height,,,,,,,,,,,6314685.0,6416202.5,6678688.5,6929296.5,6177356.0,6412613.0,5921275.5,6561813.0,7568604.5,6062716.5,6877912.0,6770558.0,6659378.0,6116080.0,7138244.5,6971328.5,6211558.5,5263534.5,7075261.0,5519237.5,5986400.0,6211395.5,5828612.0,0.0,
1338,767.5767140194342,5.8551807,height,,,,,,,,,,,6477453.0,6782728.0,7287945.5,7127172.5,6702386.0,6355935.5,6359727.5,7021078.5,7864122.0,6900357.5,7089358.5,7169360.5,6573354.5,6236524.5,7580493.5,7312040.0,6786769.0,5686354.0,7504110.0,6100871.0,5975194.5,6260140.0,5956929.5,0.0,
1339,760.6246785010185,5.859172,height,,,,,,,,,,,5452782.5,6007883.5,5970412.0,6127710.5,5348472.5,5548077.0,5370790.0,5927736.5,5725093.0,5413720.5,6860860.0,5864435.0,5369004.5,5240823.0,6454525.5,5828902.0,5755471.5,4920847.5,6254274.5,5182710.0,5086387.5,5195273.5,5080666.0,0.0,
1340,762.6216277373888,5.859209,height,,,,,,,,,,,6322379.0,6615991.5,6927569.0,7226963.5,6231377.5,6156757.5,6236892.5,7064794.0,6630052.5,6753630.5,7690624.0,7055704.0,6705770.0,6172555.5,7531633.5,6812823.0,6536692.0,6022148.0,7132097.0,6138371.5,5814838.5,6441505.0,5860206.5,0.0,
1341,755.6692245557695,5.8646727,height,,,,,,,,,,,5029507.0,5007450.0,5593109.5,5176100.5,4800560.0,5363219.0,5032676.5,5400826.5,5033491.0,4959712.0,5381993.0,5421085.0,4762281.5,4733254.5,5576342.5,4975574.5,5029897.5,4762473.5,5484556.0,4884895.0,4389864.5,5081079.0,4574285.0,0.0,
1342,757.6662398060693,5.8651414,height,,,,,,,,,,,5967378.5,5923435.0,6465310.5,6060087.0,5795061.5,6126850.5,5703138.5,6271375.5,5562575.0,5687268.0,5879643.5,6309608.0,5582679.0,5448492.0,6525942.0,6070312.0,6115302.0,5334596.5,6307733.0,5353892.0,4989597.0,5854852.0,5498402.5,0.0,
1343,752.7108966137783,5.8772273,height,,,,,,,,,,,4931300.5,4419076.0,4865165.5,4623889.0,4300295.5,5527555.0,4452004.5,4848219.0,4095756.0,4794467.5,4394245.5,4775376.0,4403820.0,4321370.5,4973417.0,4447640.0,4609985.0,4171861.5,4729191.5,4542730.0,4260411.5,4749863.5,4634141.0,0.0,
1344,747.7556534158621,5.8921547,height,,,,,,,,,,,3402697.2,2770552.2,3268871.8,3400342.5,2901755.2,4167516.0,3082757.2,2866837.2,3091916.2,3528094.0,3073008.5,3057678.5,3262191.5,3471049.5,3441205.8,3226183.2,3422498.8,2943703.0,3010732.2,3489131.0,2933265.5,3427834.2,3290461.2,0.0,
1345,546.1683114098496,5.9012976,height,,,,,,,,,,,2055435.1,1988409.4,2440221.0,2124659.2,3079037.0,3642916.5,3215414.2,2967856.5,3245374.2,3290961.0,2915615.5,3280504.5,3102132.0,3209183.2,3157226.0,3004193.8,3261368.0,2964675.5,2826433.2,3487734.8,3183406.8,3353594.0,3149050.5,0.0,
1346,488.2094611805396,5.9060206,height,,,,,,,,,,,4454244.0,4569000.0,5463691.5,4625920.5,7077310.5,7789178.5,7273715.0,6762912.5,7476245.5,7246030.5,0.0,7727387.5,7083619.5,7179363.0,7195849.5,6523681.5,7304817.0,6911075.0,6351675.5,7487225.5,7485208.5,7414407.5,6731883.5,0.0,
1347,214.12991648422263,5.9197283,height,,,,,,,,,,,6470968.5,7455850.0,6077393.5,6680501.5,7820849.0,6875703.5,6980865.5,6790620.5,6817289.0,6464102.5,7270882.0,7062914.0,6950258.5,6754632.5,7614489.0,6820990.5,7547523.0,7047099.5,6784067.0,7309385.0,7218511.0,7085629.5,6369009.0,0.0,
1348,626.2389048314454,5.935107,height,,,,,,,,,,,3472916.0,4043392.5,3890007.2,3990977.2,3502535.5,4920063.5,4261178.5,4576584.5,4266985.0,3999516.5,3979608.0,4422956.0,4206971.0,4015196.5,4358328.0,5116962.5,4247807.5,4094727.0,4644955.5,3852051.8,4602948.5,4239322.0,4774827.0,0.0,
1349,376.1714551955528,5.9335294,height,,,,,,,,,,,1443412.9,2127613.2,1448610.9,1908429.9,2536383.5,2120615.0,1916492.8,1951938.5,1740137.5,1967742.9,2237331.2,1952582.2,1849825.4,2521735.8,2338186.8,2670604.0,2342839.0,1924762.2,1894867.9,1882828.6,2171883.8,2265052.8,1804598.8,0.0,
1350,466.2275338373033,5.938683,height,,,,,,,,,,,13005579.0,13306231.0,15983250.0,14567405.0,20620976.0,23347260.0,21163284.0,23644510.0,20550304.0,18881624.0,22021540.0,20850888.0,19453690.0,21068022.0,21464378.0,24350362.0,21601312.0,20040250.0,23151272.0,19453052.0,21592820.0,21044406.0,21397876.0,0.0,
1351,604.2569609702952,5.939658,height,,,,,,,,,,,6246420.0,6998954.5,6641336.0,7228584.5,6357736.5,8293532.5,6788954.0,8349802.0,6830255.5,6675418.0,7112159.0,7252274.0,6870478.5,7154301.5,7276924.5,8782803.0,7362876.5,7008084.0,8453879.0,6432100.5,7224764.0,7375700.0,7929179.0,0.0,
1352,444.2454338666672,5.9472585,height,,,,,,,,,,,17520352.0,17385336.0,20568242.0,19489934.0,24929464.0,27957998.0,27397904.0,30890762.0,24234828.0,24359022.0,30355636.0,26618702.0,22946538.0,27017288.0,26406830.0,30418870.0,27093966.0,27168520.0,28194542.0,23347266.0,26107474.0,26191944.0,26326272.0,0.0,
1353,582.2751476285295,5.9477415,height,,,,,,,,,,,15200376.0,16376816.0,16053793.0,17232238.0,16436554.0,17929838.0,16541024.0,20028614.0,15158993.0,15235547.0,17822632.0,15904697.0,14133010.0,17837264.0,15930356.0,20314902.0,18019274.0,17645760.0,19035472.0,14939328.0,16214729.0,16299166.0,16719628.0,0.0,
1354,583.2780831952348,5.9456973,height,,,,,,,,,,,4233347.5,4684743.0,4421827.0,4788422.5,4890555.5,5245322.0,4572785.5,5611145.0,4039711.2,4728003.5,5112281.5,4760680.0,3910008.8,5253300.5,5021214.5,5753204.0,5102573.5,5189356.0,5352194.5,4081010.2,4640705.5,5034526.5,5004076.0,0.0,
1355,141.065829421218,5.949493,height,,,,,,,,,,,3675713.0,3751140.2,3428689.2,3902637.8,3392580.0,3609008.5,3773919.8,4046053.0,3616956.0,3597567.2,3714679.5,3848908.0,3444518.2,3501662.5,3336852.8,3678342.5,3599128.0,3855095.2,3873018.2,3378281.2,3477422.0,3996361.8,3750910.0,0.0,
1356,159.07644704105874,5.9513073,height,,,,,,,,,,,3074805.8,3250251.8,3161487.5,3146799.8,3098050.5,3103384.5,3416607.2,3388315.0,3043605.0,3241815.8,3415224.2,3429416.5,3291171.2,3139124.5,2899573.0,3062675.0,3215728.5,3100335.5,3416427.8,2842159.8,2940998.8,3426944.8,3178688.0,0.0,
1357,445.24859468067376,5.9470825,height,,,,,,,,,,,4139891.2,3981103.0,4514329.0,4244473.0,5878922.5,6128928.5,6017254.0,6665420.5,5198983.5,5878642.0,6990838.5,6107543.5,5147396.5,6542900.0,6076488.5,7070031.0,6370632.5,6787053.0,6349083.5,5033467.5,5887449.0,6406253.0,5997378.0,0.0,
1358,560.2931746189379,5.95281,height,,,,,,,,,,,28046630.0,28380456.0,28278882.0,30800896.0,29213604.0,30578792.0,30574684.0,34467652.0,25510786.0,27027648.0,33835868.0,29850230.0,24403080.0,33035414.0,29853082.0,36465724.0,32392668.0,32913982.0,33769096.0,25311488.0,29819610.0,28431206.0,28735340.0,0.0,
1359,318.16590344028424,5.9555244,height,,,,,,,,,,,3866541.2,3537481.8,3778379.8,3963608.5,4599824.5,4715828.5,5229310.0,5336786.0,4455936.0,4447953.0,5506723.5,4891387.0,4441752.0,4863475.0,4873103.5,5223515.0,5176797.5,5154896.0,5248637.5,4006780.8,4867308.0,4883841.5,4827010.0,0.0,
1360,183.07402156143704,5.9613914,height,,,,,,,,,,,0.0,1973151.1,2938097.2,2212514.8,0.0,0.0,0.0,0.0,0.0,0.0,0.0,0.0,0.0,0.0,0.0,0.0,0.0,0.0,0.0,0.0,0.0,0.0,0.0,0.0,
1361,144.0655185267226,5.9697266,height,,,,,,,,,,,1455989.5,3275258.0,3936600.2,3556446.2,0.0,0.0,0.0,0.0,0.0,0.0,0.0,0.0,0.0,1097090.8,1005062.1,1185789.2,1022085.75,0.0,1042775.56,0.0,0.0,0.0,0.0,0.0,
1362,244.12922816157,5.9659576,height,,,,,,,,,,,3405711.5,3409713.0,2910696.2,3505023.5,2558884.2,3216973.8,3526384.8,3459023.8,3262969.0,3277655.8,3936884.8,3563309.5,3054168.2,3758325.8,3072667.5,3315217.2,3584899.2,3870101.5,3516403.2,3084739.8,3622014.0,3637412.2,3455852.8,0.0,
1363,277.1394433421742,5.9679666,height,,,,,,,,,,,0.0,0.0,0.0,0.0,0.0,3304815.8,3167972.5,3577827.2,1256743.4,1251758.1,1381221.6,0.0,2067280.5,1931355.2,1719649.0,1822810.2,1999896.0,2794044.2,2599708.5,3972978.8,4126516.2,4148333.0,3869384.8,0.0,
1364,161.09211648236163,5.967586,height,,,,,,,,,,,5885804.0,14421057.0,16424218.0,15070794.0,0.0,1032304.3,1074838.9,0.0,1764500.9,4030513.5,4200552.5,4197960.5,1996199.4,4747502.5,4493289.0,4541683.0,4427289.5,5075698.0,5208018.0,1492008.0,2078801.2,1778350.8,1564535.5,0.0,
1365,132.07682930529614,5.9687414,height,,,,,,,,,,,2476768.5,2755820.2,2658354.5,2568973.0,2179430.5,2973111.0,2822934.8,2688860.2,3075243.8,2803244.0,2861169.0,2995484.0,2765939.5,2754990.8,2132355.0,2379563.0,2559859.2,2692811.8,2662641.2,2643026.8,3002542.8,2749638.5,2789998.8,0.0,
1366,312.15295575055035,5.972656,height,,,,,,,,,,,1265520.9,0.0,1657722.2,1419686.9,3058004.2,1815373.8,1877712.0,1957633.5,1542200.5,1532387.8,1867792.2,1763045.8,1574564.9,1772284.2,1780620.5,1753063.0,1669405.5,1923217.2,1824813.2,1846654.9,1938877.0,1923786.5,2050834.8,0.0,
1367,258.15611503447667,5.9724917,height,,,,,,,,,,,13304844.0,14476102.0,13457475.0,15236679.0,14435706.0,13931816.0,14440649.0,13968596.0,13937172.0,13045777.0,15124481.0,14728303.0,13069547.0,15202121.0,13199847.0,13984409.0,14143968.0,15404386.0,14912963.0,13385571.0,14955685.0,14416878.0,14469657.0,0.0,
1368,290.17098651116214,5.9742856,height,,,,,,,,,,,2369228.5,2029846.8,2798408.2,2498944.2,4625585.0,3352545.8,3460723.5,3349760.2,2896462.2,2601932.8,3223635.8,2842185.2,2754619.2,3376115.0,3034900.0,3243036.5,3013153.2,3365158.2,3337415.8,3117538.8,3619155.5,3292551.0,3529639.2,0.0,
1369,229.1184846638237,5.976095,height,,,,,,,,,,,0.0,0.0,0.0,0.0,6064316.0,0.0,0.0,0.0,0.0,0.0,0.0,0.0,0.0,0.0,0.0,0.0,0.0,0.0,0.0,0.0,0.0,0.0,0.0,0.0,
1370,246.1450320597097,5.976095,height,,,,,,,,,,,0.0,0.0,0.0,0.0,108485980.0,0.0,0.0,0.0,0.0,0.0,0.0,0.0,0.0,0.0,0.0,0.0,0.0,0.0,0.0,0.0,0.0,0.0,0.0,0.0,
1371,268.1268052244868,5.976095,height,,,,,,,,,,,0.0,0.0,0.0,0.0,40332096.0,0.0,0.0,0.0,0.0,0.0,0.0,0.0,0.0,0.0,0.0,0.0,0.0,0.0,0.0,0.0,0.0,0.0,0.0,0.0,
1372,290.1086983724245,5.976095,height,,,,,,,,,,,0.0,0.0,0.0,0.0,10512403.0,0.0,0.0,0.0,0.0,0.0,0.0,0.0,0.0,0.0,0.0,0.0,0.0,0.0,0.0,0.0,0.0,0.0,0.0,0.0,
1373,348.06734944885375,5.976095,height,,,,,,,,,,,0.0,0.0,0.0,0.0,3201622.5,0.0,0.0,0.0,0.0,0.0,0.0,0.0,0.0,0.0,0.0,0.0,0.0,0.0,0.0,0.0,0.0,0.0,0.0,0.0,
1374,247.12893789791744,5.986691,height,,,,,,,,,,,4690306.5,4038510.2,2760845.0,4711208.0,37610530.0,1915285.1,2090592.6,2211793.8,1669139.5,2001308.6,1795647.1,1496163.0,1577766.9,4946047.0,5299924.5,5274670.0,4276897.0,4559225.0,5029358.5,2012151.8,2470949.8,2070204.0,1803393.6,0.0,
1375,269.11094668576953,5.9844966,height,,,,,,,,,,,0.0,0.0,0.0,0.0,8665232.0,0.0,0.0,0.0,0.0,0.0,0.0,0.0,0.0,1207503.9,0.0,0.0,0.0,0.0,1048969.6,0.0,0.0,0.0,0.0,0.0,
1376,217.1296068606872,5.988177,height,,,,,,,,,,,0.0,0.0,0.0,0.0,51140750.0,10610537.0,6339178.5,6071552.0,0.0,0.0,0.0,0.0,0.0,6454059.5,6562761.0,6942764.0,5724699.0,6497433.5,6998078.0,6598467.5,5397461.5,5560930.0,3280844.2,0.0,
1377,173.09212167741026,5.99303,height,,,,,,,,,,,12496879.0,3404436.8,2051928.4,3036698.5,29604378.0,3548021.0,3221208.8,4181638.8,3078361.0,2707818.8,2389445.5,2385296.0,2506281.5,5153650.0,5895029.0,6148931.5,4720854.0,5414317.5,6422314.0,6850009.5,5042169.0,4170308.2,3815208.5,0.0,
1378,530.2939798909407,5.997481,height,,,,,,,,,,,3794926.5,4274164.5,4179412.0,5018516.5,4092514.5,3870360.8,3861645.8,3438175.5,3928862.8,4212033.5,3477748.8,3333673.0,3344689.0,4495306.0,3883147.2,4699477.0,3377402.5,3871574.5,4569073.0,3063433.5,3418778.8,3813325.0,3284123.2,0.0,
1379,486.25603208922666,6.0054,height,,,,,,,,,,,1729399.8,1745777.9,1766833.1,2287655.8,2057039.6,3963360.0,4089011.2,3398307.8,4521851.5,4344212.0,3827264.2,3568453.0,3726557.8,4067441.8,3694522.2,4014219.2,3604993.5,3389992.2,3783647.2,3338383.0,3431308.8,3788375.8,3245505.5,0.0,
1380,698.3242372885568,6.0049124,height,,,,,,,,,,,3773425.5,4469273.5,3723948.2,4688596.5,4031973.5,0.0,0.0,0.0,0.0,0.0,0.0,0.0,0.0,0.0,0.0,0.0,0.0,0.0,0.0,0.0,0.0,0.0,0.0,0.0,
1381,317.181925705886,6.009659,height,,,,,,,,,,,4414289.5,4604517.0,5137397.5,5406267.5,6208463.5,5973582.0,5386131.0,5671994.5,6379440.5,6393804.0,5335121.0,5529780.5,5154850.0,5489833.0,5375381.0,5608079.0,5485035.5,6035728.5,6082333.5,4799350.5,5934239.5,5963541.0,5135989.0,0.0,
1382,339.1640070948208,6.010242,height,,,,,,,,,,,3475075.0,3364142.2,3807715.5,4081774.2,5080218.0,4297342.5,4025061.8,4344669.0,4725842.0,4639955.5,3836578.2,4210257.5,3971533.5,3995562.2,3762461.2,4483664.5,3976814.8,4593236.5,4724208.0,3528711.8,4271267.0,4576405.5,3809013.8,0.0,
1383,247.1399916957909,6.015009,height,,,,,,,,,,,1982196.8,0.0,0.0,0.0,8899323.0,5693867.0,5412174.0,6024049.0,0.0,0.0,0.0,0.0,0.0,2924741.8,2849148.8,3367805.8,2843554.5,3491694.8,3545212.5,5186993.0,5759801.0,6013305.0,4754921.0,0.0,
1384,350.99641265952084,6.0191636,height,,,,,,,,,,,4566081.5,5425146.5,5403453.0,5009979.5,2921201.8,4552692.5,4335787.5,3963556.8,4919867.0,3827246.2,3744398.8,3765305.8,3752791.5,4381209.0,4101760.0,3995503.8,4273165.0,4417324.0,4579855.5,4973864.0,4085726.5,4474715.5,4662953.5,0.0,
1385,472.240395017152,6.0200787,height,,,,,,,,,,,33627788.0,27076090.0,15728863.0,27609550.0,0.0,16517049.0,18022418.0,18854608.0,19313334.0,19663674.0,16683809.0,16783500.0,13043055.0,23008286.0,25216060.0,24965650.0,23536314.0,24344174.0,24326880.0,18039244.0,19751610.0,18917480.0,16918304.0,0.0,
1386,307.0325466485628,6.0200467,height,,,,,,,,,,,7337487.5,8132464.0,6981222.0,8220018.0,2951546.0,5985695.5,5397522.5,5141721.5,6360357.0,5062449.0,4930298.5,4523864.5,4196220.5,6240206.5,6315305.0,6020073.5,5941573.0,6433783.0,5574894.0,6429573.5,6368606.5,5817134.0,6159463.5,0.0,
1387,329.0144820488994,6.0204773,height,,,,,,,,,,,4583647.5,4763101.5,4469802.5,5121702.0,2165306.8,3711647.5,3347809.2,3436313.2,3798584.8,3069162.2,3241705.0,2850864.2,2758703.5,3702280.0,4005662.0,3728080.2,3723437.0,4113747.2,3584518.8,3959621.8,3843770.0,3375855.8,3731160.2,0.0,
1388,324.0591234023112,6.020842,height,,,,,,,,,,,6838415.5,7452527.0,6539980.5,7592040.0,2853410.0,5485746.0,4538487.5,5001583.5,5840527.0,4291103.0,4241266.0,3866076.5,3812995.8,5266361.5,5917610.0,5239838.5,5752118.0,6068073.5,4742990.5,5488868.5,6032620.0,5201562.0,5236186.5,0.0,
1389,494.2222098967128,6.023636,height,,,,,,,,,,,4489681.5,3984300.2,2724898.5,3864395.0,0.0,2246597.5,2601469.5,2983356.2,2820891.0,2801503.2,2443503.8,2484665.0,2150951.0,3516983.2,3749488.5,3378407.8,3297727.0,3527837.5,3497492.2,2619469.0,2517909.0,2500122.0,2357658.5,0.0,
1390,615.2811904612546,6.036373,height,,,,,,,,,,,9163259.0,11140784.0,10092493.0,10934736.0,14011653.0,10080496.0,10736782.0,11460059.0,11564589.0,11242146.0,11474520.0,10258718.0,8309545.0,12391922.0,14406172.0,11907537.0,13562919.0,11931324.0,11447952.0,9613586.0,9693401.0,10718154.0,10208312.0,0.0,
1391,524.2330395883188,6.0404353,height,,,,,,,,,,,2061326.2,2889892.0,4436080.0,2654044.0,0.0,4194571.0,4502643.5,4912577.5,6506604.5,3821991.2,4248063.5,5697302.5,4042833.0,4044616.2,4662125.5,3710074.5,4758040.0,4634626.5,4534117.5,3584269.8,4187336.0,4740956.0,4817886.0,0.0,
1392,502.2511539073829,6.041727,height,,,,,,,,,,,3407027.8,4807076.0,5490586.0,4498099.5,0.0,6758101.5,7486964.0,7823339.5,10179402.0,6548130.5,7356776.5,8945361.0,6619362.0,7223613.0,8014473.0,6154685.0,8012469.5,7632428.0,7414445.0,5995186.5,7175456.0,8357926.5,7547882.0,0.0,
1393,225.09838807992725,6.043989,height,,,,,,,,,,,123514390.0,139160900.0,147240620.0,108125770.0,74486770.0,109657080.0,123732050.0,121431600.0,137901870.0,113871130.0,104308530.0,137191120.0,111026610.0,129728184.0,129801944.0,105779340.0,127327520.0,117200424.0,115251704.0,107015016.0,118962450.0,134086340.0,125271780.0,0.0,
1394,230.11362501949876,6.0460515,height,,,,,,,,,,,195492320.0,228412290.0,227812740.0,179217100.0,135610670.0,168122930.0,195310030.0,200749460.0,230505060.0,183798270.0,157417420.0,225893310.0,178963460.0,222966880.0,214843820.0,200880180.0,229992370.0,215113250.0,205957920.0,160013540.0,214388940.0,230073650.0,219918030.0,0.0,
1395,686.3988078927691,6.0461097,height,,,,,,,,,,,0.0,0.0,0.0,0.0,19701496.0,0.0,0.0,0.0,0.0,0.0,0.0,0.0,0.0,0.0,0.0,0.0,0.0,0.0,0.0,0.0,0.0,0.0,0.0,0.0,
1396,412.1691827178187,6.05767,height,,,,,,,,,,,6319857.0,8143827.0,7768900.0,7036774.5,1837026.5,8887534.0,9593746.0,10038138.0,11168778.0,9470190.0,8383507.5,11070811.0,10317881.0,10469299.0,9638698.0,8817168.0,10596587.0,9051251.0,10051002.0,9919424.0,10037833.0,9765231.0,11039449.0,0.0,
1397,390.18719645658615,6.058055,height,,,,,,,,,,,25954716.0,34365500.0,27105384.0,29059414.0,5366696.5,34187212.0,34290090.0,34673876.0,40494652.0,34410150.0,31251792.0,37749612.0,35171264.0,39362560.0,38895540.0,37065148.0,40548880.0,33551902.0,38052788.0,36789200.0,39739896.0,36974690.0,40057348.0,0.0,
1398,348.1765401771999,6.0596485,height,,,,,,,,,,,10073558.0,12121260.0,10717970.0,10176199.0,6773470.5,13850714.0,14328457.0,14845027.0,14970047.0,14541977.0,13642107.0,14137828.0,14530148.0,14873462.0,15267176.0,15472426.0,16090317.0,13592414.0,14647517.0,14973537.0,16374084.0,14230805.0,17337800.0,0.0,
1399,233.1130640648351,6.0616283,height,,,,,,,,,,,15947911.0,17959572.0,12135121.0,15465285.0,8075944.5,12674353.0,13799906.0,14116516.0,12091585.0,11942257.0,11124358.0,11711270.0,13059424.0,14009978.0,14009344.0,14915254.0,14713985.0,12152927.0,14087396.0,13395591.0,16779896.0,13862050.0,16390793.0,0.0,
1400,148.04269132488815,6.0632067,height,,,,,,,,,,,8240898.5,6957432.5,6693755.5,7266017.5,7043647.5,14478199.0,12922402.0,12460710.0,14793768.0,9528207.0,8820569.0,12608831.0,12698056.0,11435226.0,11761143.0,13183945.0,11905046.0,11218759.0,13905463.0,10340916.0,13869218.0,8465685.0,17416886.0,0.0,
1401,189.12346029728343,6.0632067,height,,,,,,,,,,,13616492.0,16334421.0,13975344.0,16170167.0,2436840.8,12778409.0,13064092.0,13618265.0,11667446.0,12019291.0,12439594.0,12247358.0,12506875.0,14342379.0,14376102.0,15103785.0,14515752.0,11633319.0,14536999.0,13480324.0,15644268.0,14087234.0,16104030.0,0.0,
1402,364.16166457566106,6.0639954,height,,,,,,,,,,,65453816.0,65321988.0,38943040.0,50062520.0,7829840.5,140047570.0,147771140.0,143876140.0,167936240.0,143018050.0,141966620.0,158654020.0,139299630.0,156812100.0,160238220.0,157597540.0,166277260.0,134453570.0,156667360.0,155441630.0,172492700.0,165355260.0,171126480.0,0.0,
1403,329.1819778812212,6.0655837,height,,,,,,,,,,,9128474.0,10937237.0,5602280.0,8234258.5,0.0,1532796.0,2095068.1,2365192.5,1685367.6,2554326.0,1861386.2,1996592.9,2132366.5,4916523.0,4571432.5,4660623.5,4880418.0,4422827.0,4522502.0,3936480.5,3547357.2,3532651.0,2886791.2,0.0,
1404,266.12475514023185,6.065591,height,,,,,,,,,,,55001624.0,63910780.0,62483004.0,56601572.0,18199602.0,38975316.0,40776576.0,40270996.0,38473180.0,41035452.0,39279292.0,39238548.0,39677428.0,44193036.0,40470250.0,40732890.0,43089092.0,32539702.0,42962680.0,42967156.0,43263530.0,40995410.0,46448620.0,0.0,
1405,186.12379930169024,6.06831,height,,,,,,,,,,,11856350.0,13204096.0,12271129.0,12326839.0,9211394.0,9435078.0,8659577.0,8908883.0,7856810.0,9347349.0,8538534.0,8573711.0,9063561.0,11023603.0,10272319.0,10111537.0,10304372.0,8423766.0,11186241.0,9505719.0,9413487.0,8557668.0,11140308.0,0.0,
1406,289.15069258906897,6.081337,height,,,,,,,,,,,6298298.5,6303297.0,5258827.5,5904010.0,0.0,2289135.5,2430199.5,2291717.8,6335318.0,6582343.5,6003207.5,8356995.5,4328120.0,3600305.2,3864570.5,3834400.2,3092787.8,3009025.0,3815251.8,2240338.2,1940029.2,1945312.4,2529143.2,0.0,
1407,343.19762849874155,6.079337,height,,,,,,,,,,,19880814.0,20830854.0,13290517.0,16158651.0,2844817.8,22942530.0,21840588.0,20288756.0,28319944.0,19245064.0,19513462.0,24338226.0,20602654.0,23674108.0,26148208.0,24768948.0,25296450.0,22338708.0,25106244.0,22113464.0,22258556.0,24917028.0,24647928.0,0.0,
1408,129.06601797426418,6.079764,height,,,,,,,,,,,57209670.0,30097894.0,21922174.0,18646762.0,61701916.0,138065900.0,109275170.0,87626460.0,114285770.0,109403210.0,104892870.0,126590140.0,116197370.0,80464990.0,87958456.0,100432760.0,86944540.0,86799700.0,99915400.0,129014776.0,114326730.0,121265040.0,151067660.0,0.0,
1409,147.0223075317707,6.0848813,height,,,,,,,,,,,16306354.0,9415141.0,13185278.0,7170297.5,0.0,29006978.0,25007390.0,46697290.0,79623430.0,23930402.0,21686252.0,54008100.0,58688560.0,7581392.5,7615571.5,10707138.0,12713161.0,28876344.0,49875320.0,22790264.0,43134468.0,25822292.0,73673810.0,0.0,
1410,459.18545217037615,6.0865273,height,,,,,,,,,,,5049559.0,5605685.0,9268245.0,5706990.5,5894191.0,21553674.0,23117268.0,22179132.0,27020068.0,21922758.0,19993894.0,23604634.0,27940550.0,19612024.0,19017172.0,16887470.0,19325894.0,16866116.0,19917714.0,20469084.0,20925766.0,19387118.0,22423194.0,0.0,
1411,325.14829281954144,6.0888567,height,,,,,,,,,,,16611625.0,18995604.0,18899790.0,18339034.0,25783672.0,18721120.0,18460046.0,18215414.0,19566716.0,17996178.0,17975548.0,16771815.0,17635372.0,21750252.0,19301988.0,15908251.0,18166214.0,17637676.0,16663896.0,20514116.0,18575216.0,18745254.0,19192410.0,0.0,
1412,303.1663514839414,6.0901113,height,,,,,,,,,,,39161836.0,44091756.0,39038296.0,42972828.0,44457508.0,41579708.0,39146284.0,40119884.0,43422600.0,38827716.0,41711344.0,38782790.0,37456532.0,45085970.0,45680936.0,39777896.0,43658068.0,41101150.0,37229588.0,44202530.0,41408284.0,43213684.0,42982012.0,0.0,
1413,437.2033388335012,6.1004033,height,,,,,,,,,,,11392967.0,11839465.0,18747984.0,14132527.0,12776678.0,53429148.0,45660584.0,45734580.0,59991430.0,42512210.0,50305676.0,47756920.0,46974988.0,45812852.0,43092050.0,43067588.0,45105764.0,49142852.0,41184388.0,47555540.0,45050864.0,48682932.0,44978436.0,0.0,
1414,245.11328190321456,6.1028914,height,,,,,,,,,,,29518794.0,26872658.0,14597106.0,26644676.0,92043490.0,104987720.0,99067850.0,81459680.0,60237856.0,7129715.0,5238682.0,4148536.8,21209724.0,54945530.0,60613252.0,64913356.0,67317230.0,68222744.0,61058840.0,131818584.0,90233270.0,86229910.0,44016110.0,0.0,
1415,291.66594015950125,6.1031036,height,,,,,,,,,,,4200183.0,4561138.5,4310369.0,4479892.0,4711344.5,5616438.5,5758118.0,6159454.5,6239813.0,5185791.5,5566383.0,5141474.0,5356413.0,4711399.5,5770930.5,6046821.0,6318849.5,6896711.5,5414896.0,5686242.0,5538439.0,5247541.0,5339086.0,0.0,
1416,274.17617892786257,6.1035824,height,,,,,,,,,,,0.0,1488212.1,1647030.4,1774244.5,0.0,4729991.0,4372952.5,4172639.5,9708633.0,6537498.5,7377363.5,7496983.0,5371311.5,3729715.0,4064128.2,4346092.5,4594046.0,5037498.0,4460908.5,4723962.0,4827415.5,3955481.5,4360465.0,0.0,
1417,630.3250355130813,6.105817,height,,,,,,,,,,,33109342.0,33943284.0,32623482.0,33066014.0,31449030.0,31243474.0,26366988.0,29596224.0,35362724.0,28896472.0,28492378.0,27117602.0,30916134.0,37265330.0,34937130.0,31956812.0,34534956.0,37379228.0,35850252.0,31480226.0,30553326.0,30086578.0,27026520.0,0.0,
1418,306.1658868218338,6.106568,height,,,,,,,,,,,8488352.0,6698883.0,8993592.0,7287993.5,13422639.0,5083776.5,4570979.0,6290114.5,4458349.5,4490167.0,4770309.5,3821721.8,4289272.5,6072806.5,6857527.0,7214765.0,7680650.5,8377039.0,6864597.5,5162035.5,4857167.5,4308667.5,5233533.0,0.0,
1419,328.1479400249895,6.121943,height,,,,,,,,,,,3016806.8,2425807.8,3309440.5,2655607.5,6674277.0,1922523.8,1879047.5,3515961.2,3367833.0,1797815.8,1661225.9,2528482.5,1881486.1,2306585.0,2392482.0,2584794.8,2884173.8,3111239.8,2721286.5,2112598.2,2648258.0,1624114.6,2061090.2,0.0,
1420,582.3252254916031,6.1092315,height,,,,,,,,,,,162125900.0,164304000.0,189197330.0,148902750.0,198577280.0,220780770.0,181644600.0,195431580.0,245880420.0,186270640.0,200577310.0,160839070.0,194929220.0,202454500.0,182511310.0,217665390.0,231043200.0,249726270.0,230048770.0,209714030.0,199779260.0,169917950.0,192938340.0,0.0,
1421,652.307174810032,6.1124687,height,,,,,,,,,,,3819282.2,3949617.5,3861820.8,3575054.5,5373363.0,4240871.5,4344745.5,4196433.0,5033550.5,4575075.5,3854828.0,3531056.5,5152002.0,4623893.5,4627258.5,4058797.2,4162294.0,4336906.5,4910657.5,4021457.0,3850418.8,4089706.5,3755679.5,0.0,
1422,626.2891285540128,6.1128454,height,,,,,,,,,,,2343845.8,2314543.8,2772701.0,2356646.5,5578160.0,4623556.0,4141550.8,4604931.0,5531171.0,4275260.0,4304311.5,2905847.8,5133973.0,4042354.8,3556127.5,3450514.5,3942550.8,3971121.0,5053567.0,4436366.0,3823944.8,3679958.0,3458607.2,0.0,
1423,604.306923176163,6.117299,height,,,,,,,,,,,20779114.0,21312848.0,25604566.0,19807436.0,43683236.0,36664468.0,34380216.0,37301348.0,46459164.0,35234530.0,30723366.0,26545370.0,42794628.0,31300480.0,28062848.0,30519856.0,33516524.0,36293596.0,39504400.0,30890938.0,32672970.0,32638394.0,31011672.0,0.0,
1424,562.2732021499431,6.1210237,height,,,,,,,,,,,8880289.0,7481211.5,7658353.0,6067488.0,8673494.0,0.0,0.0,0.0,0.0,0.0,0.0,0.0,0.0,2660355.5,2317318.5,2247439.0,2246682.5,2635964.0,2524791.0,0.0,0.0,0.0,0.0,0.0,
1425,334.1431116519334,6.1232905,height,,,,,,,,,,,4765673.5,3820737.2,8070076.5,4262460.5,8551687.0,11306390.0,8368600.5,9506957.0,11030482.0,8587684.0,8755681.0,8267007.0,10125850.0,8152623.5,7423294.5,9064823.0,8557563.0,9005445.0,7841027.5,8364149.0,7960650.5,8527326.0,7875838.5,0.0,
1426,718.3626141619711,6.1264925,height,,,,,,,,,,,8877207.0,8381776.0,10280604.0,7573650.5,8648501.0,10095283.0,9445964.0,9903392.0,12090299.0,9656712.0,8550658.0,9047587.0,10577282.0,10462689.0,11175000.0,10888553.0,9251222.0,10034465.0,10892099.0,8722541.0,9669178.0,10015170.0,8313947.0,0.0,
1427,283.12893898481866,6.1326966,height,,,,,,,,,,,0.0,0.0,0.0,0.0,5549789.5,0.0,0.0,0.0,0.0,0.0,0.0,0.0,0.0,0.0,0.0,0.0,0.0,0.0,0.0,0.0,0.0,0.0,0.0,0.0,
1428,561.2896186759917,6.1321907,height,,,,,,,,,,,1313692.1,0.0,0.0,0.0,8559768.0,0.0,0.0,0.0,0.0,0.0,0.0,0.0,0.0,0.0,0.0,0.0,0.0,0.0,0.0,0.0,0.0,0.0,0.0,0.0,
1429,286.15098999848453,6.132846,height,,,,,,,,,,,16375462.0,17760118.0,21786886.0,17796276.0,12222538.0,15854076.0,15575428.0,16800142.0,16008817.0,16726470.0,14693383.0,13382935.0,17866422.0,15933362.0,14813412.0,15890401.0,13490383.0,13585815.0,13434801.0,14424213.0,14493913.0,15194833.0,13601668.0,0.0,
1430,175.10777167684984,6.137053,height,,,,,,,,,,,13104622.0,15460180.0,17410052.0,20091734.0,2227625.0,13452460.0,10353108.0,6885559.0,5399616.5,5925135.0,5975666.5,5339438.0,12076766.0,8958780.0,8548437.0,9681734.0,9532863.0,8729749.0,8891078.0,8763979.0,10250571.0,10252164.0,12002774.0,0.0,
1431,366.2135479564909,6.137416,height,,,,,,,,,,,8211672.0,7771365.0,6382467.0,6398066.5,5088181.0,8342173.0,8556423.0,8025256.0,9401017.0,7935878.5,8801274.0,8081456.5,9543790.0,7549031.5,8289688.5,8703635.0,8048588.0,7236639.0,7366933.0,8453194.0,7723329.5,8156781.5,8064406.5,0.0,
1432,740.3437031720553,6.1375833,height,,,,,,,,,,,5316110.5,3821740.0,4970032.0,3644461.5,5414263.0,7998031.0,8795873.0,9179386.0,9594912.0,9056914.0,7531027.0,8681083.0,11243706.0,5938134.0,6547400.0,8160087.0,6106878.0,7893656.0,7620520.0,6787688.0,7896376.0,7825472.5,7386373.5,0.0,
1433,662.3259941832836,6.137709,height,,,,,,,,,,,11947577.0,14338481.0,12664456.0,12855820.0,9197002.0,3722987.2,4098479.0,4354177.5,3866454.8,4506896.0,4221477.5,3997536.8,4259183.0,4361270.0,4452636.0,4835038.5,4336010.5,4193516.0,3725048.2,3820177.8,4096369.2,4574130.5,4179041.2,0.0,
1434,356.12513313601426,6.1424456,height,,,,,,,,,,,2695769.2,1321249.6,2383391.5,0.0,5701469.0,8227654.5,9358362.0,9140549.0,9984164.0,8431412.0,7757004.5,7681121.0,10600348.0,4674701.5,5337189.5,6752622.0,5599241.0,6231977.0,6361821.0,7829079.5,7411346.0,7230152.0,7110005.0,0.0,
1435,161.09212545386274,6.142748,height,,,,,,,,,,,10450830.0,10760413.0,13122532.0,12249714.0,20599782.0,8144568.0,9457827.0,9535922.0,9259066.0,9126189.0,9980318.0,8830701.0,10630002.0,9475559.0,8260777.0,9718700.0,8681174.0,9115197.0,8987721.0,8572547.0,10261647.0,8233451.5,10702742.0,0.0,
1436,647.3252367188253,6.147999,height,,,,,,,,,,,5972216.0,6432259.0,6921812.5,6193436.0,6065417.0,5753091.0,6777600.0,6564098.5,5975494.5,7514751.5,6637437.0,6983384.5,7343174.5,7304370.5,6571773.0,8888621.0,6128655.5,6900574.0,5502822.0,6388831.5,6668876.5,6480447.5,6095355.0,0.0,
1437,341.1820833786277,6.1480527,height,,,,,,,,,,,91985280.0,69655760.0,49831090.0,61080770.0,0.0,18117352.0,19225378.0,24980184.0,17667078.0,27570750.0,17699630.0,18103940.0,19007860.0,35863104.0,40805628.0,38376240.0,39373544.0,41386380.0,35014320.0,37728184.0,30459184.0,26513768.0,26097280.0,0.0,
1438,486.2562835826545,6.122893,height,,,,,,,,,,,1477887.8,1252637.4,1489545.2,1263776.4,1445209.1,3143640.5,3177710.8,0.0,3548341.0,3332149.5,3208735.8,2463815.5,3447733.5,0.0,4004613.5,3387290.0,0.0,2841866.8,3732235.0,0.0,3049458.0,3498909.8,3141776.5,0.0,
1439,543.2778074640229,6.15282,height,,,,,,,,,,,6096010.0,6203500.0,6284126.0,5803506.5,4864867.0,9036642.0,10006304.0,9125874.0,8609387.0,10000856.0,10254579.0,9847484.0,10861947.0,8903735.0,8586597.0,11131897.0,8540460.0,8764092.0,7233482.5,9605493.0,9869183.0,9928702.0,9198481.0,0.0,
1440,164.02942652606006,6.1550426,height,,,,,,,,,,,3624361.5,1587432.0,1723338.0,0.0,4306729.0,6354434.0,6958194.5,6204029.5,7737487.5,7221699.5,7127878.5,5349249.0,7696495.5,5433941.5,5677615.5,4297476.5,5346056.5,5481462.0,6608818.5,6335707.0,6534585.0,5903240.5,6280086.0,0.0,
1441,465.2823347415324,6.1564894,height,,,,,,,,,,,8117461.5,7030357.0,9276136.0,7399751.5,9993339.0,16778316.0,17895226.0,17042304.0,16640164.0,15931401.0,18723228.0,18398400.0,20192330.0,13628381.0,15720425.0,16674081.0,14945065.0,14406313.0,11671506.0,16846614.0,17647726.0,17908530.0,16756464.0,0.0,
1442,545.2936738120499,6.158194,height,,,,,,,,,,,94704100.0,80495040.0,76425736.0,76380776.0,102321080.0,2954458.5,2991304.5,4378936.0,2317101.8,2696745.8,2884641.0,2573199.0,3002479.8,26511664.0,29021654.0,32695082.0,27543404.0,28170336.0,21522964.0,3632289.2,3650837.5,3335282.0,4685774.5,0.0,
1443,567.275643499085,6.160153,height,,,,,,,,,,,73179230.0,46167304.0,46741504.0,36485664.0,84746850.0,2969802.2,2709840.2,3955288.5,2249127.5,2475756.2,2784456.2,2215666.5,2854045.2,21012522.0,25960518.0,26227416.0,25611652.0,26629848.0,19957354.0,3507750.0,3472959.5,3008393.2,4536384.0,0.0,
1444,120.06570384777407,6.160572,height,,,,,,,,,,,22213518.0,6754463.0,7432544.0,3551996.2,34392776.0,39852104.0,39922336.0,40384496.0,44831590.0,34940052.0,39478376.0,39577576.0,41587260.0,31930300.0,33463016.0,32473514.0,36861670.0,33531978.0,33442066.0,39043356.0,44275770.0,40967500.0,46421280.0,0.0,
1445,230.1499574449913,6.162124,height,,,,,,,,,,,26073396.0,19688824.0,22710834.0,20125096.0,28295682.0,36161960.0,33306888.0,35202908.0,32018978.0,32464102.0,37500004.0,34300136.0,29653688.0,25752344.0,30866692.0,28694998.0,30641898.0,29613270.0,27146332.0,33637676.0,37929470.0,34628720.0,36072364.0,0.0,
1446,1118.472904517245,6.1705194,height,,,,,,,,,,,7885952.5,6199676.5,7303722.0,5976825.5,7357429.5,0.0,0.0,0.0,0.0,0.0,0.0,0.0,0.0,1356132.0,1332027.4,0.0,0.0,1469517.8,956011.0,0.0,0.0,0.0,0.0,0.0,
1447,347.19244082994896,6.165161,height,,,,,,,,,,,3919102.0,3492847.5,4071957.2,3389595.8,7321718.5,5876116.0,5051607.0,5712722.0,4918609.5,4549867.0,5906555.5,5006647.5,5689647.0,4693473.5,5884737.0,5344954.5,5768276.0,4925218.0,4626563.0,5192491.0,5837096.0,5840800.5,5959403.0,0.0,
1448,252.10916916112183,6.166244,height,,,,,,,,,,,15126018.0,12212138.0,14436465.0,13365355.0,16819786.0,19739590.0,18183830.0,19957078.0,17502736.0,18089866.0,19608896.0,18575300.0,17855792.0,14846754.0,17340438.0,16246767.0,17943854.0,16420009.0,15744444.0,18728676.0,19998456.0,19945240.0,20539548.0,0.0,
1449,565.2605493905784,6.1671815,height,,,,,,,,,,,4740115.5,4612591.5,4433717.0,3494757.8,4076428.2,7261116.0,7290647.0,7109765.0,7083868.0,7414063.0,8470168.0,7512600.5,8176357.0,5432652.0,6996052.5,6566297.5,7045756.0,6395852.5,5573240.0,7068958.0,7784767.5,7605982.0,7801749.5,0.0,
1450,1096.4912375422127,6.169206,height,,,,,,,,,,,13234995.0,11238745.0,12534325.0,11220646.0,11486908.0,0.0,0.0,0.0,0.0,0.0,0.0,0.0,0.0,1693320.2,2160035.0,2056939.1,2092054.5,2262226.8,1512778.8,0.0,0.0,0.0,0.0,0.0,
1451,576.3511514452254,6.16742,height,,,,,,,,,,,3266045.0,3198960.8,3835018.2,3010735.5,4976802.5,6371949.0,5826852.5,5708119.0,5152137.5,6214959.5,6852911.0,5565545.5,6559723.5,5809762.0,6791983.5,6262907.5,6191429.5,5266758.5,4391924.5,5609183.0,5336359.5,6010688.5,5767082.5,0.0,
1452,265.12176984739415,6.1707125,height,,,,,,,,,,,0.0,0.0,0.0,0.0,17782292.0,0.0,0.0,0.0,0.0,0.0,0.0,0.0,0.0,0.0,0.0,0.0,0.0,0.0,0.0,0.0,0.0,0.0,0.0,0.0,
1453,619.3278346056428,6.1972923,height,,,,,,,,,,,21053228.0,16882586.0,12789447.0,12887889.0,3655719.2,31031422.0,27454058.0,30081690.0,25454562.0,24777422.0,27647252.0,30057508.0,28840972.0,28904636.0,34160212.0,30779698.0,32512596.0,30960798.0,26947326.0,31997736.0,29086898.0,32403236.0,32357778.0,0.0,
1454,306.1659845182062,6.199945,height,,,,,,,,,,,3845525.5,4046048.8,4419018.0,3459976.0,4255601.0,5697308.5,4916183.5,5274975.5,4501911.5,4529960.5,4546203.0,4760114.0,4600241.0,4063421.2,4775249.0,4783168.0,4039402.8,4232006.0,4918728.0,5336216.5,4472432.5,4440038.5,4149891.8,0.0,
1455,537.2287035403259,6.2094035,height,,,,,,,,,,,9192185.0,9346819.0,10760996.0,7889312.0,11244597.0,17770624.0,15156298.0,14099642.0,12293097.0,13520176.0,15195103.0,15016131.0,12709233.0,13896939.0,12979633.0,13979620.0,11567376.0,12338161.0,12382913.0,15638601.0,12425721.0,13580004.0,12927392.0,0.0,
1456,239.10264032812896,6.209879,height,,,,,,,,,,,0.0,0.0,0.0,0.0,6316971.5,0.0,0.0,0.0,0.0,0.0,0.0,0.0,0.0,0.0,0.0,0.0,0.0,0.0,0.0,0.0,0.0,0.0,0.0,0.0,
1457,515.2466830506213,6.2150826,height,,,,,,,,,,,15586259.0,18669570.0,20847854.0,15466119.0,16104392.0,23336028.0,20669518.0,21283670.0,17544188.0,19005224.0,19917816.0,25630744.0,19557952.0,20222816.0,19509712.0,20792460.0,17931188.0,20775886.0,18770260.0,22729774.0,19411938.0,19229824.0,21226846.0,0.0,
1458,390.1870949961653,6.226888,height,,,,,,,,,,,3775532.0,3954113.8,4285372.0,3644655.2,3709783.5,4275866.0,3896141.0,4302748.5,4097823.2,3753857.2,3776046.2,5040047.5,4245088.0,4293564.5,4059790.5,4155728.0,4037713.8,4271509.5,4073948.5,4508347.0,4404002.5,3966682.2,4612883.0,0.0,
1459,231.09761721026985,6.2297754,height,,,,,,,,,,,6602724.0,6879531.0,7751105.5,6712958.0,6438640.0,7017138.5,6080217.5,8059096.0,6894961.0,6063969.5,5742479.0,8272246.5,6979989.0,6231441.5,5602521.5,6492424.0,6237979.0,6561074.5,6524064.5,6887230.0,7028229.5,6180503.0,7564070.5,0.0,
1460,681.3186651310765,6.231064,height,,,,,,,,,,,4105932.8,4504954.5,3938002.8,3539944.5,4604093.5,2833793.5,2420929.2,2956213.0,1881577.0,2425126.2,2518397.2,2362369.5,2085350.1,3794499.5,3226444.5,3173772.2,3806143.2,3305384.8,3244937.2,3027344.5,2625814.2,2503726.5,2996627.5,0.0,
1461,383.2037372751458,6.2331285,height,,,,,,,,,,,9460955.0,9558448.0,10139575.0,8612849.0,9268179.0,10996587.0,10094195.0,11598263.0,10467167.0,9031431.0,9374288.0,11390516.0,9605682.0,10581927.0,8864221.0,9511432.0,9929560.0,9879019.0,9648192.0,11410416.0,10494626.0,9478372.0,10818409.0,0.0,
1462,147.02227963119952,6.1523576,height,,,,,,,,,,,2434620.2,2791722.8,2879084.5,3493401.5,0.0,9818121.0,13419449.0,7298860.5,8192570.5,9569916.0,11746698.0,7557574.0,6396077.5,6446682.5,0.0,9991657.0,9714980.0,6143690.5,4691201.5,15061730.0,7585125.0,10762413.0,7700301.5,0.0,
1463,659.3366776128959,6.2348104,height,,,,,,,,,,,20762432.0,22840166.0,20990804.0,18843210.0,20426528.0,12275385.0,10655486.0,14596850.0,8646584.0,10486110.0,10439977.0,11527236.0,9616786.0,15547805.0,14386956.0,14125611.0,16649743.0,14664370.0,14594039.0,14080541.0,12697491.0,10144697.0,13866881.0,0.0,
1464,405.1981770508309,6.2377195,height,,,,,,,,,,,3751353.8,3949482.2,3551159.8,3023505.5,4689679.5,3286753.0,3413773.5,3915531.0,2874874.8,3136052.5,3131047.0,3397532.0,2839247.5,3667911.0,2928330.0,3328569.0,3898810.8,3354666.2,3529938.5,3636414.8,3327794.0,3245754.5,3850070.0,0.0,
1465,310.1672685370541,6.2433214,height,,,,,,,,,,,12365495.0,10633783.0,7498913.5,7978434.0,1863445.8,13230557.0,14897883.0,15410478.0,13667880.0,13501493.0,14754517.0,15681179.0,14274762.0,15110229.0,14887702.0,14490705.0,14966696.0,14507420.0,14697658.0,16398903.0,16419165.0,14149942.0,14470652.0,0.0,
1466,398.1535834531802,6.2544317,height,,,,,,,,,,,8461300.0,10283023.0,9288625.0,8834782.0,6909844.5,10957318.0,13540223.0,10957541.0,10766329.0,13409102.0,13829770.0,10095400.0,12130574.0,9985967.0,10164123.0,9938556.0,10752766.0,10834026.0,10524106.0,10796263.0,12225409.0,11967548.0,12034796.0,0.0,
1467,452.21179933457296,6.2544975,height,,,,,,,,,,,6411559.0,6203010.5,5561745.5,5451143.5,4839151.5,8202675.0,9638091.0,7386269.5,7860412.0,9109963.0,10332323.0,7027804.0,8367579.5,8455269.0,7497330.5,8115658.0,8647480.0,8465628.0,7618943.0,8544942.0,9466389.0,8925881.0,8243175.5,0.0,
1468,376.1715931325258,6.2549148,height,,,,,,,,,,,54846656.0,63507628.0,55581180.0,54710776.0,42456040.0,60631988.0,75540810.0,67401496.0,57467850.0,70703100.0,72273250.0,68823330.0,69087040.0,52769760.0,58171816.0,64199010.0,63598790.0,65028628.0,56795336.0,62203188.0,72744230.0,68544024.0,68729336.0,0.0,
1469,430.229875232816,6.2562475,height,,,,,,,,,,,25304744.0,25070806.0,21978400.0,21261436.0,17824642.0,28337392.0,35571236.0,28433066.0,25670364.0,32288554.0,34228988.0,30043808.0,30737598.0,28991660.0,27003904.0,30035358.0,30116164.0,31308630.0,26702986.0,31443172.0,33887724.0,31707360.0,30739858.0,0.0,
1470,227.1027010074785,6.2573037,height,,,,,,,,,,,7976451.5,8382753.0,6468400.0,6940672.5,3857113.2,4046355.0,4728476.5,4779817.5,3883159.0,4522519.5,4298085.5,4826167.5,4327540.0,4629325.0,4957616.0,4890805.0,4954172.5,4602959.0,4539287.0,5039431.0,5286451.0,4505034.0,4608446.0,0.0,
1471,458.224817849038,6.2665067,height,,,,,,,,,,,4104528.0,5003013.0,4737181.0,4508514.0,4016776.8,5103600.5,5832522.5,5294355.5,4709456.0,5665188.0,5446228.0,5520642.0,5961476.0,5131648.0,5624633.0,4978564.0,5332154.0,5778412.5,4843833.5,5523363.5,6592246.5,5086767.5,5465377.5,0.0,
1472,274.1397830890095,6.2697945,height,,,,,,,,,,,3937664.8,4641074.0,4107139.2,4154252.0,2933325.8,3681039.0,4179692.0,3990443.5,3682333.5,4349716.0,4086547.8,3800285.8,4175497.5,3968901.8,4183688.0,3864470.0,4225281.0,3847172.5,3648695.8,4247870.5,4742423.5,3975566.8,4043316.2,0.0,
1473,653.3629520844139,6.270876,height,,,,,,,,,,,4335018.5,5799889.0,6214284.0,5454762.0,7846633.0,8869186.0,9589094.0,7959475.0,7973728.0,8934708.0,8315612.0,7830721.5,9045102.0,8603614.0,9475308.0,7978612.0,9646747.0,8506123.0,7611680.0,8473320.0,10646936.0,7483652.0,8825021.0,0.0,
1474,355.1976782055586,6.276842,height,,,,,,,,,,,21637860.0,22659990.0,18254068.0,18856422.0,12749812.0,14016067.0,13854654.0,14646641.0,13552647.0,14369875.0,14275465.0,13467603.0,15212493.0,16029396.0,16840802.0,15346044.0,17351836.0,15724837.0,14333323.0,17336054.0,18649092.0,12980390.0,14929935.0,0.0,
1475,258.14495078822284,6.2810025,height,,,,,,,,,,,23858952.0,27270834.0,26333878.0,24833948.0,25423644.0,22784378.0,23522418.0,23958818.0,24347510.0,23690904.0,25645374.0,22607906.0,23160942.0,25153362.0,27245864.0,23444332.0,25786330.0,25507732.0,23341276.0,27804534.0,29076548.0,22214228.0,24881854.0,0.0,
1476,761.3833013110981,6.282459,height,,,,,,,,,,,1983133.1,2174320.5,2966415.8,2245007.0,3500708.8,3372293.5,3340998.0,3229987.8,3159772.8,3157970.0,3516726.2,3891535.5,3637458.0,3856276.5,3784876.5,3205730.8,3949805.0,3547060.0,2886897.2,3434581.8,4028191.2,3154487.2,3167541.5,0.0,
1477,144.06552577936287,6.288312,height,,,,,,,,,,,4785820.0,7008664.5,5863521.5,6453371.0,0.0,0.0,0.0,0.0,0.0,0.0,0.0,0.0,0.0,1535483.6,1670937.6,1852240.0,1680008.0,1936343.1,1786254.0,0.0,0.0,0.0,0.0,0.0,
1478,564.2757896552881,6.28429,height,,,,,,,,,,,3543942.5,3489106.5,2180997.2,2786328.5,0.0,4721431.5,4981157.5,4268389.5,5020052.0,4747644.5,4933123.5,4620675.0,4581161.5,5995067.5,5638739.0,5183511.5,5721662.0,5385331.0,4668416.5,5308842.5,5464877.5,4921775.0,4478304.0,0.0,
1479,744.3004124229192,6.285056,height,,,,,,,,,,,25812580.0,26154450.0,27245186.0,25368912.0,30815440.0,36587412.0,37141828.0,31350508.0,39585316.0,36044280.0,34369924.0,37182736.0,34098300.0,42747220.0,39802900.0,35537464.0,42025830.0,40229784.0,31673994.0,35940560.0,39000748.0,34784544.0,32886282.0,0.0,
1480,162.07610644591415,6.285901,height,,,,,,,,,,,18686502.0,26456290.0,20945100.0,23484454.0,0.0,1779182.2,2096994.4,2626107.8,1982728.6,2644477.2,2679132.8,2693639.2,2496459.5,5579012.5,6075575.5,6340018.0,5778213.5,6895705.5,6483230.0,1964397.5,2384958.0,2136907.5,2603790.0,0.0,
1481,334.1608521521576,6.2903714,height,,,,,,,,,,,7636022.5,8077747.5,8350486.0,8583250.0,6450301.5,8142204.5,8421655.0,8805162.0,9202589.0,8205359.0,8824549.0,9551353.0,7755517.0,8548264.0,9066180.0,9079789.0,8721399.0,9356029.0,8456598.0,9695665.0,10232420.0,8999098.0,8512957.0,0.0,
1482,205.118411606296,6.291535,height,,,,,,,,,,,0.0,0.0,0.0,0.0,21394232.0,0.0,0.0,0.0,0.0,0.0,0.0,0.0,0.0,0.0,0.0,0.0,0.0,0.0,0.0,0.0,0.0,0.0,0.0,0.0,
1483,614.3150406774109,6.2927637,height,,,,,,,,,,,0.0,0.0,0.0,0.0,0.0,3462573.0,3915642.2,4133964.5,4698190.5,3730097.8,3808229.2,4497232.5,3522337.0,4792968.0,4612825.0,4171220.5,4642155.0,4521908.5,3702305.0,4202856.0,4446376.0,3737149.8,3555941.8,0.0,
1484,722.3185662796728,6.2932243,height,,,,,,,,,,,39024732.0,39646324.0,42424604.0,39135320.0,43554896.0,47679810.0,51360956.0,52846780.0,56854824.0,49799356.0,46571812.0,67271300.0,49405656.0,58978176.0,58433136.0,56141720.0,59674776.0,58161200.0,47603336.0,53533012.0,57216056.0,51040456.0,47649870.0,0.0,
1485,542.2937302056637,6.293729,height,,,,,,,,,,,5572140.5,5334109.0,3327588.8,4363669.0,0.0,6852759.0,6910811.5,7702480.0,7448219.5,7036548.5,6919382.0,8771946.0,7061219.0,8943974.0,9019341.0,8358666.5,8300351.5,8715303.0,7050307.0,8255929.5,8627685.0,7832657.0,6463709.0,0.0,
1486,317.18189090479376,6.302905,height,,,,,,,,,,,3379562.5,3882860.0,4054683.0,3461761.8,4482347.0,4375511.0,4161615.0,4716046.5,3946751.2,4063250.5,4044660.8,4667034.5,4241304.5,4658389.5,4596723.5,4556464.0,4303730.5,4689034.5,4270163.0,4741501.5,4414253.5,4967380.0,4336827.0,0.0,
1487,253.0931769338883,6.3184185,height,,,,,,,,,,,5618580.5,6756700.5,6235789.5,5282878.5,5017112.0,5861972.0,5955852.5,5448516.5,5460189.5,5998298.5,5890330.0,6312064.0,5992260.5,5362625.0,4723317.5,5177163.5,5867374.0,5502959.5,5515351.0,6019384.0,5290541.5,6229908.0,5646320.5,0.0,
1488,239.1026488679281,6.3225765,height,,,,,,,,,,,0.0,0.0,0.0,0.0,8511257.0,0.0,0.0,0.0,0.0,0.0,0.0,0.0,0.0,0.0,0.0,0.0,0.0,0.0,0.0,0.0,0.0,0.0,0.0,0.0,
1489,501.2671621681244,6.330378,height,,,,,,,,,,,79384550.0,91915420.0,91159140.0,95144580.0,77459416.0,108538980.0,117221384.0,87183950.0,85742776.0,110414280.0,114082480.0,95323016.0,95131220.0,90337064.0,83802460.0,85895220.0,117623624.0,87792184.0,98734840.0,106327736.0,97463060.0,107871620.0,106525990.0,0.0,
1490,369.1745346038511,6.330782,height,,,,,,,,,,,8801161.0,7593041.5,8191139.0,8752992.0,8700298.0,2477233.8,2637003.5,2043133.2,1856121.6,2503042.0,2428357.0,1714315.5,2021718.2,3840407.5,3487260.8,3055647.5,4429156.0,3555411.0,4330360.5,2524872.8,2283762.8,2356771.5,2981930.2,0.0,
1491,523.2490500878822,6.3321013,height,,,,,,,,,,,42678544.0,46277416.0,50115748.0,52376910.0,40085796.0,60270456.0,61828624.0,42226828.0,48643156.0,61869924.0,66419012.0,41158532.0,48830612.0,51182044.0,45842290.0,43098916.0,65233404.0,51422532.0,53822348.0,51314080.0,51748548.0,60302076.0,58758324.0,0.0,
1492,619.3278153887326,6.270853,height,,,,,,,,,,,0.0,17608066.0,11012843.0,12884862.0,3410388.0,27562346.0,28917030.0,31213626.0,25721380.0,25840546.0,27453640.0,0.0,27544044.0,31334312.0,27324912.0,0.0,29150400.0,0.0,23271648.0,33097436.0,29521398.0,28761016.0,24590760.0,0.0,
1493,347.1925333833652,6.336301,height,,,,,,,,,,,55660732.0,48675784.0,48851744.0,52922564.0,54499960.0,12733307.0,13403403.0,13423197.0,6548861.0,10918401.0,11225717.0,7792575.0,9964956.0,20768828.0,20830918.0,19466678.0,24869552.0,20233648.0,23211856.0,14457802.0,12622040.0,11916351.0,17236544.0,0.0,
1494,519.2304550156086,6.336373,height,,,,,,,,,,,81859690.0,75781810.0,72849790.0,78075544.0,67046460.0,54085570.0,59909932.0,50887150.0,38243536.0,51402784.0,52846430.0,43116280.0,45700340.0,48902388.0,52729410.0,47678144.0,62032760.0,50319532.0,60031124.0,53098350.0,51693332.0,52343224.0,62428800.0,0.0,
1495,541.2117344159396,6.336373,height,,,,,,,,,,,18500036.0,16587585.0,17290714.0,17893362.0,14974801.0,12384925.0,13849112.0,10697165.0,8952475.0,12494743.0,12723136.0,8224701.5,10737751.0,11641166.0,12017907.0,10227554.0,14115478.0,11962551.0,14204547.0,11265916.0,11563155.0,11897956.0,13755582.0,0.0,
1496,531.2775423372408,6.3462505,height,,,,,,,,,,,0.0,0.0,0.0,0.0,0.0,7300560.5,7370898.5,6253369.0,5800052.5,6448206.5,6547086.5,6935880.5,6541170.0,5703603.0,6435652.0,6300428.5,7809201.5,6387272.0,7432310.5,7206774.5,6774587.0,7090753.0,7206636.0,0.0,
1497,203.11398955305285,6.357745,height,,,,,,,,,,,0.0,0.0,0.0,0.0,7213466.5,3253960.8,2943378.0,3041909.8,0.0,0.0,0.0,0.0,0.0,1659123.0,2019885.0,1801832.8,1762145.8,1867192.2,1806071.8,3567806.5,3366579.5,3215174.8,3076192.0,0.0,
1498,315.1662521938273,6.359375,height,,,,,,,,,,,3974757.5,4092271.5,3764671.0,3939584.0,2959362.0,4378024.5,5375806.0,4894635.0,4570213.5,5839083.0,4822697.0,4950985.0,5467019.5,4991099.5,5048361.0,5123967.0,5499002.0,5969749.0,5169821.5,5246780.0,5534092.5,5238613.5,5287544.5,0.0,
1499,157.09721544285676,6.363085,height,,,,,,,,,,,9277007.0,9600103.0,10851170.0,10504962.0,11659213.0,8443689.0,10841148.0,10094284.0,8222001.0,10199194.0,9175198.0,8840493.0,11055550.0,8632370.0,8872327.0,8730054.0,9474828.0,10685132.0,8275831.0,8877758.0,9818829.0,8681850.0,9617660.0,0.0,
1500,545.2550090635254,6.3630495,height,,,,,,,,,,,7372253.0,7307010.0,7433222.5,6899951.5,7658460.0,5409646.5,6378063.5,5990345.5,5136121.5,6273173.0,5639152.5,5542442.5,7434011.0,5473146.0,5918457.5,5708673.5,6279470.0,7227329.0,5767210.5,5435303.5,6753142.0,6496821.0,7026494.5,0.0,
1501,311.1236934965252,6.3634386,height,,,,,,,,,,,0.0,0.0,0.0,0.0,6294650.0,0.0,0.0,0.0,0.0,0.0,0.0,0.0,0.0,0.0,0.0,0.0,0.0,0.0,0.0,0.0,0.0,0.0,0.0,0.0,
1502,284.1217432282483,6.3643217,height,,,,,,,,,,,32928612.0,32313274.0,36118804.0,34230680.0,36643404.0,31020000.0,36032436.0,30000322.0,29684686.0,38596610.0,34831736.0,24600828.0,40612964.0,33002094.0,32565804.0,29827384.0,33347294.0,41526084.0,32749386.0,28666162.0,33674028.0,32109174.0,35514430.0,0.0,
1503,262.1398632375798,6.364326,height,,,,,,,,,,,39132880.0,41339800.0,44328624.0,44446990.0,47419708.0,36158070.0,43815256.0,41957384.0,34819190.0,41581056.0,37593216.0,36474370.0,45372852.0,36493804.0,36662016.0,36360524.0,39470948.0,44942104.0,35191556.0,37572944.0,41212668.0,36278364.0,40005132.0,0.0,
1504,244.12926084776456,6.364728,height,,,,,,,,,,,5946006.0,5870927.0,6222381.5,5751820.5,6472698.0,5298570.5,6145838.0,5814993.5,5051877.5,6032167.0,4942679.5,5222640.5,6405517.5,5305986.0,5312221.5,5503051.0,5539632.5,6571172.5,5357852.5,5356985.0,5790277.5,5300501.5,6140970.5,0.0,
1505,523.2712224499094,6.365943,height,,,,,,,,,,,5834845.5,5678850.5,5453033.0,5460733.5,5988607.5,3847660.5,5205827.0,4626815.5,3477875.5,4599795.5,3600534.8,4313009.5,4841670.0,3964764.5,4088645.0,4715068.0,4598708.5,5381264.0,4061673.0,4211461.5,4972693.0,4421060.5,5284190.5,0.0,
1506,252.10917439060137,6.368018,height,,,,,,,,,,,8245783.5,7362940.5,8019428.5,7320659.0,7510347.0,7326632.5,8098848.5,7725296.0,7318597.0,8498669.0,7404755.5,7741914.0,8394967.0,7178328.0,6903174.0,7202201.5,7149549.0,8944668.0,6998591.0,7020074.5,8081428.0,7476768.0,8264483.0,0.0,
1507,333.176946825864,6.369258,height,,,,,,,,,,,3531855.0,2832387.0,4316616.0,3217691.8,4596563.0,4190043.2,4823931.0,4899551.0,3914545.0,5325962.0,3884031.2,4572205.5,5374795.5,4285039.5,3994850.5,4354669.5,4294933.0,5293170.0,3827930.5,4047639.8,4641175.5,3850889.8,5115535.0,0.0,
1508,659.2651682115824,6.376202,height,,,,,,,,,,,0.0,0.0,0.0,0.0,0.0,12313730.0,13488000.0,11312963.0,12982778.0,16154944.0,13991424.0,11398583.0,15488857.0,11841321.0,10523868.0,11595184.0,11684692.0,15287340.0,10154326.0,12503521.0,12969108.0,12247962.0,14234616.0,0.0,
1509,637.2831632408241,6.377092,height,,,,,,,,,,,3361215.8,2418690.0,2867796.5,2785258.0,2087013.2,42602090.0,45476530.0,42732452.0,41236360.0,49091230.0,43755190.0,44640988.0,48067236.0,38076150.0,35984520.0,41099132.0,38662504.0,48293124.0,32742518.0,45870364.0,43906650.0,39933956.0,49183304.0,0.0,
1510,397.1694289557842,6.378311,height,,,,,,,,,,,4168235.8,3309145.5,4335669.0,4005801.2,3055980.2,4404465.5,4434653.5,4069297.0,4204039.0,5082535.5,4814623.5,3986391.8,5323558.5,3613813.0,3770530.5,4097991.0,3753644.8,5474031.5,3977190.2,3896084.5,4209708.5,3837432.5,5037800.5,0.0,
1511,246.14484573824757,6.3818593,height,,,,,,,,,,,0.0,0.0,0.0,0.0,34460730.0,0.0,0.0,0.0,0.0,0.0,0.0,0.0,0.0,0.0,0.0,0.0,0.0,0.0,0.0,0.0,0.0,0.0,0.0,0.0,
1512,268.1265605857367,6.3818593,height,,,,,,,,,,,0.0,0.0,0.0,0.0,7523050.5,0.0,0.0,0.0,0.0,0.0,0.0,0.0,0.0,0.0,0.0,0.0,0.0,0.0,0.0,0.0,0.0,0.0,0.0,0.0,
1513,204.04388421377183,6.388263,height,,,,,,,,,,,60074264.0,47119480.0,48613496.0,50770668.0,1763509.4,52120004.0,58894908.0,56175740.0,47267380.0,42961656.0,46830476.0,50803984.0,50233136.0,43553532.0,46607930.0,49432344.0,44247800.0,52935680.0,44697570.0,56328292.0,56005708.0,49178940.0,62880176.0,0.0,
1514,356.1429135779502,6.3886943,height,,,,,,,,,,,12597805.0,9660231.0,10575193.0,12101823.0,9645098.0,11070336.0,13058518.0,9346520.0,10960835.0,11339217.0,12992643.0,10550236.0,12295745.0,11773723.0,12288561.0,11782372.0,11056368.0,13570008.0,10425648.0,11739735.0,11478175.0,10975885.0,13719024.0,0.0,
1515,334.16089541486605,6.39033,height,,,,,,,,,,,42516364.0,32916692.0,34701136.0,39093464.0,32004036.0,36426816.0,40766060.0,36013572.0,37036664.0,32685412.0,37391836.0,41829920.0,38176944.0,35263428.0,38737720.0,39738220.0,35464500.0,41685108.0,33076558.0,39942884.0,38830868.0,34635308.0,44255724.0,0.0,
1516,233.1132360614241,6.3911905,height,,,,,,,,,,,0.0,0.0,0.0,0.0,11132039.0,0.0,0.0,0.0,0.0,0.0,0.0,0.0,0.0,0.0,0.0,0.0,0.0,0.0,0.0,0.0,0.0,0.0,0.0,0.0,
1517,631.2938868598918,6.3935966,height,,,,,,,,,,,7955598.5,4974826.5,4718756.5,5453405.5,10470360.0,2893566.2,3432238.2,3194768.5,2278056.5,2695879.0,2888236.5,2730368.5,3591668.2,4241020.5,4381890.0,4807625.0,4564039.0,4815463.5,3695371.0,3448012.0,3505678.8,2732691.0,4504415.5,0.0,
1518,263.10616804662845,6.3967395,height,,,,,,,,,,,8758361.0,4549432.0,3230438.2,4078150.5,20907758.0,1710033.4,1678577.4,1897962.0,1537980.9,1619598.8,0.0,1441102.9,1597729.2,3323791.5,3591183.0,3727952.5,3291966.5,3878606.0,3030101.5,2091355.5,2110004.2,1758225.4,1694790.1,0.0,
1519,477.2195516219649,6.390471,height,,,,,,,,,,,18118264.0,17970242.0,17604050.0,18815008.0,21964984.0,1765964.4,2049433.2,1824476.6,2082669.0,1958089.1,1918533.4,1978096.5,1999283.8,5593800.0,7064452.0,6941186.5,6667551.0,6877675.0,6997817.5,1684385.0,2137709.5,1888223.5,2206774.0,0.0,
1520,545.2930417096744,6.3997493,height,,,,,,,,,,,6003588.5,4505548.0,4492369.0,5298668.0,5381419.5,5781157.5,5763614.0,5543390.5,6844973.0,4704535.0,5141634.0,5841745.5,7038812.0,5623927.5,6054973.5,6213677.5,5824966.0,6103340.5,5916791.5,5440205.0,5974904.0,4730105.0,6316295.5,0.0,
1521,545.2360401646401,6.403881,height,,,,,,,,,,,9082250.0,7037743.5,6870575.5,8198389.5,7448327.5,7855642.5,8525588.0,8200808.0,10484621.0,6485764.5,6885906.0,8667184.0,10693957.0,8104894.5,8782703.0,8623164.0,8645172.0,9161461.0,8874656.0,8675285.0,9145011.0,7084621.0,9274958.0,0.0,
1522,449.2248333646577,6.4043155,height,,,,,,,,,,,4474149.0,3752596.2,3510768.0,4257620.5,3228746.0,7363749.0,7378080.5,7555638.5,9016330.0,6158403.5,6453197.0,7819878.0,9953704.0,6388485.5,6732961.5,6619593.0,6857509.5,7338902.5,6888548.0,7779960.5,8799386.0,6476232.0,8519304.0,0.0,
1523,348.17663358838087,6.4115076,height,,,,,,,,,,,5563639.5,9141214.0,4713601.5,5159581.0,8487282.0,5894048.5,5638417.5,5648898.5,7271949.0,4720061.5,4774018.5,6213617.0,7258938.0,5678810.5,5861875.0,7032078.5,6135012.0,6322991.5,5967908.0,6072846.0,6412605.0,5081946.5,6167968.0,0.0,
1524,191.10265404074505,6.4095693,height,,,,,,,,,,,0.0,0.0,0.0,0.0,12247441.0,0.0,0.0,0.0,0.0,0.0,0.0,0.0,0.0,0.0,0.0,0.0,0.0,0.0,0.0,0.0,0.0,0.0,0.0,0.0,
1525,362.1558987574968,6.420598,height,,,,,,,,,,,13823993.0,9752697.0,10545550.0,10752174.0,16127933.0,11524320.0,8991971.0,10965705.0,9953481.0,8237484.0,8271187.5,9551216.0,11740094.0,7812391.0,10100622.0,10035155.0,9832825.0,11878464.0,11913225.0,9286124.0,9901299.0,8581978.0,10325985.0,0.0,
1526,660.3202443838849,6.42533,height,,,,,,,,,,,6647141.5,5958452.0,6189964.5,6746430.0,5994667.0,7977248.0,5922863.0,6471227.5,6499939.5,5370927.0,5464868.5,6338861.5,7104969.0,5555745.5,7305945.0,6605021.5,6296445.0,7461469.0,7566539.5,6255883.0,6503038.0,5782583.0,5812356.5,0.0,
1527,267.10888945074754,6.43206,height,,,,,,,,,,,101852680.0,116761760.0,99539210.0,111211860.0,109549130.0,119224120.0,104720910.0,112922860.0,93498030.0,86896856.0,94146190.0,97098930.0,99365000.0,87222350.0,103305030.0,103563630.0,96644070.0,102715640.0,91939450.0,106398420.0,115719810.0,93443340.0,92781250.0,0.0,
1528,513.3399691492184,6.432085,height,,,,,,,,,,,1445300.9,1744490.5,2695853.2,1921742.4,8040462.5,6964725.0,5062142.0,5295314.0,6533829.5,4146028.5,4433122.5,5293031.0,5793776.0,3341241.8,4011335.5,4020709.2,3991959.5,4034680.5,4565272.5,4379702.0,5354983.0,4270389.0,4925390.0,0.0,
1529,471.256549838033,6.435808,height,,,,,,,,,,,0.0,0.0,0.0,0.0,0.0,5679523.5,4908683.0,4865158.0,5524363.5,5239129.5,5389849.0,5287073.5,5173129.0,6422561.0,5843812.0,6298632.0,7052679.0,6042445.5,5508289.5,6448007.0,5349337.0,5365530.5,5140942.0,0.0,
1530,417.19814462800326,6.435855,height,,,,,,,,,,,4368252.0,5521608.5,4683508.0,5962516.5,1396817.8,7278896.5,6711333.5,6507407.0,7807700.0,5755603.5,6542497.5,7354860.0,6900254.0,5022250.5,5500363.0,5750288.5,5854731.5,6293211.0,6342820.0,5581193.0,7298931.0,6368206.5,5665058.5,0.0,
1531,389.2031916204309,6.4355407,height,,,,,,,,,,,6854168.5,7458528.0,9152292.0,7987945.5,15904681.0,16146684.0,13953171.0,14528850.0,11789755.0,10389784.0,11695008.0,12476503.0,13011948.0,10468734.0,12937481.0,12972952.0,11862032.0,12368201.0,11303239.0,12038248.0,14974320.0,11221663.0,11673364.0,0.0,
1532,610.2813944865054,6.4367104,height,,,,,,,,,,,8863540.0,8474646.0,5790438.0,7990540.0,16201968.0,4931416.0,3815778.5,4095579.0,3798265.2,3991418.0,4207877.0,3188158.0,4271112.5,5339427.0,5559500.5,4839266.0,5355988.0,4897232.5,5477183.0,4073886.0,4463341.0,3693638.8,3748203.5,0.0,
1533,588.2994757172166,6.441771,height,,,,,,,,,,,22714880.0,21623840.0,14727465.0,19610812.0,41462436.0,10321990.0,8425295.0,9448886.0,7888316.5,7247780.5,7971810.5,7967518.5,8366609.5,11826399.0,12922688.0,12561018.0,13033193.0,11580302.0,12184944.0,8752714.0,10414723.0,7939789.0,9064914.0,0.0,
1534,175.107794585446,6.441852,height,,,,,,,,,,,7865719.5,6895631.5,5808019.0,6423837.0,7549737.5,8571515.0,7841463.0,8705390.0,6996231.5,6051226.0,7053327.5,7394714.5,8446137.0,7049107.0,7858052.0,8011509.0,7969416.0,7293113.5,7525753.5,8538264.0,9169133.0,8056050.0,8711253.0,0.0,
1535,433.1932363532445,6.442686,height,,,,,,,,,,,7347033.5,7724341.0,6006887.0,8166758.0,6659161.5,6826195.0,6831072.0,6886092.5,6513661.0,5855733.5,5850672.0,6154795.5,6333609.0,6081624.0,6812096.0,6758889.0,7111556.0,6026009.5,6767786.0,5795444.5,7254243.5,6034345.5,6278635.0,0.0,
1536,366.2137311035119,6.4417377,height,,,,,,,,,,,7372183.0,7350811.0,0.0,6996563.0,5556726.0,6915264.5,6788964.0,7627129.0,7961702.5,6617392.5,6641236.5,6540227.0,6740434.0,7293459.0,6491666.5,6652829.5,7715941.5,6536060.0,7805804.5,7218741.5,7642718.0,6746894.5,7501145.5,0.0,
1537,375.1892359491984,6.4516807,height,,,,,,,,,,,26967786.0,29269442.0,27720746.0,27933122.0,29620928.0,31918982.0,31673812.0,29620100.0,31053770.0,27980740.0,30556608.0,28798850.0,28127446.0,26389362.0,29695386.0,29433014.0,31699908.0,30909258.0,31665336.0,28127062.0,30928736.0,26771184.0,29646864.0,0.0,
1538,374.68885397872106,6.455845,height,,,,,,,,,,,58296068.0,63518880.0,62302176.0,60856364.0,61300170.0,65403388.0,63610776.0,66859484.0,66310904.0,57050064.0,64540484.0,61587780.0,58812468.0,59598684.0,62702020.0,61830650.0,65135652.0,65422196.0,67749470.0,55448456.0,61969544.0,58521212.0,63795628.0,0.0,
1539,161.0922165802859,6.456587,height,,,,,,,,,,,2302102.8,2420366.5,3684696.8,2583063.0,0.0,4988212.5,5279839.5,5894591.0,3291777.0,3288443.0,3530299.0,2359097.2,4693154.0,3075932.2,3400102.5,3489197.5,3394269.5,3680264.8,3862862.8,3370891.8,4122466.2,3353318.0,5215742.0,0.0,
1540,748.3707405007764,6.459225,height,,,,,,,,,,,113004760.0,142788270.0,132548230.0,152732130.0,140321150.0,135478000.0,137492580.0,154356290.0,152318260.0,122091670.0,153842940.0,128015240.0,115733656.0,141950260.0,139380500.0,139101580.0,151305070.0,159383420.0,149723100.0,121023890.0,137792020.0,133165530.0,159320590.0,0.0,
1541,365.68349014364543,6.460915,height,,,,,,,,,,,7003287.5,7911468.0,7732017.5,7356490.5,7521243.0,7901612.0,8282004.5,8063650.0,8434378.0,7077907.5,7730131.0,7459082.5,7119952.5,7496350.5,7704068.5,7565171.5,7892449.5,8097355.5,8363244.5,6903697.5,7562885.0,7548503.5,7923188.5,0.0,
1542,770.3522836823853,6.462625,height,,,,,,,,,,,4414808.0,5584395.5,5948678.0,6545049.5,5945717.5,7297730.0,6987086.5,7087671.5,7667570.0,7321654.0,9090184.0,5288429.0,6658449.5,7525404.5,6247936.5,5590392.0,6937615.5,6973377.5,7282993.5,6261181.0,6108298.0,6495029.5,7822672.5,0.0,
1543,678.3215290702399,6.463411,height,,,,,,,,,,,15008840.0,17069700.0,16860494.0,15392140.0,14555253.0,15510068.0,13873571.0,17804486.0,15837088.0,13916075.0,18059046.0,14394618.0,13769738.0,16535961.0,16237373.0,15878440.0,16055241.0,19001806.0,16226942.0,13626839.0,17051740.0,14689456.0,17958182.0,0.0,
1544,693.2498990407208,6.4718447,height,,,,,,,,,,,5429123.0,5487429.5,5135316.5,5612743.0,3415162.0,4879982.0,4416330.0,5820314.5,5858412.5,3993101.8,4923218.0,4999968.0,4683930.5,3652464.8,5212824.5,4503390.5,4803108.0,5988612.0,5941010.5,4334635.5,5510181.0,4453136.5,5878504.5,0.0,
1545,465.1653962501519,6.4724584,height,,,,,,,,,,,10577476.0,8523943.0,5879244.0,5074997.0,23869060.0,0.0,0.0,0.0,0.0,0.0,0.0,0.0,0.0,2923724.5,2814695.0,2586114.5,2963071.2,3363483.0,2676059.5,0.0,0.0,0.0,0.0,0.0,
1546,348.17665043898154,6.472539,height,,,,,,,,,,,6228560.0,7565686.0,7896582.0,6861723.0,9133811.0,9395960.0,7951667.5,9432813.0,9020829.0,7277379.5,8842995.0,8471389.0,8626401.0,7985131.0,8460934.0,7147857.5,7677439.5,9448221.0,7848050.5,7886851.5,9959167.0,8085215.5,9118614.0,0.0,
1547,203.10276342942237,6.4822173,height,,,,,,,,,,,22112048.0,23146994.0,12253807.0,22856618.0,38168732.0,2988895.2,2996870.8,3448792.2,3046363.2,7126698.0,2360826.5,2800254.0,2615521.0,9361981.0,10157374.0,10261280.0,9644421.0,10488002.0,9414679.0,6810569.5,4993650.0,3659217.8,2907997.5,0.0,
1548,285.1670860272148,6.4860787,height,,,,,,,,,,,15491866.0,16671858.0,16408785.0,15457318.0,14866753.0,18170788.0,18857512.0,17009516.0,18015654.0,16157109.0,17050128.0,15418363.0,19181288.0,17130958.0,16943554.0,15758530.0,16141409.0,18670250.0,15224233.0,18963248.0,17521696.0,16537071.0,18472626.0,0.0,
1549,365.1057218208308,6.488224,height,,,,,,,,,,,2895227.2,2832349.0,3349147.0,3102466.5,3229255.2,3315172.5,3459086.0,3439872.5,3310494.5,3348212.5,4003057.8,3094304.5,3701236.5,4889566.5,4504770.0,4324078.0,4764072.0,4665638.5,4792436.5,3328957.0,3127339.5,3079337.5,3106616.0,0.0,
1550,244.1405053476803,6.488658,height,,,,,,,,,,,12754919.0,12833459.0,13285946.0,13031807.0,11808131.0,14584927.0,15013003.0,13502966.0,15362705.0,12994002.0,13768706.0,12818171.0,15382843.0,13995998.0,14029875.0,13032705.0,13453447.0,14706749.0,13050422.0,15425415.0,14071742.0,13288202.0,15344930.0,0.0,
1551,301.1507121001111,6.4961514,height,,,,,,,,,,,3521877.5,3268016.8,3251525.2,3518981.5,3315124.0,3852709.8,4308378.5,3660131.5,3973925.2,3165020.2,3858406.0,3482680.2,4005400.2,3149968.8,3677473.2,3666650.0,3594156.8,4128122.0,3525059.0,4117777.5,3645337.8,3532895.2,3807306.2,0.0,
1552,188.0352865224961,6.4977584,height,,,,,,,,,,,17749456.0,18059302.0,17839128.0,18419072.0,18717802.0,21369404.0,21449664.0,22515700.0,23210226.0,23246456.0,27995690.0,21238796.0,24971840.0,21416996.0,20454906.0,19202678.0,20549122.0,21646896.0,21443420.0,20987312.0,20502688.0,22903792.0,20147562.0,0.0,
1553,166.05334925136924,6.5003166,height,,,,,,,,,,,136084030.0,133750824.0,123257944.0,129663500.0,131313850.0,137727950.0,146740940.0,161034220.0,160447760.0,133287190.0,156239100.0,158338750.0,148339100.0,128575870.0,135335790.0,143587870.0,141633140.0,140523360.0,142160240.0,136411620.0,142385040.0,151888580.0,143175630.0,0.0,
1554,302.13484244045253,6.507602,height,,,,,,,,,,,3568004.5,3040478.0,2534970.2,3214890.5,1331420.9,2191915.5,2723028.5,2552994.8,2223536.5,2648993.5,2389113.2,2962411.8,2199453.0,2996590.5,3647158.0,3397679.8,3456987.2,3655095.5,3106528.8,3747077.8,2810602.2,2916455.2,2457272.0,0.0,
1555,149.02676860841507,6.5088687,height,,,,,,,,,,,19965220.0,18607690.0,18974138.0,17779066.0,19169694.0,21113582.0,21847008.0,22486940.0,21745048.0,19755162.0,22295702.0,24086708.0,21239864.0,18328882.0,21008010.0,20307180.0,21315092.0,21725658.0,20849016.0,19676456.0,22424452.0,21335432.0,21254794.0,0.0,
1556,431.2138969326496,6.5108113,height,,,,,,,,,,,7635133.5,7426573.0,7859862.0,7009822.0,10090523.0,10844639.0,11929649.0,10417971.0,9928596.0,9332390.0,11805592.0,12191806.0,11087077.0,8821722.0,10741039.0,9883208.0,9863229.0,10254380.0,9944728.0,9426214.0,10430989.0,11401959.0,9968955.0,0.0,
1557,276.065112367032,6.508924,height,,,,,,,,,,,1411437.4,0.0,1182495.2,0.0,0.0,4273430.5,4378666.5,4181863.2,2682451.0,1229576.9,1650233.1,1895494.6,2499286.2,2177160.8,2587283.2,2566550.0,2624115.0,2688074.0,2499005.8,4007954.8,4255354.0,4346722.5,3238527.5,0.0,
1558,573.2885842457081,6.523886,height,,,,,,,,,,,1949033.4,1510469.8,1651434.0,1834039.4,2072170.5,5091300.0,5109755.0,4599833.5,5068174.5,4516798.5,5745432.5,5818689.0,4950093.0,3761287.2,5087637.5,4304785.0,4484506.5,4564449.0,4013930.5,4675552.0,5279860.5,5480693.0,4696846.5,0.0,
1559,357.1882910975629,6.515121,height,,,,,,,,,,,5794027.0,6088273.0,6908144.0,5739418.5,7053860.5,6851974.5,7231830.5,6966415.0,6206489.5,7364167.5,8215111.5,8425709.0,6539767.0,6580743.5,7605949.0,7195938.0,7488910.5,7041183.0,7309869.0,6396799.0,7575511.0,7572443.5,6428408.0,0.0,
1560,232.1292324651628,6.516427,height,,,,,,,,,,,0.0,0.0,0.0,0.0,19016468.0,0.0,0.0,0.0,0.0,0.0,0.0,0.0,0.0,0.0,0.0,0.0,0.0,0.0,0.0,0.0,0.0,0.0,0.0,0.0,
1561,254.1111526478965,6.516427,height,,,,,,,,,,,0.0,0.0,0.0,0.0,6226440.5,0.0,0.0,0.0,0.0,0.0,0.0,0.0,0.0,0.0,0.0,0.0,0.0,0.0,0.0,0.0,0.0,0.0,0.0,0.0,
1562,594.2447875269416,6.533591,height,,,,,,,,,,,11258409.0,10244324.0,11224606.0,11732275.0,11848323.0,1975136.8,2629465.5,2437157.2,1135699.6,0.0,1884065.4,1765785.1,2275075.0,3979692.2,4760113.0,5186806.0,4256118.5,5667413.0,5372229.5,2270094.2,2356897.0,2194131.2,2764319.2,0.0,
1563,260.1244060724473,6.551102,height,,,,,,,,,,,3192883.5,3120975.0,3347628.5,2941358.2,2010371.2,2677248.2,3129349.0,3181506.5,2596409.8,2577420.2,2160368.0,2829873.8,3041564.5,2271822.8,2571770.5,2638245.8,2601139.2,2663648.0,2691678.2,2593384.8,2935718.8,2665386.8,3203326.8,0.0,
1564,606.2625285859735,6.554542,height,,,,,,,,,,,22655100.0,22103078.0,24647410.0,20395894.0,16589815.0,19348022.0,23244588.0,23490482.0,17119798.0,19552702.0,15343733.0,19761220.0,24257812.0,20583620.0,21167606.0,20133310.0,22422940.0,22046396.0,18330072.0,17187964.0,18417816.0,21423888.0,19322434.0,0.0,
1565,386.1357874149229,6.5595655,height,,,,,,,,,,,1567916.0,1441259.2,2358017.8,0.0,2643332.5,4037429.0,3926496.0,4224121.0,3467106.2,3918642.2,3744318.0,3146663.2,4453014.0,3505906.2,2982390.2,3031059.5,3365887.8,3295759.8,2797436.0,3652293.8,3304111.0,3925750.5,3388702.8,0.0,
1566,365.15749445742085,6.563541,height,,,,,,,,,,,2187493.5,1777524.0,2636316.0,2150113.2,3966518.2,3734408.5,3833892.5,4110657.0,3899665.0,3021981.5,2951524.5,3513491.8,3561383.2,3520208.0,2992550.2,3513666.0,3790212.2,4229739.5,3389428.2,3508304.0,3433841.8,3899563.2,3811151.0,0.0,
1567,364.1538960777832,6.5653157,height,,,,,,,,,,,13754909.0,10305398.0,17451562.0,13583215.0,24471898.0,25482684.0,25071676.0,27097222.0,25715394.0,19535748.0,20352040.0,22349270.0,23253690.0,19809064.0,19163116.0,23554134.0,22998380.0,24538438.0,22297266.0,22653862.0,21974044.0,26499882.0,25583334.0,0.0,
1568,346.11838187627967,6.5688963,height,,,,,,,,,,,0.0,0.0,0.0,0.0,0.0,16242178.0,15392166.0,16874040.0,15141658.0,12973535.0,12601300.0,13062828.0,14824071.0,14266950.0,13367424.0,16017335.0,16196638.0,16176254.0,14677826.0,16679459.0,15293905.0,18718134.0,17209974.0,0.0,
1569,531.2780153305429,6.570167,height,,,,,,,,,,,4900455.5,4519630.0,5364547.5,5007278.5,6011768.0,6739810.0,7916219.5,7873500.5,6828840.5,6929908.5,6952976.5,6958934.0,7630315.0,6709307.5,6789149.0,7819522.0,7350680.5,7195484.0,6416749.0,7189963.0,6282010.0,7906010.5,6484901.5,0.0,
1570,245.13263858153417,6.579864,height,,,,,,,,,,,6808466.5,4700575.0,3248979.5,5881463.0,50413256.0,2221152.5,1903928.2,2189521.0,2238306.0,3123985.5,1804662.6,2243840.8,1892330.1,5574380.0,5284299.0,6420008.0,6478083.5,6067461.0,5753794.5,3215433.0,2249309.0,2813050.8,2081913.9,0.0,
1571,369.17471396461326,6.573264,height,,,,,,,,,,,0.0,0.0,2265428.8,0.0,13888230.0,3696769.5,3041004.0,3819319.2,2334040.5,2509960.5,2900909.5,1919873.8,3293559.2,3521084.5,2760073.2,3230832.8,3776829.5,3498536.0,2951845.2,3178393.0,2564558.5,3224680.2,4412772.0,0.0,
1572,347.19261371087936,6.573854,height,,,,,,,,,,,7059926.0,2855364.5,17907734.0,5416152.0,131623970.0,27005050.0,22066624.0,26698970.0,16015029.0,16002063.0,17779718.0,15043807.0,22096004.0,22802350.0,21284904.0,26740786.0,27352992.0,25695352.0,21502268.0,22864206.0,19264668.0,23405884.0,30771110.0,0.0,
1573,348.1961069624592,6.573636,height,,,,,,,,,,,0.0,0.0,2682009.5,0.0,20252180.0,4165634.0,3223476.2,4366576.0,2792999.8,2467753.8,2898902.5,2188609.2,3621307.8,3853843.8,3577721.2,4234569.5,4592793.0,4484901.0,3336470.0,3518387.0,2910557.0,3675630.8,4931429.5,0.0,
1574,266.1121119282506,6.571497,height,,,,,,,,,,,0.0,0.0,0.0,1015425.6,8684560.0,0.0,0.0,0.0,0.0,0.0,0.0,0.0,0.0,1495461.8,1253336.8,1237565.4,1537856.1,1264261.6,1218472.6,0.0,0.0,0.0,0.0,0.0,
1575,590.314988316516,6.574833,height,,,,,,,,,,,0.0,0.0,0.0,0.0,9451709.0,0.0,0.0,0.0,0.0,0.0,0.0,0.0,0.0,0.0,0.0,0.0,0.0,0.0,0.0,0.0,0.0,0.0,0.0,0.0,
1576,244.12947311578355,6.579381,height,,,,,,,,,,,62921828.0,44607276.0,29219142.0,54566036.0,438065200.0,18197002.0,17985184.0,19712290.0,20064770.0,28132864.0,16632953.0,19064664.0,17331470.0,51298640.0,49850596.0,58951516.0,59359760.0,58605388.0,54469784.0,26482480.0,20418194.0,20863940.0,19080326.0,0.0,
1577,638.4240897050942,6.5797987,height,,,,,,,,,,,1980363.6,1723545.6,2396094.0,2231919.0,4335912.5,0.0,0.0,0.0,0.0,0.0,0.0,0.0,0.0,0.0,0.0,0.0,0.0,0.0,0.0,0.0,0.0,0.0,0.0,0.0,
1578,329.1821431258105,6.5830755,height,,,,,,,,,,,6372690.5,5306309.0,6369960.5,6297379.5,7335813.0,7181107.5,6162930.0,6316435.5,7349466.0,6972997.5,6704786.0,7236276.0,6692619.5,6056012.5,6588773.0,7732654.5,7700619.5,6826406.0,6220330.5,6476555.5,5958064.5,7155285.0,6749103.5,0.0,
1579,578.2497714663062,6.5836024,height,,,,,,,,,,,12260298.0,8737067.0,11597194.0,10947467.0,10891411.0,11206041.0,10196656.0,11691604.0,11930960.0,11252970.0,10227944.0,12415178.0,11301472.0,8412181.0,10429492.0,12779924.0,12471638.0,13139828.0,10948561.0,11967380.0,9786701.0,11468454.0,11716797.0,0.0,
1580,147.07648571975415,6.5855,height,,,,,,,,,,,0.0,0.0,0.0,0.0,37757932.0,0.0,0.0,0.0,0.0,0.0,0.0,0.0,0.0,1539481.9,1901977.6,1901560.2,2034912.4,1938767.8,1969373.1,0.0,0.0,0.0,0.0,0.0,
1581,600.2318675574992,6.585425,height,,,,,,,,,,,3770534.2,2734514.5,3873637.2,3639992.0,2509879.2,3923935.8,3454923.8,4014531.0,4026036.2,4250573.0,3904416.8,4003075.8,4401949.0,3069324.0,3345144.5,3790267.8,3657129.5,4084404.0,3777190.2,3961257.5,3053696.8,3916054.8,3955157.8,0.0,
1582,266.1236815573998,6.593541,height,,,,,,,,,,,22667130.0,21075798.0,20654288.0,23045068.0,21052310.0,20322954.0,19513470.0,23422058.0,21097974.0,19972816.0,18670128.0,21482280.0,19803522.0,17298734.0,19973766.0,19953886.0,21008510.0,20426892.0,20079006.0,23100478.0,21279082.0,21655636.0,20760872.0,0.0,
1583,405.1983027609933,6.6008534,height,,,,,,,,,,,4262769.5,3982915.0,3860903.5,6578885.5,5273891.0,3560223.2,3572334.8,4337162.0,3962102.0,3711321.0,3470304.8,3817011.0,3636244.5,3293325.0,3757471.0,4345115.5,3927512.2,3949404.2,3797890.0,4176608.0,3971570.2,4024579.2,3679356.2,0.0,
1584,248.11298512606737,6.5961866,height,,,,,,,,,,,6153077.5,5891194.0,5988558.5,6230410.0,5859730.5,5553994.5,5243983.0,6547969.0,5810233.0,5383571.0,4801142.5,5778229.5,5334253.5,4753344.0,5327418.5,5544494.0,5606367.0,5716543.0,5459834.0,6158693.5,5897028.5,5967098.5,5648701.0,0.0,
1585,334.1610015952737,6.598447,height,,,,,,,,,,,3857208.5,3835660.8,3630159.5,4140239.2,4084434.2,4279396.5,4480680.5,5277372.0,4934629.0,4519938.5,4184345.0,4796803.5,4119150.8,3605815.8,4205388.0,4212533.5,4407604.5,4333013.0,4683981.5,5160702.5,4315149.0,4450338.5,4389559.0,0.0,
1586,244.64715281141835,6.6035767,height,,,,,,,,,,,13178106.0,9326826.0,5459653.0,8864541.0,1432836.0,2918867.5,3154045.2,4171528.2,3221971.0,3268190.2,2301636.0,2813785.2,2756304.0,3842865.2,4336154.5,4169867.8,4415291.5,4226466.0,4483216.5,4100313.5,3365251.0,3271088.0,3025102.0,0.0,
1587,604.2106284672897,6.6038823,height,,,,,,,,,,,8030749.0,7035407.5,6219109.5,7204650.5,6484707.5,6958624.0,6503465.5,8715251.0,7543425.5,6313288.5,5858092.0,8150229.5,6627925.5,6226769.0,7304735.5,7221931.0,6502079.5,7567319.0,7131239.0,6771436.5,6729121.0,7367379.0,6934417.0,0.0,
1588,488.2878300711731,6.602347,height,,,,,,,,,,,22321946.0,14762044.0,8324171.0,14067762.0,4351318.0,3423727.8,5648491.5,7847945.0,5820451.0,6148929.5,5036982.5,4988334.0,5014231.5,6712740.0,7776363.5,8487251.0,8965189.0,7681817.5,7924776.5,8071725.5,5809232.0,7677380.0,5628576.0,0.0,
1589,272.1354789393527,6.6080174,height,,,,,,,,,,,6120814.5,6299096.0,6466862.0,6718944.0,6456727.0,6574145.0,6138518.5,7728563.5,6681759.0,6044120.0,5621576.5,6614147.5,6272830.0,5677151.0,6044720.5,6260722.0,6224154.0,6258190.5,6535198.0,7591549.5,6645487.5,6893889.0,6282615.0,0.0,
1590,361.1721734484118,6.6113267,height,,,,,,,,,,,4260490.5,4700065.5,4395316.5,4770168.5,4337505.5,4400955.0,4585201.0,5360173.0,4589318.5,4189462.8,3790168.8,4752209.5,4433369.0,3915318.8,4575758.5,4392006.5,4239855.5,4404551.5,4572520.0,4609892.5,4659574.5,4726927.0,4026370.0,0.0,
1591,324.1305722279424,6.611685,height,,,,,,,,,,,0.0,0.0,0.0,0.0,0.0,12576241.0,11037999.0,13788189.0,11922366.0,11201213.0,9770796.0,12829293.0,11983237.0,9442811.0,10681452.0,11251167.0,11438557.0,11015660.0,11536223.0,12801782.0,12846515.0,12616856.0,11347118.0,0.0,
1592,642.2605162052812,6.6188602,height,,,,,,,,,,,4468420.5,4136767.0,3916471.2,4049991.5,6644285.0,0.0,0.0,0.0,0.0,0.0,0.0,0.0,0.0,1247815.9,0.0,1227126.9,1488322.1,1405935.8,0.0,0.0,0.0,0.0,0.0,0.0,
1593,620.2780648008477,6.6192265,height,,,,,,,,,,,25216026.0,24702666.0,22246724.0,23606256.0,45254990.0,0.0,0.0,0.0,0.0,0.0,0.0,0.0,0.0,6927855.5,7990255.0,8468620.0,7231943.0,8061835.0,8252038.0,0.0,0.0,0.0,0.0,0.0,
1594,304.1616149112564,6.6215615,height,,,,,,,,,,,9548044.0,8841423.0,9746270.0,9629053.0,9862105.0,10368576.0,9402491.0,10566567.0,10319964.0,9549871.0,8474635.0,10115322.0,10264263.0,8681392.0,9841511.0,9822094.0,9049076.0,8663419.0,8945748.0,10020795.0,11626466.0,10787759.0,10656278.0,0.0,
1595,559.27284879171,6.625359,height,,,,,,,,,,,5093071.0,5098889.0,5696325.5,6056937.0,4968819.5,5293783.5,4556169.0,5500400.5,5184655.0,4816291.5,3948257.0,5910308.5,5112725.0,3878010.5,4779709.0,5131037.0,4374049.0,4937998.5,5256593.0,4496545.0,6078071.5,4821881.5,5555815.5,0.0,
1596,627.2758267318702,6.629137,height,,,,,,,,,,,2138171.5,2127256.8,2376975.0,2239237.0,1414259.5,4649059.0,4263324.5,4999527.0,4983651.5,3773751.8,3735120.2,4932417.5,4451614.0,2953022.5,3141749.2,3343619.2,3286429.2,3898059.0,4497429.0,4193479.8,4815458.0,4051274.5,4295270.0,0.0,
1597,345.1772184954036,6.6317353,height,,,,,,,,,,,6766379.0,6145148.5,4266637.5,5573371.5,0.0,34194616.0,33579148.0,36765940.0,33474554.0,28407652.0,28136742.0,34365144.0,30779420.0,25661568.0,30615130.0,30012510.0,28173328.0,27772512.0,28556762.0,32633754.0,35762010.0,32940750.0,32585470.0,0.0,
1598,269.11374728365365,6.632324,height,,,,,,,,,,,0.0,0.0,0.0,0.0,5674743.0,0.0,0.0,0.0,0.0,0.0,0.0,0.0,0.0,0.0,0.0,0.0,0.0,0.0,0.0,0.0,0.0,0.0,0.0,0.0,
1599,303.1452783804471,6.632324,height,,,,,,,,,,,0.0,0.0,0.0,0.0,9801004.0,0.0,0.0,0.0,0.0,0.0,0.0,0.0,0.0,0.0,0.0,0.0,0.0,0.0,0.0,0.0,0.0,0.0,0.0,0.0,
1600,274.1399300188579,6.636449,height,,,,,,,,,,,2885047.5,2365379.0,2111417.2,2340314.8,1501736.0,3522538.0,3923671.5,3496720.0,3989552.0,3269622.2,2926055.5,3889284.0,3299075.0,2691062.5,3155645.2,2959069.2,2920330.0,3049776.5,2843814.8,3274961.5,3644183.2,3448604.8,3119379.8,0.0,
1601,191.102719307886,6.641689,height,,,,,,,,,,,0.0,0.0,0.0,0.0,16473540.0,0.0,0.0,0.0,0.0,0.0,0.0,0.0,0.0,0.0,0.0,0.0,0.0,0.0,0.0,0.0,0.0,0.0,0.0,0.0,
1602,286.1512288874704,6.6443095,height,,,,,,,,,,,1081535.6,0.0,1392049.2,1178202.5,40615404.0,33625570.0,31771762.0,27617612.0,1472814.4,1452978.1,0.0,1147564.6,1562530.8,10020005.0,11621426.0,12341133.0,11165803.0,11768765.0,12819738.0,25549318.0,25613072.0,28639096.0,27003642.0,0.0,
1603,271.1515634219758,6.653212,height,,,,,,,,,,,6145309.5,5733990.0,6729978.5,6022403.0,6495851.5,6058510.5,7014763.5,6314846.5,5948535.5,5959185.5,5876718.0,6137338.0,5806750.5,5544235.5,6211089.0,6030850.0,5865823.0,5943693.0,6361382.0,6807315.0,6365248.0,6634467.0,6638467.5,0.0,
1604,438.2546054791972,6.661713,height,,,,,,,,,,,3269316.8,4165337.5,5107374.5,4285775.5,5653835.0,6475080.0,6583950.5,5816362.0,5543978.5,5499042.0,6087221.5,5645070.5,5273691.0,5761685.0,6105374.0,5111014.0,5265268.5,5002034.5,5315582.5,7052000.0,6460010.5,5768112.5,6321839.5,0.0,
1605,463.204057034792,6.658391,height,,,,,,,,,,,5599014.5,4935710.0,6491195.5,5933010.0,4583951.5,5885169.0,6172313.0,5914607.5,6004360.0,4769896.5,6099510.0,5654909.5,5084905.5,5343773.5,5414447.0,5414910.0,5322269.0,5318691.0,6357494.5,6608795.5,6021837.5,5847362.5,6951161.0,0.0,
1606,216.1345519484492,6.661809,height,,,,,,,,,,,22525650.0,21362076.0,25196104.0,22099716.0,20089614.0,21345642.0,23264540.0,21870876.0,19609052.0,19434442.0,21852676.0,20496476.0,19905534.0,21786606.0,22571706.0,22555662.0,21956124.0,19946694.0,20834614.0,24649028.0,23209862.0,23834554.0,23604776.0,0.0,
1607,644.3079853936703,6.6659946,height,,,,,,,,,,,36246332.0,41492092.0,49223484.0,45971188.0,56404610.0,0.0,0.0,0.0,0.0,0.0,0.0,0.0,0.0,1924070.1,2055738.6,1794861.2,1873730.5,1611592.4,1752447.2,0.0,0.0,0.0,0.0,0.0,
1608,437.2511830288437,6.6645045,height,,,,,,,,,,,14971457.0,16827240.0,21595676.0,18065356.0,22641320.0,25425110.0,26615760.0,25057404.0,23332944.0,20241454.0,26122994.0,22631166.0,24226326.0,22440580.0,23930170.0,23532372.0,22437982.0,20023300.0,23718532.0,27429814.0,26398186.0,26224796.0,27896446.0,0.0,
1609,289.1508883193025,6.665315,height,,,,,,,,,,,5716305.5,5140609.0,5286664.0,5077821.0,3686885.0,4405740.5,4493294.0,4608164.0,3816808.8,3575166.5,4644902.5,3904716.8,3900222.2,4347734.0,4756489.5,4439545.0,4545925.0,3967742.8,4295533.5,5300138.5,4833256.5,4253311.0,4625881.0,0.0,
1610,257.1610606438397,6.666127,height,,,,,,,,,,,10114418.0,10221111.0,10777861.0,9970067.0,9859054.0,9869894.0,9701557.0,9856769.0,8765476.0,8577873.0,9903095.0,9320614.0,9193885.0,9831562.0,10242657.0,10055113.0,9538515.0,9155546.0,9158316.0,11416601.0,10270598.0,9955229.0,10266018.0,0.0,
1611,329.182226675286,6.666157,height,,,,,,,,,,,5359298.0,5474169.5,5757647.0,5397698.5,4576873.5,6136189.0,6284703.0,6076020.0,5406300.5,4741113.5,6413375.0,5594327.0,5645559.0,6063486.0,6159242.0,6135885.0,5828145.5,5313314.0,5451917.5,6917099.0,6454383.0,6051228.5,6524458.0,0.0,
1612,391.2343061767651,6.693713,height,,,,,,,,,,,1348831.6,0.0,0.0,0.0,0.0,13024820.0,0.0,0.0,15359565.0,10707435.0,12359692.0,13361741.0,13098970.0,9531855.0,10136687.0,9422408.0,0.0,8850028.0,9277697.0,10481660.0,11224383.0,0.0,10303058.0,0.0,
1613,201.08719878577628,6.669664,height,,,,,,,,,,,1799610.1,2298399.8,1557980.6,2292889.5,27415250.0,0.0,0.0,0.0,0.0,0.0,0.0,0.0,0.0,3032517.2,3096079.0,3364266.2,3211797.8,3013488.5,3009392.0,0.0,0.0,0.0,0.0,0.0,
1614,219.09779369233445,6.672606,height,,,,,,,,,,,0.0,1388218.1,0.0,1120349.8,14654383.0,0.0,0.0,0.0,0.0,0.0,0.0,0.0,0.0,1989966.8,1835392.4,1872494.1,1721855.0,1606405.4,1628898.9,0.0,0.0,0.0,0.0,0.0,
1615,405.19831320464425,6.6384263,height,,,,,,,,,,,6703671.0,7779775.5,6937194.0,6291027.0,5803632.0,0.0,3927659.2,4369772.0,3737479.0,3533869.0,2965339.0,4103144.5,3800668.2,3345446.8,4296681.5,0.0,3814438.8,3618524.2,0.0,0.0,3895194.0,4255245.5,3731524.0,0.0,
1616,501.1947012599026,6.698236,height,,,,,,,,,,,8860138.0,10247397.0,9067067.0,9354886.0,8207331.0,10417582.0,9479679.0,11757701.0,10749851.0,8946289.0,10954455.0,12064725.0,10967965.0,10907104.0,10265869.0,10233866.0,11080876.0,10874106.0,10297436.0,10719370.0,10012893.0,9611225.0,10484515.0,0.0,
1617,244.1294726867553,6.699849,height,,,,,,,,,,,11347465.0,11657584.0,9262941.0,11039469.0,16478684.0,8336998.0,7331429.0,8540552.0,7993744.0,7355050.5,8377589.5,8790676.0,8249572.0,9458989.0,8860967.0,8394865.0,9572416.0,9381942.0,9328140.0,9442845.0,8053170.0,7449988.0,8406702.0,0.0,
1618,589.2833868624315,6.7045083,height,,,,,,,,,,,7695752.0,7944845.5,6586239.0,7802672.5,6156196.5,7364584.5,5819737.0,7418621.0,6791742.0,5924445.5,6522314.5,7595354.5,6963266.0,6946300.0,7262797.0,6727924.0,7439550.0,7512707.0,7253086.5,6820359.0,6307040.0,6518366.0,6986813.5,0.0,
1619,574.2129923752985,6.7053022,height,,,,,,,,,,,14012109.0,12923425.0,10674197.0,12713777.0,7262568.5,7722945.0,6192937.0,7776420.0,6419563.5,7704108.0,7487743.0,7306922.0,8172941.5,8847947.0,8241946.0,6897030.5,8932030.0,9715200.0,8766275.0,7712243.0,7140466.0,6892160.5,7703597.5,0.0,
1620,388.1956813638233,6.7057915,height,,,,,,,,,,,2741775.8,1942920.8,4402540.5,2962944.0,10028222.0,11622985.0,8410386.0,9481398.0,9316607.0,9301889.0,11358856.0,10230163.0,11158788.0,9559064.0,7474716.5,6391319.0,7502284.0,7565424.0,6850118.5,9852014.0,7597584.0,9010964.0,8493023.0,0.0,
1621,732.4240592677412,6.710362,height,,,,,,,,,,,0.0,0.0,0.0,0.0,7707994.0,9231769.0,6623049.0,7201685.0,9504094.0,5770269.5,6979290.0,8246777.0,7750727.0,4437177.0,4806301.5,4109846.0,4424293.5,4505585.0,4277885.0,0.0,5294855.0,6088993.5,5763210.5,0.0,
1622,731.4210450857795,6.7087493,height,,,,,,,,,,,1586779.1,0.0,3558728.0,1561058.2,19574558.0,20369614.0,15395055.0,17943236.0,18242152.0,13917764.0,16627444.0,18765888.0,18385860.0,10589941.0,10118105.0,9502179.0,11397890.0,11532604.0,9302703.0,13776811.0,12960214.0,15676997.0,15275422.0,0.0,
1623,361.1730126395107,6.709836,height,,,,,,,,,,,19496006.0,18067382.0,15446787.0,17833416.0,17264644.0,13613879.0,11523434.0,14290138.0,11241093.0,11809469.0,12043998.0,13740859.0,13000460.0,14040900.0,13852637.0,12964265.0,15567256.0,15088830.0,14627895.0,10428447.0,11895133.0,11803918.0,13476766.0,0.0,
1624,552.2311347105116,6.7127514,height,,,,,,,,,,,62413172.0,54816984.0,49366060.0,56010630.0,67077804.0,51883936.0,41705120.0,52433616.0,41493644.0,44750308.0,45075940.0,50938840.0,49840384.0,53130856.0,53813750.0,47446844.0,58024930.0,56137930.0,51601868.0,41097436.0,43657050.0,44385092.0,48887460.0,0.0,
1625,366.2142298630432,6.7131724,height,,,,,,,,,,,258466200.0,162846110.0,329589220.0,219789660.0,772792400.0,748708700.0,621264260.0,656593700.0,618332400.0,661410100.0,661381760.0,708112300.0,683538400.0,576760260.0,553192640.0,520314050.0,618332500.0,600929860.0,559445300.0,577079300.0,563394800.0,595003000.0,593587260.0,0.0,
1626,251.1505404263989,6.7135615,height,,,,,,,,,,,3241571.8,2181367.5,3904319.2,2778961.0,10670693.0,9827797.0,7836313.5,8517275.0,8093306.5,8588005.0,8492665.0,9056618.0,8380383.5,7507807.0,6879150.0,6388639.0,8036368.5,7943463.5,7074298.0,7508018.5,7184952.0,8205121.0,7621574.0,0.0,
1627,183.61065066893025,6.715298,height,,,,,,,,,,,2565228.0,1733576.8,3763136.2,2359455.0,9219836.0,8744533.0,7542211.5,6759098.5,7698165.0,7051860.0,8238411.0,6898282.5,6708780.5,6554856.0,6180416.0,6019609.5,6483377.5,5877861.5,6950481.0,6401730.5,7192045.5,7093059.0,7350976.5,0.0,
1628,728.3586390653539,6.716678,height,,,,,,,,,,,0.0,0.0,0.0,0.0,0.0,10981249.0,8649369.0,14211086.0,5727060.5,9440303.0,9516247.0,9861087.0,9824893.0,20828834.0,21698850.0,17877132.0,22426856.0,21153636.0,18736432.0,7995792.0,9979552.0,8579468.0,12000307.0,0.0,
1629,276.155775686498,6.7228346,height,,,,,,,,,,,5507706.5,4160609.2,4021644.8,4311274.0,3588203.2,3400180.5,3121609.0,3316583.0,2870164.5,3408913.0,3197177.8,3431834.2,3260368.0,3645822.8,3689869.5,3553404.0,3876882.0,4388279.0,4151939.0,3069291.0,3204772.2,3279131.0,2938231.2,0.0,
1630,403.18278738298153,6.7297854,height,,,,,,,,,,,5199375.0,4506787.5,5240100.5,5557367.5,2567767.0,14035776.0,12835304.0,13925638.0,14641320.0,14695734.0,14212688.0,15306959.0,14393431.0,12021247.0,11828727.0,11979171.0,12807368.0,13481540.0,11812907.0,15284307.0,12797052.0,14052550.0,12245636.0,0.0,
1631,1097.4760019185576,6.7348175,height,,,,,,,,,,,5572705.0,5275799.5,4982563.0,4270185.5,4128760.0,4599003.0,4921797.0,5174815.5,4236578.5,5343535.0,5162377.0,6344377.5,5381500.5,5215009.5,6077293.0,6317687.5,5629977.5,6190956.0,5601871.0,5995832.5,5230214.5,4444030.0,4407716.0,0.0,
1632,525.3404025401223,6.7338533,height,,,,,,,,,,,4515248.0,4008976.2,3877257.8,3941626.5,3240686.8,3851655.0,3722662.8,3871404.5,3782335.8,3773124.5,3761898.5,3976481.0,4337512.5,4281815.5,3932873.0,4659544.0,4237295.0,5274650.5,4004525.0,4738523.5,3905175.0,3572682.2,4345313.0,0.0,
1633,504.2306424595217,6.7407045,height,,,,,,,,,,,5257225.5,4988468.0,5493394.5,5190182.5,1686621.9,5717001.0,5050983.5,5458299.0,6961621.0,6069387.5,6053762.5,6894920.0,5424816.0,5383585.0,5905246.0,5996614.5,5274381.5,6087028.0,4872270.0,6713753.0,5443331.0,5345197.0,5149043.0,0.0,
1634,269.16104857944407,6.719197,height,,,,,,,,,,,2252566.5,1956614.0,1632566.5,2052522.0,210545970.0,1550066.2,1185815.8,1456073.9,1302770.8,1413222.5,1384992.9,0.0,1247168.8,2215081.5,2066858.8,2025195.0,1745506.1,2174726.0,1701650.2,1935580.0,1425773.9,1498916.6,0.0,0.0,
1635,130.05011093828057,6.741897,height,,,,,,,,,,,9175141.0,7943302.5,5149369.0,5949611.0,116961944.0,10402053.0,6590465.0,4882416.5,5354539.0,6897721.5,5680615.5,4890334.5,3536861.2,14876766.0,16292944.0,15495394.0,16547442.0,18986900.0,16902828.0,11753891.0,5604579.5,4786214.5,3940693.5,0.0,
1636,465.2019899715041,6.742439,height,,,,,,,,,,,30352458.0,26032206.0,23450510.0,25969300.0,16386096.0,19818310.0,18897874.0,21798082.0,21009362.0,22373440.0,22123710.0,23012234.0,19843862.0,23379766.0,24789256.0,24139228.0,23327204.0,25602584.0,19042754.0,25723378.0,19948998.0,18581360.0,19234008.0,0.0,
1637,148.06057506272296,6.7427287,height,,,,,,,,,,,36562890.0,31857554.0,20352158.0,23833866.0,466947940.0,43230588.0,25639358.0,19353818.0,20171366.0,27333028.0,22735536.0,21145966.0,14401122.0,60661430.0,66927150.0,64942212.0,66272160.0,78163336.0,68065256.0,48407530.0,22098450.0,19102312.0,15304527.0,0.0,
1638,487.1837507078435,6.74419,height,,,,,,,,,,,7720285.0,6608818.5,6291689.5,7070195.5,1375859.2,3875979.2,4398125.0,5194061.5,5191356.5,5912019.0,5590658.0,5128888.0,5866678.0,5187090.0,4282654.0,3932395.0,3973440.2,5155147.0,4042615.5,5052483.5,4365236.0,4356464.5,4839749.5,0.0,
1639,310.13970092631,6.74649,height,,,,,,,,,,,0.0,0.0,0.0,0.0,37352730.0,0.0,0.0,0.0,0.0,0.0,0.0,0.0,0.0,0.0,0.0,0.0,0.0,0.0,0.0,0.0,0.0,0.0,0.0,0.0,
1640,490.176945723281,6.7453237,height,,,,,,,,,,,2434203.8,2250469.5,1705349.2,1558288.0,10079176.0,2511092.0,1298406.8,1173317.9,0.0,1524245.4,1550493.4,0.0,0.0,3013237.8,3830745.5,3504615.2,3177428.0,3838503.5,2942024.5,3556705.8,1334652.2,0.0,0.0,0.0,
1641,365.10783742952935,6.749216,height,,,,,,,,,,,8461467.0,8022326.5,7315761.0,7967276.0,0.0,4356512.5,4310714.5,4607004.0,4904089.0,5265279.5,5150223.5,4156086.8,4851411.0,4689013.5,4818360.0,4460911.5,4213792.5,5412525.5,4094761.8,4914018.5,4282468.0,4288595.0,4280428.0,0.0,
1642,230.1137847631421,6.7828655,height,,,,,,,,,,,7547543.5,6315377.0,2428528.0,5646482.5,84955260.0,0.0,6826102.0,0.0,7738976.0,6675864.0,0.0,7952256.5,0.0,8826210.0,9827048.0,10103572.0,10104267.0,11645881.0,9136656.0,5472629.0,1396411.0,0.0,6544831.0,0.0,
1643,558.289101725839,6.760744,height,,,,,,,,,,,1421742.0,1478151.2,2569735.5,1883239.4,0.0,43943348.0,41758996.0,48851452.0,47008116.0,43838684.0,43707200.0,46312210.0,54569584.0,47042340.0,47566196.0,52225584.0,47624996.0,60048480.0,47636840.0,48958772.0,40925684.0,39595868.0,48633470.0,0.0,
1644,258.1451739267758,6.765219,height,,,,,,,,,,,57642260.0,70565176.0,93511090.0,66922424.0,0.0,159946610.0,155617820.0,169103420.0,150104400.0,128540900.0,138491220.0,135651440.0,177368860.0,138771800.0,136387140.0,160264530.0,157359600.0,181724300.0,150389940.0,149048200.0,147548210.0,141000060.0,156538290.0,0.0,
1645,258.1422014213094,6.76544,height,,,,,,,,,,,0.0,0.0,0.0,0.0,42488390.0,0.0,0.0,0.0,0.0,0.0,0.0,0.0,0.0,0.0,0.0,0.0,0.0,0.0,0.0,0.0,0.0,0.0,0.0,0.0,
1646,259.14817035210905,6.7661996,height,,,,,,,,,,,7560423.5,8398165.0,11474271.0,8058970.5,11521022.0,0.0,17802086.0,0.0,0.0,18431204.0,0.0,0.0,0.0,0.0,16606648.0,20874598.0,18646250.0,0.0,17901180.0,18968788.0,17349462.0,18398634.0,0.0,0.0,
1647,546.2416355029426,6.768051,height,,,,,,,,,,,27886342.0,34146052.0,34153570.0,30836974.0,4526209.5,46361856.0,43261230.0,47919010.0,58531190.0,46751720.0,40591596.0,54598868.0,55997476.0,42009520.0,39950964.0,47858624.0,42842172.0,58692884.0,45994250.0,40456820.0,44187372.0,40112616.0,43580050.0,0.0,
1648,301.1508947382545,6.7707796,height,,,,,,,,,,,11618589.0,12947564.0,10992687.0,10354069.0,5620430.0,10338330.0,9309039.0,9876093.0,9425727.0,10630523.0,8524474.0,8535968.0,11482804.0,11848876.0,11440139.0,13151425.0,11931072.0,12781833.0,11432996.0,9947141.0,10019659.0,8869461.0,10657256.0,0.0,
1649,578.2689782368851,6.7727823,height,,,,,,,,,,,3069517.5,3178228.5,2798954.0,2006029.1,3933672.0,1852385.8,2012986.1,2732272.2,1604260.4,0.0,0.0,1815050.8,2441713.5,2637948.0,2375478.5,2875945.5,2443685.8,2890830.2,2646198.0,1836128.5,2233663.2,1539050.6,2665372.5,0.0,
1650,568.2233459595886,6.774063,height,,,,,,,,,,,7226138.5,9137181.0,8935998.0,7871635.5,0.0,8879794.0,7813483.0,7912542.0,9888049.0,9846428.0,8647722.0,8730718.0,11327223.0,8354026.5,6998082.5,8124137.0,7196825.5,10131270.0,8670410.0,8682532.0,8542698.0,7645581.5,8782619.0,0.0,
1651,456.31861917866337,6.7743425,height,,,,,,,,,,,3542640.0,3685432.2,3901212.2,3081119.0,2600547.5,5513618.5,5531181.5,5270667.0,5818021.5,5216945.0,5104777.5,5260634.0,6534217.0,5776917.5,5250399.0,5593941.5,5327084.0,6783341.0,5436162.5,5367863.0,4964298.0,4642139.0,5663034.0,0.0,
1652,184.07334781197036,6.774675,height,,,,,,,,,,,0.0,0.0,0.0,0.0,5677100.5,0.0,0.0,0.0,0.0,0.0,0.0,0.0,0.0,0.0,0.0,0.0,0.0,0.0,0.0,0.0,0.0,0.0,0.0,0.0,
1653,258.1107649873994,6.786806,height,,,,,,,,,,,0.0,0.0,0.0,0.0,1518405000.0,0.0,0.0,0.0,0.0,0.0,0.0,0.0,0.0,1341449.6,0.0,0.0,0.0,0.0,0.0,0.0,0.0,0.0,0.0,0.0,
1654,280.092058534723,6.774675,height,,,,,,,,,,,0.0,0.0,0.0,0.0,16549548.0,0.0,0.0,0.0,0.0,0.0,0.0,0.0,0.0,0.0,0.0,0.0,0.0,0.0,0.0,0.0,0.0,0.0,0.0,0.0,
1655,515.2469800797638,6.774675,height,,,,,,,,,,,0.0,0.0,0.0,0.0,19307842.0,0.0,0.0,0.0,0.0,0.0,0.0,0.0,0.0,0.0,0.0,0.0,0.0,0.0,0.0,0.0,0.0,0.0,0.0,0.0,
1656,516.250561089141,6.774675,height,,,,,,,,,,,0.0,0.0,0.0,0.0,4182551.2,0.0,0.0,0.0,0.0,0.0,0.0,0.0,0.0,0.0,0.0,0.0,0.0,0.0,0.0,0.0,0.0,0.0,0.0,0.0,
1657,623.3169805710187,6.774675,height,,,,,,,,,,,0.0,0.0,0.0,0.0,10042313.0,0.0,0.0,0.0,0.0,0.0,0.0,0.0,0.0,0.0,0.0,0.0,0.0,0.0,0.0,0.0,0.0,0.0,0.0,0.0,
1658,724.3159824329806,6.780292,height,,,,,,,,,,,35269308.0,35457160.0,36185404.0,25770482.0,25215330.0,32518974.0,33053632.0,29837126.0,35434276.0,35036624.0,33974296.0,30215728.0,38682884.0,39754908.0,35362972.0,43096024.0,36014120.0,39867576.0,40609620.0,32861168.0,30871154.0,28493152.0,39753372.0,0.0,
1659,746.2979465881349,6.7872868,height,,,,,,,,,,,7384932.5,7218579.0,7687017.0,5978921.0,0.0,5422460.5,5771971.0,5408822.5,6264441.0,6367699.0,6216307.0,5181423.0,6688592.5,6129893.0,5362962.5,5404650.5,5045957.0,5768221.5,7031421.0,5949015.0,4860170.0,5217173.0,7195786.5,0.0,
1660,603.226569141217,6.789254,height,,,,,,,,,,,4666241.5,4551102.0,4508023.0,3360200.2,3125753.8,3844748.0,4469711.0,3837778.5,4590639.0,4341235.0,4547790.5,4236672.0,4455772.5,4669761.5,3732432.5,4326990.5,4089069.5,3911031.2,4950634.5,4266889.5,4075788.0,3810177.5,5118954.5,0.0,
1661,580.2712557239215,6.7917185,height,,,,,,,,,,,0.0,0.0,0.0,0.0,0.0,12061705.0,12122779.0,10389153.0,12914297.0,12463656.0,12411429.0,11407928.0,14657615.0,11456530.0,9530256.0,9964447.0,8824017.0,12251441.0,12055556.0,11665098.0,10218055.0,10464085.0,14372603.0,0.0,
1662,243.1454385114228,6.7923284,height,,,,,,,,,,,17523574.0,18472610.0,17014908.0,14985675.0,11710172.0,15017466.0,15608276.0,14559308.0,15459790.0,14253632.0,15150711.0,14654860.0,15359930.0,17629572.0,15989037.0,16324515.0,15035177.0,15397797.0,14894164.0,16454658.0,14671869.0,13846214.0,17057122.0,0.0,
1663,515.2135526115107,6.793835,height,,,,,,,,,,,0.0,0.0,0.0,0.0,45510716.0,0.0,0.0,0.0,0.0,0.0,0.0,0.0,0.0,0.0,0.0,0.0,0.0,0.0,0.0,0.0,0.0,0.0,0.0,0.0,
1664,419.1775726629097,6.7972417,height,,,,,,,,,,,4421497.5,4719606.5,4310374.5,3901098.5,3581852.0,3389933.5,4051954.8,3515897.5,4049763.8,3834052.0,3866124.0,3976774.5,3800818.0,4282919.0,3594280.5,4020473.5,3812360.5,4039455.8,3647351.8,3974635.2,3710495.5,3528355.8,4376079.5,0.0,
1665,375.1881080232535,6.8033953,height,,,,,,,,,,,2565599.8,2879795.0,2998822.5,2597200.8,3082188.8,3992368.8,4308791.5,3556467.0,4350905.5,3481439.0,4268215.5,4044810.5,3859156.0,4072996.2,3933611.2,3808236.0,3439127.2,4398876.0,3685008.5,3981110.8,3564841.0,3354535.5,4014782.2,0.0,
1666,374.1753800217692,6.805942,height,,,,,,,,,,,4982359.5,4514305.0,2309421.0,3223416.2,0.0,0.0,0.0,0.0,0.0,0.0,0.0,0.0,0.0,1847423.4,1994878.5,2032682.6,1939170.5,2184288.8,0.0,1793918.1,1450812.4,1148965.5,0.0,0.0,
1667,233.1134745651064,6.8108473,height,,,,,,,,,,,4286971.0,3040772.8,2032651.9,1527489.5,0.0,4220666.0,4225936.5,4539814.5,4194363.5,3087603.2,3320028.0,2701736.0,4353038.5,3778253.8,4284259.5,4287136.5,3994320.2,5252462.5,4783862.0,4292314.5,3923276.8,3753873.8,4662369.5,0.0,
1668,373.1717369803528,6.811355,height,,,,,,,,,,,30878364.0,27951112.0,14019980.0,19706968.0,0.0,5460672.0,6661485.5,6909759.0,5590457.5,6274422.5,5798216.5,4892752.5,5424302.5,12105065.0,12067909.0,12440709.0,11805824.0,14172255.0,12548114.0,10940736.0,7879791.5,7683790.5,6523616.0,0.0,
1669,133.06093755182872,6.870919,height,,,,,,,,,,,1372238.6,1235336.5,1329315.0,1099989.6,72943860.0,0.0,1056012.8,1339676.2,1220514.4,0.0,1111954.9,1295210.9,1264689.0,0.0,1060365.9,1175151.5,1133203.8,1364452.0,1279024.2,1097474.5,1144824.1,1074309.4,1424604.1,0.0,
1670,785.3688638806827,6.812598,height,,,,,,,,,,,4261323.5,4257866.0,4222205.5,3826848.0,3646725.8,4995741.0,4933752.0,4466633.5,4673232.0,4097526.0,5122870.0,4835803.0,4563636.5,5394883.0,4638142.0,4902065.0,4459739.5,5250067.5,4724673.0,4356959.5,4501002.5,4183821.5,4809035.0,0.0,
1671,219.0978297010085,6.830495,height,,,,,,,,,,,4388253.5,4560320.5,4221134.0,4728422.0,21952582.0,3144600.0,3316846.8,3388086.0,3334763.0,2578903.0,2706315.8,2853050.0,2696600.2,3078461.5,3466849.0,3010826.5,3351749.2,3842740.8,3619466.0,2461304.0,3216204.0,3253015.8,3117756.8,0.0,
1672,416.2871594706669,6.826635,height,,,,,,,,,,,4527134.5,4707126.5,3792372.8,3882294.0,3164287.8,3690987.0,3926687.2,3451255.2,3516872.5,2909070.8,3030541.2,3018785.0,3536688.2,3479957.2,3773258.8,4036700.5,3958050.5,4720667.5,4208583.0,2876710.5,3508048.5,3258375.5,3487918.8,0.0,
1673,606.2625502345708,6.8279552,height,,,,,,,,,,,6712549.5,6058409.0,6533614.5,6432506.5,4944143.0,7456150.5,7356024.5,7108163.5,6819711.5,5975337.5,5852868.5,5975035.0,6649414.5,6174753.0,6749601.0,6990046.5,6659975.0,7765557.5,7385974.0,5183362.5,6851993.5,6240494.5,6896457.0,0.0,
1674,467.2617926871589,6.8284044,height,,,,,,,,,,,10193981.0,9936871.0,9437946.0,9247161.0,8898532.0,14336053.0,14868270.0,13286828.0,14081737.0,10686216.0,12993251.0,11933245.0,13666387.0,11851832.0,12263410.0,13565313.0,13114082.0,15503110.0,13592055.0,11492162.0,12341308.0,12827164.0,12809670.0,0.0,
1675,290.1349213625187,6.847785,height,,,,,,,,,,,1137961.1,1150202.2,1249571.8,0.0,8398144.0,0.0,1093419.5,1242037.5,1210618.5,1177749.4,0.0,1316671.6,1148352.2,1470306.4,1420669.5,1429537.2,1326822.8,1326936.8,0.0,0.0,1502714.0,1107579.6,1172114.0,0.0,
1676,219.0978233196004,6.8326635,height,,,,,,,,,,,4432164.0,4569154.0,4133133.0,4854074.0,28281126.0,3044371.2,3151589.0,2927961.0,3064779.8,2574289.8,2662908.5,2853050.0,2810380.0,2895083.0,3207563.5,3143439.5,3286990.8,3842740.8,3637158.5,2461304.0,2970619.2,3006600.2,3244229.5,0.0,
1677,391.234338835456,6.8369284,height,,,,,,,,,,,1717532.9,0.0,0.0,0.0,0.0,14367979.0,15692110.0,12423593.0,19577340.0,11271283.0,14355014.0,15160589.0,14539596.0,10244450.0,10581544.0,11246903.0,10726667.0,12390163.0,11662757.0,11009514.0,12189123.0,12131539.0,11106278.0,0.0,
1678,347.19285390626845,6.841091,height,,,,,,,,,,,21874370.0,14140030.0,29422290.0,19538908.0,48772736.0,50082876.0,54448170.0,51233092.0,53392156.0,43796780.0,42674708.0,54937256.0,53739496.0,44404310.0,48143890.0,47471916.0,44935332.0,47353096.0,49001420.0,37825864.0,52469716.0,45096356.0,50514436.0,0.0,
1679,369.17416309496286,6.841965,height,,,,,,,,,,,4109457.8,2755255.8,6102088.0,3658743.8,3702094.0,9307272.0,9784170.0,9538830.0,9831686.0,8607099.0,8380230.0,9628408.0,10722948.0,7240197.0,6814036.5,6691116.0,6425931.5,7256114.0,7433416.5,6819957.5,9218558.0,8074985.5,8856604.0,0.0,
1680,405.1983685433984,6.8456826,height,,,,,,,,,,,30912944.0,25557768.0,30491616.0,30090086.0,21408874.0,26902588.0,31634538.0,29221394.0,28961412.0,27499948.0,24120726.0,30337658.0,29765376.0,28094734.0,30224050.0,31605684.0,28108866.0,30580212.0,31817958.0,22408608.0,32616482.0,25950380.0,29330254.0,0.0,
1681,230.113783578376,6.8452754,height,,,,,,,,,,,8177376.5,7166015.5,7177368.0,7193462.5,13121222.0,6534081.5,6965729.0,6900486.0,7189936.5,6266208.5,5559847.5,6831130.0,6410124.5,7007998.5,7901412.5,8037947.0,7138208.5,7202771.5,7584273.0,5535582.5,7729134.5,6530611.5,7077799.5,0.0,
1682,483.256968372751,6.847525,height,,,,,,,,,,,7570384.0,4896097.0,3297751.2,3980559.2,0.0,2259020.8,2524216.5,2550271.8,2929257.5,2387241.5,2325561.5,2658822.5,2369332.0,3171034.8,3269766.0,3711878.0,3139815.8,3339058.0,3422969.2,2378864.2,3047992.5,2339476.2,2357408.2,0.0,
1683,427.1805489031308,6.8493376,height,,,,,,,,,,,10171090.0,9168426.0,10504636.0,9823348.0,3115240.0,8888740.0,9716479.0,9633508.0,9358927.0,9267553.0,8317177.0,9522930.0,10276318.0,7831735.0,7384321.0,7718558.5,7332161.0,8616327.0,8549478.0,7444335.0,10070252.0,8403492.0,9105522.0,0.0,
1684,221.11328775288675,6.8516665,height,,,,,,,,,,,0.0,0.0,0.0,0.0,13252911.0,0.0,0.0,0.0,0.0,0.0,0.0,0.0,0.0,0.0,0.0,0.0,0.0,0.0,0.0,0.0,0.0,0.0,0.0,0.0,
1685,428.2144243124143,6.8556943,height,,,,,,,,,,,27238348.0,23938864.0,16366157.0,22513502.0,2130673.0,8039685.0,9362466.0,9448541.0,9837421.0,12149775.0,8923895.0,8605263.0,7758762.5,15763023.0,16305320.0,17360626.0,15744433.0,17621458.0,17142020.0,13526633.0,13566533.0,10500292.0,9254015.0,0.0,
1686,463.2040596785332,6.8521223,height,,,,,,,,,,,28247972.0,25238716.0,30148442.0,28022382.0,21491924.0,23786482.0,25652404.0,27000428.0,25394810.0,25282814.0,22537326.0,28576924.0,24121232.0,25494902.0,25956876.0,27945242.0,24974068.0,28603672.0,27041288.0,20088002.0,29099158.0,23772648.0,26039488.0,0.0,
1687,485.1860662914438,6.8521223,height,,,,,,,,,,,4866316.0,4745369.0,5295219.0,5156675.5,2283168.0,3907147.8,4126810.5,4304372.5,3869142.0,4228220.5,3564417.2,4279736.5,3941331.2,4014320.5,3600251.0,3813751.2,3585812.2,4401936.0,3853931.0,3216151.2,4416090.5,3903390.2,3766251.2,0.0,
1688,359.1930706987272,6.854132,height,,,,,,,,,,,4223929.0,4425127.5,4757921.5,4229055.0,3635599.2,3800683.0,4071119.2,4240930.0,4121175.8,4168210.5,3628040.8,4612073.5,3910025.0,4347030.5,4405867.5,4823426.5,4338025.5,4563021.0,3743091.8,3452633.0,4695612.0,4013313.8,4159873.8,0.0,
1689,320.1455083797791,6.8558083,height,,,,,,,,,,,5286555.5,5325360.0,6807682.0,5300044.0,5625476.0,6359277.5,6778719.0,6938846.0,6724730.0,6458503.5,5941504.0,7337448.5,6208612.0,6655616.5,6640952.0,7326404.5,6180541.5,6767273.5,5753601.5,5434570.0,7210739.0,6359008.5,6889939.0,0.0,
1690,247.1403806017487,6.8551435,height,,,,,,,,,,,0.0,0.0,0.0,0.0,0.0,0.0,0.0,0.0,0.0,3179305.5,3112696.0,4181635.8,0.0,0.0,0.0,0.0,0.0,1093364.6,0.0,0.0,0.0,0.0,0.0,0.0,
1691,345.1773722834167,6.8652987,height,,,,,,,,,,,7771119.0,8950483.0,8395144.0,7217340.5,8257418.5,9525562.0,9495205.0,9269644.0,9887229.0,9744317.0,9515873.0,9931275.0,9392561.0,9253554.0,9640019.0,10802476.0,9806046.0,10108868.0,8882309.0,8437899.0,10160200.0,9405324.0,9743120.0,0.0,
1692,190.118776634342,6.868364,height,,,,,,,,,,,2637324.5,2949831.8,2713604.8,2506860.2,1582714.2,1983809.1,2144202.2,2114231.2,2251399.5,2142317.5,2085653.6,2034680.2,2048744.1,1963527.8,2095261.1,2410697.0,2258577.8,2429188.0,2184567.5,1989046.0,2501542.0,1871690.9,2438168.8,0.0,
1693,244.1294296094715,6.8688383,height,,,,,,,,,,,2499595.5,2877396.0,2631474.2,2493770.8,5854213.5,2396404.8,2336850.2,2365152.8,2465249.8,2562079.5,2407986.8,2300985.2,2403912.2,2637286.2,2680076.5,2910812.5,2572588.0,2695488.0,2576326.0,2191332.5,2563328.2,2296383.5,2412461.2,0.0,
1694,338.1382202237665,6.870963,height,,,,,,,,,,,2066539.0,2474040.8,2796752.8,2112591.0,3797463.8,3768181.0,3154168.2,3371933.0,3819546.2,2967991.2,3821332.2,3424155.0,3533427.0,3231705.2,3211385.2,3563460.0,3452101.8,3151375.2,3177038.8,2866413.2,3450658.8,3252707.8,3400608.0,0.0,
1695,700.3270209536039,6.883197,height,,,,,,,,,,,3638290.5,4958904.5,4155369.8,4537448.5,4780462.5,3851664.0,3402489.2,3883400.0,4551735.0,3407938.0,4630760.5,3948405.8,4245560.5,4450761.0,4378065.5,4530981.0,4016440.0,4715931.0,4530743.0,3412929.0,3600264.8,4032174.8,3774209.8,0.0,
1696,722.3094470558316,6.884932,height,,,,,,,,,,,2445321.0,3441485.5,2928981.5,3242482.8,2215447.2,2667640.5,2337839.8,2723808.2,3078389.0,2349782.0,3333730.8,2635141.5,2908213.5,3023380.2,2598248.8,2631698.8,2646705.0,3304287.0,3095963.5,2475742.2,2560802.0,2610688.8,2574590.2,0.0,
1697,430.23053166210894,6.885127,height,,,,,,,,,,,2284046.5,2418986.2,2323103.2,2185231.8,2825963.0,3997555.5,3587719.8,3511828.8,4335471.5,3320562.2,4485318.5,4348704.0,3682110.5,3574203.8,3359450.2,3627778.2,3534604.8,3512648.8,3380063.0,3076664.5,3736884.8,3750942.2,3663500.8,0.0,
1698,448.18323202184007,6.8913827,height,,,,,,,,,,,4879444.0,5429018.5,6291157.0,5589192.0,6168734.0,5447378.5,5606695.0,6092950.5,6317323.0,4901263.0,6918174.0,6807044.0,5309726.5,6505578.0,5573368.0,5826323.5,6160945.5,6475235.5,5481927.5,5209830.0,6120349.0,6286691.5,6086350.5,0.0,
1699,301.15078138569004,6.9049983,height,,,,,,,,,,,3366356.2,3728966.5,3228587.2,3450769.8,4178014.8,3826657.2,3792178.2,3783029.2,3798123.5,3514067.8,3620755.5,4344268.5,3611352.8,4237176.0,4156626.5,3581032.5,4273814.0,3774373.5,4269160.5,4072134.0,4194368.0,3978200.5,3856214.5,0.0,
1700,669.3575261466178,6.9063334,height,,,,,,,,,,,5847296.0,6806776.0,7168768.5,6173115.5,9613454.0,9464282.0,9150718.0,9253346.0,8943506.0,6511214.0,8671815.0,11063232.0,8837483.0,9289803.0,9208956.0,8245721.0,10045027.0,8689304.0,9063730.0,7760956.5,9304499.0,8224496.5,9145039.0,0.0,
1701,540.2439634431906,6.906701,height,,,,,,,,,,,0.0,0.0,0.0,0.0,0.0,4920572.5,4134077.5,4078853.5,5463060.0,3082546.2,4067830.8,5243296.5,4501692.0,2675403.8,2655320.0,3117686.0,3476384.2,3707448.8,3557746.5,3927247.2,4499647.0,4357376.5,4068890.8,0.0,
1702,365.1058083088283,6.9570045,height,,,,,,,,,,,2919844.8,3152900.0,11126824.0,11992244.0,2273743.2,10990086.0,2666088.0,13275582.0,13989435.0,12221543.0,2714503.8,9783279.0,11607250.0,2925217.8,2655675.8,12984094.0,12047540.0,13621703.0,2974995.0,10469349.0,2830516.0,14074535.0,12176200.0,0.0,
1703,497.254020022196,6.9095235,height,,,,,,,,,,,3754287.5,4133296.5,3787217.5,4048661.0,4059558.0,6198581.0,5398128.5,5812586.5,5373483.0,4634566.0,5242371.0,6057468.5,5452866.5,5645251.0,5438015.5,5652878.5,5647245.0,5793276.0,6165970.0,5384872.0,5655728.0,5444309.5,5383242.5,0.0,
1704,182.09255440077197,6.9114127,height,,,,,,,,,,,2895989.2,3175754.2,2675326.5,2995288.8,3301389.0,3264280.2,2809802.5,3055763.2,3111024.0,2724927.5,2723934.8,3344489.0,2790568.5,2316997.2,2636684.2,2719981.2,2738150.2,2984524.5,3112947.8,2842080.5,3160359.2,3133045.5,3095380.5,0.0,
1705,598.3930176590414,6.9199038,height,,,,,,,,,,,2556572.0,2719764.2,3366650.0,2998215.0,9671691.0,9229222.0,6594741.0,7413581.5,7134693.5,5737980.0,5683276.5,8103689.0,6813328.5,5981879.0,5924956.0,6325532.0,6958053.0,7599384.0,6452428.5,6130450.0,7080216.0,6771781.5,7082303.0,0.0,
1706,415.1940527080006,6.922643,height,,,,,,,,,,,5597572.0,5801288.5,5406633.0,6172946.5,6015928.0,7812170.5,6310112.5,7081660.5,6741876.0,5800066.5,5469827.0,7203425.5,6082668.5,5690669.0,6105747.5,6910055.0,6880718.5,7374252.0,7078858.0,6157760.0,7111124.5,6448396.5,7127666.0,0.0,
1707,395.1675944574941,6.925822,height,,,,,,,,,,,33178430.0,31017242.0,31329674.0,34852184.0,35415616.0,39387636.0,31066668.0,34085836.0,30828824.0,29683760.0,24988232.0,31623512.0,31232072.0,27328016.0,30151458.0,35781588.0,34560084.0,39163770.0,32112530.0,29838144.0,36507200.0,32141816.0,35699336.0,0.0,
1708,490.2149843473019,6.9374886,height,,,,,,,,,,,7369848.0,6117352.0,6439400.5,6555198.0,4485692.5,7628258.0,5880973.5,7416351.0,6838334.5,5769691.0,6054278.0,7024475.0,7610189.0,6530107.0,5856336.0,5991401.0,5754519.0,8923571.0,7409448.5,5429279.5,7837720.5,6271253.0,7960322.5,0.0,
1709,775.2589917293371,6.947439,height,,,,,,,,,,,1794643.1,1570753.2,1786899.8,1829938.6,0.0,2739690.0,2533456.0,2657282.2,2827081.2,2082786.4,2261796.5,3266447.0,2908340.5,1817667.1,1663805.9,1819533.5,1829236.0,3364927.0,2542129.5,1666430.5,2797675.0,2283923.0,2579741.2,0.0,
1710,359.2659450559788,6.9490013,height,,,,,,,,,,,7716592.0,7633996.0,10495000.0,7749047.5,14127254.0,13212496.0,11784973.0,12984954.0,11144136.0,9920855.0,12030612.0,11734636.0,12526030.0,11937362.0,11486616.0,11460872.0,10740412.0,12130502.0,10985801.0,10949889.0,12843475.0,11565622.0,12705583.0,0.0,
1711,177.08701962262808,6.9502697,height,,,,,,,,,,,0.0,0.0,0.0,0.0,10481604.0,0.0,0.0,0.0,0.0,0.0,0.0,0.0,0.0,0.0,0.0,0.0,0.0,0.0,0.0,0.0,0.0,0.0,0.0,0.0,
1712,438.1963056509972,6.951637,height,,,,,,,,,,,5578442.5,6068591.5,7517601.5,6241606.0,4221157.0,16884316.0,15704714.0,16015324.0,18715728.0,16581541.0,19694410.0,17633766.0,19962808.0,15144165.0,14021291.0,13250273.0,12801616.0,14197344.0,13484435.0,14722917.0,16055579.0,16494502.0,15482235.0,0.0,
1713,332.145671472974,6.955905,height,,,,,,,,,,,11203680.0,9398127.0,7389211.0,9017989.0,1183299.5,2202787.5,2666912.2,3137150.0,2746301.5,3621860.2,2364490.2,2835642.0,2660646.2,5292668.5,5152905.5,5318953.0,4676761.0,4895211.5,4946411.5,4476207.0,3706056.0,3284062.0,2787973.5,0.0,
1714,356.14349375118866,6.955009,height,,,,,,,,,,,2814953.0,2852162.0,3556208.0,3094246.2,1942081.9,3317173.8,3554163.2,3543697.5,3745298.5,3578214.8,4226705.5,3783667.0,3985097.8,3509755.8,3450986.8,2948342.5,3018854.0,3259529.8,3260598.0,3144414.8,3494648.2,3552585.5,3428084.8,0.0,
1715,275.0810517102654,6.9571896,height,,,,,,,,,,,1423092.4,1366305.2,1487238.2,1326745.9,0.0,5410684.5,5680986.5,5814843.0,5938129.0,4944396.0,5764998.5,5418164.5,5818048.0,4235892.0,4187423.5,3998010.2,3931696.0,4124631.8,4330444.5,4910637.0,5524893.0,5202037.0,5350627.5,0.0,
1716,545.2573307766519,6.957353,height,,,,,,,,,,,5187832.5,5217824.5,5548606.5,5161364.5,3778764.2,6172370.0,7081596.5,7003986.0,7257901.5,5882641.5,7241355.5,7379210.5,6857744.5,7601236.5,6739998.5,6404121.5,6046037.5,6727968.5,6325317.0,5639669.5,6302874.0,6902519.0,6990069.5,0.0,
1717,217.1185046479492,6.961266,height,,,,,,,,,,,1649487.9,1779320.6,2120232.8,1844370.0,2006640.6,3871529.5,4700756.0,4466215.5,5107890.0,3883318.0,5054502.0,4809976.5,4610472.5,4677112.0,4276865.5,4034709.5,3585820.0,3834526.2,3854219.2,3871496.2,4341306.0,4253879.0,4547524.0,0.0,
1718,416.2142534556556,6.960434,height,,,,,,,,,,,23016604.0,22758524.0,27964114.0,24540484.0,25547162.0,54140096.0,65773948.0,63353280.0,69111256.0,55970628.0,68064340.0,68176610.0,63359696.0,61730148.0,55824596.0,52004200.0,49256748.0,52714530.0,53267348.0,53222280.0,57669036.0,62078664.0,62936524.0,0.0,
1719,334.161035923723,6.961311,height,,,,,,,,,,,29609194.0,29142016.0,34775684.0,31410546.0,31977414.0,33492942.0,38692388.0,37974000.0,39080870.0,34707050.0,40437736.0,41092268.0,35911096.0,39927256.0,36303896.0,34778270.0,32819588.0,35470224.0,35493784.0,32093568.0,33847864.0,37189400.0,37924964.0,0.0,
1720,218.12507363131016,6.96456,height,,,,,,,,,,,2140496.0,1750409.8,0.0,0.0,10433989.0,7933315.5,7926389.0,9048683.0,0.0,0.0,0.0,0.0,0.0,4517153.5,4638649.0,4251860.0,4106766.8,4463298.0,4464450.5,8245570.0,7534291.0,7668855.0,7503712.0,0.0,
1721,694.3263570359901,6.965766,height,,,,,,,,,,,4615352.5,3887194.5,4070884.8,4058772.0,3189370.2,2398940.0,3952513.0,3418399.0,2967397.5,2492261.0,2702139.2,2792956.0,2806465.0,3088489.0,3150497.2,2951384.2,2832023.8,3200827.5,3181748.8,2494220.5,3075293.8,2677338.8,3267029.0,0.0,
1722,523.2154402482463,6.966484,height,,,,,,,,,,,3597811.2,2367455.2,1597720.2,2239749.5,0.0,8732753.0,10452666.0,11159047.0,11054341.0,9152414.0,9310298.0,10821396.0,9281119.0,9755658.0,8442198.0,9544196.0,8991638.0,9745782.0,9969182.0,8151367.0,8394883.0,9323727.0,10636339.0,0.0,
1723,776.3795494408076,6.966634,height,,,,,,,,,,,2647404.5,2685940.2,2750180.8,2627610.8,2433299.2,3284215.8,4477612.0,4694934.5,3947450.2,3092853.8,3778555.0,3473077.5,3534533.5,3973175.8,3765947.5,3961005.8,3549577.2,3928290.2,3920073.8,3544816.2,3114860.0,3636309.8,4570527.0,0.0,
1724,706.3263524789047,6.972117,height,,,,,,,,,,,5033000.0,4662112.0,4227954.0,4872727.0,4169980.5,4189255.5,5881846.0,5416958.5,5657392.0,4412488.5,4895509.5,4743552.0,4814109.0,6142484.0,5207240.0,4991649.0,4844514.0,4968283.0,5271135.5,4375836.5,4049815.5,4784641.0,5735393.0,0.0,
1725,383.1540170279554,6.9725804,height,,,,,,,,,,,18670146.0,18195528.0,16932344.0,19261764.0,13709591.0,10329838.0,11197497.0,13266912.0,10337023.0,10178288.0,11079147.0,8856445.0,10901546.0,14181676.0,12023691.0,11670867.0,11280680.0,13056094.0,12845993.0,10347740.0,9281981.0,10726515.0,13692884.0,0.0,
1726,361.17213564597824,6.973022,height,,,,,,,,,,,165016640.0,173618700.0,147229740.0,169493400.0,156801520.0,85725080.0,99523490.0,115577280.0,83176030.0,86192720.0,87909980.0,75897530.0,87960840.0,123471730.0,110029120.0,111394020.0,107457740.0,118150024.0,111088904.0,86204090.0,78335390.0,91043890.0,122394020.0,0.0,
1727,721.3373074537832,6.972973,height,,,,,,,,,,,10669356.0,10850701.0,8921266.0,10635020.0,7493213.0,3385671.2,3904137.0,4472124.0,2663863.8,2845086.5,2979769.8,2399874.5,3173324.2,4606832.5,4414068.5,5013355.0,4541110.5,4980444.5,5057270.5,3387752.0,2774470.0,3093062.0,4943839.0,0.0,
1728,331.1616063129222,6.9756556,height,,,,,,,,,,,4624929.5,4741724.5,3650158.8,4778419.5,3930788.8,3922916.8,4071574.5,4840791.5,4588848.0,3785023.8,4018792.0,3923382.2,3972140.8,4494314.5,3928534.0,4466130.5,4047286.0,4292457.0,4091954.5,3833548.8,3706236.0,4367226.0,4887542.0,0.0,
1729,398.2036637243026,6.9929,height,,,,,,,,,,,2634748.2,2721499.8,2659843.2,2690267.0,2882418.5,3660475.0,3865382.2,4273860.0,4408582.5,3621990.8,3577240.0,3688566.5,3884253.5,3707755.2,3569185.5,4203959.5,3580901.2,3876423.5,4236745.5,3813041.2,4157193.5,4474532.0,4100804.2,0.0,
1730,365.10571760246427,6.9855604,height,,,,,,,,,,,11647088.0,11858128.0,10792475.0,10800054.0,7715672.5,17230774.0,11043911.0,12489531.0,13724429.0,11406043.0,11277734.0,2841858.0,11403940.0,10716434.0,10487421.0,11993356.0,11203896.0,11938231.0,12540181.0,2715572.2,11942137.0,11441693.0,11568167.0,0.0,
1731,343.12382329049154,6.9863453,height,,,,,,,,,,,2506403.0,3185940.5,2475195.2,2614612.2,2643573.2,2164174.8,2734955.0,2938311.0,3027744.5,2366704.5,2651853.0,2215740.2,2245195.8,2613423.2,2876863.2,2935706.8,2584186.2,2891003.0,2533103.8,2335088.5,2677104.8,2536540.8,2794536.8,0.0,
1732,387.1876498444093,6.9954185,height,,,,,,,,,,,6871703.0,7387247.5,6649639.0,6902227.0,3347201.0,5439320.5,5990712.5,6778319.0,6885192.0,4758288.5,5261876.0,4901689.0,5710233.5,5813833.5,6558881.0,6700873.0,6949031.0,6861953.0,7372824.0,6160122.0,7039598.5,6114255.0,6231007.0,0.0,
1733,278.1349275364711,7.002011,height,,,,,,,,,,,7819622.0,7736863.0,7298834.5,6653622.5,6169856.5,5572286.5,6674327.0,6987626.5,6081370.0,5355375.0,5489244.0,5172042.0,6197207.0,6283359.5,6763697.0,7136090.5,6514267.5,7184243.5,7637066.5,6534370.0,7629104.5,5665672.0,6900321.0,0.0,
1734,463.20406077545135,6.99992,height,,,,,,,,,,,3096694.2,3112911.5,3003944.0,2805347.2,3071331.8,3214405.2,3915671.0,4154718.8,4161331.5,3136327.8,3313341.5,3203360.2,3634302.0,4142004.2,3401894.0,3369182.8,3447975.8,3988657.0,4078405.8,3985568.2,4260317.0,3025955.8,3505162.0,0.0,
1735,886.4163553776355,7.0079327,height,,,,,,,,,,,18798558.0,20561538.0,18877666.0,18897764.0,18958824.0,19629310.0,21238264.0,22098508.0,24280514.0,17935504.0,19669238.0,20207522.0,19502714.0,23323272.0,22394536.0,22763332.0,24570436.0,23996230.0,26927634.0,23294042.0,26051742.0,20206786.0,20646532.0,0.0,
1736,908.3983628837454,7.0120425,height,,,,,,,,,,,3173106.2,3311188.8,3428202.2,3293859.8,2369588.0,3041886.5,3472920.5,3075863.8,3357165.2,3016315.2,3639135.5,3262150.0,3093809.5,3852778.0,3457376.2,3048303.2,3598052.2,3807468.8,4095497.5,3831475.8,3775035.2,3215273.5,3279759.0,0.0,
1737,749.3113540290117,7.016722,height,,,,,,,,,,,3136856.5,3497830.8,3302213.5,2984645.8,4256190.5,0.0,0.0,0.0,0.0,0.0,0.0,0.0,0.0,1538762.9,1374548.1,1291153.1,1228667.4,1348361.9,1881885.1,0.0,0.0,0.0,0.0,0.0,
1738,561.2518146533306,7.020639,height,,,,,,,,,,,5529268.5,5547588.5,4887490.5,4972082.0,5240879.5,2225765.0,2384606.2,2699259.2,1871904.5,2266875.0,2135288.5,1811214.8,2055662.0,3128993.0,3075562.8,3190379.5,2803745.8,3391969.5,3581550.0,2947770.8,2620839.5,0.0,2973194.5,0.0,
1739,443.7117049797635,7.0217457,height,,,,,,,,,,,2819073.0,2826274.5,2787435.2,2550188.2,2542602.5,2941991.2,2954577.8,2706642.0,3072199.8,2969680.8,3349961.2,2755352.8,2512489.0,3052245.0,3126792.8,3068522.5,3459889.5,3663645.2,3536773.8,3274112.8,2737441.5,3016568.2,3118105.0,0.0,
1740,421.1930568551316,7.025727,height,,,,,,,,,,,4753876.0,4666988.5,4457037.5,4119236.0,3859866.2,4222395.0,4483366.0,4465633.0,4226861.5,4284484.5,3946944.8,4361523.0,4116893.5,3987516.5,4148470.2,4349866.0,3680938.8,4438091.0,4523099.5,5084337.0,4498614.0,3984673.2,4788397.5,0.0,
1741,259.07231514100533,7.0306377,height,,,,,,,,,,,0.0,0.0,0.0,0.0,5194153.5,0.0,0.0,0.0,0.0,0.0,0.0,0.0,0.0,0.0,0.0,0.0,0.0,0.0,0.0,0.0,0.0,0.0,0.0,0.0,
1742,326.1825020731647,7.0329585,height,,,,,,,,,,,2197662.8,1980861.2,2282782.8,1888199.9,2760700.2,3354688.8,3423094.0,3721843.0,4033251.5,3394897.2,3338331.0,3117640.0,3667952.0,2919895.2,2857897.5,2897384.2,2982833.8,3104256.5,3195556.8,3971418.8,3563816.5,3507270.5,4046389.5,0.0,
1743,190.11875311943197,7.034771,height,,,,,,,,,,,4833952.5,4918558.0,4755402.0,4915620.5,4549233.0,5862440.0,5499631.0,6260381.5,5993726.5,5945046.0,5541450.0,6120377.0,5626932.0,5429492.0,5789763.0,5592350.5,5645268.5,5273297.5,5734540.0,6727205.0,6220635.5,5338719.0,6671500.5,0.0,
1744,315.1665086858848,7.0356956,height,,,,,,,,,,,7412127.5,6809250.0,7392642.5,7113594.0,7011510.0,7651668.0,7709788.0,8587295.0,9039042.0,8366141.0,7718494.0,8037787.0,8237942.0,7751018.5,8093320.5,8329245.5,7745476.0,7952940.5,8824291.0,9545747.0,9020124.0,7615341.0,9820367.0,0.0,
1745,173.09221954165466,7.035038,height,,,,,,,,,,,1271057.9,0.0,0.0,1093690.6,4692791.5,1320048.4,1407172.5,1431726.2,1443462.5,1412089.9,1365958.8,1234919.6,1394323.8,1212315.5,1247689.5,1208948.0,1219237.1,1311300.8,1577082.4,1605352.5,1469443.0,1367863.4,1534646.4,0.0,
1746,453.2461593750913,7.037124,height,,,,,,,,,,,6168549.0,6032982.0,6659612.5,5899190.0,5593366.0,6727820.5,6644603.5,7053685.0,7999970.5,7008566.5,6807012.5,6478168.5,7068744.5,6492150.0,6582494.5,6328521.5,6035647.0,6985306.0,7109630.5,8019468.5,7275083.5,6551645.5,7984879.0,0.0,
1747,665.2999239061035,7.0467496,height,,,,,,,,,,,5212291.0,5296273.0,5418297.0,4932605.5,5187945.5,2080023.9,2080144.8,2693246.0,1783878.1,2244002.2,2032513.2,1668944.4,2292396.2,3443751.2,3060610.0,3325383.5,3372020.8,3726536.8,3671716.0,2616740.2,2749635.5,2010243.2,3022778.0,0.0,
1748,359.193014064672,7.0494957,height,,,,,,,,,,,3050106.0,3210048.2,2956331.8,3000201.0,2963115.2,3332088.5,3501113.5,4030578.5,4540566.5,3522266.8,3403348.0,3387173.5,4353004.5,3781133.8,3404526.2,3532980.0,3866391.0,4072678.0,3915944.8,4267897.5,3966320.2,3945542.2,4452583.0,0.0,
1749,237.090422447926,7.0503755,height,,,,,,,,,,,0.0,0.0,0.0,0.0,63711070.0,0.0,0.0,0.0,0.0,0.0,0.0,0.0,0.0,0.0,0.0,0.0,0.0,0.0,0.0,0.0,0.0,0.0,0.0,0.0,
1750,494.2728359612341,7.056201,height,,,,,,,,,,,0.0,0.0,0.0,0.0,0.0,7744992.5,7049820.5,7925657.0,7973165.0,6635415.5,6408416.0,5978506.5,7136985.0,6224465.0,5573739.0,6281240.0,6269813.5,6520279.5,6327076.0,7105173.5,6648947.5,6895194.0,7514319.0,0.0,
1751,205.0821380705441,7.0563154,height,,,,,,,,,,,2989958.2,2983844.8,2671004.5,2640080.0,3851799.0,4521330.5,4786231.0,6065720.0,5542272.0,4486895.5,4655557.5,4459873.5,5524246.0,3814418.8,4026254.0,4279247.5,4718739.5,5099378.0,4675705.5,5547040.5,5536365.5,5315188.5,5995948.5,0.0,
1752,365.10566920886953,7.047663,height,,,,,,,,,,,12238942.0,12497324.0,11126824.0,11992244.0,11420458.0,15588465.0,14367946.0,15656311.0,14251594.0,15428272.0,14642312.0,11973570.0,15552424.0,12318555.0,10599068.0,11407800.0,11452172.0,11781442.0,10382014.0,15069080.0,13289238.0,13340143.0,13780878.0,0.0,
1753,360.15080052268627,7.049374,height,,,,,,,,,,,1591073.4,1932302.1,1829908.4,1673362.4,21620882.0,23615296.0,23825658.0,26572688.0,23387914.0,24270434.0,24005264.0,21010968.0,25926552.0,17850812.0,16480389.0,17559084.0,17246060.0,18016606.0,15528938.0,24937890.0,22171704.0,23076652.0,22771190.0,0.0,
1754,387.271690493564,7.0696526,height,,,,,,,,,,,2104027.8,1669804.9,2757805.0,1594200.1,6771831.0,8845120.0,7891050.0,8354234.0,7068734.0,7507747.0,7439791.0,6592283.0,8182317.0,6461096.0,5526013.5,6164656.0,5748095.5,5395110.5,5529050.5,7200753.0,6253735.0,7016961.5,7194768.0,0.0,
1755,375.1879643820826,7.0690665,height,,,,,,,,,,,3707326.0,3579280.2,3063215.8,3032324.5,3473545.2,6024883.5,5672472.0,6185925.5,4933691.5,5800705.5,5406033.5,4856700.5,6146406.0,5001994.0,4973402.5,5381138.0,5124440.5,4811870.0,4659792.5,5472524.0,4944933.0,5256222.0,5238158.0,0.0,
1756,361.1604523084589,7.069535,height,,,,,,,,,,,2681405.8,2534606.0,2220775.8,2269231.5,2915253.2,4230774.5,4165752.5,4440616.5,3687386.8,4310607.5,3988411.5,3568706.2,4343903.0,3567434.0,3317378.2,3864314.2,3506791.0,3310092.2,3264416.8,3812208.5,3639522.2,3621740.8,3587451.5,0.0,
1757,159.0765261407269,7.069547,height,,,,,,,,,,,4043282.8,0.0,0.0,0.0,22318272.0,0.0,0.0,0.0,0.0,0.0,0.0,0.0,0.0,1903758.1,1979254.9,2121319.8,1923778.6,2008100.2,1930782.1,0.0,0.0,0.0,0.0,0.0,
1758,177.08706780320242,7.0697975,height,,,,,,,,,,,5345050.0,1867700.1,0.0,0.0,35451810.0,0.0,0.0,0.0,0.0,0.0,0.0,0.0,0.0,2918446.8,2985896.8,3257265.8,2949228.0,3273526.2,2934184.2,0.0,0.0,0.0,0.0,0.0,
1759,519.2045229246921,7.069665,height,,,,,,,,,,,0.0,0.0,0.0,0.0,6158937.0,0.0,0.0,0.0,0.0,0.0,0.0,0.0,0.0,0.0,0.0,0.0,0.0,0.0,0.0,0.0,0.0,0.0,0.0,0.0,
1760,317.14570674433827,7.072073,height,,,,,,,,,,,6273581.0,6037269.0,2348621.2,4455583.5,0.0,0.0,1094499.8,1456394.6,0.0,1821043.0,0.0,0.0,1232980.2,2154935.0,1961027.2,2222729.2,2105356.2,1944246.8,1854287.1,2011107.6,1650091.1,1513770.8,1134129.6,0.0,
1761,546.2410779125556,7.078427,height,,,,,,,,,,,26391128.0,25164144.0,23750450.0,23806530.0,25004370.0,25691294.0,24079116.0,28159674.0,23576130.0,26541940.0,23456028.0,25834490.0,26354022.0,28108138.0,25980944.0,28327564.0,23393460.0,27553218.0,25728034.0,23928252.0,24921014.0,25537020.0,24055264.0,0.0,
1762,547.2445405958102,7.0779552,height,,,,,,,,,,,7622244.0,7831661.5,6778495.0,6628047.0,6582747.5,7019980.5,6255307.5,7638648.5,5959278.0,7833525.5,6913732.0,6627688.5,6690111.5,8242769.0,6622333.0,7161964.0,6572051.5,7053909.0,7208368.0,5970435.5,7115512.5,6877180.5,6385159.0,0.0,
1763,360.18767510074514,7.083837,height,,,,,,,,,,,17558492.0,18157896.0,18755862.0,19358792.0,21603866.0,9295518.0,8591391.0,9982519.0,6578843.5,8234569.0,7557922.0,7721730.5,9364891.0,13561277.0,12523774.0,13400181.0,10613532.0,13273362.0,13342692.0,9169270.0,9927600.0,8757716.0,10717092.0,0.0,
1764,568.2231340960184,7.084705,height,,,,,,,,,,,4318224.0,4382406.5,4072282.0,3801818.2,2691561.8,4235945.0,3554612.2,3665410.5,3784860.8,3705491.0,3754209.2,4098609.5,3725708.8,4625623.0,3808644.5,4333070.5,3107813.5,3879895.8,3847237.2,3519232.5,3799527.5,3659390.5,3613815.8,0.0,
1765,575.3407187012019,7.09742,height,,,,,,,,,,,2938464.8,2888377.8,2645883.2,2493761.2,2599856.8,2635946.0,2558291.0,2669981.5,3059398.0,2462333.8,2657335.8,3464161.2,2548067.0,3128951.5,2778722.8,2798663.0,2878886.0,3312848.2,2906692.8,2502340.2,3209639.8,2774559.5,2765359.5,0.0,
1766,435.208998451663,7.099052,height,,,,,,,,,,,10210089.0,9660627.0,8643414.0,8175953.0,10229630.0,0.0,0.0,0.0,0.0,0.0,0.0,0.0,0.0,3592994.8,3084998.2,3523621.2,3494529.0,3807480.5,3564890.5,0.0,0.0,0.0,0.0,0.0,
1767,414.2713233614836,7.101747,height,,,,,,,,,,,4118893.2,3567092.2,4658611.0,3457501.5,6297144.0,6428014.5,6286632.0,6030071.0,7217993.5,4841582.0,6118008.5,7401021.5,5704250.0,5745179.0,5170071.0,5552580.5,6054631.5,6068563.0,5516270.5,5855810.5,6617855.0,6715228.5,6297404.0,0.0,
1768,289.13945375532506,7.105008,height,,,,,,,,,,,4545399.5,3633698.0,3696858.8,3590742.8,4215954.5,4681244.0,4356723.5,4442534.5,4961830.5,3898652.2,4277016.0,5021815.5,4092623.2,3693114.2,3491381.5,4271141.0,4464050.0,3878105.0,3767245.2,4253287.0,4540469.0,4803616.0,4033908.8,0.0,
1769,249.1082208981885,7.1109314,height,,,,,,,,,,,7075742.5,3846327.2,3458093.8,3398438.5,30824318.0,6263199.5,5741618.5,8049909.5,3657200.5,3812883.0,4030367.8,3859094.2,3921831.0,6262929.5,6189658.5,6723044.5,7806846.0,6851198.5,6922175.0,6572504.5,7245476.0,6453599.0,6294074.0,0.0,
1770,357.24983785170195,7.1157327,height,,,,,,,,,,,7482012.5,5560771.0,5071655.0,5491498.5,3035811.8,4268862.5,3568007.2,4298948.0,4097084.5,3641653.2,4215505.5,4493258.5,3589878.8,4628960.5,4259769.5,4370935.5,5126707.0,4385993.5,4670314.5,4239736.0,4684273.5,4580023.0,4856891.0,0.0,
1771,206.1520677254473,7.1219635,height,,,,,,,,,,,8653947.0,6639370.0,7636435.5,6319520.0,7689247.0,8195620.0,7280738.0,8228065.0,8026410.0,7451126.5,7942498.5,8293645.0,7615557.5,7152933.0,6690735.5,7140225.0,8089644.5,7449819.0,8065229.5,7687466.5,8285833.0,8582497.0,8621353.0,0.0,
1772,362.1557752630735,7.12846,height,,,,,,,,,,,4115587.8,3063460.0,3378704.2,3351965.0,2308444.5,3665442.0,3347389.2,3703861.0,3548780.8,3426534.8,3297578.5,3862707.5,3313640.0,3397418.0,3142343.2,2863049.2,4091230.0,3595640.5,3829080.2,2926453.8,4244048.0,3536502.5,4081759.0,0.0,
1773,231.09760005245863,7.1430097,height,,,,,,,,,,,2980262.8,1738267.0,1201059.5,1710282.5,14505030.0,0.0,0.0,0.0,0.0,0.0,0.0,0.0,0.0,1658363.6,1529174.1,1805323.9,2017156.4,1821357.8,1776128.5,0.0,0.0,0.0,0.0,0.0,
1774,293.1343366886798,7.1398797,height,,,,,,,,,,,0.0,0.0,0.0,0.0,0.0,5045239.5,4749979.5,5681822.0,2390333.0,3006578.2,2448864.0,2232593.0,4312548.0,2335580.2,2253914.5,2618470.0,3180431.5,3734884.2,3526209.0,5268553.0,5747108.0,4634235.5,6347719.5,0.0,
1775,675.2838757464378,7.142687,height,,,,,,,,,,,2268537.8,2048397.5,2378135.8,2402682.5,2142341.8,2727865.5,2503341.0,2313278.2,2181821.5,2760720.2,2046862.4,2331223.2,1876059.6,1845955.9,2077659.0,2267434.0,2670742.2,2720631.0,2610983.8,2422180.8,2694472.5,2438432.0,2503717.8,0.0,
1776,672.2777101157117,7.145457,height,,,,,,,,,,,11773103.0,12171695.0,14034172.0,15290545.0,0.0,0.0,0.0,0.0,0.0,0.0,0.0,0.0,0.0,0.0,0.0,0.0,1363619.1,0.0,0.0,0.0,0.0,0.0,0.0,0.0,
1777,551.2938330330971,7.1475816,height,,,,,,,,,,,7853491.5,5720194.5,5886720.0,5648451.0,11401208.0,0.0,0.0,0.0,0.0,0.0,0.0,0.0,0.0,2320770.5,2224801.5,2257995.5,2723645.0,2523723.2,2498346.0,0.0,0.0,0.0,0.0,0.0,
1778,600.2992329273245,7.148409,height,,,,,,,,,,,19138352.0,20893706.0,24036266.0,23317330.0,23783802.0,31269204.0,23957940.0,24626826.0,20680600.0,27841932.0,23513116.0,22519234.0,17481988.0,19177492.0,19661350.0,22325984.0,27325790.0,23752008.0,22245124.0,25842056.0,22757214.0,25326622.0,24023858.0,0.0,
1779,398.2036634274057,7.1561856,height,,,,,,,,,,,5432304.5,4917270.5,5745250.0,5524029.0,5744181.0,7635696.0,6228756.0,6594666.0,5970563.0,6457665.5,5893667.0,6424054.5,5218437.0,4713625.5,5912059.5,5840802.0,5841285.0,5709762.0,5959420.5,6240860.5,6042659.0,5839180.5,6394276.5,0.0,
1780,547.321674676455,7.1661277,height,,,,,,,,,,,5919385.5,4994954.5,6688062.5,6313733.5,8197829.5,13767061.0,11213632.0,11376240.0,11149226.0,11178075.0,11454881.0,8922504.0,10137242.0,8615453.0,9451845.0,9594202.0,8787116.0,8902518.0,8258433.0,10355491.0,8582951.0,10137085.0,10401307.0,0.0,
1781,489.2306416877226,7.1843514,height,,,,,,,,,,,8053909.0,5600752.0,5360067.0,5021443.0,31665436.0,0.0,0.0,1662977.1,2374037.2,0.0,0.0,0.0,0.0,2292327.5,2846493.8,3199636.0,2905343.8,2750021.8,2520322.8,0.0,1597854.1,0.0,0.0,0.0,
1782,263.1734787476332,7.167783,height,,,,,,,,,,,17053170.0,20764418.0,25331208.0,20666466.0,30873322.0,37337336.0,31770462.0,32574564.0,32725394.0,30087410.0,31459486.0,30924662.0,30474780.0,27009366.0,30092382.0,34081628.0,28754324.0,28206270.0,27059798.0,29834164.0,28830172.0,31883590.0,30924582.0,0.0,
1783,527.3442840543621,7.169237,height,,,,,,,,,,,15268209.0,13734605.0,17786552.0,16563658.0,25996572.0,28989114.0,25191822.0,26509212.0,23275904.0,24129506.0,23662542.0,20595188.0,20977896.0,22174638.0,23851992.0,23768712.0,22819170.0,21313450.0,20500352.0,22382800.0,22400458.0,23179366.0,22262206.0,0.0,
1784,525.3403662835307,7.169632,height,,,,,,,,,,,292338900.0,265872430.0,339336160.0,315515870.0,502358880.0,561299100.0,488288130.0,505099940.0,448320700.0,465693120.0,458774080.0,392172030.0,401476770.0,427985920.0,463758140.0,460396300.0,432167100.0,407337250.0,393379780.0,442004350.0,434622180.0,448726900.0,446309400.0,0.0,
1785,359.26535847293746,7.1701508,height,,,,,,,,,,,9303486.0,7251112.5,9478231.0,8068912.5,15430790.0,15529787.0,13263917.0,14655589.0,11800967.0,12854308.0,13649303.0,11351968.0,11462237.0,10421393.0,12863760.0,13063235.0,11747935.0,11428326.0,10948923.0,12475109.0,9905746.0,12286818.0,12496244.0,0.0,
1786,526.3414191651284,7.1693025,height,,,,,,,,,,,86607944.0,79647990.0,100929040.0,93904440.0,150505870.0,178129200.0,149262560.0,158797580.0,137695900.0,147775660.0,146389730.0,0.0,135181760.0,146960220.0,141797460.0,156430270.0,129151020.0,142459870.0,121397750.0,133115880.0,134528640.0,160662640.0,134929890.0,0.0,
1787,185.1284937835536,7.1708508,height,,,,,,,,,,,5606143.0,6650997.0,7971088.0,6564043.0,9572609.0,11622333.0,9905339.0,10219453.0,10266941.0,9320171.0,9774094.0,9750379.0,9380343.0,8689498.0,9317071.0,10644661.0,8919266.0,8622577.0,8317578.0,9390026.0,9048235.0,10373075.0,9573143.0,0.0,
1788,375.2238197604764,7.17187,height,,,,,,,,,,,16682482.0,13883518.0,15476950.0,15493675.0,9927735.0,19023964.0,16507007.0,18621534.0,15169321.0,15354620.0,14687185.0,16052944.0,14909991.0,13107037.0,15454482.0,15278136.0,12040800.0,15986398.0,14437442.0,13381745.0,12829682.0,14066810.0,16637147.0,0.0,
1789,341.21836765444544,7.172231,height,,,,,,,,,,,45542868.0,42260936.0,45927590.0,45077296.0,59900460.0,72952104.0,64671050.0,68337960.0,61301612.0,61407788.0,62903516.0,56936236.0,57997730.0,59354644.0,65471668.0,64716750.0,58915220.0,57894200.0,56205990.0,61410380.0,58910492.0,63343850.0,62061572.0,0.0,
1790,157.13360047857878,7.1725984,height,,,,,,,,,,,3788607.8,4268550.0,5571969.5,4592065.5,6659375.5,8254641.5,6778140.0,6978780.5,6780981.5,6393112.0,6998098.0,6624128.0,6406358.5,6083669.5,6648717.0,7395003.5,6112544.0,6161661.0,5833815.5,6320463.0,6131059.5,7064059.0,6651403.5,0.0,
1791,234.10840469327184,7.1767826,height,,,,,,,,,,,0.0,0.0,0.0,0.0,8361494.5,0.0,0.0,0.0,0.0,0.0,0.0,0.0,0.0,0.0,0.0,0.0,0.0,0.0,0.0,0.0,0.0,0.0,0.0,0.0,
1792,244.1655748075596,7.1771936,height,,,,,,,,,,,3235660.2,2418430.5,2017983.9,2255417.8,1755489.4,2820357.5,2590597.2,2549447.0,2521063.0,2619811.8,2532031.0,2180574.0,2197883.0,2831638.0,2994199.5,2873720.2,2579164.8,2342635.2,2562510.8,2703843.5,2799271.5,2450921.0,2449323.0,0.0,
1793,693.294140093453,7.1805606,height,,,,,,,,,,,4665179.0,3386446.5,3866540.0,4284478.0,2862885.5,4097928.2,4219050.0,3949929.8,3550800.0,2930450.8,3514413.5,3120696.0,3204410.0,3953169.8,3638547.2,3426076.8,3306914.0,3666766.0,4126269.5,3200428.8,3230324.2,2934488.0,3876922.2,0.0,
1794,455.30561335735945,7.2095337,height,,,,,,,,,,,35228440.0,27557194.0,18936264.0,26600430.0,2054381.1,15042991.0,16319336.0,17536180.0,16224402.0,14457830.0,17109644.0,14976070.0,15085927.0,21360304.0,21148454.0,22253142.0,21260972.0,20197152.0,18817958.0,18530006.0,18681886.0,17230872.0,15638860.0,0.0,
1795,259.12890599665565,7.1992736,height,,,,,,,,,,,4544357.5,4292547.0,4465139.5,4208524.0,3583813.8,3476349.5,3918335.2,4132986.0,4104947.0,3347014.2,4054990.0,3900619.0,3515375.8,3468242.2,3589510.0,3391549.2,3766510.8,3577756.2,4478426.0,3693688.2,4424900.5,3419203.5,3955233.5,0.0,
1796,462.2193451290909,7.2004666,height,,,,,,,,,,,15341930.0,14999350.0,16566005.0,15976580.0,15178335.0,7069586.0,8909766.0,11139247.0,6682901.5,7277932.0,9765124.0,6780602.5,7195793.5,12552036.0,10574611.0,10454175.0,11078769.0,8502908.0,10386228.0,9835813.0,10896015.0,7639214.0,8800003.0,0.0,
1797,227.65482960288156,7.200467,height,,,,,,,,,,,19744204.0,16732386.0,11435523.0,15239083.0,1443292.9,9259966.0,9025507.0,10372322.0,8928927.0,8919843.0,10221224.0,8938896.0,9406211.0,12066064.0,12308746.0,12963246.0,11735500.0,12625853.0,13110592.0,11981939.0,11355576.0,9409954.0,9057758.0,0.0,
1798,454.3025220787575,7.2061687,height,,,,,,,,,,,134533220.0,99056264.0,67257064.0,87584310.0,7986139.5,58038344.0,59196220.0,66960860.0,60031830.0,51188610.0,60007364.0,52970650.0,53928244.0,83455350.0,79170170.0,74478580.0,75390770.0,72758456.0,71519180.0,69441760.0,72591736.0,59337396.0,56077644.0,0.0,
1799,446.2434196241735,7.2120714,height,,,,,,,,,,,6551198.5,5874025.0,6069518.5,6069874.0,6061284.5,6765548.5,6479581.5,7395571.0,7118048.5,6007375.0,6903742.5,5983536.5,6282352.5,6624590.0,6324980.0,6538739.0,6234882.5,6154398.0,6291894.0,6356164.5,7075109.0,6121294.0,6334037.5,0.0,
1800,267.1009871957797,7.2151117,height,,,,,,,,,,,0.0,0.0,0.0,0.0,5482827.5,0.0,0.0,0.0,0.0,0.0,0.0,0.0,0.0,0.0,0.0,0.0,0.0,0.0,0.0,0.0,0.0,0.0,0.0,0.0,
1801,631.2758438466809,7.226961,height,,,,,,,,,,,23690688.0,22472768.0,25912128.0,23874362.0,28303342.0,24924228.0,26410502.0,31029598.0,29835036.0,24874354.0,28755338.0,26740228.0,27140318.0,28231104.0,28032362.0,27996274.0,27610478.0,26431052.0,26230194.0,27441460.0,30254006.0,27475138.0,26610908.0,0.0,
1802,198.0848895773056,7.2332454,height,,,,,,,,,,,12391735.0,9333004.0,12070053.0,10044631.0,1822764.6,7775284.5,8353738.5,8852425.0,2525714.0,2836454.2,3112255.8,1843983.1,7705333.5,7407427.0,7299003.0,6224693.0,7263890.5,8054719.0,7011741.0,8342978.0,8752593.0,9206770.0,8601202.0,0.0,
1803,176.1029115953477,7.2328453,height,,,,,,,,,,,137705250.0,100349140.0,116035350.0,105307080.0,11834878.0,77629670.0,78833210.0,85425540.0,18776668.0,22500078.0,26126056.0,14790372.0,67641020.0,64266564.0,74488264.0,61498530.0,72740140.0,83295130.0,66757616.0,73463920.0,90958010.0,86125420.0,84369510.0,0.0,
1804,159.0763772344039,7.233224,height,,,,,,,,,,,85332744.0,64178624.0,72038210.0,66229644.0,8404980.0,48243856.0,50125572.0,53524380.0,11982978.0,14148368.0,16484829.0,9154733.0,42351250.0,40839412.0,46959804.0,39433830.0,45664788.0,52001532.0,43387210.0,46748890.0,56108240.0,56318428.0,53816640.0,0.0,
1805,383.1536424534496,7.2420335,height,,,,,,,,,,,2154693.0,2742188.0,2979537.0,3117403.2,1487218.4,5576107.5,5514854.5,5877839.0,8279330.0,6645561.5,6807900.5,6754671.5,5213707.0,5028183.5,4215447.5,4430002.5,4317889.5,4187603.5,4726236.0,5028870.5,5469776.5,4947313.0,4823656.0,0.0,
1806,361.1716300550365,7.2420335,height,,,,,,,,,,,28027474.0,31005086.0,34999676.0,38005504.0,13146155.0,60637256.0,60515264.0,64855316.0,74312024.0,59919350.0,61952940.0,62958880.0,54136870.0,53551876.0,51647596.0,49618136.0,52609996.0,50308820.0,51902428.0,57145070.0,63866748.0,58057980.0,53259536.0,0.0,
1807,398.2220856605838,7.244054,height,,,,,,,,,,,13574609.0,15392210.0,15427284.0,17950014.0,6701371.5,27925930.0,23748930.0,26606096.0,34308772.0,24511786.0,23705960.0,23925726.0,23357162.0,22514776.0,20309216.0,23130916.0,23272544.0,20450542.0,24250506.0,22713960.0,25207712.0,26155742.0,23046632.0,0.0,
1808,397.2193747937132,7.2428374,height,,,,,,,,,,,65372868.0,79435640.0,78884540.0,88699624.0,33648828.0,128933710.0,121310640.0,138526460.0,157237200.0,113006620.0,118585520.0,114074910.0,106935380.0,109981690.0,99118824.0,114152424.0,104442550.0,99810170.0,110248100.0,117882910.0,132957656.0,121263460.0,111901250.0,0.0,
1809,407.2209765893582,7.2442765,height,,,,,,,,,,,0.0,1489471.5,1599164.8,1449586.8,0.0,6525475.5,6995822.0,7561139.0,7956211.0,6456262.0,6890829.5,6352031.5,6188712.5,5582753.5,5283369.5,5639650.0,5696751.0,5414632.5,5845217.5,6159998.5,7636622.5,6523687.0,6553968.5,0.0,
1810,340.1979527516385,7.2449017,height,,,,,,,,,,,16094583.0,13305731.0,12229687.0,12627588.0,15287272.0,10352733.0,10206971.0,12834876.0,10625957.0,8425125.0,8539890.0,7653644.0,9006686.0,13601026.0,12667245.0,14015795.0,12770179.0,12202820.0,13538371.0,12027655.0,11566638.0,10101410.0,10788432.0,0.0,
1811,362.175202040211,7.240467,height,,,,,,,,,,,4580820.5,4642987.0,5230409.5,6305692.0,1831161.6,10391956.0,9158088.0,10356674.0,12546885.0,8868786.0,9132432.0,9504231.0,7982188.5,8792644.0,7434592.0,7342844.5,9098041.0,7126388.5,8880069.0,8714021.0,10001669.0,9093790.0,8728363.0,0.0,
1812,813.4356349339582,7.246393,height,,,,,,,,,,,0.0,0.0,0.0,0.0,0.0,4267400.5,4357449.0,4957009.0,5159977.0,4550120.0,4784800.0,4249753.0,4091835.0,3762059.2,3292640.8,3850665.2,3648527.0,3573982.2,3712106.2,4422897.5,4330741.0,4406288.0,4156166.8,0.0,
1813,419.2011737903597,7.2464843,height,,,,,,,,,,,2725918.0,3133144.5,2959531.2,3272223.5,1548887.8,5345071.5,4732454.5,5685969.0,6626174.5,5411209.5,5549372.5,4992182.0,4723005.5,4382280.5,3738257.0,4342247.5,3891959.8,3835478.0,4195196.0,4556766.0,5175053.5,4838905.0,4404506.5,0.0,
1814,490.2145511805643,7.2481413,height,,,,,,,,,,,6602354.5,6638971.0,5025173.0,6150783.0,4680972.0,6432225.5,5897409.0,6636645.5,6959973.0,6532845.0,5866023.5,5672687.0,5496994.5,6483098.5,5656350.5,6915868.5,6130725.0,6389172.0,6521787.0,5639783.0,6512334.0,5494650.0,5916505.5,0.0,
1815,263.63455593944565,7.2506766,height,,,,,,,,,,,7225396.0,8179617.5,6715026.5,7240484.0,9821149.0,6930772.0,7084788.0,7707737.0,7658573.0,7588775.0,6967194.5,6505646.0,6809897.0,7702678.5,7392934.5,8512140.0,8253047.5,6751305.0,7913951.5,6284579.5,7800825.0,6633755.5,7961114.0,0.0,
1816,596.3770557144591,7.2603683,height,,,,,,,,,,,3069715.8,4235525.5,4994724.0,4329290.5,6676916.0,0.0,2162893.0,2084439.9,0.0,1547191.4,2116968.0,1733294.4,2046419.9,2126347.8,0.0,1807529.4,1859629.4,2044176.8,1881780.6,1807666.8,2149780.2,2037153.8,1770760.8,0.0,
1817,254.6292661424643,7.269777,height,,,,,,,,,,,7666047.5,8825203.0,7607759.5,7447190.0,10181999.0,7031607.0,6633918.0,7878815.0,6565854.0,7554867.5,6761523.5,7574809.5,7231296.5,7435681.5,7145781.5,9347161.0,8420158.0,7577623.0,8551894.0,6870824.5,7610663.0,6701664.0,8820350.0,0.0,
1818,526.2624701372899,7.2719607,height,,,,,,,,,,,106060664.0,117332370.0,97357800.0,106694510.0,130838920.0,97247944.0,81935016.0,99572696.0,91836310.0,103689290.0,87165660.0,97975020.0,96129370.0,107798920.0,91572120.0,115473010.0,110988240.0,104869870.0,114998220.0,89131416.0,104767290.0,93411304.0,111125256.0,0.0,
1819,527.2644573607349,7.272432,height,,,,,,,,,,,27402312.0,31761384.0,25215902.0,28832968.0,35311720.0,25989074.0,21734064.0,25969514.0,24298408.0,27582838.0,23291804.0,26075548.0,25476944.0,28017390.0,23708374.0,30374284.0,29788232.0,27817844.0,30265822.0,23209482.0,27595860.0,24497072.0,29431160.0,0.0,
1820,521.2781807907335,7.273288,height,,,,,,,,,,,6642088.0,7393495.5,6325711.0,6046925.0,6973695.5,0.0,0.0,0.0,0.0,0.0,0.0,0.0,0.0,2461501.5,2449972.0,2892143.8,2612901.0,3144303.0,2605247.2,0.0,0.0,0.0,0.0,0.0,
1821,548.2438777437128,7.274102,height,,,,,,,,,,,3373302.2,4200864.5,3437193.2,3573325.2,5267992.0,3459305.0,3168731.5,3743367.5,3761670.2,4267511.0,3523495.2,3784021.2,3671165.8,3663045.0,2953541.5,4030715.8,3891773.2,3903383.0,4181456.8,3410383.0,3775122.5,3462582.8,4257590.0,0.0,
1822,235.0923871875557,7.2797346,height,,,,,,,,,,,4416189.0,4177518.8,4524413.0,4594747.0,3362307.0,9389962.0,9191405.0,10043473.0,11529319.0,10470288.0,9263583.0,10625655.0,9393872.0,7995927.5,7225478.5,7821396.0,8440861.0,8586046.0,7956095.0,9402488.0,11406620.0,10398516.0,8993693.0,0.0,
1823,269.16079334969413,7.283557,height,,,,,,,,,,,0.0,0.0,0.0,0.0,140216800.0,0.0,0.0,0.0,0.0,0.0,0.0,0.0,0.0,0.0,0.0,0.0,0.0,0.0,0.0,0.0,0.0,0.0,0.0,0.0,
1824,366.132940789203,7.288084,height,,,,,,,,,,,4336413.5,4536819.5,4843677.5,4614352.0,3968036.0,4767767.5,4686502.5,5580267.0,5574920.5,4553206.0,4341207.0,5145507.0,4773311.0,4021657.8,4255723.0,3861717.8,5030314.0,5584986.5,4469156.0,3831064.5,5296763.5,4812187.5,4774249.0,0.0,
1825,414.2710716451165,7.292337,height,,,,,,,,,,,4473155.0,4948777.5,4664396.5,4431895.5,5142843.5,5248716.5,5907592.5,7018343.0,6056831.0,5264227.0,5447391.5,5477164.0,6513423.0,5098985.5,5140396.0,5881706.0,5933537.5,6464403.0,5304743.0,5269584.0,5744197.5,5316995.0,5708408.0,0.0,
1826,205.08193840822696,7.3300242,height,,,,,,,,,,,1493035.0,1723588.0,1594379.8,1452155.6,7075804.0,1330610.1,1132820.2,0.0,0.0,0.0,0.0,0.0,0.0,975986.5,1052734.0,1060437.5,1242833.2,1226501.0,0.0,1256762.4,1118959.8,0.0,0.0,0.0,
1827,582.2174291685001,7.2990093,height,,,,,,,,,,,4803710.0,5603168.0,6228742.0,6259934.5,0.0,6104851.0,7537607.0,8349087.5,8723703.0,6187465.5,5953483.0,7410836.5,7692288.0,4786080.5,5072818.0,5697752.0,6090513.0,8368010.5,6888706.0,5435551.0,7578633.5,5550006.0,7087540.5,0.0,
1828,700.326313991383,7.305376,height,,,,,,,,,,,3871962.0,4309652.0,4624878.5,4433931.5,3771218.2,2915657.5,4218041.5,4343502.5,3155218.2,3232640.0,3100474.5,3024575.0,3870909.5,3783341.2,3862028.2,4040425.2,4475885.5,5026772.0,4174611.2,3286129.2,3565790.5,3104542.2,3811785.5,0.0,
1829,384.18759215368686,7.315965,height,,,,,,,,,,,3710240.0,3919628.5,4228315.5,3901088.5,2950230.0,4557621.0,5259083.5,5606244.5,4603531.5,4464932.5,4534944.5,4364730.5,5567855.0,4219976.5,4275593.5,4696620.5,5124681.0,5302172.0,4711050.0,4638182.5,4414946.5,4244525.0,5031934.5,0.0,
1830,389.16672841023,7.319949,height,,,,,,,,,,,4516938.5,4645273.0,4637974.5,4509014.0,2470501.2,5131339.5,5376059.0,5985476.5,5711044.0,5277877.0,5289378.0,4866555.0,6720637.0,3824675.2,4108164.5,4208733.0,5642517.5,5761139.5,5579731.5,4674537.0,5217738.0,4457670.5,6242297.5,0.0,
1831,561.2514125278884,7.318728,height,,,,,,,,,,,28966480.0,28648740.0,28642542.0,25491982.0,31698030.0,0.0,1177000.8,1643944.5,0.0,0.0,0.0,0.0,1115600.5,8934766.0,8112196.0,9009657.0,10142461.0,9366699.0,8720933.0,1490565.8,0.0,0.0,1952986.8,0.0,
1832,201.0871160027101,7.3218546,height,,,,,,,,,,,0.0,0.0,0.0,0.0,5290486.5,0.0,0.0,0.0,0.0,0.0,0.0,0.0,0.0,0.0,0.0,0.0,0.0,0.0,0.0,0.0,0.0,0.0,0.0,0.0,
1833,218.11362182068467,7.3218546,height,,,,,,,,,,,0.0,0.0,0.0,0.0,71356950.0,0.0,0.0,0.0,0.0,0.0,0.0,0.0,0.0,0.0,0.0,0.0,0.0,0.0,0.0,0.0,0.0,0.0,0.0,0.0,
1834,453.2458874447566,7.323594,height,,,,,,,,,,,3031059.5,2989636.8,3793086.0,0.0,3327938.5,0.0,4717074.0,5321721.0,4618294.5,4326320.5,4448856.5,5107599.5,5098984.5,3765818.5,3738412.0,3970461.5,4574419.5,4619565.0,4471968.5,3900020.5,4288250.0,4267982.5,4549534.0,0.0,
1835,240.09547309096928,7.3218546,height,,,,,,,,,,,0.0,0.0,0.0,0.0,11472558.0,0.0,0.0,0.0,0.0,0.0,0.0,0.0,0.0,0.0,0.0,0.0,0.0,0.0,0.0,0.0,0.0,0.0,0.0,0.0,
1836,326.1822650530028,7.3250356,height,,,,,,,,,,,4003968.5,3753534.5,4585990.5,4013604.8,4926805.5,4623930.5,4547306.5,4961059.5,4409874.5,4385831.0,4585019.5,4235018.5,4889451.0,4125861.5,3858976.5,4314875.0,5111441.0,4245863.5,4480596.5,4514519.5,4845007.5,4165365.2,4992538.5,0.0,
1837,568.8376835830448,7.33073,height,,,,,,,,,,,28982958.0,37836380.0,38755796.0,38390150.0,45052340.0,1374872.4,1594748.0,2627170.2,0.0,2674252.2,1804437.5,1345317.9,1737456.2,7944580.5,7761050.5,7920282.5,9722502.0,9121772.0,9095942.0,2616475.5,3053662.5,1648291.2,3251846.0,0.0,
1838,357.2496188903168,7.3314085,height,,,,,,,,,,,4699381.0,4269135.0,3453159.8,3832806.0,2130651.0,3411846.5,0.0,3420457.5,3220289.5,2874458.8,3257207.5,2918925.8,3282905.2,3014031.8,3318493.2,3351715.0,3441788.8,3683119.0,3416530.0,3449537.5,3254484.0,2777252.8,2860930.5,0.0,
1839,348.14004573195723,7.3345594,height,,,,,,,,,,,7296592.5,7629438.5,7785527.5,7453369.0,6606093.5,8392688.0,7046566.0,8316999.0,7229621.0,7592348.0,7582628.0,7770681.0,7679927.5,6979706.5,7424639.0,6864558.5,9003819.0,7627920.0,7922307.0,7142303.5,8210209.5,7296250.0,7022259.5,0.0,
1840,331.161186564174,7.334848,height,,,,,,,,,,,28576898.0,29554154.0,29814646.0,29915356.0,24554806.0,31442504.0,25539796.0,33028108.0,29324374.0,32070660.0,29336542.0,33282290.0,30165612.0,24542896.0,25546212.0,25992110.0,35474180.0,30825980.0,32994232.0,28433424.0,33042566.0,29378420.0,29714346.0,0.0,
1841,373.17181988268857,7.334848,height,,,,,,,,,,,21470038.0,22798892.0,23127218.0,21563668.0,18001374.0,22282950.0,17746730.0,23180004.0,20860630.0,21392502.0,20712344.0,21836946.0,21381018.0,18333148.0,19005388.0,18703264.0,25151444.0,20957408.0,22298682.0,19745856.0,22582292.0,20147734.0,20380092.0,0.0,
1842,635.3222793914903,7.336639,height,,,,,,,,,,,13392322.0,9401204.0,6095183.5,7623745.5,2929998.5,7529753.0,7532171.0,8507642.0,8242996.5,6927123.5,7290392.5,7411385.0,7753926.0,7501697.5,7572920.0,8138211.0,9327476.0,9672801.0,10024881.0,7610087.5,7940957.0,7104770.5,7533125.5,0.0,
1843,348.07035965992,7.347626,height,,,,,,,,,,,8405255.0,9131026.0,9372180.0,9649763.0,6817435.5,8652993.0,8440621.0,9664333.0,8149007.5,9496402.0,7842333.0,8217612.5,9558794.0,8172681.5,7968916.5,8518118.0,8576553.0,9268140.0,9307503.0,7593176.0,8481897.0,7681739.5,9306878.0,0.0,
1844,318.1648413389565,7.347381,height,,,,,,,,,,,6196259.5,4465559.5,3078597.5,3744811.0,1536351.0,4085383.8,3725175.5,3910320.0,3879685.8,3834704.2,3857725.8,4023293.8,3902719.8,3824741.5,4299636.5,4335998.5,4610759.0,4534689.0,4708474.0,4176837.8,4109926.2,4121588.0,3857692.0,0.0,
1845,207.09763138397,7.347648,height,,,,,,,,,,,2700642.5,3340444.5,3128863.5,3144093.8,22235742.0,2879470.0,2259795.5,2642472.5,2544737.5,2910383.2,2611125.0,2996752.0,2556415.8,2681732.8,2854289.8,3063598.0,3509238.8,3547240.5,3956856.2,2588008.0,2868033.0,2522161.8,2368684.0,0.0,
1846,203.15039663392105,7.348447,height,,,,,,,,,,,37624136.0,33839080.0,35081744.0,30788134.0,47873536.0,48263216.0,42286996.0,48895640.0,43254240.0,39055684.0,37926060.0,44412716.0,43077330.0,32349974.0,35484380.0,37006620.0,43955516.0,45855068.0,49652576.0,47500880.0,48734092.0,48853916.0,42212016.0,0.0,
1847,428.2869055783588,7.374373,height,,,,,,,,,,,0.0,3682963.5,0.0,3492293.8,3576554.2,5142336.0,0.0,4780864.5,5212683.0,4127117.5,5236782.0,4684270.5,4953801.0,4021670.5,5541828.5,4231610.0,5019126.5,4384382.5,4807223.5,4258934.0,4471590.0,4707568.0,4480299.0,0.0,
1848,255.14521204068856,7.358804,height,,,,,,,,,,,0.0,0.0,0.0,0.0,47637428.0,0.0,0.0,0.0,0.0,0.0,0.0,0.0,0.0,0.0,1135854.2,1210050.2,1265289.5,1239084.8,1218170.9,0.0,0.0,0.0,0.0,0.0,
1849,1136.6677922394686,7.350274,height,,,,,,,,,,,3829300.2,5514200.0,5248809.0,5552949.0,7009123.0,0.0,0.0,0.0,0.0,0.0,0.0,0.0,0.0,0.0,1224707.0,0.0,1525964.0,1207796.2,1560142.1,0.0,0.0,0.0,0.0,0.0,
1850,370.2086115055976,7.3618793,height,,,,,,,,,,,1988734.4,1654590.1,2740258.8,2233772.2,6744878.5,6389758.0,5738056.0,4956507.0,4712004.5,5386559.0,5557438.0,4905772.5,5099006.0,3840288.8,4326144.0,4257819.5,4670903.0,4511577.5,5275186.5,5128850.0,4756164.5,4773226.0,4963263.0,0.0,
1851,216.06332944272944,7.369467,height,,,,,,,,,,,0.0,0.0,0.0,0.0,26937404.0,0.0,0.0,0.0,0.0,0.0,0.0,0.0,0.0,0.0,0.0,0.0,0.0,0.0,0.0,0.0,0.0,0.0,0.0,0.0,
1852,277.1031302831301,7.3710055,height,,,,,,,,,,,53157200.0,54714772.0,56844784.0,67146970.0,33508660.0,77352010.0,76919080.0,66698664.0,67054220.0,78567624.0,70502460.0,63162724.0,76262760.0,60473680.0,66737024.0,65171160.0,62573616.0,64760920.0,79018760.0,74032390.0,73727100.0,64136136.0,77611896.0,0.0,
1853,241.08191785164055,7.3710666,height,,,,,,,,,,,4265765.5,3656014.5,3749951.5,5076662.5,2252913.0,5114394.0,5426264.0,4399369.0,4854138.0,5260008.5,5021820.5,4215197.0,4946696.5,4445375.0,4356827.0,4471599.5,4101656.5,4183698.5,5644190.0,5570872.0,5576125.0,4538431.5,5086852.0,0.0,
1854,259.0925938841742,7.3710747,height,,,,,,,,,,,33052600.0,30457354.0,31264788.0,40914764.0,18703630.0,42324484.0,43696524.0,37695240.0,39475880.0,43517244.0,40310380.0,35127532.0,40860616.0,35315584.0,36763796.0,36435716.0,34292576.0,35194480.0,44944812.0,43931216.0,44232100.0,36659656.0,43023520.0,0.0,
1855,476.19913239837626,7.375765,height,,,,,,,,,,,47359104.0,39825572.0,37998012.0,49476388.0,45877150.0,35712164.0,37890324.0,33499074.0,29373028.0,37439584.0,35319810.0,29686296.0,36008376.0,33895504.0,38135276.0,39839948.0,33267280.0,36068476.0,49789850.0,31847062.0,35232560.0,29133622.0,39064900.0,0.0,
1856,498.1809465515984,7.3761883,height,,,,,,,,,,,6205648.5,5040043.5,4861676.0,6458599.5,5560512.5,4630741.0,4844107.5,4517011.0,4173749.5,5387595.0,5032260.5,4258411.5,5050813.0,4604459.5,4814104.5,5109885.5,4449602.5,4542022.0,6715421.5,4619348.0,4834973.5,4078011.0,4628047.5,0.0,
1857,276.119291460437,7.3972054,height,,,,,,,,,,,4447187.0,4831966.5,2422403.0,5332373.5,5426629.0,0.0,1416569.1,0.0,1418714.9,1685722.1,0.0,1331665.2,1129074.9,1710572.8,2040203.1,2110892.0,1949281.4,2069904.4,2120536.5,1518044.4,1669525.5,1318156.6,0.0,0.0,
1858,675.2838652483264,7.395259,height,,,,,,,,,,,99634456.0,83498820.0,77435910.0,91511660.0,105446320.0,81470000.0,87870776.0,79649944.0,72811624.0,62084116.0,78318200.0,86701140.0,90014320.0,84398400.0,88884740.0,104278170.0,85888610.0,95473400.0,79431440.0,77237580.0,85772730.0,79554300.0,80799860.0,0.0,
1859,697.2656695039507,7.398932,height,,,,,,,,,,,9224342.0,7590989.0,7860184.5,9547980.0,8805195.0,8328414.5,9059443.0,7267075.0,8452810.0,7283691.5,7794477.5,8935770.0,9041340.0,7512203.5,7958598.5,9106581.0,7591260.5,8482745.0,7486293.0,8001800.0,8435695.0,7836680.5,7854986.0,0.0,
1860,359.24027420055984,7.402244,height,,,,,,,,,,,0.0,0.0,0.0,0.0,5712162.5,1844601.8,1721044.4,0.0,1265261.0,0.0,1041112.1,0.0,1551483.6,1491582.4,1623876.2,1773054.0,1544489.6,1701990.6,1799260.2,1815053.2,1773644.6,1751593.4,1815002.5,0.0,
1861,360.1878578526687,7.407407,height,,,,,,,,,,,2671080.5,2133052.2,2499409.0,2706998.2,2592359.8,4980352.0,4413377.5,4394376.5,5239391.0,3417585.5,3853969.0,5100043.5,4410570.0,3130964.2,3303297.0,3948278.2,3632384.8,3926850.2,4292675.0,3903402.0,4429711.5,3646991.0,3544559.5,0.0,
1862,635.3226189271359,7.3618455,height,,,,,,,,,,,12290561.0,10657956.0,6056444.5,8004223.0,3265109.0,8755193.0,7964612.0,8305948.0,7971599.0,7785943.5,8504828.0,9322531.0,7519186.5,0.0,8574601.0,7876632.5,10144088.0,9564379.0,10480416.0,8780417.0,8331028.0,7958297.5,6961842.0,0.0,
1863,219.04357752239,7.410011,height,,,,,,,,,,,3659624.8,3462740.8,3937916.5,4299232.5,0.0,7328442.5,6625626.5,5588228.5,6873970.5,5241290.5,5179327.5,6184526.0,6647231.5,4150258.8,4649036.0,4852858.0,4260763.0,5621410.0,6016338.5,6987325.5,7386347.5,6218191.0,6526915.5,0.0,
1864,345.24985418577023,7.414524,height,,,,,,,,,,,8727312.0,8929342.0,9052438.0,8968442.0,12118574.0,11084732.0,10087466.0,9407688.0,10346325.0,7685467.0,7801870.5,8727506.0,9597499.0,8016976.5,9887748.0,8996627.0,8411753.0,9970123.0,11167593.0,10014804.0,10300177.0,8611610.0,9086167.0,0.0,
1865,626.3878843895353,7.4205327,height,,,,,,,,,,,8136147.5,9284641.0,8526072.0,8944822.0,10510833.0,10494466.0,8959709.0,8669825.0,10477947.0,8685921.0,7625676.0,9519373.0,8790381.0,7972467.5,10436435.0,9849989.0,8099783.5,9861622.0,11518862.0,8962801.0,10807577.0,8354186.0,7701668.0,0.0,
1866,320.14530357070043,7.4213777,height,,,,,,,,,,,4172824.5,4372386.0,4073907.5,4242204.5,3090472.8,4242212.0,4043048.8,3872924.2,4777817.5,3599940.2,3365013.8,4136115.5,3985960.2,3391026.2,3871090.2,3847108.2,3496205.0,4119304.0,5126457.0,3740414.2,3749603.5,3681976.2,3900381.0,0.0,
1867,262.10357615027567,7.425624,height,,,,,,,,,,,9301271.0,7930393.5,4024322.0,6074543.5,20831428.0,7271773.5,7993540.5,9483741.0,4412098.0,2318891.5,2214170.2,1888794.2,3985496.0,6159789.0,7347696.0,7305985.0,6522508.0,6799201.5,7517299.0,9259544.0,8731464.0,7900653.5,6897985.0,0.0,
1868,544.2732691334437,7.425623,height,,,,,,,,,,,6789342.5,7458102.5,6408981.5,7126255.0,0.0,11123078.0,10940200.0,10727607.0,13144252.0,10647257.0,9356572.0,11370713.0,10144374.0,8852233.0,12074589.0,10813600.0,9402630.0,10583848.0,12307353.0,11934201.0,13223350.0,11292384.0,9818631.0,0.0,
1869,348.07044630587046,7.3769784,height,,,,,,,,,,,8280558.5,9465632.0,9050595.0,10179281.0,6256888.0,9264044.0,8854909.0,8225449.0,8035613.0,10654119.0,9386600.0,8853188.0,8415608.0,7512367.5,8772404.0,8899308.0,8687161.0,9139650.0,9130270.0,8272838.0,8254620.5,8485888.0,8021134.0,0.0,
1870,789.425876729874,7.4429865,height,,,,,,,,,,,0.0,0.0,0.0,0.0,0.0,25571954.0,22021194.0,20627628.0,31057184.0,18075892.0,21938780.0,22598178.0,23959910.0,20924458.0,21902516.0,22589364.0,25252382.0,20934286.0,23445430.0,17474528.0,22357294.0,19995006.0,19300966.0,0.0,
1871,269.1609367751627,7.4464307,height,,,,,,,,,,,0.0,0.0,0.0,0.0,39990880.0,0.0,0.0,0.0,0.0,0.0,0.0,0.0,0.0,0.0,0.0,0.0,0.0,0.0,0.0,0.0,0.0,0.0,0.0,0.0,
1872,455.225257888936,7.457916,height,,,,,,,,,,,15826100.0,17381316.0,17367734.0,15847967.0,14902080.0,15810168.0,13180064.0,15759595.0,16191504.0,11673438.0,15643798.0,13091202.0,17848846.0,16986892.0,16344649.0,14980813.0,17919374.0,15474963.0,18881804.0,14836921.0,17459582.0,15214915.0,17492422.0,0.0,
1873,229.12968998755028,7.459939,height,,,,,,,,,,,21304284.0,23407016.0,25505844.0,22805554.0,18512018.0,24531490.0,21012134.0,23619032.0,25972776.0,18580546.0,23524298.0,22139404.0,26588076.0,23175372.0,21402450.0,21168408.0,23134910.0,22274798.0,25657948.0,22993348.0,26411922.0,23279454.0,26388428.0,0.0,
1874,428.2869567769261,7.4575534,height,,,,,,,,,,,3209458.0,3474380.2,3548744.0,3388040.2,3452690.8,5081554.0,4785767.5,4792312.5,5590072.5,4254654.5,5500646.0,4785934.5,5392924.0,5785025.0,4967098.0,5510591.5,6024752.0,4374505.5,4795345.5,5207803.5,5562137.5,4887712.5,5209549.0,0.0,
1875,764.3656975475047,7.475037,height,,,,,,,,,,,70991290.0,79821340.0,78896020.0,75078700.0,80908264.0,84477430.0,78642200.0,78734344.0,93629656.0,64239280.0,92166690.0,73938340.0,85780460.0,91269540.0,93287810.0,102834640.0,121453016.0,90794290.0,93569510.0,86911840.0,96578264.0,74748910.0,86236870.0,0.0,
1876,326.18237544425074,7.4813805,height,,,,,,,,,,,28858304.0,26896338.0,24880602.0,25861772.0,8197725.0,29095750.0,26039972.0,24644270.0,30772660.0,23419248.0,25771186.0,24637384.0,23888850.0,24372864.0,26484072.0,29162388.0,31068010.0,24077166.0,23356266.0,33103500.0,30386454.0,24598054.0,27118330.0,0.0,
1877,204.0981189149035,7.48551,height,,,,,,,,,,,0.0,0.0,0.0,0.0,5590121.0,0.0,0.0,0.0,0.0,0.0,0.0,0.0,0.0,0.0,0.0,0.0,0.0,0.0,0.0,0.0,0.0,0.0,0.0,0.0,
1878,382.6867329343895,7.4878078,height,,,,,,,,,,,92750020.0,96534930.0,110701030.0,97389710.0,96275600.0,110171500.0,102934640.0,99979610.0,112585840.0,98981010.0,107489780.0,97629750.0,102467630.0,111834280.0,120110430.0,133019260.0,130716730.0,116448180.0,107170000.0,113538424.0,122066320.0,108493780.0,113334460.0,0.0,
1879,366.1333766923893,7.4893007,height,,,,,,,,,,,3067618.5,2479150.8,2226894.8,2373433.5,1383499.8,5419394.5,5590645.5,5192545.0,5615791.5,4945431.5,5061218.0,4816727.0,5289262.5,5313491.0,5756748.5,6276289.5,5983637.0,4824459.5,4784444.5,6317874.0,7099616.0,5416665.0,5903586.5,0.0,
1880,207.0977577302849,7.4947953,height,,,,,,,,,,,0.0,0.0,0.0,0.0,7792156.0,0.0,0.0,0.0,0.0,0.0,0.0,0.0,0.0,0.0,0.0,0.0,0.0,0.0,0.0,0.0,0.0,0.0,0.0,0.0,
1881,550.2366209696859,7.4948187,height,,,,,,,,,,,3664714.8,3769659.2,3867553.0,3482432.0,2849000.0,3535506.0,3613361.0,3719063.0,3740950.0,3778680.5,3799285.0,3430656.5,3530318.8,4565849.0,4734438.5,4922396.5,4403048.0,3912554.0,3649421.0,4267766.5,4924972.0,4533972.0,4076162.0,0.0,
1882,435.1726668757051,7.5008345,height,,,,,,,,,,,3494333.0,3422455.8,3893867.0,2838331.2,2777358.8,3193314.0,3369281.8,3228809.2,3443361.2,3246758.5,3305007.5,3184058.8,3218087.8,3891175.0,3713373.8,3639467.8,3429957.2,3959481.8,3158725.5,3815399.5,3962687.5,3707030.8,3547362.2,0.0,
1883,373.2562082784242,7.499995,height,,,,,,,,,,,0.0,0.0,1852076.5,0.0,4118124.5,3263032.5,3392701.2,3440334.5,3255833.8,2739977.2,3247883.5,2647644.0,3081411.8,3159589.8,3029315.0,3070076.8,2985639.8,3035220.5,2666268.5,3958152.5,3699708.5,3867504.0,3414736.8,0.0,
1884,341.14365847073606,7.507082,height,,,,,,,,,,,4973745.5,5209122.5,6093911.5,4893381.5,8603360.0,3088783.2,3270135.5,3387919.5,2340020.2,3124869.2,2775743.5,1951257.4,3106572.8,5213056.5,4199481.0,3933556.0,4087832.5,4388338.5,3919794.2,4662699.0,4078946.0,4206486.5,3944992.0,0.0,
1885,134.04490350075574,7.519371,height,,,,,,,,,,,1391549.9,0.0,1041685.94,0.0,7207642.5,3374548.5,1973182.0,0.0,1248147.5,0.0,0.0,1116948.2,988961.4,0.0,0.0,1442655.1,1625723.9,2904810.2,3772302.2,2263065.0,1485129.0,1174529.0,1120945.8,0.0,
1886,637.3159563611528,7.5138083,height,,,,,,,,,,,5532331.5,6141204.5,7260285.0,5663912.0,14462499.0,2854816.0,2144149.0,2700822.5,0.0,1745089.9,1422999.2,0.0,2130133.2,4087209.0,3195552.8,2903065.8,3695037.2,3799686.2,3358739.0,3300026.8,3271269.0,3052489.8,3262811.0,0.0,
1887,200.10317905042828,7.5165815,height,,,,,,,,,,,4486149.0,4964049.0,4865487.0,4086239.5,5977062.0,2807340.8,2600801.8,2756006.8,1788163.5,2013125.6,2246351.0,1724256.0,2438884.2,3638943.8,2920997.8,2982891.2,3422059.5,4091014.2,3597435.2,3559748.0,3019452.0,3188428.8,3414279.2,0.0,
1888,319.16141008024897,7.517064,height,,,,,,,,,,,101497160.0,111766550.0,110346450.0,94815860.0,137257020.0,68620790.0,62039124.0,64156820.0,39721904.0,49490530.0,51407776.0,40548870.0,56424532.0,86946360.0,66538680.0,69456600.0,78824020.0,95409830.0,83696380.0,82008710.0,73424650.0,70497800.0,79032744.0,0.0,
1889,301.150842285268,7.5174775,height,,,,,,,,,,,9321773.0,10352655.0,10115377.0,8628068.0,12105801.0,6043048.0,5609947.0,5834483.5,3907847.2,4743174.5,4732535.5,3561745.0,5133179.5,7716422.5,6189574.5,6151078.0,7381201.0,8265982.0,7196028.0,7070273.0,6760417.0,6694672.0,7222961.0,0.0,
1890,322.1871135501183,7.5224385,height,,,,,,,,,,,0.0,0.0,0.0,0.0,14119381.0,0.0,0.0,0.0,0.0,0.0,0.0,0.0,0.0,0.0,0.0,0.0,0.0,0.0,0.0,0.0,0.0,0.0,0.0,0.0,
1891,152.05676380805843,7.5232005,height,,,,,,,,,,,16590014.0,19949434.0,17770126.0,15012723.0,8163685.0,17478234.0,17231198.0,15234746.0,16877864.0,16883974.0,19415290.0,19091856.0,16330925.0,18253182.0,16690841.0,16989112.0,18140946.0,20327804.0,18368842.0,16038611.0,17305336.0,17706294.0,19273248.0,0.0,
1892,346.0549061421696,7.5231953,height,,,,,,,,,,,92740344.0,109553420.0,98190210.0,83970390.0,45154180.0,100246530.0,98085870.0,84335430.0,93673580.0,91902130.0,105464430.0,107274290.0,90025170.0,100608730.0,94370580.0,96787020.0,101064240.0,110643656.0,102198430.0,92382344.0,98464300.0,98481560.0,107923790.0,0.0,
1893,248.12418830656048,7.532007,height,,,,,,,,,,,0.0,0.0,0.0,0.0,32962650.0,0.0,0.0,0.0,0.0,0.0,0.0,0.0,0.0,0.0,0.0,0.0,0.0,0.0,0.0,0.0,0.0,0.0,0.0,0.0,
1894,378.15123509871,7.534436,height,,,,,,,,,,,7105920.5,9105015.0,6880042.0,7713975.5,5761002.0,6828447.5,6990683.0,6079464.0,7814381.5,6840181.0,7525997.0,8355501.5,6748446.0,6294660.0,7918222.0,7186060.5,6848259.0,8036744.0,8368638.5,6230360.0,6920450.0,6414905.0,8179208.5,0.0,
1895,331.2339326827947,7.552714,height,,,,,,,,,,,4226721.5,3603761.5,5532711.5,4549928.0,13992978.0,8533582.0,6944357.0,8476940.0,6610567.0,5892700.5,8573939.0,6365698.5,7646614.5,6637393.5,7822577.5,7091173.0,6850941.5,7747038.5,6972066.5,7356976.0,7236129.0,6926660.0,9002478.0,0.0,
1896,490.2146427775848,7.560312,height,,,,,,,,,,,123028740.0,124869704.0,119100900.0,135630510.0,109512730.0,137084940.0,136221440.0,129150010.0,144133970.0,117805416.0,131682380.0,142872290.0,130309000.0,113592570.0,135036770.0,121083060.0,116093780.0,147291420.0,103659210.0,127465576.0,114885710.0,108968090.0,131118080.0,0.0,
1897,512.1966216630341,7.5651956,height,,,,,,,,,,,14681854.0,14930288.0,13413379.0,16386061.0,10390880.0,14851269.0,17066240.0,14408434.0,16770864.0,15563287.0,16351463.0,19619290.0,15904512.0,14751518.0,12721168.0,14094210.0,12529369.0,16576288.0,12816373.0,14948385.0,13219535.0,13474381.0,12512797.0,0.0,
1898,356.192806562692,7.5678315,height,,,,,,,,,,,5448265.5,4678422.0,5638473.0,5173673.0,8711832.0,8990579.0,9528381.0,8462554.0,8992110.0,8414487.0,8480336.0,10040293.0,8821367.0,6990027.0,7247301.5,7943422.5,7044944.0,8913917.0,7176702.5,8637570.0,7769732.0,8115023.0,7750192.0,0.0,
1899,359.2399955534127,7.569558,height,,,,,,,,,,,2662354.2,2530904.5,3500713.8,2963873.0,9359879.0,4134916.5,4345733.0,4168076.2,2860113.2,3083465.0,3172316.5,3100064.0,3599060.2,3682606.0,3512438.0,4231498.0,3668787.0,4487443.0,3610533.8,4586195.5,3825518.5,3963981.0,3715771.2,0.0,
1900,612.371987523632,7.580677,height,,,,,,,,,,,3854251.5,4052786.5,3766824.8,4300827.5,4801692.0,3107987.5,3522496.2,3729287.2,3118280.0,3351899.0,3595535.8,3594962.8,3422739.0,4217278.5,0.0,3674490.0,3828334.2,4001016.0,3168422.8,3308068.5,0.0,3118617.2,3759389.5,0.0,
1901,343.2341150128724,7.5781927,height,,,,,,,,,,,2426578.0,2449521.5,2285838.8,2618586.8,2650216.2,8069196.5,8332610.0,7969518.5,9057156.0,8336986.0,7905314.5,8444508.0,7631539.5,6603639.0,6676170.5,6293316.5,6256482.5,6788637.5,5796915.0,7482364.0,6427902.0,7533474.5,6585979.0,0.0,
1902,306.0484450183777,7.574692,height,,,,,,,,,,,30981240.0,31976412.0,28723992.0,30049118.0,19640298.0,19596562.0,23940572.0,18940658.0,21033496.0,20637174.0,19979262.0,23594680.0,21816930.0,24028092.0,21380338.0,26294974.0,24011910.0,25666714.0,22686346.0,29905378.0,23028926.0,24614160.0,22206628.0,0.0,
1903,767.3207474325278,7.5834117,height,,,,,,,,,,,10139930.0,10103968.0,8942467.0,9107368.0,17508670.0,0.0,0.0,0.0,0.0,0.0,0.0,0.0,0.0,4118373.5,3681889.5,4207614.0,4081256.8,3824888.5,3584912.0,0.0,0.0,0.0,0.0,0.0,
1904,246.18110746980057,7.58236,height,,,,,,,,,,,2083713.8,1934129.6,1774558.1,1862470.9,1937046.9,2800057.2,3247089.2,2627377.2,3731802.2,3378497.8,3517977.5,4189054.0,3487116.0,2601910.8,2575128.2,2795814.2,2784951.5,2964952.0,2692425.0,3249811.0,3038325.8,3231780.5,2754736.5,0.0,
1905,486.2922559951292,7.5909405,height,,,,,,,,,,,2983887.0,3128084.0,3142884.2,3406229.0,3361329.0,3652175.2,3797313.5,3679571.0,3388260.0,3863087.5,4384663.0,4174021.0,3981178.8,3658865.8,3170543.8,3680048.0,3968999.0,3955891.2,3260734.2,3892844.8,3517605.2,3849068.2,3371017.8,0.0,
1906,398.2219351363672,7.6097445,height,,,,,,,,,,,19811550.0,19461750.0,22341930.0,20061850.0,24317010.0,32582080.0,27332590.0,32392320.0,28296736.0,22304900.0,29099884.0,28350596.0,27450990.0,23152148.0,23458148.0,19971032.0,24027458.0,33772360.0,24829662.0,24379428.0,27056400.0,24882284.0,28889036.0,0.0,
1907,584.3768841268154,7.5918946,height,,,,,,,,,,,4482201.0,3878783.8,3059181.5,3825884.5,1234242.0,34024588.0,37533604.0,34410096.0,36103828.0,35022620.0,40896516.0,42037076.0,37228216.0,30089288.0,28789604.0,31560188.0,30865214.0,32514954.0,25895588.0,33292850.0,30408282.0,34666310.0,31269850.0,0.0,
1908,690.3667789865133,7.5933423,height,,,,,,,,,,,8373962.5,7408452.5,6224444.0,7083157.0,10473904.0,0.0,0.0,0.0,0.0,0.0,0.0,0.0,0.0,2591854.8,2750689.2,2695959.5,2772712.0,3034714.0,2486401.8,0.0,0.0,0.0,0.0,0.0,
1909,185.12845787956377,7.5944796,height,,,,,,,,,,,4477810.0,4472469.5,4215477.0,4403075.5,4996915.5,5193451.0,4910595.5,4997220.5,5669711.5,5255893.5,5338410.0,5413587.5,5492607.5,4807164.0,4543903.5,4721039.5,5324188.5,4814626.0,4778858.5,5465536.0,5492745.0,5043141.0,4851384.5,0.0,
1910,345.6868086452167,7.5944576,height,,,,,,,,,,,3834079.0,3642931.5,2707420.0,2974442.5,4557978.5,0.0,0.0,0.0,0.0,0.0,0.0,0.0,0.0,1332117.1,1392105.5,1221736.4,1401475.5,1702548.8,1497086.2,0.0,0.0,0.0,0.0,0.0,
1911,369.24966271489495,7.595427,height,,,,,,,,,,,7065078.0,7173025.0,6319969.5,7145645.0,8717541.0,8016655.5,8041891.5,8483803.0,8344408.0,7969351.0,9265889.0,9008448.0,9104631.0,7497201.5,7192375.5,7948149.0,8416918.0,8523358.0,7017867.5,9134617.0,7968539.0,8586739.0,7485849.5,0.0,
1912,163.0712420866526,7.598038,height,,,,,,,,,,,0.0,0.0,0.0,0.0,5624180.5,0.0,0.0,0.0,0.0,0.0,0.0,0.0,0.0,0.0,0.0,0.0,0.0,0.0,0.0,0.0,0.0,0.0,0.0,0.0,
1913,235.09234301646492,7.617064,height,,,,,,,,,,,4192225.8,2529077.2,1628166.1,1836869.8,24069492.0,4749488.0,4805082.0,5962853.5,3047886.5,6471800.5,2554183.5,9198409.0,7935319.5,5105860.5,5430068.5,5119883.0,4778525.5,5305485.0,4725682.0,6095672.5,5947107.0,5412443.0,8304699.0,0.0,
1914,345.2494654064214,7.603541,height,,,,,,,,,,,11063862.0,9800676.0,13032639.0,11067612.0,17418220.0,18321500.0,16727456.0,19608936.0,17387578.0,14943591.0,19232648.0,17263926.0,18594348.0,16145006.0,16238117.0,15416509.0,15900707.0,18385922.0,14450351.0,17376986.0,18220546.0,17196694.0,16097827.0,0.0,
1915,397.2193835335944,7.6085324,height,,,,,,,,,,,86978350.0,91453490.0,97600320.0,91434650.0,112781890.0,136114140.0,134096080.0,144582820.0,136543180.0,108558430.0,135977780.0,138322780.0,135464420.0,110093580.0,110253410.0,104519896.0,110488744.0,129838240.0,106785880.0,123252550.0,128745416.0,126132760.0,135589580.0,0.0,
1916,323.1446380825804,7.6124835,height,,,,,,,,,,,0.0,0.0,1132093.1,0.0,0.0,3130189.8,2964626.8,4204502.5,1154629.8,1653249.9,1608581.0,0.0,2567076.8,1872606.6,2048198.8,1887648.4,1943901.2,2244407.8,2099045.5,3151556.2,3286062.5,2590854.2,3642758.2,0.0,
1917,428.2618264863302,7.6134048,height,,,,,,,,,,,5156996.0,5123862.5,4154328.0,4585526.0,1894965.0,3504309.2,3830122.2,4458319.5,3860389.2,3321676.8,3923944.5,4096224.2,3945862.2,4320398.0,4098442.0,4027439.5,3837220.2,4672036.0,3987208.2,3787203.0,4088745.8,3870693.5,3766447.2,0.0,
1918,262.1032741886185,7.619176,height,,,,,,,,,,,1561241.9,1892971.8,1183824.1,1314344.5,1560355.9,3023248.0,2960678.8,2949847.0,2889739.0,2124664.0,2354736.5,2570935.2,2653785.5,2162194.0,2343102.8,2130177.8,2109888.2,2328097.2,2262404.2,2770591.2,2825620.8,3251852.5,2593599.0,0.0,
1919,288.20291833273546,7.6262193,height,,,,,,,,,,,0.0,0.0,0.0,0.0,66483636.0,0.0,0.0,0.0,0.0,0.0,0.0,0.0,0.0,0.0,0.0,0.0,0.0,0.0,0.0,0.0,0.0,0.0,0.0,0.0,
1920,345.2245054954992,7.662988,height,,,,,,,,,,,5411956.5,5782868.0,5400647.0,5187924.5,6193896.5,4598072.0,4025573.5,4603999.0,3785694.0,3980298.2,3703460.8,3604290.2,3536110.8,5345146.0,5005543.5,4822366.0,4734774.5,4839346.0,4452337.5,3957795.0,4627786.0,5125314.5,4216751.0,0.0,
1921,253.08525433808776,7.6636586,height,,,,,,,,,,,0.0,0.0,0.0,0.0,6953087.0,0.0,0.0,0.0,0.0,0.0,0.0,0.0,0.0,0.0,0.0,0.0,0.0,0.0,0.0,0.0,0.0,0.0,0.0,0.0,
1922,322.1873063376369,7.6636586,height,,,,,,,,,,,0.0,0.0,0.0,0.0,12129697.0,0.0,0.0,0.0,0.0,0.0,0.0,0.0,0.0,0.0,0.0,0.0,0.0,0.0,0.0,0.0,0.0,0.0,0.0,0.0,
1923,263.08733627357043,7.664644,height,,,,,,,,,,,13855984.0,14537448.0,15143186.0,15054800.0,5595891.0,20487378.0,19029884.0,19506676.0,23253364.0,19892346.0,21935740.0,22844860.0,19173882.0,17290950.0,16244726.0,19084698.0,18985690.0,16476149.0,18649054.0,17551838.0,20585812.0,22400846.0,20147306.0,0.0,
1924,245.0767630690981,7.665543,height,,,,,,,,,,,11757322.0,13137443.0,13409338.0,12915296.0,4927066.0,16790908.0,16109732.0,16962612.0,18826218.0,17262394.0,18710296.0,19122768.0,15822852.0,14460550.0,13775910.0,16434678.0,16199433.0,14250802.0,15538151.0,14401442.0,17446882.0,18838566.0,16848402.0,0.0,
1925,789.4252682279196,7.6116586,height,,,,,,,,,,,0.0,0.0,0.0,0.0,0.0,17262604.0,15971945.0,15784608.0,16553658.0,10875129.0,17106542.0,16648172.0,18304420.0,18026436.0,12246529.0,16382808.0,10891090.0,9038161.0,11362203.0,12448757.0,11715974.0,14776807.0,13364695.0,0.0,
1926,679.3524124590688,7.6740417,height,,,,,,,,,,,4585988.0,4991179.5,4679344.0,4433730.5,3631857.2,2821217.0,3065006.8,3191700.5,2927447.2,2959548.8,3233912.0,3451358.2,3106719.5,3469724.5,3597273.0,3680018.8,3538049.8,4008548.0,3394978.0,3229161.8,3122088.5,3184546.0,3380744.5,0.0,
1927,517.2803865307679,7.6871686,height,,,,,,,,,,,7083944.0,10972086.0,13603066.0,9827095.0,16910946.0,0.0,2191385.2,2170333.8,1816038.4,1534293.6,1887500.5,2076287.0,2054029.4,5060064.0,4754950.5,4687982.0,4474573.5,4262187.5,4562709.0,1717611.9,1893957.9,2121513.2,2005433.9,0.0,
1928,305.1455195731796,7.6846013,height,,,,,,,,,,,30381262.0,28974322.0,28494820.0,27735976.0,24616600.0,26667800.0,25410948.0,27587346.0,27438722.0,26015482.0,26083772.0,29142618.0,28436208.0,26054312.0,23071890.0,25114900.0,28214330.0,31861572.0,22987660.0,23646940.0,24928292.0,26525198.0,28579528.0,0.0,
1929,449.2394490245495,7.692763,height,,,,,,,,,,,2432322.5,2605674.5,4195366.0,2282909.2,3824828.8,4223520.5,4215354.5,4736851.5,4527886.0,3740555.2,3951791.0,4293302.0,4949599.5,3532736.2,3022622.2,4047646.8,4097893.0,4217859.0,3249028.2,3461631.8,4095483.0,4373285.0,4561135.0,0.0,
1930,331.2338241602227,7.69346,height,,,,,,,,,,,10890356.0,11737950.0,13814293.0,11017270.0,13788848.0,14056998.0,14044075.0,15290845.0,11739588.0,10929684.0,11421145.0,12008400.0,13830148.0,11773904.0,10416325.0,13893731.0,12647462.0,14551460.0,11271743.0,12832075.0,14598959.0,15524869.0,15354357.0,0.0,
1931,235.0924466415389,7.693482,height,,,,,,,,,,,8807907.0,7393783.0,7901587.0,7143381.0,5906573.0,7656435.5,6952481.5,7786059.5,8310957.0,6220742.5,5779098.0,8705631.0,7775973.5,6092012.5,5656178.5,7239479.0,5727571.5,8394036.0,7567959.0,6120718.5,7315554.5,7194504.5,8484384.0,0.0,
1932,446.2435959281272,7.6934633,height,,,,,,,,,,,292902620.0,295890460.0,421933220.0,298914200.0,463823300.0,548688200.0,549308100.0,591946900.0,534582340.0,464887550.0,484429340.0,549511300.0,585346500.0,433866020.0,372253020.0,512630980.0,486218780.0,545367100.0,412347260.0,440343700.0,534525020.0,582616960.0,579773250.0,0.0,
1933,323.665002025398,7.694245,height,,,,,,,,,,,8145209.0,8573493.0,8787252.0,8967040.0,9902332.0,0.0,0.0,0.0,0.0,0.0,0.0,0.0,0.0,2372328.5,1684529.4,2058576.8,2078409.9,2298603.8,2117606.8,0.0,0.0,0.0,1488943.9,0.0,
1934,315.2026366890586,7.6948667,height,,,,,,,,,,,7149873.5,6958163.0,9590861.0,7745217.5,12033500.0,13706953.0,13484898.0,15233082.0,13739475.0,11465859.0,12459095.0,13590186.0,13269871.0,10406928.0,10426957.0,11648095.0,11995244.0,13273680.0,10161002.0,11685021.0,13335077.0,14166666.0,14557437.0,0.0,
1935,244.16556735508755,7.6952953,height,,,,,,,,,,,5148352.0,4760406.5,6454701.0,5565161.0,8291233.5,9192724.0,9213783.0,10060005.0,9217335.0,7762356.5,8394083.0,8853138.0,9145355.0,6831419.0,6799424.0,8191209.5,7897461.0,8416835.0,6681730.0,7514179.0,9019043.0,9351489.0,9772508.0,0.0,
1936,199.62357393208265,7.695301,height,,,,,,,,,,,2766133.5,2650730.2,3728465.2,3038724.5,4985647.0,5587757.5,5696028.5,6079520.5,5889081.0,4781367.5,5092928.0,5444466.5,5685928.5,4254178.5,4126743.0,4839442.5,4888007.5,5269148.5,4220334.0,4566878.5,5676989.5,5445540.5,5967496.5,0.0,
1937,223.62524794449524,7.6953588,height,,,,,,,,,,,23268814.0,20906128.0,34098776.0,24746306.0,42648976.0,47579244.0,47851588.0,44503370.0,52315636.0,39497070.0,40341650.0,43437436.0,47962116.0,38470016.0,35243340.0,42078572.0,38860700.0,47500104.0,39403692.0,36941136.0,43899484.0,46523800.0,46862228.0,0.0,
1938,646.3230655091041,7.695584,height,,,,,,,,,,,56590184.0,70345540.0,72294130.0,61543116.0,71893320.0,4484379.5,4709458.5,8023554.5,1828156.2,6176191.0,5209538.0,4619644.0,5635935.0,13958053.0,11966456.0,15720899.0,15641065.0,18001854.0,12669032.0,5924647.5,7614632.5,5760909.5,9565333.0,0.0,
1939,317.2182309620098,7.701479,height,,,,,,,,,,,5202420.5,5470375.5,6142234.0,5245113.0,8578201.0,5311990.0,5429849.5,5549349.5,5408905.0,4338043.5,4376933.5,4600625.5,5887291.5,4642302.0,3905255.5,5518121.5,4932347.0,5689396.0,5295037.5,5173243.0,5887388.0,6470691.5,6685736.5,0.0,
1940,435.1726589107375,7.6998076,height,,,,,,,,,,,16873228.0,17347776.0,17881492.0,15117519.0,16803516.0,0.0,0.0,0.0,0.0,0.0,0.0,0.0,0.0,4841900.5,4385109.5,6013991.0,4855138.0,5838069.5,4825345.0,0.0,0.0,0.0,1289787.4,0.0,
1941,577.246797648551,7.7163916,height,,,,,,,,,,,71093630.0,68972424.0,67741384.0,65331570.0,56698750.0,59565516.0,64344580.0,66499644.0,52396540.0,48886812.0,53070536.0,61508464.0,63317456.0,61896156.0,53450256.0,76685020.0,67448390.0,60963590.0,62750710.0,48232224.0,56619024.0,60356092.0,57162336.0,0.0,
1942,599.2287711896502,7.718573,height,,,,,,,,,,,6769025.0,6534937.5,5640694.0,6433570.0,3762457.8,5017088.5,5805432.0,5484032.0,4614144.0,4577455.0,5135205.5,5171687.5,5506271.0,5699358.0,4490589.5,6278069.0,5726629.5,5162951.0,4920521.0,4476653.0,5128599.0,5001270.0,4797013.0,0.0,
1943,612.3722525776271,7.7209373,height,,,,,,,,,,,2669797.2,3875690.0,4197621.5,3225315.5,4767456.0,4412214.5,5013143.5,4753250.5,4478026.5,3992389.2,4516783.5,4914074.5,5067116.5,4242767.0,3743493.2,5797117.5,4463121.0,4353050.0,4198444.0,3753527.5,4466554.0,5053631.5,4919301.5,0.0,
1944,260.1969324056176,7.7302895,height,,,,,,,,,,,0.0,0.0,0.0,0.0,170353980.0,0.0,0.0,0.0,0.0,0.0,0.0,0.0,0.0,0.0,0.0,0.0,0.0,0.0,0.0,0.0,0.0,0.0,0.0,0.0,
1945,294.1811774910757,7.7302895,height,,,,,,,,,,,0.0,0.0,0.0,0.0,56691348.0,0.0,0.0,0.0,0.0,0.0,0.0,0.0,0.0,0.0,0.0,0.0,0.0,0.0,0.0,0.0,0.0,0.0,0.0,0.0,
1946,430.2451566229704,7.733083,height,,,,,,,,,,,18762604.0,16865668.0,10609398.0,12815269.0,0.0,3394637.5,4116632.2,4740086.0,3453191.8,4870083.0,3801584.8,4217406.5,3722540.5,7627544.0,6287114.5,9512522.0,7523805.5,7583806.0,8019494.5,5914272.0,5589785.5,5156306.5,5192844.0,0.0,
1947,519.2929602766822,7.74232,height,,,,,,,,,,,2071571.2,2230487.2,2908889.5,2212488.0,4448359.5,4681494.0,4413439.0,4015817.0,4387347.5,4506931.5,4472420.0,5641587.0,4295920.5,4073940.5,3352128.0,4620214.0,3929902.0,3935940.0,4377196.5,4045364.0,3928727.0,4836446.0,4894641.5,0.0,
1948,849.3475608159242,7.742942,height,,,,,,,,,,,7920357.5,7036186.0,7541437.0,5850304.0,4918874.0,6025210.5,6849702.5,7030170.5,7132608.0,6584282.5,7114758.0,7705597.0,7084757.5,5696688.0,5989623.5,6199522.0,5978059.5,8357835.5,7030718.5,5968439.5,6727644.0,6721759.0,7783895.5,0.0,
1949,400.25541123406725,7.746926,height,,,,,,,,,,,5883725.5,6064235.0,4857777.5,5274329.0,2707509.0,4371718.5,4445640.0,4510127.5,4453004.0,4702428.0,4685048.5,5328518.5,4649682.5,5151361.5,4305087.0,5886901.5,4846915.5,5176346.5,6310451.0,5127337.0,4746752.0,5620537.0,5348519.5,0.0,
1950,356.19286486901365,7.7572074,height,,,,,,,,,,,4660346.0,4670114.5,6272800.5,3987303.0,33785224.0,6020544.5,5139883.0,5416748.5,4651196.0,4701415.5,5391877.0,5069780.0,4759273.5,6362800.0,5513385.5,6068132.5,5590012.0,6247012.5,7202301.5,5338634.0,4840020.5,5577668.0,6499625.0,0.0,
1951,258.1086418084898,7.7676306,height,,,,,,,,,,,0.0,0.0,0.0,0.0,23184734.0,0.0,0.0,0.0,0.0,0.0,0.0,0.0,0.0,1331308.9,1343894.8,1496819.8,1400675.1,1565576.6,1818187.9,0.0,0.0,0.0,0.0,0.0,
1952,276.11903549695273,7.769478,height,,,,,,,,,,,1736283.8,2076690.6,1353201.4,1946543.6,47992196.0,0.0,0.0,0.0,0.0,965176.25,0.0,0.0,0.0,3170270.8,3089476.5,3172566.8,3040791.5,3210545.2,3878326.2,0.0,0.0,0.0,0.0,0.0,
1953,345.22448364209697,7.774777,height,,,,,,,,,,,4901047.0,4843042.0,5403887.5,4904336.0,8016110.0,7103358.0,5386439.5,6232220.5,5937963.0,6164759.5,5461789.5,6100178.0,5565155.5,5551991.0,4751848.0,5325806.5,4858268.0,5566049.0,6785288.0,6178035.0,5901036.5,6786420.5,6674338.0,0.0,
1954,217.08198240639,7.7458944,height,,,,,,,,,,,5614196.0,7388442.5,3528954.0,6366039.5,2720712.0,1804061.8,1660684.5,0.0,0.0,1611892.6,1669214.6,0.0,1882863.4,2215728.5,1953140.1,2090401.6,1713139.9,1851119.2,2189478.8,1382211.1,1762672.9,1560456.2,0.0,0.0,
1955,481.1600401277973,7.7774935,height,,,,,,,,,,,24221008.0,22441440.0,22052768.0,22360802.0,17597556.0,12640962.0,9549566.0,11699837.0,8391434.0,10757426.0,8086398.0,8697809.0,9399432.0,14619901.0,11855583.0,13562389.0,12404177.0,13510662.0,17228318.0,12257277.0,10129065.0,9899720.0,13777470.0,0.0,
1956,235.09247290233236,7.720739,height,,,,,,,,,,,5028882.0,6422897.0,3490687.2,7323647.5,6281712.0,2052077.8,7189547.5,7700330.5,8235078.5,5936590.0,5691892.5,5136622.5,1969408.0,6730834.5,5528302.5,7618808.5,5999657.0,2615762.2,6037421.0,6330454.0,7955650.5,7649957.0,8304699.0,0.0,
1957,406.1456103486197,7.782756,height,,,,,,,,,,,11540581.0,11834292.0,11549988.0,10283186.0,7316551.0,6772550.0,6487925.0,8802438.0,4287661.5,6735187.0,5500367.5,4923690.5,6578838.5,8496427.0,7008834.0,8086199.0,7758649.5,7908738.5,9549894.0,8050069.0,7024515.5,6139164.0,10086828.0,0.0,
1958,371.2403204660814,7.7979856,height,,,,,,,,,,,3795322.2,3360270.5,2653013.8,2855506.8,0.0,1695854.1,1676574.8,2002219.1,1585200.9,1699723.8,1635832.6,1702438.5,1687810.9,2456352.8,2241292.5,2549755.2,2251778.8,2308966.8,2991233.5,2459211.5,1865729.9,1929414.4,2169490.5,0.0,
1959,581.3044810990051,7.798825,height,,,,,,,,,,,1554695.4,1540480.1,1513646.1,1405827.1,1221582.5,5074595.0,4844961.5,5734290.0,4597778.5,4193874.8,4603884.5,5244189.0,4777748.5,4584521.5,4208342.0,4866189.5,4568756.0,4766595.5,6003591.5,5089039.5,4513479.5,5192710.0,5460259.5,0.0,
1960,221.0768828896777,7.801831,height,,,,,,,,,,,11467573.0,11368652.0,10438075.0,10707792.0,9019595.0,12062481.0,11644085.0,12264265.0,11892112.0,10548241.0,11104386.0,12201824.0,11686147.0,10753166.0,10236612.0,11856948.0,10664366.0,11507007.0,13262060.0,11862552.0,11563707.0,12694760.0,13308252.0,0.0,
1961,263.08740921253707,7.8142056,height,,,,,,,,,,,27664120.0,26500870.0,26331092.0,23689110.0,23826414.0,32157304.0,31048374.0,37294576.0,35557824.0,26660280.0,28472584.0,35620216.0,34769724.0,24435670.0,26952138.0,26714006.0,25910772.0,31960876.0,37263580.0,29441430.0,31506646.0,27984886.0,40206200.0,0.0,
1962,713.4196203255663,7.820872,height,,,,,,,,,,,20167956.0,18156750.0,16307560.0,14984549.0,15929615.0,22633684.0,21281640.0,23071538.0,19850386.0,18582542.0,20869666.0,20653572.0,19831848.0,20216294.0,20837508.0,23016808.0,20459150.0,21191372.0,24812514.0,21745162.0,19695644.0,21707404.0,25432050.0,0.0,
1963,288.203030861197,7.826026,height,,,,,,,,,,,0.0,0.0,0.0,0.0,97057544.0,0.0,0.0,0.0,0.0,0.0,0.0,0.0,0.0,0.0,0.0,0.0,0.0,0.0,0.0,0.0,0.0,0.0,0.0,0.0,
1964,326.18219263037014,7.826711,height,,,,,,,,,,,6971929.5,6034397.0,6092760.0,5359845.5,8971204.0,8149981.5,7619257.5,8509625.0,6590732.5,5475991.0,6899889.0,5381838.5,6832096.0,6807016.5,7146412.5,7056710.5,6760954.5,7034776.5,8121111.5,8437534.0,7396527.5,6810154.0,8627005.0,0.0,
1965,261.11945095253867,7.835926,height,,,,,,,,,,,0.0,0.0,0.0,0.0,30074110.0,0.0,0.0,0.0,0.0,0.0,0.0,0.0,0.0,0.0,0.0,0.0,0.0,0.0,0.0,0.0,0.0,0.0,0.0,0.0,
1966,317.2183406030369,7.838894,height,,,,,,,,,,,18581228.0,17151976.0,17280106.0,15726331.0,19400294.0,24972390.0,21654398.0,22180490.0,21265338.0,18470102.0,22235308.0,21102504.0,22236774.0,18804226.0,19558550.0,19221932.0,19838892.0,19460300.0,22768308.0,24411122.0,21652292.0,19761458.0,27233946.0,0.0,
1967,414.1273335804025,7.8589478,height,,,,,,,,,,,3788564.8,2881356.8,2936771.0,2650882.2,1377770.5,2802262.2,2832665.0,3590655.2,3479410.0,2517208.2,2302678.0,3391869.0,3387407.2,1539726.6,1530694.5,1932682.2,1827112.5,3289537.2,4086682.0,2012515.1,2917303.0,2480636.2,4044935.2,0.0,
1968,361.2444940363029,7.8465266,height,,,,,,,,,,,3459467.0,2532399.0,4489016.0,2717398.0,6583943.0,8209314.5,7354769.5,7147480.5,6834589.5,6239628.5,6714470.5,6403948.5,7437116.5,5212365.5,5104160.5,5394582.0,6028522.5,5125532.5,6686823.5,7850934.0,6652781.0,6515379.0,9227670.0,0.0,
1969,375.2062962723989,7.846118,height,,,,,,,,,,,28219806.0,25366518.0,28477766.0,26118892.0,25746728.0,36322132.0,35377596.0,34760216.0,33341572.0,33191168.0,33551642.0,32308100.0,34170830.0,29856482.0,28647888.0,30827874.0,33898276.0,30808456.0,37071988.0,37729660.0,31759714.0,32390668.0,42650176.0,0.0,
1970,507.1937464220694,7.852834,height,,,,,,,,,,,12040684.0,10298095.0,10010602.0,10916105.0,8732948.0,5708376.0,6031926.0,6921925.0,4122543.2,5676920.5,4495639.0,4588308.5,5793898.5,6427628.0,6288805.5,7057364.5,7395994.0,6124405.0,7737383.0,5518798.0,5517079.0,4788128.0,7703671.0,0.0,
1971,556.34562222194,7.8568044,height,,,,,,,,,,,1455750.4,1662954.5,1875093.1,1717801.2,2453015.5,3665306.2,4003791.5,3493747.5,3842964.5,3377684.8,3123906.2,3295961.0,3353442.8,2422860.2,2673923.2,2719342.8,3076638.5,2681247.0,3110464.2,3223132.5,2857127.0,3666887.5,4191901.5,0.0,
1972,389.239311618606,7.8576097,height,,,,,,,,,,,1569290.6,0.0,2242832.2,1333902.9,3998977.0,4955026.0,5305653.5,4899081.5,4676741.0,4444175.0,3495327.8,4083136.5,4547015.5,2919190.2,3405380.8,3521163.0,3909746.5,3074844.2,3832112.0,4001996.0,3667193.5,4402811.0,5572249.5,0.0,
1973,384.1877650572269,7.858667,height,,,,,,,,,,,3280171.8,3370455.5,3508593.5,3511831.5,3208768.8,5103375.0,5756790.5,5270350.5,5270443.5,4959240.0,4109042.5,4443425.5,4929332.5,3507068.8,4043916.2,4173700.5,4590448.0,3807069.2,4518540.5,4594043.0,4323214.0,4999734.5,5621520.0,0.0,
1974,348.07030139457873,7.861177,height,,,,,,,,,,,15538261.0,10493802.0,7046623.5,8923632.0,3322647.5,5027736.0,5586433.0,6357729.0,4854336.5,5175153.0,4593998.0,4687439.5,4929340.5,5825697.5,5743090.5,6172200.0,6281799.0,6381497.0,6889932.0,6823815.5,6166045.5,6398640.5,6902685.0,0.0,
1975,577.2805846543226,7.8696446,height,,,,,,,,,,,4972987.5,5483323.0,4766929.0,4889438.5,2325425.0,4118051.2,4710665.5,4666284.5,4648971.5,4383263.0,3846988.8,4163182.8,4005562.2,4213817.0,4122413.2,4343743.5,4619877.5,4498044.5,5139033.5,4428616.5,4361717.5,4689019.5,4961162.5,0.0,
1976,522.2034271734084,7.8731627,height,,,,,,,,,,,2681342.2,2885469.0,2490023.5,2770124.2,2326915.2,2598782.0,2980019.5,2758393.0,2816134.0,2914458.5,2487647.2,2769243.8,3101851.5,2416961.2,2566916.0,2766051.8,2739582.2,2691713.8,2791242.2,2436668.0,2471168.8,2938769.0,2743885.2,0.0,
1977,444.28226031678753,7.8744183,height,,,,,,,,,,,3318726.8,3384853.8,2883152.2,3063918.2,2208786.2,4848036.5,5521943.0,5041415.0,5878790.0,4781381.5,4661017.5,4787694.5,4825193.5,4069445.0,3865796.8,3989088.5,4280628.0,3932315.8,4166923.8,4150438.0,4552886.5,5357599.5,4917641.0,0.0,
1978,336.1402096195517,7.8767424,height,,,,,,,,,,,51831652.0,62382464.0,57988710.0,52637296.0,54965416.0,78547496.0,82908650.0,77252020.0,87120440.0,76590660.0,73198040.0,76732264.0,77985000.0,65553780.0,68008610.0,71101780.0,69793576.0,68275050.0,66216370.0,65397348.0,72527840.0,82220180.0,76160680.0,0.0,
1979,358.1221306960759,7.87765,height,,,,,,,,,,,3322914.8,4180279.0,3859202.5,3486011.0,2958280.0,5169166.5,5589630.0,5322314.0,5972354.0,5559879.0,4917070.5,5246648.0,5602909.0,4443173.5,4377080.5,4395374.0,4349280.0,4401052.5,4112617.8,4486527.5,5076627.0,5562116.5,5033762.5,0.0,
1980,671.2731100176418,7.8776956,height,,,,,,,,,,,1595530.8,2059252.4,2455265.2,1801576.2,1779351.5,3666379.0,3419303.8,3509926.8,3600030.8,3318721.5,3161060.0,3592762.0,3310709.5,2449076.8,2767487.2,2930951.0,2730472.2,3429800.0,2984187.2,2781970.0,3393320.8,4155925.5,3703382.2,0.0,
1981,359.24012230866833,7.880956,height,,,,,,,,,,,0.0,0.0,1597168.2,0.0,4317779.5,2580030.2,2630456.2,2724393.8,2217131.5,2002172.4,1902648.9,1543154.1,2486772.0,2031519.6,1983612.9,2013920.2,1978299.8,2032401.8,1839770.5,2255648.0,2224840.2,2545693.8,2485849.2,0.0,
1982,383.2036967785616,7.8859453,height,,,,,,,,,,,2527760.2,3036394.0,3218873.5,2443834.0,3544025.5,5016642.5,4936991.0,4888936.5,5628272.0,3844236.0,4560079.5,4696380.0,4824234.0,3647756.5,3519999.8,3741690.0,3607710.0,3980984.8,3959813.8,3893296.2,4644316.5,4967552.5,4467583.5,0.0,
1983,364.13508174651946,7.88906,height,,,,,,,,,,,2563162.8,3237577.0,2833647.2,2709378.2,1786428.4,6304763.5,6381927.0,6450023.5,7553819.0,5606801.5,6656515.5,6021265.5,6271961.0,5275982.5,4736325.5,5078087.0,4983172.5,5002634.5,4884001.5,5529245.0,6573353.5,6736484.5,6647590.5,0.0,
1984,414.2711119721831,7.904527,height,,,,,,,,,,,2145402.5,2157766.0,2540782.0,2444890.8,2599244.2,3771997.5,3420835.5,3390216.2,3796744.8,3291814.0,3391845.0,2960055.5,3271173.2,3118314.5,2735824.8,2885168.0,3063997.8,3148811.0,3251495.0,3079119.8,3271835.2,3544442.5,3327835.0,0.0,
1985,343.2340331362554,7.9191833,height,,,,,,,,,,,132102160.0,93993020.0,72802350.0,88562530.0,1791561.5,19882726.0,23430514.0,28182484.0,23042360.0,32845962.0,20696292.0,20376192.0,19498376.0,40803576.0,37500776.0,41142816.0,43152944.0,44996430.0,42470700.0,33779420.0,30131462.0,26562588.0,24931804.0,0.0,
1986,347.2287317010768,7.9191947,height,,,,,,,,,,,4508548.0,3973334.5,6078190.5,4675887.5,8130094.5,7273790.5,7635534.0,7387729.5,6789179.0,7223384.5,6720025.5,6247163.5,6453904.0,6192546.5,5707665.5,6815453.5,6458893.5,7142301.0,6759195.5,6304020.0,7669856.0,7967470.5,7517988.5,0.0,
1987,375.23428265424826,7.920505,height,,,,,,,,,,,3171313.5,2840007.2,3705587.8,3186846.2,4942981.0,3941011.2,4083439.2,4055237.8,3236548.5,3848150.2,3357061.0,2900703.2,3416621.8,3381158.2,3141558.0,3784473.5,3478959.0,3791209.0,3862325.0,3540213.8,4497053.0,4269590.5,4322212.0,0.0,
1988,417.2456867421668,7.9221287,height,,,,,,,,,,,1658676.9,1312628.5,1944946.0,0.0,5657192.0,2650451.0,2843996.8,2568589.8,2265076.2,2241749.0,2130086.0,1944404.4,2070147.5,2193936.0,1871251.0,2182025.0,2337052.5,2361313.8,2369616.0,2456631.2,2694598.8,2805915.8,2685711.5,0.0,
1989,549.3035452727851,7.9256964,height,,,,,,,,,,,3421151.2,4454663.5,7066521.5,4609210.5,13392239.0,9788094.0,9761848.0,8891224.0,9562661.0,9614909.0,9093862.0,8963486.0,8674841.0,7967843.5,7053475.0,7957968.0,8991232.0,8974629.0,8038249.0,8144643.5,9742626.0,10046950.0,10359619.0,0.0,
1990,403.2299913510652,7.926633,height,,,,,,,,,,,3276973.5,3252276.2,3366965.0,3013257.0,2948434.2,6055765.5,5874277.0,5367899.5,6281478.5,5885515.0,5104242.5,5786939.5,5194876.0,4638005.0,3980833.2,4812298.0,5314265.5,5216018.0,4874299.5,5069980.0,5768421.5,5720877.5,5812873.5,0.0,
1991,244.09281444897795,7.9288526,height,,,,,,,,,,,3384037.5,3088551.0,2039063.8,2646969.0,6431180.5,1113645.0,0.0,1479461.2,0.0,0.0,0.0,0.0,0.0,1724412.9,1749821.1,1828146.8,1861035.5,1882464.8,2057307.2,1279680.9,1370408.0,1296541.4,0.0,0.0,
1992,189.13490798197265,7.927701,height,,,,,,,,,,,0.0,0.0,0.0,0.0,16586783.0,7411472.5,5610252.0,4827618.0,0.0,0.0,0.0,0.0,0.0,3017308.2,2853051.0,3230753.2,3438356.0,3372469.8,3721975.5,8606800.0,6935847.0,7166996.5,6486032.0,0.0,
1993,262.1034303650211,7.9274006,height,,,,,,,,,,,6375121.5,5719744.5,3854943.5,4374652.5,11894140.0,1870952.9,2347613.2,2692199.5,1328206.4,1831890.0,1118332.5,0.0,1408939.8,3282340.8,3010636.8,3254418.2,3358669.8,3357946.5,3504090.0,2227681.0,2717659.0,2306740.8,1924054.5,0.0,
1994,324.66231261489594,7.934863,height,,,,,,,,,,,0.0,0.0,1758211.0,0.0,4219844.0,3948610.2,3522875.2,3279182.0,3426605.0,2929533.5,3124273.2,3276255.2,2970468.2,2592270.5,2458708.8,2389715.5,2932645.5,2451467.2,2589639.2,2695794.0,3373624.8,3189146.8,3408595.2,0.0,
1995,533.2748905681851,7.92981,height,,,,,,,,,,,2454783.2,2944888.8,4035752.0,2876856.5,3564010.8,0.0,1659981.5,1715684.9,1910802.5,1628229.1,1717414.2,1446251.9,1610919.6,2032970.4,1906412.4,1823469.1,1947103.4,1745819.4,1911419.9,1547645.9,1827637.1,2019268.9,1831985.6,0.0,
1996,648.3178897253432,7.933791,height,,,,,,,,,,,0.0,0.0,1613701.4,0.0,4071744.0,3532299.0,3157646.2,2941129.2,3204686.2,2781789.0,3037224.2,3101850.5,2904742.5,2289436.0,2550334.2,2161417.8,2696140.5,2658097.2,2304755.8,2725303.2,3307804.5,2981979.0,3322234.0,0.0,
1997,312.16666143567033,7.9377794,height,,,,,,,,,,,8615395.0,8166376.5,7541007.0,8073719.0,9449148.0,11104141.0,10595830.0,9756774.0,10187968.0,9116010.0,8516450.0,8737736.0,9041229.0,8957701.0,8429581.0,8152441.5,9727389.0,9315356.0,9188748.0,10379534.0,10519361.0,9254494.0,9818851.0,0.0,
1998,189.1597974091077,7.9547644,height,,,,,,,,,,,35710844.0,31342424.0,32986330.0,29663790.0,35815652.0,39651296.0,36543810.0,43711860.0,38497840.0,33481096.0,34470100.0,35397092.0,38431610.0,30077468.0,34268892.0,35506796.0,33456808.0,35461316.0,34482652.0,40973184.0,46752108.0,39476170.0,50864116.0,0.0,
1999,374.239909306846,7.9616914,height,,,,,,,,,,,3463902.0,3973682.2,4833179.0,3820929.5,3497954.2,4916362.5,4788233.0,5438920.5,4731946.0,4805266.5,5505701.0,4489791.0,4773786.5,4606741.0,5490567.0,5163145.0,4725823.0,4708270.0,4627023.5,4958716.0,5321626.5,5122057.5,5833687.5,0.0,
2000,260.1969303998954,7.964979,height,,,,,,,,,,,0.0,0.0,0.0,0.0,91768104.0,0.0,0.0,0.0,0.0,0.0,0.0,0.0,0.0,0.0,0.0,0.0,0.0,0.0,0.0,0.0,0.0,0.0,0.0,0.0,
2001,356.1926946173731,7.9654927,height,,,,,,,,,,,1826818.1,1968793.5,3265964.0,1961161.1,5495023.0,3985488.2,4009829.8,4354024.5,3566058.2,3599713.5,4337792.0,3231819.2,3586654.5,3552577.2,4144496.2,3982437.2,3397295.5,3555949.2,3401695.8,3839597.2,3895289.5,4125184.0,4783262.0,0.0,
2002,504.2665051956174,7.973752,height,,,,,,,,,,,6354596.0,7205983.5,9256592.0,7226749.0,3368452.5,8191264.0,8504400.0,9961834.0,7853992.0,7476424.5,9358545.0,7993697.5,8153194.0,6365251.0,8642887.0,8166630.0,7660399.5,8630202.0,8034120.5,7991821.5,8818771.0,8332489.0,9337354.0,0.0,
2003,324.1666081764899,7.979272,height,,,,,,,,,,,1654484.1,1739812.9,2565165.8,1863236.9,2414560.5,2788686.0,3058418.0,3613248.8,3190288.0,2748047.2,3301911.0,3020760.0,2963171.5,2635284.8,2924837.5,2583207.0,2572226.0,2749235.2,2477453.8,2683731.0,2727485.8,2966236.8,3020870.2,0.0,
2004,340.17990142031334,7.9820156,height,,,,,,,,,,,8121148.0,8137043.0,7626687.0,6513449.0,9588989.0,0.0,0.0,0.0,0.0,0.0,0.0,0.0,0.0,1935619.1,1611892.2,1570159.9,1763159.0,1555721.9,1483299.8,0.0,0.0,0.0,0.0,0.0,
2005,255.1452006451869,7.9850793,height,,,,,,,,,,,0.0,0.0,0.0,0.0,27975710.0,0.0,0.0,0.0,0.0,0.0,0.0,0.0,0.0,0.0,0.0,0.0,0.0,0.0,0.0,0.0,0.0,0.0,0.0,0.0,
2006,679.3527132974959,7.980733,height,,,,,,,,,,,67037212.0,63749668.0,70832420.0,60407836.0,84872984.0,0.0,0.0,0.0,0.0,0.0,0.0,0.0,0.0,13890082.0,15714872.0,14316111.0,14423979.0,14554435.0,12356658.0,1025993.6,0.0,0.0,1186812.1,0.0,
2007,234.108442928868,7.973941,height,,,,,,,,,,,1893031.2,1991250.1,1697999.5,1600282.0,20356446.0,0.0,0.0,1285423.8,0.0,0.0,0.0,0.0,0.0,981021.2,1194741.1,0.0,0.0,0.0,1060211.4,0.0,1351912.5,0.0,1146933.8,0.0,
2008,243.15791281311755,7.9979043,height,,,,,,,,,,,58838628.0,52108064.0,57965920.0,58020524.0,59342200.0,70103830.0,67187384.0,77053300.0,70139090.0,71122250.0,66313010.0,77809790.0,77584900.0,77786410.0,67434780.0,64879176.0,70879976.0,63383830.0,66088492.0,69382440.0,64653332.0,69392140.0,72598056.0,0.0,
2009,331.2339342549337,7.9979897,height,,,,,,,,,,,3809466.8,3477311.2,5328789.5,4007194.2,7341144.0,6633577.5,6581136.5,7595244.0,7500075.5,7098431.5,6756146.0,7547079.5,7597877.5,6872197.0,6306621.0,5776684.5,6567896.0,5390751.0,5693854.0,6250668.0,5813137.0,6887474.5,7557962.5,0.0,
2010,485.3087490765586,7.9980836,height,,,,,,,,,,,285572800.0,284555550.0,360368670.0,310918880.0,334007580.0,371136260.0,361779100.0,447195360.0,437960860.0,386488420.0,399132860.0,434537400.0,413238100.0,384955230.0,385799360.0,321606180.0,391233180.0,327902460.0,329723200.0,349783070.0,352518600.0,385725300.0,396885340.0,0.0,
2011,507.2901412359124,7.9990053,height,,,,,,,,,,,2106670.2,2014112.4,2791364.5,2173548.2,0.0,2897184.8,2884944.8,3767289.5,3785418.5,3188731.2,3146033.5,3958458.5,3656239.8,2626963.5,2552435.5,2162023.0,2820462.8,2431810.0,2376540.8,2824713.2,2852459.2,3197509.8,3450397.2,0.0,
2012,175.14415988483893,8.002936,height,,,,,,,,,,,12492285.0,1351662.1,1583587.1,1133551.5,25844452.0,28145772.0,24289164.0,27752502.0,27800206.0,21944522.0,21097908.0,24573232.0,27467440.0,16456635.0,14311298.0,14850336.0,15752463.0,17292354.0,17926704.0,27480392.0,23421504.0,27064796.0,29015792.0,0.0,
2013,701.3343924879513,8.00227,height,,,,,,,,,,,2819317.2,2851795.5,3077186.0,2683186.0,2624169.5,0.0,0.0,0.0,0.0,0.0,0.0,0.0,0.0,0.0,0.0,0.0,0.0,0.0,0.0,0.0,0.0,0.0,0.0,0.0,
2014,375.2237005413438,8.003249,height,,,,,,,,,,,3429353.0,3483491.5,4007154.0,3860644.2,2644743.5,4761405.0,4573891.5,5077509.5,5917461.5,5190971.0,5356410.0,5753714.5,5417831.0,4811421.0,4308332.5,3989322.0,5075797.5,4158440.2,4310581.0,4768040.0,4344879.0,4784597.5,5193281.0,0.0,
2015,361.24452083122696,8.0085745,height,,,,,,,,,,,5567016.5,5807128.5,7175676.5,6464463.5,7867221.0,7428373.5,7120217.0,7248095.5,6408524.0,6893677.0,7032670.5,8028655.5,7964943.5,6844462.0,6398552.0,6358189.0,7038505.5,6284893.0,6608200.0,6621715.0,7433284.5,6907948.0,7738038.5,0.0,
2016,317.2183559766705,8.019617,height,,,,,,,,,,,7491247.5,8966462.0,8089311.5,9493204.0,10189004.0,6851772.5,6410331.0,7526035.0,5687108.5,6033983.0,6020514.0,5871298.0,6531500.0,7254535.0,6586769.5,6726914.5,7043933.0,6695977.5,6836168.0,6757430.0,6941633.5,6519011.5,8258118.0,0.0,
2017,389.2394447761605,8.020056,height,,,,,,,,,,,20198922.0,23738494.0,29108496.0,27740338.0,36844370.0,42356256.0,39203348.0,37803044.0,37986896.0,39176516.0,39391410.0,49380096.0,41697492.0,35850136.0,30976310.0,33456784.0,35313896.0,33943396.0,34208300.0,32593282.0,37247100.0,35930516.0,37479064.0,0.0,
2018,390.1620221103116,8.023532,height,,,,,,,,,,,9865765.0,11888973.0,9521629.0,12127325.0,9735164.0,11612041.0,10393079.0,10580032.0,10052658.0,11105016.0,10382219.0,12623546.0,11385385.0,10999349.0,9605433.0,10329710.0,9578507.0,10484762.0,10249835.0,8757380.0,10948633.0,9868591.0,9266688.0,0.0,
2019,345.22446379238727,8.024441,height,,,,,,,,,,,2933263.5,3197013.0,3901221.5,3514652.8,15050593.0,3544315.2,2985655.2,3942281.2,1807252.4,1846635.6,1913379.4,1721686.0,2998567.5,3622689.8,3075516.8,3544780.0,3477671.2,3547646.8,3385578.0,3680586.5,4005214.8,3512509.2,3194375.5,0.0,
2020,193.082019122038,8.024877,height,,,,,,,,,,,0.0,0.0,0.0,0.0,3909584.8,0.0,0.0,0.0,0.0,0.0,0.0,0.0,0.0,0.0,0.0,0.0,0.0,0.0,0.0,0.0,0.0,0.0,0.0,0.0,
2021,349.1353384050226,8.02984,height,,,,,,,,,,,0.0,0.0,0.0,0.0,0.0,2991586.0,2424018.5,2688526.0,3533163.2,2795523.5,2857475.0,3491278.5,3011191.0,2193396.8,2020927.4,1983040.5,1850163.1,2230037.5,2136836.0,2307245.0,3060919.0,2817551.5,2095557.5,0.0,
2022,417.2457619205112,7.989249,height,,,,,,,,,,,0.0,0.0,0.0,0.0,13395731.0,0.0,0.0,0.0,0.0,0.0,0.0,0.0,0.0,0.0,1872166.1,0.0,0.0,0.0,0.0,0.0,0.0,0.0,0.0,0.0,
2023,507.77246897597234,8.045944,height,,,,,,,,,,,4281570.0,4336254.0,4024807.2,5512174.0,0.0,11287835.0,11104049.0,12320798.0,9257604.0,10563403.0,10666063.0,12480374.0,11245217.0,12132780.0,12222072.0,14979438.0,12127893.0,12237398.0,12543435.0,9912710.0,12158321.0,10732176.0,11690242.0,0.0,
2024,520.1889128806844,8.067213,height,,,,,,,,,,,1458919.8,1382460.6,1454416.4,1587002.6,1390509.1,2325907.2,2227758.5,1870793.6,2545122.8,2539711.8,2476923.0,2339011.5,2666968.8,1871900.2,2418740.2,2428885.5,2050794.5,2408401.2,2334562.8,2151800.8,2539192.8,2352101.8,2262434.8,0.0,
2025,504.2486742658963,8.0664835,height,,,,,,,,,,,1714438.2,1865167.2,2130122.5,2109158.8,2165039.8,2263733.5,2164001.8,2315183.2,2245923.2,2229817.0,2464481.5,2295736.5,2560305.8,2042660.1,2116464.8,2573847.8,2136974.5,2144358.5,2263839.5,2053942.4,2410048.0,2229056.2,2184244.8,0.0,
2026,347.2289859163534,8.067776,height,,,,,,,,,,,8470651.0,8470319.0,11090822.0,10367362.0,12211794.0,12733466.0,12610174.0,11710122.0,11711409.0,12040071.0,13482111.0,12202760.0,13638953.0,11289116.0,11984809.0,14512055.0,12082800.0,12652101.0,12785738.0,11656212.0,14280990.0,13415530.0,13148040.0,0.0,
2027,849.3478528449308,8.07179,height,,,,,,,,,,,2851279.0,2731591.2,3074306.5,2900840.2,2154858.2,3048271.8,2569382.5,2780178.5,3470849.0,3037454.0,2854550.5,2689048.8,3636650.8,2733073.2,2813274.0,2919727.0,3440195.8,3085975.0,3754361.0,3140662.2,3372876.0,2644563.8,2825494.5,0.0,
2028,341.218495200714,8.075911,height,,,,,,,,,,,6490560.5,5177393.0,4244503.5,5197015.0,2863750.0,3791726.0,3672787.5,4160591.5,3335474.2,4189311.5,3972583.8,3777793.5,3912203.2,4209355.0,4224016.5,4972642.5,4443092.0,4324628.0,4381042.5,4181342.2,4301587.5,4243929.5,3920012.8,0.0,
2029,423.2237406697942,8.088099,height,,,,,,,,,,,1487221.0,1369354.2,1966081.4,1678007.1,2193161.5,2447011.8,2378537.2,2760888.2,2213581.8,2030913.4,2525390.5,2432514.8,2359586.5,2144056.5,2187164.0,2092781.1,2193313.5,2174831.8,2162709.8,2147501.8,2408689.8,2485967.8,2416392.2,0.0,
2030,418.2660860659189,8.109123,height,,,,,,,,,,,2545517.8,2651736.5,3296088.5,3076526.0,6548256.5,3009850.2,2924675.2,3420321.5,2353257.5,2352569.8,2638472.0,2396120.0,2947551.2,3046518.5,2782313.5,3077860.2,2745452.8,2935097.0,3131013.2,2298099.8,2403107.5,2655113.0,2763693.2,0.0,
2031,487.2147512304839,8.109727,height,,,,,,,,,,,3760113.2,4039037.2,4492993.5,4134260.0,4431015.5,4783574.0,4788353.5,5380296.5,4610920.0,4197396.0,4617350.0,4289262.5,4891195.5,4011476.8,4238698.5,4656228.5,3711432.2,4415945.0,4632865.5,4252859.5,3997069.0,4568918.0,4060750.8,0.0,
2032,505.25201148381353,8.111624,height,,,,,,,,,,,2700380.5,1834972.4,0.0,1783348.9,0.0,0.0,0.0,0.0,0.0,0.0,0.0,0.0,0.0,0.0,0.0,0.0,0.0,0.0,0.0,0.0,0.0,0.0,0.0,0.0,
2033,591.2262963400993,8.113993,height,,,,,,,,,,,1959735.8,1855039.6,1518678.4,1584446.2,2403284.8,0.0,0.0,0.0,0.0,0.0,0.0,0.0,0.0,0.0,0.0,0.0,0.0,0.0,0.0,0.0,0.0,0.0,0.0,0.0,
2034,416.16008926721486,8.116972,height,,,,,,,,,,,2216976.0,1931763.1,2985984.0,2340348.5,4505106.5,5646965.0,5039477.5,5136492.5,5684443.5,4290959.5,5044232.0,5552549.0,5553781.5,3866620.2,3602961.8,4060122.5,3241700.8,3711462.0,4168454.2,3901990.8,3686489.0,4929892.0,4520860.0,0.0,
2035,235.11904686416003,8.119153,height,,,,,,,,,,,43632720.0,34377124.0,23931560.0,33109476.0,2105522.2,7976480.5,10745796.0,14847260.0,6834405.5,11072623.0,5176147.5,5600989.0,8522725.0,20502084.0,17386590.0,19341610.0,16401482.0,17119528.0,19693566.0,17577354.0,15052525.0,15208749.0,12816406.0,0.0,
2036,253.1296324730516,8.120507,height,,,,,,,,,,,335813120.0,262530780.0,193851340.0,276242050.0,26312112.0,69897760.0,92059710.0,122146700.0,56919244.0,94250510.0,45661148.0,45103108.0,68286536.0,170118980.0,147826980.0,157913660.0,141544350.0,147049710.0,170007710.0,149236770.0,125583290.0,131939010.0,103091080.0,0.0,
2037,361.2447071078882,8.118918,height,,,,,,,,,,,2327638.8,2286152.0,5171304.0,3078668.8,6833880.0,6867173.5,7297845.5,6171671.0,6890442.0,6292584.5,7094936.0,7221392.0,6344734.5,6645804.5,6391147.5,5877133.0,6574934.0,5102112.5,5474235.5,5586921.5,5681084.0,7449249.5,6385154.5,0.0,
2038,331.2089792192785,8.133459,height,,,,,,,,,,,3992781.0,3412768.8,4285178.5,4039870.2,13516254.0,2096959.1,2197674.0,2424563.0,1106313.8,1403429.5,1526265.8,1072129.0,1749442.9,3721572.2,3036646.8,3000587.2,3066477.5,3078484.5,3253345.5,2428606.5,2146368.5,2482467.5,2723860.0,0.0,
2039,414.2714328464597,8.141182,height,,,,,,,,,,,7296822.0,6566487.5,5108108.5,6258276.0,2376353.8,2756311.8,3084427.0,3251524.2,2834977.0,3387289.8,3215199.5,2940502.8,2859895.8,4588220.0,3809345.0,3866907.0,4030499.0,3617420.2,3945319.2,3020718.8,3121176.8,3077837.0,3033171.0,0.0,
2040,391.14615649401424,8.155169,height,,,,,,,,,,,20361376.0,22072648.0,21841880.0,20393164.0,14740216.0,18561484.0,20545326.0,20856630.0,21655860.0,19802666.0,16969830.0,20645648.0,19544200.0,15722610.0,17303044.0,17747116.0,17173448.0,19742006.0,21997712.0,16552384.0,19571864.0,18653636.0,22120312.0,0.0,
2041,417.2458726745479,8.153772,height,,,,,,,,,,,2370481.2,2843706.5,3540836.5,2684407.8,6256156.5,4717581.5,5284051.0,4475642.5,5729296.5,4627430.0,4807498.5,4908993.0,4844787.5,3625409.2,3779361.2,4041562.0,4043906.0,3937353.0,3991202.0,3722433.2,4530386.0,4582331.5,5040880.5,0.0,
2042,306.1595816149061,8.167261,height,,,,,,,,,,,0.0,0.0,0.0,0.0,5475825.0,0.0,0.0,0.0,0.0,0.0,0.0,0.0,0.0,0.0,0.0,0.0,0.0,0.0,0.0,0.0,0.0,0.0,0.0,0.0,
2043,317.21856663117967,8.168116,height,,,,,,,,,,,15800821.0,16475829.0,20893608.0,17075924.0,39737744.0,16446098.0,18545194.0,18370892.0,12986295.0,11853221.0,11221167.0,9891692.0,15554353.0,15620133.0,15864636.0,16425236.0,16257213.0,16547415.0,17539036.0,16503262.0,19273286.0,16936202.0,18797550.0,0.0,
2044,335.1563205109116,8.1685705,height,,,,,,,,,,,14108435.0,14133896.0,21450138.0,15776093.0,17309280.0,6512054.5,7580744.0,8251261.0,3902342.2,5737229.0,5234990.5,4521020.0,6657263.0,9745821.0,10169854.0,10087239.0,9672429.0,10481189.0,10091069.0,6660338.5,7624715.0,5980805.5,9169072.0,0.0,
2045,572.3411191419447,8.1696005,height,,,,,,,,,,,1439618.5,1495581.0,1931859.8,1948684.9,2486706.2,5705773.5,6423109.5,5230741.0,6193118.0,5687884.0,5647052.5,6373778.0,5679189.0,4737279.0,4861267.0,5453914.0,4623438.0,5250700.0,5314266.0,4880588.0,6141910.5,5098792.5,5465095.0,0.0,
2046,383.2041632994606,8.174131,height,,,,,,,,,,,2260177.2,2352197.0,2954595.2,2504674.2,3603332.0,3823524.0,4482997.5,3751760.8,4410936.5,3797162.8,3685912.8,4057800.0,4019109.0,2951110.0,2983935.8,3135300.5,2993560.0,3114350.0,3249441.8,3341308.5,4022287.0,3488009.8,3817180.2,0.0,
2047,386.2403536498118,8.186954,height,,,,,,,,,,,4840356.0,4813496.0,5370064.5,4875293.5,5631430.0,5958429.0,6530531.0,5308702.5,6222837.5,5833037.5,6236233.0,6934417.0,6247199.0,5100246.5,5661923.0,5513786.0,4943027.0,5735156.5,5633565.5,5648653.5,6278353.0,5336488.0,5715922.0,0.0,
2048,262.10367871914207,8.187191,height,,,,,,,,,,,3264179.2,2613135.2,2780484.5,2343912.8,7844638.5,3435943.5,3134865.8,3353866.2,3499087.0,2673959.5,2702615.2,3066788.2,3520703.8,2877294.0,3058363.8,2997594.0,2859682.0,3338862.8,3638348.5,3395429.2,3648442.2,2743132.8,3653916.5,0.0,
2049,375.23578888832986,8.194882,height,,,,,,,,,,,1643850.0,1534256.6,1664236.8,1423867.8,4690596.0,3349561.2,2874739.2,2450001.0,2552701.0,2390598.2,2878524.5,2857057.0,2884885.5,2262643.8,2423308.0,2279366.2,2123409.2,2512723.0,2574001.0,3012503.2,2948828.8,2454382.2,2999814.5,0.0,
2050,613.3678538235207,8.194564,height,,,,,,,,,,,0.0,0.0,0.0,0.0,0.0,3038320.2,2918117.2,2367200.0,3017970.8,2720442.8,3014843.8,3584692.2,2781392.2,2656910.0,2868099.8,2822133.0,2386056.2,2913440.5,2536736.0,2779193.5,3106966.8,2404055.2,2658142.2,0.0,
2051,274.187546632833,8.197725,height,,,,,,,,,,,0.0,0.0,0.0,0.0,77546060.0,0.0,0.0,0.0,0.0,0.0,0.0,0.0,0.0,0.0,0.0,0.0,0.0,0.0,0.0,0.0,0.0,0.0,0.0,0.0,
2052,319.1401366365023,8.197725,height,,,,,,,,,,,0.0,0.0,0.0,0.0,4965176.0,0.0,0.0,0.0,0.0,0.0,0.0,0.0,0.0,0.0,0.0,0.0,0.0,0.0,0.0,0.0,0.0,0.0,0.0,0.0,
2053,342.1776755313486,8.204698,height,,,,,,,,,,,3850373.8,3889870.5,4247785.5,4130980.5,4388387.5,6127446.5,5625023.0,4725897.5,5509930.5,4817973.0,5299420.5,5840589.5,5017154.5,4373422.5,5040538.5,4638357.5,4233390.0,5362357.0,4746752.0,5432868.0,5308915.0,4794734.0,5312008.0,0.0,
2054,471.2933200126067,8.210459,height,,,,,,,,,,,2441644.8,2916138.0,2763113.2,3201202.2,1793936.5,13193033.0,12608743.0,10305628.0,13097719.0,10998554.0,12387210.0,14125068.0,10758510.0,9820603.0,11696678.0,10281522.0,9367993.0,12820989.0,10139700.0,11866598.0,11676525.0,10955882.0,10875843.0,0.0,
2055,278.15332672850246,8.2076235,height,,,,,,,,,,,0.0,0.0,0.0,0.0,10023748.0,0.0,0.0,0.0,0.0,0.0,0.0,0.0,0.0,0.0,0.0,0.0,0.0,0.0,0.0,0.0,0.0,0.0,0.0,0.0,
2056,374.2402437321079,8.210602,height,,,,,,,,,,,3925690.0,3568427.2,3765462.5,3678551.0,3943516.0,4790996.5,4785156.5,4353601.0,5097144.5,4345365.0,4685846.5,4742032.5,4582549.5,4395119.5,4485915.0,4642778.0,3965171.5,4796426.0,4688469.5,4304496.5,4756801.5,4437112.5,4134909.2,0.0,
2057,381.71151935184616,8.237553,height,,,,,,,,,,,1180879.8,1445111.4,1850841.5,1582452.1,3121349.2,0.0,0.0,0.0,0.0,0.0,0.0,0.0,0.0,0.0,0.0,0.0,0.0,0.0,0.0,0.0,0.0,0.0,0.0,0.0,
2058,222.61778723860488,8.230275,height,,,,,,,,,,,1204204.5,1142355.4,1181232.6,1103169.9,3297056.0,1702808.0,1724584.0,1594497.4,1879832.1,1390606.8,1316977.5,1645799.4,1610482.9,1742483.5,1779562.2,1930239.8,1746889.2,1971394.0,1935504.6,1635813.0,1568905.6,1431660.0,1655028.0,0.0,
2059,374.69024468185273,8.231206,height,,,,,,,,,,,2233501.2,2358115.8,2123513.5,1843317.0,2842163.8,0.0,0.0,0.0,0.0,0.0,0.0,0.0,0.0,0.0,0.0,0.0,0.0,0.0,0.0,0.0,0.0,0.0,0.0,0.0,
2060,748.3735421527061,8.232955,height,,,,,,,,,,,4830683.0,4333085.0,3636502.2,3499353.0,4799165.0,0.0,0.0,0.0,0.0,0.0,0.0,0.0,0.0,1622206.2,1654992.6,2093384.1,1541761.6,1909561.5,1927357.9,0.0,0.0,0.0,0.0,0.0,
2061,389.2399567188481,8.237679,height,,,,,,,,,,,58031444.0,56902508.0,65759516.0,58844064.0,24261744.0,58334710.0,74724950.0,72581140.0,69211800.0,72660270.0,63651744.0,67124664.0,69319380.0,62384896.0,58686468.0,76634520.0,62677136.0,72463500.0,79558600.0,62696156.0,68133270.0,69133720.0,66578316.0,0.0,
2062,229.1548567881433,8.238983,height,,,,,,,,,,,0.0,0.0,0.0,0.0,5474901.0,0.0,0.0,0.0,0.0,0.0,0.0,0.0,0.0,0.0,0.0,0.0,0.0,0.0,0.0,0.0,0.0,0.0,0.0,0.0,
2063,246.1814531638086,8.190295,height,,,,,,,,,,,0.0,0.0,0.0,0.0,191670980.0,0.0,1306388.8,1270682.8,1231654.4,0.0,0.0,0.0,1251494.6,1135679.6,0.0,0.0,0.0,0.0,0.0,1208933.5,1323556.4,1109637.6,1289145.5,0.0,
2064,390.2430166549704,8.239011,height,,,,,,,,,,,11586079.0,12160854.0,12863062.0,13312011.0,4725351.0,11663258.0,14134442.0,13781097.0,15553987.0,14224244.0,12369568.0,13645348.0,13745622.0,12721844.0,11687187.0,15745521.0,12318090.0,14147608.0,15818835.0,13517293.0,13498013.0,13620814.0,12912187.0,0.0,
2065,404.2505657356178,8.247293,height,,,,,,,,,,,3075413.0,3181063.8,3113363.2,3258334.5,3096357.5,3252668.8,3251259.8,3177495.0,3139164.2,2803173.5,3220093.8,3353227.5,2957209.5,2748806.5,3126965.8,3209641.8,2974584.0,3298304.8,3496294.5,2841860.0,2938645.2,2874083.5,2813953.0,0.0,
2066,345.2246387437946,8.248387,height,,,,,,,,,,,0.0,0.0,0.0,0.0,4057279.8,0.0,0.0,0.0,0.0,0.0,0.0,0.0,0.0,0.0,0.0,0.0,0.0,0.0,0.0,0.0,0.0,0.0,0.0,0.0,
2067,249.0721672058505,8.258102,height,,,,,,,,,,,2534073.0,2101604.2,2491321.5,2125336.8,1688415.9,1833533.1,1910106.5,2590270.0,2372877.2,2066764.4,2093631.0,2272409.2,2472980.2,1589966.9,2080726.4,1848316.6,1881255.6,2545922.5,2639573.2,2105258.8,2220695.5,2035458.1,2258269.5,0.0,
2068,523.7546093983044,8.255767,height,,,,,,,,,,,3859633.0,3341401.0,3614054.2,3660387.2,2571170.8,3025415.8,3269603.8,4221906.5,3431855.5,3510810.8,3750854.5,3558689.5,3929800.0,3526796.8,3520566.2,4111061.5,3933104.5,4626696.0,4249703.0,3305021.8,3342316.8,3531016.8,3580637.5,0.0,
2069,403.2304405174662,8.261403,height,,,,,,,,,,,3077277.8,2804544.0,2845414.2,2971814.8,2820762.2,3374505.8,3314008.2,4156135.0,3261247.5,3303138.0,3767930.8,3483922.5,3832952.0,3386238.2,3090790.0,3575147.0,3292207.8,3942978.5,3903526.5,3129576.0,3548764.5,3700515.2,3383923.5,0.0,
2070,397.21980711129305,8.262857,height,,,,,,,,,,,3385731.0,3710681.0,4388110.5,4180399.0,4361885.0,6782672.5,0.0,7152118.5,6399383.5,6588013.0,7779630.0,5791553.5,6733009.5,6064189.5,6268870.5,6033426.0,5554453.0,5878365.5,6386935.5,6051009.5,5877806.0,6406051.5,0.0,0.0,
2071,388.2315932441679,8.268281,height,,,,,,,,,,,1870983.0,1837954.0,1805349.6,2122197.2,1581808.5,2569373.2,2356929.2,2967821.5,2505181.8,2266159.5,2954418.8,2646531.5,2798416.8,2128116.2,2264401.5,2385436.2,2350141.0,2732786.8,3095728.5,2385802.2,2840576.8,2800155.5,2523362.5,0.0,
2072,493.178334717795,8.270404,height,,,,,,,,,,,30426986.0,29116300.0,26981250.0,31422010.0,21544684.0,24126782.0,22422370.0,28614778.0,21232204.0,21378976.0,27662954.0,24582910.0,27156494.0,21571116.0,27520450.0,24795388.0,26114014.0,29873714.0,29777092.0,21306344.0,25154782.0,22281828.0,23172696.0,0.0,
2073,389.2158277498848,8.2802105,height,,,,,,,,,,,0.0,0.0,0.0,0.0,3331720.5,0.0,0.0,0.0,0.0,0.0,0.0,0.0,0.0,0.0,0.0,0.0,0.0,0.0,0.0,0.0,0.0,0.0,0.0,0.0,
2074,252.13460830925965,8.286872,height,,,,,,,,,,,2440570.2,2009805.2,2262735.8,2049436.5,2585342.5,2657459.5,2598689.8,2861413.5,2746001.8,2478978.2,2549298.2,2642601.5,2894130.5,1812364.4,2379825.0,2198609.5,2341504.8,2694485.8,3182595.8,2574922.8,2810291.0,2556613.0,2694964.2,0.0,
2075,303.2028454612065,8.290965,height,,,,,,,,,,,17723572.0,17384728.0,18163908.0,17528900.0,21905530.0,13340960.0,13185983.0,14357581.0,11039586.0,12714630.0,13290038.0,10923622.0,13884176.0,12608795.0,15441512.0,14230845.0,14591309.0,15506538.0,15728351.0,14885681.0,15228553.0,12106882.0,15298332.0,0.0,
2076,629.3625619615343,8.294125,height,,,,,,,,,,,4242101.0,4985748.5,6591692.5,5490144.0,7525442.0,8764541.0,8696509.0,8560865.0,9007075.0,9021674.0,10774892.0,10533662.0,9863736.0,7456724.0,9317619.0,7628512.0,8647387.0,9370056.0,9360104.0,8056877.0,9243750.0,7952856.5,9078098.0,0.0,
2077,398.12850174744943,8.296848,height,,,,,,,,,,,2720666.5,3030658.0,2860163.5,2839461.0,1603350.5,2450282.5,2998925.8,2651265.0,2901515.8,3049581.5,3182489.0,3266287.8,2778453.2,2419699.8,2609530.5,2329212.2,2554555.2,2643835.5,2480932.2,2562134.5,2832180.5,2483854.8,2658775.0,0.0,
2078,376.1467113858213,8.296418,height,,,,,,,,,,,18446712.0,19173216.0,17890244.0,18057958.0,13311077.0,15768283.0,17629658.0,16478715.0,17748538.0,18737126.0,19689374.0,18411542.0,17487580.0,15259669.0,17998220.0,16243799.0,17468294.0,18971104.0,18324772.0,16010577.0,19390324.0,14912069.0,17897632.0,0.0,
2079,315.1848207562785,8.2964525,height,,,,,,,,,,,1590077.9,1659615.1,2145112.8,1791288.8,2643222.0,2997345.0,3000011.5,2893306.8,3099248.8,3051386.2,3102089.8,2907128.8,3010837.0,2414210.0,2940422.2,2726558.2,2527993.8,3031752.2,2847854.5,2654563.0,3036738.8,2620194.0,3065196.2,0.0,
2080,521.1733165255612,8.30232,height,,,,,,,,,,,3418843.5,3397221.8,2960799.0,2996480.8,2382142.5,2899601.2,2980931.8,3334442.2,3256466.2,3222759.5,3099817.0,3478461.5,3654381.5,2650574.0,2850550.2,2849095.5,3396963.0,3746324.0,4282551.5,2656742.5,3751851.8,3184332.8,3369223.5,0.0,
2081,347.2291009397615,8.305453,height,,,,,,,,,,,16507949.0,17797432.0,22885328.0,16359777.0,26222690.0,24220160.0,23747524.0,25534084.0,21547228.0,25230296.0,26164812.0,25345774.0,25701100.0,22665668.0,22215934.0,21090018.0,25170360.0,24022954.0,23950050.0,24922238.0,27422600.0,27168318.0,26465404.0,0.0,
2082,375.2240725798383,8.3118,height,,,,,,,,,,,6934593.0,7923112.0,8349584.0,7242672.0,5579648.0,7521966.5,7348824.0,7666068.0,7161843.5,8220739.0,8304437.0,9171408.0,8522047.0,7433376.5,7453689.0,7048525.5,8715097.0,7827468.5,7969602.0,7382877.0,8121140.5,8755860.0,8077950.5,0.0,
2083,475.28797153204846,8.310037,height,,,,,,,,,,,2725852.0,3149967.5,3186552.8,2790071.8,3523420.8,0.0,0.0,995781.7,0.0,0.0,1023834.06,0.0,0.0,1697643.2,1768868.8,1605869.2,1915076.2,1997267.4,1810349.1,966773.06,1015320.9,0.0,0.0,0.0,
2084,221.0769631165533,8.31767,height,,,,,,,,,,,2914918.5,2585232.2,2810600.2,2532176.0,2070267.4,2710396.8,2579895.2,2827850.0,2978345.5,2674960.0,2416318.2,2894508.8,3033811.2,2318610.0,2323224.2,2424984.0,2670721.8,2790491.8,3049555.2,2556938.5,3023015.8,2694738.0,3059135.5,0.0,
2085,161.12850671911593,8.3210125,height,,,,,,,,,,,2866424.0,0.0,0.0,0.0,7851666.5,7624554.0,7408782.0,7974938.0,6487843.0,1732122.4,2114243.0,1895840.0,6419364.0,4367724.0,4278177.5,4720958.0,4959605.0,4494978.5,4853454.5,9172502.0,7861638.5,8397897.0,7196150.0,0.0,
2086,403.1937970725165,8.339954,height,,,,,,,,,,,0.0,0.0,0.0,0.0,0.0,2752435.2,2598653.8,1968504.6,2405870.5,3682191.8,4829568.5,3615203.2,2069306.4,4374849.0,4187561.0,4044479.8,3947877.2,2585846.0,1937783.0,3632141.8,2477164.5,3534446.2,1945436.4,0.0,
2087,706.2530534957071,8.346545,height,,,,,,,,,,,6744253.0,6745798.0,7114919.0,6009522.0,6894184.0,6850529.0,6020771.5,6924828.5,6837463.0,6425559.0,8143031.5,8876505.0,7624763.5,6282205.5,6282617.0,6161399.0,7325138.0,7381974.5,7641530.0,5986390.5,7399842.0,6802301.0,7987873.0,0.0,
2088,634.3566131027225,8.346575,height,,,,,,,,,,,2064305.5,2547354.5,2553757.8,2171402.0,2291794.0,0.0,0.0,0.0,0.0,0.0,0.0,0.0,0.0,1502127.1,1702627.9,1428447.0,1457809.1,0.0,1061570.2,0.0,0.0,0.0,0.0,0.0,
2089,274.1873709335148,8.352441,height,,,,,,,,,,,0.0,0.0,0.0,0.0,124653224.0,0.0,0.0,0.0,0.0,0.0,0.0,0.0,0.0,0.0,0.0,0.0,0.0,0.0,0.0,0.0,0.0,0.0,0.0,0.0,
2090,403.2303147824354,8.286609,height,,,,,,,,,,,0.0,3024904.8,0.0,0.0,3635014.0,3438430.0,0.0,0.0,0.0,0.0,0.0,0.0,3850557.5,0.0,3195865.8,0.0,0.0,0.0,3873820.5,0.0,0.0,0.0,3186116.8,0.0,
2091,464.1990758162915,8.365252,height,,,,,,,,,,,5142534.0,5252521.5,5538651.0,4441795.5,3824425.8,1560199.0,1401403.6,1852162.9,966210.8,1976434.1,1846267.4,1371011.8,1750771.4,2760663.0,3154595.0,2344420.2,2829982.2,2319293.2,2347162.8,1689014.5,1627075.0,1698429.9,1631978.6,0.0,
2092,272.17177418717216,8.397636,height,,,,,,,,,,,2037966.1,1084839.6,0.0,0.0,13009039.0,0.0,0.0,0.0,0.0,0.0,0.0,0.0,0.0,1625647.8,1646018.2,1776848.8,1645643.9,1420783.5,1350961.1,0.0,0.0,0.0,0.0,0.0,
2093,375.23547327245535,8.374486,height,,,,,,,,,,,1811452.9,1616635.9,2041326.4,1684321.2,4769426.0,1234155.4,1215525.6,1057738.5,996674.6,1769562.9,2221878.2,1608222.1,1426544.5,2110023.0,2145022.8,1760173.4,2006632.0,1488464.1,1201099.9,1850789.6,1127449.4,1612001.4,1073396.5,0.0,
2094,492.19395993394266,8.382417,height,,,,,,,,,,,8344465.5,9354173.0,10625912.0,9568320.0,4176300.2,16522913.0,15321873.0,15724170.0,14954826.0,17633700.0,15147076.0,16998328.0,15904600.0,13618843.0,15127464.0,15302708.0,15059361.0,15005568.0,14078400.0,13850128.0,16816156.0,13559713.0,16778074.0,0.0,
2095,361.21954481417407,8.391084,height,,,,,,,,,,,3677377.0,4352232.0,4281629.5,3890299.5,2931580.5,1640083.5,1594825.9,1717829.1,0.0,2042291.9,1698608.8,1644980.5,1632912.5,2645726.5,2845413.2,2748457.0,2575553.5,2280934.0,1943548.4,1973009.6,1994513.9,1981905.2,1895791.9,0.0,
2096,157.0799461344098,8.404867,height,,,,,,,,,,,1393724.8,1277175.8,0.0,1353196.1,13409909.0,12411518.0,11441866.0,12109360.0,12250555.0,4714979.5,6777611.0,4858479.0,10307126.0,6094918.0,6243376.0,7269194.0,7361304.5,9218562.0,8759863.0,9557557.0,10837371.0,9999671.0,11114801.0,0.0,
2097,374.24001551365257,8.4070015,height,,,,,,,,,,,3517051.0,3756649.8,5284731.5,3783989.5,3601625.0,2527874.0,2418221.0,2879472.2,2721397.2,3377234.5,3544254.8,3853691.8,3349388.5,3909127.0,3917235.0,3662904.0,3755392.8,3412088.5,3177593.0,2824997.0,3002995.2,3126783.2,2964698.2,0.0,
2098,546.288719154573,8.405456,height,,,,,,,,,,,0.0,0.0,0.0,0.0,5045938.0,0.0,0.0,0.0,0.0,0.0,0.0,0.0,0.0,0.0,0.0,0.0,0.0,0.0,0.0,0.0,0.0,0.0,0.0,0.0,
2099,324.1289048261852,8.404848,height,,,,,,,,,,,1965505.5,2253317.2,2438458.5,2191631.2,1302177.9,0.0,1115099.9,0.0,1129289.2,1396221.5,1536478.2,1588951.2,1345203.6,1641132.8,1606118.5,1433183.6,1567033.6,1225773.5,1398517.8,1267958.4,1266878.4,1320014.4,1204878.2,0.0,
2100,847.2880550349984,8.41051,height,,,,,,,,,,,7379087.0,6869164.5,7894146.0,6412843.5,3585444.8,6544511.0,5987599.0,7073491.0,9061249.0,5283827.5,5957577.5,7787130.0,7839615.5,4461203.0,5689414.5,5844623.0,6509334.5,8838715.0,8097623.5,5328246.0,7788673.0,6347957.0,7739849.5,0.0,
2101,156.07690213678546,8.407775,height,,,,,,,,,,,19953440.0,19262602.0,13271998.0,18703694.0,200318690.0,184306130.0,172364690.0,180197800.0,175784080.0,68448904.0,93803550.0,72182400.0,150929340.0,89084560.0,90504296.0,104149720.0,105928410.0,129928344.0,131781140.0,143210850.0,159940340.0,144465000.0,161746400.0,0.0,
2102,361.2085666335976,8.407846,height,,,,,,,,,,,3115416.5,3063460.0,4744440.0,3217165.5,2553835.5,3143431.5,2985797.8,2598314.8,3383975.5,3862810.5,4218069.5,4686571.5,3891157.2,4184904.5,3933466.5,3550702.0,4063145.5,3393386.2,3467284.8,3214917.0,3634002.2,3708006.5,3133839.2,0.0,
2103,384.18780849030657,8.408311,height,,,,,,,,,,,6560552.5,7128787.0,9204429.0,7068222.5,3414234.0,3798892.2,3868258.0,3372172.5,4311604.0,5792826.5,6054195.0,6766856.0,5216758.0,6216269.0,5981725.0,5402701.0,6028813.0,4901262.5,4925927.5,4237699.5,4636627.5,4800504.0,3973028.8,0.0,
2104,333.19211260034945,8.414878,height,,,,,,,,,,,0.0,0.0,0.0,0.0,4359072.0,0.0,0.0,0.0,0.0,0.0,0.0,0.0,0.0,0.0,0.0,0.0,0.0,0.0,0.0,0.0,0.0,0.0,0.0,0.0,
2105,360.2243607564614,8.425947,height,,,,,,,,,,,12315629.0,13082515.0,14534422.0,13032469.0,5998983.5,6570009.5,7555026.5,7253624.5,6901972.5,9513836.0,10634785.0,9886248.0,8857858.0,8870849.0,9762756.0,9496148.0,9366480.0,8043474.0,9805820.0,7955873.5,7270553.5,8420729.0,8685299.0,0.0,
2106,321.14048571485733,8.42717,height,,,,,,,,,,,14608207.0,14188462.0,15523424.0,14019960.0,9220306.0,9231867.0,10150528.0,9941947.0,9852557.0,10588706.0,12210846.0,10836484.0,11728346.0,10242275.0,11378142.0,11736650.0,11266567.0,10053358.0,10980433.0,10027999.0,10022290.0,10509492.0,11088633.0,0.0,
2107,247.14023158584487,8.430255,height,,,,,,,,,,,11100935.0,10698223.0,11772940.0,9912398.0,3879081.2,5052380.5,5560031.5,5515244.0,5199011.0,6651171.5,6879742.5,7089278.0,6521603.5,5423140.0,5720095.5,6289121.5,6427735.0,5891200.5,6725506.0,5440920.5,5493350.0,5681527.5,6567225.0,0.0,
2108,534.2524935539063,8.437349,height,,,,,,,,,,,4085951.0,3286014.0,1936550.8,1924762.1,10688730.0,0.0,0.0,0.0,0.0,0.0,0.0,0.0,0.0,0.0,0.0,0.0,0.0,0.0,0.0,0.0,0.0,0.0,0.0,0.0,
2109,444.2819714169712,8.446947,height,,,,,,,,,,,2612430.5,2219352.2,1603259.6,2075273.4,0.0,0.0,0.0,0.0,0.0,0.0,0.0,0.0,0.0,1006747.44,1074472.2,1231300.1,1332389.0,1096473.0,1638621.0,0.0,0.0,0.0,0.0,0.0,
2110,349.1354630902941,8.44541,height,,,,,,,,,,,2217343.8,2412929.2,2391380.8,2440920.8,1442207.0,3868756.2,3876439.8,4055810.5,4574665.0,4406760.5,5259986.0,4510255.5,4170375.0,3574912.0,3488834.8,4067977.2,3958063.8,3399417.2,4339702.0,3958780.2,4332598.0,4166226.8,4390783.0,0.0,
2111,662.3183410172751,8.457746,height,,,,,,,,,,,2817282.0,2898709.2,2755540.2,2952210.5,1581673.9,1029902.3,1402546.8,1416211.6,1147391.9,1644014.6,1573295.2,1541757.9,1521621.8,1466847.2,1519381.6,1799149.4,1922549.0,1563247.1,2199481.5,1279757.6,1615180.2,0.0,1615062.6,0.0,
2112,462.2387522329816,8.458351,height,,,,,,,,,,,10168754.0,9790178.0,9681758.0,10362461.0,6527466.0,7015666.0,8486142.0,8704203.0,7491417.0,7866806.0,9328718.0,9360614.0,9043972.0,7629959.5,8415705.0,8853485.0,9405568.0,8407507.0,10506086.0,8319054.5,8160800.5,8062619.5,8792119.0,0.0,
2113,317.2182983924601,8.462095,height,,,,,,,,,,,3618308.2,3101395.2,4883227.5,3629236.2,5170317.0,1267079.0,1570072.4,1663597.1,1059257.8,1299541.6,1438225.5,1412594.1,1612138.9,2170695.2,2015048.8,2249808.8,2390815.8,2274875.8,2505664.0,2007705.0,1711315.1,1518847.0,1924296.2,0.0,
2114,246.18149938587968,8.47903,height,,,,,,,,,,,0.0,0.0,0.0,0.0,139953390.0,0.0,0.0,0.0,0.0,0.0,0.0,0.0,0.0,0.0,0.0,0.0,0.0,0.0,0.0,0.0,0.0,0.0,0.0,0.0,
2115,303.2029390097198,8.462785,height,,,,,,,,,,,4962021.5,9651157.0,5052291.0,5330818.0,6782876.0,3196194.8,3527381.8,4078688.0,5691167.0,3251131.0,7997785.0,3243522.2,3725493.2,3424297.8,3982019.2,3336914.5,3845332.8,4251161.5,5967680.0,3816897.5,3611053.8,3567726.2,4184894.5,0.0,
2116,347.22923746597564,8.48863,height,,,,,,,,,,,12197046.0,11409193.0,14843735.0,13342572.0,11764975.0,8434172.0,9986248.0,9970866.0,7535776.0,9130892.0,9115599.0,9620226.0,10501912.0,8772100.0,9925909.0,9102997.0,10499006.0,11302354.0,10953179.0,9810292.0,8861026.0,8420631.0,11154645.0,0.0,
2117,375.22442062783097,8.492743,height,,,,,,,,,,,7815841.0,6849614.0,9771897.0,7511607.0,6505834.0,6682831.0,7039881.5,7955276.0,7404229.0,7482003.0,7682507.5,8784888.0,7765303.0,6151453.0,7922047.0,6102113.5,8037028.5,8384697.5,8214341.0,7933306.5,6964904.5,6716007.0,7775164.0,0.0,
2118,542.1867132216063,8.505133,height,,,,,,,,,,,1831237.1,1464690.2,1763717.6,1468514.8,0.0,1535792.0,1601882.4,1855032.6,1651329.2,1234401.2,1514646.2,1769399.6,2170820.0,0.0,0.0,1271923.8,1398385.1,1833813.5,2069276.8,1297154.5,1733900.0,1317921.5,2034533.6,0.0,
2119,478.1784925349575,8.501458,height,,,,,,,,,,,1900848.5,1819939.4,2385252.0,1928359.6,0.0,6209812.5,6273099.5,6628992.0,4903329.0,5451183.5,6417385.0,5708418.0,6464538.5,3910590.0,4909390.0,4367542.5,5334308.5,5538844.5,5711201.0,7041797.5,6889320.0,5164795.5,6832051.0,0.0,
2120,245.169192937246,8.558244,height,,,,,,,,,,,1819554.0,0.0,0.0,1159132.2,2860431.0,0.0,0.0,0.0,0.0,0.0,0.0,0.0,0.0,0.0,1481097.8,1111535.8,1209334.1,1199476.9,0.0,0.0,0.0,0.0,0.0,0.0,
2121,847.2880629765644,8.44813,height,,,,,,,,,,,5815243.0,5411848.0,4185314.0,6637359.5,3456210.2,4564148.0,6240835.0,0.0,4292250.0,5397075.0,6249842.5,4722889.0,3925494.5,4930502.5,6468941.5,6168609.0,6828341.5,5696346.0,4600864.5,5618190.5,5557772.5,5461024.5,4925907.5,0.0,
2122,381.188697395498,8.5119,height,,,,,,,,,,,15864264.0,12638506.0,7072957.0,12210172.0,0.0,22207822.0,21447808.0,25722354.0,27829794.0,22900174.0,24345298.0,31584410.0,25851778.0,17887350.0,19938116.0,16987422.0,20248564.0,22654686.0,22493854.0,22280074.0,22465730.0,20715030.0,21033564.0,0.0,
2123,262.1402558402817,8.528201,height,,,,,,,,,,,2560260.8,2251761.0,2701878.8,2188900.0,0.0,2421501.0,2260594.5,2591371.5,2212518.0,1886269.0,2058900.9,2614201.8,2293941.2,1856241.1,2165059.5,1808409.8,2260986.0,2359222.2,2651256.0,1873051.0,2715247.5,2003737.4,2459557.5,0.0,
2124,382.1925134021518,8.510462,height,,,,,,,,,,,2745493.0,2445496.8,1156515.9,2171515.2,0.0,3753051.8,3684735.0,4447428.5,4997171.0,4011070.8,4105578.5,5352010.0,4546942.0,3041124.2,3362223.0,2862231.8,3876664.2,4475227.5,3941673.0,4005488.0,3794802.2,3428495.2,3776839.0,0.0,
2125,209.1036603071277,8.520048,height,,,,,,,,,,,0.0,0.0,0.0,0.0,3167443.0,0.0,0.0,0.0,0.0,0.0,0.0,0.0,0.0,0.0,0.0,0.0,0.0,0.0,0.0,0.0,0.0,0.0,0.0,0.0,
2126,406.1574813064586,8.523567,height,,,,,,,,,,,12169695.0,11230376.0,11567882.0,11723124.0,9746707.0,11599181.0,11224684.0,13888402.0,10466568.0,10991020.0,10446754.0,12004582.0,11205992.0,11069679.0,10379922.0,11780327.0,10692572.0,12032841.0,10763199.0,10245448.0,13426979.0,10885487.0,12333194.0,0.0,
2127,193.6239137185016,8.528825,height,,,,,,,,,,,2482088.2,2574663.0,3820799.8,2877352.5,5189897.0,5066841.0,4251003.5,5075667.0,5128798.0,4344172.5,4171765.5,4884513.0,5815650.5,4120710.5,4062357.2,4154761.2,4534825.5,3979382.0,4521479.5,3908963.0,5319280.0,4213841.5,4586410.0,0.0,
2128,388.2444900120457,8.529073,height,,,,,,,,,,,2643738.0,2769503.8,4435681.5,3317983.5,4489646.5,5464981.0,4947007.5,6023154.5,6061285.0,4753845.0,5541576.5,6227725.5,5955284.5,4511601.0,4171991.0,4457259.5,4404545.5,4483401.5,4852992.5,4115893.8,5831081.5,4767903.5,5512221.0,0.0,
2129,771.4742374737473,8.530724,height,,,,,,,,,,,0.0,0.0,1814442.5,0.0,4491876.5,3078698.0,2327543.2,3052804.2,3319683.8,1960888.2,3245754.5,3055661.5,3165730.2,2028304.1,0.0,1771224.2,1803437.0,1826820.0,2162631.0,2407351.5,3074636.5,2557927.5,3071269.0,0.0,
2130,338.18286510349134,8.530944,height,,,,,,,,,,,0.0,0.0,0.0,0.0,5451242.0,0.0,0.0,0.0,0.0,0.0,0.0,0.0,0.0,0.0,0.0,0.0,0.0,0.0,0.0,0.0,0.0,0.0,0.0,0.0,
2131,386.2403530755647,8.532158,height,,,,,,,,,,,130518184.0,128417780.0,207236690.0,148385300.0,201925040.0,245274740.0,203004270.0,258925310.0,263288080.0,204117580.0,256643740.0,261896510.0,276250100.0,192996320.0,192079980.0,186914290.0,201485540.0,195099300.0,215149170.0,191409860.0,256170940.0,214829070.0,240974100.0,0.0,
2132,387.2426179007568,8.529844,height,,,,,,,,,,,29555732.0,27318596.0,45186840.0,28923300.0,44850610.0,50357230.0,47295620.0,53004520.0,58348040.0,41769636.0,53775880.0,53531104.0,57295572.0,39077330.0,39481500.0,37643510.0,40175108.0,39866330.0,43462772.0,43552132.0,52526452.0,46938520.0,49136916.0,0.0,
2133,321.1407923096056,8.534373,height,,,,,,,,,,,52296384.0,46113680.0,49565972.0,46010316.0,42230132.0,38039460.0,35543516.0,42352276.0,34261350.0,33356728.0,35889450.0,34528420.0,41659270.0,37892788.0,34057016.0,38957630.0,42701820.0,35805668.0,41039732.0,32374942.0,42687350.0,37321708.0,43030610.0,0.0,
2134,343.1231705670236,8.533408,height,,,,,,,,,,,2876045.0,2262761.8,2834465.8,2384517.8,1648839.9,1599841.2,1640192.0,1702876.6,1499087.1,1614178.5,1714058.0,0.0,1951424.6,1808109.8,1638519.2,1661997.0,1756606.1,1594316.8,1802534.5,1369231.4,1919648.4,1885396.0,1819234.0,0.0,
2135,408.222319081794,8.531442,height,,,,,,,,,,,0.0,0.0,2175582.8,1223565.5,3203455.8,2147754.2,2234400.5,2481601.5,2736861.0,2046106.0,2444678.2,3002807.2,2803232.2,1983526.9,1847762.6,1710204.9,2028477.4,1666610.2,2289671.5,2491962.8,2303310.5,2142907.2,2225174.2,0.0,
2136,333.21358634663864,8.538695,height,,,,,,,,,,,8451266.0,7118871.5,8273821.0,6594670.5,5013694.0,5031308.5,4332786.5,5611822.5,4743757.5,4312848.5,5051036.5,4699206.0,6003511.5,4607923.0,4868681.0,4693263.0,5570339.5,4970843.0,5676243.5,4233711.5,5960624.5,4871727.5,5698066.5,0.0,
2137,227.1141897262138,8.544064,height,,,,,,,,,,,4077410.0,3866778.2,2975066.2,3605403.5,126309920.0,1270257.9,1220277.5,1828018.5,0.0,1420373.8,1205318.5,1307392.1,1368780.5,2150571.0,1955689.4,1824206.2,2002718.8,1907261.5,1979967.5,1344852.5,1376920.4,1346474.6,1275328.8,0.0,
2138,377.1311379971396,8.54234,height,,,,,,,,,,,35972144.0,32522512.0,31149484.0,29693812.0,23427670.0,29874982.0,28413670.0,34631184.0,35615910.0,27676054.0,34460620.0,34867840.0,34463532.0,27449720.0,32763746.0,28843036.0,32073240.0,28327542.0,30656324.0,29078298.0,34805624.0,29557314.0,33048964.0,0.0,
2139,316.2062070297567,8.574438,height,,,,,,,,,,,28315724.0,23320600.0,14922624.0,22282712.0,0.0,19185106.0,18120196.0,22984742.0,22531720.0,17334924.0,15958811.0,21692600.0,19827014.0,22224538.0,22861414.0,21239450.0,22535734.0,19373834.0,20312626.0,19951252.0,21828338.0,21222060.0,19807678.0,0.0,
2140,345.21382804060005,8.564311,height,,,,,,,,,,,2847454.2,2340083.8,1942202.9,1842982.2,0.0,1614366.6,1513984.6,1864639.0,2064840.4,1536225.1,1615546.1,1980433.2,1763080.2,1999706.0,1917967.9,1611329.1,1869084.6,1791915.4,0.0,1610078.8,1566879.5,1710600.9,1696955.4,0.0,
2141,244.1658379684468,8.563735,height,,,,,,,,,,,12661340.0,10702577.0,7269149.5,10185877.0,23810268.0,7028443.0,6441103.0,7239457.0,6641194.5,7504297.5,5911869.0,6922638.0,7368276.0,9225053.0,9862650.0,9112935.0,9108212.0,8970538.0,9453492.0,7874519.0,7759385.0,7295283.5,7024182.0,0.0,
2142,374.2404584427202,8.565459,height,,,,,,,,,,,5504429.0,5130063.0,5645710.0,4590593.0,5168708.5,5447185.0,4879655.0,5640950.5,4951394.5,4764926.0,4637776.5,5481184.5,5796743.0,5254186.0,5954009.0,5156175.0,4775770.5,4987420.5,5017190.0,5149545.0,5268131.5,4866604.5,5426904.0,0.0,
2143,493.1782010808056,8.568524,height,,,,,,,,,,,4373573.5,4019998.0,4351622.0,3586604.5,1919047.8,4213912.0,3511514.5,4491552.5,3946824.0,3873646.8,3503083.8,4509961.0,4677025.0,3991493.8,3396042.5,4269966.5,3796522.8,3839188.5,4327143.5,3422022.5,3750142.0,3846167.5,3596895.0,0.0,
2144,329.1933360499074,8.571886,height,,,,,,,,,,,3168597.5,2440970.0,2123127.0,1968974.1,1785971.1,1237532.9,1049930.2,0.0,0.0,0.0,0.0,0.0,1306352.5,1542024.6,1609885.5,1567365.1,0.0,1524416.2,0.0,1502208.0,1605345.1,1343672.2,1482473.0,0.0,
2145,315.2030635520203,8.574058,height,,,,,,,,,,,179803120.0,147357500.0,103566776.0,148942380.0,4088333.8,123975736.0,113963710.0,126400920.0,123355784.0,113267336.0,106740840.0,136153520.0,129920584.0,123636344.0,129644510.0,133037624.0,125229220.0,126465736.0,123293040.0,120300696.0,130437096.0,131631480.0,127017656.0,0.0,
2146,257.1246712344265,8.578981,height,,,,,,,,,,,0.0,0.0,0.0,0.0,19340262.0,0.0,0.0,0.0,0.0,0.0,0.0,0.0,0.0,1102081.5,0.0,0.0,0.0,0.0,0.0,0.0,0.0,0.0,0.0,0.0,
2147,471.2930425637256,8.582281,height,,,,,,,,,,,172186110.0,156758320.0,173137680.0,187120850.0,153612660.0,191995780.0,168039580.0,178200080.0,184457490.0,179886610.0,162972080.0,217978990.0,187317040.0,171658370.0,172249650.0,192557360.0,185129580.0,178937400.0,166382200.0,155276850.0,190180240.0,183908420.0,183403760.0,0.0,
2148,446.2440881441845,8.545728,height,,,,,,,,,,,2248476.2,1829355.1,3136056.8,2239539.0,2642078.8,4567196.5,0.0,3954740.2,4386679.5,4324073.5,0.0,4827268.5,4690538.5,3810347.2,4159897.2,3047897.2,4222908.0,4524094.5,3991878.8,4328874.0,3355253.0,3651184.0,0.0,0.0,
2149,542.3304897645241,8.593196,height,,,,,,,,,,,1915948.1,1703101.6,2116082.5,2371006.5,2144679.8,3397043.5,2829420.2,3010443.0,3162995.2,3303234.5,2652127.0,3568637.0,3127079.0,2776156.5,3064983.5,3093866.0,3159928.2,3013092.5,2842239.2,2441919.2,3123483.0,2984741.8,2975830.8,0.0,
2150,416.25053477570737,8.597287,height,,,,,,,,,,,1717247.4,1743325.8,1716257.9,2068354.6,1462058.0,3006407.8,2782035.5,2779404.0,2943728.2,2892996.0,2710644.0,3495322.5,2838954.2,2542536.0,2584282.5,3019500.0,2750950.2,2604724.5,2583333.5,2372471.2,3093258.8,3084091.5,2895270.0,0.0,
2151,493.2751113672379,8.599219,height,,,,,,,,,,,1936383.2,1726197.6,2046826.6,2233069.0,1541134.1,2133565.0,1979873.6,2475727.8,2218178.8,2064019.1,1917611.6,2787904.2,2062072.4,0.0,1768789.5,1653855.4,1819432.8,1840379.8,1904503.8,1661513.6,2561694.2,1985040.1,2173305.2,0.0,
2152,402.2348147801789,8.605648,height,,,,,,,,,,,2161823.8,2203331.2,2269408.5,2784250.2,1778887.2,2653929.8,2196162.8,2444360.8,2382180.0,2395921.0,2090466.2,2707138.2,2272228.8,2307294.2,2194012.8,2466380.8,2628595.5,2411806.5,2387165.2,2040903.1,2658386.5,2376816.5,2377969.8,0.0,
2153,675.3311772469897,8.613181,height,,,,,,,,,,,0.0,0.0,0.0,0.0,5619736.5,0.0,0.0,0.0,0.0,0.0,0.0,0.0,0.0,0.0,0.0,0.0,0.0,0.0,0.0,0.0,0.0,0.0,0.0,0.0,
2154,709.3286853150571,8.616477,height,,,,,,,,,,,2277136.0,2089366.9,1929781.9,2207397.0,0.0,2198911.0,1724384.6,2520713.8,2103994.5,2191782.0,1733092.6,2306204.8,2095298.5,1524153.0,1937950.6,2388089.5,2202342.5,2203209.5,2044263.8,1546509.4,2431887.0,1936285.2,2232358.0,0.0,
2155,663.3215823543155,8.621008,height,,,,,,,,,,,22520072.0,25456668.0,22257222.0,23758914.0,17639104.0,14503255.0,0.0,16534830.0,11002093.0,14824641.0,12152982.0,16831558.0,14563892.0,14355493.0,19341220.0,19659530.0,17303528.0,19112924.0,17186944.0,12674035.0,15996171.0,12864266.0,15497210.0,0.0,
2156,662.3186746563116,8.61967,height,,,,,,,,,,,67377660.0,64794108.0,66149132.0,69467140.0,47936948.0,42762464.0,34809772.0,44213380.0,32026420.0,44467870.0,34003740.0,43119188.0,40217970.0,42937790.0,52694588.0,48106516.0,50853436.0,46828204.0,48814348.0,33459618.0,41660080.0,35086360.0,46896730.0,0.0,
2157,331.66264937085134,8.621935,height,,,,,,,,,,,12350427.0,12003062.0,11234453.0,11597581.0,11002288.0,7335388.5,7159099.0,7504550.0,5268168.0,6926874.5,6144969.5,6729715.0,6063971.0,7347595.0,8385640.0,8956993.0,9431576.0,7913574.5,8633582.0,5410288.5,7006006.0,5994862.0,8252518.0,0.0,
2158,322.65719522545,8.623347,height,,,,,,,,,,,2205731.8,2365522.2,2104414.5,2488533.5,2082152.1,1551178.2,0.0,1706208.1,1122161.9,1277220.5,1442929.8,1597971.8,0.0,1393711.0,1727534.0,1722842.5,1743521.0,1657642.9,1945766.4,0.0,1386821.1,1270049.8,1647733.0,0.0,
2159,262.139973298186,8.626952,height,,,,,,,,,,,4240822.0,3898427.5,3840173.5,3980721.5,1361476.9,4484273.0,3841741.8,4219382.0,4155569.5,4068038.2,3768277.5,4485493.0,3947248.2,3008054.2,3469328.2,3686433.8,4139231.5,3780933.5,4099158.5,3498809.5,4227755.5,3937987.5,4663464.0,0.0,
2160,493.1781587514992,8.571967,height,,,,,,,,,,,0.0,4020663.0,4310812.5,3556205.5,2189453.0,4240753.5,3614155.0,5367900.5,4228469.5,4458442.5,4010633.5,2366032.0,4731764.0,4135542.2,3607494.8,4516759.5,3997252.8,4116454.5,4563711.0,3558568.0,4039167.0,3969463.2,3796277.5,0.0,
2161,333.2132227909601,8.633333,height,,,,,,,,,,,4765351.0,7449992.5,4236782.5,4909439.0,3949570.8,4654808.5,4605567.5,4249822.5,3711845.0,4587162.5,4411305.0,5366574.5,4384512.0,4369302.5,4268376.5,4627915.0,4730785.5,4975666.5,4077862.2,3673430.8,4436951.0,4655944.5,4019865.5,0.0,
2162,376.1466511964218,8.643891,height,,,,,,,,,,,4002129.0,3581993.8,3683913.2,3906882.2,1663230.5,4215161.5,4144521.2,3886040.8,3710991.8,4237844.0,3886061.0,4903832.0,3879451.2,2900609.2,3384968.0,3456305.2,3385989.8,4375630.0,3697369.2,2847125.8,3923571.2,3837926.2,3956773.2,0.0,
2163,157.10844290293798,8.642581,height,,,,,,,,,,,0.0,0.0,0.0,0.0,3645141.8,0.0,0.0,0.0,0.0,0.0,0.0,0.0,0.0,0.0,0.0,0.0,0.0,0.0,0.0,0.0,0.0,0.0,0.0,0.0,
2164,349.23059262256777,8.642581,height,,,,,,,,,,,0.0,0.0,0.0,0.0,100859350.0,0.0,0.0,0.0,0.0,0.0,0.0,0.0,0.0,0.0,0.0,0.0,0.0,0.0,0.0,0.0,0.0,0.0,0.0,0.0,
2165,371.2126662509143,8.642581,height,,,,,,,,,,,0.0,0.0,0.0,0.0,3689798.2,0.0,0.0,0.0,0.0,0.0,0.0,0.0,0.0,0.0,0.0,0.0,0.0,0.0,0.0,0.0,0.0,0.0,0.0,0.0,
2166,523.3426759188009,8.642581,height,,,,,,,,,,,0.0,0.0,0.0,0.0,31371450.0,0.0,0.0,0.0,0.0,0.0,0.0,0.0,0.0,0.0,0.0,0.0,0.0,0.0,0.0,0.0,0.0,0.0,0.0,0.0,
2167,697.4544385534979,8.642581,height,,,,,,,,,,,0.0,0.0,0.0,0.0,12233767.0,0.0,0.0,0.0,0.0,0.0,0.0,0.0,0.0,0.0,0.0,0.0,0.0,0.0,0.0,0.0,0.0,0.0,0.0,0.0,
2168,457.2779679400711,8.643693,height,,,,,,,,,,,6170129.0,7210397.0,9525351.0,9295172.0,12034403.0,14868391.0,15238053.0,14562139.0,13213802.0,14205025.0,14044195.0,17927510.0,16764065.0,11707054.0,12031356.0,12934087.0,13292194.0,14232031.0,11740502.0,10565147.0,15830015.0,0.0,13621098.0,0.0,
2169,338.17478403237686,8.643507,height,,,,,,,,,,,1851733.8,0.0,1843314.9,1883416.8,0.0,1827862.5,2095897.0,1810825.4,1815319.4,1903441.8,1814968.2,2299569.8,1824732.8,1690296.9,1909971.8,1839134.0,1871641.4,1905119.8,1761168.9,1724056.1,1895865.8,1906024.1,1708853.1,0.0,
2170,375.2241310771466,8.643971,height,,,,,,,,,,,5373858.5,4869366.5,5411922.5,5769091.5,3607597.8,5545514.0,5774878.5,5107609.5,4850928.0,6049737.5,5470229.0,6752052.5,5845248.5,4788283.0,5094577.5,5187633.5,5111473.0,6075358.0,4555690.5,4403342.5,5576510.5,5407135.5,5441706.5,0.0,
2171,476.2345110207985,8.644848,height,,,,,,,,,,,3712366.2,3565694.2,3923447.0,4337380.5,0.0,6790976.0,6841752.5,6529658.0,6082546.0,7291590.5,6718821.0,8503443.0,6587054.5,4492868.5,5024521.0,5600882.0,5007026.5,6456901.0,5195796.5,4794654.0,7073290.0,6648808.0,6510798.5,0.0,
2172,377.130589539167,8.64987,height,,,,,,,,,,,9368221.0,10018550.0,9784025.0,10830067.0,21432600.0,10010385.0,9991658.0,9049709.0,9787742.0,9687589.0,9391078.0,10730838.0,9686564.0,31469772.0,12505611.0,0.0,10216256.0,9267495.0,8710117.0,9272032.0,9834774.0,9752171.0,9915127.0,0.0,
2173,174.54600324117948,8.652223,height,,,,,,,,,,,0.0,0.0,0.0,0.0,5218146.5,0.0,0.0,0.0,0.0,0.0,0.0,0.0,0.0,0.0,0.0,0.0,0.0,0.0,0.0,0.0,0.0,0.0,0.0,0.0,
2174,175.69507687307,8.652223,height,,,,,,,,,,,0.0,0.0,0.0,0.0,4925700.0,0.0,0.0,0.0,0.0,0.0,0.0,0.0,0.0,0.0,0.0,0.0,0.0,0.0,0.0,0.0,0.0,0.0,0.0,0.0,
2175,197.10104585622008,8.652223,height,,,,,,,,,,,0.0,0.0,0.0,0.0,3658936.8,0.0,0.0,0.0,0.0,0.0,0.0,0.0,0.0,0.0,0.0,0.0,0.0,0.0,0.0,0.0,0.0,0.0,0.0,0.0,
2176,397.1832353528326,8.6677065,height,,,,,,,,,,,3602985.5,3376274.5,3724296.0,4124074.5,0.0,2961335.0,2747069.5,3120635.8,3123949.8,2998887.2,3066784.0,3403491.2,2983369.5,2315440.0,2257339.8,2359676.2,2870357.2,2691881.0,2594917.2,2991577.5,3032067.5,3100479.2,3640881.5,0.0,
2177,176.1221490733316,8.677453,height,,,,,,,,,,,0.0,0.0,0.0,0.0,90274856.0,0.0,0.0,0.0,0.0,0.0,0.0,0.0,0.0,11292922.0,11702197.0,10568017.0,12788343.0,13648862.0,13288996.0,0.0,0.0,0.0,0.0,0.0,
2178,158.09252462644488,8.67763,height,,,,,,,,,,,0.0,0.0,0.0,0.0,48597490.0,0.0,0.0,0.0,0.0,0.0,0.0,0.0,0.0,5126706.5,5293807.5,4778562.0,6054720.5,6130213.5,6258748.0,0.0,0.0,0.0,0.0,0.0,
2179,130.09763295285794,8.678935,height,,,,,,,,,,,0.0,0.0,0.0,0.0,24210394.0,0.0,0.0,0.0,0.0,0.0,0.0,0.0,0.0,2566402.0,2630556.0,2450570.0,2936861.2,2970118.0,3066004.2,0.0,0.0,0.0,0.0,0.0,
2180,399.2385273774239,8.684405,height,,,,,,,,,,,0.0,0.0,0.0,0.0,5756777.0,0.0,0.0,0.0,0.0,0.0,0.0,0.0,0.0,0.0,0.0,0.0,0.0,0.0,0.0,0.0,0.0,0.0,0.0,0.0,
2181,175.11904936847515,8.684602,height,,,,,,,,,,,15491506.0,9967594.0,9229867.0,11686550.0,1339441800.0,10081196.0,8739493.0,11324809.0,7515651.5,6388995.0,4429375.0,3783512.8,5566578.0,172708110.0,171916740.0,161616540.0,196839660.0,208812980.0,209187490.0,15835182.0,11879039.0,10074831.0,10337831.0,0.0,
2182,636.3506865589749,8.69053,height,,,,,,,,,,,0.0,0.0,0.0,0.0,5062323.5,0.0,0.0,0.0,0.0,0.0,0.0,0.0,0.0,1788202.0,2408677.2,1499197.0,2187640.0,2158564.8,2327029.2,0.0,0.0,0.0,0.0,0.0,
2183,620.2527531171046,8.699752,height,,,,,,,,,,,2923117.5,2113980.2,1934975.6,2124193.0,0.0,2776678.2,2764573.0,3265289.0,2603716.2,2826644.5,2851989.0,2768279.8,3133424.5,2295372.2,2546934.5,2244092.8,1908303.6,2156523.0,2617103.5,2554803.2,2916852.5,3279639.8,3395801.8,0.0,
2184,484.220015147209,8.711732,height,,,,,,,,,,,1627424.0,1604960.1,1846664.9,1778009.8,2949684.0,2279082.2,2254992.5,2315271.2,2596205.0,1948544.9,2081027.1,2498342.8,2151832.0,2268103.5,2056616.8,1997045.9,2185608.8,2218360.2,2723095.8,2063047.5,2237082.5,2567538.5,2348367.2,0.0,
2185,551.2313618637024,8.718856,height,,,,,,,,,,,25436542.0,26911758.0,34723220.0,29374428.0,23638834.0,8429782.0,7241745.5,10979568.0,4745987.5,7453468.0,7811477.5,6025346.0,8207195.5,13375719.0,12783337.0,13574743.0,11250947.0,12065848.0,13978915.0,7908168.5,8287980.5,8070999.5,11242452.0,0.0,
2186,199.62368887119536,8.721014,height,,,,,,,,,,,7549342.0,7373353.5,8511063.0,7890824.0,5011006.0,9502156.0,9181490.0,9789638.0,10166207.0,8413555.0,8982277.0,10733777.0,9058942.0,8770678.0,8472181.0,9464539.0,8151094.5,8715151.0,10028969.0,8645870.0,9664722.0,9950678.0,9423239.0,0.0,
2187,231.6228180638547,8.722403,height,,,,,,,,,,,17481930.0,18863696.0,22179666.0,20625174.0,12180500.0,22339284.0,22074842.0,24448212.0,26216900.0,21508028.0,23879074.0,27628910.0,23254622.0,21570048.0,21562126.0,22516302.0,20972280.0,21721064.0,21663480.0,21616238.0,23179664.0,26026290.0,24472834.0,0.0,
2188,465.2356020909181,8.724977,height,,,,,,,,,,,2240230.8,2545952.0,2795974.8,2363144.8,1338829.5,2635781.8,2922620.2,3120444.8,2866313.8,2453561.0,2961980.5,3255218.5,2944592.0,2772509.5,2536664.2,2612698.2,2478296.0,2664712.0,2925836.0,2737835.8,2943640.5,3372835.8,2895350.5,0.0,
2189,267.14137158410364,8.725023,height,,,,,,,,,,,2656015.8,3181102.2,4652245.0,3847144.8,2279653.5,5481480.5,5290305.5,5078198.5,5632350.0,4255737.5,5457538.0,6007544.0,4906295.0,4294587.0,4178553.8,4511829.5,4591074.0,4480982.0,4512768.5,4240205.0,5119098.5,5325183.0,5262062.5,0.0,
2190,462.2388762955272,8.726318,height,,,,,,,,,,,281862750.0,291035140.0,336323200.0,299130750.0,152618700.0,341803650.0,358816740.0,364467400.0,348958500.0,306132130.0,353284740.0,397684300.0,349222180.0,352719040.0,301963400.0,313427230.0,312441920.0,324680200.0,335528000.0,342913540.0,359917800.0,401914080.0,360153400.0,0.0,
2191,533.2756390898702,8.728504,height,,,,,,,,,,,11186960.0,13444000.0,20050568.0,15677219.0,8703363.0,20791500.0,21146694.0,21598222.0,20633030.0,17310408.0,20910014.0,23798274.0,20412920.0,20223164.0,17022200.0,17956270.0,17935002.0,18335610.0,18957450.0,18656244.0,20891018.0,23774864.0,20459910.0,0.0,
2192,571.3093925418042,8.727876,height,,,,,,,,,,,2122175.5,2140526.2,2345201.2,2163373.5,0.0,2147772.8,2113352.8,2368814.5,2401603.0,2032539.0,2215295.8,2525817.2,2244626.8,2407817.0,2150200.8,2058323.4,2071455.0,2058332.0,2229238.5,2144831.5,2388175.8,2540026.5,2210703.2,0.0,
2193,160.1808884619504,8.778814,height,,,,,,,,,,,0.0,0.0,0.0,0.0,4680095.5,0.0,0.0,0.0,0.0,0.0,0.0,0.0,0.0,2343185.5,2981754.2,1256731.0,1824701.8,0.0,0.0,1247541.2,0.0,0.0,0.0,0.0,
2194,301.18719923888983,8.740891,height,,,,,,,,,,,4139279.0,3505814.2,3360328.0,3324430.8,1267221.6,2595519.0,3015454.0,2869274.0,2698210.5,2512934.8,2766630.5,2943029.8,2952796.5,3013615.2,2758239.2,2768243.5,2984933.2,3070518.5,3369167.0,2700615.0,3253937.0,2971059.2,3101932.2,0.0,
2195,479.1620721255808,8.750202,height,,,,,,,,,,,1974432.1,1840136.1,2255332.8,1859281.2,1715256.8,5432854.0,6300734.5,5927251.5,6801383.5,5507907.0,6535449.5,7629934.5,6303702.0,4309745.5,4510228.0,4175504.8,4318051.0,4662112.0,4950905.5,5671723.0,6295631.5,6635209.0,4980048.0,0.0,
2196,277.1395864206488,8.7522,height,,,,,,,,,,,11729489.0,9919867.0,11099467.0,10459503.0,7916426.5,9932869.0,11343999.0,10506580.0,10630827.0,9569406.0,10653933.0,11063655.0,11060012.0,7835399.0,8897517.0,8202405.0,9130369.0,10840832.0,11961433.0,11371029.0,12039480.0,11223300.0,12717478.0,0.0,
2197,324.05919131104935,8.757335,height,,,,,,,,,,,3150559.2,2706903.2,2618122.0,3084524.2,0.0,2497046.0,2839852.8,2927876.2,2584646.0,2855169.5,2941340.0,3153848.2,2948060.0,2271289.5,2517583.5,2405404.0,2472990.5,2915822.2,3045811.0,3139518.8,3360841.8,3053611.2,3473601.0,0.0,
2198,227.1138996929241,8.752699,height,,,,,,,,,,,0.0,0.0,0.0,0.0,8754632.0,0.0,0.0,0.0,0.0,0.0,0.0,0.0,0.0,0.0,0.0,0.0,0.0,0.0,0.0,0.0,0.0,0.0,0.0,0.0,
2199,662.3184663389704,8.714153,height,,,,,,,,,,,8818069.0,12891133.0,5573980.0,4859043.5,3288017.2,15913810.0,5299784.0,0.0,13218696.0,16695110.0,6937635.0,12411241.0,8236522.5,6841457.0,6843598.0,5479956.5,4567249.5,4709641.0,5064020.0,19288352.0,13842967.0,18866352.0,5048238.0,0.0,
2200,386.2399228452864,8.706041,height,,,,,,,,,,,6019422.0,7627645.5,12033320.0,7614748.5,10212186.0,25814420.0,24370524.0,0.0,24509676.0,27946222.0,19228336.0,25093750.0,18151118.0,19440022.0,0.0,13169209.0,12423950.0,15705103.0,14952097.0,22207332.0,19595396.0,18575634.0,13494783.0,0.0,
2201,697.3375724664132,8.762376,height,,,,,,,,,,,0.0,0.0,0.0,0.0,3520933.5,0.0,0.0,0.0,0.0,0.0,0.0,0.0,0.0,0.0,0.0,0.0,0.0,0.0,0.0,0.0,0.0,0.0,0.0,0.0,
2202,315.202835327118,8.726687,height,,,,,,,,,,,170906480.0,150013140.0,98926856.0,136148750.0,1466913.4,48641930.0,49399690.0,47295988.0,46536020.0,60951536.0,39524080.0,51716616.0,45972640.0,78533460.0,73565870.0,71459780.0,71808900.0,76181256.0,77550744.0,66987708.0,60177576.0,54881016.0,57580756.0,0.0,
2203,303.2027501365166,8.763568,height,,,,,,,,,,,6000497.5,6255935.0,6724235.5,6270395.0,4114570.8,4619210.0,4871191.5,5240922.5,4037328.8,4330444.5,3848663.8,4077341.8,5029873.0,4560127.5,5148033.0,4557577.0,5174832.5,6095411.0,5074794.5,5401195.0,5268839.0,5346941.5,5982553.5,0.0,
2204,450.1840061016298,8.76608,height,,,,,,,,,,,3298872.8,3768493.0,2069789.4,3195659.2,0.0,0.0,0.0,0.0,0.0,0.0,0.0,0.0,0.0,0.0,1295419.5,1141015.0,1428717.8,1327085.0,1188108.8,0.0,0.0,0.0,1035472.1,0.0,
2205,622.2320471260649,8.77552,height,,,,,,,,,,,13058889.0,12775591.0,11750853.0,11673321.0,7985910.0,1707710.1,1396881.1,1992432.8,0.0,0.0,0.0,0.0,1427954.2,4455969.0,4795800.5,4223058.5,4214934.5,5178797.5,4176282.8,1879126.5,1429293.9,1372649.4,2298095.5,0.0,
2206,768.3375908270376,8.783507,height,,,,,,,,,,,0.0,0.0,0.0,0.0,4069158.2,0.0,0.0,0.0,0.0,0.0,0.0,0.0,0.0,0.0,0.0,0.0,0.0,0.0,0.0,0.0,0.0,0.0,0.0,0.0,
2207,430.2662563810251,8.784476,height,,,,,,,,,,,4212496.0,3267612.2,2385640.0,2861332.5,0.0,0.0,0.0,0.0,0.0,0.0,0.0,0.0,0.0,1499950.1,1504871.1,1177482.6,1427738.5,1448110.0,1311435.2,0.0,0.0,0.0,0.0,0.0,
2208,148.11601735689015,8.839768,height,,,,,,,,,,,3689026.0,1815374.9,1136585.1,1987137.2,45672764.0,16567688.0,13306534.0,15717511.0,4688509.0,0.0,0.0,0.0,3828264.8,9343846.0,10477418.0,8835102.0,11757569.0,10896102.0,12160302.0,22017894.0,15643645.0,16483213.0,13022253.0,0.0,
2209,244.1656905260059,8.735524,height,,,,,,,,,,,9148945.0,8725493.0,5843384.0,9020805.0,10371163.0,4913854.5,4786642.0,4709392.0,4705063.5,5109536.5,4846208.5,4653909.5,4345811.0,6293950.0,0.0,6056925.0,5741445.5,5409667.0,6011108.0,5026848.0,5015238.5,0.0,5044584.5,0.0,
2210,446.24380049947786,8.80506,height,,,,,,,,,,,1328171.0,1247785.5,0.0,1660633.6,0.0,3092997.2,2814997.2,2290716.0,2594350.8,2854184.0,3231677.2,3165807.8,2707184.5,2760021.0,2242751.0,1810384.9,2343376.0,2250345.2,2090763.4,2278267.2,2135000.2,2354778.8,2269676.5,0.0,
2211,550.2108035141786,8.80149,height,,,,,,,,,,,7872493.0,6734322.5,6859834.5,8033238.0,4889631.0,1271299.9,1576418.4,1471317.1,0.0,1119010.6,0.0,0.0,1462395.5,3157248.5,3166681.5,3016399.5,2959800.5,3242917.5,2969988.0,1426437.1,1441155.6,1049272.2,1669027.1,0.0,
2212,333.2133013851766,8.805497,height,,,,,,,,,,,19578826.0,19579256.0,20743098.0,20929680.0,14322998.0,10554636.0,11605321.0,11313601.0,10282844.0,10750930.0,10568521.0,10100750.0,12207250.0,12664555.0,14110862.0,12182350.0,13835892.0,14092036.0,12803619.0,10541791.0,12360134.0,10447625.0,10710576.0,0.0,
2213,284.1355250067182,8.808347,height,,,,,,,,,,,2163297.0,2123000.2,2449841.2,2359770.0,0.0,1589105.0,1874507.1,1664119.4,1985748.2,1838885.2,1842401.0,2028384.8,1986101.1,1640222.9,1638972.9,1547418.2,1795101.4,1781257.8,1731004.6,1524882.0,1903581.8,1603980.8,1780258.5,0.0,
2214,493.1901035940194,8.809547,height,,,,,,,,,,,5638284.5,5045083.5,4669785.0,5197313.0,2210181.0,1523921.9,1776344.2,1994671.6,1756335.8,1756528.8,1567461.5,1463465.9,2039925.9,2247874.0,2849111.0,2463830.8,2767202.0,2659489.5,2578138.0,1500281.1,1875402.1,1818069.9,2007665.0,0.0,
2215,623.2152529995833,8.815361,height,,,,,,,,,,,4310626.5,4293465.5,3620361.8,4468827.0,2127744.8,2180810.2,2713543.2,2786507.5,2722668.2,2451209.8,2351444.8,2394387.2,3101213.5,2930797.2,3036201.2,2404645.8,2823658.5,3009202.8,3091592.2,2046224.0,2387185.8,2513280.0,2634933.8,0.0,
2216,572.3408526551451,8.818657,height,,,,,,,,,,,1998018.2,2197156.2,2530672.2,2623557.0,1854332.6,2419498.2,2349407.5,2768586.8,2341286.8,2368171.2,2486908.0,3053212.5,2354389.8,2323947.0,2490241.8,2026283.6,2431724.5,2531277.0,2211779.5,2223077.8,2472823.8,2264454.5,2153559.8,0.0,
2217,457.2780014092258,8.785033,height,,,,,,,,,,,1445277.1,1275184.0,2001570.5,1483278.5,3398325.5,2744368.8,2532477.8,2649879.0,0.0,0.0,1902720.9,2334321.5,2201288.2,2079854.1,3097261.2,2113378.2,2927262.5,2925407.8,2794826.8,2636598.2,0.0,2359020.0,2134868.5,0.0,
2218,470.16463924903127,8.834439,height,,,,,,,,,,,0.0,0.0,0.0,0.0,2333943.5,1631227.6,1648241.0,1951595.0,0.0,0.0,0.0,0.0,0.0,1193966.4,1397296.5,1248128.9,1526290.6,1288156.2,1410073.8,2726840.8,2405649.0,2285738.0,1781100.6,0.0,
2219,338.18236977152145,8.83405,height,,,,,,,,,,,0.0,0.0,0.0,0.0,2442357.2,0.0,0.0,0.0,0.0,0.0,0.0,0.0,0.0,0.0,0.0,0.0,0.0,0.0,0.0,0.0,0.0,0.0,0.0,0.0,
2220,371.2324476405813,8.842442,height,,,,,,,,,,,0.0,0.0,0.0,0.0,2587152.5,2054448.9,1736837.8,1646811.9,0.0,0.0,0.0,0.0,0.0,1092599.9,1046256.9,0.0,0.0,0.0,0.0,0.0,1868777.9,2146506.2,1445673.9,0.0,
2221,484.2203019205829,8.8190365,height,,,,,,,,,,,0.0,0.0,0.0,1322390.1,3174467.8,3185421.0,2828533.0,3291472.8,2003257.0,0.0,1342444.6,1961328.1,2173866.0,1941005.9,1788837.4,1707715.4,1845317.9,2039636.9,2073715.8,3036709.8,3469602.8,2834713.2,2860153.2,0.0,
2222,147.11293489300624,8.842432,height,,,,,,,,,,,53310776.0,27190214.0,15955610.0,27312236.0,688478460.0,239893810.0,192676160.0,218607550.0,69361290.0,12503872.0,7161136.5,8031432.0,54311660.0,131634680.0,144274200.0,133949690.0,155650530.0,155311200.0,170907440.0,328630560.0,229203940.0,250759260.0,198761400.0,0.0,
2223,563.286599022046,8.842788,height,,,,,,,,,,,3090679.8,3720153.8,3454074.0,4092930.0,2485758.5,4051391.8,3758280.8,4720381.0,3423032.8,3357514.8,3665981.2,4459850.5,3312201.2,3680831.2,3538705.0,2997756.2,3634878.2,3610316.5,3621845.8,3380901.5,4321174.0,3615730.0,3780578.8,0.0,
2224,317.1932063735746,8.843889,height,,,,,,,,,,,0.0,0.0,0.0,0.0,3739946.5,0.0,0.0,0.0,0.0,0.0,0.0,0.0,0.0,0.0,0.0,0.0,0.0,0.0,0.0,0.0,0.0,0.0,0.0,0.0,
2225,375.2240179682929,8.837989,height,,,,,,,,,,,2541144.2,3011955.2,2700959.0,2879680.2,2047434.6,0.0,0.0,0.0,0.0,0.0,0.0,0.0,0.0,0.0,957811.75,0.0,0.0,0.0,0.0,0.0,0.0,0.0,0.0,0.0,
2226,436.7276730666484,8.849351,height,,,,,,,,,,,2430508.8,2668707.2,2729940.2,2860944.8,1799690.6,2171393.2,2333388.0,2279386.2,2606209.8,2901574.8,3243383.5,3866651.0,2520418.5,2604280.0,2598237.8,2316706.0,2635679.8,2669906.2,2633230.5,1766711.2,2177968.5,2148163.5,2190442.8,0.0,
2227,443.2618486054872,8.846646,height,,,,,,,,,,,1239874.2,1483592.0,1638365.8,1460953.6,1937093.0,2980152.5,2796369.5,3084181.8,2247926.2,2053600.4,2063849.1,2727250.0,2278823.2,2224133.5,2081687.1,1839886.2,2286251.2,2403607.5,2315875.8,2542239.2,3115085.2,2820160.8,2475442.2,0.0,
2228,592.2977022529149,8.868215,height,,,,,,,,,,,1742431.6,1847686.1,1795457.8,1959544.6,0.0,1420942.1,1507226.2,1415949.5,1702584.5,1827147.4,1558422.9,1867149.6,1375555.8,1430965.5,1721667.2,1571985.1,1613858.1,1648136.2,1611354.6,1177831.8,1401445.2,1360263.5,1292322.9,0.0,
2229,407.14118912738536,8.866509,height,,,,,,,,,,,0.0,0.0,0.0,0.0,0.0,3601391.5,3721423.0,4034870.8,3156351.0,2783023.8,2648785.8,3391463.8,2731471.8,1925705.9,2603856.5,2310287.5,2377980.0,2998442.0,2725885.2,3406663.2,3808223.5,3252605.5,2773413.8,0.0,
2230,358.20878840646697,8.86543,height,,,,,,,,,,,2512628.2,2251465.2,1725468.2,1935349.1,0.0,1969481.1,1695688.0,1894820.9,1861664.4,1671598.4,1452879.0,1853391.8,1493004.6,1601748.5,1659145.4,1522066.9,1578007.8,1858624.0,1681420.6,1640993.6,1795376.6,1623768.8,1406019.1,0.0,
2231,487.2879849213912,8.874533,height,,,,,,,,,,,2336698.0,2735460.0,3969906.0,3236890.5,5855799.5,6405861.0,6170485.5,6683778.5,5421939.0,5650807.5,4895068.5,6048499.0,4605911.0,4005246.0,5286329.5,4440492.5,4331533.5,5754055.0,4515705.0,5563689.5,5889229.5,5192938.0,5018853.0,0.0,
2232,184.0734094346745,8.876159,height,,,,,,,,,,,0.0,0.0,0.0,0.0,2460998.5,0.0,0.0,0.0,0.0,0.0,0.0,0.0,0.0,0.0,0.0,0.0,0.0,0.0,0.0,0.0,0.0,0.0,0.0,0.0,
2233,231.622884066284,8.821533,height,,,,,,,,,,,9960030.0,9021419.0,0.0,9837078.0,8091462.0,12853982.0,0.0,10345649.0,12555141.0,13038921.0,0.0,13441244.0,11916210.0,12831873.0,12442091.0,10325798.0,0.0,12229714.0,13019114.0,9522968.0,10105774.0,11018912.0,8944442.0,0.0,
2234,285.119665701475,8.878699,height,,,,,,,,,,,5100671.0,4721874.0,5179567.0,4469817.5,1979028.1,1398788.8,1438643.4,1845890.0,0.0,1304903.5,1398085.5,1050062.6,1422533.4,1347639.2,1766237.5,1654183.1,1449812.9,1944974.0,1680642.8,1607333.0,1588564.6,1373357.9,1336697.6,0.0,
2235,310.17618852451847,8.885706,height,,,,,,,,,,,0.0,0.0,0.0,0.0,7086690.5,0.0,0.0,0.0,0.0,0.0,0.0,0.0,0.0,0.0,0.0,0.0,0.0,0.0,0.0,0.0,0.0,0.0,0.0,0.0,
2236,272.1719871795963,8.897682,height,,,,,,,,,,,5714011.0,2224962.0,1565504.1,1747913.1,4632773.0,1556967.1,1655845.6,2357572.2,1091646.0,0.0,0.0,0.0,1254439.2,2191031.8,2275705.8,2067977.6,2264520.5,2517513.5,2147649.2,3025400.8,2486005.2,2036344.9,2047449.4,0.0,
2237,360.22463583292074,8.899882,height,,,,,,,,,,,4148616.2,4483764.5,4873431.0,4498359.0,3046085.5,2990374.8,3787878.0,3617452.0,4033948.5,4938792.0,4962336.5,5473052.0,4461075.5,2991260.2,3709739.0,3576856.0,3276951.0,3974062.0,3302263.8,2907763.5,3992154.5,3262466.5,3609657.2,0.0,
2238,257.1245252309394,8.906841,height,,,,,,,,,,,0.0,0.0,0.0,0.0,2496043.5,0.0,0.0,0.0,0.0,0.0,0.0,0.0,0.0,0.0,0.0,0.0,0.0,0.0,0.0,0.0,0.0,0.0,0.0,0.0,
2239,374.2404147808252,8.909382,height,,,,,,,,,,,3428925.0,3693467.2,4515945.0,4111901.8,2263490.8,3268606.2,3853035.0,3623308.8,5094527.0,5144034.5,5121269.5,6143342.0,4832836.5,3161639.2,3457954.2,3507190.8,3283076.0,3754444.5,3547429.8,3256488.8,4313016.0,3235100.5,3862468.2,0.0,
2240,223.07499015245625,8.901541,height,,,,,,,,,,,0.0,0.0,0.0,0.0,17821312.0,0.0,0.0,0.0,0.0,0.0,0.0,0.0,0.0,1479806.0,1559784.4,1434001.0,1529688.9,1860112.4,1544129.2,0.0,0.0,0.0,0.0,0.0,
2241,324.0593755508009,8.880401,height,,,,,,,,,,,4249926.0,3321412.5,2830335.5,3137162.5,1278137.8,1548626.1,1920452.6,2164608.0,1684900.5,2329020.8,2611211.5,2334422.0,1901500.0,2177711.0,2512001.0,2167837.8,2378708.0,2227562.5,2033799.2,2490179.8,2273367.5,2173382.8,1912643.0,0.0,
2242,386.24041790727466,8.921089,height,,,,,,,,,,,14279578.0,14487922.0,14665242.0,17423316.0,7905323.5,0.0,0.0,11181997.0,11584238.0,13489619.0,11070970.0,12294112.0,11961859.0,13369265.0,12758630.0,11378325.0,14075434.0,12719361.0,12427014.0,13348281.0,10969802.0,10397153.0,10379790.0,0.0,
2243,346.2087345059661,8.929848,height,,,,,,,,,,,1742432.4,1870578.0,1899159.2,2180135.0,2065222.6,1655666.8,1391398.0,1400446.2,1415912.6,1221173.9,1181077.0,1114732.2,1250232.6,1347236.5,1396978.4,1443983.6,1595386.8,1682927.9,1582579.4,1361281.5,1416790.1,1270086.8,1537661.9,0.0,
2244,391.2014170382398,8.941479,height,,,,,,,,,,,34433508.0,33996830.0,35585670.0,39719084.0,13185781.0,23972374.0,26234636.0,28437088.0,32005508.0,28290158.0,25084362.0,32851024.0,27864282.0,28207400.0,29314038.0,26951406.0,29353040.0,30827204.0,28148156.0,28014550.0,28750662.0,25747358.0,26859392.0,0.0,
2245,446.2440785592102,8.947654,height,,,,,,,,,,,1218405.2,1262838.4,2064291.6,1743032.5,0.0,3092997.2,2504756.0,2358749.8,2942891.5,3587544.8,3142140.8,3333473.2,3063630.2,2718490.8,2487759.0,1922374.2,2332338.0,2222736.8,2127345.8,2153334.8,2224759.5,2035196.9,1959192.1,0.0,
2246,142.09770873747834,8.98187,height,,,,,,,,,,,0.0,0.0,0.0,0.0,2109871.5,1474742.2,1426804.8,1479224.1,1276640.1,0.0,0.0,1001053.25,1237559.8,1193891.5,1096342.8,1050292.6,1085846.2,1152296.0,1171413.9,1589205.4,1368447.9,1376934.0,1395360.5,0.0,
2247,392.204729447834,8.938807,height,,,,,,,,,,,6947343.5,6894020.0,6805549.5,7502360.5,2535581.5,4848094.0,5064514.0,5187398.5,6041363.0,5176053.5,4737976.0,6279001.0,5339198.0,5576338.5,5496274.5,5293238.5,5626862.5,5696960.5,5461813.5,5134646.0,5259805.0,4835751.0,4976858.5,0.0,
2248,402.23501163971537,8.962165,height,,,,,,,,,,,1443198.1,1463323.5,1542396.8,1678361.2,0.0,1743360.2,1883047.6,1961299.0,2017985.1,1927084.6,1716965.9,2054344.6,1800185.2,1553108.5,1804767.6,1562061.1,1825485.6,1604042.9,1797693.4,1726536.2,1889597.8,1578026.5,1801984.4,0.0,
2249,331.19812242782103,8.967388,height,,,,,,,,,,,3367433.2,3242020.8,2991508.5,3308298.5,0.0,2216014.5,2509807.2,2673902.8,3114115.0,3084358.8,2459347.8,2924334.5,2804275.5,2653721.8,2684188.8,2568476.8,2822124.2,2488353.8,2838721.2,2507371.0,2735741.8,2239674.2,2804372.2,0.0,
2250,346.2088742965951,8.977564,height,,,,,,,,,,,2005587.9,1926577.1,2030874.0,2160673.5,2242802.2,1136237.6,1391398.0,1400446.2,0.0,0.0,0.0,0.0,1196937.6,1347236.5,1396978.4,1506890.5,1552174.4,1309528.6,1650372.4,1361281.5,1290547.9,1079770.5,1537661.9,0.0,
2251,253.1299150816233,8.970742,height,,,,,,,,,,,6824138.0,0.0,3925615.8,5784109.5,0.0,0.0,1378056.2,1724157.8,0.0,0.0,1022557.7,0.0,1318052.0,2924116.5,2659728.0,2264867.2,2568788.0,2517129.8,2533421.5,2201010.0,2056302.4,1544427.8,1485160.6,0.0,
2252,319.16153220847184,8.993961,height,,,,,,,,,,,1637828.8,1728018.6,1663334.0,1584070.5,0.0,1421973.8,1731339.9,1863082.2,1669175.4,1549741.2,1615529.4,1785366.4,1717782.9,1389699.1,1503116.9,1393773.5,1502322.5,1588386.0,1675462.2,1467326.4,1544875.1,1361125.5,1696824.6,0.0,
2253,430.2419617858432,9.011289,height,,,,,,,,,,,0.0,0.0,0.0,0.0,2848180.2,0.0,0.0,0.0,0.0,0.0,0.0,0.0,0.0,0.0,0.0,0.0,0.0,0.0,0.0,0.0,0.0,0.0,0.0,0.0,
2254,528.2246213167732,9.01984,height,,,,,,,,,,,0.0,0.0,0.0,0.0,0.0,1742880.5,2002472.2,1900767.5,2645189.0,2340213.2,2131052.0,2879751.5,2318785.5,1560153.8,1729389.6,1451459.6,1741914.2,1620423.8,1627110.8,1313250.8,1611965.6,1591484.0,1688936.1,0.0,
2255,152.05684588348294,9.017035,height,,,,,,,,,,,2158697.8,2521796.5,2207302.5,2618728.5,1262233.6,1869358.5,2178879.8,2473029.2,2133655.0,2363911.5,1851546.5,2133368.5,2352945.0,1793038.2,1981137.6,1842843.8,2022307.0,2178044.5,2239835.8,1732519.5,2437239.8,1994506.8,2152837.2,0.0,
2256,337.1721248845655,9.018592,height,,,,,,,,,,,1843906.4,1676972.0,1660123.6,1533039.0,0.0,1382784.8,1292682.0,1732328.4,1771739.0,1359660.6,1124760.9,1623704.1,1895022.5,0.0,0.0,0.0,0.0,1387197.0,1676885.0,0.0,1627517.4,1144482.6,1570538.8,0.0,
2257,558.325659392432,9.04522,height,,,,,,,,,,,3867056.2,5245540.5,5344198.0,5021827.0,2683571.5,4195507.5,4118007.0,4319452.0,5817184.0,6527564.5,5412751.0,7360038.0,5825472.0,3954697.5,4322492.0,4067274.0,5202090.5,4146346.8,4215061.0,3038580.8,4116174.5,3641580.2,3682166.2,0.0,
2258,520.2443130960921,9.051509,height,,,,,,,,,,,2124837.8,2810770.5,2647974.5,2564827.2,0.0,1541505.4,1614083.2,1619423.5,2262509.0,2447042.2,2097004.5,2796906.5,2335256.0,1508032.4,1688857.1,1467262.4,1930792.5,1647705.0,1620428.9,0.0,1515021.6,1676530.9,1437935.1,0.0,
2259,289.187398469768,9.020267,height,,,,,,,,,,,4705470.5,3906163.5,3694387.0,2785486.8,14536459.0,0.0,0.0,0.0,0.0,0.0,0.0,0.0,0.0,3011135.8,3486230.0,3006258.8,3188351.2,2943458.0,3133533.8,0.0,0.0,0.0,956028.44,0.0,
2260,364.0656321390836,9.021369,height,,,,,,,,,,,3954873.0,4943389.0,4267048.0,5079011.5,2631152.0,3650345.5,4003324.0,4597601.5,4223490.5,4589672.5,3721823.5,4127347.8,4611763.0,3333303.5,3829686.2,3483748.5,3807728.5,4158473.8,4386153.0,3374369.5,4665345.5,3746859.8,4228041.5,0.0,
2261,430.2298907445034,9.021201,height,,,,,,,,,,,1598399.6,1820540.9,1853595.8,1745863.9,0.0,1697041.9,1856463.1,1829969.0,1997893.5,2016513.8,1786940.1,2008513.5,2048557.0,1442575.8,1608581.1,1504368.6,1924677.1,1695325.8,1771871.9,1457296.6,1872596.4,1729885.5,1635128.2,0.0,
2262,303.1776257172853,9.022001,height,,,,,,,,,,,0.0,0.0,0.0,0.0,5089251.0,0.0,0.0,0.0,0.0,0.0,0.0,0.0,0.0,0.0,0.0,0.0,0.0,0.0,0.0,0.0,0.0,0.0,0.0,0.0,
2263,314.1464236485479,9.029306,height,,,,,,,,,,,2928049.8,3129848.8,3535235.5,3130308.0,1196432.4,2257498.0,2481813.0,2793826.0,2767766.8,2778104.5,2510957.5,2808146.0,2953740.8,2082597.9,2364808.2,2069366.9,2345356.8,2301373.0,2372521.8,1721437.5,2631224.8,2168004.2,2393962.5,0.0,
2264,285.1197995608277,9.026515,height,,,,,,,,,,,1472313.1,2021194.6,1228476.5,1453937.8,2921398.5,0.0,0.0,0.0,0.0,0.0,0.0,0.0,0.0,0.0,0.0,0.0,0.0,0.0,0.0,0.0,0.0,0.0,0.0,0.0,
2265,360.2246471668892,9.016164,height,,,,,,,,,,,2350843.0,3043379.5,3125965.8,2884332.0,2353434.5,2138153.5,2230541.8,2436286.0,2137449.0,2620773.2,2218896.2,2197739.5,2569968.2,2370778.8,2593184.8,2224726.0,2747792.2,2398010.8,2473244.0,1826624.5,2550808.0,2294932.8,2102900.5,0.0,
2266,294.1676406385022,9.040808,height,,,,,,,,,,,1210744.0,1190160.6,1248664.5,1136827.9,0.0,1393402.5,1308221.2,1522037.8,1287463.4,1192599.0,1140340.2,1352621.4,1297499.8,1136839.1,1157064.4,1180329.2,1228564.9,1231566.9,1280347.1,1331483.4,1432283.1,1320590.1,1457189.8,0.0,
2267,549.2710625504722,9.052435,height,,,,,,,,,,,3329037.2,4386221.0,4781735.0,3750534.0,2579865.0,3138523.8,3130839.5,3280902.8,4416905.0,4528766.5,3847349.2,4388756.0,4536899.0,3383034.2,3111110.8,3357884.0,3616641.5,3517117.0,3449365.0,2896211.5,3040847.0,3020060.2,3178440.0,0.0,
2268,432.1553236249831,9.048254,height,,,,,,,,,,,2618676.0,3570566.0,3730557.5,3385387.5,0.0,1438939.0,1697982.9,1823697.8,3655238.2,3845226.0,3595892.0,4333040.5,3666356.2,1688132.0,1556183.4,1706121.5,2037582.1,1914484.2,1712829.6,1398627.8,1437711.2,1552790.8,1689707.4,0.0,
2269,213.09845977539536,9.05363,height,,,,,,,,,,,2238172.5,1940582.4,1402401.8,1836328.9,8470468.0,0.0,0.0,0.0,0.0,1199977.8,0.0,0.0,0.0,1453297.6,1473234.1,1510262.0,1419017.0,1626735.2,1563047.2,0.0,0.0,0.0,0.0,0.0,
2270,357.2168969505966,9.058859,height,,,,,,,,,,,0.0,0.0,0.0,0.0,0.0,2705940.2,2490055.0,2705012.2,0.0,0.0,0.0,0.0,0.0,0.0,0.0,0.0,0.0,0.0,0.0,4216194.5,2984576.0,3579007.2,2176728.0,0.0,
2271,134.10042700405117,9.072331,height,,,,,,,,,,,0.0,0.0,0.0,0.0,1165164.2,4102908.0,3804678.0,4295110.0,0.0,0.0,0.0,0.0,0.0,2188290.2,2710688.2,2330569.8,2322750.8,2512263.2,2905790.2,6267491.0,5006071.0,4655134.0,3872292.2,0.0,
2272,133.0973104661422,9.0759735,height,,,,,,,,,,,8037862.0,994083.7,0.0,1185248.9,19474334.0,70191480.0,62900564.0,72038190.0,3832872.5,1486174.8,1727457.1,1570644.6,3743659.2,36591880.0,43340270.0,40503450.0,38852556.0,42603308.0,44585988.0,105375740.0,84010370.0,77958990.0,65237180.0,0.0,
2273,301.18735916228525,9.081935,height,,,,,,,,,,,1521100.5,1549459.5,1527072.4,1437743.1,0.0,0.0,0.0,0.0,1211703.0,1431508.0,1177597.4,1362187.5,1277974.5,0.0,0.0,0.0,0.0,0.0,0.0,0.0,0.0,0.0,0.0,0.0,
2274,146.16532415831762,9.102786,height,,,,,,,,,,,0.0,0.0,0.0,0.0,4070955.5,0.0,0.0,0.0,0.0,0.0,0.0,0.0,0.0,2712943.2,2611031.8,2037155.9,1697815.9,0.0,0.0,1345890.8,0.0,0.0,0.0,0.0,
2275,160.18092149930675,9.089347,height,,,,,,,,,,,0.0,0.0,0.0,0.0,7622681.5,0.0,0.0,0.0,0.0,0.0,0.0,0.0,0.0,4364800.5,4604456.5,2941879.5,2153914.5,0.0,0.0,1689825.8,0.0,1120561.2,0.0,0.0,
2276,246.1561507339481,9.084817,height,,,,,,,,,,,0.0,0.0,0.0,0.0,70145864.0,0.0,0.0,0.0,0.0,0.0,0.0,0.0,0.0,0.0,0.0,0.0,0.0,0.0,0.0,0.0,0.0,0.0,0.0,0.0,
2277,347.2035986861489,9.095513,height,,,,,,,,,,,0.0,0.0,0.0,0.0,2689256.8,0.0,0.0,0.0,0.0,0.0,0.0,0.0,0.0,0.0,0.0,0.0,0.0,0.0,0.0,0.0,0.0,0.0,0.0,0.0,
2278,377.1669684806882,9.11812,height,,,,,,,,,,,6438917.0,7015004.5,8359116.5,7039618.5,4075241.8,5139829.5,5801681.0,5849638.0,7193299.0,6777370.0,6184404.0,7585879.5,6155876.5,4324573.0,5057293.0,4706448.0,4753746.0,5772249.5,5927859.5,4631727.0,6111820.0,4584668.5,6440945.0,0.0,
2279,520.2441917485056,9.122679,height,,,,,,,,,,,2300308.8,2468019.8,2679042.0,2408135.0,1444599.4,1464746.2,1427946.9,1348304.0,2291471.0,2379974.8,2201301.2,2730523.8,2225784.2,1594478.4,1691265.9,1660729.1,1930792.5,1772914.6,1890653.5,0.0,1375571.5,0.0,1586915.1,0.0,
2280,271.1038535709859,9.117726,height,,,,,,,,,,,2858682.8,3130164.2,3727815.8,3402101.0,0.0,1220912.5,1252151.4,1230634.9,3528888.5,3368974.5,3182534.8,3824802.0,3161259.2,1165473.2,1196611.0,1190862.8,1089110.4,1269129.1,1548252.4,0.0,1270750.0,1106671.5,1397970.6,0.0,
2281,488.2466432151422,9.1254,height,,,,,,,,,,,2199524.0,2100691.5,2267328.0,2136715.5,0.0,0.0,1082584.4,0.0,1916806.1,1915773.8,1934154.5,2014922.1,1631724.5,1120669.2,1300584.8,1080405.5,1236655.0,1267469.0,1711629.9,0.0,0.0,0.0,1380788.6,0.0,
2282,317.19325597551364,9.107152,height,,,,,,,,,,,0.0,0.0,0.0,0.0,1854005.4,0.0,1028381.5,0.0,1268156.6,0.0,0.0,0.0,0.0,0.0,0.0,0.0,0.0,0.0,0.0,0.0,1069305.0,986364.75,1072930.8,0.0,
2283,429.2459935172365,9.129362,height,,,,,,,,,,,2442541.8,2763255.8,2745837.8,2382093.2,1550173.5,1899414.1,1831968.6,1770800.4,2590797.5,2503246.5,2394889.8,2681217.5,2160662.0,1745246.5,2006632.0,1692490.8,1820281.0,2021157.5,2194462.8,1643540.8,1818320.1,1580745.5,1921295.1,0.0,
2284,558.3254555420058,9.145862,height,,,,,,,,,,,4224248.0,4958225.5,5431059.5,4621936.5,3325101.2,4287476.0,4384421.0,3716946.2,6721242.5,6395784.0,6079530.5,7158834.5,5750250.0,4233822.5,4656823.0,4298136.0,4500338.0,5098172.0,5482270.0,2953787.5,3892469.8,3567285.5,4105231.2,0.0,
2285,390.2348994469352,9.141233,height,,,,,,,,,,,2094697.0,2435301.8,2396388.5,2085175.9,1844298.8,0.0,0.0,0.0,1105889.1,1395814.5,1167407.6,1288288.6,1262889.5,0.0,1200737.9,0.0,1133252.2,1225781.0,1564985.2,0.0,0.0,0.0,0.0,0.0,
2286,289.1871403317706,9.148796,height,,,,,,,,,,,2521587.8,2213280.5,2208904.2,1670663.1,4185172.0,0.0,0.0,0.0,0.0,0.0,0.0,0.0,0.0,0.0,1083334.5,0.0,1092049.4,1185470.8,1328686.6,0.0,0.0,0.0,0.0,0.0,
2287,476.7106526854044,9.15129,height,,,,,,,,,,,3491465.0,3595280.0,3299380.5,3036481.2,1847816.6,2693280.8,2640677.0,2601613.8,3344127.5,3058930.0,2700124.5,3330808.0,3074433.8,2521125.0,2866357.8,2773523.2,2919264.5,3134404.0,3574862.2,2064925.1,2501858.5,2369794.0,2988668.2,0.0,
2288,459.256774906114,9.159426,height,,,,,,,,,,,2735964.8,2914436.5,2713858.5,2424779.0,0.0,1731873.8,1629988.8,1532234.9,2782679.8,2827578.2,2405768.8,3095089.2,2408151.8,1738698.4,1906093.1,1776515.8,1863317.4,2176319.5,2341016.2,1234656.9,1523564.8,1473913.2,1649600.9,0.0,
2289,623.216221202801,9.163687,height,,,,,,,,,,,15508569.0,14884074.0,14216508.0,13458237.0,10031620.0,9776024.0,9443853.0,9950389.0,10970230.0,11361555.0,9911664.0,11183779.0,10884063.0,10485236.0,12418592.0,12061986.0,11471425.0,13799026.0,13661782.0,9308125.0,9491515.0,8887390.0,9836236.0,0.0,
2290,803.3789797459241,9.165084,height,,,,,,,,,,,4042549.0,4302433.5,4186027.8,4237214.0,2775752.8,1761550.6,1732534.6,1817571.6,1903239.4,2648665.5,2095138.5,2287685.2,2583631.0,2446808.8,2792270.2,2520328.5,2597994.2,3125936.8,3013705.5,1736625.2,2047467.8,1596339.4,2199561.5,0.0,
2291,473.2722138161036,9.165243,height,,,,,,,,,,,3512421.5,4789322.5,6272589.5,4544270.5,5385967.0,5913787.5,5406694.5,5348918.0,8148741.0,7842599.5,7281879.5,9266924.0,7299194.0,5155647.0,5756183.5,5445184.5,5675151.5,6427149.0,6823555.5,4139841.2,4842831.0,4808656.5,5682715.5,0.0,
2292,275.1714475792606,9.17862,height,,,,,,,,,,,6281510.5,5232684.0,6095136.0,5059561.5,7150147.0,2254417.5,1935879.0,2271984.5,2115978.0,2072484.5,2170930.2,1963209.5,2972400.2,2782330.0,3221749.2,3085537.5,3374838.0,3260035.8,3509744.0,2148140.5,2314255.0,1897330.0,2795081.2,0.0,
2293,405.1982301667788,9.181225,height,,,,,,,,,,,1846128.2,2021880.6,2554578.5,2410966.8,0.0,4050160.0,3757436.2,3944243.8,6459999.5,6198719.0,6890071.5,8414397.0,6698504.5,2999652.8,3504323.8,3409015.2,3416972.2,3631567.2,4035129.5,3417878.5,3810557.5,3379409.8,3940833.8,0.0,
2294,333.1880339061741,9.192887,height,,,,,,,,,,,2965527.5,2371461.2,2424477.0,2095200.5,2382689.8,1205088.1,1143939.2,1292128.5,1753436.8,1163416.6,1370663.2,1219800.0,1930434.8,1426715.1,1668558.2,1569866.5,1517569.0,1539052.9,1740245.6,1118766.4,1426185.6,0.0,1539031.8,0.0,
2295,319.1976112870885,9.186396,height,,,,,,,,,,,6162264.0,5141240.5,6408642.0,4992732.0,5195060.0,2583620.8,2344379.0,2750859.2,2394573.2,2720755.5,3022574.2,2590218.8,3553558.5,3146747.8,3497193.5,3385907.2,3512573.5,3415085.5,3703490.0,2194026.2,2671498.5,2136511.5,3215542.0,0.0,
2296,309.1657634087915,9.19657,height,,,,,,,,,,,2152827.2,2108068.8,2249525.2,2002276.9,0.0,1218044.5,1145757.0,1222981.8,2034159.8,1677167.0,1675603.0,2304931.8,1922813.0,0.0,1162283.0,1312367.2,1433455.6,1276476.5,1672419.6,0.0,1190878.5,0.0,1482656.5,0.0,
2297,156.07686319358987,9.183896,height,,,,,,,,,,,1446944.0,1589139.5,1050378.0,1684617.6,12407590.0,12268489.0,11040646.0,7823798.5,13632819.0,7328246.5,9922640.0,5574909.5,11698610.0,9872569.0,9355437.0,7919835.5,8800482.0,6391941.0,6327489.0,8424847.0,8143661.0,7658257.0,7412401.0,0.0,
2298,225.09828896741487,9.201567,height,,,,,,,,,,,0.0,0.0,0.0,0.0,2187639.8,0.0,0.0,0.0,0.0,0.0,0.0,0.0,0.0,0.0,0.0,0.0,0.0,0.0,0.0,0.0,0.0,0.0,0.0,0.0,
2299,284.13548857413406,9.206613,height,,,,,,,,,,,1088054.8,1460038.5,1471779.4,1580251.6,56036064.0,0.0,0.0,0.0,0.0,0.0,0.0,0.0,0.0,1865055.6,1756441.2,1479514.4,1535697.1,1467919.4,1699561.9,0.0,0.0,0.0,0.0,0.0,
2300,446.2437409381975,9.212573,height,,,,,,,,,,,1340232.4,1170818.1,0.0,1241105.9,0.0,2175629.2,1825358.5,1473024.8,2457532.2,2653079.8,2685173.2,2714334.5,2700096.0,0.0,1992154.5,1783393.9,0.0,1837437.8,1864981.2,1743903.9,1630840.4,1540062.6,1596505.5,0.0,
2301,267.16466354376064,9.214786,height,,,,,,,,,,,2152862.8,2121977.0,2279523.5,1914249.1,1292426.0,1792227.8,1656518.1,1596972.2,2178665.8,2089368.4,2043731.6,2238092.5,2339732.2,1498956.9,1802679.1,1709324.6,1822542.0,1682542.5,2143640.5,1649821.8,1658586.9,1507932.2,1773278.9,0.0,
2302,243.1089524920655,9.206003,height,,,,,,,,,,,3017630.0,3109161.0,4044678.0,3528521.5,65964470.0,0.0,0.0,0.0,1251190.1,1179504.8,1314006.9,1284464.9,1350437.1,3432530.0,3303683.5,3157231.5,3243946.0,3549911.8,3875697.0,0.0,0.0,0.0,0.0,0.0,
2303,416.2503396583911,9.214562,height,,,,,,,,,,,6003822.5,4993260.0,3849285.2,4302169.5,0.0,0.0,0.0,0.0,1119324.1,1467971.4,1219321.2,1323482.8,1451901.9,1903098.4,1918432.2,1986508.4,1950854.5,1966884.2,2378963.0,1047293.56,1255434.9,0.0,1293123.2,0.0,
2304,253.1296674361605,9.212585,height,,,,,,,,,,,6262742.0,5732157.5,3297612.8,4449092.5,0.0,0.0,0.0,0.0,0.0,1595088.1,0.0,0.0,0.0,2175587.5,2060406.1,1988829.8,2073210.8,1866332.4,2074887.1,1732339.0,1715286.8,1224458.0,1178392.4,0.0,
2305,266.1613216068057,9.217082,height,,,,,,,,,,,16015712.0,15644687.0,16553444.0,14906226.0,9847405.0,13552772.0,12451166.0,12791205.0,17985084.0,15222337.0,16030225.0,17512900.0,16710828.0,11757841.0,12600453.0,12588113.0,13133902.0,13048562.0,15596257.0,12857807.0,13173823.0,11031921.0,14010171.0,0.0,
2306,431.2615693125039,9.229906,height,,,,,,,,,,,2234158.8,2455319.2,2445013.0,2509869.2,1609743.1,2114003.8,2045188.6,1927504.2,2148293.8,2312535.2,2118147.0,2605071.2,2334545.2,2112004.8,2063047.9,2113547.5,2224495.2,2121551.5,2603245.2,1698704.5,2158114.0,1776221.4,2200315.5,0.0,
2307,551.1950632136052,9.231196,height,,,,,,,,,,,12461745.0,13623854.0,11315447.0,12171888.0,10282735.0,8367210.0,8318573.0,8281319.0,7704001.0,8598845.0,8246133.5,8516222.0,9092617.0,8705709.0,9328451.0,10043863.0,10136452.0,9068891.0,11127680.0,7273901.0,8427790.0,7162784.5,9806829.0,0.0,
2308,260.1718506275,9.2319765,height,,,,,,,,,,,0.0,0.0,0.0,0.0,3059942.0,0.0,0.0,0.0,0.0,0.0,0.0,0.0,0.0,0.0,0.0,0.0,0.0,0.0,0.0,0.0,0.0,0.0,0.0,0.0,
2309,347.19268306273733,9.232231,height,,,,,,,,,,,4030413.0,4820951.5,4216961.0,4676202.0,1691074.9,3419708.0,3264231.8,3194888.2,4919277.5,5226744.0,4669565.5,5773125.0,5241040.5,3162086.8,3395696.2,3719791.0,3626795.2,3703983.0,4619660.5,2291398.5,3444573.8,2648793.0,3621529.0,0.0,
2310,276.1663697720924,9.24207,height,,,,,,,,,,,0.0,0.0,0.0,0.0,31107240.0,0.0,0.0,0.0,0.0,0.0,0.0,0.0,0.0,0.0,0.0,0.0,0.0,0.0,0.0,0.0,0.0,0.0,0.0,0.0,
2311,528.2241866968168,9.248504,height,,,,,,,,,,,0.0,0.0,0.0,0.0,0.0,2598671.2,2511543.8,2230643.0,4075365.8,3056788.0,3058340.2,3939147.0,3455036.5,2013118.0,2270970.8,2381037.5,2510797.0,2432970.5,2823373.5,1928453.4,2193265.0,1964629.9,2359041.8,0.0,
2312,270.1197503896772,9.247193,height,,,,,,,,,,,1155610.6,1553497.6,0.0,1502545.2,21885490.0,0.0,0.0,0.0,0.0,0.0,0.0,0.0,0.0,1978242.6,2052613.4,2159873.2,2260191.8,2113834.8,2489734.2,0.0,0.0,0.0,0.0,0.0,
2313,500.28308650881456,9.255048,height,,,,,,,,,,,0.0,0.0,1513396.8,0.0,0.0,1874307.5,1647786.1,1718354.2,1811833.5,2060475.2,2055216.0,2238504.8,2102240.0,1469925.1,1719180.0,1638645.0,1783187.4,1830637.9,1825778.4,1603190.4,1571093.6,1487365.8,1653080.4,0.0,
2314,253.1296585230425,9.223237,height,,,,,,,,,,,6026606.5,5066979.0,3074372.8,4449092.5,0.0,0.0,0.0,0.0,0.0,1515995.2,0.0,0.0,0.0,2323157.5,2302263.2,2181831.5,0.0,1943740.8,2186045.2,1629306.1,1715286.8,1224458.0,1178392.4,0.0,
2315,290.14580508555605,9.262235,height,,,,,,,,,,,0.0,0.0,0.0,0.0,2527025.5,0.0,0.0,0.0,0.0,0.0,0.0,0.0,0.0,0.0,0.0,0.0,0.0,0.0,0.0,0.0,0.0,0.0,0.0,0.0,
2316,246.1561892936097,9.272622,height,,,,,,,,,,,0.0,0.0,0.0,0.0,37618864.0,0.0,0.0,0.0,0.0,0.0,0.0,0.0,0.0,0.0,0.0,0.0,0.0,0.0,0.0,0.0,0.0,0.0,0.0,0.0,
2317,349.208225460504,9.275543,height,,,,,,,,,,,2973141.8,3001611.0,3541886.2,2812021.0,1342372.5,2422044.8,2002159.4,2032320.9,1338489.8,2734875.5,2553916.5,1736614.6,1998064.5,1957225.5,2328339.0,2252750.5,2372817.8,2808309.2,2406084.8,1632520.6,2818020.2,1929922.1,1572674.4,0.0,
2318,232.1405402685887,9.282139,height,,,,,,,,,,,0.0,0.0,0.0,0.0,38210130.0,0.0,0.0,0.0,0.0,0.0,0.0,0.0,0.0,0.0,0.0,0.0,0.0,0.0,0.0,0.0,0.0,0.0,0.0,0.0,
2319,285.2034600918299,9.286173,height,,,,,,,,,,,2016289.8,1971129.4,2357885.2,1840414.8,2236407.5,2072455.8,1880392.4,2375270.5,1991837.4,2152803.0,2063763.4,1979330.1,2033390.5,1951160.8,2039504.6,1991564.4,2149129.2,2288884.2,2262487.0,2036194.0,2091868.9,1834816.8,1996411.9,0.0,
2320,262.13995556234386,9.306583,height,,,,,,,,,,,0.0,0.0,0.0,0.0,4404889.5,0.0,0.0,0.0,0.0,0.0,0.0,0.0,0.0,0.0,0.0,0.0,1067167.2,0.0,0.0,0.0,0.0,0.0,0.0,0.0,
2321,489.115146839417,9.306369,height,,,,,,,,,,,5759963.5,5333315.5,6203548.0,5396080.5,3764104.0,5316714.5,5423998.5,7189892.0,5858125.5,4671047.5,4924497.5,5453619.5,5930943.5,4184364.8,4329143.5,4202435.5,5709255.5,6490608.0,7036994.5,4612587.0,5463417.5,4823427.5,6461709.5,0.0,
2322,361.1831766796109,9.305999,height,,,,,,,,,,,1675510.4,1906972.4,2002110.5,1827245.1,0.0,1551481.1,1628646.9,1562895.0,1265355.4,1650481.6,1913173.9,1156251.9,1172365.4,1509826.8,1701329.6,1537150.2,1952997.5,1636462.6,1258331.2,1458625.4,1489386.0,1622297.6,1430846.6,0.0,
2323,201.123470108724,9.312022,height,,,,,,,,,,,0.0,0.0,0.0,0.0,4736418.5,0.0,0.0,0.0,0.0,0.0,0.0,0.0,0.0,0.0,0.0,0.0,0.0,0.0,0.0,0.0,0.0,0.0,0.0,0.0,
2324,218.15005247178252,9.312022,height,,,,,,,,,,,0.0,0.0,0.0,0.0,73929624.0,0.0,0.0,0.0,0.0,0.0,0.0,0.0,0.0,0.0,0.0,0.0,0.0,0.0,0.0,0.0,0.0,0.0,0.0,0.0,
2325,386.2152491200733,9.32379,height,,,,,,,,,,,1509872.2,2076678.0,1192419.5,1707313.0,0.0,0.0,0.0,0.0,0.0,0.0,0.0,0.0,0.0,0.0,0.0,0.0,1149022.0,0.0,0.0,0.0,0.0,0.0,0.0,0.0,
2326,618.3099419663488,9.31605,height,,,,,,,,,,,10980509.0,14624262.0,12337684.0,12622523.0,10761870.0,3500804.0,3669484.5,4242893.0,2203241.8,4214702.5,4339797.5,2574340.5,2923374.5,6609111.5,6795402.5,5951535.0,7893799.0,5629705.0,5534162.5,4355603.0,3459860.2,3565890.5,4040703.0,0.0,
2327,305.18198645187897,9.32144,height,,,,,,,,,,,4135924.5,7852759.5,5409870.0,6794314.0,3288016.0,2277399.2,2589536.8,2247926.2,1812902.1,3483035.5,4569379.0,1853271.0,2015878.2,4895906.5,4962675.0,5018130.0,6123475.0,2311715.0,2304126.0,4418628.0,2316958.0,3007633.0,1967844.4,0.0,
2328,486.267861376841,9.323354,height,,,,,,,,,,,0.0,0.0,0.0,0.0,0.0,0.0,0.0,0.0,0.0,1301232.0,1716310.0,0.0,0.0,1812010.5,1866098.6,1768939.8,2283786.2,0.0,0.0,1455543.1,0.0,0.0,0.0,0.0,
2329,232.16562773491745,9.323143,height,,,,,,,,,,,2210369.2,4977430.5,3095616.0,4793743.5,5682451.0,1249677.4,1654807.2,0.0,0.0,2107991.0,3329667.8,0.0,0.0,5493921.5,5632588.5,5476870.0,6444145.5,1106220.0,0.0,5511914.0,0.0,2415958.5,0.0,0.0,
2330,494.308810393998,9.335371,height,,,,,,,,,,,1184261.8,2072819.2,1338483.1,1622696.6,0.0,0.0,0.0,0.0,0.0,0.0,0.0,0.0,0.0,1671557.0,1574216.9,1341782.2,1498293.8,0.0,0.0,0.0,0.0,0.0,0.0,0.0,
2331,446.2436752395609,9.288111,height,,,,,,,,,,,1069106.9,1132682.2,1539952.4,1404068.4,0.0,1986617.5,1739868.5,1637517.0,0.0,2149527.5,2316957.0,0.0,2435937.2,1968476.8,2023029.6,1625392.1,2059516.8,1837437.8,1604399.0,1743903.9,1630840.4,1540062.6,0.0,0.0,
2332,669.352271767606,9.344837,height,,,,,,,,,,,0.0,2772745.2,1956009.8,2150603.2,0.0,0.0,0.0,0.0,0.0,0.0,0.0,0.0,0.0,0.0,0.0,1157816.5,0.0,0.0,0.0,0.0,0.0,0.0,0.0,0.0,
2333,248.1604541044668,9.352707,height,,,,,,,,,,,0.0,0.0,0.0,0.0,79385096.0,0.0,0.0,0.0,0.0,0.0,0.0,0.0,0.0,0.0,0.0,0.0,0.0,0.0,0.0,0.0,0.0,0.0,0.0,0.0,
2334,249.16352782469912,9.352707,height,,,,,,,,,,,0.0,0.0,0.0,0.0,8701448.0,0.0,0.0,0.0,0.0,0.0,0.0,0.0,0.0,0.0,0.0,0.0,0.0,0.0,0.0,0.0,0.0,0.0,0.0,0.0,
2335,490.2701887723876,9.357455,height,,,,,,,,,,,1596059.2,2831326.2,1974069.9,3217211.2,0.0,0.0,1224450.6,0.0,0.0,1176677.6,1535047.1,0.0,1021078.1,2345903.2,2713271.0,2997081.5,2791069.0,1263269.5,1068848.2,1657820.2,1202155.5,1434340.1,0.0,0.0,
2336,489.2670793472797,9.359167,height,,,,,,,,,,,6762309.0,12405820.0,8953432.0,13705360.0,1360421.6,4522649.5,5015561.0,4527633.0,4506174.0,5109448.5,6045045.0,4594457.5,4647010.5,10610082.0,12094872.0,12753740.0,11963433.0,5751887.5,4937528.5,7605716.0,4992472.5,5568179.5,4299967.0,0.0,
2337,146.1652470742006,9.314269,height,,,,,,,,,,,0.0,0.0,0.0,0.0,4260395.5,0.0,0.0,0.0,0.0,0.0,0.0,0.0,0.0,2053128.5,1775073.2,1531646.1,1274917.5,0.0,0.0,1193580.4,0.0,0.0,0.0,0.0,
2338,160.18088126088577,9.310586,height,,,,,,,,,,,0.0,0.0,0.0,0.0,7588877.0,0.0,0.0,0.0,0.0,0.0,0.0,0.0,0.0,3391350.8,3064915.8,2187467.5,1571293.5,0.0,0.0,1583270.1,0.0,0.0,0.0,0.0,
2339,294.14812851264884,9.373218,height,,,,,,,,,,,0.0,0.0,0.0,0.0,11334624.0,0.0,0.0,0.0,0.0,0.0,0.0,0.0,0.0,0.0,0.0,0.0,0.0,0.0,0.0,0.0,0.0,0.0,0.0,0.0,
2340,322.1542598056224,9.373218,height,,,,,,,,,,,0.0,0.0,0.0,0.0,2774351.2,0.0,0.0,0.0,0.0,0.0,0.0,0.0,0.0,0.0,0.0,0.0,0.0,0.0,0.0,0.0,0.0,0.0,0.0,0.0,
2341,363.1985804847963,9.3790455,height,,,,,,,,,,,2297413.5,2424470.0,2125355.2,2333430.0,1765465.2,1017296.8,0.0,0.0,0.0,0.0,0.0,0.0,0.0,1915804.1,2176506.2,1900098.6,1895793.9,1526629.1,1455887.9,0.0,1428091.8,1325869.9,1319322.9,0.0,
2342,257.1973339651036,9.381194,height,,,,,,,,,,,0.0,1531345.4,1433605.0,1452087.9,2401290.8,1140145.2,1086498.2,1219040.9,1194267.9,1357020.1,1177676.8,1077401.6,1199558.9,1917039.6,2048751.1,1811602.1,1790331.1,1435565.4,1270684.8,1432084.0,1321781.1,1356875.1,1229354.2,0.0,
2343,247.65802006709592,9.424662,height,,,,,,,,,,,1870398.8,2049292.8,1527711.1,1805414.2,0.0,0.0,1070489.1,1256868.8,1190358.1,1223644.6,1148285.0,1177476.5,1113901.1,1559151.8,1473694.4,1427525.0,1642121.4,1516882.8,1417900.8,1318554.5,1327272.9,1166314.2,1393346.4,0.0,
2344,347.192618737207,9.38454,height,,,,,,,,,,,2276867.2,2691713.2,2593583.2,2965854.5,3035091.8,2692212.2,2659094.0,2710755.5,2740767.0,3155375.8,2821666.8,2637915.2,2882632.2,6746298.0,6797884.0,5091220.0,4528612.5,3026960.0,2743034.8,2885126.5,3076555.0,2942945.0,2863112.8,0.0,
2345,243.1089620693524,9.386241,height,,,,,,,,,,,1878805.9,2003258.1,1663566.9,2179893.0,15418947.0,1331797.6,1389347.6,1322503.9,1141625.6,1436148.6,1294629.6,1093176.4,1261132.6,3227192.8,3124727.0,2690701.0,2505711.8,1425833.5,1401266.0,2043977.4,1509398.4,1530654.2,1407134.8,0.0,
2346,505.22562046656736,9.3904295,height,,,,,,,,,,,3675180.2,3687657.2,3595696.0,3589530.2,1746064.9,2820903.2,2840636.5,3013736.5,3383751.2,3146192.2,2730112.5,3052766.5,3471819.0,2845318.2,3006944.0,2612076.8,3191353.0,3409619.8,3414365.8,2434661.0,3472116.0,2917604.8,3221415.8,0.0,
2347,276.15579199438594,9.404596,height,,,,,,,,,,,0.0,0.0,0.0,0.0,32202174.0,0.0,0.0,0.0,0.0,0.0,0.0,0.0,0.0,1458161.2,0.0,0.0,0.0,0.0,0.0,0.0,0.0,0.0,0.0,0.0,
2348,289.1619057787143,9.401951,height,,,,,,,,,,,0.0,0.0,0.0,0.0,7988731.0,0.0,0.0,0.0,0.0,0.0,0.0,0.0,0.0,0.0,0.0,0.0,0.0,0.0,0.0,0.0,0.0,0.0,0.0,0.0,
2349,362.2036081695381,9.39094,height,,,,,,,,,,,0.0,0.0,0.0,0.0,1054309.5,0.0,0.0,0.0,0.0,0.0,0.0,0.0,0.0,2144515.5,2079533.2,1469750.9,1121812.0,0.0,0.0,0.0,0.0,0.0,0.0,0.0,
2350,204.13440601701063,9.412877,height,,,,,,,,,,,0.0,0.0,0.0,0.0,20496176.0,0.0,0.0,0.0,0.0,0.0,0.0,0.0,0.0,0.0,0.0,0.0,0.0,0.0,0.0,0.0,0.0,0.0,0.0,0.0,
2351,262.15107248279975,9.423236,height,,,,,,,,,,,0.0,0.0,0.0,0.0,2644157.8,0.0,0.0,0.0,0.0,0.0,0.0,0.0,0.0,0.0,0.0,0.0,0.0,0.0,0.0,0.0,0.0,0.0,0.0,0.0,
2352,578.1943540016806,9.426176,height,,,,,,,,,,,1336305.6,1799743.4,1296833.1,1509698.0,0.0,0.0,0.0,0.0,0.0,0.0,0.0,0.0,0.0,0.0,0.0,0.0,0.0,0.0,0.0,0.0,0.0,0.0,0.0,0.0,
2353,377.2031310605461,9.454928,height,,,,,,,,,,,1378752.4,1725761.2,1456678.5,1347633.6,1773726.4,1386215.1,1321382.0,1463479.0,1703530.8,1618874.1,1376814.0,1592101.8,1456932.0,1823110.4,1724010.5,1655615.1,1480287.4,1613756.2,1514987.4,1353375.1,1398149.0,1443776.0,1521375.5,0.0,
2354,157.06082957012302,9.489042,height,,,,,,,,,,,0.0,0.0,0.0,981723.7,1107294.6,1302690.5,1414552.4,0.0,0.0,1501470.5,1427014.1,0.0,0.0,1125535.6,1385264.9,1397376.1,1368146.2,0.0,0.0,1543286.2,1215806.6,1395373.6,0.0,0.0,
2355,213.06602386335464,9.4893465,height,,,,,,,,,,,0.0,0.0,0.0,0.0,0.0,0.0,1419224.4,0.0,0.0,2605025.0,2137524.0,1609894.2,1433400.2,0.0,0.0,0.0,0.0,1146143.4,0.0,1539108.6,1480689.2,2463922.5,1066198.1,0.0,
2356,261.1559641894977,9.507427,height,,,,,,,,,,,0.0,0.0,0.0,0.0,6777265.5,0.0,0.0,0.0,0.0,0.0,0.0,0.0,0.0,0.0,0.0,0.0,0.0,0.0,0.0,0.0,0.0,0.0,0.0,0.0,
2357,304.1616572686189,9.507427,height,,,,,,,,,,,0.0,0.0,0.0,0.0,36279828.0,0.0,0.0,0.0,0.0,0.0,0.0,0.0,0.0,0.0,0.0,0.0,0.0,0.0,0.0,0.0,0.0,0.0,0.0,0.0,
2358,402.2348883569501,9.51457,height,,,,,,,,,,,2060753.8,1707487.4,1322967.1,1665796.8,0.0,0.0,0.0,0.0,0.0,0.0,0.0,0.0,0.0,0.0,0.0,0.0,0.0,0.0,0.0,0.0,0.0,0.0,0.0,0.0,
2359,404.2141781482375,9.511431,height,,,,,,,,,,,5839956.0,5609405.0,6522555.5,6255329.0,0.0,1486158.2,1517368.6,1982205.5,0.0,1298241.4,1174533.8,0.0,1331103.1,2701465.2,2659759.0,2383219.0,2496383.5,2654185.8,2571330.0,1887794.8,1968805.5,1945964.0,2127620.0,0.0,
2360,335.19259988188,9.518133,height,,,,,,,,,,,1894764.4,1917265.0,1826885.0,1835960.0,2000929.1,1152726.8,1252961.0,1326979.0,1095885.1,1226883.2,1023937.1,1025060.4,1215539.8,1582000.5,1545450.0,1333144.9,1461927.9,1534460.5,1550729.9,1193284.5,1278124.1,1264368.8,1489154.9,0.0,
2361,391.19358016944295,9.519271,height,,,,,,,,,,,1657312.9,1805942.1,1957405.8,1626134.9,2017447.1,1783230.9,1935122.5,1879145.6,1673147.2,1692539.2,1536407.6,1564930.5,1725877.8,1809457.1,1696577.0,1645191.6,1748178.4,1839769.8,1761923.1,1749209.8,1768018.8,1890988.5,2045162.6,0.0,
2362,276.1557664580428,9.520081,height,,,,,,,,,,,0.0,0.0,0.0,0.0,24975698.0,0.0,0.0,0.0,0.0,0.0,0.0,0.0,0.0,0.0,0.0,0.0,0.0,0.0,0.0,0.0,0.0,0.0,0.0,0.0,
2363,234.1449067636125,9.530943,height,,,,,,,,,,,0.0,0.0,0.0,0.0,2148416.0,0.0,0.0,0.0,0.0,0.0,0.0,0.0,0.0,0.0,0.0,0.0,0.0,0.0,0.0,0.0,0.0,0.0,0.0,0.0,
2364,341.15691149989703,9.546813,height,,,,,,,,,,,0.0,0.0,0.0,0.0,0.0,6766462.5,6536303.0,6934241.5,6206586.5,4909637.0,5846655.0,5426191.0,6595334.0,10661397.0,10508342.0,10963030.0,11237829.0,10752805.0,10746604.0,6003603.5,5861179.0,5985334.0,6179878.5,0.0,
2365,305.18202591078864,9.551286,height,,,,,,,,,,,2870034.2,2972024.0,2855046.8,2978456.5,4396816.5,2369642.5,2259530.0,2386490.8,2108147.8,1939698.2,2170758.8,2064431.2,2254719.2,2526480.0,2503220.8,2628445.5,2571216.8,2635725.2,2433520.0,2173014.5,2295849.0,2030178.4,2316013.0,0.0,
2366,309.16563869695403,9.552235,height,,,,,,,,,,,5087183.0,4949766.0,4704440.5,5072152.0,5517245.0,4212906.5,4052631.2,4065649.8,4194052.8,3799755.0,4112622.8,4135772.0,4046517.8,4645908.0,4376846.0,4666990.0,4622996.0,4396661.0,4114064.5,4023143.0,4016939.5,3947428.2,3781284.5,0.0,
2367,342.16048621303054,9.549926,height,,,,,,,,,,,0.0,0.0,0.0,0.0,0.0,0.0,0.0,0.0,0.0,0.0,0.0,0.0,0.0,1488273.9,1507467.6,1704147.0,1486300.0,1451998.1,1490230.0,0.0,0.0,0.0,0.0,0.0,
2368,247.65802489246272,9.591133,height,,,,,,,,,,,2049523.0,2021107.2,1796339.8,1856373.2,996584.6,1488868.5,1458021.6,1718476.1,1499103.4,1677179.0,1558181.1,1581652.4,1440199.5,1544602.6,1712009.6,1580499.8,1669832.2,1946942.2,1761365.4,1727108.0,1740604.4,1555895.5,1688774.2,0.0,
2369,390.1983087177314,9.567164,height,,,,,,,,,,,0.0,0.0,0.0,0.0,0.0,1497485.5,1564002.2,1391540.4,1485595.1,1323286.4,1375778.5,1519584.5,1279335.8,1274213.5,0.0,1306910.8,1220268.5,1226824.5,0.0,1232413.9,1319882.4,1596579.5,1213385.0,0.0,
2370,262.151033361095,9.5752325,height,,,,,,,,,,,0.0,0.0,0.0,0.0,22935610.0,0.0,0.0,0.0,0.0,0.0,0.0,0.0,0.0,0.0,0.0,0.0,0.0,0.0,0.0,0.0,0.0,0.0,0.0,0.0,
2371,499.2250189251631,9.577095,height,,,,,,,,,,,2992005.2,2684993.0,3098869.2,2633256.0,2026211.9,2358974.8,2452524.2,2592380.5,2354581.2,2093528.1,2000399.4,2638561.8,2438350.2,2024759.8,2079445.1,2116716.2,2320526.5,2707211.8,2506637.8,2075241.5,2431770.0,2241244.8,2453103.2,0.0,
2372,641.8222754401729,9.582435,height,,,,,,,,,,,1746887.5,2309994.0,2740336.2,2113370.8,2442915.5,0.0,0.0,0.0,0.0,0.0,0.0,0.0,0.0,0.0,0.0,0.0,0.0,0.0,0.0,0.0,0.0,0.0,0.0,0.0,
2373,334.18042922190506,9.60492,height,,,,,,,,,,,2483028.5,2998613.5,2760145.2,2447765.0,2070340.5,1806193.1,1719065.6,2099273.5,1829016.4,1908266.9,1898491.4,1878293.9,1815449.8,2142416.8,1956072.5,1890987.4,1863175.0,2183739.2,2196396.8,1843291.9,2113289.5,1689541.2,2280365.8,0.0,
2374,333.176913615383,9.606672,height,,,,,,,,,,,16850430.0,19507228.0,19725872.0,17460208.0,14553106.0,11936496.0,12131724.0,13852036.0,12118484.0,13296203.0,12257618.0,13034893.0,12739094.0,13264695.0,13122354.0,12946343.0,12971266.0,15215573.0,14657302.0,13063558.0,14542177.0,11917870.0,15200489.0,0.0,
2375,157.0608283706973,9.586663,height,,,,,,,,,,,0.0,0.0,0.0,0.0,1193811.6,1250655.5,1414552.4,0.0,0.0,1378333.9,1433054.9,0.0,0.0,1308863.8,1325755.4,1329097.4,1342643.0,0.0,0.0,1454354.2,1123187.1,1433741.0,0.0,0.0,
2376,462.2382671097624,9.5742445,height,,,,,,,,,,,1206999.4,1293200.2,1593430.5,0.0,2346072.8,1451817.2,1254165.2,1382973.9,1361919.6,1558034.5,1583378.1,1392233.0,1560315.9,2710083.0,1824254.0,0.0,0.0,1784799.2,1528010.0,1469554.9,1279203.9,1315123.6,1295627.8,0.0,
2377,427.0954402031061,9.62108,height,,,,,,,,,,,0.0,0.0,0.0,0.0,2359678.5,0.0,0.0,0.0,0.0,0.0,0.0,0.0,0.0,0.0,0.0,0.0,0.0,0.0,0.0,0.0,0.0,0.0,0.0,0.0,
2378,384.5368587234949,9.611897,height,,,,,,,,,,,0.0,1225700.4,1330366.8,1237109.5,0.0,0.0,0.0,0.0,0.0,0.0,0.0,0.0,0.0,0.0,0.0,0.0,0.0,0.0,0.0,0.0,0.0,0.0,0.0,0.0,
2379,308.15852458138664,9.62257,height,,,,,,,,,,,1564330.1,1503773.6,1655322.2,1593601.2,1458478.9,1475200.1,1425790.9,1628072.8,1593898.6,1385244.1,1515761.9,1479566.1,1471968.8,1574765.8,1428105.2,1433140.5,1516472.1,1765291.1,1549563.9,1611830.0,1622132.6,1465370.4,1571599.0,0.0,
2380,364.06531424939936,9.639078,height,,,,,,,,,,,3751968.0,2460443.0,1658148.0,2093337.0,0.0,0.0,0.0,0.0,0.0,0.0,0.0,0.0,0.0,1121818.6,1132682.0,1002661.2,1054268.4,1240213.8,1140718.6,1109032.1,0.0,0.0,0.0,0.0,
2381,363.1874847209367,9.631013,height,,,,,,,,,,,2151276.8,2264346.8,2520422.8,2502554.5,1934143.4,2762688.2,2686424.2,2939645.2,2977261.2,2534468.0,2682529.0,2966230.2,2680700.8,2815320.2,2464548.2,2507155.5,2573324.0,2731198.5,2458753.0,2705636.8,3003550.8,2664936.2,2438167.5,0.0,
2382,213.06601393619516,9.641068,height,,,,,,,,,,,0.0,0.0,0.0,0.0,0.0,989262.2,1489102.2,0.0,0.0,2708208.2,2154520.0,1661379.2,1479972.9,0.0,0.0,0.0,0.0,0.0,0.0,1585028.5,1396901.1,2553811.2,1105062.5,0.0,
2383,290.1459295963756,9.665361,height,,,,,,,,,,,0.0,0.0,0.0,0.0,2310272.5,0.0,0.0,0.0,0.0,0.0,0.0,0.0,0.0,0.0,0.0,0.0,0.0,0.0,0.0,0.0,0.0,0.0,0.0,0.0,
2384,247.6580157553158,9.658176,height,,,,,,,,,,,1982224.4,2021107.2,1762578.0,0.0,0.0,1431257.1,1426214.6,1635865.9,1439641.2,1677179.0,1558181.1,1602312.9,1441334.0,1471887.4,1576336.6,1545139.6,1748901.6,1830803.8,1761584.6,1628523.6,1680865.2,1562652.8,1663822.9,0.0,
2385,335.1924341194921,9.679259,height,,,,,,,,,,,1633201.1,1660081.8,2086507.0,1705163.1,2411673.8,1408964.0,1598229.1,1791855.6,1385787.2,1335879.9,1235249.0,1211037.8,1540226.4,1778568.8,1669275.4,1681302.9,1650712.9,1963640.9,1739524.0,1404369.8,1642761.9,1645778.1,1654343.1,0.0,
2386,471.2188499125613,9.6877,height,,,,,,,,,,,2454487.0,2437052.0,2805319.8,2563875.5,1548294.2,1795983.8,1998680.4,2165887.0,2319186.5,1668929.5,1822772.4,2103153.5,2031266.5,1771319.6,1903854.9,1871715.2,1815111.2,2660842.8,2353881.0,1633858.1,2108284.0,1848723.8,2093724.5,0.0,
2387,234.14487763693413,9.689673,height,,,,,,,,,,,0.0,0.0,0.0,0.0,19934984.0,0.0,0.0,0.0,0.0,0.0,0.0,0.0,0.0,0.0,0.0,0.0,0.0,0.0,0.0,0.0,0.0,0.0,0.0,0.0,
2388,262.1401821126244,9.689673,height,,,,,,,,,,,0.0,0.0,0.0,0.0,3601965.8,0.0,0.0,0.0,0.0,0.0,0.0,0.0,0.0,0.0,0.0,0.0,0.0,0.0,0.0,0.0,0.0,0.0,0.0,0.0,
2389,452.22475854804986,9.698239,height,,,,,,,,,,,2233337.8,2050794.1,2465237.2,2265903.8,1543420.8,2002814.6,2258252.8,2296186.8,2403346.0,1913126.0,2224061.2,2372229.2,2265685.8,2120120.8,2484203.5,2277318.2,2206627.5,2908162.5,2759087.8,1928568.6,2358391.8,2241061.5,2265239.2,0.0,
2390,587.2921328250111,9.719128,height,,,,,,,,,,,0.0,2004581.1,1892074.9,1968669.8,999823.3,0.0,0.0,0.0,0.0,0.0,0.0,0.0,0.0,0.0,0.0,0.0,0.0,0.0,0.0,0.0,0.0,0.0,0.0,0.0,
2391,576.3023497042121,9.710498,height,,,,,,,,,,,32314188.0,45337470.0,48630590.0,44680196.0,31305266.0,9885550.0,10910416.0,13724200.0,9502507.0,10701606.0,10775361.0,11340312.0,14127318.0,20137776.0,18969984.0,18582682.0,18188084.0,21052576.0,19876484.0,10250108.0,15914625.0,9986867.0,15140400.0,0.0,
2392,376.21922533299175,9.717192,height,,,,,,,,,,,1415108.4,1536161.5,1695919.2,1525934.4,1800355.6,1465881.4,1282252.9,1416157.5,1202044.8,1376739.6,1259217.5,1259567.2,1295662.4,1269273.2,1325716.2,1294678.6,1487806.9,1632778.9,1526721.1,1384092.2,1450828.9,1504429.9,1300259.0,0.0,
2393,349.17189514355954,9.720687,height,,,,,,,,,,,13471142.0,15568407.0,14042175.0,13996765.0,11519824.0,11290344.0,11134329.0,10817118.0,10695514.0,10701621.0,10298997.0,9583915.0,10297888.0,9807511.0,10821691.0,9990343.0,11652412.0,12804044.0,12285453.0,10681357.0,11398182.0,11879939.0,10627841.0,0.0,
2394,291.16632352927525,9.730256,height,,,,,,,,,,,1355837.2,1577894.1,1376730.2,1476423.5,1471375.1,1336842.8,1310053.0,1249409.0,1071302.4,1235647.0,0.0,0.0,1204810.6,1237465.1,1303144.5,1190606.1,1288929.8,1509876.4,1308562.9,1271314.1,1490916.1,1306957.6,1258687.6,0.0,
2395,391.1825135665171,9.741444,height,,,,,,,,,,,2363786.2,2876655.5,2105481.5,2665155.5,0.0,0.0,0.0,0.0,0.0,0.0,0.0,0.0,1174681.6,0.0,1176911.8,1118056.0,2271608.2,1533481.4,1436466.0,1129236.8,1345205.8,0.0,1201116.9,0.0,
2396,352.11727954321896,9.756115,height,,,,,,,,,,,0.0,0.0,0.0,0.0,3167975.2,0.0,0.0,0.0,0.0,0.0,0.0,0.0,0.0,0.0,0.0,0.0,0.0,0.0,0.0,0.0,0.0,0.0,0.0,0.0,
2397,275.1714606420696,9.813075,height,,,,,,,,,,,0.0,0.0,0.0,0.0,15845900.0,0.0,0.0,0.0,0.0,0.0,0.0,0.0,0.0,0.0,0.0,0.0,0.0,0.0,0.0,0.0,0.0,0.0,0.0,0.0,
2398,303.17762209751675,9.813075,height,,,,,,,,,,,0.0,0.0,0.0,0.0,60416010.0,0.0,0.0,0.0,0.0,0.0,0.0,0.0,0.0,0.0,0.0,0.0,0.0,0.0,0.0,0.0,0.0,0.0,0.0,0.0,
2399,391.18258482430514,9.838278,height,,,,,,,,,,,2685218.0,3062695.5,2851955.0,2685262.5,1771483.1,2311548.5,2182779.5,2523092.8,2383091.8,2200603.8,2447992.8,2386321.8,2506527.5,2412285.5,2355587.0,2517702.0,2309337.5,2638491.8,2475518.8,2241542.5,2519563.0,2423383.0,2575767.2,0.0,
2400,262.15113908053456,9.84671,height,,,,,,,,,,,0.0,0.0,0.0,0.0,4062558.5,0.0,0.0,0.0,0.0,0.0,0.0,0.0,0.0,0.0,0.0,0.0,0.0,0.0,0.0,0.0,0.0,0.0,0.0,0.0,
2401,234.14485796744853,9.858922,height,,,,,,,,,,,0.0,0.0,0.0,0.0,7418329.0,0.0,0.0,0.0,0.0,0.0,0.0,0.0,0.0,0.0,0.0,0.0,0.0,0.0,0.0,0.0,0.0,0.0,0.0,0.0,
2402,232.14053842491015,9.881063,height,,,,,,,,,,,0.0,0.0,0.0,0.0,8100428.0,0.0,0.0,0.0,0.0,0.0,0.0,0.0,0.0,0.0,0.0,0.0,0.0,0.0,0.0,0.0,0.0,0.0,0.0,0.0,
2403,261.15584944576113,9.891787,height,,,,,,,,,,,0.0,0.0,0.0,0.0,8861600.0,0.0,0.0,0.0,0.0,0.0,0.0,0.0,0.0,0.0,0.0,0.0,0.0,0.0,0.0,0.0,0.0,0.0,0.0,0.0,
2404,289.16191771005185,9.891787,height,,,,,,,,,,,0.0,0.0,0.0,0.0,2739524.8,0.0,0.0,0.0,0.0,0.0,0.0,0.0,0.0,0.0,0.0,0.0,0.0,0.0,0.0,0.0,0.0,0.0,0.0,0.0,
2405,204.1343851091881,9.937974,height,,,,,,,,,,,0.0,0.0,0.0,0.0,8952520.0,0.0,0.0,0.0,0.0,0.0,0.0,0.0,0.0,0.0,0.0,0.0,0.0,0.0,0.0,0.0,0.0,0.0,0.0,0.0,
2406,669.3521288897466,9.9801655,height,,,,,,,,,,,1268304.4,1395597.8,1532355.2,1337091.4,1665197.4,0.0,0.0,0.0,0.0,0.0,0.0,0.0,0.0,0.0,0.0,0.0,0.0,0.0,0.0,0.0,0.0,0.0,0.0,0.0,
2407,641.8222275686485,9.972475,height,,,,,,,,,,,1569416.1,1827512.9,2216252.5,1808282.1,2442668.8,0.0,0.0,0.0,0.0,0.0,0.0,0.0,0.0,0.0,0.0,0.0,0.0,0.0,0.0,0.0,0.0,0.0,0.0,0.0,
2408,405.2168861662609,9.95829,height,,,,,,,,,,,4029363.2,4868579.0,6278911.0,4699043.0,4894140.5,4294625.0,4128677.2,4994506.0,3718980.8,4245997.5,4021193.5,4009875.8,4201601.0,4201649.0,4287550.5,4518589.5,5330579.5,5245659.5,4815928.5,3939300.8,5111113.0,3821057.8,4339787.0,0.0,
2409,404.2140949185454,9.958275,height,,,,,,,,,,,21254440.0,23802414.0,28231380.0,24130306.0,24130154.0,21689710.0,20891904.0,21783440.0,20072760.0,21323004.0,21178712.0,19003164.0,21077030.0,20518672.0,21169718.0,22753598.0,24710406.0,24185234.0,21150946.0,20269610.0,26202930.0,19738680.0,20840848.0,0.0,
2410,253.1295606314569,9.978902,height,,,,,,,,,,,1819969.4,2056595.6,1151509.2,1785825.1,0.0,0.0,0.0,0.0,0.0,0.0,0.0,0.0,0.0,0.0,0.0,0.0,0.0,0.0,0.0,0.0,0.0,0.0,0.0,0.0,
2411,576.3023223572184,9.978346,height,,,,,,,,,,,28138888.0,33482864.0,38802160.0,34428692.0,35890830.0,10525536.0,10476538.0,13994561.0,9728262.0,11119295.0,10645345.0,10983741.0,13270419.0,19709374.0,17433782.0,17309510.0,18887936.0,17104566.0,18210020.0,10614683.0,14711682.0,9319943.0,16202254.0,0.0,
2412,247.6580006981693,9.956681,height,,,,,,,,,,,1803441.2,1768724.9,1862286.8,1578920.8,0.0,1421109.6,1368728.8,1641592.8,1390570.5,1499892.9,1432656.2,1397492.2,1354878.6,1415583.2,1595555.4,1553248.8,1677733.6,1620074.0,1704361.9,1473979.1,1573891.6,1418743.9,1586809.6,0.0,
2413,462.2382296724234,9.976594,height,,,,,,,,,,,1317642.6,1828964.0,1395308.1,1851533.1,1549346.1,1755046.5,1536511.5,1414891.4,1392093.8,1877291.2,1998071.6,0.0,1259282.4,2028564.0,1839580.2,1829139.0,2099386.2,1928945.4,1525720.1,1506043.1,1772079.5,1590930.8,1242890.0,0.0,
2414,362.2034848410138,9.989755,height,,,,,,,,,,,4820878.5,5673561.0,4496385.0,6106003.5,4575276.0,3419017.0,3145821.5,2753689.8,2402630.0,3308913.0,3057782.5,2220008.5,2754377.2,3420499.0,3849530.8,3835069.0,3735582.2,3867817.5,3958103.8,2828295.8,3629284.2,3232204.5,3526646.0,0.0,
2415,327.68211557709384,9.988726,height,,,,,,,,,,,2100834.5,2106665.2,2312977.5,2403276.8,1762749.0,1516414.0,1482524.4,1679933.0,1342109.2,1629128.6,1496547.1,1403145.6,1455027.5,1446681.5,1682478.5,1676475.4,1702894.5,1773296.9,1915889.1,1337778.4,1598535.1,1427277.9,1860701.8,0.0,
2416,156.07681175557727,9.970956,height,,,,,,,,,,,0.0,0.0,0.0,0.0,3523458.5,2676719.2,2310702.5,1795870.9,2013587.4,1390544.0,1709688.5,0.0,1703412.0,1873020.6,1784786.2,1826451.8,1713628.1,1456457.1,1216327.0,2042851.8,1918838.6,2006362.9,1614575.5,0.0,
2417,390.19854784298127,10.004621,height,,,,,,,,,,,5734880.5,6366409.0,6134758.5,6487422.0,4650516.5,5316127.0,6178917.5,5365847.0,5498195.0,5534825.0,5988187.5,5070036.5,5374551.0,5373124.0,5624336.0,6089074.5,5727578.0,6007558.5,6142422.0,5101365.0,6455621.5,5889529.5,5583286.5,0.0,
2418,471.2188811635987,10.0077,height,,,,,,,,,,,5403612.0,6063195.5,5138609.5,6474125.0,3788677.2,4333833.5,5182064.5,4137160.8,3894934.5,4553156.5,4722740.5,3851716.5,3876252.8,4503919.5,4936357.5,5280206.0,5084022.0,5157577.5,5385632.0,4405644.0,5530848.0,4947429.5,4406900.5,0.0,
2419,587.2921537683329,9.993853,height,,,,,,,,,,,1456850.0,1981014.1,1816801.6,2090286.4,1637796.5,0.0,0.0,0.0,0.0,0.0,0.0,0.0,0.0,0.0,0.0,0.0,0.0,0.0,0.0,0.0,0.0,0.0,0.0,0.0,
2420,266.17854385146023,10.06412,height,,,,,,,,,,,4313865.0,4343651.0,4478862.5,4718135.0,2937523.0,3998256.2,3858363.2,4515302.0,4499381.0,4148316.8,4046801.5,4089958.5,4337820.5,3826885.2,4094076.5,4221763.0,4132074.5,4578187.0,4913515.0,3848095.2,4414577.0,4222979.0,4387051.5,0.0,
2421,325.1474787359753,10.074985,height,,,,,,,,,,,1813116.0,1500258.8,1480393.8,1707091.5,0.0,1457063.8,1625694.0,1854253.4,1286062.8,1611992.1,1552376.4,1369018.8,1545461.6,1568637.8,1824168.5,1842566.6,1905783.8,2080200.2,2031848.4,1498238.1,1609230.1,1651515.1,1853619.5,0.0,
2422,649.8195899541704,10.169038,height,,,,,,,,,,,4462440.5,6045599.0,6140520.0,5427341.5,3372697.0,0.0,0.0,0.0,0.0,0.0,0.0,0.0,0.0,1771511.5,1489202.9,1756857.2,1584523.5,1591431.1,1529643.5,0.0,1159170.6,0.0,1097552.1,0.0,
2423,669.3520654451336,10.184836,height,,,,,,,,,,,0.0,1209105.2,0.0,0.0,1194680.5,0.0,0.0,0.0,0.0,0.0,0.0,0.0,0.0,0.0,0.0,0.0,0.0,0.0,0.0,0.0,0.0,0.0,0.0,0.0,
2424,325.14745457207874,10.172255,height,,,,,,,,,,,1530976.0,1287061.1,1325752.6,1241736.9,0.0,1542571.4,1446346.0,1772236.2,1149780.2,1537420.4,1320135.6,1343888.6,1495110.8,1296311.1,1557240.2,1652181.9,1705908.9,1829822.9,1823724.2,1370876.1,0.0,1421822.6,1794664.5,0.0,
2425,587.2922129456215,10.219863,height,,,,,,,,,,,1486212.5,1680275.4,1961803.4,0.0,1718051.0,0.0,0.0,0.0,0.0,0.0,0.0,0.0,0.0,1142442.2,0.0,0.0,1148419.8,0.0,0.0,0.0,0.0,0.0,0.0,0.0,
2426,649.8196062941115,10.232559,height,,,,,,,,,,,4582141.0,6004500.5,5218635.0,5145147.5,3558388.2,0.0,0.0,0.0,0.0,0.0,0.0,0.0,0.0,1741827.5,1462211.9,1573358.2,1468404.9,1467580.0,1488767.4,0.0,1159170.6,0.0,1262899.4,0.0,
2427,259.171342929608,10.286408,height,,,,,,,,,,,1646992.8,1654519.6,1736327.0,1702735.9,1068571.4,1638434.9,1668623.4,1840094.5,1799466.6,1511359.0,1567415.4,1727721.6,1665805.0,1609429.4,1684370.8,1781940.6,1665964.2,2008445.2,2019679.9,1513417.2,1590376.0,1639160.4,1742054.8,0.0,
2428,462.2382965314943,10.350058,height,,,,,,,,,,,1155828.9,0.0,1247721.1,0.0,1383731.0,0.0,0.0,1192048.5,1163014.0,1459914.2,1730297.2,0.0,1243747.5,1921423.2,1847458.4,1951473.1,1712804.2,1457206.8,1493828.5,1769582.5,0.0,1618149.9,1294580.4,0.0,
2429,494.308908635543,10.430686,height,,,,,,,,,,,1338940.0,0.0,1191844.8,0.0,0.0,0.0,0.0,1358337.0,0.0,0.0,1107546.6,0.0,1227691.9,1379199.5,1623640.8,1737104.5,1664678.8,1366194.0,1549150.1,1373591.2,0.0,0.0,1418219.6,0.0,
2430,462.23830232820166,10.443396,height,,,,,,,,,,,1155828.9,1093131.8,1247721.1,0.0,1223129.5,1150313.9,1163406.2,1497457.6,1361460.0,0.0,1619537.6,0.0,1434174.1,1921423.2,1977017.2,1927774.4,1766150.1,1335981.4,1493828.5,1666951.1,0.0,1330501.0,1459413.5,0.0,
2431,259.62750101658634,10.495641,height,,,,,,,,,,,18355396.0,14343062.0,13696754.0,15656240.0,1772577.9,23986020.0,27288674.0,28201736.0,28230018.0,25476426.0,27517770.0,27329374.0,25837084.0,16318406.0,18518896.0,20011974.0,21165898.0,26659460.0,26407918.0,21526374.0,24798356.0,29087730.0,27245692.0,0.0,
2432,397.2558280049918,10.505797,height,,,,,,,,,,,0.0,0.0,0.0,0.0,1641347.2,0.0,0.0,0.0,0.0,0.0,0.0,0.0,0.0,0.0,0.0,0.0,0.0,0.0,0.0,0.0,0.0,0.0,0.0,0.0,
2433,504.2417518557743,10.50917,height,,,,,,,,,,,6721193.5,5847738.0,6027148.5,5740871.5,5562535.5,3159033.2,3168718.2,3685829.2,3272464.8,2901161.8,2993577.2,3250187.0,4222895.5,4260442.5,4465310.0,4578821.5,4978857.5,4677221.5,4886510.5,3633267.8,3614765.5,2769444.5,4271409.0,0.0,
2434,518.2475784602157,10.534064,height,,,,,,,,,,,14019277.0,9436346.0,9718457.0,9110558.0,1323568.9,15790914.0,15280254.0,17023624.0,21575092.0,0.0,14082171.0,18821178.0,18191602.0,15959927.0,19302534.0,22518530.0,18222394.0,18706588.0,22569706.0,15599457.0,17115116.0,0.0,20433528.0,0.0,
2435,604.7609041002414,10.510745,height,,,,,,,,,,,1553756.1,1689385.5,1872151.6,1698819.1,1836451.6,0.0,0.0,0.0,0.0,0.0,0.0,0.0,0.0,996999.06,1023094.3,0.0,0.0,0.0,1061224.2,0.0,0.0,0.0,0.0,0.0,
2436,160.18085513127778,10.510402,height,,,,,,,,,,,0.0,0.0,0.0,0.0,5418923.5,0.0,0.0,0.0,0.0,0.0,0.0,0.0,0.0,4040742.0,3916433.5,2753840.0,1816320.1,0.0,0.0,1398889.2,0.0,0.0,0.0,0.0,
2437,517.335127192587,10.534268,height,,,,,,,,,,,0.0,0.0,0.0,0.0,3629074.2,0.0,0.0,0.0,0.0,0.0,0.0,0.0,0.0,1292484.6,1250480.5,1191513.9,1302356.6,0.0,1337177.1,0.0,0.0,0.0,0.0,0.0,
2438,641.8222488003705,10.52103,height,,,,,,,,,,,0.0,1221759.2,1222062.5,1144855.0,1494632.0,0.0,0.0,0.0,0.0,0.0,0.0,0.0,0.0,0.0,0.0,0.0,0.0,0.0,0.0,0.0,0.0,0.0,0.0,0.0,
2439,259.17196586817806,10.5051365,height,,,,,,,,,,,1284747.5,1407484.6,1279759.5,1129195.2,4918639.5,2021648.4,1629655.0,1702477.5,1672688.0,1198249.4,1419041.5,1297357.2,1801206.9,1910758.6,1848537.1,1822573.5,1862395.5,1958411.9,2097288.5,1453816.1,1639250.4,1504576.5,1756911.4,0.0,
2440,146.16517336773634,10.533289,height,,,,,,,,,,,0.0,0.0,0.0,0.0,2644509.0,0.0,0.0,0.0,0.0,0.0,0.0,0.0,0.0,1994422.0,1992582.1,1780522.8,1382602.4,0.0,0.0,0.0,0.0,0.0,0.0,0.0,
2441,470.29762413893656,10.55395,height,,,,,,,,,,,0.0,0.0,0.0,0.0,0.0,1141843.4,0.0,1310824.8,1890635.1,0.0,988279.3,2211494.2,1489671.9,0.0,0.0,0.0,0.0,0.0,1485475.6,0.0,1092120.8,0.0,1289585.5,0.0,
2442,494.3089283196989,10.616198,height,,,,,,,,,,,1149818.0,0.0,1261328.0,0.0,0.0,0.0,0.0,1197649.0,1180563.1,0.0,0.0,1171829.4,1384696.1,1624685.6,1558377.6,1692210.5,1542726.6,1307239.8,1594838.4,0.0,1159987.9,0.0,1380819.4,0.0,
2443,518.2475736452857,10.654647,height,,,,,,,,,,,12346820.0,8649072.0,9411740.0,9017038.0,1658233.8,18176812.0,17312790.0,21789258.0,23421812.0,16153853.0,15900476.0,25155708.0,24865966.0,20419000.0,21144128.0,22877936.0,19020950.0,20692236.0,24369084.0,0.0,18174108.0,15156590.0,24502488.0,0.0,
2444,156.07682589622416,10.636196,height,,,,,,,,,,,0.0,0.0,0.0,0.0,2076162.4,1514039.0,1307721.8,1233776.2,1284114.8,0.0,0.0,0.0,1215465.4,1188623.6,1072354.2,0.0,0.0,0.0,0.0,1324765.5,1023580.1,1179448.6,0.0,0.0,
2445,252.16305243654665,10.622656,height,,,,,,,,,,,1566772.2,1572050.9,1705481.8,1540876.5,984345.5,1624996.6,1524398.6,1742511.8,1728660.0,1518759.4,1515104.0,1576488.5,1617546.9,1448230.9,1472955.6,1644504.5,1735275.2,1710241.9,1817769.2,1452744.9,1533488.6,1570248.4,1654744.0,0.0,
2446,462.23828781820777,10.612453,height,,,,,,,,,,,0.0,0.0,0.0,0.0,1283656.4,1255486.8,0.0,1254740.9,1364787.6,1250472.9,1164485.8,1295663.9,1508143.1,2090196.0,0.0,1598881.1,1435100.1,1319856.5,1367754.4,1191482.2,1194868.4,0.0,1218498.0,0.0,
2447,259.62751210301985,10.695807,height,,,,,,,,,,,16089285.0,12408777.0,12037291.0,13168291.0,2378584.5,30055662.0,28895990.0,30910520.0,30475104.0,27512086.0,29723212.0,31425424.0,27229758.0,17753966.0,21319192.0,23940076.0,26008550.0,26067204.0,27180786.0,28193058.0,25933076.0,30450584.0,28711376.0,0.0,
2448,494.3089257714103,10.693426,height,,,,,,,,,,,1263335.1,0.0,1261328.0,1065902.6,0.0,0.0,0.0,1341256.6,1335844.4,0.0,0.0,1273062.8,1384696.1,1624685.6,1754401.8,1683169.8,1231435.5,1410076.9,1556921.9,0.0,0.0,0.0,1455211.5,0.0,
2449,308.0910612364878,10.715652,height,,,,,,,,,,,0.0,0.0,0.0,0.0,2751061.8,0.0,0.0,0.0,0.0,0.0,0.0,0.0,0.0,0.0,0.0,0.0,0.0,0.0,0.0,0.0,0.0,0.0,0.0,0.0,
2450,518.2475697084841,10.790305,height,,,,,,,,,,,14600366.0,0.0,9369420.0,9162928.0,2247777.2,22299040.0,21103074.0,26140832.0,27569300.0,17645008.0,19614314.0,25155708.0,25035840.0,18515962.0,23614030.0,20536926.0,16042287.0,22590110.0,25023192.0,16672681.0,21422978.0,15983464.0,26480672.0,0.0,
2451,146.16517618056352,10.811437,height,,,,,,,,,,,0.0,0.0,0.0,0.0,3560663.2,0.0,0.0,0.0,0.0,0.0,0.0,0.0,0.0,2712459.8,2337104.2,1331513.6,0.0,0.0,0.0,0.0,0.0,0.0,0.0,0.0,
2452,160.18085397605248,10.830165,height,,,,,,,,,,,0.0,0.0,0.0,0.0,7358700.5,0.0,0.0,0.0,0.0,0.0,0.0,0.0,0.0,5754042.0,4353908.5,2104873.8,1351221.8,0.0,0.0,1042323.4,0.0,0.0,0.0,0.0,
2453,587.2922445203092,10.831479,height,,,,,,,,,,,1561101.5,1801854.5,0.0,1389503.6,2412199.5,0.0,0.0,0.0,0.0,0.0,0.0,0.0,0.0,1896944.4,1492259.0,0.0,0.0,0.0,1291019.8,0.0,0.0,0.0,0.0,0.0,
2454,494.3089206597933,10.826279,height,,,,,,,,,,,1351429.1,0.0,0.0,1076009.8,0.0,0.0,0.0,1363484.2,1314247.0,0.0,0.0,1202217.1,1310656.9,1561117.8,1660085.4,0.0,0.0,1300307.1,1601698.9,0.0,1289350.9,0.0,1513732.6,0.0,
2455,333.1448172563556,10.833692,height,,,,,,,,,,,3408237.8,2971603.0,2547051.5,3077090.0,0.0,4530994.0,5153262.0,5353146.5,5080453.0,4915712.0,4735824.0,5003689.0,4555176.0,3340045.8,3745389.8,4258575.0,4493903.5,4792482.5,4951884.5,4170953.5,5040153.0,4950655.5,4802319.5,0.0,
2456,665.2829622164788,10.85285,height,,,,,,,,,,,1475740.2,0.0,0.0,0.0,0.0,1446506.6,1392411.8,2105534.5,2155797.2,1261480.1,0.0,1926304.8,1823670.1,1701837.4,2022544.5,0.0,1157416.0,2013349.5,2342528.8,0.0,1595413.4,1224900.6,2085119.6,0.0,
2457,587.2923082885403,10.917179,height,,,,,,,,,,,1626422.1,1559684.8,1926853.8,1364531.4,2679236.2,0.0,0.0,0.0,0.0,0.0,0.0,0.0,0.0,1791748.9,1448220.5,0.0,0.0,1067007.2,1289338.9,0.0,0.0,0.0,0.0,0.0,
2458,518.2475558318592,10.900032,height,,,,,,,,,,,14880708.0,8621100.0,9334945.0,8859816.0,2233199.0,21419652.0,19307156.0,26245450.0,29124280.0,17061934.0,17649684.0,25308132.0,24148470.0,20737176.0,22141316.0,14282207.0,16466509.0,22817194.0,25799522.0,16672681.0,20825630.0,18284546.0,26582362.0,0.0,
2459,374.27625037310975,10.925895,height,,,,,,,,,,,1244960.2,0.0,1239466.4,0.0,1476740.5,0.0,0.0,1081689.6,0.0,0.0,0.0,0.0,1126002.1,1368878.4,0.0,0.0,0.0,1080351.5,1430107.5,0.0,0.0,0.0,0.0,0.0,
2460,494.3089348689667,10.958282,height,,,,,,,,,,,1340383.4,0.0,0.0,0.0,0.0,1031961.0,0.0,1239226.4,1280005.2,0.0,0.0,1190975.9,1338736.4,1442365.6,1236607.9,0.0,0.0,1270509.8,1437407.2,0.0,1062032.1,0.0,1418432.0,0.0,
2461,470.29763748979815,10.962524,height,,,,,,,,,,,0.0,0.0,0.0,0.0,0.0,0.0,0.0,0.0,1149854.1,1014032.0,1070845.2,1172406.6,0.0,0.0,0.0,0.0,0.0,0.0,0.0,0.0,0.0,0.0,0.0,0.0,
2462,587.2924162726663,11.065681,height,,,,,,,,,,,1452942.9,1559153.4,2000590.8,1425222.1,2290381.0,0.0,0.0,0.0,0.0,0.0,0.0,0.0,0.0,1799575.4,0.0,0.0,0.0,0.0,1250371.1,0.0,0.0,0.0,1179076.6,0.0,
2463,612.0743383296568,11.209777,height,,,,,,,,,,,2354862.2,2227845.5,2728217.2,2115913.8,0.0,2196338.5,2391994.8,2352828.5,2144700.5,2133279.5,2321043.0,1844596.5,2126500.5,1916799.1,2001912.8,2204548.0,2281616.2,2576638.8,2324886.5,1933693.9,2186332.5,1902876.1,2860325.5,0.0,
2464,284.17173642407465,11.201455,height,,,,,,,,,,,0.0,0.0,0.0,0.0,19090048.0,0.0,0.0,0.0,0.0,0.0,0.0,0.0,0.0,2326685.0,0.0,0.0,0.0,0.0,0.0,0.0,0.0,0.0,0.0,0.0,
2465,200.63703692775377,11.244477,height,,,,,,,,,,,1312036.2,1327021.9,1102288.8,1244779.4,0.0,0.0,0.0,1116974.8,0.0,0.0,0.0,0.0,0.0,0.0,0.0,1037571.94,1108246.2,1200901.4,1232277.6,0.0,1103213.2,1025889.6,1003251.75,0.0,
2466,400.26674611100094,11.267679,height,,,,,,,,,,,2890243.5,2588046.2,2332191.2,2077072.6,0.0,1686832.2,1595888.5,2338539.2,2189138.5,1637089.1,1493014.4,2060398.4,1973492.0,1958198.2,1391598.1,1850921.1,1764079.5,2453605.8,2673534.8,1802085.6,2001286.1,1554178.8,2239464.8,0.0,
2467,265.0155925147765,11.302147,height,,,,,,,,,,,0.0,0.0,0.0,0.0,2081131.4,0.0,0.0,0.0,0.0,0.0,0.0,0.0,0.0,0.0,0.0,0.0,0.0,0.0,0.0,0.0,0.0,1147577.6,0.0,0.0,
2468,612.0743329105339,11.2741785,height,,,,,,,,,,,2541797.8,1948360.6,2468869.8,1506382.5,0.0,2257155.2,1751192.1,2636017.2,2184307.2,1594147.4,1716445.5,2325636.2,2613031.8,1916799.1,2001912.8,2204548.0,1639497.9,2050639.8,2359549.5,2051144.9,2077546.6,1902876.1,2750743.2,0.0,
2469,241.999620260677,11.329358,height,,,,,,,,,,,1255555.0,1292118.5,1437525.1,1394761.9,3305148.8,1113334.2,1027633.1,0.0,0.0,0.0,0.0,0.0,0.0,0.0,0.0,0.0,0.0,0.0,0.0,1219661.8,0.0,1824945.1,0.0,0.0,
2470,151.03526086994276,11.336762,height,,,,,,,,,,,3552447.8,3655017.0,3772147.8,3899356.5,6742792.5,3463916.8,3310971.8,3057211.0,3125090.0,2253468.2,2611755.5,2319547.5,2675104.2,3290249.2,3166097.8,3227890.2,2978775.8,2850298.0,2809496.2,3479392.0,3171985.8,4335513.0,2844167.2,0.0,
2471,146.1651671469762,11.345756,height,,,,,,,,,,,0.0,0.0,0.0,0.0,0.0,0.0,0.0,0.0,0.0,0.0,1247483.0,0.0,0.0,4009868.5,3063083.0,2624330.2,1951861.0,0.0,0.0,1729839.0,0.0,1303930.6,0.0,0.0,
2472,612.0743312319943,11.347961,height,,,,,,,,,,,0.0,0.0,0.0,0.0,0.0,1848504.1,1873109.8,0.0,0.0,0.0,1766445.6,0.0,0.0,1655070.5,1527859.5,1686292.6,1780775.9,0.0,0.0,1758762.6,0.0,1460732.5,0.0,0.0,
2473,400.26674410200354,11.498786,height,,,,,,,,,,,2373232.5,1844051.8,1796287.4,1561537.8,0.0,1585641.1,1498912.9,1994877.4,1947411.9,1463470.9,1259331.2,2038366.4,1726146.1,1711510.9,1304305.6,1499145.8,1584380.8,2290366.2,2279340.5,1676179.9,1922169.2,1366413.0,2068897.2,0.0,
2474,284.1717039496308,11.528391,height,,,,,,,,,,,0.0,0.0,0.0,0.0,8006386.0,0.0,0.0,0.0,0.0,0.0,0.0,0.0,0.0,1398100.9,0.0,0.0,0.0,0.0,0.0,0.0,0.0,0.0,0.0,0.0,
2475,518.2475170201285,11.57648,height,,,,,,,,,,,5528726.0,4054838.2,0.0,4668015.5,0.0,10178842.0,9852651.0,9932825.0,10780552.0,9321953.0,9934464.0,9925539.0,9353335.0,0.0,6975583.5,7725660.0,8140961.5,10274052.0,9207853.0,9529772.0,0.0,7860705.5,9083516.0,0.0,
2476,611.0902745362407,11.640478,height,,,,,,,,,,,2031281.8,2548981.8,2358094.8,2564791.2,0.0,2229517.2,2007416.4,2077565.5,2110744.0,2601018.2,2273505.2,2381708.8,2073533.8,2371114.2,2514122.8,2412035.5,2338468.5,2150221.5,2266724.0,2249810.2,2385969.5,2136104.0,2268949.5,0.0,
2477,316.1873323155786,11.670859,height,,,,,,,,,,,1109079.6,0.0,1220377.8,1192928.5,0.0,1184752.0,1161209.9,1232407.2,1311090.9,1108537.0,0.0,1135263.8,1302706.4,0.0,0.0,0.0,0.0,1161736.9,1231869.6,0.0,0.0,0.0,1314656.2,0.0,
