formulaRank	molecularFormula	adduct	precursorFormula	ZodiacScore	SiriusScoreNormalized	SiriusScore	TreeScore	IsotopeScore	numExplainedPeaks	explainedIntensity	medianMassErrorFragmentPeaks(ppm)	medianAbsoluteMassErrorFragmentPeaks(ppm)	massErrorPrecursor(ppm)	lipidClass	ionMass	retentionTimeInSeconds	retentionTimeInMinutes	formulaId	alignedFeatureId	compoundId	mappingFeatureId	overallFeatureQuality
1	C31H58FN3O13Si6	[M - H2O + H]+	C31H57FN3O12Si6+	0.193	0.183	38.705	38.705	0.000	23	0.843	0.764	1.067	-21185.219		850.251	29	0.480	839112036150600170	839111708759986970	839111708759986969	3	
1	C14H19ClN2O2S	[M - H2O + H]+	C14H18ClN2OS+	0.433	0.124	25.191	25.191	0.000	5	0.715	0.606	0.606	-60624.258		297.082	29	0.489	839111922677890653	839111708428636946	839111708395082513	1	
1	C17H32FN3O7Si4	[M + H3N + H]+	C17H36FN4O7Si4+	0.944	0.292	88.767	88.767	0.000	24	0.688	-1.158	2.288	-0.891		539.163	29	0.489	839111992601138885	839111708650935062	839111708646740757	2	
1	C26H48O4	[M + H]+	C26H49O4+	0.645	0.500	80.187	76.402	3.785	17	0.755	0.763	1.438	0.173		425.363	30	0.492	839111918559083640	839111708856455966	839111708856455965	4	
1	C12H38O7Si6	[M + H]+	C12H39O7Si6+	0.281	0.049	51.072	51.072	0.000	13	0.641	0.147	0.296	0.304		463.131	30	0.493	839111943691356002	839111708944536354	839111708940342049	5	
1	C25H18N4O3	[M - H2O + H]+	C25H17N4O2+	0.922	0.327	20.097	16.604	3.493	3	0.982	0.148	0.172	-44455.709		405.135	32	0.526	839111918345174063	839111709024228134	839111709020033829	6	
1	C19H16F4N4O2S	[M - H2O + H]+	C19H15F4N4OS+	0.651	0.272	15.915	13.079	2.836	4	0.956	0.333	0.333	-42565.716		423.091	32	0.527	839111918521334886	839111709099725610	839111709095531305	7	
1	C9H8O	[M + Na]+	C9H8NaO+	0.514	0.669	30.266	30.266	0.000	2	0.876	1.374	1.374	0.609		155.047	32	0.533	839111915241388695	839111709171028782	839111709166834477	8	
1	C7H4O	[M + Na]+	C7H4NaO+	0.513	0.693	13.246	13.246	0.000	1	0.567	3.201	3.201	1.532		127.016	32	0.534	839111915245583013	839111709238137650	839111709238137649	9	
1	C7H16O9	[M - H2O + H]+	C7H15O8+	0.581	0.335	4.914	4.914	0.000	1	0.018	2.391	2.391	-79313.634		227.076	32	0.536	839111917200128917	839111709812757330	839111709808563025	17	
1	C10H13FN2O3	[M - H2O + H]+	C10H12FN2O2+	0.629	0.333	60.180	60.180	0.000	11	0.733	0.389	4.767	-85327.315		211.087	33	0.544	839111916264798998	839111709384938298	839111709380743993	11	
1	C20H33NO3	[M - H2O + H]+	C20H32NO2+	0.825	0.278	18.857	16.609	2.249	5	0.108	1.219	3.187	-56601.747		318.240	33	0.553	839111919444081890	839111709527544642	839111709527544641	13	
1	C10H8N2O2	[M - H2O + H]+	C10H7N2O+	0.997	0.310	13.242	13.242	0.000	3	0.029	5.566	5.566	-105290.697		171.055	33	0.553	839111915279137458	839111709879866198	839111709875671893	18	
1	C10H10N2O3	[M - H2O + H]+	C10H9N2O2+	0.998	0.333	29.255	29.255	0.000	4	0.154	0.139	0.174	-95260.708		189.066	33	0.554	839111915887311587	839111710089581410	839111710089581409	21	
1	C8H11N4O5	[M - H2O + H]+	C8H10N4O4+	1.000	0.267	16.900	16.900	0.000	3	0.043	-0.829	0.829	-79669.242		226.069	33	0.555	839111923772604152	839111712882988054	839111712878793749	66	
1	C16H28O2	[M + H3N + H]+	C16H32NO2+	1.000	0.333	314.681	310.933	3.749	55	0.967	1.628	1.628	-0.021		270.243	33	0.556	839111914838735487	839111709452047166	839111709452047165	12	
1	C13H8N2O2	[M - H2O + H]+	C13H7N2O+	1.000	0.333	24.190	18.777	5.413	2	0.856	0.002	0.276	-86983.377		207.055	33	0.556	839111916805864269	839111709674345290	839111709670150985	15	
1	C8H13OP	[M + Na]+	C8H13NaOP+	0.995	0.997	82.461	82.461	0.000	21	0.274	6.149	6.149	3.673		179.060	33	0.558	839111918064155644	839111709741454158	839111709741454157	16	
1	C8H18Cl2N2O2	[M - H2O + H]+	C8H17Cl2N2O+	0.582	0.158	8.460	8.460	0.000	4	0.006	1.044	1.044	-79316.396		227.071	33	0.558	839111920387800370	839111709598847814	839111709598847813	14	
1	C13H10N2O3	[M - H2O + H]+	C13H9N2O2+	1.000	0.331	40.205	34.919	5.285	3	0.864	0.291	0.291	-80022.832		225.066	33	0.558	839111918387117126	839111709955363674	839111709951169369	19	
1	C11H29N5O2	[M + H3N + H]+	C11H33N6O2+	0.982	0.999	48.861	48.861	0.000	19	0.238	0.383	0.934	2.468		281.267	34	0.560	839111913232316998	839111710156690278	839111710152495973	22	
1	C20H35NO3	[M - H2O + H]+	C20H34NO2+	0.987	0.330	59.418	58.515	0.903	22	0.827	3.584	4.097	-56245.503		320.256	34	0.560	839111918789770402	839111710022472542	839111710022472541	20	
1	C8H14N2O3S	[M + Na]+	C8H14N2NaO3S+	0.797	0.966	41.645	40.896	0.748	21	0.724	3.542	5.347	-4.123		241.061	34	0.563	839111922182962703	839111710286713710	839111710282519405	24	
1	C8H12O3S	[M + K]+	C8H12KO3S+	0.999	1.000	20.413	20.413	0.000	4	0.035	4.305	4.305	-2.570		227.013	34	0.563	839111922665307723	839111710425125750	839111710420931445	26	
1	C10H9NO2	[M - H2O + H]+	C10H8NO+	1.000	0.297	23.549	23.549	0.000	5	0.768	7.930	7.930	-113946.913		158.060	34	0.564	839111915971197685	839111710353822578	839111710353822577	25	
1	C18H32O2	[M - H2O + H]+	C18H31O+	0.999	0.500	211.740	208.235	3.505	52	0.979	1.658	1.658	-68419.399		263.237	34	0.565	839111917762165700	839111710492234618	839111710492234617	27	
1	C18H30O	[M + H3N + H]+	C18H34NO+	1.000	0.333	263.187	257.409	5.778	55	0.916	1.567	1.567	0.103		280.264	34	0.565	839111917049133922	839111710563537790	839111710563537789	28	
1	C18H30O	[M - H2O + H]+	C18H29+	1.000	0.499	8.900	8.900	0.000	1	0.012	0.416	0.416	-73444.460		245.226	34	0.566	839111913945348690	839111710651618178	839111710647423873	29	
1	C16H28O	[M + H3N + H]+	C16H32NO+	0.947	0.333	41.470	41.470	0.000	8	0.234	0.324	0.381	-0.181		254.248	34	0.566	839111913236511305	839111710219604842	839111710219604841	23	
1	C11H26ClN2O2	[M + H]+	C11H27ClN2O2+	0.720	0.500	62.810	62.810	0.000	15	0.695	0.505	0.780	-1.779		254.175	34	0.571	839111916474514225	839111710861333390	839111710857139085	32	
1	C9H29N8O2	[M + H3N + H]+	C9H33N9O2+	1.000	1.000	191.643	190.595	1.048	36	0.608	2.498	2.760	6.807		299.277	34	0.571	839111915337857733	839111709313635126	839111709309440821	10	
1	C17H28O	[M + H3N + H]+	C17H32NO+	1.000	0.333	278.966	278.966	0.000	50	0.809	2.353	2.353	-0.079		266.248	34	0.574	839111917896383462	839111710794224522	839111710790030217	31	
1	C10H23FN2O2	[M - H2O + H]+	C10H22FN2O+	0.951	0.333	43.642	43.642	0.000	10	0.736	0.504	0.731	-87788.027		205.170	34	0.575	839111913983097435	839111710915859346	839111710915859345	33	
1	C18H28O	[M + H3N + H]+	C18H32NO+	1.000	0.333	273.447	269.909	3.538	55	0.909	1.234	1.234	0.643		278.248	35	0.575	839111917212711841	839111710982968214	839111710978773909	34	
1	C24H32O7	[M - H2O + H]+	C24H31O6+	0.845	0.474	47.211	43.431	3.780	7	0.978	2.142	2.142	-43376.605		415.212	35	0.575	839111919150480590	839111711045882778	839111711041688473	35	
1	C18H32O2	[M + H3N + H]+	C18H36NO2+	1.000	0.333	293.366	287.557	5.809	57	0.970	1.068	1.165	-0.656		298.274	35	0.576	839111924091371348	839111711112991646	839111711108797341	36	
1	C8H12O2	[M - H2O + H]+	C8H11O+	1.000	0.500	65.356	65.356	0.000	11	0.773	6.807	6.807	-146329.712		123.081	35	0.576	839111918433254491	839111711599530942	839111711599530941	44	
1	C18H30O2	[M + H3N + H]+	C18H34NO2+	1.000	0.333	261.376	257.630	3.746	56	0.878	1.147	1.147	0.116		296.258	35	0.576	839113732838879610	839111711234626470	839111711234626469	38	
1	C13H32N3O3	[M + H]+	C13H33N3O3+	0.999	0.500	29.315	29.315	0.000	8	0.735	0.912	1.087	-1.050		279.251	35	0.577	839113694028983988	839111712018961370	839111712018961369	51	
1	C16H28O2	[M - H2O + H]+	C16H27O+	0.996	0.500	13.202	13.202	0.000	2	0.022	0.800	0.800	-76573.496		235.206	35	0.578	839113816062260689	839111711171711906	839111711171711905	37	
1	C16H26O2	[M + H3N + H]+	C16H30NO2+	1.000	0.333	271.465	267.651	3.814	52	0.787	1.866	1.866	0.165		268.227	35	0.578	839111921163746742	839111711347872686	839111711343678381	40	
1	C18H30O2	[M + H]+	C18H31O2+	0.999	0.500	256.217	252.819	3.397	47	0.864	1.606	1.606	0.836		279.232	35	0.579	839111925009923982	839111711289152426	839111711289152425	39	
1	C11H17FN3O3	[M - H2O + H]+	C11H16FN3O2+	0.314	0.170	17.246	17.246	0.000	10	0.106	0.280	1.180	-74694.014		241.122	35	0.579	839111920459103555	839111711410787250	839111711406592945	41	
1	C13H31N2O4	[M + H3N + H]+	C13H35N3O4+	0.999	0.614	143.735	143.735	0.000	45	0.718	1.380	2.595	-1.474		297.262	35	0.579	839111920857562510	839111710731309958	839111710731309957	30	
1	C18H32O3	[M + H3N + H]+	C18H36NO3+	1.000	0.333	237.911	234.069	3.842	53	0.879	0.765	0.765	-0.320		314.269	35	0.580	839111929485246929	839111711465313206	839111711465313205	42	
1	C14H31N4O3	[M - H2O + H]+	C14H30N4O2+	0.872	0.333	87.125	87.125	0.000	25	0.736	0.615	0.673	-62916.950		286.238	35	0.580	839111918064155638	839111711771497418	839111711767303113	47	
1	C16H26O	[M + H3N + H]+	C16H30NO+	1.000	0.333	283.762	279.992	3.769	53	0.911	2.486	2.486	0.155		252.232	35	0.581	839111918328396817	839111711532422074	839111711528227769	43	
1	C18H33NO3	[M + Na]+	C18H33NNaO3+	0.998	1.000	85.900	82.547	3.353	23	0.436	1.275	1.435	-0.044		334.235	35	0.582	839111921348296134	839111711716971462	839111711712777157	46	
1	C9H5N	[M + H3N + H]+	C9H9N2+	0.507	0.333	20.378	20.378	0.000	3	0.020	3.177	3.177	0.450		145.076	35	0.583	839112036309983755	839111712522277886	839111712522277885	60	
1	C14H29NO4	[M - H2O + H]+	C14H28NO3+	0.979	0.333	40.292	40.292	0.000	11	0.168	0.453	0.506	-69752.369		258.206	35	0.583	839111916189301520	839111712195122150	839111712195122149	54	
1	C12H22N2O	[M - H2O + H]+	C12H21N2+	0.976	0.333	32.876	32.876	0.000	9	0.420	0.630	0.630	-93236.078		193.170	35	0.584	839113857187412163	839111712413225974	839111712413225973	58	
1	C18H30O3	[M + H3N + H]+	C18H34NO3+	1.000	0.333	226.919	224.028	2.891	49	0.632	1.594	1.594	-0.289		312.253	35	0.585	839111928864489834	839111711830217678	839111711830217677	48	
1	C18H26O2	[M + H3N + H]+	C18H30NO2+	1.000	0.333	286.913	283.234	3.679	54	0.868	1.443	1.443	-0.259		292.227	35	0.588	839111928436670757	839111711951852502	839111711947658197	50	
1	C18H28O2	[M + H3N + H]+	C18H32NO2+	1.000	0.333	280.238	276.628	3.610	55	0.835	1.796	1.796	0.490		294.243	35	0.589	839111926893166697	839111712090264542	839111712086070237	52	
1	C10H11ClN2O	[M - H2O + H]+	C10H10ClN2+	0.635	0.333	64.347	55.064	9.284	8	0.968	0.670	0.670	-93292.450		193.053	35	0.589	839113817647707663	839111711888937938	839111711888937937	49	
1	C18H28N3O2	[M + H3N + H]+	C18H32N4O2+	0.491	0.333	84.489	81.398	3.091	23	0.442	-0.532	2.095	-2.789		336.251	35	0.589	839113740535427532	839111712144790498	839111712144790497	53	
1	C13H29N2O4	[M + H3N + H]+	C13H33N3O4+	1.000	0.000	190.511	190.511	0.000	52	0.796	2.279	2.857	-0.806		295.246	35	0.590	839113728820736270	839111711654056898	839111711654056897	45	
1	C20H34O4	[M + H]+	C20H35O4+	1.000	0.500	210.585	204.216	6.369	47	0.962	2.492	2.492	0.071		339.253	35	0.590	839113749179888266	839111712253842410	839111712249648105	55	
1	C10H10N2O	[M - H2O + H]+	C10H9N2+	1.000	0.333	14.588	14.588	0.000	4	0.173	0.658	0.658	-114660.560		157.076	35	0.590	839113821326112432	839111712304174062	839111712304174061	56	
1	C20H34O4	[M - H2O + H]+	C20H33O3+	1.000	0.500	204.792	201.039	3.753	48	0.863	2.863	2.863	-56065.342		321.242	35	0.590	839111926595371067	839111712471946234	839111712471946233	59	
1	C18H26O	[M + H3N + H]+	C18H30NO+	1.000	0.333	250.553	247.215	3.338	51	0.865	0.671	0.706	0.684		276.232	35	0.592	839113697459924732	839111712362894322	839111712358700017	57	
1	C11H20N2O3	[M - H2O + H]+	C11H19N2O2+	1.000	0.333	67.804	62.467	5.337	18	0.872	1.562	1.562	-85299.173		211.144	36	0.598	839111918340979742	839111712580998146	839111712580998145	61	
1	C19H31NO4	[M - H2O + H]+	C19H30NO3+	1.000	0.333	84.577	80.741	3.836	21	0.913	3.508	3.508	-56244.355		320.222	36	0.598	839113818562065980	839111712648107014	839111712643912709	62	
1	C18H28O3	[M + H3N + H]+	C18H32NO3+	1.000	0.333	277.176	273.373	3.803	54	0.846	1.483	1.483	-0.130		310.238	36	0.598	839111952482617881	839111712719410186	839111712715215881	63	
1	C18H34O3	[M + H3N + H]+	C18H38NO3+	1.000	0.333	319.166	315.294	3.872	57	0.955	1.190	1.190	-0.160		316.285	36	0.604	839111927987880195	839111712832656402	839111712832656401	65	
1	C16H28N2O6	[M - H2O + H]+	C16H27N2O5+	0.759	0.333	59.286	59.286	0.000	30	0.749	0.381	0.434	-55046.108		327.191	36	0.605	839111930546406000	839111712778130446	839111712773936141	64	
1	C18H30O4	[M + H]+	C18H31O4+	1.000	0.500	202.989	199.508	3.481	45	0.915	1.383	1.383	0.399		311.222	36	0.606	839113729315664166	839111712933319706	839111712933319705	67	
1	C10H12N2O	[M - H2O + H]+	C10H11N2+	1.000	0.333	59.417	56.162	3.255	14	0.882	1.329	1.329	-113207.983		159.092	36	0.607	839111918919793863	839111712987845662	839111712983651357	68	
1	C17H27NO4	[M - H2O + H]+	C17H26NO3+	1.000	0.333	211.675	207.808	3.867	50	0.861	1.574	1.600	-61639.139		292.191	37	0.613	839111934002512770	839111713038177314	839111713038177313	69	
1	C12H16O3	[M + H3N + H]+	C12H20NO3+	0.988	0.333	205.182	201.908	3.274	30	0.210	3.351	3.351	-0.972		226.144	37	0.616	839111922933743218	839111713088508966	839111713084314661	70	
1	C18H26O3	[M + H3N + H]+	C18H30NO3+	1.000	0.333	261.044	260.611	0.433	53	0.831	1.315	1.392	-0.650		308.222	37	0.619	839111934698767256	839111713138840618	839111713138840617	71	
1	C18H33NO4	[M + H]+	C18H34NO4+	1.000	0.333	264.083	260.506	3.577	56	0.979	0.775	1.474	0.015		328.248	37	0.622	839111935004951485	839111713189172270	839111713189172269	72	
1	C29H42N4O8	[M - H2O + H]+	C29H41N4O7+	1.000	0.333	47.084	43.863	3.220	14	0.923	1.242	1.256	-32316.540		557.298	38	0.629	839111929132925316	839111713239503922	839111713239503921	73	
1	C20H33N3O7	[M - H2O + H]+	C20H32N3O6+	1.000	0.333	52.430	48.896	3.534	8	0.983	0.853	1.943	-43903.050		410.229	38	0.630	839112037966734019	839111713289835574	839111713285641269	74	
1	C25H40N4O7	[M + Na]+	C25H40N4NaO7+	1.000	1.000	35.592	31.957	3.635	14	0.855	0.393	0.512	1.223		531.280	38	0.632	839113850296170560	839111713340167226	839111713335972921	75	
1	C25H42N4O8	[M - H2O + H]+	C25H41N4O7+	1.000	0.333	52.866	46.716	6.150	19	0.801	0.958	0.958	-35362.516		509.298	38	0.634	839111935827035183	839111713449219138	839111713449219137	77	
1	C13H23N3O4	[M - H2O + H]+	C13H22N3O3+	0.798	0.333	105.014	105.014	0.000	23	0.477	0.876	0.895	-67161.522		268.166	38	0.634	839111927975297260	839111713390498878	839111713390498877	76	
1	C10H18N2O3	[M - H2O + H]+	C10H17N2O2+	1.000	0.333	59.191	55.937	3.254	17	0.739	1.949	1.949	-91364.635		197.128	38	0.637	839111920555572571	839111713503745094	839111713503745093	78	
1	C20H32NO7P	[M + H]+	C20H33NO7P+	1.000	1.000	29.391	29.391	0.000	9	0.679	2.184	4.943	4.846	LPC(12:5)	430.201	38	0.638	839111944966424568	839111713558271050	839111713558271049	79	
1	C18H33NO5	[M + H]+	C18H34NO5+	0.997	0.333	248.770	244.935	3.835	56	0.985	0.549	0.549	0.292		344.243	38	0.639	839113775515923357	839111713612797006	839111713608602701	80	
1	C18H35NO3	[M + O + H]+	C18H36NO4+	1.000	1.000	274.441	270.627	3.814	57	0.993	0.880	1.035	-0.046	Cer(d10:0_8:1)	330.264	38	0.640	839111918873656515	839111713663128658	839111713658934353	81	
1	C18H33N3O4	[M + Na]+	C18H33N3NaO4+	0.724	0.955	32.340	30.002	2.339	9	0.831	1.193	1.193	0.933		378.237	38	0.640	839113820441114261	839111713713460310	839111713709266005	82	
1	C14H28N2O4	[M - H2O + H]+	C14H27N2O3+	0.737	0.333	88.535	88.535	0.000	38	0.825	1.170	1.223	-66409.627		271.202	38	0.640	839111933767631668	839111713868649570	839111713864455265	85	
1	C15H23NO4	[M - H2O + H]+	C15H22NO3+	1.000	0.333	82.221	78.689	3.532	23	0.914	3.153	3.153	-68179.896		264.160	38	0.641	839113675334970601	839111713763791962	839111713763791961	83	
1	C18H35N3O5	[M - H2O + H]+	C18H34N3O4+	1.000	0.333	107.249	101.062	6.186	30	0.917	1.775	1.775	-50555.092		356.254	39	0.646	839113863189461270	839111713923175526	839111713918981221	86	
1	C25H46N4O9	[M + H3N + H]+	C25H50N5O9+	0.997	0.333	60.006	57.505	2.501	21	0.785	1.444	1.703	-1.284		564.360	39	0.647	839111948699355415	839111713818317918	839111713818317917	84	
1	C21H33N3O5	[M - H2O + H]+	C21H32N3O4+	1.000	0.333	129.756	126.198	3.559	41	0.949	0.945	0.945	-46152.396		390.239	39	0.648	839111951006222792	839111713973507178	839111713973507177	87	
1	C20H31N3O5	[M - H2O + H]+	C20H30N3O4+	1.000	0.333	95.681	92.567	3.114	29	0.905	0.859	1.047	-47872.071		376.223	39	0.654	839112002508085823	839111714032227438	839111714028033133	88	
1	C23H42N4O8	[M + H3N + H]+	C23H46N5O8+	0.996	0.333	55.474	52.395	3.078	17	0.770	0.206	4.215	-1.537		520.333	39	0.655	839111931985052331	839111714237748350	839111714233554045	92	
1	C14H18N2O3	[M - H2O + H]+	C14H17N2O2+	1.000	0.333	76.257	70.480	5.777	19	0.955	0.898	0.898	-73473.479		245.129	39	0.655	839111933511779063	839111714128696438	839111714128696437	90	
1	C20H42O11	[M + H3N + H]+	C20H46NO11+	0.860	0.935	52.518	48.897	3.622	14	0.715	1.071	1.171	1.579		476.307	39	0.655	839113659946068902	839111714078364786	839111714078364785	89	
1	C9H14N2O3	[M - H2O + H]+	C9H13N2O2+	1.000	0.333	65.325	62.202	3.123	26	0.787	4.669	4.669	-99452.100		181.097	39	0.657	839111930349273665	839111714288080002	839111714283885697	93	
1	C17H33N3O5	[M - H2O + H]+	C17H32N3O4+	1.000	0.333	128.941	125.673	3.268	36	0.919	2.320	2.320	-52625.651		342.239	40	0.659	839111939195061584	839111714342605958	839111714342605957	94	
1	C13H25NO3	[M + H]+	C13H26NO3+	1.000	0.333	200.352	197.442	2.910	48	0.937	3.123	3.123	1.760		244.191	40	0.659	839113822987056857	839111714392937610	839111714392937609	95	
1	C8H21N2O4	[M + H3N + H]+	C8H25N3O4+	1.000	1.000	201.356	201.356	0.000	33	0.527	4.429	4.429	-2.323		227.183	40	0.662	839111922191351329	839111714183222394	839111714183222393	91	
1	C12H18	[M + H3N + H]+	C12H22N+	0.672	0.333	13.087	13.087	0.000	2	0.059	0.980	0.980	0.577		180.175	40	0.664	839111917405649840	839111714439074958	839111714439074957	96	
1	C20H29N3O5	[M - H2O + H]+	C20H28N3O4+	1.000	0.000	77.603	77.603	0.000	31	0.919	1.524	1.524	-48120.436		374.211	40	0.669	839113797083034737	839111714489406610	839111714489406609	97	
1	C13H15NO3	[M - H2O + H]+	C13H14NO2+	0.662	0.332	64.288	60.715	3.573	11	0.968	1.298	1.298	-83342.148		216.102	40	0.669	839113746420036190	839111714543932566	839111714539738261	98	
1	C25H38N4O6	[M - H2O + H]+	C25H37N4O5+	1.000	0.333	87.985	84.432	3.553	25	0.892	0.468	0.495	-38054.182		473.276	40	0.672	839113847041390570	839111714594264218	839111714590069913	99	
1	C10H18N2O3S	[M - H2O + H]+	C10H17N2O2S+	1.000	0.333	58.001	53.199	4.801	10	0.966	0.863	1.349	-78613.939		229.101	40	0.673	839113859880155370	839111714644595870	839111714644595869	100	
1	C16H34NO7P	[M + H]+	C16H35NO7P+	1.000	1.000	69.677	64.955	4.722	11	0.865	0.393	6.176	-3.918		384.213	41	0.680	839111941648729662	839111714749453478	839111714749453477	102	
1	C18H29N3O6	[M + Na]+	C18H29N3NaO6+	0.681	0.768	106.775	106.775	0.000	29	0.709	0.877	1.035	0.243		406.195	41	0.680	839111965652733803	839111714694927522	839111714694927521	101	
1	C23H42N4O6	[M - H2O + H]+	C23H41N4O5+	1.000	0.333	101.317	94.735	6.583	34	0.937	0.098	0.499	-39730.855		453.307	41	0.682	839111939824207257	839111714808173738	839111714803979433	103	
1	C26H40N4O6	[M - H2O + H]+	C26H39N4O5+	1.000	0.333	103.621	97.418	6.204	35	0.916	0.275	0.358	-36959.868		487.292	41	0.682	839111967464673312	839111714858505390	839111714858505389	104	
1	C23H40N4O5	[M + Na]+	C23H40N4NaO5+	0.967	0.968	19.626	19.100	0.526	14	0.739	-0.349	0.367	0.524		475.289	41	0.682	839113737972707723	839111714908837042	839111714908837041	105	
1	C8H12N2O2	[M - H2O + H]+	C8H11N2O+	0.997	0.333	55.012	51.922	3.090	24	0.741	5.436	5.436	-119206.308		151.087	41	0.685	839111923697106639	839111714963362998	839111714959168693	106	
1	C13H26N2O4	[M - H2O + H]+	C13H25N2O3+	1.000	0.333	80.427	76.901	3.526	23	0.874	2.623	2.623	-70029.257		257.186	41	0.688	839111931506901646	839111715013694650	839111715013694649	107	
1	C22H40N4O6	[M - H2O + H]+	C22H39N4O5+	1.000	0.333	103.670	97.235	6.435	31	0.914	0.124	0.643	-40998.425		439.292	41	0.692	839111923881656083	839111715064026302	839111715064026301	108	
1	C10H16N2O3	[M - H2O + H]+	C10H15N2O2+	1.000	0.329	88.748	85.619	3.129	31	0.780	1.833	1.833	-92306.815		195.113	41	0.692	839111960376298865	839111715114357954	839111715110163649	109	
1	C6H11NO2S	[M - H2O + H]+	C6H10NOS+	0.614	0.276	9.616	9.616	0.000	2	0.020	1.272	1.272	-125031.360		144.048	42	0.692	839111923848101643	839111715210826954	839111715206632649	111	
1	C31H45N7O8	[M - H2O + H]+	C31H44N7O7+	1.000	0.333	66.182	59.916	6.266	24	0.925	-0.318	0.718	-28754.385		626.330	42	0.692	839111942244320892	839111715164689606	839111715160495301	110	
1	C16H24N2O4	[M - H2O + H]+	C16H23N2O3+	1.000	0.333	65.324	61.643	3.681	18	0.970	2.986	2.986	-61855.658		291.170	42	0.697	839111922006801914	839111715256964302	839111715256964301	112	
1	C10H17NO2S	[M + H3N + H]+	C10H21N2O2S+	1.000	0.333	110.757	107.805	2.952	30	0.807	2.616	2.616	0.406		233.132	42	0.697	839113778162529200	839111715357627606	839111715357627605	114	
1	C16H27NO5S	[M + H3N + H]+	C16H31N2O5S+	0.999	0.333	106.960	104.183	2.777	31	0.894	1.393	1.730	-0.026		363.195	42	0.698	839111953560554154	839111715307295954	839111715303101649	113	
1	C22H40N4O6S	[M - H2O + H]+	C22H39N4O5S+	0.999	0.333	82.074	82.074	0.000	35	0.899	-0.025	0.638	-38217.490		471.264	42	0.705	839111958543387855	839111715407959258	839111715407959257	115	
1	C7H9NO3	[M - H2O + H]+	C7H8NO2+	1.000	0.333	52.978	49.946	3.032	6	0.921	2.859	4.023	-130458.935		138.055	42	0.706	839111929233588639	839111715504428258	839111715500233953	117	
1	C7H7NO2	[M - H2O + H]+	C7H6NO+	1.000	0.325	28.507	26.568	1.939	2	0.960	5.610	5.610	-150030.434		120.045	42	0.706	839111945234860030	839111715454096606	839111715454096605	116	
1	C7H8N2OS	[M - H2O + H]+	C7H7N2S+	0.904	0.333	11.245	11.245	0.000	3	0.012	3.031	3.031	-119248.940		151.033	43	0.709	839113839063824311	839111715546371302	839111715546371301	118	
1	C18H33N3O5	[M - H2O + H]+	C18H32N3O4+	1.000	0.333	124.231	121.621	2.610	40	0.956	0.760	0.858	-50842.815		354.239	43	0.711	839111924712128377	839111715596702954	839111715592508649	119	
1	C21H38N4O6S	[M - H2O + H]+	C21H37N4O5S+	1.000	0.333	82.003	82.003	0.000	31	0.915	-0.078	0.406	-39389.098		457.248	43	0.717	839111937135658078	839111715647034606	839111715642840301	120	
1	C11H21NO3	[M + H]+	C11H22NO3+	1.000	0.333	211.342	207.786	3.556	48	0.968	3.289	3.289	0.463		216.160	43	0.719	839111922375900721	839111715693171954	839111715688977649	121	
1	C11H21NO3	[M - H2O + H]+	C11H20NO2+	1.000	0.333	247.513	244.263	3.250	43	0.866	4.398	4.398	-90895.520		198.149	43	0.720	839111937613808775	839111715739309302	839111715739309301	122	
1	C7H13NO4	[M + Na]+	C7H13NNaO4+	1.000	1.000	175.286	172.602	2.684	30	0.487	5.560	5.560	3.137		198.074	43	0.721	839111935009145807	839111715789640954	839111715789640953	123	
1	C9H11FN2O3	[M - H2O + H]+	C9H10FN2O2+	0.770	0.333	45.277	41.285	3.991	11	0.514	1.842	4.824	-91395.466		197.071	43	0.721	839113661204360151	839111715839972606	839111715835778301	124	
1	C9H18N2O3	[M - H2O + H]+	C9H17N2O2+	1.000	0.333	138.409	138.409	0.000	38	0.905	4.571	4.571	-97286.344		185.129	44	0.729	839111929346834877	839111715886109954	839111715886109953	125	
1	C34H49N7O8	[M - H2O + H]+	C34H48N7O7+	1.000	0.333	99.457	92.571	6.887	38	0.938	-0.343	0.596	-27027.213		666.362	44	0.738	839111954453941002	839111715953218822	839111715953218821	126	
1	C6H18N3O5	[M - H2O + H]+	C6H17N3O4+	0.655	0.333	76.992	75.745	1.246	15	0.677	3.757	5.158	-92296.014		195.123	44	0.739	839111915878922961	839111716003550474	839111716003550473	127	
1	C9H9NO	[M + H3N + H]+	C9H13N2O+	0.570	0.333	68.611	68.611	0.000	15	0.634	0.971	0.971	0.488		165.102	45	0.744	839111915207834247	839111716058076430	839111716053882125	128	
1	C18H33N3O6	[M - H2O + H]+	C18H32N3O5+	0.911	0.333	114.219	114.219	0.000	40	0.825	0.317	0.357	-48646.391		370.234	45	0.744	839111927421649061	839111716200682778	839111716200682777	131	
1	C16H31N3O5	[M - H2O + H]+	C16H30N3O4+	1.000	0.333	175.711	172.587	3.124	45	0.936	0.357	0.893	-54873.718		328.223	45	0.748	839111924485635939	839111716154545430	839111716154545429	130	
1	C28H39N5O6	[M - H2O + H]+	C28H38N5O5+	1.000	0.333	111.072	107.397	3.675	45	0.950	0.604	0.929	-34351.474		524.287	45	0.748	839111965946335106	839111716108408082	839111716108408081	129	
1	C16H35NO3	[M - H2O + H]+	C16H34NO2+	0.733	0.333	13.275	13.275	0.000	4	0.138	0.595	0.595	-66151.685		272.259	45	0.749	839111913752410704	839111716343289126	839111716343289125	134	
1	C10H19NO3	[M + H]+	C10H20NO3+	1.000	0.333	221.414	221.414	0.000	45	0.879	4.000	4.074	0.099		202.144	45	0.750	839111917766360021	839111716246820126	839111716242625821	132	
1	C10H19NO3	[M - H2O + H]+	C10H18NO2+	1.000	0.333	262.202	262.202	0.000	51	0.985	4.579	4.579	-97812.247		184.133	45	0.754	839111917606976439	839111716297151778	839111716297151777	133	
1	C19H38O2	[M + H3N + H]+	C19H42NO2+	0.702	0.500	21.598	21.598	0.000	4	0.503	0.098	0.174	-0.145		316.321	45	0.755	839111913148430914	839111716385232170	839111716385232169	135	
1	C8H17NO4	[M - H2O + H]+	C8H16NO3+	1.000	0.333	75.965	72.853	3.112	14	0.965	6.367	6.367	-103441.748		174.113	45	0.756	839111914599660138	839111716452341038	839111716448146733	136	
1	C10H14N2O3	[M - H2O + H]+	C10H13N2O2+	1.000	0.333	63.513	63.513	0.000	21	0.885	1.056	1.056	-93271.096		193.097	45	0.756	839111917191740271	839111716506866994	839111716506866993	137	
1	C8H14N2O3	[M - H2O + H]+	C8H13N2O2+	1.000	0.333	99.980	96.771	3.208	28	0.940	4.416	4.416	-106509.727		169.097	46	0.763	839111917195934598	839111716553004342	839111716553004341	138	
1	C27H36N4O7	[M - H2O + H]+	C27H35N4O6+	1.000	0.333	51.289	44.793	6.496	15	0.886	-0.734	0.922	-35227.106		511.256	46	0.766	839111923902627627	839111716603335994	839111716603335993	139	
1	C8H11NO3	[M - H2O + H]+	C8H10NO2+	1.000	0.333	46.932	46.932	0.000	5	0.470	2.160	2.160	-118435.212		152.071	46	0.770	839111992907323106	839111716666250558	839111716666250557	140	
1	C9H11NO3	[M - H2O + H]+	C9H10NO2+	1.000	0.333	88.116	88.116	0.000	15	0.634	1.679	1.679	-109773.426		164.071	46	0.773	839111925462908874	839111716716582210	839111716716582209	141	
1	C16H19N3O3	[M - H2O + H]+	C16H18N3O2+	1.000	0.333	32.487	28.998	3.489	14	0.961	-0.356	0.548	-63386.204		284.139	46	0.773	839111920220028188	839111716758525254	839111716758525253	142	
1	C17H18N4O5	[M - H2O + H]+	C17H17N4O4+	1.000	0.333	110.178	108.031	2.147	41	0.918	-0.289	0.760	-52797.551		341.124	46	0.774	839113653486840556	839111716842411342	839111716842411341	144	
1	C9H9NO	[M - H2O + H]+	C9H8N+	0.990	0.333	36.492	36.492	0.000	10	0.009	8.095	8.095	-138472.390		130.065	46	0.774	839113614194600114	839111716800468298	839111716800468297	143	
1	C10H6O	[M + H3N + H]+	C10H10NO+	0.787	0.333	65.364	60.334	5.030	12	0.671	0.777	0.777	0.310		160.076	47	0.781	839113744276746789	839111716884354386	839111716884354385	145	
1	C8H15NO3S	[M - H2O + H]+	C8H14NO2S+	0.811	0.139	16.043	16.043	0.000	4	0.043	0.493	0.493	-95762.443		188.074	47	0.787	839113774488318864	839111716922103126	839111716922103125	146	
1	C9H11N	[M + H3N + H]+	C9H15N2+	0.918	0.333	103.351	103.351	0.000	20	0.306	4.230	4.230	0.100		151.123	48	0.794	839113822584403669	839111718461412786	839111718457218481	169	
1	C15H23N5O4	[M - H2O + H]+	C15H22N5O3+	0.645	0.333	75.834	75.834	0.000	13	0.963	1.692	1.692	-56253.376		320.172	48	0.795	839111921885167075	839111717052126558	839111717052126557	148	
1	C14H17N3O3	[M - H2O + H]+	C14H16N3O2+	1.000	0.333	95.845	92.691	3.153	38	0.881	1.306	1.411	-69774.617		258.124	48	0.796	839113832201942838	839111716985017690	839111716980823385	147	
1	C12H14N2O2	[M - H2O + H]+	C12H13N2O+	0.997	0.333	64.370	60.904	3.465	21	0.620	0.382	0.580	-89558.917		201.102	48	0.796	839111925219639201	839111717119235426	839111717119235425	149	
1	C17H31N3O6	[M - H2O + H]+	C17H30N3O5+	1.000	0.333	138.576	134.827	3.749	42	0.956	0.550	0.688	-50560.594		356.218	48	0.798	839111942516950676	839111717186344294	839111717186344293	150	
1	C23H34N4O5	[M - H2O + H]+	C23H33N4O4+	1.000	0.333	115.547	111.785	3.762	49	0.970	-0.179	0.636	-41957.821		429.250	48	0.799	839111943687161672	839111717257647466	839111717257647465	151	
1	C10H5NO	[M + H3N + H]+	C10H9N2O+	0.700	0.333	54.611	51.332	3.279	9	0.579	-0.076	0.461	0.235		173.071	48	0.805	839111920211639563	839111717387670898	839111717387670897	153	
1	C11H9N3O2	[M + H3N + H]+	C11H13N4O2+	0.976	0.333	82.095	82.095	0.000	12	0.396	0.148	0.326	-0.223		233.103	48	0.808	839113719165448333	839111717454779766	839111717450585461	154	
1	C9H17NO3	[M + Na]+	C9H17NNaO3+	0.757	0.986	73.096	73.096	0.000	13	0.269	0.438	0.533	0.433		210.110	49	0.811	839111918781381769	839111717584803198	839111717584803197	156	
1	C7H12N4O	[M - H2O + H]+	C7H11N4+	0.957	0.333	55.181	55.181	0.000	11	0.699	5.709	6.770	-119208.285		151.096	49	0.814	839111914738072180	839111717517694330	839111717517694329	155	
1	C9H17NO3	[M - H2O + H]+	C9H16NO2+	1.000	0.333	227.099	227.099	0.000	40	0.963	5.319	5.319	-105871.322		170.118	49	0.815	839111920589127041	839111717719020934	839111717719020933	158	
1	C8H10	[M + H3N + H]+	C8H14N+	0.983	0.333	152.357	152.357	0.000	21	0.248	7.061	7.061	1.403		124.112	49	0.815	839111918798159037	839111717651912066	839111717651912065	157	
1	C16H19N3O4	[M - H2O + H]+	C16H18N3O3+	1.000	0.333	130.504	127.171	3.333	44	0.961	-0.252	0.759	-60008.245		300.134	49	0.819	839111927622975679	839111717786129802	839111717786129801	159	
1	C22H38N4O6	[M - H2O + H]+	C22H37N4O5+	1.000	0.333	68.477	64.933	3.544	14	0.976	-0.072	0.472	-41187.838		437.276	49	0.819	839111920568155501	839111717916153234	839111717916153233	161	
1	C16H16FN2O3	[M + H3N + H]+	C16H20FN3O3+	0.512	0.132	167.371	167.371	0.000	38	0.614	0.337	0.559	-1.950		321.148	49	0.820	839111949974423945	839111717853238670	839111717849044365	160	
1	C7H16N2O3S	[M - H2O + H]+	C7H15N2O2S+	0.639	0.145	9.568	9.568	0.000	3	0.048	0.962	0.962	-94253.608		191.085	49	0.821	839111926133997591	839111717983262102	839111717979067797	162	
1	C12H14N2O3	[M - H2O + H]+	C12H13N2O2+	1.000	0.333	97.771	94.284	3.487	11	0.975	-0.010	0.639	-82960.423		217.097	49	0.823	839111994555684696	839111718113285534	839111718113285533	164	
1	C9H17ClN2O2	[M + Na]+	C9H17ClN2NaO2+	0.971	0.999	67.058	67.058	0.000	18	0.554	0.566	0.933	2.731		243.088	49	0.823	839113885473798566	839111718046176666	839111718046176665	163	
1	C30H45N5O8	[M - H2O + H]+	C30H44N5O7+	1.000	0.332	60.660	56.939	3.721	26	0.956	0.146	1.143	-30716.712		586.324	50	0.829	839113838623422349	839111718184588706	839111718180394401	165	
1	C24H41N5O8	[M - H2O + H]+	C24H40N5O7+	1.000	0.333	67.719	65.671	2.049	34	0.921	0.146	0.680	-35293.646		510.293	50	0.834	839113725192663243	839111718323000746	839111718323000745	167	
1	C8H12N2O2	[M - H2O + H]+	C8H11N2O+	0.999	0.333	51.621	48.540	3.081	22	0.852	4.304	4.304	-119206.308		151.087	50	0.834	839113676001864984	839111718251697574	839111718251697573	166	
1	C13H15FN2O3	[M + H3N + H]+	C13H19FN3O3+	0.853	0.292	91.948	91.948	0.000	34	0.786	0.249	0.390	-3.858		284.139	50	0.835	839113779869610948	839111719577097750	839111719577097749	194	
1	C28H41N5O6	[M - H2O + H]+	C28H40N5O5+	1.000	0.333	127.409	120.827	6.582	51	0.975	-0.130	0.372	-34220.012		526.303	51	0.846	839113832633956171	839111718394303918	839111718394303917	168	
1	C30H54N6O8	[M + H]+	C30H55N6O8+	0.997	0.333	87.335	80.692	6.643	34	0.901	-0.540	1.078	0.511		627.408	51	0.850	839111925538406369	839111718532715958	839111718528521653	170	
1	C15H27NO3Si	[M + H3N + H]+	C15H31N2O3Si+	0.969	0.328	137.002	137.002	0.000	36	0.509	0.260	0.354	1.425		315.210	51	0.851	839113892415371709	839111718675322302	839111718671127997	172	
1	C9H19NO5	[M - H2O + H]+	C9H18NO4+	0.903	0.001	29.813	27.548	2.265	5	0.167	5.965	5.965	-88227.387		204.124	51	0.851	839113818209744427	839111718599824826	839111718599824825	171	
1	C9H9NO	[M - H2O + H]+	C9H8N+	0.999	0.333	25.475	22.272	3.204	6	0.341	5.851	5.851	-138472.522		130.065	51	0.851	839113823138051818	839111719417714182	839111719417714181	190	
1	C15H27N3O4	[M + Na]+	C15H27N3NaO4+	0.996	1.000	43.360	39.935	3.425	20	0.719	-0.451	0.805	-0.348		336.189	51	0.852	839111927157407870	839111718746625474	839111718746625473	173	
1	C15H29N3O5	[M - H2O + H]+	C15H28N3O4+	1.000	0.333	111.467	105.654	5.813	29	0.927	0.059	0.817	-57320.831		314.207	51	0.852	839111948758075715	839111718788568518	839111718788568517	174	
1	C31H45N7O8	[M - H2O + H]+	C31H44N7O7+	1.000	0.333	73.825	66.909	6.916	22	0.926	-0.650	0.814	-28754.861		626.330	51	0.852	839111929699156457	839111718830511562	839111718830511561	175	
1	C11H22N2O4	[M - H2O + H]+	C11H21N2O3+	1.000	0.333	104.776	104.776	0.000	30	0.876	0.677	1.174	-78595.712		229.155	51	0.854	839111922526895678	839111718868260302	839111718868260301	176	
1	C10H20N2O4	[M - H2O + H]+	C10H19N2O3+	1.000	0.333	229.391	226.065	3.326	49	0.977	2.448	2.448	-83715.378		215.139	51	0.854	839111919943204092	839111718910203346	839111718906009041	177	
1	C9H17NO4	[M - H2O + H]+	C9H16NO3+	0.969	0.333	54.629	54.629	0.000	11	0.176	0.289	0.317	-96772.240		186.113	51	0.856	839111923223150230	839111718947952086	839111718947952085	178	
1	C21H38N4O6	[M - H2O + H]+	C21H37N4O5+	0.985	0.333	89.024	89.024	0.000	42	0.839	0.241	0.273	-42350.353		425.276	51	0.857	839111944727349200	839111717320562030	839111717320562029	152	
1	C21H38N4O6	[M - H2O + H]+	C21H37N4O5+	1.000	0.333	132.126	129.060	3.066	42	0.942	-0.260	0.754	-42350.353		425.276	52	0.859	839111939895510447	839111719103141350	839111719103141349	182	
1	C9H14N2O3	[M - H2O + H]+	C9H13N2O2+	1.000	0.333	93.599	90.639	2.960	20	0.905	1.042	1.042	-99452.525		181.097	52	0.861	839111923319619255	839111718985700826	839111718985700825	179	
1	C9H16N2O4	[M - H2O + H]+	C9H15N2O3+	1.000	0.333	100.045	96.703	3.341	13	0.986	3.873	3.873	-90456.105		199.108	52	0.861	839111923181207174	839111719065392610	839111719061198305	181	
1	C8H14N2O2	[M - H2O + H]+	C8H13N2O+	1.000	0.333	64.379	61.490	2.890	18	0.967	4.348	4.348	-117637.277		153.102	52	0.861	839111955263441800	839111719023449566	839111719023449565	180	
1	C16H31N3O6	[M - H2O + H]+	C16H30N3O5+	1.000	0.333	182.988	180.179	2.809	49	0.936	0.070	0.871	-52323.494		344.218	52	0.867	839111941409654283	839111719140890090	839111719140890089	183	
1	C8H15NO3	[M + H]+	C8H16NO3+	1.000	0.333	202.294	202.294	0.000	27	0.595	3.788	3.788	0.231		174.113	52	0.871	839113858315679942	839111719178638830	839111719178638829	184	
1	C8H15NO3	[M - H2O + H]+	C8H14NO2+	1.000	0.333	195.066	191.981	3.084	40	0.766	6.042	6.042	-115377.006		156.102	52	0.873	839111923311230632	839111719224776178	839111719220581873	185	
1	C17H29N5O7	[M + H3N + H]+	C17H33N6O7+	0.735	0.329	164.141	164.141	0.000	43	0.500	0.255	0.351	3.730		433.242	52	0.873	839111946535094407	839111719258330614	839111719258330613	186	
1	C15H21NO7	[M + H3N + H]+	C15H25N2O7+	1.000	0.328	194.891	194.891	0.000	32	0.588	0.190	0.267	-0.210		345.166	53	0.875	839111941539677729	839111719338022398	839111719333828093	188	
1	C7H12N2O3	[M - H2O + H]+	C7H11N2O2+	1.000	0.333	75.388	72.504	2.884	9	0.976	2.389	2.389	-116136.008		155.082	53	0.876	839113744926863924	839111719300273658	839111719300273657	187	
1	C12H18N2O4S	[M + H3N + H]+	C12H22N3O4S+	0.873	0.333	68.188	64.071	4.118	22	0.907	0.814	0.990	-0.143		304.133	53	0.876	839111929938231808	839111719375771138	839111719375771137	189	
1	C18H33N3O9Si	[M - H2O + H]+	C18H32N3O8Si+	0.988	0.003	60.923	59.039	1.884	28	0.922	-0.206	0.658	-40364.121		446.196	53	0.884	839111937844495532	839111719459657226	839111719459657225	191	
1	C40H70N8O11	[M - H2O + H]+	C40H69N8O10+	0.911	0.262	62.149	54.121	8.028	31	0.956	-0.467	0.838	-21922.960		821.514	53	0.885	839111928667357506	839111719501600270	839111719501600269	192	
1	C20H36N4O6	[M - H2O + H]+	C20H35N4O5+	1.000	0.333	95.478	95.478	0.000	25	0.872	-0.486	0.923	-43793.084		411.260	53	0.886	839113748915647094	839111719543543314	839111719543543313	193	
1	C18H34N2O5	[M - H2O + H]+	C18H33N2O4+	0.899	0.333	140.819	137.426	3.393	42	0.956	0.855	1.417	-52779.170		341.244	53	0.890	839113757966955245	839111719619040794	839111719614846489	195	
1	C26H38N4O6	[M - H2O + H]+	C26H37N4O5+	1.000	0.333	64.878	62.003	2.876	29	0.925	0.467	1.166	-37113.022		485.276	53	0.890	839113751629361825	839111719656789534	839111719656789533	196	
1	C29H48N6O10	[M - H2O + H]+	C29H47N6O9+	1.000	0.333	92.351	87.074	5.277	37	0.939	-0.098	0.612	-28892.483		623.341	53	0.891	839113865655712042	839111719698732578	839111719694538273	197	
1	C17H31N3O6	[M - H2O + H]+	C17H30N3O5+	1.000	0.333	66.871	61.510	5.362	20	0.925	0.229	1.035	-50560.594		356.218	53	0.891	839113866897226046	839111719736481318	839111719736481317	198	
1	C7H11N5O	[M - H2O + H]+	C7H10N5+	0.987	0.333	29.747	29.747	0.000	7	0.056	0.461	0.747	-109757.698		164.093	54	0.892	839113614337206460	839111719774230058	839111719774230057	199	
1	C19H20N2O5	[M - H2O + H]+	C19H19N2O4+	0.559	0.305	31.604	31.604	0.000	17	0.710	0.410	0.410	-53107.259		339.134	54	0.893	839113764421989156	839111719853921842	839111719853921841	201	
1	C22H40N4O7S	[M - H2O + H]+	C22H39N4O6S+	1.000	0.333	64.074	64.074	0.000	27	0.888	0.749	1.985	-36966.151		487.257	54	0.894	839113810097960198	839111719816173102	839111719811978797	200	
1	C14H18N2O4	[M - H2O + H]+	C14H17N2O3+	1.000	0.333	72.473	66.735	5.738	21	0.976	-0.381	0.752	-68972.815		261.124	54	0.895	839111930269581869	839111719895864886	839111719891670581	202	
1	C28H41N5O8	[M - H2O + H]+	C28H40N5O7+	0.678	0.333	50.813	50.813	0.000	29	0.757	0.052	0.291	-32259.724		558.292	54	0.896	839111989845481007	839111720013305410	839111720013305409	205	
1	C20H36N4O7	[M - H2O + H]+	C20H35N4O6+	1.000	0.333	152.318	146.647	5.671	42	0.938	-0.382	0.719	-42153.858		427.255	54	0.896	839113619529754893	839111719937807930	839111719933613625	203	
1	C6H8N2O2	[M - H2O + H]+	C6H7N2O+	1.000	0.329	43.638	41.046	2.592	7	0.934	5.222	5.222	-146359.788		123.055	54	0.897	839111921075666335	839111719975556670	839111719975556669	204	
1	C26H45N5O8	[M - H2O + H]+	C26H44N5O7+	0.673	0.324	55.943	55.943	0.000	34	0.789	0.450	0.478	-33455.759		538.324	54	0.898	839111941871027795	839111720092997194	839111720092997193	207	
1	C14H27N3O5	[M - H2O + H]+	C14H26N3O4+	1.000	0.333	148.560	145.059	3.501	47	0.907	0.282	2.719	-59996.871		300.192	54	0.898	839111964599963382	839111720055248454	839111720055248453	206	
1	C15H29N3O6	[M - H2O + H]+	C15H28N3O5+	1.000	0.333	143.239	137.390	5.849	40	0.936	0.753	1.075	-54544.335		330.202	54	0.900	839111925773287419	839111720134940238	839111720134940237	208	
1	C41H58N8O11	[M - H2O + H]+	C41H57N8O10+	1.000	0.333	115.248	108.338	6.910	50	0.936	0.150	0.511	-21925.105		821.420	54	0.905	839113808286020852	839111720176883282	839111720176883281	209	
1	C28H48N6O8	[M - H2O + H]+	C28H47N6O7+	1.000	0.333	65.019	58.785	6.234	21	0.920	0.073	0.682	-31086.793		579.350	54	0.908	839113709967339510	839111720218826326	839111720214632021	210	
1	C16H29N3O6	[M - H2O + H]+	C16H28N3O5+	1.000	0.333	109.491	105.871	3.620	31	0.916	0.197	0.761	-52631.414		342.202	55	0.909	839111925450325940	839111720256575066	839111720256575065	211	
1	C41H56N8O10	[M + H3N + H]+	C41H60N9O10+	1.000	0.333	107.136	100.028	7.108	43	0.682	-0.075	0.384	0.614		838.446	55	0.909	839111954558798623	839111720298518110	839111720298518109	212	
1	C21H36N4O7	[M - H2O + H]+	C21H35N4O6+	1.000	0.333	63.181	59.652	3.528	25	0.909	-0.238	0.978	-41002.234		439.255	55	0.912	839113898975263201	839111720336266850	839111720336266849	213	
1	C41H56N8O10	[M + Na]+	C41H56N8NaO10+	1.000	1.000	65.693	58.650	7.043	26	0.711	-0.087	0.383	0.426		843.402	55	0.914	839113916503259764	839111720378209894	839111720378209893	214	
1	C26H43N5O8	[M - H2O + H]+	C26H42N5O7+	1.000	0.323	46.063	42.440	3.624	16	0.854	0.659	0.886	-33581.518		536.308	55	0.916	839113824668972790	839111720415958634	839111720415958633	215	
1	C13H22N3O6	[M - H2O + H]+	C13H21N3O5+	0.219	0.191	143.482	141.354	2.128	40	0.951	4.555	4.555	-60201.404		299.149	55	0.916	839113838984132517	839111720453707374	839111720453707373	216	
1	C16H29N3O6S	[M - H2O + H]+	C16H28N3O5S+	0.952	0.000	107.382	105.185	2.197	42	0.827	0.269	1.360	-48140.132		374.172	55	0.918	839111944844789737	839111720495650418	839111720495650417	217	
1	C19H34N4O6	[M - H2O + H]+	C19H33N4O5+	0.986	0.333	63.595	63.595	0.000	29	0.791	0.817	0.817	-45338.304		397.245	55	0.921	839111950708427187	839111720613090942	839111720613090941	220	
1	C11H18N2O4	[M - H2O + H]+	C11H17N2O3+	1.000	0.333	132.069	128.649	3.420	22	0.497	-0.131	1.326	-80003.178		225.123	55	0.923	839111933247537886	839111720533399158	839111720533399157	218	
1	C11H20N2O5	[M - H2O + H]+	C11H19N2O4+	1.000	0.333	75.519	72.076	3.442	17	0.966	0.979	0.979	-74076.428		243.134	56	0.926	839111953761880789	839111720575342202	839111720571147897	219	
1	C9H9NO2	[M - H2O + H]+	C9H8NO+	1.000	0.333	49.078	45.703	3.374	10	0.472	3.348	3.348	-123309.171		146.060	56	0.933	839111951589231092	839111720655033986	839111720655033985	221	
1	C10H18N2O3	[M - H2O + H]+	C10H17N2O2+	1.000	0.333	131.546	128.246	3.300	36	0.915	1.655	1.655	-91364.137		197.129	56	0.935	839111937483785331	839111720692782726	839111720692782725	222	
1	C24H34N4O8	[M - H2O + H]+	C24H33N4O7+	1.000	0.333	113.424	109.935	3.488	43	0.938	-0.443	0.816	-36812.856		489.235	57	0.957	839111992529835698	839111720734725770	839111720730531465	223	
1	C10H11NO3	[M - H2O + H]+	C10H10NO2+	1.000	0.333	29.707	26.248	3.459	5	0.997	0.515	0.515	-102291.499		176.071	58	0.972	839111923768409827	839111720772474510	839111720772474509	224	
1	C10H6O	[M + H3N + H]+	C10H10NO+	0.963	0.333	97.629	94.178	3.451	18	0.637	1.408	1.408	0.185		160.076	59	0.977	839111942214960745	839111720852166294	839111720852166293	226	
1	C5H14N4O5S	[M - H2O + H]+	C5H13N4O4S+	1.000	0.003	33.830	33.830	0.000	11	0.826	3.715	3.715	-80020.032		225.066	59	0.980	839113820009100930	839111720931858078	839111720931858077	228	
1	C9H6FNO2	[M + H3N + H]+	C9H10FN2O2+	0.946	0.333	91.598	91.598	0.000	17	0.545	2.078	3.731	-4.984		197.071	59	0.980	839111938989540644	839111720889915034	839111720889915033	227	
1	C14H18N2O3	[M - H2O + H]+	C14H17N2O2+	1.000	0.333	124.383	120.726	3.657	40	0.929	1.110	1.110	-73474.267		245.128	59	0.982	839111943238371071	839111720973801122	839111720973801121	229	
1	C11H20N2O3	[M - H2O + H]+	C11H19N2O2+	1.000	0.333	98.625	95.160	3.465	24	0.984	1.885	1.885	-85300.149		211.144	59	0.983	839112039774479190	839111721011549862	839111721011549861	230	
1	C13H8N2O2	[M - H2O + H]+	C13H7N2O+	0.998	0.090	8.265	8.265	0.000	1	0.007	-0.264	0.673	-86983.744		207.055	59	0.983	839111924062011203	839111720810223250	839111720810223249	225	
1	C26H39F2N5O10	[M - H2O + H]+	C26H38F2N5O9+	1.000	0.000	32.054	26.997	5.057	19	0.893	1.526	1.526	-29902.054		602.265	60	1.003	839111949240420723	839111721053492906	839111721053492905	231	
1	C13H22N2O8	[M - H2O + H]+	C13H21N2O7+	1.000	0.333	69.765	63.753	6.012	14	0.895	0.296	2.545	-56791.954		317.134	60	1.008	839111926884778068	839111721095435950	839111721091241645	232	
1	C33H48N6O8	[M - H2O + H]+	C33H47N6O7+	1.000	0.315	64.097	64.097	0.000	33	0.906	-0.402	0.607	-28169.494		639.350	61	1.011	839113815852545472	839111721137378994	839111721137378993	233	
1	C29H39N5O7S	[M + Na]+	C29H39N5NaO7S+	0.662	0.889	74.220	74.220	0.000	33	0.761	0.156	0.268	0.504		624.247	62	1.029	839114041006980024	839111721170933430	839111721170933429	234	
1	C17H34N6O8	[M - H2O + H]+	C17H33N6O7+	0.583	0.321	74.491	74.491	0.000	36	0.705	0.117	0.171	-41567.800		433.242	62	1.037	839113905082169869	839111721368065738	839111721368065737	239	
1	C11H19N3O4S2	[M + H3N + H]+	C11H23N4O4S2+	1.000	0.333	203.880	203.880	0.000	40	0.580	0.242	0.312	2.275		339.116	62	1.040	839111944265975694	839111721250625214	839111721250625213	236	
1	C9H16N2O4	[M - H2O + H]+	C9H15N2O3+	1.000	0.333	135.464	132.289	3.175	32	0.957	2.164	2.608	-90456.051		199.108	63	1.043	839113678833020276	839111721212876474	839111721212876473	235	
1	C8H14N2O	[M - H2O + H]+	C8H13N2+	0.521	0.333	57.142	54.054	3.088	25	0.780	4.530	4.530	-131360.778		137.107	64	1.061	839111932341568192	839111721288373954	839111721288373953	237	
1	C9H14N2O	[M - H2O + H]+	C9H13N2+	0.874	0.333	97.444	97.444	0.000	19	0.412	3.023	3.023	-120789.004		149.107	64	1.066	839113729068200225	839111721326122694	839111721326122693	238	
1	C12H24O	[M + H3N + H]+	C12H28NO+	0.556	0.500	16.165	16.165	0.000	5	0.286	0.800	0.800	0.737		202.217	65	1.081	839111918563277960	839111721410008782	839111721405814477	240	
1	C10H16N2O4	[M - H2O + H]+	C10H15N2O3+	1.000	0.333	114.476	111.251	3.225	29	0.956	2.018	2.018	-85314.103		211.108	65	1.087	839111953489250965	839111721451951826	839111721451951825	241	
1	C10H19N3O4	[M - H2O + H]+	C10H18N3O3+	1.000	0.333	92.181	89.063	3.118	23	0.882	2.044	2.044	-78947.487		228.134	65	1.088	839111939408971110	839111721493894870	839111721489700565	242	
1	C11H19N3O4S2	[M + H3N + H]+	C11H23N4O4S2+	0.996	0.333	207.942	207.942	0.000	39	0.567	0.103	0.305	2.348		339.116	66	1.098	839111957511588988	839111721695221482	839111721695221481	247	
1	C20H36N4O6	[M - H2O + H]+	C20H35N4O5+	1.000	0.333	119.703	113.202	6.501	32	0.916	-0.447	0.902	-43793.389		411.260	66	1.104	839111948753881389	839111721540032218	839111721535837913	243	
1	C19H33N3O8S	[M - H2O + H]+	C19H32N3O7S+	1.000	0.333	79.173	79.173	0.000	29	0.929	-0.393	0.578	-40364.542		446.196	67	1.110	839111999358163242	839111721619724002	839111721615529697	245	
1	C14H18N2O4	[M - H2O + H]+	C14H17N2O3+	1.000	0.324	94.340	90.641	3.699	30	0.943	-0.000	0.556	-68972.692		261.124	67	1.118	839111963048070809	839111721577780958	839111721577780957	244	
1	C7H13NO4	[M - H2O + H]+	C7H12NO3+	1.000	0.333	84.326	84.326	0.000	19	0.820	5.473	5.473	-113931.960		158.081	69	1.146	839111928805769562	839111721657472742	839111721653278437	246	
1	C8H14N2O4	[M - H2O + H]+	C8H13N2O3+	1.000	0.333	77.683	74.539	3.145	16	0.975	0.853	0.853	-97305.673		185.092	71	1.180	839111938951791891	839111721812662006	839111721812662005	250	
1	C29H48N6O10	[M - H2O + H]+	C29H47N6O9+	1.000	0.332	47.547	43.866	3.681	24	0.985	0.209	1.076	-28892.582		623.341	71	1.181	839111956953746487	839111721854605050	839111721854605049	251	
1	C15H29N3O6	[M - H2O + H]+	C15H28N3O5+	1.000	0.333	154.763	151.387	3.376	42	0.945	0.535	1.107	-54544.558		330.202	71	1.182	839111933994124139	839111721896548094	839111721896548093	252	
1	C10H14N2O4	[M - H2O + H]+	C10H13N2O3+	1.000	0.333	124.372	124.372	0.000	21	0.674	0.272	0.331	-86136.168		209.092	71	1.191	839111995667175471	839111721770718962	839111721770718961	249	
1	C10H16N2O5	[M - H2O + H]+	C10H15N2O4+	1.000	0.333	172.229	172.229	0.000	26	0.661	0.141	0.186	-79305.522		227.103	72	1.192	839111956769197069	839111721737164526	839111721732970221	248	
1	C9H9NO2	[M - H2O + H]+	C9H8NO+	1.000	0.333	43.452	40.193	3.259	9	0.428	2.511	2.511	-123309.171		146.060	73	1.213	839111927400677527	839111721938491138	839111721938491137	253	
1	C8H14N2O4	[M - H2O + H]+	C8H13N2O3+	1.000	0.333	128.533	128.533	0.000	19	0.499	0.086	0.280	-97305.762		185.092	73	1.223	839111947503978671	839111722152400662	839111722152400661	258	
1	C10H20N2O4	[M - H2O + H]+	C10H19N2O3+	1.000	0.333	95.901	92.587	3.314	23	0.965	1.976	1.976	-83715.479		215.139	74	1.232	839111927782359255	839111721984628486	839111721984628485	254	
1	C10H23NO	[M + H]+	C10H24NO+	0.925	0.500	39.563	39.563	0.000	11	0.036	1.537	1.537	0.196		174.185	76	1.264	839111939346056545	839111722030765834	839111722030765833	255	
1	C16H29N3O6	[M - H2O + H]+	C16H28N3O5+	1.000	0.333	139.687	136.618	3.069	37	0.890	-0.202	0.754	-52631.599		342.202	76	1.267	839111957075381326	839111722072708878	839111722072708877	256	
1	C20H36N4O7	[M - H2O + H]+	C20H35N4O6+	1.000	0.333	151.866	148.519	3.347	43	0.941	-0.359	0.656	-42153.907		427.255	76	1.270	839111937936770240	839111722118846226	839111722114651921	257	
1	C8H12N2O	[M - H2O + H]+	C8H11N2+	0.994	0.333	91.116	91.116	0.000	20	0.673	4.365	4.365	-133320.508		135.092	77	1.289	839111939757098383	839111722227898142	839111722227898141	260	
1	C11H18N2O4	[M - H2O + H]+	C11H17N2O3+	1.000	0.333	104.436	104.436	0.000	29	0.789	0.459	0.488	-80002.459		225.124	77	1.291	839111933838934849	839111722265646882	839111722265646881	261	
1	C11H21N3O4	[M - H2O + H]+	C11H20N3O3+	1.000	0.333	120.878	120.878	0.000	32	0.748	0.493	0.493	-74376.426		242.150	78	1.301	839111938456863962	839111722341144362	839111722341144361	263	
1	C6H11NO3	[M - H2O + H]+	C6H10NO2+	1.000	0.333	53.815	53.815	0.000	5	0.970	9.833	9.833	-140628.762		128.071	79	1.325	839111933750854438	839111722378893102	839111722378893101	264	
1	C4H10BF2N5O2	[M + H3N + H]+	C4H14BF2N6O2+	1.000	0.333	103.200	103.200	0.000	29	0.448	1.442	1.633	-0.944		226.127	80	1.326	839111930131169813	839111722190149402	839111722190149401	259	
1	C10H19N3O4	[M - H2O + H]+	C10H18N3O3+	0.999	0.333	204.894	204.894	0.000	32	0.638	0.241	0.312	-78947.652		228.134	80	1.332	839111956832111651	839111722676688718	839111722676688717	272	
1	C21H36N4O7	[M - H2O + H]+	C21H35N4O6+	1.000	0.333	87.960	84.557	3.403	34	0.932	0.093	0.742	-41002.211		439.255	80	1.333	839111943485835056	839111722492139322	839111722492139321	267	
1	C41H56N8O10	[M + H3N + H]+	C41H60N9O10+	1.000	0.333	110.909	104.014	6.895	42	0.669	-0.271	0.473	0.506		838.446	80	1.336	839111966390931418	839111722567636802	839111722567636801	269	
1	C8H13NO5	[M - H2O + H]+	C8H12NO4+	0.995	0.333	139.006	139.006	0.000	21	0.192	2.178	2.178	-96791.248		186.076	81	1.348	839111934992368559	839111722638939978	839111722638939977	271	
1	C4H10BF2N5O2	[M + H3N + H]+	C4H14BF2N6O2+	0.999	0.333	103.139	103.139	0.000	29	0.449	1.442	1.633	-0.944		226.127	81	1.348	839111933587276556	839111722827683678	839111722827683677	276	
1	C11H14O7	[M + H3N + H]+	C11H18NO7+	0.535	0.333	98.767	92.852	5.915	22	0.938	2.827	2.827	0.078		276.108	81	1.350	839112003015596666	839111722752186198	839111722747991893	274	
1	C10H18N2O4S	[M - H2O + H]+	C10H17N2O3S+	0.960	0.333	136.086	136.086	0.000	28	0.483	0.198	0.294	-73484.737		245.095	81	1.351	839111938893071616	839111722416641842	839111722416641841	265	
1	C9H14N2O3	[M - H2O + H]+	C9H13N2O2+	1.000	0.333	90.017	90.017	0.000	18	0.595	0.965	0.965	-99452.373		181.097	81	1.352	839111928398922009	839111722303395622	839111722303395621	262	
1	C7H9NO3	[M - H2O + H]+	C7H8NO2+	1.000	0.333	95.861	95.861	0.000	16	0.150	5.251	5.251	-130459.140		138.055	81	1.353	839111957993933991	839111722714437458	839111722714437457	273	
1	C8H12FN5O3	[M + H]+	C8H13FN5O3+	0.333	0.333	44.343	44.343	0.000	15	0.241	1.401	1.460	-4.892		246.098	81	1.355	839111955506711471	839111722450196278	839111722450196277	266	
1	C10H14N2O4	[M - H2O + H]+	C10H13N2O3+	1.000	0.333	59.432	56.108	3.324	8	0.984	0.853	0.853	-86136.220		209.092	82	1.360	839111930361856598	839111722865432418	839111722865432417	277	
1	C10H16N2O5	[M - H2O + H]+	C10H15N2O4+	1.000	0.333	95.289	92.022	3.268	14	0.937	0.159	0.696	-79305.759		227.103	82	1.364	839111968345477300	839111722903181158	839111722903181157	278	
1	C7H17ClNO2Si	[M + H3N + H]+	C7H21ClN2O2Si+	0.945	0.483	61.893	61.893	0.000	19	0.154	1.242	2.177	2.220		228.106	82	1.366	839111961349377504	839111722605385542	839111722601191237	270	
1	C10H18N2O3	[M - H2O + H]+	C10H17N2O2+	0.996	0.333	125.596	125.596	0.000	37	0.727	1.005	1.005	-91364.026		197.129	82	1.373	839111940889560551	839111722525693758	839111722525693757	268	
1	C11H18N2O4	[M - H2O + H]+	C11H17N2O3+	1.000	0.333	85.519	85.519	0.000	27	0.759	0.525	0.555	-80002.507		225.123	83	1.381	839111941128635890	839111722789934938	839111722785740633	275	
1	C21H34N4O9	[M - H2O + H]+	C21H33N4O8+	1.000	0.329	118.644	114.803	3.841	35	0.847	-0.274	0.720	-38382.562		469.230	83	1.384	839111972099379681	839111723012233070	839111723008038765	280	
1	C5H8N2O3	[M - H2O + H]+	C5H7N2O2+	1.000	0.333	69.695	69.695	0.000	12	0.208	6.696	6.696	-141758.118		127.050	83	1.385	839111931628536480	839111722961901418	839111722961901417	279	
1	C26H43N5O8	[M - H2O + H]+	C26H42N5O7+	1.000	0.321	49.676	46.105	3.571	14	0.795	-0.111	0.765	-33581.537		536.308	84	1.398	839111979741402009	839111723049981810	839111723049981809	281	
1	C10H18N2O4S	[M - H2O + H]+	C10H17N2O3S+	1.000	0.332	53.107	48.278	4.829	8	0.964	-0.382	0.853	-73484.846		245.095	84	1.401	839111955468962713	839111723096119158	839111723096119157	282	
1	C9H13N5O2	[M + Na]+	C9H13N5NaO2+	1.000	1.000	43.233	43.233	0.000	10	0.956	-0.288	4.599	9.690		246.099	84	1.404	839111960523099525	839111723138062202	839111723133867897	283	
1	C9H16N2O4	[M - H2O + H]+	C9H15N2O3+	1.000	0.333	199.850	196.819	3.031	47	0.984	2.596	2.596	-90456.051		199.108	84	1.406	839111948468668676	839111723221948290	839111723217753985	285	
1	C9H14N2O3	[M - H2O + H]+	C9H13N2O2+	1.000	0.333	80.128	76.883	3.245	13	0.721	2.905	2.905	-99452.403		181.097	85	1.410	839111935407604735	839111723175810942	839111723175810941	284	
1	C22H38N4O8	[M - H2O + H]+	C22H37N4O7+	1.000	0.333	117.551	117.551	0.000	37	0.936	-0.133	1.577	-38380.063		469.266	86	1.439	839111956664339445	839111723259697030	839111723259697029	286	
1	C22H38N4O9	[M - H2O + H]+	C22H37N4O8+	1.000	0.333	54.342	48.081	6.262	14	0.845	0.376	0.706	-37114.817		485.261	87	1.450	839111943896876917	839111723301640074	839111723301640073	287	
1	C26H45N5O10	[M - H2O + H]+	C26H44N5O9+	1.000	0.333	67.072	63.976	3.096	24	0.840	0.006	0.706	-31579.478		570.314	87	1.453	839112025031499716	839111723351971726	839111723347777421	288	
1	C11H23NO4Si	[M - H2O + H]+	C11H22NO3Si+	0.563	0.000	110.653	110.653	0.000	19	0.644	6.514	6.514	-73768.592		244.137	87	1.454	839111947143268512	839111723389720466	839111723385526161	289	
1	C15H27N3O6	[M - H2O + H]+	C15H26N3O5+	1.000	0.333	104.222	100.578	3.644	33	0.908	-0.122	0.671	-54879.430		328.187	87	1.455	839111944265975715	839111723431663510	839111723431663509	290	
1	C10H18N2O3	[M - H2O + H]+	C10H17N2O2+	1.000	0.333	150.368	147.140	3.228	39	0.959	1.936	2.151	-91364.192		197.129	87	1.455	839111958547582177	839111723523938206	839111723523938205	292	
1	C11H18N2O4	[M - H2O + H]+	C11H17N2O3+	1.000	0.333	139.935	139.935	0.000	21	0.684	-0.215	0.753	-80002.507		225.123	87	1.458	839111935399216104	839111723481995162	839111723481995161	291	
1	C11H20N2O5	[M - H2O + H]+	C11H19N2O4+	1.000	0.333	83.260	77.846	5.414	17	0.912	0.079	0.737	-74075.633		243.134	88	1.459	839111932551283398	839111723561686946	839111723561686945	293	
1	C11H21N3O4	[M - H2O + H]+	C11H20N3O3+	1.000	0.333	129.191	129.191	0.000	37	0.715	0.168	0.362	-74376.005		242.150	88	1.469	839111943020267199	839111723599435686	839111723599435685	294	
1	C9H17NO5	[M + H]+	C9H18NO5+	1.000	0.333	155.884	152.631	3.253	32	0.946	4.287	4.287	0.413		220.118	89	1.478	839111975077335712	839111723716876210	839111723716876209	297	
1	C7H17N5O2	[M + Na]+	C7H17N5NaO2+	1.000	1.000	75.823	75.823	0.000	17	0.135	0.085	2.711	-3.761		226.127	89	1.480	839111936141608004	839111723641378730	839111723641378729	295	
1	C9H17N3O4	[M - H2O + H]+	C9H16N3O3+	1.000	0.333	138.586	138.586	0.000	38	0.946	3.656	3.656	-84114.680		214.119	89	1.484	839111942638585515	839111723679127470	839111723679127469	296	
1	C6H13O3S	[M + H3N + H]+	C6H17NO3S+	0.996	0.500	63.119	63.119	0.000	11	0.709	6.129	6.129	-3.473		183.092	90	1.494	839111939618686328	839111723754624950	839111723754624949	298	
1	C24H40N4O12	[M - H2O + H]+	C24H39N4O11+	0.984	0.000	52.010	48.123	3.886	14	0.861	0.289	1.454	-32203.713		559.261	90	1.499	839111952436480522	839111723792373690	839111723792373689	299	
1	C13H22N2O8	[M - H2O + H]+	C13H21N2O7+	1.000	0.333	73.619	67.538	6.081	14	0.875	1.802	1.802	-56791.788		317.134	91	1.521	839111935684428824	839111723955951562	839111723955951561	303	
1	C5H11NO5	[M - H2O + H]+	C5H10NO4+	1.000	0.333	58.883	58.883	0.000	5	0.974	5.024	5.024	-121643.365		148.060	91	1.521	839111939165701440	839111723918202822	839111723918202821	302	
1	C6H7NO3S	[M + H3N + H]+	C6H11N2O3S+	0.750	0.333	26.514	26.514	0.000	5	0.044	3.581	3.581	0.080		191.049	91	1.521	839111937748026518	839111723880454082	839111723880454081	301	
1	C9H17N3O4	[M - H2O + H]+	C9H16N3O3+	0.997	0.333	121.123	121.123	0.000	20	0.488	0.261	0.342	-84114.705		214.119	91	1.522	839111933939598171	839111724203415522	839111724203415521	309	
1	C19H32N4O8	[M - H2O + H]+	C19H31N4O7+	1.000	0.333	116.719	113.174	3.544	44	0.961	0.207	0.652	-42156.874		427.219	92	1.528	839111952843328069	839111723993700302	839111723993700301	304	
1	C11H17N5O4S	[M - H2O + H]+	C11H16N5O3S+	0.701	0.333	30.445	25.993	4.452	11	0.990	1.565	1.623	-60418.563		298.097	93	1.547	839112005079194349	839111724081780694	839111724081780693	306	
1	C5H8N2O3	[M - H2O + H]+	C5H7N2O2+	1.000	0.333	79.087	79.087	0.000	12	0.793	6.289	6.289	-141758.118		127.050	93	1.549	839111970060947749	839111724165666782	839111724165666781	308	
1	C9H9NO3	[M + H3N + H]+	C9H13N2O3+	0.812	0.333	177.709	177.709	0.000	25	0.408	0.862	0.862	0.844		197.092	93	1.551	839111962406342244	839111723825928126	839111723825928125	300	
1	C9H9NO3	[M + H3N + H]+	C9H13N2O3+	0.999	0.333	137.896	137.896	0.000	21	0.342	1.120	1.120	0.793		197.092	93	1.551	839111946266658928	839111724241164262	839111724241164261	310	
1	C26H39F2N5O10	[M - H2O + H]+	C26H38F2N5O9+	1.000	0.000	32.308	26.606	5.702	21	0.917	1.436	1.436	-29902.123		602.265	93	1.555	839111954332306164	839111724127918042	839111724127918041	307	
1	C5H14N2OSi	[M + Na]+	C5H14N2NaOSi+	0.922	0.999	45.926	44.575	1.351	14	0.200	5.624	5.624	-4.142		169.076	95	1.578	839111945482323983	839111724283107306	839111724283107305	311	
1	C10H14N2O4	[M - H2O + H]+	C10H13N2O3+	1.000	0.333	65.643	62.429	3.214	14	0.976	0.837	0.837	-86136.168		209.092	96	1.593	839111946082109501	839111724333438958	839111724329244653	312	
1	C10H9NO3	[M - H2O + H]+	C10H8NO2+	1.000	0.333	59.432	56.031	3.401	11	0.538	0.476	0.717	-103475.962		174.055	97	1.610	839111948900682069	839111724371187698	839111724366993393	313	
1	C33H48N6O8	[M - H2O + H]+	C33H47N6O7+	1.000	0.333	77.310	70.671	6.639	35	0.896	-0.206	0.497	-28169.751		639.350	97	1.611	839111973974233665	839111724413130742	839111724413130741	314	
1	C8H14N2O4	[M - H2O + H]+	C8H13N2O3+	1.000	0.333	155.577	152.602	2.975	33	0.954	2.265	2.265	-97305.792		185.092	97	1.616	839111943074793170	839111724455073786	839111724455073785	315	
1	C13H24N2O7	[M - H2O + H]+	C13H23N2O6+	0.773	0.333	96.145	96.145	0.000	35	0.732	0.254	0.437	-59410.641		303.155	97	1.617	839111953669606082	839111724048226258	839111724044031953	305	
1	C10H17N3O4	[M - H2O + H]+	C10H16N3O3+	1.000	0.333	61.024	58.141	2.883	16	0.838	0.933	0.933	-79649.945		226.119	97	1.622	839111948430919918	839111724492822526	839111724492822525	316	
1	C16H27N3O6	[M - H2O + H]+	C16H26N3O5+	1.000	0.333	74.830	71.727	3.103	17	0.896	-0.144	0.798	-52943.293		340.187	98	1.635	839111976771834624	839111724530571266	839111724526376961	317	
1	C13H24N2O7	[M - H2O + H]+	C13H23N2O6+	0.792	0.333	91.668	91.668	0.000	35	0.726	0.215	0.326	-59410.676		303.155	98	1.638	839111967598891063	839111724568320006	839111724568320005	318	
1	C26H43N5O10	[M - H2O + H]+	C26H42N5O9+	1.000	0.333	53.008	49.721	3.287	15	0.864	-0.259	0.880	-31691.430		568.298	100	1.671	839111957293485160	839111724606068746	839111724606068745	319	
1	C21H36N4O9	[M - H2O + H]+	C21H35N4O8+	1.000	0.333	83.620	79.851	3.769	25	0.836	-0.290	0.595	-38218.742		471.245	100	1.672	839111965208137553	839111724648011790	839111724648011789	320	
1	C8H12N2O4S	[M - H2O + H]+	C8H11N2O3S+	0.844	0.333	27.900	27.900	0.000	7	0.062	0.721	0.721	-83751.253		215.048	102	1.699	839111938800796909	839111724685760530	839111724685760529	321	
1	C20H33N3O8S	[M - H2O + H]+	C20H32N3O7S+	1.000	0.333	63.394	63.394	0.000	23	0.872	1.467	1.544	-39306.909		458.196	102	1.705	839112044094612643	839111724731897878	839111724731897877	322	
1	C9H12N2O4	[M - H2O + H]+	C9H11N2O3+	1.000	0.333	39.966	36.734	3.232	9	0.986	1.076	1.076	-92325.065		195.077	102	1.707	839111952667167278	839111724773840922	839111724773840921	323	
1	C9H15N3O4	[M - H2O + H]+	C9H14N3O3+	1.000	0.333	68.131	64.966	3.165	11	0.939	2.674	2.674	-84913.830		212.103	102	1.708	839111940793091536	839111724815783966	839111724815783965	324	
1	C20H34N4O9	[M - H2O + H]+	C20H33N4O8+	1.000	0.333	85.430	78.960	6.471	16	0.859	-0.199	3.667	-39390.141		457.230	103	1.716	839111946128246871	839111724899670054	839111724895475749	326	
1	C10H18N2O5	[M - H2O + H]+	C10H17N2O4+	1.000	0.333	89.002	83.531	5.471	15	0.956	0.871	1.001	-78607.979		229.118	103	1.716	839111960007200092	839111724857727010	839111724857727009	325	
1	C9H16N2O3	[M - H2O + H]+	C9H15N2O2+	1.000	0.333	100.529	97.371	3.158	25	0.965	4.232	4.232	-98357.662		183.113	103	1.717	839111959294168348	839111724933224490	839111724933224489	327	
1	C24H41N5O10	[M - H2O + H]+	C24H40N5O9+	0.787	0.328	76.207	74.779	1.428	23	0.755	-0.189	0.763	-33211.882		542.282	105	1.749	839111968215453849	839111724975167534	839111724975167533	328	
1	C14H25N3O6	[M - H2O + H]+	C14H24N3O5+	1.000	0.333	122.366	118.987	3.378	33	0.869	-0.080	0.566	-57327.417		314.171	107	1.780	839111943234176743	839111725054859318	839111725054859317	330	
1	C33H37N3O8	[M - H2O + H]+	C33H36N3O7+	0.626	0.280	30.107	30.107	0.000	14	0.803	0.501	2.192	-30721.882		586.255	107	1.780	839111979259057007	839111725096802362	839111725096802361	331	
1	C20H32N6O9	[M + H3N + H]+	C20H36N7O9+	1.000	0.325	164.487	164.487	0.000	46	0.553	0.103	0.692	3.401		518.259	107	1.782	839112086079597905	839111725134551102	839111725134551101	332	
1	C20H32N6O9	[M + H3N + H]+	C20H36N7O9+	1.000	0.323	167.652	167.652	0.000	44	0.557	0.077	0.376	3.440		518.259	108	1.793	839112102038925715	839111725012916274	839111725012916273	329	
1	C9H18N2O5Si	[M - H2O + H]+	C9H17N2O4Si+	1.000	0.333	50.482	47.277	3.205	17	0.966	0.904	1.293	-73483.076		245.095	109	1.816	839111958459501752	839111725180688450	839111725180688449	333	
1	C24H34N4O9	[M - H2O + H]+	C24H33N4O8+	1.000	0.333	85.151	81.440	3.711	22	0.807	-0.336	0.593	-35648.812		505.229	109	1.822	839111977849770796	839111725218437190	839111725218437189	334	
1	C15H25N3O6S	[M - H2O + H]+	C15H24N3O5S+	1.000	0.333	80.444	75.787	4.658	13	0.956	1.344	1.344	-50288.819		358.143	110	1.832	839111954835622719	839111725256185930	839111725256185929	335	
1	C6H9N5O	[M - H2O + H]+	C6H8N5+	0.694	0.333	17.377	17.377	0.000	4	0.013	1.815	1.815	-120008.203		150.077	110	1.833	839111968454529229	839111725302323278	839111725302323277	336	
1	C23H39N5O8	[M - H2O + H]+	C23H38N5O7+	1.000	0.333	74.595	66.662	7.933	27	0.874	-0.121	0.921	-36290.645		496.277	110	1.839	839111951169800666	839111725377820758	839111725377820757	338	
1	C15H20ClN3O4	[M + H3N + H]+	C15H24ClN4O4+	0.964	0.000	188.095	188.095	0.000	35	0.689	0.348	0.499	-4.286		359.147	110	1.839	839111988784322005	839111725335877714	839111725335877713	337	
1	C30H48N6O11S2	[M - H2O + H]+	C30H47N6O10S2+	0.455	0.000	47.964	47.964	0.000	12	0.988	1.765	1.765	-25178.917		715.280	111	1.848	839111953237592690	839111725415569498	839111725415569497	339	
1	C42H54N12O9	[M - H2O + H]+	C42H53N12O8+	0.504	0.333	53.270	47.874	5.396	21	0.882	-0.544	1.141	-21101.130		853.413	112	1.859	839111956513344453	839111725457512542	839111725457512541	340	
1	C47H72N14O11	[M - H2O + H]+	C47H71N14O10+	0.999	0.328	64.338	58.161	6.177	27	0.924	-0.380	0.666	-18164.945		991.546	112	1.862	839111975232524985	839111725499455586	839111725499455585	341	
1	C10H19NO5	[M + H]+	C10H20NO5+	1.000	0.333	137.651	134.238	3.413	30	0.963	2.126	2.126	-0.210		234.134	113	1.883	839111962142101027	839111725541398630	839111725537204325	342	
1	C14H18N2O5	[M - H2O + H]+	C14H17N2O4+	1.000	0.284	66.128	62.376	3.752	14	0.761	0.009	0.801	-64992.196		277.118	113	1.889	839111954957257563	839111725574953066	839111725574953065	343	
1	C8H11NO	[M - H2O + H]+	C8H10N+	0.987	0.333	42.174	42.174	0.000	15	0.784	5.400	5.400	-149985.649		120.081	115	1.911	839111940046505413	839111725612701806	839111725612701805	344	
1	C8H11NO	[M - H2O + H]+	C8H10N+	1.000	0.333	60.674	60.674	0.000	13	0.802	5.384	5.384	-149985.697		120.081	115	1.920	839111941644535352	839111726191515818	839111726191515817	359	
1	C10H16N2O3	[M - H2O + H]+	C10H15N2O2+	1.000	0.333	68.919	68.919	0.000	11	0.957	1.076	1.182	-92308.550		195.113	115	1.924	839111990638204501	839111725646256242	839111725646256241	345	
1	C8H14N2O2	[M - H2O + H]+	C8H13N2O+	1.000	0.333	56.019	52.940	3.078	18	0.909	2.479	2.479	-117637.423		153.102	116	1.926	839111941669701185	839111725759502462	839111725759502461	348	
1	C8H12N2O	[M - H2O + H]+	C8H11N2+	0.998	0.333	98.219	98.219	0.000	20	0.463	3.938	3.938	-133320.634		135.092	116	1.926	839111962930630269	839111725717559418	839111725717559417	347	
1	C8H19NO3	[M - H2O + H]+	C8H18NO2+	0.999	0.333	49.515	46.261	3.254	6	0.866	9.822	9.822	-112472.290		160.133	116	1.926	839111960690871706	839111725684004982	839111725684004981	346	
1	C11H11FN2O2	[M + H3N + H]+	C11H15FN3O2+	0.912	0.330	75.098	74.646	0.452	21	0.690	-0.461	1.100	-4.837		240.113	116	1.931	839112090735275618	839111725809834114	839111725805639809	349	
1	C33H57N7O9	[M - H2O + H]+	C33H56N7O8+	1.000	0.332	73.420	66.824	6.596	28	0.840	-0.536	0.812	-26547.124		678.419	116	1.932	839111956567870429	839111725851777158	839111725851777157	350	
1	C39H52N6O10	[M - H2O + H]+	C39H51N6O9+	1.000	0.333	61.218	51.965	9.252	22	0.936	-0.364	0.729	-24097.804		747.372	116	1.938	839111969003983096	839111725902108810	839111725902108809	351	
1	C15H25N3O6	[M - H2O + H]+	C15H24N3O5+	1.000	0.333	68.791	65.338	3.452	16	0.877	-0.363	1.001	-55218.571		326.171	116	1.941	839111968110596224	839111725939857550	839111725939857549	352	
1	C14H16N2O4	[M - H2O + H]+	C14H15N2O3+	1.000	0.332	57.373	53.727	3.646	15	0.960	0.502	0.903	-69509.491		259.108	117	1.944	839111963463306945	839111725977606290	839111725977606289	353	
1	C8H14N2O3	[M - H2O + H]+	C8H13N2O2+	0.999	0.333	61.417	61.417	0.000	11	0.492	0.591	0.591	-106510.087		169.097	117	1.945	839111953334061706	839111726053103770	839111726048909465	355	
1	C14H19N3O4	[M - H2O + H]+	C14H18N3O3+	1.000	0.305	57.419	51.696	5.723	14	0.950	0.068	0.776	-65223.622		276.134	117	1.951	839111962091769361	839111726120212642	839111726120212641	357	
1	C9H19BN2O5S	[M - H2O + H]+	C9H18BN2O4S+	0.611	0.036	104.720	104.720	0.000	29	0.402	0.108	0.317	-69241.570		260.111	117	1.957	839111982161515558	839111726157961382	839111726157961381	358	
1	C18H27N3O6	[M + H3N + H]+	C18H31N4O6+	0.719	0.333	91.549	91.549	0.000	37	0.741	0.408	0.442	0.373		399.224	118	1.959	839111964604157706	839111726011160726	839111726011160725	354	
1	C12H20F2N2O4	[M - H2O + H]+	C12H19F2N2O3+	0.951	0.333	136.493	136.493	0.000	29	0.315	0.409	0.432	-64983.708		277.137	118	1.962	839111984938144957	839111726086658206	839111726086658205	356	
1	C36H44N4O7	[M - H2O + H]+	C36H43N4O6+	1.000	0.318	89.266	89.266	0.000	35	0.752	-1.134	1.666	-28711.701		627.317	119	1.981	839112104731669003	839111726229264558	839111726229264557	360	
1	C11H21N5O5S	[M - H2O + H]+	C11H20N5O4S+	0.920	0.303	42.854	42.854	0.000	19	0.838	1.538	1.917	-56613.333		318.124	120	1.999	839112110326870782	839111726267013298	839111726267013297	361	
1	C41H62N10O10	[M + Na]+	C41H62N10NaO10+	0.484	0.324	79.117	79.117	0.000	37	0.947	-0.512	1.096	2.987		877.457	121	2.010	839112169164570303	839111726300567734	839111726300567733	362	
1	C12H12N2O2	[M - H2O + H]+	C12H11N2O+	1.000	0.333	86.714	86.714	0.000	31	0.816	3.099	3.099	-90465.983		199.087	122	2.028	839112105960600098	839111726338316474	839111726338316473	363	
1	C28H30N2O7	[M - H2O + H]+	C28H29N2O6+	0.984	0.000	85.364	85.364	0.000	26	0.755	-0.523	1.270	-36816.832		489.202	122	2.033	839112017355922945	839111726376065214	839111726376065213	364	
1	C19H25N3O6	[M - H2O + H]+	C19H24N3O5+	1.000	0.333	85.046	81.714	3.333	21	0.894	0.870	1.112	-48134.820		374.171	122	2.039	839111959935896908	839111726413813954	839111726413813953	365	
1	C10H18N2O5S	[M - H2O + H]+	C10H17N2O4S+	1.000	0.333	100.854	96.121	4.733	25	0.937	0.228	1.164	-68982.460		261.090	122	2.041	839111945981446182	839111726489311434	839111726489311433	367	
1	C9H14N2O5	[M - H2O + H]+	C9H13N2O4+	1.000	0.333	219.355	219.355	0.000	36	0.489	0.637	0.965	-84522.142		213.087	122	2.041	839111964608352033	839111726451562694	839111726451562693	366	
1	C28H30N2O7S	[M - H2O + H]+	C28H29N2O6S+	0.828	0.323	62.063	62.063	0.000	21	0.810	-0.587	0.903	-34558.398		521.174	123	2.045	839111994178197315	839111726527060174	839111726527060173	368	
1	C13H15N2O5	[M - H2O + H]+	C13H14N2O4+	0.824	0.333	96.298	96.298	0.000	23	0.303	0.110	0.255	-68722.531		262.094	123	2.048	839111968471306453	839111726564808914	839111726564808913	369	
1	C9H12N2O4	[M - H2O + H]+	C9H11N2O3+	1.000	0.333	71.677	68.475	3.202	11	0.945	0.474	1.185	-92325.625		195.076	123	2.051	839111943456474903	839111726602557654	839111726602557653	370	
1	C9H15N3O4	[M - H2O + H]+	C9H14N3O3+	1.000	0.333	87.717	84.569	3.148	11	0.966	0.166	1.143	-84914.444		212.103	123	2.056	839111948032460994	839111726640306394	839111726640306393	371	
1	C10H17N3O4	[M - H2O + H]+	C10H16N3O3+	1.000	0.333	67.805	67.805	0.000	14	0.901	0.213	1.103	-79651.473		226.119	124	2.059	839112020270964331	839111726678055134	839111726678055133	372	
1	C13H23N3O6	[M - H2O + H]+	C13H22N3O5+	1.000	0.333	126.039	123.108	2.931	32	0.923	0.689	1.218	-60004.795		300.155	124	2.062	839111962003688951	839111726719998178	839111726719998177	373	
1	C48H73N9O13	[M - H2O + H]+	C48H72N9O12+	0.999	0.282	51.726	44.499	7.227	24	0.957	-0.723	0.926	-18634.332		966.529	124	2.064	839111988390057378	839111726757746918	839111726757746917	374	
1	C30H37FN6O6	[M + K]+	C30H37FKN6O6+	0.866	0.671	62.624	59.231	3.393	28	0.902	-0.984	1.240	-1.589		635.238	124	2.067	839112037652161129	839111726795495658	839111726795495657	375	
1	C11H14N2O4	[M - H2O + H]+	C11H13N2O3+	1.000	0.333	80.550	77.114	3.436	18	0.985	-0.800	1.215	-81462.754		221.092	126	2.097	839111966348988357	839111726833244398	839111726833244397	376	
1	C6H11NO4	[M - H2O + H]+	C6H10NO3+	1.000	0.333	73.969	73.969	0.000	13	0.219	6.399	6.399	-125017.730		144.065	126	2.101	839111970685899175	839111726887770354	839111726887770353	377	
1	C9H18O3	[M + H3N + H]+	C9H22NO3+	1.000	0.500	119.623	116.349	3.275	23	0.844	3.403	3.403	-0.520		192.159	127	2.123	839112106480693885	839111726929713398	839111726929713397	378	
1	C15H27N3O7	[M - H2O + H]+	C15H26N3O6+	1.000	0.333	225.443	222.305	3.138	52	0.976	-1.371	1.750	-52329.620		344.181	128	2.132	839111987584750931	839111726963267834	839111726963267833	379	
1	C16H29N3O4	[M - H2O + H]+	C16H28N3O3+	1.000	0.333	112.271	108.919	3.352	40	0.886	-1.422	1.770	-58060.016		310.212	129	2.143	839111970451018085	839111727005210878	839111727005210877	380	
1	C8H16N2O4S	[M - H2O + H]+	C8H15N2O3S+	1.000	0.333	67.578	66.070	1.508	11	0.978	0.255	1.802	-82210.760		219.080	129	2.151	839111955217304436	839111727089096966	839111727089096965	382	
1	C6H2O3	[M + H3N + H]+	C6H6NO3+	0.982	0.333	74.130	74.130	0.000	9	0.004	4.234	4.234	-1.639		140.034	129	2.151	839111970639761808	839111727042959618	839111727042959617	381	
1	C7H12N2O3	[M - H2O + H]+	C7H11N2O2+	1.000	0.333	103.891	101.045	2.847	27	0.911	5.080	5.080	-116137.160		155.081	129	2.152	839111950125418910	839111727126845706	839111727126845705	383	
1	C32H55N7O10	[M - H2O + H]+	C32H54N7O9+	0.709	0.000	63.892	57.557	6.335	37	0.887	-1.349	1.423	-26470.871		680.398	129	2.154	839112037727658629	839111727172983054	839111727172983053	384	
1	C30H48N6O9	[M + H]+	C30H49N6O9+	0.615	0.333	67.939	61.133	6.807	26	0.895	-1.358	1.522	-0.115		637.355	129	2.157	839111999802759543	839111727256869142	839111727256869141	386	
1	C10H10N4O3	[M + H3N + H]+	C10H14N5O3+	0.826	0.333	90.002	90.002	0.000	17	0.400	-1.143	1.862	-1.728		252.109	130	2.160	839111967699554378	839111727214926098	839111727214926097	385	
1	C36H56N8O12	[M + H]+	C36H57N8O12+	0.957	0.333	58.517	49.533	8.984	20	0.936	-1.663	1.892	-0.511		793.409	130	2.161	839111974536270445	839111727298812186	839111727298812185	387	
1	C11H22N2O4	[M - H2O + H]+	C11H21N2O3+	1.000	0.333	128.777	128.777	0.000	23	0.426	-1.689	1.904	-78597.171		229.154	130	2.164	839111973038903832	839111727407864102	839111727407864101	390	
1	C17H28N4O5	[M - H2O + H]+	C17H27N4O4+	1.000	0.333	42.101	39.737	2.364	15	0.988	-1.696	1.791	-51283.680		351.202	130	2.165	839111948116347097	839111727336560926	839111727336560925	388	
1	C18H28N4O6	[M - H2O + H]+	C18H27N4O5+	1.000	0.333	46.776	43.273	3.504	16	0.972	-1.675	1.723	-47497.500		379.197	130	2.166	839111959239642380	839111727374309666	839111727374309665	389	
1	C36H56N8O12	[M + Na]+	C36H56N8NaO12+	1.000	0.999	34.144	27.434	6.710	6	0.948	-2.294	2.294	-0.576		815.391	130	2.167	839111959340305708	839111727445612842	839111727445612841	391	
1	C22H32O5	[M + Na]+	C22H32NaO5+	1.000	1.000	20.635	20.635	0.000	4	0.128	-2.524	3.020	-4.771	DG(10:4_9:1)	399.212	130	2.169	839111959541632328	839111727529498930	839111727529498929	393	
1	C18H30N4O7	[M - H2O + H]+	C18H29N4O6+	1.000	0.333	67.532	61.630	5.902	21	0.910	-0.881	1.434	-45343.179		397.208	130	2.169	839111960732814753	839111727571441974	839111727571441973	394	
1	C19H33N3O5S	[M - H2O + H]+	C19H32N3O4S+	0.853	0.333	136.303	136.303	0.000	42	0.357	-1.184	1.254	-45231.223		398.210	131	2.178	839111982710969403	839111727651133758	839111727651133757	396	
1	C36H53N5O10	[M + K]+	C36H53KN5O10+	1.000	1.000	69.736	65.412	4.324	31	0.878	-1.129	1.647	1.749		754.344	131	2.179	839111988029347204	839111727613385018	839111727609190713	395	
1	C14H23N3O8	[M - H2O + H]+	C14H22N3O7+	0.947	0.333	72.147	72.147	0.000	35	0.779	-1.501	1.527	-52335.411		344.145	131	2.180	839111966525149173	839111727491750190	839111727491750189	392	
1	C24H34N6O8	[M + H]+	C24H35N6O8+	0.690	0.331	50.127	43.302	6.825	15	0.732	-1.503	1.684	-0.184		535.251	132	2.195	839111981863719942	839111727693076802	839111727693076801	397	
1	C43H62N8O12	[M - H2O + H]+	C43H61N8O11+	0.986	0.333	126.511	120.582	5.929	46	0.860	-1.204	1.401	-20806.949		865.449	132	2.203	839112060821498088	839111727735019846	839111727730825541	398	
1	C15H25N3O6S	[M - H2O + H]+	C15H24N3O5S+	1.000	0.331	85.066	82.045	3.021	27	0.896	-0.810	1.608	-50289.640		358.143	132	2.207	839111977497449237	839111727772768586	839111727772768585	399	
1	C9H19NO5	[M - H2O + H]+	C9H18NO4+	0.995	0.333	66.265	62.933	3.333	9	0.974	1.414	2.304	-88234.317		204.123	133	2.208	839111944555382715	839111727814711630	839111727814711629	400	
1	C39H64N8O12	[M - H2O + H]+	C39H63N8O11+	1.000	0.333	66.041	59.072	6.969	29	0.924	-1.492	1.500	-21979.447		819.460	133	2.209	839111978885763927	839111727852460370	839111727852460369	401	
1	C22H42N4O6	[M - H2O + H]+	C22H41N4O5+	1.000	0.333	97.186	93.422	3.764	40	0.939	-0.839	1.082	-40812.252		441.307	133	2.215	839111952973351517	839111728007649634	839111728007649633	405	
1	C18H28N4O6	[M + Na]+	C18H28N4NaO6+	0.999	0.994	35.419	31.951	3.468	18	0.751	-1.466	1.594	-0.704		419.190	133	2.215	839111976637616873	839111727894403414	839111727890209109	402	
1	C21H31N5O8S	[M - H2O + H]+	C21H30N5O7S+	0.717	0.274	74.039	74.039	0.000	33	0.908	0.032	1.502	-36298.416		496.186	133	2.216	839112035676643756	839111727927957850	839111727927957849	403	
1	C31H35N3O6	[M - H2O + H]+	C31H34N3O5+	1.000	0.023	72.742	70.214	2.528	30	0.703	-1.316	1.682	-34096.323		528.249	133	2.219	839112045327738162	839111728049592678	839111728049592677	406	
1	C12H23N3O5	[M - H2O + H]+	C12H22N3O4+	1.000	0.333	143.567	140.495	3.071	39	0.950	-0.322	1.816	-66177.217		272.160	133	2.219	839111957641612435	839111727969900894	839111727969900893	404	
1	C6H6N2O2	[M - H2O + H]+	C6H5N2O+	1.000	0.333	20.569	17.907	2.661	2	0.758	4.325	4.325	-148798.034		121.040	133	2.221	839111959185116407	839111728087341418	839111728087341417	407	
1	C6H8N2O3	[M - H2O + H]+	C6H7N2O2+	1.000	0.333	73.766	69.025	4.741	8	0.906	3.959	3.959	-129526.064		139.050	133	2.221	839112036532281875	839111728125090158	839111728125090157	408	
1	C14H20N2O5	[M - H2O + H]+	C14H19N2O4+	0.998	0.325	18.693	15.106	3.587	2	0.980	-1.066	1.447	-64523.797		279.134	133	2.223	839111965199748921	839111728162838898	839111728158644593	409	
1	C23H44N4O6	[M - H2O + H]+	C23H43N4O5+	1.000	0.333	67.535	63.981	3.554	23	0.890	-0.962	1.335	-39556.114		455.323	134	2.230	839111983197508711	839111728196393334	839111728196393333	410	
1	C6H14NO3S	[M + H3N + H]+	C6H18N2O3S+	1.000	0.500	62.340	62.340	0.000	14	0.386	0.947	4.756	-3.810		198.103	134	2.237	839111983906346130	839111728234142074	839111728234142073	411	
1	C7H17N3O3	[M - H2O + H]+	C7H16N3O2+	0.996	0.333	36.539	36.539	0.000	5	0.469	-0.370	0.680	-103435.793		174.124	134	2.238	839111970182582603	839111728267696510	839111728267696509	412	
1	C11H14N2O4	[M - H2O + H]+	C11H13N2O3+	1.000	0.333	99.723	96.425	3.298	12	0.863	-0.861	0.983	-81462.265		221.092	135	2.249	839112002256427511	839111728305445250	839111728305445249	413	
1	C31H52N6O11	[M - H2O + H]+	C31H51N6O10+	1.000	0.000	67.186	67.186	0.000	41	0.913	-1.003	1.359	-26988.053		667.366	136	2.260	839112177288937515	839111728343193990	839111728343193989	414	
1	C31H49N7O11	[M + H]+	C31H50N7O11+	0.534	0.332	73.938	73.938	0.000	33	0.916	-0.555	1.175	-0.505		696.356	136	2.261	839112062750878000	839111728380942730	839111728380942729	415	
1	C5H9NO4	[M - H2O + H]+	C5H8NO3+	1.000	0.333	35.230	30.638	4.592	2	0.968	5.970	5.970	-138488.975		130.050	136	2.263	839111987848992121	839111728414497166	839111728414497165	416	
1	C35H55N5O6	[M + Na]+	C35H55N5NaO6+	0.912	0.925	70.898	70.898	0.000	37	0.924	-0.981	1.457	-0.038		664.404	136	2.264	839112003078511246	839111728452245906	839111728452245905	417	
1	C23H41N5O8	[M - H2O + H]+	C23H40N5O7+	1.000	0.333	95.476	94.628	0.848	29	0.928	-0.319	1.426	-36143.803		498.293	136	2.273	839112008463997890	839111728494188950	839111728494188949	418	
1	C40H72N10O12	[M - H2O + H]+	C40H71N10O11+	0.876	0.175	88.991	83.435	5.556	37	0.951	-1.370	1.785	-20756.708		867.533	137	2.282	839111985370158312	839111728527743386	839111728527743385	419	
1	C13H23N3O6	[M - H2O + H]+	C13H22N3O5+	1.000	0.333	96.509	92.963	3.546	27	0.941	-0.114	1.116	-60004.548		300.155	137	2.285	839111964419608284	839111728565492126	839111728565492125	420	
1	C24H44N6O10	[M + Na]+	C24H44N6NaO10+	1.000	0.582	77.536	74.445	3.091	28	0.922	-0.581	1.405	4.601		599.304	137	2.288	839111970090307893	839111728599046562	839111728599046561	421	
1	C15H19N3O6	[M - H2O + H]+	C15H18N3O5+	1.000	0.333	134.779	134.779	0.000	35	0.944	-0.843	1.362	-56262.144		320.124	138	2.294	839111960879615438	839111728636795302	839111728636795301	422	
1	C27H49N5O7	[M - H2O + H]+	C27H48N5O6+	1.000	0.333	86.748	83.850	2.898	32	0.927	-0.996	1.339	-33453.816		538.360	138	2.298	839112007008574274	839111728716487082	839111728712292777	423	
1	C29H45N5O7	[M - H2O + H]+	C29H44N5O6+	1.000	0.333	63.594	59.947	3.647	30	0.899	-0.699	1.072	-32257.613		558.329	138	2.299	839111970564264317	839111728750041518	839111728750041517	424	
1	C16H18FN3O4	[M - H2O + H]+	C16H17FN3O3+	0.378	0.328	56.774	54.789	1.985	31	0.279	-2.050	2.360	-56619.539		318.123	138	2.301	839111970291634511	839111728791984562	839111728791984561	425	
1	C26H42N4O6	[M - H2O + H]+	C26H41N4O5+	1.000	0.333	97.991	94.199	3.792	35	0.902	-0.578	0.995	-36808.167		489.307	138	2.308	839111989371524611	839111728867482042	839111728867482041	427	
1	C20H34N4O6	[M - H2O + H]+	C20H33N4O5+	1.000	0.333	65.969	59.871	6.098	14	0.881	-0.808	1.366	-44009.543		409.244	139	2.313	839111960795729333	839111728905230782	839111728905230781	428	
1	C13H25N3O5	[M - H2O + H]+	C13H24N3O4+	0.782	0.333	97.138	97.138	0.000	36	0.832	0.196	0.196	-62935.904		286.176	139	2.314	839111962402147920	839111728829733302	839111728829733301	426	
1	C22H40N4O6	[M - H2O + H]+	C22H39N4O5+	1.000	0.333	62.250	58.391	3.860	14	0.948	-0.921	1.455	-40998.970		439.292	140	2.325	839111990814365292	839111728942979522	839111728942979521	429	
1	C23H38FN9O8	[M - H2O + H]+	C23H37FN9O7+	0.457	0.000	17.117	14.508	2.609	19	0.914	-0.664	2.409	-31586.067		570.277	140	2.341	839112024926642099	839111728980728262	839111728980728261	430	
1	C15H17N3O5	[M - H2O + H]+	C15H16N3O4+	1.000	0.333	66.832	63.330	3.502	27	0.909	-0.659	1.176	-59615.649		302.113	141	2.356	839111985017836757	839111729018477002	839111729018477001	431	
1	C34H61N3O15	[M - H2O + H]+	C34H60N3O14+	0.839	0.000	99.667	99.667	0.000	43	0.948	0.547	1.475	-24522.059		734.408	142	2.359	839112075736443768	839111729056225742	839111729056225741	432	
1	C12H23N3O5	[M - H2O + H]+	C12H22N3O4+	1.000	0.333	159.109	155.837	3.271	43	0.953	1.017	1.619	-66176.434		272.160	142	2.361	839111984543880360	839111729093974482	839111729093974481	433	
1	C21H35N5O8	[M - H2O + H]+	C21H34N5O7+	1.000	0.333	91.623	88.517	3.106	34	0.921	-0.497	1.387	-38462.767		468.246	142	2.365	839112007696440181	839111729165277658	839111729165277657	435	
1	C7H14N2O5S	[M - H2O + H]+	C7H13N2O4S+	0.856	0.333	53.510	53.510	0.000	15	0.744	0.656	0.656	-81473.749		221.059	142	2.365	839111993616160540	839111729127528918	839111729127528917	434	
1	C10H15NO5	[M + H]+	C10H16NO5+	1.000	0.333	153.736	153.736	0.000	34	0.918	0.473	0.945	-0.126		230.102	142	2.368	839112043444495477	839111729203026398	839111729203026397	436	
1	C6H13NO5	[M - H2O + H]+	C6H12NO4+	1.000	0.333	45.621	45.621	0.000	6	0.445	1.444	1.444	-111124.199		162.076	142	2.374	839111962259541568	839111729236580834	839111729236580833	437	
1	C6H11NO4	[M - H2O + H]+	C6H10NO3+	1.000	0.333	99.730	96.817	2.913	20	0.906	6.640	6.640	-125016.481		144.066	143	2.380	839111987173709121	839111729274329574	839111729270135269	438	
1	C27H51N5O7	[M - H2O + H]+	C27H50N5O6+	1.000	0.333	100.151	97.199	2.952	33	0.933	-0.634	1.533	-33328.399		540.376	143	2.380	839112004642986710	839111729307884010	839111729307884009	439	
1	C18H37N3O5	[M - H2O + H]+	C18H36N3O4+	1.000	0.333	65.933	62.324	3.609	21	0.823	-0.360	1.285	-50271.136		358.270	143	2.385	839111990055196228	839111729345632750	839111729345632749	440	
1	C8H14N2O3	[M - H2O + H]+	C8H13N2O2+	1.000	0.333	79.369	79.369	0.000	21	0.984	2.990	2.990	-106510.185		169.097	143	2.386	839111967296901134	839111729383381490	839111729379187185	441	
1	C12H19FN4O5	[M - H2O + H]+	C12H18FN4O4+	0.759	0.317	77.262	77.262	0.000	33	0.724	-0.119	0.372	-59813.618		301.130	143	2.388	839111981742085110	839111729458878970	839111729454684665	443	
1	C5H13NO3S	[M - H2O + H]+	C5H12NO2S+	0.997	0.321	25.666	25.666	0.000	4	0.016	2.866	2.866	-120023.732		150.058	143	2.390	839111963199065775	839111729563736582	839111729563736581	446	
1	C17H33N3O5	[M - H2O + H]+	C17H32N3O4+	1.000	0.333	64.260	60.569	3.691	14	0.906	0.019	1.287	-52625.866		342.239	144	2.394	839111995541346328	839111729492433406	839111729492433405	444	
1	C13H23N3O6S	[M - H2O + H]+	C13H22N3O5S+	1.000	0.333	73.764	69.251	4.513	22	0.910	-0.127	1.545	-54228.244		332.127	144	2.395	839111971734475192	839111729530182146	839111729530182145	445	
1	C22H42N4O6	[M - H2O + H]+	C22H41N4O5+	1.000	0.333	89.167	85.379	3.788	31	0.934	-0.590	0.876	-40811.355		441.307	144	2.399	839111971789001166	839111729421130230	839111729421130229	442	
1	C11H20N2O3	[M - H2O + H]+	C11H19N2O2+	0.854	0.333	94.963	94.963	0.000	16	0.499	0.295	0.295	-85299.507		211.144	144	2.405	839111980345381839	839111729605679626	839111729605679625	447	
1	C6H12N2O4	[M - H2O + H]+	C6H11N2O3+	1.000	0.333	45.934	45.934	0.000	9	0.790	1.360	1.360	-113219.462		159.076	145	2.409	839111987739940202	839111729651816974	839111729651816973	448	
1	C28H51N5O7	[M - H2O + H]+	C28H50N5O6+	1.000	0.333	82.769	74.147	8.621	25	0.897	-0.647	1.059	-32604.867		552.376	145	2.418	839111966135078836	839111729693760018	839111729693760017	449	
1	C25H38N4O6	[M - H2O + H]+	C25H37N4O5+	1.000	0.333	48.446	42.608	5.838	15	0.922	-0.224	0.790	-38054.314		473.276	146	2.427	839111969566019858	839111729735703062	839111729735703061	450	
1	C26H43N5O10	[M - H2O + H]+	C26H42N5O9+	1.000	0.333	92.392	85.701	6.691	31	0.937	-0.473	0.957	-31691.611		568.298	146	2.438	839112017829879314	839111729807006238	839111729807006237	452	
1	C7H17NO3	[M - H2O + H]+	C7H16NO2+	0.996	0.333	12.062	12.062	0.000	4	0.008	3.933	3.933	-123261.018		146.118	147	2.445	839111981951800351	839111729773451802	839111729769257497	451	
1	C17H26N4O6	[M - H2O + H]+	C17H25N4O5+	1.000	0.333	57.680	54.179	3.502	19	0.899	0.076	1.179	-49319.331		365.182	147	2.450	839111979338748800	839111729844754978	839111729844754977	453	
1	C5H6N4O2	[M - H2O + H]+	C5H5N4O+	1.000	0.333	36.827	36.827	0.000	7	0.586	4.933	4.933	-131419.865		137.046	147	2.457	839111994702485381	839111729878309414	839111729878309413	454	
1	C44H66N8O12	[M + H]+	C44H67N8O12+	0.682	0.320	29.175	25.550	3.625	16	0.943	-0.580	0.673	0.338		899.488	148	2.462	839111996166297672	839111729916058154	839111729916058153	455	
1	C16H28N4O7	[M - H2O + H]+	C16H27N4O6+	1.000	0.333	91.419	89.844	1.575	30	0.918	0.537	1.082	-48520.737		371.193	148	2.466	839112015904693683	839111729949612590	839111729949612589	456	
1	C32H46N6O11	[M - H2O + H]+	C32H45N6O10+	1.000	0.332	41.608	41.608	0.000	20	0.901	0.110	0.874	-26747.886		673.320	148	2.466	839112013606214912	839111729995749938	839111729995749937	457	
1	C22H37N5O10	[M + H]+	C22H38N5O10+	0.989	0.325	48.586	45.475	3.110	12	0.872	-0.075	0.786	2.914		532.263	148	2.474	839111966063775639	839111730029304374	839111730029304373	458	
1	C10H16N2O5	[M - H2O + H]+	C10H15N2O4+	1.000	0.333	84.286	80.933	3.353	12	0.951	-0.416	1.396	-79305.949		227.103	149	2.481	839111972363620864	839111730062858810	839111730062858809	459	
1	C19H30N4O7	[M + Na]+	C19H30N4NaO7+	0.998	0.923	43.319	40.382	2.937	22	0.820	-0.415	0.796	0.089		449.201	149	2.481	839112036704248355	839111730104801854	839111730104801853	460	
1	C16H27N3O7	[M - H2O + H]+	C16H26N3O6+	0.503	0.333	138.861	138.861	0.000	39	0.752	0.175	0.188	-50565.787		356.182	149	2.482	839112198314984381	839111730251602510	839111730251602509	464	
1	C20H35N3O6S	[M - H2O + H]+	C20H34N3O5S+	0.638	0.333	139.297	139.297	0.000	40	0.369	-0.111	0.279	-42058.272		428.222	149	2.483	839111998192146651	839111730423568994	839111730423568993	469	
1	C20H34N2O9	[M - H2O + H]+	C20H33N2O8+	0.616	0.208	74.868	74.868	0.000	27	0.662	1.349	1.386	-41961.407		429.223	149	2.486	839111983637910650	839111730142550594	839111730142550593	461	
1	C19H32N4O8	[M - H2O + H]+	C19H31N4O7+	1.000	0.333	76.167	76.167	0.000	27	0.908	-0.486	1.090	-42156.923		427.219	149	2.487	839112115108377571	839111730180299334	839111730176105029	462	
1	C47H83N6O14	[M + Na]+	C47H83N6NaO14+	0.974	0.999	42.678	36.067	6.611	18	0.950	-0.660	0.996	1.556		978.587	149	2.488	839111967854743647	839111730218048074	839111730218048073	463	
1	C38H60N8O14	[M + H]+	C38H61N8O14+	0.742	0.333	53.687	47.095	6.592	20	0.951	-0.594	0.730	0.486		853.431	149	2.489	839112043624850570	839111730285156946	839111730285156945	465	
1	C10H20N2O4	[M - H2O + H]+	C10H19N2O3+	1.000	0.333	50.701	50.701	0.000	16	0.986	-0.224	0.589	-83715.680		215.139	149	2.491	839111968739741928	839111730322905686	839111730322905685	466	
1	C27H37N7O5	[M + Na]+	C27H37N7NaO5+	0.561	0.935	35.792	32.946	2.845	9	0.987	-0.511	1.424	-2.344		562.274	150	2.495	839111974922146443	839111730356460122	839111730356460121	467	
1	C27H46N6O11	[M + Na]+	C27H46N6NaO11+	0.999	0.445	65.012	62.009	3.002	30	0.921	-0.354	1.003	4.642		653.315	150	2.496	839111997068073091	839111730390014558	839111730390014557	468	
1	C4H5NO3	[M + H3N + H]+	C4H9N2O3+	0.999	0.333	81.426	81.426	0.000	10	0.057	7.987	7.987	0.574		133.061	150	2.496	839111968060264570	839111730490677866	839111730490677865	471	
1	C11H22N5O3	[M - H2O + H]+	C11H21N5O2+	0.864	0.275	8.558	8.558	0.000	2	0.917	3.128	3.128	-70577.445		255.170	151	2.514	839111963022904967	839111730457123430	839111730457123429	470	
1	C17H35N5O6	[M + Na]+	C17H35N5NaO6+	0.999	1.000	111.930	109.842	2.087	39	0.860	-0.487	0.941	0.526		428.248	151	2.515	839112048775456263	839111730528426606	839111730524232301	472	
1	C16H19N3O7	[M - H2O + H]+	C16H18N3O6+	1.000	0.333	158.856	155.726	3.130	41	0.958	-0.434	1.287	-51737.050		348.119	152	2.525	839112020535205506	839111730561981042	839111730561981041	473	
1	C5H5F2O	[M + H3N + H]+	C5H9F2NO+	0.981	0.331	8.419	7.343	1.076	1	0.008	-4.824	5.344	1.081		137.065	152	2.526	839111972309094899	839111730633284218	839111730633284217	475	
1	C13H21N7O4	[M + Na]+	C13H21N7NaO4+	0.454	0.006	11.282	10.295	0.987	3	0.979	5.360	5.360	6.509		362.157	152	2.526	839112000654203279	839111730671032958	839111730671032957	476	
1	C6H8N3O2	[M - H2O + H]+	C6H7N3O+	0.926	0.067	33.347	31.120	2.228	7	0.276	5.530	5.530	-131404.720		137.059	152	2.526	839112005171469097	839111730595535478	839111730595535477	474	
1	C27H40N6O9	[M + K]+	C27H40KN6O9+	0.394	0.263	64.979	64.979	0.000	25	0.928	-0.461	1.104	3.905		631.251	152	2.532	839111994794760092	839111730729753218	839111730729753217	477	
1	C16H19N3O5	[M - H2O + H]+	C16H18N3O4+	1.000	0.333	126.380	120.332	6.048	28	0.918	-0.591	0.713	-56972.209		316.129	152	2.533	839111975840699092	839111730771696262	839111730771696261	478	
1	C21H19N7O4	[M + H3N + H]+	C21H23N8O4+	0.344	0.333	16.015	12.828	3.187	1	0.870	0.282	0.282	0.138		451.184	152	2.535	839111989539296791	839111730809445002	839111730805250697	479	
1	C20H34N4O8	[M - H2O + H]+	C20H33N4O7+	1.000	0.333	79.595	76.027	3.568	32	0.915	-0.037	0.766	-40818.626		441.234	153	2.550	839111993117038323	839111730847193742	839111730847193741	480	
1	C26H37ClN2O5S	[M - H2O + H]+	C26H36ClN2O4S+	0.996	0.000	31.603	31.603	0.000	21	0.942	0.175	1.185	-35507.282		507.209	153	2.553	839111993578411795	839111730880748178	839111730880748177	481	
1	C32H53N7O12	[M - H2O + H]+	C32H52N7O11+	1.000	0.264	76.747	76.747	0.000	30	0.919	-0.215	1.334	-25352.992		710.372	153	2.554	839112137677928231	839111730956245658	839111730956245657	483	
1	C17H35N3O5	[M - H2O + H]+	C17H34N3O4+	1.000	0.333	91.798	88.347	3.451	25	0.912	0.453	0.847	-52317.828		344.254	153	2.555	839111979946922926	839111730922691222	839111730922691221	482	
1	C23H44N4O6	[M - H2O + H]+	C23H43N4O5+	1.000	0.333	75.364	72.250	3.114	20	0.866	-0.228	0.807	-39555.475		455.323	154	2.559	839111974393664093	839111730993994398	839111730993994397	484	
1	C27H31N3O6	[M + Na]+	C27H31N3NaO6+	0.911	0.901	70.172	67.180	2.993	26	0.799	-0.622	1.142	-2.318		516.209	154	2.564	839112024775647104	839111731035937442	839111731035937441	485	
1	C15H27N3O7	[M - H2O + H]+	C15H26N3O6+	1.000	0.333	79.277	75.896	3.380	27	0.945	0.107	0.879	-52328.703		344.182	154	2.568	839112009000868846	839111731073686182	839111731073686181	486	
1	C27H51N5O7	[M - H2O + H]+	C27H50N5O6+	1.000	0.333	79.392	75.706	3.686	31	0.895	-0.505	0.861	-33328.877		540.376	154	2.574	839112007855823783	839111731111434922	839111731111434921	487	
1	C18H28N4O9	[M - H2O + H]+	C18H27N4O8+	0.594	0.333	60.481	58.021	2.460	21	0.935	-0.565	0.741	-42157.792		427.184	155	2.584	839111985475015940	839111731149183662	839111731149183661	488	
1	C8H15N3O4	[M - H2O + H]+	C8H14N3O3+	1.000	0.333	96.894	96.894	0.000	13	0.970	1.486	1.486	-90005.274		200.103	155	2.589	839111996212435038	839111731191126706	839111731186932401	489	
1	C7H12N2O3	[M - H2O + H]+	C7H11N2O2+	1.000	0.333	83.883	83.883	0.000	19	0.957	5.959	5.959	-116136.152		155.082	156	2.593	839112008820513755	839111731224681142	839111731224681141	490	
1	C16H26N4O9	[M - H2O + H]+	C16H25N4O8+	0.986	0.333	84.391	78.249	6.142	12	0.847	-0.196	1.657	-44895.334		401.167	156	2.598	839112012830268603	839111731270818490	839111731266624185	491	
1	C12H21N3O6	[M - H2O + H]+	C12H20N3O5+	1.000	0.333	163.964	160.547	3.417	45	0.968	0.045	1.027	-62943.385		286.140	156	2.599	839112025773891547	839111731312761534	839111731312761533	492	
1	C8H14N2O5	[M - H2O + H]+	C8H13N2O4+	1.000	0.333	80.523	75.612	4.911	8	0.965	0.729	0.729	-89565.841		201.087	156	2.601	839111993939121970	839111731363093186	839111731363093185	493	
1	C30H47N5O7	[M - H2O + H]+	C30H46N5O6+	1.000	0.333	80.633	74.024	6.609	26	0.901	0.176	0.738	-31467.180		572.345	156	2.606	839111995230967773	839111731405036230	839111731405036229	494	
1	C35H56N6O8	[M - H2O + H]+	C35H55N6O7+	1.000	0.333	70.676	62.378	8.298	26	0.924	-0.329	0.662	-26823.878		671.413	157	2.620	839112145923930589	839111731446979274	839111731446979273	495	
1	C65H110N14O17	[M - H2O + H]+	C65H109N14O16+	0.550	0.333	30.829	30.829	0.000	17	0.982	-0.067	0.400	-13418.803		1341.819	158	2.628	839112001576950216	839111731484728014	839111731484728013	496	
1	C25H41N5O10	[M - H2O + H]+	C25H40N5O9+	1.000	0.333	86.834	83.074	3.760	37	0.927	-0.728	1.223	-32493.304		554.282	158	2.629	839112065863051728	839111731526671058	839111731526671057	497	
1	C38H60N8O12	[M + Na]+	C38H60N8NaO12+	0.451	0.252	39.069	32.247	6.822	28	0.744	0.150	0.412	0.403		843.423	158	2.634	839112112822481783	839111731564419798	839111731564419797	498	
1	C41H62N6O10	[M + Na]+	C41H62N6NaO10+	0.829	1.000	99.264	90.234	9.030	38	0.912	-0.445	0.601	-1.330		821.441	158	2.637	839112044962833680	839111731606362842	839111731606362841	499	
1	C40H65N7O9	[M - H2O + H]+	C40H64N7O8+	1.000	0.333	92.705	85.973	6.733	39	0.944	-0.269	0.842	-23375.112		770.482	158	2.640	839112013417471209	839111731644111582	839111731644111581	500	
1	C15H24N2O4	[M - H2O + H]+	C15H23N2O3+	1.000	0.333	50.148	46.574	3.574	6	0.975	1.759	1.759	-64514.875		279.170	158	2.641	839112045411624263	839111731677666018	839111731677666017	501	
1	C14H25N3O7	[M - H2O + H]+	C14H24N3O6+	1.000	0.333	176.475	173.098	3.377	46	0.953	0.000	0.945	-54550.456		330.166	159	2.647	839112003237894826	839111731715414758	839111731715414757	502	
1	C7H9NO3	[M - H2O + H]+	C7H8NO2+	0.985	0.333	56.259	56.259	0.000	10	0.074	7.145	7.145	-130459.631		138.055	159	2.653	839111996472481907	839111731753163498	839111731748969193	503	
1	C29H41N5O10	[M - H2O + H]+	C29H40N5O9+	1.000	0.333	94.767	91.374	3.393	41	0.934	-0.157	0.626	-29902.322		602.283	159	2.654	839112204908430607	839111731790912238	839111731790912237	504	
1	C16H31N3O5	[M - H2O + H]+	C16H30N3O4+	1.000	0.333	69.934	66.375	3.559	19	0.907	0.025	0.686	-54873.139		328.223	159	2.657	839111978122400577	839111731832855282	839111731828660977	505	
1	C32H58N6O8	[M - H2O + H]+	C32H57N6O7+	1.000	0.333	101.111	101.111	0.000	38	0.930	-0.293	0.678	-28254.470		637.429	160	2.661	839112060674697401	839111731866409718	839111731866409717	506	
1	C17H35N3O5	[M - H2O + H]+	C17H34N3O4+	1.000	0.333	94.019	90.537	3.481	26	0.921	0.326	0.571	-52317.675		344.254	160	2.673	839112063623293290	839111731908352762	839111731908352761	507	
1	C47H77N9O20	[M + H]+	C47H78N9O20+	0.307	0.296	61.847	54.896	6.951	30	0.860	-0.078	0.718	1.468		1088.537	161	2.680	839112060209129631	839111731941907198	839111731941907197	508	
1	C44H61N5O7	[M - H2O + H]+	C44H60N5O6+	1.000	0.333	77.566	71.869	5.697	33	0.921	-0.277	0.435	-23876.952		754.450	161	2.680	839111991401567897	839111731983850242	839111731983850241	509	
1	C68H94N4O10	[M - H2O + H]+	C68H93N4O9+	0.681	0.333	48.920	48.920	0.000	26	0.731	-0.313	0.594	-16227.050		1109.697	161	2.681	839112213368342052	839111732017404678	839111732017404677	510	
1	C5H6N4O2	[M - H2O + H]+	C5H5N4O+	1.000	0.333	52.860	48.809	4.051	8	0.678	4.363	4.363	-131419.700		137.046	161	2.687	839111994618599282	839111732055153418	839111732055153417	511	
1	C59H98N12O17	[M + H]+	C59H99N12O17+	0.527	0.133	55.165	48.524	6.640	39	0.932	-0.417	0.512	0.516		1247.725	161	2.691	839112108724646566	839111732092902158	839111732092902157	512	
1	C12H26N2O4	[M - H2O + H]+	C12H25N2O3+	1.000	0.333	46.023	40.255	5.768	6	0.985	0.749	0.873	-73456.747		245.186	162	2.695	839112045558424957	839111732793351002	839111732793351001	531	
1	C22H45N3O5Si	[M - H2O + H]+	C22H44N3O4Si+	0.986	0.266	65.852	65.852	0.000	31	0.793	4.110	4.110	-40716.259		442.311	162	2.699	839112037182399034	839111732134845202	839111732134845201	513	
1	C10H15N5O5	[M - H2O + H]+	C10H14N5O4+	0.946	0.333	27.109	21.828	5.281	7	0.987	4.526	4.526	-67177.365		268.104	162	2.702	839111981624644573	839111732394892078	839111732394892077	520	
1	C22H42N4O6	[M - H2O + H]+	C22H41N4O5+	1.000	0.333	93.780	87.747	6.033	36	0.870	-0.147	0.987	-40812.558		441.307	162	2.703	839112012733799590	839111732172593942	839111732172593941	514	
1	C22H37N3O5S	[M + H3N + H]+	C22H41N4O5S+	0.919	0.333	106.890	106.890	0.000	32	0.814	0.233	0.371	-3.640		473.277	162	2.708	839112029271941242	839111732902402918	839111732902402917	534	
1	C10H20N2O4	[M - H2O + H]+	C10H19N2O3+	1.000	0.333	24.742	21.860	2.882	5	0.987	-0.323	0.403	-83715.479		215.139	163	2.713	839112009344801798	839111732248091422	839111732248091421	516	
1	C20H31N3O5	[M - H2O + H]+	C20H30N3O4+	1.000	0.333	70.290	63.929	6.361	19	0.887	0.103	0.530	-47871.709		376.223	163	2.714	839112007650302811	839111732210342682	839111732210342681	515	
1	C42H76N8O10	[M + H]+	C42H77N8O10+	0.586	0.007	45.138	35.441	9.697	10	0.986	-0.465	0.578	0.261		853.576	163	2.717	839111973693215271	839111732323588902	839111732323588901	518	
1	C21H40N4O6	[M - H2O + H]+	C21H39N4O5+	1.000	0.333	60.198	51.925	8.274	15	0.902	-0.039	0.705	-42149.428		427.292	163	2.718	839111997995014299	839111732361337642	839111732361337641	519	
1	C39H69N7O9	[M + Na]+	C39H69N7NaO9+	0.427	0.020	51.557	45.570	5.987	20	0.894	-0.043	0.637	3.841		802.508	163	2.719	839112014805785932	839111732428446514	839111732428446513	521	
1	C26H42N4O6	[M - H2O + H]+	C26H41N4O5+	1.000	0.333	69.512	67.793	1.719	26	0.912	0.188	0.614	-36807.531		489.308	163	2.723	839111995306465264	839111732462000950	839111732462000949	522	
1	C18H27B9N2OSi	[M + Na]+	C18H27B9N2NaOSi+	0.998	0.998	29.130	29.130	0.000	12	0.587	-3.537	3.537	-0.359		428.295	163	2.724	839111998192146629	839111732285840162	839111732285840161	517	
1	C36H64N4O6	[M + Na]+	C36H64N4NaO6+	1.000	1.000	71.567	71.567	0.000	30	0.862	0.522	0.764	-2.392		671.470	164	2.728	839111995038029763	839111732499749690	839111732499749689	523	
1	C31H53N9O10	[M - H2O + H]+	C31H52N9O9+	1.000	0.277	86.683	86.683	0.000	36	0.915	0.335	0.976	-25936.367		694.389	164	2.728	839112015560760679	839111732533304126	839111732533304125	524	
1	C7H17NO3	[M - H2O + H]+	C7H16NO2+	0.640	0.333	118.135	114.994	3.141	13	0.906	6.947	6.947	-123260.518		146.118	164	2.731	839111974183948886	839111732571052866	839111732571052865	525	
1	C35H49N7O10	[M - H2O + H]+	C35H48N7O9+	0.989	0.333	87.014	87.014	0.000	42	0.955	-0.397	0.657	-25354.656		710.351	165	2.743	839112171815370577	839111732604607302	839111732604607301	526	
1	C43H76N8O10	[M + H]+	C43H77N8O10+	0.992	0.332	68.199	67.303	0.897	28	0.912	0.029	0.538	0.905		865.577	165	2.749	839112020845584019	839111732646550346	839111732642356041	527	
1	C47H83N9O11	[M + H]+	C47H84N9O11+	0.651	0.105	35.356	28.729	6.627	19	0.945	-0.311	0.640	0.714		950.629	165	2.752	839112031696249072	839111732684299086	839111732684299085	528	
1	C7H10N2O4	[M - H2O + H]+	C7H9N2O3+	1.000	0.333	17.574	17.574	0.000	3	0.074	0.949	0.949	-106532.516		169.061	165	2.757	839112045940106635	839111732717853522	839111732717853521	529	
1	C7H13N3O4	[M - H2O + H]+	C7H12N3O3+	1.000	0.333	26.362	26.362	0.000	4	0.110	0.953	0.953	-96785.013		186.087	166	2.759	839111985529541914	839111732826905438	839111732826905437	532	
1	C27H41N5O7	[M - H2O + H]+	C27H40N5O6+	1.000	0.333	96.961	90.566	6.395	35	0.884	0.409	0.445	-33962.152		530.298	166	2.770	839111998120843443	839111732868848482	839111732868848481	533	
1	C24H45N5O7	[M - H2O + H]+	C24H44N5O6+	1.000	0.333	96.244	92.808	3.436	29	0.918	0.072	0.458	-36140.947		498.329	167	2.778	839111994975115183	839111732940151658	839111732940151657	535	
1	C37H57N7O9	[M - H2O + H]+	C37H56N7O8+	1.000	0.331	98.173	98.173	0.000	41	0.942	0.151	0.769	-24792.715		726.419	167	2.782	839112057931622456	839111733015649138	839111733015649137	537	
1	C26H47N5O7	[M - H2O + H]+	C26H46N5O6+	1.000	0.333	73.778	67.448	6.330	21	0.901	0.220	0.663	-34347.341		524.345	167	2.782	839112002369673765	839111733057592182	839111733057592181	538	
1	C5H6N4O3	[M - H2O + H]+	C5H5N4O2+	0.995	0.333	38.491	36.380	2.111	6	0.747	2.952	2.952	-117684.085		153.041	167	2.788	839112019306274365	839111733095340922	839111733091146617	539	
1	C13H21N3O6	[M - H2O + H]+	C13H20N3O5+	1.000	0.333	51.239	51.239	0.000	17	0.710	0.857	0.857	-60409.442		298.140	167	2.791	839112113501959065	839111732977900398	839111732977900397	536	
1	C59H85N3O9	[M - H2O + H]+	C59H84N3O8+	0.984	0.333	51.269	44.324	6.944	26	0.947	0.149	0.537	-18705.620		962.629	168	2.792	839112025887137779	839111733133089662	839111733133089661	540	
1	C27H41N5O7	[M - H2O + H]+	C27H40N5O6+	0.486	0.333	44.885	44.885	0.000	17	0.572	1.002	1.002	-33962.259		530.298	168	2.798	839112048226002424	839111733208587142	839111733208587141	542	
1	C30H48N6O11	[M - H2O + H]+	C30H47N6O10+	0.839	0.321	24.873	24.873	0.000	25	0.870	0.608	0.945	-27650.977		651.335	168	2.802	839112155033959204	839111733170838402	839111733170838401	541	
1	C22H40N4O6	[M - H2O + H]+	C22H39N4O5+	1.000	0.333	101.701	101.701	0.000	32	0.561	0.930	0.978	-40997.382		439.292	169	2.823	839112037425668692	839111732751407958	839111732751407957	530	
1	C16H27N3O8	[M - H2O + H]+	C16H26N3O7+	1.000	0.333	94.369	88.316	6.053	23	0.896	0.574	0.666	-48391.622		372.177	170	2.830	839111998351530230	839111733246335882	839111733246335881	543	
1	C13H23FN2O5	[M - H2O + H]+	C13H22FN2O4+	0.920	0.259	37.006	37.006	0.000	13	0.310	0.511	0.619	-62291.035		289.155	170	2.830	839112061672941853	839111733372165014	839111733372165013	546	
1	C36H65N7O12	[M + Na]+	C36H65N7NaO12+	0.819	0.325	47.834	43.586	4.248	15	0.855	0.225	0.544	4.317		810.462	170	2.831	839112029561348264	839111733284084622	839111733284084621	544	
1	C41H60N6O9	[M - H2O + H]+	C41H59N6O8+	1.000	0.333	42.811	42.811	0.000	24	0.967	0.449	0.908	-23595.144		763.436	170	2.831	839112053091395386	839111733321833362	839111733321833361	545	
1	C16H33N3O5	[M - H2O + H]+	C16H32N3O4+	1.000	0.333	122.254	118.967	3.287	36	0.895	1.159	1.159	-54537.672		330.239	171	2.843	839111980223747008	839111733409913754	839111733405719449	547	
1	C22H40N4O6	[M - H2O + H]+	C22H39N4O5+	1.000	0.333	60.129	53.892	6.237	15	0.873	0.692	0.692	-40997.690		439.292	171	2.855	839111982937461843	839111733447662494	839111733447662493	548	
1	C27H51N5O7	[M + H]+	C27H52N5O7+	1.000	0.333	43.199	39.468	3.731	17	0.855	1.242	1.242	1.208		558.387	171	2.857	839112015653035391	839111733489605538	839111733489605537	549	
1	C22H43N3O5Si	[M - H2O + H]+	C22H42N3O4Si+	1.000	0.002	66.379	66.379	0.000	30	0.361	0.885	1.611	-40905.410		440.294	172	2.860	839111989254084075	839111733523159974	839111733523159973	550	
1	C32H41N3O7	[M + K]+	C32H41KN3O7+	0.971	0.609	58.758	57.884	0.874	26	0.830	1.061	1.061	4.482		618.260	172	2.865	839112150176955037	839111733569297322	839111733569297321	551	
1	C27H44N6O11	[M - H2O + H]+	C27H43N6O10+	1.000	0.304	100.244	97.351	2.893	35	0.903	0.427	0.519	-29460.954		611.304	172	2.868	839112079750392793	839111733611240366	839111733611240365	552	
1	C17H33N3O5	[M - H2O + H]+	C17H32N3O4+	1.000	0.333	89.594	83.755	5.839	13	0.901	1.225	1.225	-52625.098		342.239	172	2.873	839111986016081196	839111733648989106	839111733648989105	553	
1	C44H78N8O11	[M - H2O + H]+	C44H77N8O10+	0.898	0.333	44.755	37.188	7.567	14	0.930	0.281	0.307	-20521.865		877.577	172	2.873	839111999559489886	839111733690932150	839111733690932149	554	
1	C11H17N3O5S	[M - H2O + H]+	C11H16N3O4S+	0.975	0.333	34.539	34.539	0.000	9	0.129	1.006	1.006	-62954.670		286.086	173	2.877	839111988763350462	839111733724486586	839111733724486585	555	
1	C39H69N7O9	[M + H]+	C39H70N7O9+	0.965	0.333	54.223	47.938	6.285	16	0.875	0.490	0.490	1.456		780.524	173	2.878	839112176118726615	839111733762235326	839111733762235325	556	
1	C36H61N7O11	[M + H]+	C36H62N7O11+	0.953	0.321	43.161	43.161	0.000	16	0.929	0.417	0.591	1.416		768.451	173	2.881	839112023676739359	839111733799984066	839111733799984065	557	
1	C15H28N2O5S	[M - H2O + H]+	C15H27N2O4S+	0.845	0.333	65.632	65.632	0.000	14	0.604	1.247	1.247	-54381.631		331.170	173	2.882	839111991221212800	839111733950979026	839111733950979025	561	
1	C14H23N3O6	[M - H2O + H]+	C14H22N3O5+	1.000	0.333	129.414	127.013	2.401	40	0.939	0.871	1.121	-57696.948		312.156	173	2.883	839112024821784468	839111733841927110	839111733841927109	558	
1	C30H52N6O8	[M - H2O + H]+	C30H51N6O7+	1.000	0.333	59.019	53.314	5.704	19	0.855	0.524	0.524	-29651.529		607.382	173	2.883	839111998804515089	839111733913230286	839111733913230285	560	
1	C14H25N3O7	[M - H2O + H]+	C14H24N3O6+	1.000	0.333	130.155	126.843	3.312	38	0.928	0.903	0.903	-54549.370		330.166	173	2.883	839112068828424814	839111733875481546	839111733875481545	559	
1	C18H22N2O4	[M - H2O + H]+	C18H21N2O3+	1.000	0.330	55.382	52.104	3.277	8	0.972	3.509	3.509	-57513.688		313.155	173	2.886	839112055041746825	839111734026476506	839111734026476505	563	
1	C54H86N10O13	[M - H2O + H]+	C54H85N10O12+	0.445	0.091	32.652	25.924	6.728	24	0.886	0.598	0.598	-16899.826		1065.636	173	2.886	839112016789691851	839111733992922070	839111733988727765	562	
1	C52H86N10O15	[M - H2O + H]+	C52H85N10O14+	0.997	0.309	37.846	28.354	9.493	16	0.926	0.455	0.455	-16774.418		1073.625	173	2.890	839112024041643836	839111734064225246	839111734064225245	564	
1	C25H43N5O9	[M + H]+	C25H44N5O9+	0.999	0.333	37.333	35.102	2.230	17	0.920	0.745	1.142	-0.545		558.313	174	2.892	839112015783058843	839111734231997422	839111734231997421	568	
1	C59H75N7O7	[M - H2O + H]+	C59H74N7O6+	1.000	0.333	78.301	76.046	2.255	36	0.933	0.705	0.871	-18439.505		976.573	174	2.894	839112030718976197	839111734148111334	839111734148111333	566	
1	C32H48N6O8	[M - H2O + H]+	C32H47N6O7+	1.000	0.333	76.654	68.062	8.592	27	0.890	0.790	0.790	-28707.043		627.351	174	2.895	839112010082999368	839111734190054378	839111734190054377	567	
1	C23H42N2O7	[M - H2O + H]+	C23H41N2O6+	0.872	0.333	55.546	55.546	0.000	22	0.227	0.615	2.107	-40810.830		441.297	174	2.905	839112002579389010	839111734278134770	839111734278134769	569	
1	C11H22N2O4	[M - H2O + H]+	C11H21N2O3+	1.000	0.333	27.134	21.550	5.583	3	0.987	3.971	3.971	-78594.771		229.155	175	2.918	839112155407252280	839111734315883510	839111734315883509	570	
1	C30H48N6O10	[M - H2O + H]+	C30H47N6O9+	1.000	0.333	97.713	88.884	8.830	34	0.904	0.515	0.519	-28346.987		635.340	175	2.923	839112053158504276	839111734353632250	839111734353632249	571	
1	C42H62N12O8	[M + H]+	C42H63N12O8+	0.570	0.333	74.523	67.464	7.059	31	0.810	0.726	0.881	0.100		863.489	176	2.928	839112088067698159	839111734391380990	839111734391380989	572	
1	C29H51N5O7S	[M + Na]+	C29H51N5NaO7S+	0.999	1.000	80.426	80.426	0.000	32	0.662	0.909	1.071	4.682		636.343	176	2.929	839112278103232524	839111734114556898	839111734110362593	565	
1	C28H51N5O7	[M + K]+	C28H51KN5O7+	1.000	0.173	54.318	54.318	0.000	28	0.856	0.481	1.506	0.071		608.342	176	2.932	839112079297407935	839111734429129730	839111734429129729	573	
1	C50H78N10O15	[M + Na]+	C50H78N10NaO15+	0.556	0.515	54.640	48.943	5.697	27	0.951	0.419	0.419	3.114		1081.557	176	2.937	839112291755692375	839111734466878470	839111734466878469	574	
1	C37H61N7O12	[M + H]+	C37H62N7O12+	0.613	0.328	72.082	65.545	6.537	12	0.945	1.288	1.300	1.498		796.446	176	2.941	839112047982732742	839111734571736078	839111734571736077	576	
1	C31H50N6O11	[M + H]+	C31H51N6O11+	0.536	0.139	33.728	29.042	4.687	6	0.957	0.947	0.947	1.430		683.362	176	2.942	839112002025740771	839111734529793034	839111734529793033	575	
1	C14H22N2O4	[M - H2O + H]+	C14H21N2O3+	1.000	0.333	38.986	35.618	3.367	5	0.982	2.831	2.831	-67923.981		265.155	177	2.943	839112049144555040	839111734605290514	839111734605290513	577	
1	C42H70N8O14	[M - H2O + H]+	C42H69N8O13+	1.000	0.328	44.467	35.219	9.248	15	0.948	1.060	1.060	-20156.135		893.499	177	2.944	839112027749408848	839111734647233558	839111734647233557	578	
1	C51H77N15O14	[M - H2O + H]+	C51H76N15O13+	0.505	0.333	66.592	61.739	4.853	34	0.925	0.485	0.845	-16276.044		1106.574	177	2.950	839112164194319704	839111734689176602	839111734689176601	579	
1	C45H60N6O14	[M + H]+	C45H61N6O14+	0.413	0.269	42.116	34.016	8.100	17	0.942	0.747	0.747	-3.230		909.421	177	2.957	839112009558711338	839111734731119646	839111734731119645	580	
1	C14H25N3O7	[M - H2O + H]+	C14H24N3O6+	1.000	0.333	114.941	114.941	0.000	30	0.683	1.401	1.401	-54549.913		330.166	178	2.959	839112034233803090	839111735062469698	839111735058275393	589	
1	C20H32N4O9	[M - H2O + H]+	C20H31N4O8+	1.000	0.333	66.819	66.819	0.000	22	0.874	0.808	0.808	-39564.054		455.214	178	2.960	839111995499403270	839111734768868386	839111734768868385	581	
1	C10H20N2O4	[M - H2O + H]+	C10H19N2O3+	1.000	0.333	24.899	21.564	3.335	4	0.986	9.301	9.301	-83714.975		215.139	178	2.961	839112002780715627	839111734810811430	839111734806617125	582	
1	C10H18N2O3	[M - H2O + H]+	C10H17N2O2+	1.000	0.312	11.461	11.461	0.000	3	0.193	1.591	1.591	-91363.528		197.129	178	2.973	839112024230387549	839111734840171562	839111734840171561	583	
1	C25H42N6O9	[M - H2O + H]+	C25H41N6O8+	1.000	0.332	41.830	35.845	5.985	16	0.895	1.089	1.089	-32549.272		553.299	179	2.983	839112014533156144	839111734877920302	839111734877920301	584	
1	C29H46N4O16	[M + H]+	C29H47N4O16+	0.489	0.332	31.176	24.866	6.310	8	0.966	1.043	1.043	2.718		707.300	180	2.998	839112089837694471	839111734915669042	839111734915669041	585	
1	C21H36N4O10	[M - H2O + H]+	C21H35N4O9+	1.000	0.333	52.525	48.965	3.560	19	0.921	0.631	1.225	-36963.761		487.240	180	3.002	839112011475508369	839111734953417782	839111734953417781	586	
1	C33H52N6O8	[M - H2O + H]+	C33H51N6O7+	1.000	0.333	98.269	91.873	6.396	32	0.914	0.902	0.902	-27993.134		643.382	180	3.008	839112087379832237	839111734986972218	839111734986972217	587	
1	C5H6N4O2	[M - H2O + H]+	C5H5N4O+	1.000	0.333	40.914	38.758	2.155	7	0.729	6.107	6.107	-131419.122		137.046	181	3.009	839112003544079039	839111735024720958	839111735024720957	588	
1	C39H61N5O10	[M + Na]+	C39H61N5NaO10+	0.997	0.892	49.647	43.102	6.545	17	0.899	0.490	0.578	-1.168		782.430	181	3.010	839112002289981965	839111735104412742	839111735104412741	590	
1	C27H49N5O7	[M + H]+	C27H50N5O7+	1.000	0.265	55.815	52.436	3.379	11	0.800	2.654	2.654	1.141		556.371	181	3.012	839112024381382502	839111735137967178	839111735137967177	591	
1	C27H41N5O7	[M - H2O + H]+	C27H40N5O6+	0.773	0.293	31.649	31.649	0.000	22	0.777	0.666	0.740	-33961.684		530.298	181	3.013	839112221803087683	839111735901330586	839111735901330585	611	
1	C16H29N3O5	[M - H2O + H]+	C16H28N3O4+	1.000	0.333	83.552	80.536	3.016	12	0.940	1.763	1.763	-55210.650		326.208	181	3.017	839112026281402384	839111735175715918	839111735175715917	592	
1	C45H73N13O9	[M + Na]+	C45H73N13NaO9+	1.000	1.000	106.016	100.270	5.747	41	0.933	0.616	0.616	2.367		962.557	181	3.020	839112039606707005	839111735221853266	839111735221853265	593	
1	C44H80N10O11	[M + K]+	C44H80KN10O11+	0.951	0.880	36.431	36.431	0.000	39	0.818	0.838	1.630	-4.537		963.560	181	3.021	839113322153595996	839111735762918538	839111735758724233	607	
1	C21H40N4O6	[M - H2O + H]+	C21H39N4O5+	1.000	0.333	120.568	118.153	2.415	41	0.950	0.581	0.731	-42149.063		427.292	182	3.028	839112007788714891	839111735259602006	839111735259602005	594	
1	C46H66N8O11	[M - H2O + H]+	C46H65N8O10+	1.000	0.333	96.566	85.815	10.751	38	0.931	0.795	0.795	-20247.308		889.483	182	3.033	839112081952402622	839111735301545050	839111735301545049	595	
1	C42H55N5O7	[M - H2O + H]+	C42H54N5O6+	1.000	0.007	70.058	64.668	5.390	29	0.895	0.135	0.733	-24867.607		724.403	182	3.033	839112057688352779	839111735343488094	839111735343488093	596	
1	C9H14N2O5	[M + H]+	C9H15N2O5+	1.000	0.333	63.492	60.151	3.341	9	0.978	4.276	4.276	0.571		231.098	182	3.035	839112059647092851	839111735410596966	839111735410596965	598	
1	C15H24N2O4	[M - H2O + H]+	C15H23N2O3+	1.000	0.333	50.959	47.433	3.525	6	0.981	2.134	2.134	-64514.265		279.170	182	3.037	839111999425272130	839111735448345706	839111735448345705	599	
1	C9H14N2O5	[M - H2O + H]+	C9H13N2O4+	1.000	0.333	91.522	91.522	0.000	14	0.243	0.925	0.925	-84521.302		213.087	182	3.038	839112042098123730	839111735377042530	839111735377042529	597	
1	C10H22N2O2	[M - H2O + H]+	C10H21N2O+	1.000	0.333	34.470	34.470	0.000	6	0.272	6.576	6.576	-97267.230		185.165	182	3.038	839112090835938940	839111735481900142	839111735481900141	600	
1	C21H35N5O8	[M - H2O + H]+	C21H34N5O7+	1.000	0.333	67.419	63.852	3.568	26	0.974	-0.145	1.208	-38463.122		468.246	182	3.040	839112012901571794	839111735519648882	839111735519648881	601	
1	C34H54N6O8	[M - H2O + H]+	C34H53N6O7+	1.000	0.333	66.732	60.547	6.186	31	0.886	0.236	0.390	-27395.229		657.398	183	3.042	839112097894953088	839111735557397622	839111735557397621	602	
1	C49H73N9O14	[M + H]+	C49H74N9O14+	0.316	0.070	32.490	25.837	6.654	16	0.956	0.584	0.584	0.717		1012.536	183	3.045	839112005163080458	839111735595146362	839111735595146361	603	
1	C31H52N6O11	[M + H]+	C31H53N6O11+	1.000	0.330	73.432	67.050	6.382	26	0.942	1.001	1.394	0.069		685.377	183	3.047	839112017129430497	839111735641283710	839111735637089405	604	
1	C47H79N15O10	[M - H2O + H]+	C47H78N15O9+	0.506	0.332	46.538	38.911	7.626	21	0.924	0.284	0.481	-18068.297		996.614	183	3.051	839112032623190283	839111735679032450	839111735679032449	605	
1	C32H60N6O9	[M - H2O + H]+	C32H59N6O8+	1.000	0.333	61.639	55.043	6.595	16	0.903	0.200	0.794	-27477.801		655.439	183	3.057	839112068526434898	839111735716781190	839111735716781189	606	
1	C34H47N5O8	[M - H2O + H]+	C34H46N5O7+	1.000	0.333	70.943	62.088	8.855	27	0.907	0.571	0.942	-28299.211		636.342	184	3.065	839112071684745910	839111736178154678	839111736178154677	618	
1	C40H66N12O8	[M + Na]+	C40H66N12NaO8+	1.000	0.998	65.341	60.729	4.612	34	0.945	0.738	1.314	0.638		865.502	184	3.065	839112092039704280	839111735796472974	839111735796472973	608	
1	C16H31N3O5	[M - H2O + H]+	C16H30N3O4+	1.000	0.333	80.780	74.816	5.964	18	0.912	0.597	0.597	-54872.689		328.223	184	3.072	839112001283348903	839111735834221714	839111735834221713	609	
1	C6H4N4O	[M + H3N + H]+	C6H8N5O+	0.957	0.333	16.302	16.302	0.000	2	0.503	0.402	0.402	0.624		166.072	185	3.076	839112007855823774	839111735867776150	839111735867776149	610	
1	C32H60N6O9	[M - H2O + H]+	C32H59N6O8+	0.888	0.333	60.430	60.430	0.000	28	0.727	0.859	0.948	-27477.872		655.439	185	3.083	839112077053455248	839111736555642078	839111736551447773	628	
1	C11H24N2O4	[M - H2O + H]+	C11H23N2O3+	1.000	0.333	41.554	35.942	5.613	7	0.995	4.668	4.668	-77910.131		231.170	185	3.084	839112001484675516	839111735972633762	839111735972633761	613	
1	C12H22OS	[M + H3N + H]+	C12H26NOS+	0.982	0.333	54.973	54.973	0.000	9	0.519	7.100	7.100	1.801		232.173	185	3.084	839112021663473393	839111736010382502	839111736010382501	614	
1	C51H94N12O21	[M - H2O + H]+	C51H93N12O20+	0.445	0.006	31.689	22.744	8.944	36	0.717	-0.100	0.381	-15087.582		1193.663	185	3.086	839112135241037473	839111736056519850	839111736056519849	615	
1	C32H59N7O13	[M + Na]+	C32H59N7NaO13+	1.000	1.000	59.096	54.219	4.877	23	0.915	1.021	1.021	4.058		772.409	185	3.090	839112014210194706	839111736094268590	839111736090074285	616	
1	C29H45N5O7	[M - H2O + H]+	C29H44N5O6+	1.000	0.333	45.606	37.950	7.656	15	0.888	0.182	0.410	-32256.634		558.329	185	3.091	839112011181907035	839111736136211634	839111736132017329	617	
1	C53H88N12O15	[M - H2O + H]+	C53H87N12O14+	0.399	0.333	54.304	44.312	9.992	14	0.969	0.041	0.263	-16139.260		1115.651	186	3.094	839112009357384725	839111736215903418	839111736215903417	619	
1	C18H30N4O10	[M - H2O + H]+	C18H29N4O9+	1.000	0.333	103.406	97.208	6.197	31	0.885	0.139	0.574	-40455.022		445.193	186	3.095	839112099618812192	839111736262040766	839111736262040765	620	
1	C19H28N2O7S	[M + H3N + H]+	C19H32N3O7S+	0.943	0.333	92.594	92.594	0.000	27	0.654	0.396	0.664	1.865		446.196	186	3.095	839112034728731002	839111736408841422	839111736408841421	624	
1	C31H45N4O4	[M + Na]+	C31H45N4NaO4+	0.993	0.988	57.768	57.768	0.000	31	0.348	-0.321	0.911	1.220		560.334	186	3.099	839112069851835014	839111735934885022	839111735934885021	612	
1	C56H74N2O8	[M - H2O + H]+	C56H73N2O7+	0.405	0.303	33.627	29.028	4.599	21	0.757	0.040	0.257	-20333.746		885.545	186	3.101	839112066081155559	839111736333343942	839111736333343941	622	
1	C30H45FN4O6	[M - H2O + H]+	C30H44FN4O5+	0.624	0.333	69.528	69.528	0.000	36	0.501	0.250	1.195	-32195.903		559.331	186	3.102	839112049396213358	839111736295595202	839111736295595201	621	
1	C32H52N4O10	[M + Na]+	C32H52N4NaO10+	0.811	0.961	82.249	81.619	0.631	32	0.954	0.669	1.060	-1.517		675.357	186	3.103	839112040395236199	839111736375286986	839111736375286985	623	
1	C16H31N3O5	[M - H2O + H]+	C16H30N3O4+	1.000	0.333	77.450	77.450	0.000	28	0.722	0.499	0.545	-54872.706		328.223	188	3.125	839112047219369373	839111736681471210	839111736681471209	631	
1	C51H70N6O8	[M + Na]+	C51H70N6NaO8+	0.996	0.979	43.299	35.820	7.479	22	0.907	0.184	0.344	2.819		917.517	188	3.128	839112081306479757	839111736446590162	839111736446590161	625	
1	C12H20N4O3	[M - H2O + H]+	C12H19N4O2+	1.000	0.333	91.541	88.390	3.151	29	0.900	0.748	0.833	-71712.063		251.150	188	3.139	839112052801988339	839111736484338902	839111736484338901	626	
1	C11H24N2O4S	[M - H2O + H]+	C11H23N2O3S+	0.847	0.333	36.904	36.904	0.000	6	0.763	0.600	0.600	-68443.610		263.143	188	3.141	839112036138017236	839111736517893338	839111736517893337	627	
1	C36H50N6O8	[M - H2O + H]+	C36H49N6O7+	1.000	0.330	82.043	82.043	0.000	35	0.936	0.287	0.612	-26588.287		677.366	189	3.154	839112055595394977	839111736589196514	839111736589196513	629	
1	C40H56N4O7	[M - H2O + H]+	C40H55N4O6+	1.000	0.332	56.275	51.972	4.303	21	0.842	-0.196	1.383	-26200.885		687.411	190	3.161	839112043167671347	839111736635333862	839111736635333861	630	
1	C16H30N2O8	[M - H2O + H]+	C16H29N2O7+	0.897	0.332	28.593	28.593	0.000	10	0.117	0.613	0.613	-49861.533		361.198	190	3.165	839112018958147109	839111736761162994	839111736761162993	633	
1	C16H31N3O5S	[M - H2O + H]+	C16H30N3O4S+	1.000	0.333	92.683	86.457	6.226	31	0.898	0.270	0.646	-50004.584		360.194	190	3.167	839112020908498603	839111736719219950	839111736719219949	632	
1	C32H50N6O8	[M - H2O + H]+	C32H49N6O7+	1.000	0.000	64.333	58.065	6.268	35	0.906	0.403	0.479	-28616.281		629.366	191	3.184	839112472618279717	839111736803106038	839111736798911733	634	
1	C40H61N9O10	[M + Na]+	C40H61N9NaO10+	0.672	0.273	68.225	62.713	5.512	39	0.912	0.458	0.568	3.775		850.447	191	3.185	839112104274489843	839111736845049082	839111736845049081	635	
1	C29H47N7O8	[M - H2O + H]+	C29H46N7O7+	1.000	0.333	90.761	87.161	3.600	30	0.941	-0.178	0.685	-29800.760		604.346	191	3.190	839112162315271449	839111736891186430	839111736891186429	636	
1	C22H31N4O5	[M - H2O + H]+	C22H30N4O4+	0.917	0.186	54.459	54.130	0.330	12	0.953	2.084	2.572	-43478.080		414.227	191	3.191	839112011240627316	839111736933129474	839111736933129473	637	
1	C14H18N2O6	[M - H2O + H]+	C14H17N2O5+	1.000	0.333	94.594	91.036	3.558	21	0.930	0.217	0.507	-61445.649		293.113	192	3.194	839112022061932296	839111736970878214	839111736970878213	638	
1	C27H38N5O6	[M - H2O + H]+	C27H37N5O5+	1.000	0.171	43.543	41.718	1.825	19	0.901	-0.026	1.292	-35224.331		511.280	192	3.199	839112019553738321	839111737017015562	839111737012821257	639	
1	C25H36N8O5S	[M - H2O + H]+	C25H35N8O4S+	0.993	0.333	36.735	36.735	0.000	20	0.958	3.280	3.280	-33148.419		543.252	192	3.201	839112051145238236	839111737054764302	839111737054764301	640	
1	C21H38N4O6	[M - H2O + H]+	C21H37N4O5+	1.000	0.333	71.917	68.594	3.323	22	0.886	0.367	0.489	-42349.936		425.276	192	3.204	839112026575003689	839111737092513042	839111737092513041	641	
1	C5H13NO4S	[M + H]+	C5H14NO4S+	0.997	0.500	23.637	19.270	4.366	3	0.979	5.045	5.045	0.514		184.064	192	3.204	839112021386649309	839111737130261782	839111737126067477	642	
1	C16H28N4O7	[M - H2O + H]+	C16H27N4O6+	1.000	0.333	161.054	157.580	3.474	45	0.962	-0.083	1.036	-48520.765		371.193	193	3.219	839112038893675247	839111737168010522	839111737168010521	643	
1	C17H25N3O4	[M - H2O + H]+	C17H24N3O3+	1.000	0.333	110.989	107.367	3.623	35	0.964	0.753	0.958	-56604.633		318.181	194	3.229	839112075363150688	839111737201564958	839111737201564957	644	
1	C15H25N3O8	[M - H2O + H]+	C15H24N3O7+	1.000	0.333	127.281	121.375	5.907	37	0.916	0.112	0.727	-50285.147		358.161	194	3.235	839112032732242216	839111737239313698	839111737239313697	645	
1	C60H79N3O9	[M - H2O + H]+	C60H78N3O8+	0.780	0.000	90.721	88.765	1.956	48	0.962	-0.329	0.999	-18590.211		968.583	194	3.236	839112071433087648	839111737277062438	839111737272868133	646	
1	C42H44N4O8	[M - H2O + H]+	C42H43N4O7+	0.499	0.311	86.238	86.238	0.000	34	0.926	0.256	0.771	-25175.734		715.315	194	3.237	839112099241324782	839111737461611834	839111737461611833	651	
1	C44H57N5O11	[M - H2O + H]+	C44H56N5O10+	1.000	0.246	35.704	30.919	4.785	23	0.866	0.007	1.814	-22114.597		814.403	194	3.238	839112020979801794	839111737314811178	839111737314811177	647	
1	C16H28N2O6S	[M - H2O + H]+	C16H27N2O5S+	1.000	0.333	112.468	109.948	2.520	40	0.838	2.360	2.360	-50142.616		359.165	194	3.238	839112043339637855	839111737423863094	839111737423863093	650	
1	C39H61N5O10	[M + Na]+	C39H61N5NaO10+	0.994	0.758	58.157	52.264	5.893	23	0.942	0.086	0.601	-1.053		782.430	194	3.241	839112139783468966	839111737352559918	839111737348365613	648	
1	C26H42N4O7	[M - H2O + H]+	C26H41N4O6+	1.000	0.327	52.787	46.143	6.645	9	0.924	0.238	0.616	-35642.348		505.302	195	3.245	839112034032476478	839111737390308658	839111737390308657	649	
1	C30H55N9O18	[M - H2O + H]+	C30H54N9O17+	0.520	0.333	74.745	74.745	0.000	25	0.939	0.160	0.524	-22165.860		812.367	195	3.252	839112087220448658	839111737499360574	839111737499360573	652	
1	C15H31N3O5	[M - H2O + H]+	C15H30N3O4+	1.000	0.333	107.496	104.049	3.447	40	0.966	0.421	1.709	-56955.059		316.223	195	3.258	839112028483412073	839111737541303618	839111737541303617	653	
1	C32H32N2O4	[M - H2O + H]+	C32H31N2O3+	1.000	0.002	57.745	55.590	2.154	25	0.713	-0.114	0.987	-36664.169		491.233	195	3.258	839112056711079901	839111737579052358	839111737579052357	654	
1	C20H32N4O9	[M - H2O + H]+	C20H31N4O8+	1.000	0.333	122.185	115.668	6.517	29	0.907	-0.337	0.724	-39564.329		455.214	196	3.261	839112031432007900	839111737616801098	839111737616801097	655	
1	C18H30N4O9	[M - H2O + H]+	C18H29N4O8+	1.000	0.333	136.317	132.871	3.447	36	0.908	-0.350	0.943	-41962.404		429.198	196	3.266	839112185996313006	839111737654549838	839111737654549837	656	
1	C35H53N7O9	[M - H2O + H]+	C35H52N7O8+	1.000	0.333	80.580	80.580	0.000	36	0.909	-0.197	0.658	-25788.235		698.388	196	3.274	839112090110324304	839111737700687186	839111737700687185	657	
1	C18H30N4O9	[M - H2O + H]+	C18H29N4O8+	0.725	0.290	79.659	79.659	0.000	36	0.613	0.159	0.248	-41962.550		429.198	197	3.277	839112100562530625	839111737964928366	839111737964928365	664	
1	C24H45N5O7	[M - H2O + H]+	C24H44N5O6+	1.000	0.333	89.549	85.895	3.654	32	0.922	-0.825	1.141	-36140.989		498.329	197	3.278	839112103922168285	839111737738435926	839111737738435925	658	
1	C41H57N7O10	[M - H2O + H]+	C41H56N7O9+	1.000	0.333	93.700	84.293	9.407	35	0.927	0.226	0.512	-22785.292		790.414	197	3.282	839112044220441783	839111737780378970	839111737780378969	659	
1	C26H26N2O7	[M - H2O + H]+	C26H25N2O6+	1.000	0.333	84.141	84.141	0.000	22	0.861	-0.485	2.603	-39055.434		461.170	198	3.294	839112064306964881	839111737818127710	839111737818127709	660	
1	C25H45N5O7	[M - H2O + H]+	C25H44N5O6+	1.000	0.333	61.604	57.907	3.698	23	0.902	-0.564	0.921	-35291.059		510.329	198	3.307	839112056203569080	839111737860070754	839111737860070753	661	
1	C46H66N8O11	[M - H2O + H]+	C46H65N8O10+	1.000	0.333	88.299	81.474	6.825	35	0.962	0.015	0.647	-20246.586		889.483	199	3.311	839112044442739920	839111738371775898	839111738371775897	675	
1	C6H10N2O2	[M + H3N + H]+	C6H14N3O2+	0.959	0.333	91.198	88.490	2.708	10	0.762	3.334	3.334	0.543		160.108	199	3.317	839112019868311136	839111737897819494	839111737893625189	662	
1	C12H20N4O3	[M - H2O + H]+	C12H19N4O2+	1.000	0.333	81.220	75.857	5.363	24	0.906	1.339	1.339	-71711.594		251.150	201	3.347	839112106413585001	839111737931373930	839111737931373929	663	
1	C14H20N2O4	[M - H2O + H]+	C14H19N2O3+	1.000	0.256	33.594	30.469	3.125	7	0.957	2.006	2.006	-68444.401		263.139	201	3.348	839112029389381778	839111738006871410	839111738006871409	665	
1	C34H60N8O12	[M + Na]+	C34H60N8NaO12+	1.000	0.974	100.304	94.318	5.986	39	0.944	0.252	0.688	4.400		795.426	201	3.355	839112084812918051	839111738044620150	839111738044620149	666	
1	C19H36N4O6	[M - H2O + H]+	C19H35N4O5+	1.000	0.333	82.243	76.323	5.921	26	0.855	1.215	1.215	-45108.735		399.261	201	3.358	839112034992972181	839111738082368890	839111738082368889	667	
1	C14H19N3O5	[M - H2O + H]+	C14H18N3O4+	1.000	0.331	63.380	60.215	3.165	16	0.931	0.394	0.543	-61651.950		292.129	202	3.359	839112037857682072	839111738115923326	839111738115923325	668	
1	C38H61N5O12	[M + H]+	C38H62N5O12+	0.495	0.216	50.477	45.213	5.264	18	0.841	0.294	0.447	3.333		780.442	202	3.359	839112098150805667	839111738157866370	839111738153672065	669	
1	C11H22N2O4	[M - H2O + H]+	C11H21N2O3+	1.000	0.333	36.782	33.351	3.432	9	0.987	1.808	1.808	-78594.865		229.155	202	3.360	839112027279646782	839111738229169546	839111738229169545	671	
1	C10H18N2O6S	[M - H2O + H]+	C10H17N2O5S+	1.000	0.333	81.811	78.699	3.112	26	0.980	0.429	0.473	-64998.962		277.086	202	3.360	839112037903819438	839111738191420806	839111738191420805	670	
1	C46H75N9O12	[M - H2O + H]+	C46H74N9O11+	0.222	0.006	30.150	24.501	5.650	20	0.922	0.333	0.648	-19395.064		928.551	202	3.365	839112052936206100	839111738262723982	839111738262723981	672	
1	C35H52N6O6	[M - H2O + H]+	C35H51N6O5+	0.588	0.333	79.823	79.823	0.000	32	0.909	1.961	1.961	-28350.658		635.388	202	3.366	839112130795075121	839111738300472722	839111738300472721	673	
1	C14H27N3O5	[M - H2O + H]+	C14H26N3O4+	1.000	0.333	68.801	65.389	3.412	9	0.955	1.357	1.357	-59995.953		300.192	202	3.368	839112039434740522	839111738334027158	839111738334027157	674	
1	C28H50N6O8	[M + H]+	C28H51N6O8+	1.000	0.321	49.664	47.004	2.659	16	0.904	2.351	2.351	2.805		599.378	202	3.372	839112049333298770	839111738434690462	839111738434690461	676	
1	C37H66N8O10	[M + H]+	C37H67N8O10+	0.996	0.106	54.176	48.002	6.173	28	0.872	1.022	1.022	1.817		783.499	203	3.375	839112043067007998	839111738476633506	839111738476633505	677	
1	C10H20N2O4	[M - H2O + H]+	C10H19N2O3+	1.000	0.333	22.711	19.357	3.353	2	0.987	1.392	1.392	-83714.370		215.139	203	3.388	839112034519015787	839111738552130986	839111738547936681	679	
1	C28H38N2O7	[M + H3N + H]+	C28H42N3O7+	0.936	0.333	66.685	66.685	0.000	26	0.298	1.248	1.715	2.542		532.303	203	3.389	839112102408024492	839111738715708858	839111738715708857	683	
1	C50H76N16O11	[M - H2O + H]+	C50H75N16O10+	0.474	0.322	46.876	37.350	9.526	19	0.971	1.220	1.220	-16993.218		1059.589	204	3.394	839112170804543240	839111738640211378	839111738640211377	681	
1	C27H41N5O7	[M - H2O + H]+	C27H40N5O6+	1.000	0.333	62.412	56.649	5.763	19	0.885	1.153	1.153	-33960.261		530.299	204	3.394	839112044576957670	839111738677960118	839111738677960117	682	
1	C43H62N8O16	[M + H]+	C43H63N8O16+	0.386	0.211	49.040	42.165	6.875	19	0.891	0.931	0.931	1.695		947.437	204	3.397	839112049756923532	839111738753457598	839111738753457597	684	
1	C24H44N4O10	[M - H2O + H]+	C24H43N4O9+	0.688	0.333	74.977	74.977	0.000	34	0.397	2.614	2.738	-33902.328		531.301	204	3.402	839112144351066443	839111738598268334	839111738598268333	680	
1	C55H71N5O7	[M + H]+	C55H72N5O7+	0.481	0.311	43.378	37.681	5.697	18	0.938	1.649	1.649	-6.611		914.537	204	3.404	839112040521065364	839111738799594946	839111738799594945	685	
1	C41H66N6O9	[M - H2O + H]+	C41H65N6O8+	0.658	0.333	66.393	58.121	8.273	22	0.939	1.806	1.806	-23408.911		769.484	204	3.407	839112160209730652	839111738841537990	839111738837343685	686	
1	C18H34N4O6	[M - H2O + H]+	C18H33N4O5+	1.000	0.333	74.481	67.395	7.086	20	0.867	1.455	1.455	-46749.352		385.245	205	3.413	839112039124361989	839111738879286730	839111738879286729	687	
1	C34H57N7O16	[M - H2O + H]+	C34H56N7O15+	0.499	0.330	63.809	57.526	6.282	23	0.924	2.148	2.148	-22444.423		802.384	205	3.413	839112066710301187	839111738912841166	839111738912841165	688	
1	C5H13N3O2	[M - H2O + H]+	C5H12N3O+	1.000	0.333	27.838	27.838	0.000	5	0.985	9.729	9.729	-138435.956		130.098	205	3.417	839112099748835640	839111738979950038	839111738979950037	690	
1	C32H52N8O8	[M - H2O + H]+	C32H51N8O7+	0.873	0.182	24.043	18.921	5.122	6	0.990	6.015	6.015	-27312.154		659.389	205	3.422	839112038872703706	839111739093196258	839111739093196257	693	
1	C53H84N10O13	[M + H]+	C53H85N10O13+	0.524	0.076	37.565	28.509	9.056	30	0.809	1.142	1.142	1.562		1069.631	205	3.423	839112061341591810	839111739017698778	839111739017698777	691	
1	C23H43N7O6	[M + H]+	C23H44N7O6+	0.468	0.134	27.796	22.448	5.348	3	0.901	5.177	5.177	2.103		514.336	205	3.424	839112080337595458	839111739055447518	839111739055447517	692	
1	C17H29N3O6S2	[M - H2O + H]+	C17H28N3O5S2+	0.983	0.333	117.976	117.976	0.000	35	0.445	0.249	0.489	-43074.025		418.146	206	3.429	839112071944792797	839111738510187942	839111738510187941	678	
1	C18H25FN4O4	[M + K]+	C18H25FKN4O4+	0.962	0.940	58.590	58.590	0.000	22	0.328	0.181	0.326	0.282		419.149	206	3.432	839112097433579556	839111738950589906	839111738950589905	689	
1	C44H79N9O13	[M - H2O + H]+	C44H78N9O12+	0.505	0.000	36.496	27.828	8.668	21	0.917	1.502	1.502	-19478.064		924.578	206	3.433	839112060754389201	839111739130944998	839111739130944997	694	
1	C17H29N3O6S2	[M - H2O + H]+	C17H28N3O5S2+	0.989	0.333	110.742	110.742	0.000	31	0.440	0.180	0.899	-43073.863		418.146	206	3.434	839112087988006361	839111739445517830	839111739445517829	702	
1	C49H75N9O11	[M + Na]+	C49H75N9NaO11+	1.000	1.000	77.552	71.666	5.885	35	0.958	0.434	0.593	3.930		988.552	206	3.435	839112080819940463	839111739168693738	839111739168693737	695	
1	C14H22N2O4	[M - H2O + H]+	C14H21N2O3+	1.000	0.333	75.348	72.882	2.466	11	0.982	8.299	8.299	-67922.128		265.155	206	3.436	839112040911135668	839111739206442478	839111739206442477	696	
1	C43H76N6O10	[M + K]+	C43H76KN6O10+	0.390	0.524	43.699	37.011	6.689	21	0.977	1.689	1.689	-0.252		875.525	207	3.448	839112043163477015	839111739281939958	839111739281939957	698	
1	C34H41N9O4	[M - H2O + H]+	C34H40N9O3+	0.516	0.241	58.407	51.850	6.557	21	0.888	1.213	1.447	-28941.525		622.324	207	3.448	839112073035311896	839111739244191218	839111739244191217	697	
1	C52H77N9O12	[M + H]+	C52H78N9O12+	0.348	0.000	25.727	19.436	6.291	21	0.890	1.583	1.583	1.592		1020.578	207	3.448	839112097609740381	839111739323883002	839111739323883001	699	
1	C46H77N5O15	[M + H]+	C46H78N5O15+	0.544	0.332	61.672	52.767	8.906	23	0.950	0.965	0.965	2.740		940.551	207	3.449	839112080496979030	839111739365826046	839111739365826045	700	
1	C38H68N8O11	[M - H2O + H]+	C38H67N8O10+	0.873	0.255	57.875	49.189	8.686	21	0.925	1.164	1.164	-22639.341		795.498	207	3.453	839112045482927462	839111739407769090	839111739407769089	701	
1	C12H20N4O3	[M - H2O + H]+	C12H19N4O2+	1.000	0.333	116.097	116.097	0.000	24	0.388	0.938	0.938	-71711.807		251.150	208	3.464	839112035848610237	839111739479072266	839111739479072265	703	
1	C25H40N4O7	[M - H2O + H]+	C25H39N4O6+	1.000	0.333	78.053	69.791	8.262	13	0.875	1.460	1.460	-36658.536		491.287	208	3.467	839112093398658861	839111739516821006	839111739516821005	704	
1	C25H47N5O8	[M - H2O + H]+	C25H46N5O7+	1.000	0.000	60.996	57.723	3.274	33	0.919	-0.274	1.331	-34086.173		528.341	209	3.476	839112156258696085	839111739554569746	839111739554569745	705	
1	C53H74N4O7	[M + Na]+	C53H74N4NaO7+	0.365	0.196	59.783	55.767	4.016	13	0.955	0.305	0.372	-5.182		901.540	209	3.477	839112161757428967	839111739596512790	839111739596512789	706	
1	C24H36N4O6	[M - H2O + H]+	C24H35N4O5+	1.000	0.333	52.458	45.852	6.606	15	0.926	0.771	0.771	-39215.197		459.261	209	3.479	839112095638417400	839111739672010270	839111739672010269	708	
1	C37H57N5O7S2	[M + Na]+	C37H57N5NaO7S2+	0.748	0.009	71.923	71.923	0.000	38	0.879	-0.831	1.122	-1.976		770.358	209	3.484	839112123819947315	839111739709759010	839111739709759009	709	
1	C10H18N2O4	[M - H2O + H]+	C10H17N2O3+	1.000	0.333	94.066	91.136	2.930	24	0.976	2.257	2.257	-84506.926		213.124	210	3.493	839112043280917575	839111739743313446	839111739743313445	710	
1	C49H68N6O8	[M + H]+	C49H69N6O8+	0.734	0.333	55.388	55.388	0.000	27	0.959	-0.293	0.810	-2.426		869.515	210	3.493	839112079846861829	839111739789450794	839111739789450793	711	
1	C15H26N4O7	[M - H2O + H]+	C15H25N4O6+	1.000	0.333	121.381	118.478	2.904	39	0.897	0.882	0.942	-50424.254		357.177	210	3.498	839112074838862667	839111739919474230	839111739919474229	714	
1	C20H36N4O6	[M - H2O + H]+	C20H35N4O5+	1.000	0.333	58.568	52.393	6.175	10	0.901	1.720	1.720	-43792.678		411.261	210	3.498	839112082912898261	839111739877531186	839111739877531185	713	
1	C26H47N5O8	[M - H2O + H]+	C26H46N5O7+	1.000	0.333	83.467	75.042	8.425	25	0.879	0.651	0.664	-33331.092		540.340	210	3.499	839112168338292345	839111739961417274	839111739961417273	715	
1	C40H70N8O11	[M - H2O + H]+	C40H69N8O10+	0.987	0.252	42.901	33.775	9.126	10	0.945	0.410	0.410	-21922.674		821.514	210	3.504	839112126873400723	839111739999166014	839111739999166013	716	
1	C46H79N9O12	[M + H]+	C46H80N9O12+	0.510	0.115	41.076	31.600	9.477	25	0.910	0.121	0.322	0.752		950.593	210	3.505	839112081411337383	839111740041109058	839111740036914753	717	
1	C27H45N3O5S	[M + H3N + H]+	C27H49N4O5S+	0.817	0.333	122.592	122.592	0.000	41	0.489	0.767	1.383	0.992		541.342	210	3.506	839112149346482795	839111739630067226	839111739630067225	707	
1	C52H90N10O14	[M + H]+	C52H91N10O14+	0.817	0.333	52.520	45.394	7.126	22	0.968	-0.256	0.384	1.006		1079.672	210	3.508	839112048049841632	839111740074663494	839111740074663493	718	
1	C19H36N4O6	[M - H2O + H]+	C19H35N4O5+	0.792	0.333	71.285	71.285	0.000	32	0.773	0.536	0.536	-45108.721		399.261	211	3.508	839112106019320376	839111740145966670	839111740145966669	720	
1	C25H42N5O7	[M + H3N + H]+	C25H46N6O7+	0.675	0.317	119.414	119.414	0.000	38	0.489	0.656	0.726	4.805		542.345	211	3.509	839112135383643825	839111739823005230	839111739823005229	712	
1	C18H36N4O6S	[M - H2O + H]+	C18H35N4O5S+	1.000	0.333	109.925	106.422	3.503	37	0.922	1.566	1.712	-42961.865		419.232	211	3.510	839112064374073765	839111740112412234	839111740112412233	719	
1	C2H5FN2O2	[M + H3N + H]+	C2H9FN3O2+	0.999	0.013	32.394	32.394	0.000	10	0.160	-7.823	7.823	-7.902		126.066	211	3.512	839112098138222750	839111740217269846	839111740217269845	722	
1	C10H22N2O4	[M - H2O + H]+	C10H21N2O3+	1.000	0.333	36.784	33.447	3.338	7	0.976	5.415	5.415	-82938.275		217.155	211	3.514	839112039174693660	839111740179521106	839111740179521105	721	
1	C18H34N4O6	[M - H2O + H]+	C18H33N4O5+	0.988	0.333	49.516	49.516	0.000	29	0.811	0.847	0.888	-46750.412		385.245	212	3.537	839112047856903603	839111740695420554	839111740695420553	735	
1	C16H23N3O4	[M - H2O + H]+	C16H22N3O3+	1.000	0.333	102.114	98.611	3.503	27	0.960	1.349	1.349	-59213.057		304.166	213	3.548	839112040466539393	839111740255018586	839111740255018585	723	
1	C14H29N3O5	[M - H2O + H]+	C14H28N3O4+	1.000	0.333	112.263	108.883	3.379	32	0.941	0.922	0.922	-59596.531		302.207	213	3.554	839112102869397961	839111740292767326	839111740292767325	724	
1	C9H14N2O5	[M - H2O + H]+	C9H13N2O4+	1.000	0.333	98.367	98.367	0.000	16	0.286	0.273	0.458	-84521.430		213.087	214	3.560	839112042362364905	839111740330516066	839111740326321761	725	
1	C9H17N3O5	[M - H2O + H]+	C9H16N3O4+	1.000	0.333	137.914	134.992	2.922	32	0.953	0.168	0.713	-78267.945		230.114	214	3.561	839112044753118462	839111740364070502	839111740364070501	726	
1	C19H36N4O6S	[M - H2O + H]+	C19H35N4O5S+	1.000	0.333	71.059	71.059	0.000	28	0.924	-0.077	0.499	-41765.267		431.232	214	3.566	839112054316132204	839111740401819242	839111740401819241	727	
1	C37H66N8O10	[M - H2O + H]+	C37H65N8O9+	1.000	0.333	88.767	88.767	0.000	34	0.940	-0.562	1.046	-23527.447		765.488	215	3.577	839112092429774593	839111740435373678	839111740435373677	728	
1	C34H51N7O9	[M - H2O + H]+	C34H50N7O8+	1.000	0.333	74.950	74.950	0.000	32	0.903	-0.501	0.838	-26315.392		684.373	215	3.583	839112141876426818	839111740473122418	839111740473122417	729	
1	C48H87N17O13	[M - H2O + H]+	C48H86N17O12+	0.510	0.333	50.833	50.833	0.000	28	0.900	-0.386	0.627	-16479.730		1092.667	215	3.584	839112097525854267	839111740510871158	839111740510871157	730	
1	C25H43N5O8	[M - H2O + H]+	C25H42N5O7+	1.000	0.333	67.130	63.590	3.540	33	0.846	-0.008	0.747	-34349.990		524.308	215	3.587	839112094317211546	839111740552814202	839111740548619897	731	
1	C30H46N6O8	[M - H2O + H]+	C30H45N6O7+	1.000	0.333	89.832	83.650	6.182	29	0.914	-0.444	0.671	-29950.283		601.335	216	3.595	839112129029273065	839111740590562942	839111740586368637	732	
1	C16H29N3O5	[M - H2O + H]+	C16H28N3O4+	1.000	0.333	73.093	69.589	3.503	20	0.904	0.818	0.818	-55212.365		326.207	216	3.601	839112146309806628	839111740624117378	839111740624117377	733	
1	C28H43N5O8	[M - H2O + H]+	C28H42N5O7+	1.000	0.333	58.961	55.538	3.424	24	0.917	-0.323	0.911	-32143.213		560.308	216	3.602	839112063845591420	839111740661866118	839111740661866117	734	
1	C51H68N4O7	[M + Na]+	C51H68N4NaO7+	0.960	1.000	41.270	41.270	0.000	25	0.817	0.179	1.145	-5.039		871.494	217	3.612	839112106153538124	839111740934495906	839111740934495905	741	
1	C7H13NO	[M + H3N + H]+	C7H17N2O+	0.602	0.333	42.543	42.543	0.000	7	0.051	6.396	6.396	-0.445		145.133	217	3.615	839112094468206529	839111740741557902	839111740741557901	736	
1	C33H52N6O9	[M - H2O + H]+	C33H51N6O8+	1.000	0.333	93.903	87.207	6.695	35	0.904	-0.485	0.734	-27313.767		659.377	217	3.619	839112179956515032	839111740779306642	839111740779306641	737	
1	C26H46BFN4O8	[M - H2O + H]+	C26H45BFN4O7+	0.494	0.320	90.170	90.170	0.000	42	0.528	-0.770	1.028	-32494.116		554.337	217	3.623	839112136851650322	839111740968050342	839111740968050341	743	
1	C26H46N6O8	[M - H2O + H]+	C26H45N6O7+	1.000	0.333	69.840	61.111	8.729	25	0.902	-0.601	0.817	-32548.448		553.335	217	3.623	839112141649934377	839111740821249686	839111740821249685	738	
1	C52H94N10O13	[M + K]+	C52H94KN10O13+	0.685	0.533	27.501	27.501	0.000	16	0.964	-0.676	1.269	-0.218		1105.663	218	3.626	839112110431728400	839111740863192730	839111740863192729	739	
1	C43H68N8O11	[M - H2O + H]+	C43H67N8O10+	1.000	0.333	118.908	110.053	8.855	44	0.943	-0.742	0.799	-21052.055		855.498	218	3.627	839112060041357448	839111740900941470	839111740900941469	740	
1	C26H44N6O7	[M + Na]+	C26H44N6NaO7+	1.000	1.000	35.764	32.360	3.404	22	0.772	-0.160	0.917	-0.501		575.316	218	3.640	839112057826764826	839111741005799082	839111741005799081	744	
1	C17H25N3O4	[M - H2O + H]+	C17H24N3O3+	1.000	0.333	58.798	55.668	3.130	16	0.975	-0.399	1.214	-56604.865		318.181	219	3.645	839112082950647021	839111741039353518	839111741039353517	745	
1	C14H23N3O8	[M - H2O + H]+	C14H22N3O7+	1.000	0.333	136.123	132.533	3.590	38	0.916	0.660	1.192	-52334.188		344.145	219	3.647	839112093155389206	839111741081296562	839111741081296561	746	
1	C49H78N10O14	[M - H2O + H]+	C49H77N10O13+	0.594	0.333	47.218	41.793	5.425	18	0.957	-0.453	0.659	-17765.736		1013.570	219	3.651	839112050167965349	839111741114850998	839111741114850997	747	
1	C28H34N2O5	[M - H2O + H]+	C28H33N2O4+	1.000	0.330	43.410	41.189	2.221	18	0.898	1.978	3.578	-39049.004		461.243	219	3.654	839112049282967100	839111741156794042	839111741152599737	748	
1	C40H70N10O12	[M + K]+	C40H70KN10O12+	0.577	0.975	24.211	18.242	5.970	17	0.816	-0.352	1.990	-2.622		921.478	219	3.656	839112050281211585	839111741190348478	839111741190348477	749	
1	C16H28N4O8	[M - H2O + H]+	C16H27N4O7+	1.000	0.333	110.190	106.739	3.452	39	0.909	0.048	0.940	-46516.414		387.187	220	3.660	839112063262583111	839111741228097218	839111741228097217	750	
1	C45H78N10O14	[M - H2O + H]+	C45H77N10O13+	0.993	0.000	50.316	43.114	7.202	37	0.868	0.020	0.643	-18652.718		965.567	220	3.660	839112086331256173	839111741261651654	839111741261651653	751	
1	C56H69N11O7	[M - H2O + H]+	C56H68N11O6+	1.000	0.000	73.739	69.003	4.736	40	0.858	-0.057	1.074	-18187.565		990.530	220	3.661	839112094866665444	839111741299400394	839111741299400393	752	
1	C27H49N5O9	[M - H2O + H]+	C27H48N5O8+	1.000	0.333	92.140	88.357	3.782	33	0.937	-0.300	1.545	-31578.341		570.350	220	3.668	839112084326378761	839111741332954830	839111741332954829	753	
1	C25H45N5O8	[M - H2O + H]+	C25H44N5O7+	1.000	0.333	93.266	89.832	3.433	35	0.904	0.130	0.742	-34218.283		526.324	220	3.672	839112131403249231	839111741370703570	839111741370703569	754	
1	C47H82N14O10	[M + K]+	C47H82KN14O10+	1.000	0.999	37.677	36.269	1.408	20	0.960	-0.592	0.797	1.101		1041.598	221	3.675	839112072074816246	839111741408452310	839111741408452309	755	
1	C23H36FN5O6S	[M - H2O + H]+	C23H35FN5O5S+	0.999	0.010	84.192	84.192	0.000	42	0.911	0.345	0.788	-35157.265		512.236	221	3.676	839112163867163976	839111741442006746	839111741442006745	756	
1	C20H38N4O7	[M - H2O + H]+	C20H37N4O6+	1.000	0.307	142.807	139.601	3.206	38	0.897	-0.408	0.832	-41956.045		429.271	221	3.684	839112065334569402	839111741479755486	839111741479755485	757	
1	C20H37N5O7	[M - H2O + H]+	C20H36N5O6+	1.000	0.333	79.112	75.322	3.790	24	0.922	-0.615	0.953	-40723.094		442.266	221	3.689	839112099534926089	839111741517504226	839111741517504225	758	
1	C22H42N4O8	[M - H2O + H]+	C22H41N4O7+	1.000	0.333	82.632	79.295	3.337	31	0.909	0.369	0.747	-38052.745		473.297	222	3.698	839112067490441758	839111741559447270	839111741559447269	759	
1	C18H32N4O6	[M - H2O + H]+	C18H31N4O5+	1.000	0.333	77.105	75.701	1.404	25	0.928	-0.340	0.945	-46997.068		383.229	222	3.702	839112078294969257	839111741601390314	839111741601390313	760	
1	C39H48N6O7	[M - H2O + H]+	C39H47N6O6+	0.495	0.232	50.763	47.448	3.316	11	0.788	-0.481	0.813	-25902.056		695.355	223	3.710	839112087807651264	839111741643333358	839111741643333357	761	
1	C48H60N4O7	[M - H2O + H]+	C48H59N4O6+	0.999	0.333	42.642	42.642	0.000	18	0.736	-0.581	0.765	-22867.608		787.446	223	3.715	839112176789815302	839111741681082098	839111741676887793	762	
1	C36H55N7O10	[M - H2O + H]+	C36H54N7O9+	1.000	0.333	75.698	75.698	0.000	37	0.895	-0.475	0.825	-24725.507		728.398	223	3.723	839112118723867729	839111741714636534	839111741714636533	763	
1	C31H55N7O9	[M - H2O + H]+	C31H54N7O8+	1.000	0.333	83.612	83.612	0.000	35	0.953	-0.683	1.012	-27605.970		652.403	224	3.729	839112111958455108	839111741785939710	839111741785939709	765	
1	C5H6N4O2	[M - H2O + H]+	C5H5N4O+	1.000	0.333	28.168	28.168	0.000	5	0.277	4.075	4.075	-131419.865		137.046	224	3.732	839112097693626483	839111741853048582	839111741853048581	767	
1	C9H12F2N2O2	[M + H3N + H]+	C9H16F2N3O2+	0.950	0.333	35.316	35.316	0.000	11	0.009	4.873	4.873	4.046		236.121	224	3.737	839112053011703590	839111741894991626	839111741894991625	768	
1	C8H27N8O	[M - H2O + H]+	C8H26N8+	0.982	0.333	-1.820	-1.820	0.000	4	0.037	6.622	6.622	-76895.949		234.227	224	3.738	839112054391629700	839111742071152414	839111742071152413	773	
1	C11H16N4O3	[M - H2O + H]+	C11H15N4O2+	1.000	0.333	71.565	66.216	5.349	24	0.853	0.261	0.676	-76602.119		235.119	224	3.738	839112089980300860	839111741970489106	839111741966294801	770	
1	C15H18N4O3	[M - H2O + H]+	C15H17N4O2+	1.000	0.270	75.431	72.228	3.203	32	0.917	1.193	1.297	-63165.774		285.134	224	3.738	839112098842865879	839111741932740366	839111741932740365	769	
1	C17H29	[M + H]+	C17H30+	0.500	0.484	-1.405	-1.405	0.000	0	0.000	-3.302	3.302	-1.590		234.234	224	3.741	839112083063893251	839111741819494146	839111741819494145	766	
1	C7H7N3O3S	[M + Na]+	C7H7N3NaO3S+	1.000	1.000	18.835	18.835	0.000	6	0.012	3.522	3.522	0.920		236.010	225	3.745	839112056371341259	839111742033403674	839111742033403673	772	
1	C15H31	[M + Na]+	C15H31Na+	1.000	1.000	-0.137	-0.137	0.000	0	0.000	0.390	0.390	2.939		234.232	225	3.747	839112163934272851	839111741999849238	839111741999849237	771	
1	C29H48N8O8	[M - H2O + H]+	C29H47N8O7+	1.000	0.333	77.741	74.651	3.090	40	0.947	-0.301	1.139	-29078.167		619.357	225	3.747	839112085978934586	839111742108901154	839111742108901153	774	
1	C7H7N3O3S	[M + Na]+	C7H7N3NaO3S+	1.000	1.000	31.008	31.008	0.000	9	0.011	4.238	4.238	-4.228		236.009	225	3.748	839112058523019343	839111741748190970	839111741748190969	764	
1	C29H43N5O9	[M - H2O + H]+	C29H42N5O8+	1.000	0.333	87.057	83.864	3.193	40	0.927	-0.192	0.912	-30611.696		588.304	226	3.761	839112190291280450	839111742146649894	839111742146649893	775	
1	C33H48N8O8	[M - H2O + H]+	C33H47N8O7+	0.824	0.333	43.327	36.563	6.763	14	0.929	-0.313	0.881	-26987.167		667.357	226	3.763	839112057608660978	839111742184398634	839111742184398633	776	
1	C15H31N3O6	[M - H2O + H]+	C15H30N3O5+	1.000	0.333	116.262	113.278	2.984	34	0.922	0.686	0.848	-54213.909		332.218	226	3.768	839112090844327551	839111742247313198	839111742247313197	777	
1	C22H34N4O6	[M - H2O + H]+	C22H33N4O5+	1.000	0.333	73.169	66.902	6.267	15	0.917	-0.508	0.937	-41571.519		433.244	226	3.773	839112101510443372	839111742285061938	839111742285061937	778	
1	C24H41N7O7	[M - H2O + H]+	C24H40N7O6+	0.980	0.330	51.887	48.601	3.286	11	0.871	2.043	2.043	-34482.156		522.304	227	3.776	839112089896414752	839111742322810678	839111742322810677	779	
1	C36H54N4O6	[M + Na]+	C36H54N4NaO6+	0.928	0.939	51.815	51.815	0.000	26	0.878	-0.179	0.857	-2.111		661.392	227	3.781	839112093776146264	839111742356365114	839111742356365113	780	
1	C15H21N4O3	[M + Na]+	C15H21N4NaO3+	0.981	0.985	29.813	29.813	0.000	8	0.871	0.669	1.286	-1.162		328.150	227	3.788	839112058648848476	839111742574468946	839111742574468945	786	
1	C21H32N4O6	[M - H2O + H]+	C21H31N4O5+	1.000	0.333	93.234	89.599	3.636	35	0.945	-0.387	1.041	-42961.387		419.229	227	3.789	839112086780046721	839111742427668290	839111742427668289	782	
1	C38H59N7O11	[M - H2O + H]+	C38H58N7O10+	1.000	0.333	100.252	100.252	0.000	44	0.910	-0.058	0.551	-23316.634		772.424	227	3.789	839112180195590383	839111742465417030	839111742465417029	783	
1	C29H47N7O7	[M - H2O + H]+	C29H46N7O6+	1.000	0.320	99.118	95.469	3.649	37	0.881	-0.580	0.768	-30612.282		588.350	228	3.794	839112123480208621	839111742540914510	839111742540914509	785	
1	C11H18N4O3S	[M - H2O + H]+	C11H17N4O2S+	1.000	0.333	110.620	107.952	2.668	46	0.944	-0.181	1.055	-66927.443		269.107	228	3.794	839112186193445316	839111742503165770	839111742503165769	784	
1	C36H64N8O10	[M - H2O + H]+	C36H63N8O9+	1.000	0.000	46.987	46.987	0.000	27	0.940	-0.484	1.497	-23966.746		751.471	228	3.796	839112197241242535	839111742616411990	839111742612217685	787	
1	C13H27N3O5	[M - H2O + H]+	C13H26N3O4+	1.000	0.333	91.221	87.918	3.303	20	0.928	-0.024	0.884	-62495.593		288.192	228	3.797	839112063338080601	839111742654160730	839111742654160729	788	
1	C14H20N2O4	[M - H2O + H]+	C14H19N2O3+	1.000	0.245	64.187	60.548	3.639	9	0.974	1.203	1.203	-68445.376		263.139	228	3.800	839112150688660175	839111742700298078	839111742700298077	789	
1	C9H16N2O6	[M - H2O + H]+	C9H15N2O5+	1.000	0.333	116.614	114.125	2.490	24	0.949	1.011	1.340	-77933.633		231.098	228	3.805	839112094459817902	839111742742241122	839111742742241121	790	
1	C25H38N4O7	[M - H2O + H]+	C25H37N4O6+	1.000	0.333	81.275	74.808	6.467	24	0.872	-0.282	0.773	-36810.554		489.271	228	3.806	839112073656068914	839111742779989862	839111742779989861	791	
1	C11H22N2O4	[M - H2O + H]+	C11H21N2O3+	1.000	0.333	40.780	37.418	3.362	4	0.981	6.054	6.054	-78595.006		229.155	229	3.809	839112137766008637	839111742817738602	839111742817738601	792	
1	C20H41N3O9	[M + Na]+	C20H41N3NaO9+	0.992	1.000	69.695	69.695	0.000	25	0.676	2.566	2.566	0.600		490.274	229	3.810	839112144833411456	839111742389919550	839111742389919549	781	
1	C48H74N8O12	[M + Na]+	C48H74N8NaO12+	0.970	0.825	79.176	75.075	4.102	38	0.933	-0.568	0.900	-1.228		977.531	229	3.813	839112122377106598	839111742855487342	839111742855487341	793	
1	C13H25N3O5	[M - H2O + H]+	C13H24N3O4+	1.000	0.333	65.021	62.284	2.737	14	0.973	-0.462	0.958	-62935.699		286.176	229	3.819	839112092211670765	839111742901624690	839111742897430385	794	
1	C10H14N2O6	[M - H2O + H]+	C10H13N2O5+	1.000	0.300	63.173	63.173	0.000	11	0.009	0.563	1.339	-74708.329		241.082	229	3.819	839112193772552942	839111742939373430	839111742939373429	795	
1	C10H17N3O6	[M - H2O + H]+	C10H16N3O5+	1.000	0.333	122.040	118.918	3.122	30	0.959	-0.166	0.800	-69778.881		258.108	229	3.820	839112477479478297	839111742981316474	839111742981316473	796	
1	C16H32N4O6	[M - H2O + H]+	C16H31N4O5+	1.000	0.333	118.614	115.211	3.403	34	0.918	-0.542	0.942	-50136.990		359.229	230	3.827	839112071818963660	839111743023259518	839111743023259517	797	
1	C15H24N2O5	[M - H2O + H]+	C15H23N2O4+	1.000	0.333	52.160	48.695	3.465	13	0.968	0.738	0.885	-61018.813		295.165	230	3.828	839112068270582327	839111743061008258	839111743061008257	798	
1	C41H61N9O11	[M - H2O + H]+	C41H60N9O10+	1.000	0.333	90.320	81.225	9.096	42	0.920	0.256	0.537	-21480.608		838.446	230	3.832	839112220876146474	839111743098756998	839111743098756997	799	
1	C18H29N5O6	[M - H2O + H]+	C18H28N5O5+	1.000	0.333	83.026	79.805	3.220	31	0.962	0.069	0.978	-45687.665		394.209	230	3.833	839112108800144058	839111743140700042	839111743140700041	800	
1	C19H34N4O6	[M - H2O + H]+	C19H33N4O5+	1.000	0.333	67.863	64.582	3.281	17	0.953	0.222	1.084	-45338.619		397.245	231	3.843	839112080060771370	839111743174254478	839111743174254477	801	
1	C32H50N6O9	[M - H2O + H]+	C32H49N6O8+	1.000	0.333	69.170	69.170	0.000	29	0.929	-0.861	1.062	-27906.715		645.361	231	3.850	839112122599404735	839111743245557654	839111743245557653	803	
1	C36H54N6O10	[M + Na]+	C36H54N6NaO10+	0.981	0.967	110.766	104.470	6.297	45	0.949	-0.584	0.770	-1.596		753.378	231	3.850	839112169701441237	839111743212003218	839111743212003217	802	
1	C17H27N3O5	[M - H2O + H]+	C17H26N3O4+	1.000	0.333	67.876	64.324	3.552	19	0.914	0.701	1.128	-53572.928		336.192	231	3.857	839112079842667505	839111743283306394	839111743283306393	804	
1	C33H52N8O9	[M - H2O + H]+	C33H51N8O8+	1.000	0.000	50.140	50.140	0.000	26	0.834	-0.445	0.742	-26200.959		687.383	232	3.870	839112116127593510	839111743321055134	839111743321055133	805	
1	C23H36N4O7	[M - H2O + H]+	C23H35N4O6+	1.000	0.333	109.716	106.124	3.591	39	0.913	-0.362	0.847	-38879.276		463.255	232	3.870	839112091653828272	839111743392358310	839111743392358309	807	
1	C15H31N3O6	[M - H2O + H]+	C15H30N3O5+	1.000	0.333	110.834	107.753	3.081	32	0.939	0.678	0.915	-54213.623		332.218	232	3.871	839112093927141232	839111743358803874	839111743358803873	806	
1	C5H4N2O	[M + H3N + H]+	C5H8N3O+	1.000	0.333	71.520	68.653	2.868	9	0.172	5.899	5.899	1.045		126.066	232	3.874	839112222272849751	839111743430107050	839111743430107049	808	
1	C10H12N2O4	[M + H3N + H]+	C10H16N3O4+	0.913	0.333	46.211	43.122	3.089	8	0.943	3.563	3.563	-0.506		242.113	232	3.874	839112171421105976	839111743463661486	839111743463661485	809	
1	H5N4O3	[M + H3N + H]+	H9N5O3+	0.524	0.024	4.314	4.314	0.000	1	0.000	-3.758	3.758	-3.074		127.070	233	3.880	839112099409096965	839111743501410226	839111743501410225	810	
1	C29H44N6O8	[M - H2O + H]+	C29H43N6O7+	1.000	0.333	95.314	95.314	0.000	38	0.932	-0.541	0.721	-30664.747		587.319	234	3.892	839112161971338496	839111743576907706	839111743576907705	812	
1	C14H27N3O5	[M - H2O + H]+	C14H26N3O4+	1.000	0.333	82.111	78.804	3.307	17	0.910	-0.322	0.631	-59997.153		300.192	234	3.892	839113330319905969	839111743610462142	839111743610462141	813	
1	C9H10N2O5	[M - H2O + H]+	C9H9N2O4+	1.000	0.001	32.680	32.680	0.000	5	0.074	-0.587	0.770	-86151.572		209.056	234	3.893	839112151728847594	839111743539158966	839111743539158965	811	
1	C9H15N3O6	[M - H2O + H]+	C9H14N3O5+	1.000	0.333	84.749	81.822	2.928	22	0.978	-0.322	0.698	-73785.978		244.093	234	3.893	839112096041070607	839111743652405186	839111743652405185	814	
1	C13H27N3O5S	[M - H2O + H]+	C13H26N3O4S+	1.000	0.333	76.967	74.325	2.642	23	0.936	0.524	0.773	-56254.585		320.164	234	3.896	839112180887650569	839111743694348230	839111743694348229	815	
1	C34H59N7O10	[M - H2O + H]+	C34H58N7O9+	1.000	0.333	112.870	104.085	8.785	41	0.927	-0.803	1.052	-25422.409		708.430	234	3.897	839112192816251596	839111743732096970	839111743732096969	816	
1	C26H42N6O11	[M - H2O + H]+	C26H41N6O10+	1.000	0.333	107.956	101.122	6.834	37	0.921	-0.525	0.832	-30153.424		597.288	234	3.897	839112109202797270	839111743774040014	839111743774040013	817	
1	C14H22N4O4	[M - H2O + H]+	C14H21N4O3+	1.000	0.333	150.519	147.464	3.055	44	0.961	0.632	0.788	-61436.533		293.161	234	3.907	839112145554831792	839111743845343190	839111743845343189	819	
1	C22H46N8O8	[M + K]+	C22H46KN8O8+	0.991	0.978	86.238	86.238	0.000	36	0.764	-0.353	0.543	-2.280		589.306	235	3.912	839112238496418142	839111743954395106	839111743954395105	822	
1	C36H54N8O10	[M - H2O + H]+	C36H53N8O9+	0.691	0.333	46.019	46.019	0.000	29	0.741	0.420	0.773	-24291.706		741.394	235	3.923	839112467698360947	839111743883091930	839111743883091929	820	
1	C29H43N5O9	[M - H2O + H]+	C29H42N5O8+	1.000	0.333	84.859	75.979	8.880	32	0.914	-0.510	0.785	-30614.394		588.303	235	3.923	839112242673945078	839111743920840670	839111743920840669	821	
1	C26H47N3O13	[M + K]+	C26H47KN3O13+	1.000	1.000	137.201	135.299	1.902	45	0.941	-0.653	0.898	-1.707		648.273	236	3.931	839112719838950549	839111744000532454	839111744000532453	823	
1	C21H34N4O11	[M - H2O + H]+	C21H33N4O10+	0.727	0.328	36.253	36.253	0.000	18	0.742	-0.261	0.328	-35933.049		501.219	236	3.938	839112127389300136	839111743807594450	839111743807594449	818	
1	C12H25N5O3	[M - H2O + H]+	C12H24N5O2+	1.000	0.333	97.078	93.979	3.099	34	0.934	-0.027	0.987	-66658.327		270.192	236	3.938	839112135509472970	839111744038281194	839111744038281193	824	
1	C13H27N3O5	[M - H2O + H]+	C13H26N3O4+	1.000	0.333	85.432	79.491	5.941	14	0.970	-0.029	0.524	-62495.187		288.192	237	3.947	839112094178799498	839111744076029934	839111744076029933	825	
1	C26H52N6O9	[M - H2O + H]+	C26H51N6O8+	0.380	0.000	42.648	35.833	6.816	16	0.858	0.122	0.627	-31301.392		575.377	237	3.948	839112217357125300	839111744122167282	839111744122167281	826	
1	C12H25N5O3	[M - H2O + H]+	C12H24N5O2+	0.967	0.262	35.539	35.539	0.000	9	0.724	-0.402	0.525	-66658.446		270.192	237	3.949	839112101023904088	839111744709369898	839111744709369897	840	
1	C50H80N10O14	[M + H]+	C50H81N10O14+	0.354	0.145	41.962	32.445	9.517	32	0.881	-0.254	0.390	0.456		1045.593	237	3.951	839112123593454851	839111744164110326	839111744164110325	827	
1	C37H57N7O11	[M - H2O + H]+	C37H56N7O10+	0.999	0.000	63.773	52.829	10.945	37	0.923	0.011	0.483	-23747.115		758.409	237	3.957	839112142048393359	839111744206053370	839111744206053369	828	
1	CHNS11	[M + H]+	CH2NS11+	0.406	0.382	-3.787	-3.787	0.000	0	0.000			-8.129		379.708	238	3.959	839112108657537688	839111744247996414	839111744247996413	829	
1	C36H61N9O12	[M + H]+	C36H62N9O12+	0.665	0.333	60.794	55.340	5.455	28	0.914	0.015	0.631	0.954		812.452	238	3.964	839112156153838452	839111744285745154	839111744285745153	830	
1	C55H87N11O15	[M - H2O + H]+	C55H86N11O14+	0.992	0.308	51.099	39.242	11.857	37	0.858	-0.170	0.437	-16014.408		1124.635	238	3.967	839112201901114467	839111744327688198	839111744323493893	831	
1	C15H11Br2IN4O3	[M - H2O + H]+	C15H10Br2IN4O2+	0.921	0.333	20.420	20.420	0.000	7	0.117	2.500	2.500	-31999.502		562.822	238	3.974	839112109009859280	839111744440934414	839111744440934413	833	
1	C37H66N8O10	[M - H2O + H]+	C37H65N8O9+	1.000	0.333	85.611	79.027	6.583	42	0.917	-0.335	0.658	-23528.463		765.487	239	3.980	839112114101744558	839111744487071762	839111744487071761	834	
1	C37H59N5O12	[M + Na]+	C37H59N5NaO12+	0.996	1.000	66.018	59.190	6.828	26	0.980	0.601	1.171	-2.350		788.403	239	3.982	839112091108568727	839111744524820502	839111744524820501	835	
1	C18H34N4O6	[M - H2O + H]+	C18H33N4O5+	1.000	0.333	97.192	91.669	5.523	28	0.871	-0.095	0.549	-46751.091		385.245	239	3.982	839112133361989222	839111744562569242	839111744562569241	836	
1	C27H48N4O6	[M + K]+	C27H48KN4O6+	0.971	0.964	77.068	77.068	0.000	37	0.584	-0.576	2.288	4.414		563.323	239	3.987	839112202890970274	839111744403185674	839111744403185673	832	
1	C13H25N3O5	[M - H2O + H]+	C13H24N3O4+	1.000	0.333	43.983	40.692	3.292	10	0.994	-0.373	0.532	-62934.325		286.176	239	3.988	839112139217237889	839111744600317982	839111744600317981	837	
1	C24H36N4O8	[M - H2O + H]+	C24H35N4O7+	1.000	0.333	82.288	78.730	3.558	30	0.955	-0.045	1.066	-36661.872		491.250	239	3.991	839112125627692385	839111744671621158	839111744671621157	839	
1	C18H23N5O8	[M + H3N + H]+	C18H27N6O8+	0.970	0.332	34.372	30.835	3.538	9	0.983	1.940	2.870	0.333		455.189	239	3.991	839112144028105008	839111744638066722	839111744633872417	838	
1	C35H53N7O10	[M - H2O + H]+	C35H52N7O9+	1.000	0.333	79.548	74.910	4.638	33	0.903	-0.230	0.699	-25210.302		714.383	241	4.009	839112142300051620	839111744747118638	839111744747118637	841	
1	C28H50N6O10	[M - H2O + H]+	C28H49N6O9+	1.000	0.333	127.430	121.103	6.327	48	0.919	-0.307	0.684	-29363.288		613.356	241	4.011	839112235602348279	839111744784867378	839111744784867377	842	
1	C12H25N3O3	[M - H2O + H]+	C12H24N3O2+	1.000	0.333	94.904	91.629	3.276	22	0.914	2.036	2.036	-74366.896		242.186	241	4.012	839112127812924863	839111744826810422	839111744826810421	843	
1	C21H34N4O11	[M - H2O + H]+	C21H33N4O10+	1.000	0.333	106.857	100.382	6.475	25	0.864	-0.400	0.855	-35932.894		501.219	241	4.014	839112150600579768	839111744868753466	839111744868753465	844	
1	C26H37F3N4O5	[M - H2O + H]+	C26H36F3N4O4+	1.000	0.043	54.304	46.876	7.428	20	0.887	-0.433	2.103	-34290.453		525.267	241	4.018	839112138516789098	839111744910696510	839111744906502205	845	
1	C20H41N5O12	[M - H2O + H]+	C20H40N5O11+	0.395	0.168	94.980	94.980	0.000	30	0.461	-0.477	0.556	-34226.384		526.270	242	4.032	839112184058544511	839111745300766822	839111745300766821	856	
1	C27H40N4O8	[M + Na]+	C27H40N4NaO8+	1.000	0.998	70.729	64.985	5.744	26	0.893	-0.309	0.835	-2.127		571.273	242	4.037	839112157856726020	839111744948445250	839111744948445249	846	
1	C16H21N3O4	[M - H2O + H]+	C16H20N3O3+	1.000	0.333	56.898	53.408	3.491	18	0.961	1.117	1.117	-59608.419		302.150	242	4.038	839112146209143311	839111744990388294	839111744990388293	847	
1	C36H54N8O10	[M - H2O + H]+	C36H53N8O9+	1.000	0.331	85.088	76.736	8.351	40	0.877	-0.181	0.445	-24292.155		741.394	242	4.038	839112121672463482	839111745074274382	839111745074274381	849	
1	C27H43N5O8	[M - H2O + H]+	C27H42N5O7+	1.000	0.333	49.020	45.255	3.765	18	0.914	-0.470	0.720	-32846.702		548.308	243	4.044	839112139934463933	839111745028137034	839111745028137033	848	
1	C31H48N6O9	[M - H2O + H]+	C31H47N6O8+	1.000	0.333	87.876	81.224	6.651	31	0.919	-0.268	0.460	-28526.527		631.345	243	4.053	839112167063223824	839111745112023122	839111745107828817	850	
1	C32H41N3O7	[M - H2O + H]+	C32H40N3O6+	1.000	0.324	74.594	74.594	0.000	35	0.815	-0.089	1.141	-32031.431		562.291	244	4.067	839112155528887114	839111745145577558	839111745145577557	851	
1	C9H20N2O4	[M - H2O + H]+	C9H19N2O3+	1.000	0.333	28.306	25.030	3.276	3	0.996	0.431	0.431	-88660.520		203.139	244	4.072	839112193030161121	839111745183326298	839111745183326297	853	
1	C18H22N2O5	[M - H2O + H]+	C18H21N2O4+	1.000	0.333	57.124	54.302	2.822	15	0.977	1.214	1.883	-54718.459		329.150	244	4.072	839112094589841349	839111745216880734	839111745216880733	854	
1	C26H42N6O12	[M - H2O + H]+	C26H41N6O11+	1.000	0.319	140.770	137.395	3.375	50	0.941	-0.008	0.400	-29366.687		613.283	245	4.077	839112359997020021	839111745254629474	839111745254629473	855	
1	C7H17NO4	[M - H2O + H]+	C7H16NO3+	0.992	0.333	51.515	48.627	2.888	8	0.907	7.070	7.070	-111098.918		162.113	245	4.079	839112112373691227	839111746114461878	839111746114461877	876	
1	C32H48N6O10	[M - H2O + H]+	C32H47N6O9+	1.000	0.333	77.933	67.141	10.792	31	0.902	-0.075	0.468	-27315.452		659.340	245	4.088	839112111077651245	839111745380458606	839111745380458605	858	
1	C11H16Br4N4O3	[M - H2O + H]+	C11H15Br4N4O2+	0.381	0.267	10.138	10.138	0.000	6	0.216	0.326	1.352	-32697.915		550.793	246	4.099	839112194443641603	839111745334321258	839111745334321257	857	
1	C42H66N6O16	[M - H2O + H]+	C42H65N6O15+	0.484	0.328	51.687	46.764	4.923	22	0.925	-0.130	1.120	-20156.548		893.452	246	4.107	839112124268737862	839111745422401650	839111745422401649	859	
1	C11H16N4O3	[M - H2O + H]+	C11H15N4O2+	1.000	0.333	54.329	49.009	5.321	18	0.942	0.284	0.418	-76601.570		235.119	247	4.110	839112091741908676	839111745460150390	839111745460150389	860	
1	C35H39N3O6	[M + Na]+	C35H39N3NaO6+	0.873	0.628	72.822	66.778	6.044	28	0.897	2.108	3.018	3.488		620.275	247	4.111	839112773857392486	839111745497899130	839111745497899129	861	
1	C21H30N4O6	[M - H2O + H]+	C21H29N4O5+	1.000	0.333	63.418	57.060	6.358	17	0.878	0.320	0.696	-43168.468		417.213	248	4.125	839112101690798465	839111745535647870	839111745535647869	862	
1	C32H46N6O9	[M + Na]+	C32H46N6NaO9+	0.994	0.984	26.408	26.408	0.000	21	0.750	-0.434	1.213	0.502		681.322	248	4.130	839112191365022364	839111745606951046	839111745606951045	864	
1	C10H14N2O4	[M - H2O + H]+	C10H13N2O3+	1.000	0.333	68.779	65.741	3.038	10	0.989	3.073	3.073	-86136.479		209.092	248	4.131	839112093591596866	839111745644699786	839111745644699785	865	
1	C15H27N3O5	[M - H2O + H]+	C15H26N3O4+	1.000	0.333	77.815	72.201	5.614	10	0.940	0.865	0.865	-57691.123		312.192	248	4.131	839112141951924314	839111745682448526	839111745682448525	866	
1	C17H33N3O7	[M - H2O + H]+	C17H32N3O6+	1.000	0.333	103.717	100.736	2.982	31	0.889	0.131	0.563	-48127.100		374.229	248	4.132	839112140488112084	839111745720197266	839111745720197265	867	
1	C7H16S	[M + H]+	C7H17S+	0.645	0.659	0.786	0.786	0.000	1	0.005	-0.159	4.209	4.373		133.105	248	4.134	839112099878859068	839111745569202306	839111745569202305	863	
1	C17H25N3O5	[M - H2O + H]+	C17H24N3O4+	1.000	0.333	50.131	46.857	3.274	17	0.884	-0.032	0.909	-53896.033		334.176	248	4.138	839112098796728513	839111745812471962	839111745812471961	869	
1	C33H57N7O11	[M - H2O + H]+	C33H56N7O10+	1.000	0.000	81.743	75.355	6.388	39	0.929	-0.182	0.658	-25352.163		710.408	248	4.138	839112112734401384	839111745770528918	839111745770528917	868	
1	C38H52N6O11	[M - H2O + H]+	C38H51N6O10+	1.000	0.333	94.714	86.268	8.446	41	0.903	0.200	0.651	-23969.577		751.367	248	4.140	839112227394095088	839111745850220702	839111745850220701	870	
1	C32H41FN2O4	[M + H3N + H]+	C32H45FN3O4+	0.869	0.179	15.600	15.600	0.000	31	0.503	0.024	0.632	-1.266		554.338	248	4.140	839112154031520504	839111746307399882	839111746307399881	881	
1	C20H38N4O7	[M - H2O + H]+	C20H37N4O6+	1.000	0.333	104.393	101.050	3.343	34	0.911	0.011	0.477	-41955.730		429.271	248	4.140	839112118518346808	839111745887969442	839111745887969441	871	
1	C21H36N4O7	[M + H]+	C21H37N4O7+	1.000	0.333	131.424	128.282	3.142	41	0.932	-1.167	1.581	0.818		457.266	249	4.142	839112145793907141	839111745929912486	839111745929912485	872	
1	C25H43N5O8	[M - H2O + H]+	C25H42N5O7+	1.000	0.333	50.574	47.869	2.704	18	0.891	0.419	0.827	-34350.068		524.308	249	4.146	839112115808826364	839111745988632746	839111745988632745	873	
1	C15H31N3O6	[M - H2O + H]+	C15H30N3O5+	1.000	0.333	118.434	112.442	5.992	32	0.905	0.093	0.545	-54213.401		332.218	249	4.147	839112107088867974	839111746030575790	839111746030575789	874	
1	C16H25N3O5	[M - H2O + H]+	C16H24N3O4+	1.000	0.333	81.460	77.882	3.578	11	0.946	0.013	0.953	-55903.090		322.176	249	4.148	839112194745631504	839111746072518834	839111746072518833	875	
1	C26H46N6O8	[M - H2O + H]+	C26H45N6O7+	1.000	0.333	97.849	91.434	6.416	42	0.911	-0.272	0.718	-32548.355		553.335	249	4.152	839112141956118642	839111746156404922	839111746156404921	877	
1	C48H83N11O19	[M - H2O + H]+	C48H82N11O18+	1.000	0.333	63.366	55.498	7.869	41	0.887	-0.158	0.432	-16369.734		1100.578	249	4.152	839112208146433457	839111746198347966	839111746198347965	878	
1	C9H13NO3	[M - H2O + H]+	C9H12NO2+	1.000	0.333	64.428	59.086	5.341	6	0.981	1.235	1.235	-108440.664		166.086	249	4.153	839112118891639914	839111746236096706	839111746236096705	879	
1	C8H11NO	[M - H2O + H]+	C8H10N+	1.000	0.330	57.189	52.922	4.267	14	0.923	5.354	5.354	-149985.122		120.081	249	4.154	839112125803853174	839111746345148622	839111746345148621	882	
1	C9H8O2	[M - H2O + H]+	C9H7O+	1.000	0.474	16.281	16.281	0.000	3	0.008	4.473	4.473	-137430.515		131.050	249	4.155	839112157047225280	839111746378703058	839111746378703057	883	
1	C24H32N4O9	[M + H]+	C24H33N4O9+	1.000	0.287	68.701	65.179	3.522	13	0.837	0.796	1.210	0.623		521.225	249	4.157	839112161371552974	839111746458394842	839111746458394841	885	
1	C31H55N7O10	[M - H2O + H]+	C31H54N7O9+	1.000	0.333	89.942	83.041	6.901	39	0.907	0.337	0.632	-26946.513		668.397	249	4.158	839112179117654186	839111746416451798	839111746412257493	884	
1	C5H7N5O2	[M - H2O + H]+	C5H6N5O+	1.000	0.333	24.644	21.588	3.056	4	0.746	0.604	0.604	-118445.989		152.057	250	4.160	839112156611017641	839111746273845446	839111746273845445	880	
1	C35H53N5O8	[M - H2O + H]+	C35H52N5O7+	1.000	0.239	78.028	70.735	7.293	30	0.894	-0.337	0.512	-27527.842		654.383	250	4.166	839112128848917968	839111746546475234	839111746546475233	887	
1	C19H29N3O6	[M - H2O + H]+	C19H28N3O5+	1.000	0.333	68.399	62.355	6.044	14	0.831	-0.229	1.192	-47621.636		378.202	250	4.174	839112123002057940	839111746584223974	839111746584223973	888	
1	C41H61N9O11	[M - H2O + H]+	C41H60N9O10+	1.000	0.333	83.419	73.892	9.527	41	0.921	0.463	0.627	-21480.231		838.446	251	4.175	839112255902780424	839111746626167018	839111746621972713	889	
1	C8H12N2O5	[M - H2O + H]+	C8H11N2O4+	1.000	0.333	139.416	136.322	3.094	30	0.972	1.030	1.241	-90472.609		199.071	251	4.190	839112129431926296	839111746697470194	839111746697470193	891	
1	C8H15N3O5	[M - H2O + H]+	C8H14N3O4+	1.000	0.333	101.522	98.517	3.005	24	0.915	0.757	1.287	-83344.086		216.098	251	4.191	839112198696666082	839111746735218934	839111746735218933	892	
1	C11H16Br4N4O3	[M - H2O + H]+	C11H15Br4N4O2+	0.909	0.333	15.130	15.130	0.000	4	0.437	0.870	0.870	-32698.140		550.793	252	4.199	839112113401295764	839111747146260770	839111747146260769	903	
1	C39H68N2O14	[M - H2O + H]+	C39H67N2O13+	0.475	0.313	18.819	12.449	6.370	4	0.960	10.218	10.218	-23349.447		771.461	252	4.202	839112109332820717	839111746768773370	839111746768773369	893	
1	C11H10ClNO3	[M - H2O + H]+	C11H9ClNO2+	1.000	0.333	74.275	67.462	6.813	10	0.989	-0.263	0.312	-81116.881		222.032	252	4.207	839112114328237002	839111746806522110	839111746806522109	894	
1	C11H13ClN2O3	[M - H2O + H]+	C11H12ClN2O2+	1.000	0.333	74.051	67.113	6.938	14	0.977	-0.328	0.370	-75340.533		239.058	253	4.209	839112123681535258	839111746844270850	839111746844270849	895	
1	C16H31N3O7	[M - H2O + H]+	C16H30N3O6+	1.000	0.333	141.280	137.649	3.631	34	0.915	-0.139	0.523	-49999.840		360.213	253	4.214	839112141314390016	839111746882019590	839111746882019589	896	
1	C9H20N2O4	[M - H2O + H]+	C9H19N2O3+	1.000	0.333	23.588	20.395	3.193	3	0.994	4.112	4.112	-88660.145		203.139	253	4.219	839112167289716262	839111746919768330	839111746919768329	897	
1	C14H29N3O6	[M - H2O + H]+	C14H28N3O5+	1.000	0.333	92.622	90.315	2.307	25	0.915	2.032	2.032	-56601.104		318.202	253	4.220	839112368305936417	839111746957517070	839111746957517069	898	
1	C10H24N2O5	[M - H2O + H]+	C10H23N2O4+	1.000	0.333	35.737	30.246	5.491	5	0.889	5.270	5.270	-76587.463		235.165	253	4.220	839112360454199182	839111746995265810	839111746995265809	899	
1	C49H72N8O10	[M + Na]+	C49H72N8NaO10+	0.521	0.670	71.049	64.157	6.892	40	0.943	0.252	0.495	-1.111		955.525	253	4.221	839112196083614548	839111747070763290	839111747070763289	901	
1	C11H25NO2S	[M + H]+	C11H26NO2S+	0.587	0.500	41.870	41.255	0.615	9	0.896	6.510	6.510	1.836		236.168	253	4.221	839112236374100254	839111747033014550	839111747033014549	900	
1	C27H40N4O8	[M + Na]+	C27H40N4NaO8+	0.999	0.969	77.342	75.254	2.088	32	0.921	-0.260	0.835	-2.214		571.273	254	4.228	839112841427631101	839111747108512030	839111747108512029	902	
1	C37H59N7O12	[M - H2O + H]+	C37H58N7O11+	0.569	0.205	44.672	44.672	0.000	28	0.709	0.726	0.726	-23195.898		776.420	254	4.230	839112448995958998	839111746659721454	839111746659721453	890	
1	C17H33N3O7	[M - H2O + H]+	C17H32N3O6+	1.000	0.333	78.208	75.564	2.644	25	0.948	0.564	1.119	-48126.960		374.229	255	4.244	839112174436810632	839111747221758250	839111747221758249	905	
1	C32H48N6O10	[M - H2O + H]+	C32H47N6O9+	1.000	0.333	107.367	98.714	8.653	41	0.921	0.571	0.634	-27315.811		659.340	255	4.254	839112133852722813	839111747448250690	839111747448250689	911	
1	C14H22N2O5	[M - H2O + H]+	C14H21N2O4+	1.000	0.333	45.810	42.144	3.666	11	0.994	0.995	1.322	-64059.919		281.150	255	4.255	839112135568193244	839111747259506990	839111747259506989	906	
1	C30H46N6O9	[M - H2O + H]+	C30H45N6O8+	1.000	0.000	57.051	50.219	6.832	29	0.887	0.090	0.291	-29173.751		617.330	256	4.272	839112167499431502	839111747297255730	839111747297255729	907	
1	C37H50N4O8	[M + H]+	C37H51N4O8+	0.534	0.315	13.817	13.817	0.000	4	0.962	10.000	10.000	-0.193		679.370	257	4.283	839112154555808532	839111747372753210	839111747368558905	909	
1	C17H34N4O7	[M - H2O + H]+	C17H33N4O6+	1.000	0.333	102.256	98.966	3.290	28	0.899	0.422	0.705	-46270.849		389.240	257	4.291	839112161291861180	839111747406307646	839111747406307645	910	
1	C32H41N3O7	[M - H2O + H]+	C32H40N3O6+	1.000	0.330	55.455	51.262	4.192	24	0.838	0.002	0.791	-32030.751		562.291	258	4.295	839112167319076403	839111747527942474	839111747527942473	913	
1	C21H39N5O8	[M - H2O + H]+	C21H38N5O7+	1.000	0.333	88.103	83.220	4.883	26	0.891	0.281	0.576	-38133.421		472.278	258	4.300	839112171337219873	839111747565691214	839111747565691213	914	
1	C13H25N3O5	[M - H2O + H]+	C13H24N3O4+	1.000	0.333	98.334	95.007	3.327	25	0.957	0.682	0.682	-62934.808		286.176	258	4.302	839112139435341717	839111747603439954	839111747603439953	915	
1	C26H46N6O8	[M - H2O + H]+	C26H45N6O7+	0.815	0.333	50.178	50.178	0.000	26	0.704	1.060	1.060	-32547.496		553.335	258	4.304	839112203981489359	839111747485999430	839111747485999429	912	
1	C36H46N4O8	[M - H2O + H]+	C36H45N4O7+	0.994	0.332	119.710	114.187	5.523	43	0.797	0.162	1.068	-27910.308		645.328	259	4.308	839112306108600941	839111747649577302	839111747649577301	916	
1	C11H22N2O4	[M - H2O + H]+	C11H21N2O3+	1.000	0.333	46.518	43.082	3.436	5	0.982	1.929	1.929	-78595.100		229.155	259	4.317	839112115896906769	839111747683131738	839111747683131737	917	
1	C10H20N2O4	[M - H2O + H]+	C10H19N2O3+	1.000	0.333	41.303	38.200	3.102	9	0.992	7.254	7.254	-83715.126		215.139	259	4.317	839112141406664728	839111747838321002	839111747838321001	921	
1	C28H32N2O6	[M - H2O + H]+	C28H31N2O5+	1.000	0.284	48.349	47.523	0.826	19	0.848	0.138	2.301	-37899.290		475.223	259	4.317	839112157164665811	839111747725074782	839111747725074781	918	
1	C41H62N14O10	[M + K]+	C41H62KN14O10+	0.407	0.880	45.168	37.166	8.003	12	0.954	-0.564	1.240	-3.173		949.437	259	4.317	839112243915459124	839111747762823522	839111747762823521	919	
1	C48H65N7O10	[M - H2O + H]+	C48H64N7O9+	0.826	0.252	123.816	118.897	4.919	49	0.914	0.248	0.534	-20408.749		882.476	259	4.320	839112266451455507	839111747800572262	839111747800572261	920	
1	C16H27N3O8	[M + H]+	C16H28N3O8+	1.000	0.333	86.316	82.771	3.545	12	0.857	1.592	1.592	0.637		390.187	260	4.339	839112157592484844	839111747876069742	839111747876069741	922	
1	C41H66N6O9	[M - H2O + H]+	C41H65N6O8+	0.472	0.333	47.920	44.014	3.906	12	0.951	1.456	3.694	-23410.521		769.482	260	4.341	839112142836922577	839111747947372918	839111747947372917	924	
1	C19H29N3O6	[M - H2O + H]+	C19H28N3O5+	1.000	0.333	54.008	51.008	3.000	14	0.878	1.540	1.540	-47620.805		378.203	261	4.343	839112122054145169	839111747909624178	839111747909624177	923	
1	C50H70N10O13	[M - H2O + H]+	C50H69N10O12+	0.999	0.332	82.927	73.281	9.646	49	0.953	0.643	0.661	-17982.759		1001.510	261	4.344	839112189251092995	839111747993510266	839111747993510265	925	
1	C55H79N15O11	[M + H]+	C55H80N15O11+	0.501	0.333	39.556	34.046	5.510	20	0.977	-0.330	0.549	2.144		1126.618	261	4.350	839112147480017469	839111748027064702	839111748027064701	926	
1	C32H57N7O11	[M - H2O + H]+	C32H56N7O10+	1.000	0.000	77.736	71.231	6.505	36	0.888	0.289	0.409	-25787.072		698.409	261	4.354	839112135845017340	839111748069007746	839111748069007745	927	
1	C15H23N3O8	[M - H2O + H]+	C15H22N3O7+	1.000	0.333	63.273	59.674	3.600	14	0.903	0.980	0.980	-50570.362		356.145	261	4.358	839112313939366711	839111748102562182	839111748102562181	928	
1	C23H42N6O8	[M - H2O + H]+	C23H41N6O7+	0.935	0.000	55.086	51.706	3.380	28	0.742	0.516	1.032	-35085.129		513.304	262	4.363	839112143973579037	839111748144505226	839111748144505225	929	
1	C10H16N2O7	[M - H2O + H]+	C10H15N2O6+	1.000	0.333	64.972	61.776	3.196	11	0.995	0.899	0.899	-69513.848		259.093	262	4.365	839112843998739542	839111748182253966	839111748182253965	930	
1	C33H62N4O12	[M - H2O + H]+	C33H61N4O11+	1.000	0.322	61.119	54.915	6.204	28	0.854	0.448	0.448	-26120.731		689.435	262	4.366	839112160285228151	839111748220002706	839111748220002705	931	
1	C37H56N6O10	[M - H2O + H]+	C37H55N6O9+	1.000	0.244	110.331	102.323	8.008	37	0.908	0.095	0.660	-24764.438		727.399	262	4.370	839112161149254820	839111748261945750	839111748261945749	932	
1	C65H108N12O14	[M + Na]+	C65H108N12NaO14+	0.998	1.000	34.713	24.684	10.028	19	0.965	-0.059	0.234	-0.159		1303.800	263	4.376	839112262055824718	839111748299694490	839111748299694489	933	
1	C33H53N7O9	[M - H2O + H]+	C33H52N7O8+	1.000	0.034	73.048	67.557	5.491	42	0.839	0.319	1.818	-26709.515		674.385	263	4.378	839112183152574786	839111748345831838	839111748345831837	934	
1	C31H55N7O9	[M - H2O + H]+	C31H54N7O8+	1.000	0.333	67.449	57.220	10.229	25	0.892	0.301	0.423	-27604.616		652.404	263	4.384	839112165683297743	839111748429717926	839111748429717925	936	
1	C31H58N6O8Si	[M - H2O + H]+	C31H57N6O7Si+	0.731	0.248	39.535	39.535	0.000	35	0.389	0.627	0.751	-27562.814		653.406	263	4.384	839112207940912516	839111748387774882	839111748387774881	935	
1	C33H53N7O9	[M - H2O + H]+	C33H52N7O8+	0.510	0.333	51.399	51.399	0.000	25	0.295	1.000	1.091	-26709.347		674.385	263	4.390	839112190400332376	839111749167915510	839111749163721205	956	
1	C32H58N8O7	[M + Na]+	C32H58N8NaO7+	0.910	0.918	35.263	35.263	0.000	28	0.718	0.662	0.748	4.624		689.435	264	4.396	839112160532692110	839111749235024382	839111749235024381	958	
1	C41H56N8O10	[M + H3N + H]+	C41H60N9O10+	0.677	0.333	29.459	29.459	0.000	25	0.750	0.236	0.621	0.524		838.446	264	4.400	839112477227820012	839111749268578818	839111749268578817	959	
1	C27H41N5O8	[M - H2O + H]+	C27H40N5O7+	1.000	0.333	62.007	55.396	6.612	19	0.882	0.343	0.502	-32967.215		546.293	264	4.402	839112190110925355	839111748576518582	839111748576518581	940	
1	C5H8N2O2	[M + H3N + H]+	C5H12N3O2+	0.985	0.333	45.431	45.431	0.000	7	0.025	4.094	4.094	0.869		146.093	264	4.403	839112477353649170	839111748610073018	839111748610073017	941	
1	C10H16N2O7	[M - H2O + H]+	C10H15N2O6+	1.000	0.333	67.164	63.984	3.180	14	0.990	1.441	1.441	-69514.880		259.092	264	4.404	839112163753917744	839111749344076298	839111749344076297	961	
1	C20H35N5O7	[M - H2O + H]+	C20H34N5O6+	1.000	0.333	73.698	71.104	2.594	27	0.885	0.362	0.688	-40908.831		440.251	264	4.407	839112252467645301	839111748647821758	839111748647821757	942	
1	C16H32N6O5	[M - H2O + H]+	C16H31N6O4+	0.999	0.333	57.703	52.410	5.293	10	0.933	0.404	0.667	-48513.720		371.240	265	4.420	839112137975723856	839111748685570498	839111748685570497	943	
1	C42H74N12O11	[M - H2O + H]+	C42H73N12O10+	0.334	0.101	42.112	33.500	8.612	9	0.941	0.601	0.601	-19887.740		905.558	265	4.421	839112144481089895	839111748731707846	839111748731707845	944	
1	C10H16N2O3	[M - H2O + H]+	C10H15N2O2+	1.000	0.333	47.725	44.518	3.207	17	0.877	4.198	4.198	-92307.263		195.113	266	4.425	839112142706899131	839111748765262282	839111748765262281	945	
1	C11H21N5O3	[M - H2O + H]+	C11H20N5O2+	1.000	0.333	87.674	82.275	5.399	13	0.970	0.511	0.511	-70862.065		254.161	266	4.426	839112140567803881	839111748798816718	839111748798816717	946	
1	C9H16N4O5	[M - H2O + H]+	C9H15N4O4+	1.000	0.333	67.238	64.312	2.927	17	0.975	0.915	0.915	-74083.287		243.109	266	4.428	839112126290392448	839111748836565458	839111748836565457	947	
1	C18H28N6O5	[M - H2O + H]+	C18H27N6O4+	0.974	0.333	46.573	44.636	1.937	13	0.956	0.755	0.755	-46037.300		391.209	266	4.436	839112149874965126	839111748874314198	839111748874314197	948	
1	C24H36N4O8	[M - H2O + H]+	C24H35N4O7+	1.000	0.333	54.561	48.288	6.274	17	0.916	0.632	0.883	-36661.408		491.251	267	4.442	839112129247376896	839111748907868634	839111748907868633	949	
1	C23H38N6O5S2	[M - H2O + H]+	C23H37N6O4S2+	1.000	0.001	50.803	50.803	0.000	23	0.854	0.971	1.589	-34290.660		525.231	267	4.448	839112200097563675	839111748941423070	839111748941423069	950	
1	C10H22N2O5	[M - H2O + H]+	C10H21N2O4+	1.000	0.333	73.777	70.659	3.118	15	0.993	2.677	2.677	-77248.199		233.150	267	4.457	839112143650617605	839111748979171810	839111748979171809	951	
1	C12H18N2O4	[M - H2O + H]+	C12H17N2O3+	1.000	0.333	80.616	77.446	3.170	18	0.917	0.832	0.832	-75953.720		237.124	267	4.457	839112201649456199	839111749016920550	839111749016920549	952	
1	C28H39FN4O5	[M - H2O + H]+	C28H38FN4O4+	0.947	0.333	96.246	90.434	5.813	37	0.745	0.302	0.487	-35088.370		513.287	267	4.457	839112230661458042	839111749054669290	839111749054669289	953	
1	C50H78N10O14	[M - H2O + H]+	C50H77N10O13+	0.997	0.333	77.821	67.676	10.146	40	0.869	0.456	0.464	-17560.601		1025.568	267	4.458	839112190719099506	839111749092418030	839111749092418029	954	
1	C7H9NO3	[M - H2O + H]+	C7H8NO2+	1.000	0.333	64.606	61.640	2.967	10	0.718	5.733	5.733	-130458.690		138.055	268	4.459	839112164798299526	839111749130166770	839111749130166769	955	
1	C37H53N7O10S	[M + H3N + H]+	C37H57N8O10S+	0.972	0.333	47.353	47.353	0.000	34	0.726	0.776	0.804	0.972		805.392	268	4.464	839113032524318571	839111748505215406	839111748505215405	938	
1	C47H80N6O17	[M - H2O + H]+	C47H79N6O16+	0.976	0.173	111.135	103.360	7.775	45	0.925	0.344	0.526	-18309.021		983.557	268	4.472	839112178576588924	839111749201469946	839111749201469945	957	
1	C40H51N5O12	[M - H2O + H]+	C40H50N5O11+	0.775	0.321	102.810	94.992	7.818	33	0.916	0.131	0.480	-23202.547		776.347	268	4.474	839112257119128647	839111749310521862	839111749310521861	960	
1	C37H58N8O11S	[M - H2O + H]+	C37H57N8O10S+	0.998	0.333	102.565	95.896	6.669	47	0.935	-0.133	0.734	-22361.738		805.392	269	4.476	839112228430088225	839111749381825038	839111749381825037	962	
1	C42H74N10O11	[M - H2O + H]+	C42H73N10O10+	0.849	0.328	31.211	31.211	0.000	22	0.871	-0.095	0.582	-20522.637		877.551	271	4.511	839112473759130513	839111749457322518	839111749457322517	964	
1	C15H23N3O3	[M - H2O + H]+	C15H22N3O2+	1.000	0.333	95.777	92.605	3.172	24	0.910	0.588	0.588	-65214.896		276.171	271	4.513	839112234335668433	839111749495071258	839111749495071257	965	
1	C11H21N3O3	[M - H2O + H]+	C11H20N3O2+	1.000	0.333	97.432	92.292	5.140	15	0.904	0.711	0.842	-79637.682		226.155	271	4.521	839112166350192105	839111749532819998	839111749528625693	966	
1	C11H18N2O3	[M - H2O + H]+	C11H17N2O2+	0.986	0.333	92.769	89.816	2.953	29	0.718	0.983	0.983	-86121.417		209.129	271	4.521	839113413274851679	839111749574763042	839111749574763041	967	
1	C32H49N7O10	[M - H2O + H]+	C32H48N7O9+	1.000	0.316	72.576	66.225	6.351	37	0.818	-0.583	1.540	-26706.943		674.352	272	4.542	839113453053631430	839111749683814954	839111749683814953	969	
1	C9H15N3O6	[M - H2O + H]+	C9H14N3O5+	0.914	0.332	19.413	16.242	3.172	5	0.988	1.677	1.677	-73785.714		244.093	273	4.551	839112143398959339	839111749755118130	839111749755118129	971	
1	C18H23N5O10	[M + H3N + H]+	C18H27N6O10+	0.843	0.309	18.603	15.170	3.433	4	0.981	4.320	4.320	0.683		487.179	274	4.568	839112146016205299	839111749788672566	839111749788672565	972	
1	C31H37N3O7	[M - H2O + H]+	C31H36N3O6+	1.000	0.333	83.037	82.239	0.797	32	0.909	-0.316	1.315	-32970.581		546.260	275	4.578	839112239599520139	839111749864170046	839111749864170045	974	
1	C19H36N4O7	[M - H2O + H]+	C19H35N4O6+	1.000	0.333	83.430	83.361	0.069	29	0.880	-0.260	0.728	-43371.815		415.255	275	4.582	839112174659108766	839111749826421306	839111749826421305	973	
1	C20H36N4O7	[M - H2O + H]+	C20H35N4O6+	1.000	0.333	61.842	59.116	2.726	23	0.907	0.048	1.166	-42153.565		427.255	275	4.582	839112244515244623	839111749901918786	839111749901918785	975	
1	C32H45N6O6	[M + H3N + H]+	C32H49N7O6+	0.501	0.000	51.349	51.349	0.000	32	0.784	0.159	0.693	-3.162		627.372	275	4.586	839112355286816361	839111749641871910	839111749641871909	968	
1	C22H41N5O7	[M - H2O + H]+	C22H40N5O6+	1.000	0.333	76.627	74.033	2.594	30	0.848	0.457	0.869	-38295.088		470.298	275	4.587	839112214697936469	839111749943861830	839111749943861829	976	
1	C20H31N3O6	[M + H3N + H]+	C20H35N4O6+	1.000	0.332	52.983	52.983	0.000	36	0.591	0.114	0.358	0.442		427.255	275	4.590	839113486276714026	839111750354903666	839111750354903665	987	
1	C22H36N4O6	[M + H3N + H]+	C22H40N5O6+	1.000	0.333	60.559	60.559	0.000	34	0.814	0.184	0.282	0.786		470.298	275	4.591	839112178803081364	839111750396846710	839111750396846709	988	
1	C12H18N4O5	[M + H3N + H]+	C12H22N5O5+	0.763	0.333	43.809	43.809	0.000	22	0.805	0.307	0.564	6.404		316.164	275	4.591	839112145412225433	839111749977416266	839111749977416265	977	
1	C19H31N3O6	[M + H3N + H]+	C19H35N4O6+	1.000	0.116	48.150	48.150	0.000	34	0.579	0.013	0.278	0.334		415.255	275	4.591	839112236281825548	839111750321349230	839111750321349229	986	
1	C24H39N3O6S	[M + H3N + H]+	C24H43N4O6S+	1.000	0.333	96.386	96.386	0.000	35	0.563	0.324	0.455	1.790		515.291	276	4.599	839112216128194181	839111750208103010	839111750208103009	983	
1	C43H49N5O7	[M - H2O + H]+	C43H48N5O6+	1.000	0.242	47.199	41.318	5.882	22	0.798	0.436	0.515	-24659.849		730.360	276	4.600	839112168631893648	839111750019359310	839111750019359309	978	
1	C32H44N6O9	[M + H3N + H]+	C32H48N7O9+	1.000	0.333	62.297	62.297	0.000	32	0.712	0.438	0.567	1.605		674.352	276	4.601	839112376807790939	839111750619144846	839111750619144845	994	
1	C9H9N3O2	[M + H3N + H]+	C9H13N4O2+	0.996	0.333	87.197	87.197	0.000	14	0.180	0.861	0.861	0.827		209.103	276	4.603	839112209513776604	839111750094856790	839111750094856789	980	
1	C24H36N4O7S	[M - H2O + H]+	C24H35N4O6S+	1.000	0.333	107.768	107.768	0.000	47	0.957	-0.579	0.924	-35506.277		507.228	276	4.603	839112256263490593	839111750057108050	839111750057108049	979	
1	C23H41N5O9	[M - H2O + H]+	C23H40N5O8+	1.000	0.000	47.018	40.502	6.516	31	0.877	-0.460	0.770	-35019.157		514.288	276	4.606	839112177821614166	839111750132605530	839111750132605529	981	
1	C30H48N10O6	[M - H2O + H]+	C30H47N10O5+	1.000	0.325	104.401	101.150	3.251	44	0.924	-0.042	0.835	-28708.813		627.372	276	4.606	839112425650462528	839111750174548574	839111750174548573	982	
1	C16H26N2O5S	[M + H3N + H]+	C16H30N3O5S+	0.998	0.333	63.961	63.961	0.000	30	0.784	0.564	0.609	-3.385		376.189	277	4.610	839113520690979192	839111749717369390	839111749717369389	970	
1	C16H26N2O5S	[M + H3N + H]+	C16H30N3O5S+	1.000	0.333	74.639	74.639	0.000	33	0.589	0.110	0.544	-3.119		376.189	277	4.622	839112280422682743	839111750430401146	839111750430401145	989	
1	C28H36N4O9	[M - H2O + H]+	C28H35N4O8+	0.999	0.333	76.384	67.676	8.708	15	0.935	-0.595	0.960	-32436.168		555.245	278	4.627	839112183316152668	839111750250046054	839111750250046053	984	
1	C31H47N7O9	[M - H2O + H]+	C31H46N7O8+	1.000	0.333	83.383	77.566	5.817	31	0.888	-0.313	0.567	-27951.179		644.341	278	4.632	839112250223692524	839111750283600490	839111750283600489	985	
1	C14H27N3O6	[M - H2O + H]+	C14H26N3O5+	1.000	0.333	134.534	128.513	6.020	36	0.922	-0.178	0.653	-56961.628		316.187	279	4.645	839112148532787799	839111750468149886	839111750468149885	990	
1	C22H34N4O7	[M - H2O + H]+	C22H33N4O6+	1.000	0.333	65.596	61.989	3.607	14	0.854	-0.128	0.634	-40090.636		449.240	279	4.651	839112176231972847	839111750505898626	839111750501704321	991	
1	C22H40N6O8	[M - H2O + H]+	C22H39N6O7+	1.000	0.333	79.876	76.562	3.313	28	0.917	-0.690	0.934	-36071.837		499.288	279	4.653	839112195748070185	839111750581396106	839111750581396105	993	
1	C31H52N4O8	[M + Na]+	C31H52N4NaO8+	0.999	0.997	61.999	58.595	3.404	27	0.891	-0.501	1.228	-1.561		631.367	279	4.653	839112155877014365	839111750539453062	839111750539453061	992	
1	C21H40N12O11	[M - H2O + H]+	C21H39N12O10+	0.979	0.222	67.733	63.605	4.128	37	0.919	-0.042	0.724	-29081.693		619.291	280	4.663	839112165284838815	839111750656893586	839111750656893585	995	
1	C16H31N3O7	[M - H2O + H]+	C16H30N3O6+	1.000	0.333	100.116	96.488	3.628	30	0.910	-0.059	0.619	-49999.781		360.213	280	4.667	839112323250721841	839111750694642326	839111750694642325	996	
1	C27H47N3O7S	[M - H2O + H]+	C27H46N3O6S+	0.802	0.280	77.829	77.829	0.000	33	0.804	-0.221	1.149	-33336.301		540.309	281	4.677	839112375339784410	839111750732391066	839111750732391065	997	
1	C24H43N5O9	[M - H2O + H]+	C24H42N5O8+	1.000	0.333	88.426	82.955	5.471	36	0.916	-0.455	0.738	-34090.467		528.303	281	4.682	839112192472318645	839111750770139806	839111750770139805	998	
1	C31H33N3O10	[M - H2O + H]+	C31H32N3O9+	0.511	0.000	87.217	83.589	3.628	37	0.913	-0.714	1.398	-30515.324		590.213	281	4.689	839112215159309937	839111750812082850	839111750812082849	999	
1	C28H42N6O6	[M + H3N + H]+	C28H46N7O6+	1.000	0.333	70.357	70.357	0.000	37	0.679	-0.061	0.235	0.748		576.351	282	4.697	839112258968816788	839111750845637286	839111750845637285	1000	
1	C13H25N3O5	[M - H2O + H]+	C13H24N3O4+	1.000	0.333	70.256	66.897	3.359	16	0.975	-0.258	0.580	-62935.068		286.176	282	4.707	839112167809810019	839111750883386026	839111750883386025	1001	
1	C15H29N3O7	[M - H2O + H]+	C15H28N3O6+	1.000	0.333	110.482	104.498	5.984	25	0.915	-0.316	0.698	-52023.941		346.197	283	4.712	839112158909496351	839111750954689202	839111750954689201	1003	
1	C10H18N2O4	[M - H2O + H]+	C10H17N2O3+	1.000	0.333	47.244	43.941	3.303	14	0.967	1.030	1.620	-84507.282		213.123	283	4.712	839112427617591239	839111750921134766	839111750921134765	1002	
1	C11H11NO3	[M - H2O + H]+	C11H10NO2+	1.000	0.333	56.391	51.060	5.331	12	0.992	0.023	0.452	-95764.474		188.071	284	4.726	839112168745139874	839111750992437942	839111750992437941	1004	
1	C9H9NO2	[M - H2O + H]+	C9H8NO+	1.000	0.333	31.188	27.889	3.299	3	0.921	1.760	1.760	-123308.710		146.060	284	4.726	839112376023456038	839111751059546814	839111751059546813	1006	
1	C10H12N2O	[M - H2O + H]+	C10H11N2+	1.000	0.333	44.871	41.800	3.071	9	0.966	0.339	0.339	-113208.262		159.092	284	4.726	839112428003467227	839111751025992378	839111751025992377	1005	
1	C11H14N2O3	[M - H2O + H]+	C11H13N2O2+	1.000	0.333	91.181	85.952	5.229	14	0.993	-0.156	0.410	-87814.075		205.097	284	4.727	839112159429590067	839111751172793034	839111751172793033	1009	
1	C9H11NO	[M - H2O + H]+	C9H10N+	0.841	0.333	54.344	51.020	3.324	9	0.229	2.433	2.433	-136358.643		132.081	284	4.727	839112183714611567	839111751097295554	839111751097295553	1007	
1	C10H11NO	[M - H2O + H]+	C10H10N+	0.999	0.333	37.501	34.115	3.386	10	0.521	1.429	1.429	-125002.666		144.081	284	4.728	839112172218023782	839111751130849990	839111751130849989	1008	
1	C11H9NO2	[M - H2O + H]+	C11H8NO+	0.996	0.333	24.065	20.532	3.533	4	0.791	2.080	2.080	-105906.641		170.060	284	4.728	839112177620287545	839111751206347470	839111751206347469	1010	
1	C11H21N5O3	[M - H2O + H]+	C11H20N5O2+	1.000	0.333	64.557	59.783	4.774	22	0.903	-0.274	0.781	-70862.486		254.161	284	4.738	839112187015528925	839111751244096210	839111751239901905	1011	
1	C34H60N8O10	[M - H2O + H]+	C34H59N8O9+	1.000	0.000	67.885	61.635	6.250	40	0.940	-0.188	0.623	-24893.762		723.441	284	4.738	839112267181264448	839111751281844950	839111751281844949	1012	
1	C5H10O3S	[M - H2O + H]+	C5H9O2S+	1.000	0.500	87.223	82.110	5.113	17	0.975	6.508	6.508	-135384.468		133.032	284	4.742	839112160062929992	839111751315399386	839111751315399385	1013	
1	C5H13NO3S	[M - H2O + H]+	C5H12NO2S+	1.000	0.333	93.499	86.385	7.114	16	0.983	6.577	6.577	-120023.135		150.058	285	4.742	839112179201540286	839111751353148126	839111751353148125	1014	
1	C48H80N16O11	[M + Na]+	C48H80N16NaO11+	0.995	0.899	81.674	72.485	9.189	45	0.859	-0.043	0.637	1.336		1079.610	285	4.754	839113180348370350	839111751395091170	839111751395091169	1015	
1	C9H14N4O3	[M - H2O + H]+	C9H13N4O2+	1.000	0.333	89.598	86.250	3.347	27	0.918	0.896	0.900	-86131.766		209.103	285	4.755	839112195987145536	839111751428645606	839111751428645605	1016	
1	C16H32N4O7	[M - H2O + H]+	C16H31N4O6+	1.000	0.333	83.721	77.842	5.879	23	0.897	-0.113	0.581	-47999.165		375.224	285	4.755	839112219676575496	839111751462200042	839111751462200041	1017	
1	C18H36N4O7S	[M - H2O + H]+	C18H35N4O6S+	0.999	0.000	90.635	90.635	0.000	42	0.937	-0.119	1.049	-41382.038		435.227	286	4.759	839112395464055664	839111751508337390	839111751508337389	1018	
1	C14H27N3O6S	[M - H2O + H]+	C14H26N3O5S+	1.000	0.333	79.647	76.284	3.363	26	0.927	2.323	2.323	-51730.830		348.159	286	4.760	839112181328052506	839111751541891826	839111751541891825	1019	
1	C29H43N5O10	[M - H2O + H]+	C29H42N5O9+	1.000	0.333	97.777	89.012	8.765	35	0.914	-0.109	0.657	-29802.940		604.298	286	4.773	839113455297584187	839111751583834870	839111751583834869	1020	
1	C33H58N8O10	[M - H2O + H]+	C33H57N8O9+	1.000	0.000	51.426	51.426	0.000	33	0.916	-0.411	0.835	-25386.034		709.425	286	4.773	839112218900629216	839111751663526654	839111751663526653	1022	
1	C21H39N5O7	[M - H2O + H]+	C21H38N5O6+	1.000	0.333	110.004	103.621	6.383	35	0.896	-0.297	0.842	-39471.971		456.282	287	4.775	839112170716462833	839111751697081090	839111751697081089	1023	
1	C27H37N5O8	[M + H]+	C27H38N5O8+	1.000	1.000	62.622	56.098	6.524	23	0.911	-0.274	0.790	1.268		560.272	287	4.778	839113462268517546	839111751739024134	839111751739024133	1024	
1	C8H21NO3Si	[M - H2O + H]+	C8H20NO2Si+	0.998	0.333	74.758	74.758	0.000	12	0.562	5.700	5.700	-94726.174		190.126	287	4.782	839112259723791592	839111751772578570	839111751772578569	1025	
1	C42H67N7O9	[M + Na]+	C42H67N7NaO9+	0.610	0.975	129.786	123.466	6.320	50	0.952	-0.257	0.328	-1.109		836.488	288	4.794	839112199686521856	839111751806133006	839111751806133005	1026	
1	C45H77N11O14	[M - H2O + H]+	C45H76N11O13+	1.000	0.332	131.695	124.996	6.700	49	0.958	0.194	0.633	-18404.531		978.562	288	4.797	839112247413508760	839111751843881746	839111751839687441	1027	
1	C27H42N2O6S	[M + H3N + H]+	C27H46N3O6S+	0.999	0.020	19.639	19.639	0.000	39	0.620	0.383	2.264	-2.117		540.309	288	4.800	839112312236479220	839111751877436182	839111751877436181	1028	
1	C8H18N2O4	[M - H2O + H]+	C8H17N2O3+	1.000	0.333	74.060	70.924	3.136	12	0.570	1.532	2.573	-95231.882		189.123	288	4.801	839112168829025975	839111751910990618	839111751910990617	1029	
1	C20H34N4O8	[M - H2O + H]+	C20H33N4O7+	1.000	0.333	71.036	64.534	6.502	19	0.906	-0.413	1.043	-40817.777		441.235	288	4.807	839112174386478961	839111751957127966	839111751957127965	1030	
1	C24H35N5O7	[M - H2O + H]+	C24H34N5O6+	1.000	0.333	72.653	70.565	2.088	30	0.876	0.814	1.095	-36885.486		488.252	289	4.811	839112488363697475	839111751994876706	839111751994876705	1031	
1	C26H46N6O8	[M - H2O + H]+	C26H45N6O7+	1.000	0.333	70.505	61.844	8.662	24	0.892	-0.260	0.832	-32547.776		553.335	289	4.812	839112164462755183	839111752032625446	839111752032625445	1032	
1	C17H32N4O7	[M - H2O + H]+	C17H31N4O6+	1.000	0.333	66.368	60.736	5.632	23	0.873	0.514	0.829	-46511.626		387.224	289	4.821	839112270612205266	839111752066179882	839111752066179881	1033	
1	C13H20N2O5	[M - H2O + H]+	C13H19N2O4+	1.000	0.333	77.360	73.741	3.619	19	0.966	1.960	1.960	-67420.773		267.134	289	4.823	839112175355363254	839111751621583610	839111751621583609	1021	
1	C8H16N2O4	[M - H2O + H]+	C8H15N2O3+	1.000	0.333	64.893	62.075	2.818	8	0.950	1.022	1.022	-96257.022		187.108	289	4.824	839112489064146336	839111752103928622	839111752103928621	1034	
1	C14H29N3O6	[M - H2O + H]+	C14H28N3O5+	1.000	0.333	86.092	82.683	3.410	23	0.940	0.715	1.157	-56600.938		318.202	290	4.828	839112275758616500	839111752137483058	839111752137483057	1035	
1	C14H20N2O5	[M - H2O + H]+	C14H19N2O4+	1.000	0.333	66.892	63.605	3.287	18	0.948	1.178	1.300	-64522.577		279.134	290	4.833	839112264001981880	839111752171037494	839111752171037493	1036	
1	C31H37N3O7	[M - H2O + H]+	C31H36N3O6+	1.000	0.006	120.678	119.225	1.452	40	0.748	-0.375	1.232	-32970.203		546.260	290	4.835	839112274387079052	839111752204591930	839111752204591929	1037	
1	C53H77N7O18	[M + H3N + H]+	C53H81N8O18+	0.853	0.001	65.896	61.614	4.282	31	0.587	-1.065	1.629	-0.281		1117.566	291	4.846	839112423217766103	839111752242340670	839111752242340669	1038	
1	C5H7N5O2	[M - H2O + H]+	C5H6N5O+	1.000	0.254	27.113	24.039	3.074	5	0.689	1.420	1.575	-118446.504		152.057	291	4.846	839112165553274294	839111752275895106	839111752275895105	1039	
1	C10H15N5O6	[M - H2O + H]+	C10H14N5O5+	0.959	0.333	17.171	14.596	2.575	3	0.986	-0.036	0.556	-63395.076		284.099	291	4.846	839112166664764923	839111752309449542	839111752309449541	1040	
1	C43H60N4O14	[M + H3N + H]+	C43H64N5O14+	0.855	0.023	57.043	52.994	4.049	17	0.377	-1.555	1.692	-0.284		874.444	291	4.848	839112203893408961	839111752347198282	839111752347198281	1041	
1	C17H30N4O6	[M + K]+	C17H30KN4O6+	0.370	0.526	14.171	9.203	4.968	2	0.044	-0.824	0.824	0.464		425.180	291	4.852	839112178417205351	839111752380752718	839111752380752717	1042	
1	C21H37N5O6	[M + K]+	C21H37KN5O6+	0.299	0.355	12.775	8.196	4.579	5	0.173	1.101	1.101	0.826		494.238	291	4.856	839112202886775952	839111752418501458	839111752418501457	1043	
1	C14H13NO9	[M - H2O + H]+	C14H12NO8+	0.413	0.127	4.651	4.223	0.427	1	0.420	-3.928	3.928	-55926.775		322.055	291	4.856	839113688836435474	839111752452055894	839111752452055893	1044	
1	C26H44N6O7	[M + K]+	C26H44KN6O7+	0.995	1.000	88.170	79.517	8.653	22	0.531	-0.408	0.776	0.870		591.291	291	4.856	839112196758897530	839111752489804634	839111752489804633	1045	
1	C29H41N5O9	[M + K]+	C29H41KN5O9+	0.978	0.988	28.062	21.611	6.451	8	0.219	1.068	1.668	0.940		642.254	293	4.877	839113190142070238	839111752527553374	839111752527553373	1046	
1	C11H21N3O3	[M - H2O + H]+	C11H20N3O2+	1.000	0.333	65.969	62.520	3.448	14	0.900	0.361	0.642	-79637.921		226.155	294	4.893	839112315600311152	839111752565302114	839111752565302113	1047	
1	C5H14N4O2	[M - H2O + H]+	C5H13N4O+	1.000	0.333	40.902	38.769	2.133	5	0.982	3.313	3.313	-124117.761		145.108	294	4.899	839112175481192399	839111752607245158	839111752607245157	1048	
1	C27H47N7O11	[M - H2O + H]+	C27H46N7O10+	1.000	0.333	101.580	94.700	6.880	32	0.912	-0.823	0.974	-28663.403		628.331	294	4.906	839112200793818160	839111752640799594	839111752640799593	1049	
1	C25H45N5O9	[M + H3N + H]+	C25H49N6O9+	0.997	0.333	87.925	87.925	0.000	33	0.449	0.450	0.709	-3.280		577.354	294	4.906	839112304053391946	839111752724685682	839111752724685681	1051	
1	C30H51N7O11	[M - H2O + H]+	C30H50N7O10+	1.000	0.333	95.818	86.811	9.006	36	0.927	-0.954	1.248	-26946.558		668.362	295	4.910	839112216249829020	839111752691131246	839111752691131245	1050	
1	C28H47N7O7	[M - H2O + H]+	C28H46N7O6+	1.000	0.333	76.773	68.363	8.410	26	0.907	-0.440	1.137	-31248.130		576.351	295	4.910	839112247606446772	839111752766628726	839111752766628725	1052	
1	C27H36N8O11	[M + H3N + H]+	C27H40N9O11+	0.506	0.001	33.946	30.780	3.166	6	0.371	3.385	3.385	3.618		666.287	295	4.913	839112257240763494	839111752837931902	839111752837931901	1054	
1	C30H49ClN4O8	[M + K]+	C30H49ClKN4O8+	1.000	1.000	63.750	63.750	0.000	28	0.628	-0.752	1.794	3.798		667.290	295	4.915	839112452603060548	839111752800183162	839111752800183161	1053	
1	C23H46N6O9S3	[M - H2O + H]+	C23H45N6O8S3+	0.684	0.000	28.999	22.459	6.540	37	0.850	0.172	0.867	-28620.908		629.247	296	4.925	839112217600394953	839111752879874946	839111752879874945	1055	
1	C23H38N6O5	[M - H2O + H]+	C23H37N6O4+	1.000	0.333	180.177	176.854	3.323	32	0.683	-0.947	1.338	-39043.818		461.287	296	4.927	839112191167890057	839111753001509774	839111753001509773	1058	
1	C28H45N7O6	[M + K]+	C28H45KN7O6+	1.000	1.000	34.045	24.497	9.548	8	0.393	-0.493	0.998	0.765		614.307	296	4.927	839112210872731116	839111753043452818	839111753043452817	1059	
1	C25H48N6O9	[M + K]+	C25H48KN6O9+	0.997	0.305	45.774	45.774	0.000	27	0.373	0.255	0.770	-2.812		615.310	296	4.928	839112386278529701	839111752917623686	839111752917623685	1056	
1	C30H49N7O10	[M + K]+	C30H49KN7O10+	0.999	0.999	91.025	81.141	9.884	22	0.680	-0.794	0.957	1.163		706.318	296	4.941	839112271572700902	839111753081201558	839111753081201557	1060	
1	C14H14O9	[M - H2O + H]+	C14H13O8+	0.961	0.492	25.641	25.641	0.000	4	0.757	1.351	1.351	-58272.619		309.061	296	4.941	839112204543526142	839111753148310430	839111753148310429	1062	
1	C10H22N2O5	[M - H2O + H]+	C10H21N2O4+	1.000	0.333	43.245	39.899	3.346	8	0.994	0.503	0.656	-77248.984		233.150	296	4.941	839112211556402704	839111753114755994	839111753114755993	1061	
1	C6H5N3O3	[M + K]+	C6H5KN3O3+	0.507	0.507	4.944	4.944	0.000	1	0.013	3.373	5.796	9.179		205.998	297	4.944	839112209501193677	839111753181864866	839111753181864865	1063	
1	C13H18N2O6S3	[M + K]+	C13H18KN2O6S3+	0.993	1.000	19.671	14.219	5.451	4	0.785	3.202	4.130	-3.227		432.994	297	4.950	839112316682441615	839111753253168038	839111753253168037	1064	
1	C14H14O8	[M + K]+	C14H14KO8+	0.995	0.381	14.830	14.830	0.000	1	0.932	1.833	1.833	2.534		349.033	297	4.951	839112261825137972	839111753299305386	839111753295111081	1065	
1	C12H23N3O5	[M - H2O + H]+	C12H22N3O4+	1.000	0.333	62.795	59.357	3.438	14	0.983	-0.975	1.122	-66176.081		272.161	297	4.954	839112184213733785	839111753337054126	839111753337054125	1066	
1	C28H39N9O7	[M + K]+	C28H39KN9O7+	0.650	0.270	71.671	64.557	7.113	37	0.804	-0.710	1.330	3.568		652.263	298	4.958	839112224953010110	839111753374802866	839111753374802865	1067	
1	C6H6NO3P	[M + Na]+	C6H6NNaO3P+	0.152	0.229	2.767	0.224	2.544	0	0.000	1.998	1.998	1.802		193.998	298	4.959	839112268426972813	839111753412551606	839111753412551605	1068	
1	C33H47N5O9S2	[M + Na]+	C33H47N5NaO9S2+	0.976	0.983	60.846	56.074	4.772	28	0.718	1.402	1.617	4.178		744.274	298	4.960	839112400933428319	839111753450300346	839111753450300345	1069	
1	C15H17N3O3	[M + Na]+	C15H17N3NaO3+	0.136	0.317	6.661	4.628	2.033	2	0.027	0.490	0.598	0.316		310.116	298	4.965	839112229679990856	839111753525797826	839111753525797825	1071	
1	C29H46N9O8PS2	[M + K]+	C29H46KN9O8PS2+	0.447	0.455	77.537	72.232	5.305	35	0.685	0.467	1.049	2.012		782.230	298	4.966	839113508741406810	839111753492243390	839111753492243389	1070	
1	C31H44FN5O8S2	[M + K]+	C31H44FKN5O8S2+	0.377	0.372	35.334	25.820	9.514	10	0.883	-0.339	1.514	-0.668		736.224	298	4.968	839112196217832300	839111753563546566	839111753563546565	1072	
1	C5H10N3O2PS2	[M + K]+	C5H10KN3O2PS2+	0.921	0.362	14.885	14.885	0.000	4	0.977	4.128	4.128	3.766		277.959	298	4.972	839112455140614532	839111753601295306	839111753601295305	1073	
1	C8H6Cl2F3NO5	[M + K]+	C8H6Cl2F3KNO5+	0.360	0.744	17.991	17.991	0.000	5	0.848	-1.218	1.218	0.109		361.921	298	4.973	839112182359851315	839111753639044046	839111753639044045	1074	
1	C16H15NO9	[M - H2O + H]+	C16H14NO8+	0.115	0.145	11.635	10.044	1.591	2	0.078	1.621	1.621	-51741.261		348.072	298	4.974	839112205470467363	839111753676792786	839111753676792785	1075	
1	C31H39ClN5O17P	[M + H]+	C31H40ClN5O17P+	0.260	0.260	17.210	8.287	8.923	6	0.830	1.829	1.829	1.834		820.185	299	4.975	839112224210618281	839111753714541526	839111753714541525	1076	
1	C18H19NO5S2	[M + K]+	C18H19KNO5S2+	0.998	0.985	27.536	22.070	5.466	2	0.933	-1.807	1.807	0.549		432.034	299	4.978	839112243353422358	839111753752290266	839111753752290265	1077	
1	C13H12Cl7NO5	[M + Na]+	C13H12Cl7NNaO5+	0.443	0.295	8.985	8.676	0.310	2	0.726	-1.084	1.084	2.365		529.844	299	4.991	839112211480905215	839111753819399138	839111753819399137	1079	
1	C2H7N3O3S	[M + K]+	C2H7KN3O3S+	0.167	0.264	3.102	1.080	2.022	2	0.090	7.920	8.142	-8.023		191.982	300	4.996	839112230976030864	839111753857147878	839111753857147877	1080	
1	C28H45N7O6	[M + K]+	C28H45KN7O6+	0.996	0.996	44.945	44.945	0.000	19	0.428	0.578	0.679	0.748		614.307	300	4.998	839112455685874065	839111754545013810	839111754540819505	1099	
1	C4H9N3O6P2S2	[M + K]+	C4H9KN3O6P2S2+	0.112	0.093	4.788	4.788	0.000	2	0.982	0.282	1.706	3.089		359.905	300	5.000	839112220720957211	839111753785844702	839111753785844701	1078	
1	C26H50N4O6	[M + K]+	C26H50KN4O6+	0.616	0.617	52.270	52.270	0.000	20	0.483	-0.483	0.911	-2.419		553.335	301	5.014	839112520924080463	839111754574373942	839111754574373941	1100	
1	C30H55N5O9	[M + K]+	C30H55KN5O9+	0.976	0.768	65.303	65.303	0.000	27	0.634	-0.180	1.348	-1.798		668.362	301	5.025	839112705972581393	839111754792477774	839111754788283469	1106	
1	C29H43N5O10	[M - H2O + H]+	C29H42N5O9+	0.357	0.020	35.058	35.058	0.000	16	0.311	0.643	1.141	-29803.289		604.298	302	5.026	839112399922600969	839111754645677118	839111754645677117	1102	
1	C20H29N7O7	[M + K]+	C20H29KN7O7+	1.000	1.000	73.618	67.039	6.579	17	0.602	1.382	1.382	4.141		518.178	302	5.026	839112219370391284	839111753894896618	839111753890702313	1081	
1	C26H33N3O7S2	[M + K]+	C26H33KN3O7S2+	0.999	0.999	41.984	36.880	5.104	9	0.885	-0.183	1.007	0.962		602.140	302	5.026	839112226123220959	839111753928451054	839111753928451053	1082	
1	C13H9Cl9O8S2	[M + K]+	C13H9Cl9KO8S2+	1.000	0.998	8.457	8.457	0.000	4	0.686	-0.512	0.512	-2.922		710.655	302	5.034	839113330961634522	839111753962005490	839111753962005489	1083	
1	C6H7I3N2O	[M + K]+	C6H7I3KN2O+	0.978	0.980	3.274	0.391	2.883	0	0.000			-0.967		542.732	302	5.035	839112192082248367	839111754104611842	839111754104611841	1087	
1	CH3AsS	[M + H]+	CH4AsS+	0.515	0.497	-1.310	-1.310	0.000	0	0.000	1.773	1.773	1.960		122.925	302	5.035	839112219601078017	839111753995559926	839111753995559925	1084	
1	C2H2N4O4P2S4	[M + K]+	C2H2KN4O4P2S4+	0.999	0.493	1.990	1.990	0.000	2	0.361	4.309	4.309	5.470		374.809	302	5.035	839112236399266103	839111754066863102	839111754066863101	1086	
1	C12H11Cl11O3	[M + K]+	C12H11Cl11KO3+	0.998	0.217	7.006	7.006	0.000	3	0.655	0.109	0.323	2.750		626.693	302	5.035	839112260210330870	839111754142360582	839111754142360581	1088	
1	C4H2O3S4	[M - H2O + H]+	C4HO2S4+	0.374	0.363	0.391	0.391	0.000	0	0.000			-86229.147		208.884	302	5.035	839112394050575131	839111754033308666	839111754033308665	1085	
1	C3H3BrClFO5	[M + K]+	C3H3BrClFKO5+	0.995	0.989	14.614	12.522	2.092	2	0.985	2.706	2.706	1.171		290.847	302	5.035	839112189200761330	839111754217858062	839111754217858061	1090	
1	C7H9AsCl6O3S	[M + H]+	C7H10AsCl6O3S+	0.640	0.434	7.018	4.909	2.109	2	0.788	0.009	0.983	2.094		458.770	302	5.035	839112194695299850	839111754289161238	839111754284966933	1092	
1	C2O4S3	[M + Na]+	C2NaO4S3+	0.447	0.434	0.004	-0.609	0.613	0	0.000			4.243		206.886	302	5.035	839112394889435962	839111754180109322	839111754180109321	1089	
1	C2H8As2O6S	[M - H2O + H]+	C2H7As2O5S+	0.376	0.371	4.669	4.669	0.000	1	0.384	1.000	1.000	-61498.806		292.845	302	5.035	839112471037027038	839111754251412498	839111754251412497	1091	
1	C28H47N7O7	[M - H2O + H]+	C28H46N7O6+	0.946	0.332	63.736	63.736	0.000	21	0.427	0.253	1.209	-31248.425		576.351	302	5.039	839112441156804713	839111754826032210	839111754826032209	1107	
1	C8H15N4O3PS2	[M + K]+	C8H15KN4O3PS2+	0.865	0.205	18.439	14.121	4.318	2	0.967	2.816	2.816	2.960		348.997	303	5.045	839112198424036306	839111754322715674	839111754322715673	1093	
1	C12H10O8	[M - H2O + H]+	C12H9O7+	0.876	0.260	5.612	4.164	1.448	0	0.000	3.656	3.656	-67952.095		265.035	303	5.054	839112199292257269	839111754360464414	839111754360464413	1094	
1	C5H12ClN3O4	[M - H2O + H]+	C5H11ClN3O3+	0.322	0.060	1.449	1.449	0.000	1	0.016	-0.143	0.192	-91868.006		196.048	303	5.058	839112706689807396	839111754394018850	839111754394018849	1095	
1	C20H26N6O7	[M + H3N + H]+	C20H30N7O7+	0.975	0.333	18.841	16.235	2.605	7	0.104	2.806	3.091	4.180		480.222	304	5.060	839112202865804411	839111754435961894	839111754435961893	1096	
1	C6H13N3O3	[M - H2O + H]+	C6H12N3O2+	1.000	0.333	56.350	53.656	2.694	15	0.946	3.412	3.412	-113924.100		158.092	304	5.069	839112190039622172	839111754473710634	839111754473710633	1097	
1	C20H37N5O7	[M - H2O + H]+	C20H36N5O6+	1.000	0.333	74.742	68.136	6.606	13	0.954	-0.194	1.610	-40723.046		442.266	304	5.071	839112204061181157	839111754507265070	839111754507265069	1098	
1	C36H47N7O9	[M + K]+	C36H47KN7O9+	0.996	0.999	58.176	53.822	4.354	29	0.700	0.056	0.782	-2.505		760.305	305	5.080	839112297304756636	839111754612122682	839111754612122681	1101	
1	C10H21N3O5	[M - H2O + H]+	C10H20N3O4+	1.000	0.333	164.706	161.799	2.907	35	0.948	0.612	1.428	-73170.740		246.145	305	5.081	839112205583713587	839111754716980294	839111754716980293	1104	
1	C8H18N2O4	[M - H2O + H]+	C8H17N2O3+	1.000	0.333	21.637	18.465	3.173	3	0.995	7.004	7.004	-95231.650		189.123	305	5.081	839112304195998308	839111754679231554	839111754679231553	1103	
1	C17H25N7O7	[M + K]+	C17H25KN7O7+	0.999	1.000	84.919	81.966	2.953	31	0.698	3.161	3.161	4.446		478.147	305	5.084	839112238978763125	839111754754729034	839111754754729033	1105	
1	C33H57N7O13	[M - H2O + H]+	C33H56N7O12+	1.000	0.000	59.840	59.840	0.000	42	0.925	-1.117	1.197	-24260.073		742.398	305	5.091	839112262231985518	839111754863780950	839111754863780949	1108	
1	C17H22N6O7	[M + H3N + H]+	C17H26N7O7+	0.997	0.221	72.687	70.283	2.404	19	0.412	-0.130	1.416	4.787		440.191	305	5.091	839112269592989339	839111754901529690	839111754901529689	1109	
1	C17H33N5O7	[M - H2O + H]+	C17H32N5O6+	1.000	0.333	85.838	79.992	5.846	26	0.903	-0.943	1.503	-44776.075		402.235	306	5.097	839112241986079201	839111754939278430	839111754939278429	1110	
1	C14H20N2O5	[M - H2O + H]+	C14H19N2O4+	1.000	0.333	30.694	27.114	3.580	6	0.987	0.249	0.914	-64522.958		279.134	306	5.098	839112270503153335	839111754977027170	839111754977027169	1111	
1	C9H14N2O7	[M - H2O + H]+	C9H13N2O6+	1.000	0.325	50.621	50.621	0.000	9	0.103	0.464	1.182	-73489.480		245.077	306	5.107	839112473532638049	839111755086079086	839111755086079085	1114	
1	C34H49N7O9	[M + Na]+	C34H49N7NaO9+	0.993	0.986	48.690	43.739	4.952	13	0.458	-0.458	0.616	0.835		722.349	306	5.108	839112249602935517	839111755014775910	839111755014775909	1112	
1	C43H48N4O10	[M - H2O + H]+	C43H47N4O9+	0.768	0.000	40.691	37.214	3.476	27	0.760	-0.069	0.943	-23593.977		763.334	307	5.109	839112313977115472	839111755056718954	839111755056718953	1113	
1	C31H55N7O11	[M - H2O + H]+	C31H54N7O10+	1.000	0.321	48.693	39.721	8.972	28	0.905	-0.943	1.381	-26315.359		684.393	307	5.120	839112231454181558	839111755128022130	839111755123827825	1115	
1	C10H22N2O5	[M - H2O + H]+	C10H21N2O4+	1.000	0.333	35.248	31.915	3.333	6	0.988	3.656	3.656	-77248.892		233.150	308	5.129	839112206389019994	839111755195131002	839111755195131001	1117	
1	C14H16N2O4	[M + Na]+	C14H16N2NaO4+	0.115	0.227	4.873	3.787	1.086	1	0.034	2.441	2.441	0.375		299.100	308	5.133	839112205986366785	839111755228685438	839111755228685437	1118	
1	C11H16N2O4	[M - H2O + H]+	C11H15N2O3+	1.000	0.333	58.817	55.365	3.452	6	0.975	0.176	0.818	-80725.719		223.108	308	5.135	839112208049964439	839111755161576566	839111755161576565	1116	
1	C11H20N2O5	[M + H]+	C11H21N2O5+	1.000	0.333	92.507	89.144	3.363	18	0.972	0.011	1.320	0.160		261.145	308	5.139	839112223107516287	839111755266434178	839111755266434177	1119	
1	C11H20N2O5	[M - H2O + H]+	C11H19N2O4+	1.000	0.333	67.560	64.033	3.526	14	0.983	-0.160	1.002	-74076.693		243.134	309	5.142	839112196951835537	839111755299988614	839111755299988613	1120	
1	C13H16ClN3O4	[M + H3N + H]+	C13H20ClN4O4+	0.999	0.301	87.865	87.865	0.000	16	0.378	-0.325	1.248	-0.330		331.117	310	5.164	839112207466956144	839111755337737354	839111755337737353	1121	
1	C11H18FN3O4	[M + H3N + H]+	C11H22FN4O4+	0.678	0.326	82.778	82.778	0.000	19	0.575	-0.023	0.376	-4.229		293.161	310	5.166	839112254023732120	839111755371291790	839111755371291789	1122	
1	C25H29N7O6	[M + Na]+	C25H29N7NaO6+	0.446	0.666	29.064	26.156	2.908	7	0.220	-0.704	1.135	1.076		546.208	310	5.170	839112214223980096	839111755409040530	839111755409040529	1123	
1	C20H40N5O9P	[M - H2O + H]+	C20H39N5O8P+	1.000	0.000	61.716	55.056	6.660	27	0.892	-0.937	1.880	-35438.427		508.252	310	5.173	839112222860052332	839111755484538010	839111755480343705	1125	
1	C23H37N5O9	[M - H2O + H]+	C23H36N5O8+	0.895	0.333	101.539	101.539	0.000	37	0.275	-0.111	0.272	-35295.390		510.257	310	5.173	839112258704575616	839111755442594966	839111755442594965	1124	
1	C28H49N4O7	[M + Na]+	C28H49N4NaO7+	0.895	0.995	93.719	93.719	0.000	41	0.768	-0.023	3.103	2.471		576.351	310	5.175	839112324701951068	839111756159821030	839111756159821029	1144	
1	C8H14N2O6	[M - H2O + H]+	C8H13N2O5+	1.000	0.333	95.175	95.175	0.000	17	0.260	0.736	1.868	-82966.023		217.082	311	5.178	839112225770899408	839111755585201318	839111755585201317	1128	
1	C28H39N7O4	[M + K]+	C28H39KN7O4+	0.936	1.000	85.703	85.703	0.000	27	0.907	-0.685	1.315	-0.348		576.269	311	5.185	839112373792086161	839111755518092446	839111755518092445	1126	
1	C24H43N5O7	[M + K]+	C24H43KN5O7+	0.563	0.513	95.617	95.617	0.000	40	0.892	-0.679	1.369	-2.203		552.278	312	5.192	839112281110548624	839111755551646882	839111755551646881	1127	
1	C25H30N4O6S	[M + K]+	C25H30KN4O6S+	0.999	1.000	58.660	56.036	2.624	31	0.515	-0.718	1.179	-3.478		553.150	312	5.206	839112229608687670	839111755627144362	839111755627144361	1129	
1	C28H34N2O6	[M - H2O + H]+	C28H33N2O5+	1.000	0.184	75.152	74.599	0.553	27	0.843	-1.034	1.966	-37739.763		477.238	313	5.212	839112231366101151	839111755698447538	839111755698447537	1131	
1	C35H43N7O8	[M + K]+	C35H43KN7O8+	0.961	0.946	39.575	34.991	4.584	28	0.771	-0.751	1.852	-2.704		728.279	313	5.221	839112487038297376	839111755664893102	839111755664893101	1130	
1	C28H45N7O6	[M + K]+	C28H45KN7O6+	0.471	0.581	62.835	62.835	0.000	40	0.747	0.122	0.280	0.634		614.307	314	5.225	839112365348952029	839111756088517854	839111756088517853	1142	
1	C9H18N2O4	[M + K]+	C9H18KN2O4+	1.000	1.000	27.915	27.915	0.000	6	0.121	0.108	0.108	-0.020		257.090	314	5.228	839113333608240373	839111755732001974	839111755732001973	1132	
1	C8H12N4O3	[M - H2O + H]+	C8H11N4O2+	1.000	0.333	84.890	84.890	0.000	16	0.333	0.101	1.319	-92320.020		195.088	314	5.229	839112259136589015	839111755874608326	839111755874608325	1136	
1	C33H62N4O12	[M - H2O + H]+	C33H61N4O11+	1.000	0.189	67.337	67.337	0.000	27	0.943	-0.660	1.614	-26121.192		689.435	314	5.229	839112243491834402	839111755836859586	839111755836859585	1135	
1	C37H57N4O13	[M - H2O + H]+	C37H56N4O12+	1.000	0.017	109.427	109.427	0.000	44	0.952	-0.850	1.555	-24066.828		748.388	314	5.229	839112343282718051	839111755803305150	839111755803305149	1134	
1	C38H61N7O9	[M + Na]+	C38H61N7NaO9+	1.000	1.000	96.311	90.025	6.286	40	0.909	-1.607	1.793	-1.211		782.441	314	5.231	839112236906776904	839111755912357066	839111755912357065	1137	
1	C23H32N4O6S	[M + Na]+	C23H32N4NaO6S+	1.000	1.000	43.008	35.869	7.139	15	0.573	-0.783	1.342	0.550		515.194	314	5.233	839112242829134341	839111755950105806	839111755945911501	1138	
1	C14H27N3O7	[M - H2O + H]+	C14H26N3O6+	1.000	0.333	107.032	104.106	2.926	31	0.920	-0.510	1.750	-54219.417		332.181	314	5.234	839112267118349867	839111755983660242	839111755983660241	1139	
1	C20H26N6O7	[M + H3N + H]+	C20H30N7O7+	0.948	0.332	41.290	38.435	2.856	11	0.259	0.558	3.198	3.868		480.222	314	5.237	839112353189664269	839111756054963418	839111756054963417	1141	
1	C9H20N2O5	[M - H2O + H]+	C9H19N2O4+	1.000	0.333	109.098	105.770	3.328	23	0.995	2.896	2.896	-82189.379		219.134	314	5.237	839112374580615363	839111756017214678	839111756017214677	1140	
1	C38H56N4O11	[M - H2O + H]+	C38H55N4O10+	0.765	0.309	46.554	40.960	5.594	13	0.514	-1.195	1.972	-24761.393		727.391	315	5.242	839112252010466140	839111756122072290	839111756122072289	1143	
1	C39H54N4O14	[M + H3N + H]+	C39H58N5O14+	0.997	0.330	60.146	56.748	3.399	16	0.493	-1.809	1.867	-2.045		820.396	315	5.255	839112234503440615	839111756197569770	839111756197569769	1145	
1	C24H33N5O6	[M + K]+	C24H33KN5O6+	0.941	0.951	30.477	24.410	6.067	6	0.159	-1.499	1.499	0.738		526.207	316	5.265	839112239838595488	839111756235318510	839111756235318509	1146	
1	C29H47N5O14	[M + K]+	C29H47KN5O14+	0.887	0.886	40.078	35.901	4.177	26	0.741	2.471	2.868	3.750		728.278	316	5.267	839112358772283180	839111756273067250	839111756273067249	1147	
1	C16H19N5O6	[M + H3N + H]+	C16H23N6O6+	0.804	0.003	36.191	34.170	2.021	10	0.300	1.502	1.502	4.710		395.169	317	5.275	839112259132394693	839111756310815990	839111756306621685	1148	
1	C8H18N2O4	[M - H2O + H]+	C8H17N2O3+	1.000	0.333	20.819	17.686	3.133	3	0.987	6.776	6.776	-95231.766		189.123	317	5.278	839112261976132935	839111756344370426	839111756344370425	1149	
1	C11H12N2O3	[M - H2O + H]+	C11H11N2O2+	0.996	0.333	64.099	60.757	3.341	9	0.937	-0.334	0.905	-88686.140		203.082	317	5.279	839112240505489870	839111756382119166	839111756382119165	1150	
1	C15H24N2O6	[M + H3N + H]+	C15H28N3O6+	0.960	0.333	81.584	81.584	0.000	26	0.560	0.035	0.340	-0.093		346.197	317	5.279	839112224135120788	839111755765556410	839111755765556409	1133	
1	C11H14N2O4	[M - H2O + H]+	C11H13N2O3+	1.000	0.333	115.192	111.703	3.489	26	0.702	-0.223	1.217	-81461.775		221.092	317	5.280	839112286764470595	839111756419867906	839111756419867905	1151	
1	C9H19N5O3	[M - H2O + H]+	C9H18N5O2+	1.000	0.333	53.739	51.350	2.388	17	0.965	-0.033	1.096	-78943.190		228.146	317	5.281	839112368066861071	839111756457616646	839111756457616645	1152	
1	C8H18N2O3	[M - H2O + H]+	C8H17N2O2+	1.000	0.333	122.109	122.109	0.000	17	0.391	6.143	6.143	-104029.807		173.128	317	5.282	839112267365813869	839111756788966698	839111756788966697	1161	
1	C26H44N6O9	[M + K]+	C26H44KN6O9+	0.992	0.995	30.775	21.224	9.551	5	0.339	0.013	0.779	0.602		623.281	317	5.291	839112376644213046	839111756495365386	839111756495365385	1153	
1	C26H46N6O10	[M - H2O + H]+	C26H45N6O9+	1.000	0.333	86.457	78.047	8.410	31	0.924	-0.399	1.165	-30769.501		585.325	317	5.291	839112251419069255	839111756541502734	839111756541502733	1154	
1	C12H25N3O6	[M - H2O + H]+	C12H24N3O5+	1.000	0.333	168.045	164.647	3.397	41	0.961	0.048	1.753	-62069.032		290.171	318	5.304	839112251125467933	839111756575057170	839111756575057169	1155	
1	C24H35N5O7	[M - H2O + H]+	C24H34N5O6+	1.000	0.333	66.920	60.330	6.590	22	0.875	-0.096	1.169	-36887.227		488.251	318	5.305	839112383468345920	839111756612805910	839111756612805909	1156	
1	C11H14N2O5	[M - H2O + H]+	C11H13N2O4+	0.992	0.333	78.377	74.916	3.461	11	0.990	-0.335	0.741	-75966.305		237.087	319	5.309	839112424799018795	839111756650554650	839111756650554649	1157	
1	C40H51N5O12	[M - H2O + H]+	C40H50N5O11+	0.739	0.329	122.816	117.151	5.665	40	0.930	-1.063	1.343	-23203.628		776.347	319	5.310	839112411389828565	839111756684109086	839111756684109085	1158	
1	C21H38N4O10	[M - H2O + H]+	C21H37N4O9+	0.672	0.285	151.212	151.212	0.000	39	0.629	-0.022	0.386	-36815.588		489.254	319	5.311	839112352560518651	839111756717663522	839111756717663521	1159	
1	C15H29N3O7	[M - H2O + H]+	C15H28N3O6+	1.000	0.333	119.484	116.198	3.286	37	0.949	-0.275	1.137	-52024.062		346.197	319	5.311	839112249279974089	839111756755412262	839111756755412261	1160	
1	C19H36N4O8	[M - H2O + H]+	C19H35N4O7+	1.000	0.333	64.049	60.594	3.455	20	0.929	-0.148	0.846	-41763.205		431.250	319	5.317	839112358386407170	839111756822521134	839111756822521133	1162	
1	C10H16N4O4	[M - H2O + H]+	C10H15N4O3+	1.000	0.333	131.469	131.469	0.000	35	0.951	-0.355	0.884	-75322.381		239.114	319	5.321	839112255433018352	839111756889630002	839111756885435697	1163	
1	C13H20N3O7	[M - H2O + H]+	C13H19N3O6+	0.269	0.201	6.416	5.388	1.028	6	0.110	1.150	3.480	-57517.273		313.127	319	5.325	839112228027435017	839111756927378742	839111756927378741	1164	
1	C14H27N3O6	[M + K]+	C14H27KN3O6+	1.000	1.000	126.057	126.057	0.000	30	0.484	0.212	0.334	0.245		372.153	320	5.329	839112273346891536	839111756960933178	839111756960933177	1165	
1	C11H24N4O5	[M - H2O + H]+	C11H23N4O4+	1.000	0.333	54.816	52.855	1.961	17	0.989	-0.193	1.393	-65452.217		275.171	320	5.331	839112253080013706	839111756998681918	839111756998681917	1166	
1	C18H32N4O7S	[M + K]+	C18H32KN4O7S+	0.186	0.230	12.386	6.667	5.718	5	0.151	-1.054	1.247	0.783		487.163	320	5.331	839112281475453113	839111757036430658	839111757036430657	1167	
1	C40H43N5O7	[M + K]+	C40H43KN5O7+	0.993	0.997	47.200	42.603	4.597	10	0.336	-1.466	1.466	-0.264		744.279	320	5.332	839112371434887272	839111757074179398	839111757074179397	1168	
1	C14H27N3O6	[M + H]+	C14H28N3O6+	1.000	0.333	116.311	112.929	3.382	35	0.960	0.488	0.955	-0.186		334.197	320	5.337	839112246314601087	839111757111928138	839111757111928137	1169	
1	C26H30N2O6	[M - H2O + H]+	C26H29N2O5+	1.000	0.333	105.499	105.499	0.000	31	0.709	-0.800	3.031	-40095.370		449.207	320	5.340	839112244649462376	839111757149676878	839111757145482573	1170	
1	C44H61N3O15	[M + Na]+	C44H61N3NaO15+	0.947	0.997	60.969	56.640	4.329	14	0.453	-3.690	3.690	-2.570		894.397	321	5.343	839112342670349650	839111757187425618	839111757187425617	1171	
1	C14H27N3O7	[M - H2O + H]+	C14H26N3O6+	1.000	0.333	91.961	88.581	3.380	28	0.931	0.271	1.090	-54219.226		332.182	321	5.343	839112230300747876	839111757225174358	839111757225174357	1172	
1	C42H63N7O13	[M - H2O + H]+	C42H62N7O12+	1.000	0.067	117.793	109.734	8.060	43	0.941	-0.574	0.729	-21033.578		856.442	321	5.346	839112336999650552	839111757267117402	839111757267117401	1173	
1	C22H40N4O8	[M + K]+	C22H40KN4O8+	0.993	0.745	94.871	94.871	0.000	37	0.913	-0.598	1.174	-2.811		527.246	321	5.348	839112376983951732	839111757304866142	839111757304866141	1174	
1	C30H49N7O9	[M + K]+	C30H49KN7O9+	0.537	0.992	101.831	92.346	9.486	25	0.667	-0.694	1.146	0.979		690.323	322	5.360	839112283987841301	839111757355197794	839111757355197793	1175	
1	C17H32N4O6	[M - H2O + H]+	C17H31N4O5+	1.000	0.333	109.367	106.423	2.944	36	0.927	0.025	0.724	-48515.743		371.229	323	5.378	839112281282515110	839111757388752230	839111757388752229	1176	
1	C40H45N5O8	[M - H2O + H]+	C40H44N5O7+	1.000	0.333	90.066	84.108	5.958	37	0.858	-0.474	0.946	-25499.647		706.323	323	5.379	839112271786610427	839111757430695274	839111757426500969	1177	
1	C15H25N3O7S	[M - H2O + H]+	C15H24N3O6S+	1.000	0.333	93.230	89.922	3.309	31	0.905	0.433	1.202	-48138.747		374.138	323	5.388	839113355603170907	839111757464249710	839111757464249709	1178	
1	C15H30N4O6	[M - H2O + H]+	C15H29N4O5+	1.000	0.333	82.545	79.542	3.003	32	0.721	0.176	1.119	-52174.105		345.213	324	5.392	839112279470575675	839111757497804146	839111757497804145	1179	
1	C5H10N2O3S	[M - H2O + H]+	C5H9N2O2S+	1.000	0.333	48.196	45.749	2.447	6	0.969	3.854	3.854	-111840.136		161.038	324	5.397	839112274219306874	839111757535552886	839111757535552885	1180	
1	C50H72N6O17	[M + H3N + H]+	C50H76N7O17+	0.494	0.006	48.559	44.461	4.098	19	0.467	-1.443	1.543	-0.469		1046.529	324	5.399	839112398177770470	839111757569107322	839111757569107321	1181	
1	C19H30N6O7	[M - H2O + H]+	C19H29N6O6+	1.000	0.000	42.268	36.169	6.099	19	0.868	0.512	1.019	-41193.117		437.215	324	5.401	839112375801157892	839111757611050366	839111757606856061	1182	
1	C31H43N7O9	[M + Na]+	C31H43N7NaO9+	0.628	0.634	49.363	46.256	3.107	12	0.467	0.341	0.560	0.902		680.302	324	5.402	839112255395269594	839111757644604802	839111757644604801	1183	
1	C15H27N3O7	[M - H2O + H]+	C15H26N3O6+	1.000	0.333	68.379	62.315	6.063	19	0.945	-0.363	0.780	-52328.183		344.182	324	5.404	839112240392243639	839111757682353542	839111757682353541	1184	
1	C21H37N5O7	[M - H2O + H]+	C21H36N5O6+	1.000	0.333	91.624	88.094	3.530	37	0.898	-0.160	0.921	-39647.366		454.266	324	5.408	839112250664094470	839111757715907978	839111757715907977	1185	
1	C12H18N2O5	[M - H2O + H]+	C12H17N2O4+	1.000	0.333	72.912	69.662	3.250	16	0.986	0.769	0.910	-71154.412		253.118	325	5.409	839112286416343338	839111757749462414	839111757749462413	1186	
1	C5H11NO3S	[M - H2O + H]+	C5H10NO2S+	1.000	0.329	71.830	69.305	2.524	8	0.984	3.567	3.567	-121657.818		148.043	325	5.411	839112359560812384	839111757791405458	839111757787211153	1187	
1	C50H66N8O12	[M + Na]+	C50H66N8NaO12+	1.000	1.000	144.911	138.002	6.909	54	0.979	0.143	0.959	-1.087		993.468	325	5.413	839112354137577010	839111757824959894	839111757824959893	1188	
1	C27H53N3O15	[M - H2O + H]+	C27H52N3O14+	1.000	0.000	115.709	109.672	6.037	42	0.918	1.123	1.123	-28034.829		642.347	325	5.413	839112507972069429	839111757862708634	839111757862708633	1189	
1	C9H19N3O3	[M - H2O + H]+	C9H18N3O2+	1.000	0.333	93.753	90.704	3.049	21	0.917	3.813	3.813	-89989.594		200.139	326	5.432	839112261263101203	839111757967566246	839111757967566245	1192	
1	C13H23N3O7S	[M - H2O + H]+	C13H22N3O6S+	1.000	0.333	94.196	90.988	3.208	33	0.933	0.104	0.924	-51736.341		348.122	326	5.435	839112254480911279	839111758005314986	839111758005314985	1193	
1	C8H16N2O4	[M - H2O + H]+	C8H15N2O3+	1.000	0.333	20.691	17.522	3.170	2	0.987	1.715	1.715	-96257.315		187.108	326	5.437	839112251255491380	839111758038869422	839111758038869421	1194	
1	C49H79N9O12	[M + Na]+	C49H79N9NaO12+	0.751	0.908	112.031	102.697	9.334	50	0.937	-0.032	0.528	-0.912		1008.573	326	5.437	839112356754822780	839111758080812466	839111758080812465	1195	
1	C14H20N2O6	[M - H2O + H]+	C14H19N2O5+	1.000	0.333	42.176	39.105	3.071	10	0.995	1.559	1.559	-61025.741		295.129	326	5.439	839112283132203233	839111757934011810	839111757934011809	1191	
1	C9H14N2O7	[M - H2O + H]+	C9H13N2O6+	1.000	0.333	115.304	112.105	3.198	25	0.957	0.094	0.848	-73489.085		245.077	326	5.439	839112259073674415	839111758114366902	839111758114366901	1196	
1	C10H18N2O6S	[M - H2O + H]+	C10H17N2O5S+	1.000	0.333	98.084	93.976	4.108	30	0.962	-0.348	0.674	-64999.615		277.085	327	5.445	839112278438776869	839111758152115642	839111758152115641	1197	
1	C14H27N3O7	[M - H2O + H]+	C14H26N3O6+	1.000	0.333	105.031	101.956	3.075	28	0.934	-0.095	0.588	-54219.163		332.182	327	5.451	839112513554688167	839111758189864382	839111758189864381	1198	
1	C22H35N5O11	[M - H2O + H]+	C22H34N5O10+	1.000	0.000	35.974	29.687	6.287	18	0.879	-0.528	0.968	-34095.083		528.231	327	5.453	839112265574845923	839111758227613122	839111758227613121	1199	
1	C32H43N3O8	[M + K]+	C32H43KN3O8+	0.998	0.107	101.723	98.792	2.931	36	0.919	1.569	1.569	3.939		636.271	327	5.454	839112473624912761	839111758277944774	839111758273750469	1200	
1	C19H27N3O8	[M - H2O + H]+	C19H26N3O7+	1.000	0.333	65.136	61.542	3.594	20	0.914	-0.174	1.022	-44124.057		408.177	328	5.462	839112262420729249	839111758311499210	839111758311499209	1201	
1	C16H30N4O6	[M - H2O + H]+	C16H29N4O5+	1.000	0.333	86.699	80.589	6.110	28	0.904	0.114	1.136	-50419.692		357.213	328	5.464	839112255277829062	839111758361830862	839111758361830861	1202	
1	C8H14N2O6	[M - H2O + H]+	C8H13N2O5+	1.000	0.333	77.882	74.719	3.162	17	0.984	3.660	3.660	-82966.073		217.082	328	5.466	839112257081379894	839111758399579602	839111758395385297	1203	
1	C30H51N7O10	[M - H2O + H]+	C30H50N7O9+	1.000	0.333	107.374	98.937	8.437	38	0.898	-0.321	0.572	-27606.934		652.367	328	5.466	839112374463174826	839111758441522646	839111758437328341	1204	
1	C45H54N6O10	[M - H2O + H]+	C45H53N6O9+	0.994	0.330	111.492	107.489	4.003	49	0.944	-0.456	0.768	-21927.147		821.387	328	5.472	839112319933027283	839111758512825822	839111758512825821	1206	
1	C20H35N5O7	[M - H2O + H]+	C20H34N5O6+	1.000	0.333	69.842	66.407	3.435	31	0.913	-0.237	0.922	-40909.446		440.251	329	5.479	839112298881814976	839111758546380258	839111758546380257	1207	
1	C11H22N2O6	[M - H2O + H]+	C11H21N2O5+	1.000	0.333	51.497	45.767	5.729	10	0.996	0.478	0.832	-68967.436		261.145	329	5.480	839112261510565156	839111758617683434	839111758617683433	1209	
1	C27H32N2O5	[M - H2O + H]+	C27H31N2O4+	1.000	0.002	55.586	55.586	0.000	24	0.831	0.213	2.492	-40272.574		447.227	329	5.481	839112274013785937	839111758584128998	839111758584128997	1208	
1	C20H37N5O9	[M - H2O + H]+	C20H36N5O8+	1.000	0.333	156.724	152.898	3.826	54	0.986	0.878	1.160	-37975.488		474.256	329	5.485	839112299750035925	839111758475077082	839111758475077081	1205	
1	C32H44N6O9	[M + H3N + H]+	C32H48N7O9+	0.769	0.320	96.492	96.492	0.000	39	0.481	0.286	0.421	-2.406		674.349	329	5.487	839112522845071765	839111757900457374	839111757900457373	1190	
1	C23H40N6O6	[M - H2O + H]+	C23H39N6O5+	1.000	0.333	90.546	86.902	3.644	35	0.924	-0.094	0.998	-37576.463		479.298	329	5.491	839112275171413919	839111758655432174	839111758655432173	1210	
1	C31H37N3O8	[M - H2O + H]+	C31H36N3O7+	1.000	0.333	73.703	71.646	2.057	27	0.911	-0.498	1.986	-32032.869		562.255	330	5.503	839112462413537811	839111758693180914	839111758693180913	1211	
1	C30H49N7O9	[M + K]+	C30H49KN7O9+	0.768	0.998	89.377	79.481	9.896	23	0.636	-0.388	0.692	0.081		690.322	330	5.506	839112303885619764	839111758730929654	839111758730929653	1212	
1	C36H65N9O12	[M + Na]+	C36H65N9NaO12+	1.000	1.000	132.846	127.686	5.160	52	0.946	0.134	0.746	4.545		838.468	331	5.513	839112513416276110	839111758764484090	839111758764484089	1213	
1	C31H37N3O9	[M - H2O + H]+	C31H36N3O8+	1.000	0.333	97.698	97.065	0.633	42	0.764	-0.150	1.474	-31144.037		578.251	331	5.523	839112403059940540	839111758802232830	839111758802232829	1214	
1	C7H16N2O4	[M - H2O + H]+	C7H15N2O3+	1.000	0.333	54.045	51.033	3.012	5	0.988	1.499	1.499	-102854.131		175.108	331	5.523	839112257240763508	839111758835787266	839111758835787265	1215	
1	C15H24I3N5O5	[M + H3N + H]+	C15H28I3N6O5+	0.989	0.333	83.790	83.790	0.000	24	0.376	-0.351	0.503	-3.093		752.923	332	5.527	839112515622480102	839111758873536006	839111758873536005	1216	
1	C24H43N5O9S	[M + K]+	C24H43KN5O9S+	0.577	0.444	45.376	39.304	6.071	17	0.670	0.081	0.346	0.670		616.242	332	5.528	839112345136600444	839111758978393618	839111758978393617	1219	
1	C8H11NO2	[M - H2O + H]+	C8H10NO+	1.000	0.333	77.363	74.219	3.144	9	0.982	2.785	2.785	-132356.713		136.076	332	5.528	839112354531841616	839111758940644878	839111758940644877	1218	
1	C9H8O3	[M - H2O + H]+	C9H7O2+	1.000	0.500	49.293	46.069	3.224	5	0.945	4.444	4.444	-122484.261		147.044	332	5.528	839112317848458166	839111758907090442	839111758907090441	1217	
1	C7H8O3	[M - H2O + H]+	C7H7O2+	1.000	0.499	70.122	67.071	3.051	7	0.957	8.911	8.911	-146373.584		123.044	332	5.529	839112262378786182	839111759016142358	839111759016142357	1220	
1	C9H10O4	[M - H2O + H]+	C9H9O3+	1.000	0.500	105.556	102.234	3.322	11	0.977	1.892	1.892	-109118.550		165.055	332	5.529	839112275817336779	839111759049696794	839111759049696793	1221	
1	C9H13NO4	[M - H2O + H]+	C9H12NO3+	1.000	0.333	93.212	88.028	5.183	14	0.984	0.988	1.123	-98914.849		182.081	332	5.530	839112280330408037	839111759091639838	839111759091639837	1222	
1	C29H34N4O9	[M + H3N + H]+	C29H38N5O9+	0.995	0.333	55.497	53.217	2.279	40	0.694	0.614	0.892	2.509		600.268	332	5.534	839112380331006444	839111759129388578	839111759129388577	1223	
1	C26H46N6O10	[M - H2O + H]+	C26H45N6O9+	1.000	0.333	126.599	119.786	6.813	49	0.941	-0.302	0.634	-30769.677		585.325	332	5.540	839112349116995007	839111759167137318	839111759167137317	1224	
1	C32H41N3O8	[M - H2O + H]+	C32H40N3O7+	1.000	0.333	104.778	99.662	5.116	40	0.786	-0.446	0.765	-31145.172		578.286	332	5.540	839112414099349025	839111759204886058	839111759204886057	1225	
1	C19H28N4O9	[M - H2O + H]+	C19H27N4O8+	0.833	0.333	113.906	110.423	3.483	31	0.934	0.563	0.901	-41009.358		439.182	333	5.546	839112291927658868	839111759242634798	839111759242634797	1226	
1	C22H23F3N4O3	[M + H3N + H]+	C22H27F3N5O3+	0.827	0.275	95.734	93.744	1.990	30	0.660	0.073	0.942	1.135		466.207	333	5.551	839112306762912385	839111759276189234	839111759276189233	1227	
1	C10H17N3O6	[M - H2O + H]+	C10H16N3O5+	1.000	0.333	84.009	80.883	3.126	17	0.976	-0.482	0.636	-69778.881		258.108	333	5.557	839112406247611681	839111759322326582	839111759322326581	1228	
1	C20H36N4O9	[M - H2O + H]+	C20H35N4O8+	1.000	0.333	67.050	63.987	3.064	22	0.973	0.220	1.416	-39218.002		459.245	334	5.558	839112260298411262	839111759355881018	839111759355881017	1229	
1	C29H44N6O9	[M - H2O + H]+	C29H43N6O8+	1.000	0.000	41.311	32.480	8.831	23	0.868	-0.474	0.967	-29851.949		603.314	334	5.559	839112302530859556	839111759402018366	839111759402018365	1230	
1	C37H58N12O10	[M - H2O + H]+	C37H57N12O9+	1.000	0.333	115.512	106.679	8.833	45	0.935	-0.157	0.493	-22142.554		813.436	334	5.559	839112309917029040	839111759439767106	839111759439767105	1231	
1	C19H35N5O7	[M - H2O + H]+	C19H34N5O6+	1.000	0.333	50.582	44.139	6.443	15	0.923	0.291	0.946	-42055.696		428.251	334	5.565	839112301289345542	839111759481710150	839111759477515845	1232	
1	C10H14N5O7P	[M - H2O + H]+	C10H13N5O6P+	0.897	0.296	37.244	34.878	2.366	10	0.909	0.591	0.747	-54567.824		330.060	334	5.567	839112264291388879	839111759515264586	839111759515264585	1233	
1	C11H22N2O6	[M - H2O + H]+	C11H21N2O5+	1.000	0.333	39.630	33.936	5.694	7	0.995	2.347	2.347	-68967.764		261.145	334	5.568	839112276765249514	839111759808865894	839111759808865893	1240	
1	C19H33N5O6	[M + Na]+	C19H33N5NaO6+	0.999	1.000	64.571	58.212	6.359	28	0.795	-0.472	0.672	-0.143		450.232	334	5.571	839112356863874709	839111759553013326	839111759553013325	1234	
1	C37H59N9O16	[M - H2O + H]+	C37H58N9O15+	1.000	0.333	126.442	119.510	6.933	49	0.958	-0.486	0.684	-20739.228		868.405	334	5.572	839112427042971541	839111759586567762	839111759586567761	1235	
1	C12H24N4O6	[M - H2O + H]+	C12H23N4O5+	1.000	0.333	97.755	94.748	3.007	32	0.986	-0.321	1.293	-59408.469		303.166	335	5.576	839112477890520112	839111759624316502	839111759624316501	1236	
1	C9H16N8O4	[M - H2O + H]+	C9H15N8O3+	1.000	0.000	32.594	30.126	2.468	8	0.836	1.918	1.918	-63612.471		283.126	335	5.577	839112266409512449	839111759657870938	839111759657870937	1237	
1	C10H19N3O5	[M - H2O + H]+	C10H18N3O4+	1.000	0.333	84.072	80.813	3.258	13	0.976	1.599	1.599	-73774.742		244.129	335	5.577	839112359065884493	839111759691425374	839111759691425373	1238	
1	C10H20N2O6	[M - H2O + H]+	C10H19N2O5+	1.000	0.333	109.138	105.670	3.468	27	0.977	0.025	0.901	-72879.284		247.129	335	5.581	839112267185458778	839111759771117154	839111759771117153	1239	
1	C18H33N5O7	[M - H2O + H]+	C18H32N5O6+	1.000	0.333	50.989	44.617	6.372	14	0.915	0.419	0.857	-43478.777		414.235	336	5.593	839112268317920886	839111759846614634	839111759846614633	1241	
1	C35H43N5O7	[M - H2O + H]+	C35H42N5O6+	1.000	0.331	72.111	68.059	4.051	25	0.715	-0.354	1.049	-28665.565		628.313	336	5.603	839112313314415392	839111759884363374	839111759884363373	1242	
1	C18H31N5O6	[M + Na]+	C18H31N5NaO6+	1.000	1.000	60.740	55.414	5.326	26	0.812	-0.354	0.749	0.380		436.217	336	5.607	839112273418194724	839111759922112114	839111759922112113	1243	
1	C15H28NO7P	[M + H]+	C15H29NO7P+	1.000	1.000	60.965	59.317	1.649	18	0.395	0.829	1.401	-6.869		366.165	337	5.609	839112267898490482	839111759959860854	839111759959860853	1244	
1	C15H27N3O7	[M - H2O + H]+	C15H26N3O6+	1.000	0.333	70.993	63.969	7.024	17	0.883	-0.075	0.760	-52328.642		344.182	337	5.609	839112411654069745	839111759993415290	839111759993415289	1245	
1	C14H27N3O7	[M - H2O + H]+	C14H26N3O6+	1.000	0.333	84.044	78.441	5.604	23	0.920	0.571	0.854	-54219.131		332.182	337	5.616	839112273548218170	839111760035358334	839111760035358333	1246	
1	C9H20N2O5	[M - H2O + H]+	C9H19N2O4+	1.000	0.333	35.893	32.550	3.342	8	0.990	6.658	6.658	-82189.280		219.134	337	5.624	839112274127032165	839111760068912770	839111760068912769	1247	
1	C57H78N14O11	[M - H2O + H]+	C57H77N14O10+	0.453	0.328	52.928	47.052	5.876	29	0.976	-0.565	0.661	-16120.016		1117.589	338	5.631	839112283794903290	839111760152798858	839111760152798857	1249	
1	C22H44N6O9	[M + K]+	C22H44KN6O9+	0.894	0.965	59.728	59.728	0.000	28	0.731	0.375	0.402	4.745		575.283	338	5.633	839112375864072462	839111760945522394	839111760945522393	1269	
1	C22H29N5O6	[M + Na]+	C22H29N5NaO6+	0.793	0.971	42.896	39.322	3.575	11	0.317	-0.824	1.391	1.090		482.202	338	5.637	839112419866517119	839111760115050118	839111760115050117	1248	
1	C27H40N6O9	[M - H2O + H]+	C27H39N6O8+	1.000	0.000	54.512	47.916	6.596	30	0.860	-0.081	0.701	-31306.142		575.283	338	5.637	839112327583437966	839111760198936206	839111760198936205	1250	
1	C19H35N5O8	[M - H2O + H]+	C19H34N5O7+	1.000	0.333	126.085	118.339	7.747	38	0.919	-0.335	0.476	-40541.364		444.246	338	5.639	839112365759993848	839111760240879250	839111760240879249	1251	
1	C32H49N7O10	[M - H2O + H]+	C32H48N7O9+	1.000	0.333	76.061	67.187	8.874	30	0.896	-0.398	0.742	-26707.552		674.351	339	5.643	839112384764385901	839111760282822294	839111760278627989	1252	
1	C32H47N7O9	[M + K]+	C32H47KN7O9+	0.996	0.966	50.096	40.259	9.837	10	0.392	-0.079	0.386	0.177		712.307	339	5.645	839112435947479076	839111760320571034	839111760320571033	1253	
1	C19H33N5O7	[M + Na]+	C19H33N5NaO7+	1.000	1.000	91.841	85.504	6.336	35	0.827	-0.533	0.654	0.131		466.227	339	5.646	839112311846408923	839111760362514078	839111760362514077	1254	
1	C10H18N2O5	[M - H2O + H]+	C10H17N2O4+	1.000	0.333	82.270	78.779	3.491	15	0.994	1.398	1.398	-78607.979		229.118	339	5.658	839112298613379499	839111761188792054	839111761188792053	1276	
1	C32H47N7O9	[M + Na]+	C32H47N7NaO9+	1.000	1.000	42.869	34.088	8.781	26	0.746	-0.037	0.260	0.450		696.333	340	5.661	839112294276469127	839111760438011558	839111760438011557	1256	
1	C22H38N6O8	[M - H2O + H]+	C22H37N6O7+	1.000	0.000	28.447	24.891	3.556	15	0.891	-0.152	0.483	-36218.218		497.272	340	5.670	839112491689780787	839111760475760298	839111760475760297	1257	
1	C26H37N7O10	[M + H3N + H]+	C26H41N8O10+	0.510	0.330	47.610	44.591	3.019	31	0.742	2.265	2.265	3.493		625.296	340	5.671	839112379714443707	839111760542869170	839111760542869169	1259	
1	C10H18N2O5	[M + H]+	C10H19N2O5+	1.000	0.333	96.961	93.592	3.369	20	0.981	1.837	1.837	0.089		247.129	340	5.674	839112277235011580	839111761117488878	839111761117488877	1274	
1	C14H26N4O6	[M - H2O + H]+	C14H25N4O5+	1.000	0.333	123.249	120.249	3.000	39	0.961	-0.000	0.705	-54713.088		329.182	341	5.683	839112282901516494	839111760647726778	839111760647726777	1261	
1	C13H27N3O7	[M - H2O + H]+	C13H26N3O6+	1.000	0.333	124.251	120.774	3.477	38	0.926	-0.108	0.548	-56251.327		320.182	341	5.683	839112386861537976	839111760609978038	839111760609978037	1260	
1	C15H27N3O7	[M + H]+	C15H28N3O7+	1.000	0.333	139.039	135.783	3.257	33	0.934	-0.234	1.130	-0.156		362.192	341	5.687	839113649699383974	839111760685475518	839111760685475517	1262	
1	C14H21N3O5	[M - H2O + H]+	C14H20N3O4+	1.000	0.333	57.755	54.300	3.455	15	0.988	0.480	1.177	-61230.342		294.145	341	5.688	839112279969697870	839111760719029954	839111760719029953	1263	
1	C29H52N14O11	[M - H2O + H]+	C29H51N14O10+	1.000	0.333	88.339	81.379	6.961	44	0.930	-0.264	0.485	-23838.540		755.394	341	5.691	839112311045296837	839111760760972998	839111760760972997	1264	
1	C24H35N5O8	[M - H2O + H]+	C24H34N5O7+	1.000	0.333	43.207	39.516	3.691	17	0.924	-0.160	0.814	-35716.930		504.246	341	5.691	839113667516787788	839111760794527434	839111760794527433	1265	
1	C25H44N6O10	[M - H2O + H]+	C25H43N6O9+	1.000	0.332	68.218	59.681	8.538	23	0.920	-0.236	0.821	-31523.686		571.309	341	5.691	839112301020910060	839111760836470478	839111760836470477	1266	
1	C13H23N3O6	[M + H]+	C13H24N3O6+	1.000	0.333	169.307	165.974	3.333	42	0.948	0.149	0.636	0.088		318.166	342	5.692	839112306976821911	839111760870024914	839111760870024913	1267	
1	C43H49N5O8	[M - H2O + H]+	C43H48N5O7+	0.773	0.000	35.555	28.647	6.908	25	0.801	0.370	0.483	-24131.007		746.355	342	5.692	839112326069294200	839111760907773654	839111760907773653	1268	
1	C25H42N6O9	[M + Na]+	C25H42N6NaO9+	1.000	1.000	68.061	61.419	6.642	38	0.837	-0.407	0.576	0.762		593.291	342	5.695	839112317668103070	839111761016825570	839111761016825569	1271	
1	C21H38N6O9	[M - H2O + H]+	C21H37N6O8+	1.000	0.333	141.665	138.561	3.104	46	0.936	-0.422	0.782	-35929.912		501.267	342	5.695	839112466175828548	839111760979076830	839111760979076829	1270	
1	C32H44N4O6S	[M + Na]+	C32H44N4NaO6S+	0.837	0.739	63.211	63.211	0.000	41	0.816	-0.948	1.916	-2.364		635.286	342	5.697	839113022323771134	839111761050380006	839111761050380005	1272	
1	C9H16N2O3	[M - H2O + H]+	C9H15N2O2+	1.000	0.333	90.568	90.568	0.000	12	0.956	4.583	4.583	-98357.422		183.113	342	5.697	839112312349725453	839111761083934442	839111761083934441	1273	
1	C30H49N9O14	[M + H3N + H]+	C30H53N10O14+	0.874	0.030	48.755	42.845	5.910	35	0.812	0.796	0.812	2.338		777.376	342	5.699	839112349007943083	839111761226540794	839111761226540793	1277	
1	C24H42N6O9	[M + K]+	C24H42KN6O9+	0.795	0.913	41.175	41.175	0.000	29	0.729	-1.631	1.631	0.661		597.265	342	5.701	839112346340365708	839111761293649666	839111761293649665	1279	
1	C21H37N5O9	[M - H2O + H]+	C21H36N5O8+	0.420	0.329	77.051	77.051	0.000	34	0.742	0.120	0.243	-37038.881		486.256	342	5.705	839113654023711515	839111761360758538	839111761356564233	1281	
1	C28H32N2O7	[M - H2O + H]+	C28H31N2O6+	1.000	0.300	86.997	86.997	0.000	31	0.892	-0.159	2.753	-36665.844		491.217	342	5.707	839112370411477077	839111761260095230	839111761260095229	1278	
1	C11H23N3O5	[M - H2O + H]+	C11H22N3O4+	1.000	0.333	89.111	85.834	3.277	13	0.965	0.476	1.111	-69228.436		260.161	342	5.707	839112397007559628	839111761394312974	839111761394312973	1282	
1	C13H23N3O6	[M + Na]+	C13H23N3NaO6+	1.000	1.000	103.137	103.137	0.000	20	0.356	0.038	0.134	0.085		340.148	342	5.708	839112322193757195	839111761327204102	839111761327204101	1280	
1	C10H18N2O5	[M + Na]+	C10H18N2NaO5+	1.000	0.838	48.154	44.877	3.277	8	0.916	-0.274	0.567	0.177		269.111	343	5.713	839112469464162965	839111761427867410	839111761427867409	1283	
1	C20H26Br3N5O5S3	[M + Na]+	C20H26Br3N5NaO5S3+	0.379	0.249	12.857	12.857	0.000	12	0.668	1.287	1.878	1.284		771.855	345	5.745	839114022623345559	839111762258339690	839111762258339689	1305	
1	C27H18Br2Cl2O9	[M + Na]+	C27H18Br2Cl2NaO9+	0.447	0.579	14.562	14.562	0.000	9	0.636	-0.404	1.229	-0.987		736.858	345	5.749	839112501202462629	839111761834714942	839111761834714941	1294	
1	C31H38Br5F3N2O3S	[M + K]+	C31H38Br5F3KN2O3S+	1.000	1.000	-3.720	-3.720	0.000	6	0.575	-1.067	2.228	-2.773		1008.808	345	5.750	839112478964261970	839111761536919326	839111761536919325	1286	
1	C25H19BrCl6F3NO3SSi	[M + H3N + H]+	C25H23BrCl6F3N2O3SSi+	0.328	0.315	7.309	7.309	0.000	10	0.378	-0.390	1.847	-0.819		804.845	345	5.752	839112741594805646	839111761499170586	839111761499170585	1285	
1	C38H44Br6O4	[M + K]+	C38H44Br6KO4+	1.000	1.000	-0.609	-0.609	0.000	0	0.000			-1.969		1076.795	345	5.752	839113022680286994	839111761683719982	839111761683719981	1290	
1	C22H14I2O5	[M + Na]+	C22H14I2NaO5+	1.000	1.000	0.391	0.391	0.000	0	0.000			-8.900		634.877	345	5.753	839113022894196500	839111761796966202	839111761796966201	1293	
1	C34H26Br4N4O6	[M + K]+	C34H26Br4KN4O6+	0.817	0.833	-0.609	-0.609	0.000	0	0.000			-1.723		940.820	345	5.753	839112480050586764	839111761608222502	839111761608222501	1288	
1	C62H113N9O22S2	[M - H2O + H]+	C62H112N9O21S2+	0.753	0.333	3.843	3.843	0.000	8	0.353	-0.128	1.078	-13026.627		1382.739	345	5.753	839112484794344691	839111761645971242	839111761645971241	1289	
1	C23H25I2O19P3	[M + Na]+	C23H25I2NaO19P3+	1.000	1.000	3.511	3.511	0.000	9	0.735	0.737	3.361	-4.745		974.814	345	5.754	839112377713760675	839111761872463682	839111761872463681	1295	
1	C28H16Cl2N2O16S4	[M + K]+	C28H16Cl2KN2O16S4+	0.999	1.000	12.361	12.361	0.000	8	0.711	1.351	4.494	-7.252		872.833	345	5.754	839113935033694956	839111761574668066	839111761570473761	1287	
1	C60H107N8O16	[M - H2O + H]+	C60H106N8O15+	0.948	0.333	-0.581	-0.581	0.000	5	0.149	-0.082	0.694	-15279.847		1178.776	345	5.754	839112346038375818	839111761721468722	839111761721468721	1291	
1	C7H16O19P4	[M + K]+	C7H16KO19P4+	1.000	1.000	3.847	3.847	0.000	2	0.385	-3.301	3.301	4.193		566.889	345	5.755	839112346428446112	839111762027652946	839111762027652945	1299	
1	C58H113NO19	[M - H2O + H]+	C58H112NO18+	0.345	0.333	1.911	1.911	0.000	0	0.000	1.064	1.064	-16213.054		1110.789	345	5.755	839112378284186023	839111762187036514	839111762187036513	1303	
1	C61H113NO9	[M + K]+	C61H113KNO9+	1.000	1.000	1.821	1.821	0.000	1	0.005	-2.620	2.620	-3.301		1042.801	345	5.756	839112322936149036	839111762107344730	839111762107344729	1301	
1	C89H101NO5	[M - H2O + H]+	C89H100NO4+	1.000	0.333	2.802	2.802	0.000	1	0.004	-0.769	0.769	-14446.571		1246.764	345	5.756	839113654791269191	839111762069595990	839111762069595989	1300	
1	C6H10O4P2S2	[M + Na]+	C6H10NaO4P2S2+	1.000	0.551	21.139	21.139	0.000	4	0.835	0.216	0.430	0.628		294.939	345	5.756	839112334281741524	839111762224785254	839111762220590949	1304	
1	C21H31Br4N3O9S	[M + Na]+	C21H31Br4N3NaO9S+	0.755	0.690	14.002	14.002	0.000	16	0.748	0.864	1.923	1.822		839.842	345	5.757	839112472551170833	839111762438694782	839111762438694781	1310	
1	C2H11N2O20P3	[M + Na]+	C2H11N2NaO20P3+	0.972	0.968	3.406	0.640	2.766	3	0.294	-1.545	1.545	1.120		498.902	345	5.757	839112347774817699	839111762296088430	839111762296088429	1306	
1	C4H6NO4PS2	[M + H]+	C4H7NO4PS2+	0.770	0.318	10.893	10.893	0.000	2	0.890	5.809	5.809	-1.679		227.954	346	5.759	839112315319292761	839111762333837170	839111762333837169	1307	
1	C5H8F2O9P2Si	[M + Na]+	C5H8F2NaO9P2Si+	0.884	0.952	10.400	9.143	1.257	4	0.674	-1.505	5.635	-2.532		362.926	346	5.759	839113660474551222	839111762371585910	839111762371585909	1308	
1	C3H5O2PS	[M + Na]+	C3H5NaO2PS+	1.000	1.000	16.400	14.398	2.002	1	0.971	6.175	6.175	0.769		158.964	346	5.761	839112316560806787	839111762405140346	839111762405140345	1309	
1	C6H12N4O6	[M - H2O + H]+	C6H11N4O5+	0.432	0.229	4.524	4.524	0.000	1	0.012	-3.282	3.282	-82215.837		219.072	346	5.774	839112323871478856	839111762472249218	839111762468054913	1311	
1	C10H19N3O4	[M + Na]+	C10H19N3NaO4+	0.998	0.953	38.027	34.750	3.277	6	0.864	-0.924	0.924	-0.137		268.127	349	5.822	839112320386012138	839111762539358090	839111762539358089	1313	
1	C16H31N7O9	[M + Na]+	C16H31N7NaO9+	0.939	0.950	89.058	86.283	2.775	43	0.729	2.066	2.919	4.104		488.210	349	5.824	839112539198663609	839111762505803654	839111762505803653	1312	
1	C3H3BrN2O3	[M + Na]+	C3H3BrN2NaO3+	0.566	0.538	3.999	3.999	0.000	1	0.003	4.371	4.371	3.850		216.923	350	5.826	839112540683447301	839111762640021398	839111762640021397	1316	
1	C21H35N5O8	[M + Na]+	C21H35N5NaO8+	1.000	1.000	60.107	56.409	3.698	34	0.840	-0.141	0.478	0.504		508.238	350	5.826	839112396537797554	839111762606466962	839111762606466961	1315	
1	C5H7Cl3O2S	[M - H2O + H]+	C5H6Cl3OS+	0.999	0.211	0.683	0.683	0.000	1	0.033	1.829	2.839	-82271.134		218.920	350	5.826	839112743566128541	839111762572912526	839111762572912525	1314	
1	C21H37N5O9	[M - H2O + H]+	C21H36N5O8+	0.998	0.333	54.208	50.861	3.347	19	0.753	-0.081	1.037	-37038.508		486.256	350	5.831	839112340648695065	839111762677770138	839111762677770137	1317	
1	C4H4Cl4O2	[M - H2O + H]+	C4H3Cl4O+	0.951	0.259	0.045	0.045	0.000	0	0.000	3.751	3.751	-87048.625		206.894	350	5.833	839113024915851052	839111762744879010	839111762744879009	1319	
1	C5H5AsCl2O	[M - H2O + H]+	C5H4AsCl2+	0.998	0.154	-1.087	-1.087	0.000	1	0.030	4.960	4.960	-86215.411		208.891	350	5.833	839113768452715329	839111762711324574	839111762711324573	1318	
1	C4H2Br4F2O4	[M + Na]+	C4H2Br4F2NaO4+	0.998	0.175	-0.971	-0.971	0.000	1	0.044	-4.709	4.709	-4.502		490.652	351	5.844	839112340640306449	839111762883291058	839111762883291057	1323	
1	C3H2Cl8N2OSSi2	[M + K]+	C3H2Cl8KN2OSSi2+	0.689	0.875	2.828	2.828	0.000	9	0.253	-3.076	3.076	-2.254		488.656	351	5.844	839113796453889104	839111762849736622	839111762849736621	1322	
1	C9Br2Cl4	[M + Na]+	C9Br2Cl4Na+	0.158	0.152	-2.490	-2.490	0.000	0	0.000	-3.018	3.018	-3.104		428.700	351	5.845	839112322931954718	839111762916845494	839111762916845493	1324	
1	C4Br2Cl2F2O2S2	[M + Na]+	C4Br2Cl2F2NaO2S2+	0.707	0.039	-4.423	-4.423	0.000	3	0.138	1.583	2.079	-1.370		432.694	351	5.845	839112328254526641	839111762816182186	839111762816182185	1321	
1	C5H4Br2Cl5FO2	[M - H2O + H]+	C5H3Br2Cl5FO+	0.995	0.087	-1.368	-1.368	0.000	3	0.086	1.400	2.399	-41817.904		430.697	351	5.845	839112406419578193	839111762778433446	839111762778433445	1320	
1	C7H3Br2Cl5O2	[M - H2O + H]+	C7H2Br2Cl5O+	0.639	0.043	0.212	0.212	0.000	1	0.043	-0.927	0.927	-41433.605		434.691	351	5.846	839112526838049287	839111762950399930	839111762950399929	1325	
1	C3HCl5OS2	[M + Na]+	C3HCl5NaOS2+	0.585	0.572	0.026	0.026	0.000	1	0.096	-3.792	3.792	-3.386		314.779	351	5.846	839112332570465479	839111763227224026	839111763227224025	1333	
1	C3H2Cl4O2S2	[M - H2O + H]+	C3HCl4OS2+	0.909	0.035	-2.535	-2.535	0.000	1	0.021	0.371	4.755	-70132.967		256.821	351	5.850	839112327969313952	839111762983954366	839111762983954365	1326	
1	CN2OS5	[M + K]+	CKN2OS5+	0.692	0.683	-1.243	-1.243	0.000	0	0.000	-3.558	3.558	-3.280		254.824	351	5.850	839112330787886263	839111763055257542	839111763051063237	1328	
1	C2Br2F2O	[M + Na]+	C2Br2F2NaO+	0.664	0.678	-1.241	-1.241	0.000	0	0.000	0.278	0.278	0.634		258.818	351	5.850	839112335607141602	839111763017508802	839111763017508801	1327	
1	CH2S5	[M + Na]+	CH2NaS5+	0.526	0.530	-0.609	-0.609	0.000	0	0.000			-0.283		196.865	351	5.851	839112321891767299	839111763160115154	839111763160115153	1331	
1	O3S4	[M + Na]+	NaO3S4+	0.615	0.611	-1.178	-1.178	0.000	0	0.000			-0.395		198.862	351	5.852	839112331278619842	839111763336275942	839111763336275941	1336	
1	C4H3Cl7O2S2	[M - H2O + H]+	C4H2Cl7OS2+	0.518	0.362	1.413	1.413	0.000	3	0.285	-1.767	4.948	-48065.088		374.735	351	5.852	839112342196393284	839111763088811978	839111763088811977	1329	
1	C3O3S9	[M + H]+	C3HO3S9+	0.206	0.188	-2.815	-2.815	0.000	0	0.000			-7.027		372.738	351	5.852	839112353403573797	839111763126560718	839111763122366413	1330	
1	C3H2OS7	[M + K]+	C3H2KOS7+	0.549	0.550	-0.899	-0.899	0.000	0	0.000			-6.060		316.776	351	5.852	839112357102950078	839111763298527202	839111763298527201	1335	
1	C4H2S7	[M + K]+	C4H2KS7+	0.427	0.433	-1.057	-1.057	0.000	0	0.000			-3.054		312.782	351	5.852	839112402548235372	839111763193669590	839111763193669589	1332	
1	C40H75N3O12	[M - H2O + H]+	C40H74N3O11+	0.178	0.215	7.243	7.243	0.000	5	0.092	0.469	1.487	-23313.392		772.532	351	5.852	839112382960835095	839111763365636074	839111763365636073	1337	
1	C11H23N3O5	[M - H2O + H]+	C11H22N3O4+	1.000	0.333	46.693	43.391	3.303	11	0.998	0.719	1.126	-69228.724		260.160	351	5.853	839112341957317939	839111763264972766	839111763264972765	1334	
1	C39H76N8O8	[M - H2O + H]+	C39H75N8O7+	0.374	0.311	10.978	10.978	0.000	8	0.126	1.775	1.775	-23462.368		767.577	351	5.853	839112380721076736	839111763403384814	839111763403384813	1338	
1	C16H8Br4Cl3F3N2O2	[M + Na]+	C16H8Br4Cl3F3N2NaO2+	1.000	1.000	26.554	26.554	0.000	23	0.507	-0.102	2.059	2.328		760.625	351	5.855	839112386186254996	839111763432744946	839111763432744945	1339	
1	C16H17Br4Cl5O5	[M - H2O + H]+	C16H16Br4Cl5O4+	0.620	0.410	15.488	15.488	0.000	14	0.308	1.507	1.574	-23617.076		762.622	351	5.855	839112472257569536	839111763470493686	839111763470493685	1340	
1	C17H13Br3Cl3NO6S2	[M + Na]+	C17H13Br3Cl3NNaO6S2+	0.972	0.498	15.916	15.916	0.000	12	0.506	1.159	1.367	0.001		755.669	352	5.865	839112402833448104	839111763504048122	839111763504048121	1341	
1	C16H12Br3Cl4N3O5S	[M + Na]+	C16H12Br3Cl4N3NaO5S+	0.868	0.115	21.877	21.877	0.000	15	0.533	-0.428	0.819	-4.183		757.666	352	5.865	839112358336075501	839111763537602558	839111763537602557	1342	
1	C19H13AsBr2O11S2	[M + K]+	C19H13AsBr2KO11S2+	0.434	0.191	18.644	18.644	0.000	11	0.497	-0.659	1.135	-0.607		752.711	353	5.877	839112426367688564	839111763575351298	839111763575351297	1343	
1	C21H11Br2Cl3F3NO6S	[M + Na]+	C21H11Br2Cl3F3NNaO6S+	0.976	0.747	22.340	22.340	0.000	15	0.737	-1.060	1.794	-3.638		747.756	354	5.892	839112449063067878	839111763613100038	839111763613100037	1344	
1	C17H30N7O10P	[M + Na]+	C17H30N7NaO10P+	0.708	0.036	74.117	74.117	0.000	29	0.334	0.427	1.549	-0.160		546.168	354	5.901	839112409095544228	839111763646654474	839111763646654473	1345	
1	C16H31N7O9	[M + Na]+	C16H31N7NaO9+	1.000	0.997	156.414	153.953	2.462	39	0.603	2.214	2.214	3.920		488.209	354	5.906	839112428351594470	839111763684403214	839111763684403213	1346	
1	C8H17N5O3	[M - H2O + H]+	C8H16N5O2+	0.726	0.333	87.151	87.151	0.000	17	0.131	1.066	1.381	-84110.056		214.130	355	5.916	839112336257258732	839111763717957650	839111763717957649	1347	
1	C24H41N3O17	[M - H2O + H]+	C24H40N3O16+	0.259	0.279	56.654	53.089	3.565	31	0.714	0.407	1.366	-28762.144		626.239	356	5.935	839112687547003692	839111763755706390	839111763755706389	1348	
1	C14H23N7O4	[M + Na]+	C14H23N7NaO4+	0.996	0.999	103.918	103.918	0.000	21	0.510	0.224	2.356	2.890		376.171	356	5.938	839112700457071610	839111763793455130	839111763793455129	1349	
1	C19H33N5O7	[M + Na]+	C19H33N5NaO7+	1.000	1.000	60.481	56.664	3.817	34	0.790	-1.250	1.336	0.667		466.228	356	5.939	839112349720974805	839111763835398174	839111763831203869	1350	
1	C23H39N7O13	[M - H2O + H]+	C23H38N7O12+	0.522	0.328	64.085	60.239	3.846	34	0.752	-3.749	3.749	-29806.691		604.257	356	5.940	839112609436479700	839111763873146914	839111763873146913	1351	
1	C20H33N3O5S	[M + H3N + H]+	C20H37N4O5S+	0.485	0.129	66.858	66.858	0.000	27	0.377	0.151	0.384	1.487		445.249	357	5.944	839112370075932732	839111764082862138	839111764082862137	1357	
1	C30H35N3O8	[M + H3N + H]+	C30H39N4O8+	1.000	0.305	66.357	66.357	0.000	32	0.671	1.356	1.746	3.154		583.278	357	5.946	839112469011178115	839111763982198830	839111763982198829	1354	
1	C19H35N5O8	[M - H2O + H]+	C19H34N5O7+	1.000	0.333	66.593	60.083	6.510	27	0.914	-0.318	1.315	-40541.575		444.245	357	5.947	839112380242926036	839111763906701350	839111763906701349	1352	
1	C21H36N6O12	[M + H3N + H]+	C21H40N7O12+	0.908	0.333	53.399	48.225	5.174	32	0.728	2.262	2.262	3.785		582.275	357	5.948	839112501055661951	839111763944450090	839111763944450089	1353	
1	C6H10N2O3	[M + H]+	C6H11N2O3+	0.879	0.333	106.931	106.931	0.000	15	0.504	4.844	4.844	0.166		159.076	357	5.948	839112403571645649	839111764049307702	839111764049307701	1356	
1	C6H10N2O3	[M - H2O + H]+	C6H9N2O2+	1.000	0.333	114.107	114.107	0.000	19	0.418	5.609	5.609	-127675.102		141.066	357	5.951	839112404423089374	839111764011558962	839111764011558961	1355	
1	C24H43N5O11	[M - H2O + H]+	C24H42N5O10+	1.000	0.000	57.252	50.695	6.557	28	0.903	-0.906	1.219	-32143.911		560.293	357	5.953	839112371506190459	839111764154165310	839111764154165309	1358	
1	C13H25N3O7	[M - H2O + H]+	C13H24N3O6+	0.596	0.333	90.372	90.372	0.000	20	0.463	-0.091	0.304	-56607.658		318.166	357	5.955	839112377466296720	839111764187719746	839111764187719745	1359	
1	C6H13N2NaO4	[M - H2O + H]+	C6H12N2NaO3+	0.932	0.333	17.580	17.580	0.000	4	0.222	0.010	0.208	-98378.525		183.074	358	5.961	839112376744876359	839111764221274182	839111764221274181	1360	
1	C6H11NO4	[M - H2O + H]+	C6H10NO3+	1.000	0.333	120.617	120.617	0.000	19	0.128	6.681	6.681	-125016.481		144.066	358	5.965	839112350618555882	839111764254828618	839111764250634313	1361	
1	C10H14N2O4	[M + H3N + H]+	C10H18N3O4+	0.999	0.333	120.109	120.109	0.000	13	0.627	0.139	0.286	0.133		244.129	358	5.966	839113913206536805	839111764284188750	839111764284188749	1362	
1	C4H6N2O2	[M + H3N + H]+	C4H10N3O2+	0.910	0.333	50.398	50.398	0.000	8	0.453	5.260	5.260	0.583		132.077	358	5.967	839112350744385014	839111764384852058	839111764384852057	1365	
1	C11H17NO6	[M + H3N + H]+	C11H21N2O6+	0.979	0.333	111.838	111.838	0.000	18	0.332	0.059	0.216	0.152		277.139	358	5.968	839112356868069036	839111764317743186	839111764317743185	1363	
1	C6H14N2O4	[M - H2O + H]+	C6H13N2O3+	1.000	0.333	118.008	115.226	2.781	20	0.969	2.728	2.728	-111802.572		161.092	358	5.968	839112357262333646	839111764351297622	839111764351297621	1364	
1	C10H21N5O4	[M - H2O + H]+	C10H20N5O3+	1.000	0.333	102.161	99.210	2.951	37	0.928	-0.969	1.330	-69765.964		258.156	358	5.973	839112408923577747	839111764456155234	839111764456155233	1367	
1	C12H23N3O5	[M + Na]+	C12H23N3NaO5+	1.000	1.000	71.824	71.824	0.000	23	0.821	0.402	0.615	-0.149		312.153	358	5.974	839112751489168944	839111764418406494	839111764418406493	1366	
1	C12H20N2O5	[M + H3N + H]+	C12H24N3O5+	0.894	0.333	117.232	117.232	0.000	20	0.615	0.419	0.598	-0.249		290.171	359	5.975	839112473285174095	839111764485515366	839111764485515365	1368	
1	C10H18N2O5	[M - H2O + H]+	C10H17N2O4+	1.000	0.333	42.503	42.503	0.000	10	0.989	2.911	2.911	-78607.226		229.118	359	5.976	839112357891479259	839111764523264106	839111764519069801	1369	
1	C10H21N3O5	[M - H2O + H]+	C10H20N3O4+	1.000	0.333	38.310	34.706	3.604	8	0.995	5.729	5.729	-73169.737		246.145	359	5.976	839112358529013531	839111764556818542	839111764556818541	1370	
1	C9H12N4O6	[M + H3N + H]+	C9H16N5O6+	1.000	0.297	69.225	66.426	2.798	21	0.681	-2.025	4.156	-2.791		290.109	359	5.976	839112383384459817	839111764623927414	839111764623927413	1372	
1	C10H16N5O8P	[M - H2O + H]+	C10H15N5O7P+	0.932	0.333	189.618	189.618	0.000	39	0.479	-0.518	1.767	-51753.132		348.067	359	5.976	839112390766435055	839111764657481850	839111764657481849	1373	
1	C10H19N3O4	[M + Na]+	C10H19N3NaO4+	0.998	0.853	46.999	43.582	3.418	9	0.938	-0.846	1.150	0.124		268.127	359	5.976	839112525906913733	839111764590372978	839111764590372977	1371	
1	C10H18N2O5	[M + Na]+	C10H18N2NaO5+	0.976	0.134	29.723	26.440	3.283	14	0.599	-0.209	0.730	0.586		269.111	359	5.985	839112361641187231	839111764728785026	839111764728785025	1375	
1	C10H20N2O6	[M - H2O + H]+	C10H19N2O5+	1.000	0.333	89.235	85.940	3.296	23	0.867	1.127	1.555	-72878.849		247.129	359	5.987	839112364589782987	839111764695230590	839111764695230589	1374	
1	C8H18N4O4	[M - H2O + H]+	C8H17N4O3+	1.000	0.333	128.223	125.267	2.955	38	0.963	0.890	1.359	-82948.021		217.130	359	5.988	839112399817743351	839111764762339462	839111764762339461	1376	
1	C7H14N2O4	[M - H2O + H]+	C7H13N2O3+	1.000	0.333	23.779	20.902	2.877	2	0.992	0.458	0.458	-104051.608		173.092	360	5.993	839112358835197757	839111764800088202	839111764795893897	1377	
1	C22H41N7O9	[M - H2O + H]+	C22H40N7O8+	1.000	0.000	85.993	82.755	3.238	48	0.929	-1.244	1.580	-33962.053		530.294	360	5.998	839112442662559893	839111764833642638	839111764833642637	1378	
1	C32H47N6O10	[M + Na]+	C32H47N6NaO10+	0.857	0.894	104.043	104.043	0.000	38	0.729	-0.554	0.705	-0.497		698.324	360	6.005	839112912953098491	839111764904945814	839111764904945813	1380	
1	C21H37N5O9	[M - H2O + H]+	C21H36N5O8+	1.000	0.333	118.073	114.384	3.689	46	0.938	-0.434	1.096	-37038.871		486.256	360	6.005	839112395044625224	839111764871391378	839111764871391377	1379	
1	C13H21N3O5	[M + H3N + H]+	C13H25N4O5+	0.547	0.333	36.641	36.641	0.000	16	0.788	0.299	0.433	-0.051		317.182	361	6.009	839112363780282295	839111764938500250	839111764938500249	1381	
1	C13H24N4O5	[M + Na]+	C13H24N4NaO5+	1.000	1.000	76.308	76.308	0.000	34	0.849	0.271	0.544	0.160		339.164	361	6.013	839112378816862633	839111764972054686	839111764972054685	1382	
1	C9H20N4O5	[M - H2O + H]+	C9H19N4O4+	1.000	0.333	172.938	170.894	2.045	52	0.982	-0.119	1.163	-72876.333		247.140	361	6.015	839112506554394653	839111765009803426	839111765009803425	1383	
1	C10H16N2O5P4	[M - H2O + H]+	C10H15N2O4P4+	0.877	0.321	11.941	11.941	0.000	7	0.044	0.063	0.218	-51316.323		350.996	361	6.020	839112537055374192	839111765043357862	839111765043357861	1384	
1	C20H35N5O9	[M - H2O + H]+	C20H34N5O8+	1.000	0.333	151.978	145.729	6.249	36	0.924	-0.995	1.385	-38138.105		472.240	361	6.020	839112396076424070	839111765081106602	839111765081106601	1385	
1	C11H12N2O6	[M + K]+	C11H12KN2O6+	0.999	1.000	107.371	107.371	0.000	39	0.955	-0.505	1.572	-0.470		307.033	361	6.020	839112451952943413	839111765114661038	839111765114661037	1386	
1	C8H13NO4P4	[M + H3N + H]+	C8H17N2O4P4+	0.558	0.311	25.758	25.758	0.000	9	0.045	0.063	0.231	3.526		329.014	361	6.020	839112402623732860	839111765148215474	839111765148215473	1387	
1	C11H15N3O6	[M + K]+	C11H15KN3O6+	1.000	1.000	62.378	62.378	0.000	15	0.546	-0.148	0.237	-0.380		324.059	361	6.020	839112451848085794	839111765181769910	839111765181769909	1388	
1	C20H33N5O8	[M + Na]+	C20H33N5NaO8+	1.000	1.000	53.455	49.681	3.774	24	0.842	-0.437	0.883	0.154		494.222	361	6.024	839112477315900417	839111765215324346	839111765215324345	1389	
1	C34H40N4O8	[M - H2O + H]+	C34H39N4O7+	1.000	0.333	77.649	77.649	0.000	36	0.835	-0.486	1.185	-29272.308		615.281	362	6.036	839112458772881872	839111765253073086	839111765253073085	1390	
1	C21H35N5O9	[M + Na]+	C21H35N5NaO9+	1.000	1.000	40.435	36.985	3.450	21	0.836	-0.686	0.903	0.652		524.233	362	6.041	839112501152130963	839111765290821826	839111765290821825	1391	
1	C21H37N5O10	[M - H2O + H]+	C21H36N5O9+	1.000	0.333	121.558	117.904	3.654	40	0.950	0.004	1.141	-35858.890		502.251	363	6.042	839112953897894836	839111765328570566	839111765328570565	1392	
1	C9H14N4O4	[M - H2O + H]+	C9H13N4O3+	1.000	0.333	126.353	121.144	5.209	32	0.931	-0.403	1.069	-80011.196		225.098	363	6.044	839112404955766011	839111765366319306	839111765362125001	1393	
1	C9H17N3O5	[M - H2O + H]+	C9H16N3O4+	1.000	0.333	105.023	99.592	5.431	29	0.839	1.345	1.345	-78267.711		230.114	363	6.046	839112956104098759	839111765399873742	839111765399873741	1394	
1	C32H57N5O12	[M - H2O + H]+	C32H56N5O11+	0.578	0.000	27.936	21.503	6.433	41	0.905	0.625	1.029	-26236.699		686.399	363	6.046	839112395677965183	839111765437622482	839111765437622481	1395	
1	C16H27N3O8	[M + Na]+	C16H27N3NaO8+	1.000	1.000	39.351	35.805	3.545	16	0.731	-0.575	0.807	0.351		412.169	363	6.058	839112473180316469	839111765475371222	839111765475371221	1396	
1	C16H29N3O9	[M - H2O + H]+	C16H28N3O8+	1.000	0.333	82.069	76.162	5.907	19	0.874	-0.201	0.524	-46158.500		390.187	363	6.058	839112402720201876	839111765513119962	839111765513119961	1397	
1	C14H27N3O8	[M - H2O + H]+	C14H26N3O7+	1.000	0.333	181.322	177.939	3.383	43	0.960	-0.485	1.311	-51728.216		348.177	364	6.060	839112513621797052	839111765550868702	839111765546674397	1398	
1	C9H18N2O6	[M - H2O + H]+	C9H17N2O5+	1.000	0.333	83.681	80.469	3.213	13	0.961	0.394	0.902	-77261.663		233.113	364	6.062	839112474845455300	839111765584423138	839111765584423137	1399	
1	C8H18N2O4	[M - H2O + H]+	C8H17N2O3+	1.000	0.333	115.398	112.428	2.970	23	0.975	1.938	1.938	-95231.303		189.123	364	6.063	839112752013456965	839111765655726314	839111765655726313	1401	
1	C16H23N5O6	[M - H2O + H]+	C16H22N5O5+	1.000	0.333	71.181	63.507	7.674	20	0.903	-0.419	1.444	-49457.293		364.162	364	6.064	839112389436840654	839111765693475054	839111765693475053	1402	
1	C5H11NO3S	[M - H2O + H]+	C5H10NO2S+	0.981	0.332	61.255	61.255	0.000	11	0.044	6.139	6.139	-121657.970		148.043	364	6.064	839112391483661056	839111765622171878	839111765622171877	1400	
1	C11H17N5O4	[M - H2O + H]+	C11H16N5O3+	1.000	0.333	105.148	102.660	2.488	29	0.945	0.097	0.997	-67677.169		266.125	364	6.066	839112479194948709	839111765764778230	839111765764778229	1404	
1	C14H26N4O6	[M - H2O + H]+	C14H25N4O5+	1.000	0.333	69.636	66.461	3.175	22	0.773	0.353	1.217	-54712.992		329.182	364	6.066	839112486514009359	839111765731223794	839111765731223793	1403	
1	C8H17N3O3	[M - H2O + H]+	C8H16N3O2+	1.000	0.333	83.185	80.480	2.705	23	0.939	1.991	1.991	-96766.066		186.124	364	6.068	839112540637309943	839111765802526970	839111765802526969	1405	
1	C11H17N3O5	[M + H3N + H]+	C11H21N4O5+	0.735	0.333	43.317	43.317	0.000	14	0.713	0.556	0.556	0.169		289.151	365	6.078	839112404792188136	839111765836081406	839111765836081405	1406	
1	C15H28N4O6	[M - H2O + H]+	C15H27N4O5+	1.000	0.333	74.885	72.037	2.849	22	0.888	0.076	1.094	-52478.600		343.198	365	6.079	839113677490842954	839111765873830146	839111765873830145	1407	
1	C5H10N2O3	[M - H2O + H]+	C5H9N2O2+	1.000	0.333	32.166	29.417	2.749	2	0.967	6.710	6.710	-139544.077		129.066	365	6.080	839112389877242593	839111765911578886	839111765911578885	1408	
1	C4H8N2O3S	[M - H2O + H]+	C4H7N2O2S+	0.691	0.333	44.834	40.390	4.444	4	0.967	7.858	7.858	-122502.017		147.022	365	6.085	839112405895290128	839111765949327626	839111765949327625	1409	
1	C20H28N4O7	[M + Na]+	C20H28N4NaO7+	0.931	0.939	59.516	53.151	6.365	33	0.803	-0.589	0.901	0.937		459.185	365	6.087	839112406331497784	839111765987076366	839111765987076365	1410	
1	C12H22N4O5	[M + Na]+	C12H22N4NaO5+	0.707	0.981	42.267	39.404	2.863	16	0.798	-0.425	0.879	0.152		325.148	365	6.089	839112396181281692	839111766024825106	839111766024825105	1411	
1	C12H24N4O6	[M - H2O + H]+	C12H23N4O5+	1.000	0.333	50.498	47.450	3.049	16	0.913	0.108	1.412	-59408.015		303.166	365	6.090	839112384466590299	839111766062573846	839111766062573845	1412	
1	C21H32N4O8	[M + H3N + H]+	C21H36N5O8+	0.784	0.333	57.702	57.702	0.000	28	0.802	0.658	0.658	0.885		486.256	366	6.094	839112488963483016	839111766968543610	839111766968543609	1438	
1	C20H30N4O8	[M - H2O + H]+	C20H29N4O7+	1.000	0.333	67.861	61.488	6.373	13	0.946	-0.632	1.022	-41194.334		437.203	366	6.100	839112394054769447	839111766100322586	839111766100322585	1413	
1	C10H18N2O6	[M - H2O + H]+	C10H17N2O5+	1.000	0.333	29.666	24.000	5.666	6	0.988	0.836	1.085	-73478.201		245.113	366	6.103	839112385141873284	839111766138071326	839111766138071325	1414	
1	C12H25N3O5	[M - H2O + H]+	C12H24N3O4+	1.000	0.333	136.087	133.335	2.752	41	0.961	0.341	0.768	-65689.577		274.176	366	6.103	839112392075057932	839111766175820066	839111766175820065	1416	
1	C30H45N7O9	[M - H2O + H]+	C30H44N7O8+	1.000	0.333	82.440	75.546	6.894	37	0.913	-0.783	0.981	-28572.738		630.325	366	6.106	839112424606080788	839111766213568806	839111766213568805	1417	
1	C12H25N3O7	[M - H2O + H]+	C12H24N3O6+	1.000	0.333	76.207	72.968	3.240	22	0.952	0.025	1.025	-58826.398		306.166	366	6.107	839112453882323292	839111766255511850	839111766255511849	1418	
1	C25H49N3O13	[M - H2O + H]+	C25H48N3O12+	1.000	0.000	61.038	53.197	7.841	29	0.880	1.769	1.769	-30925.305		582.325	367	6.109	839112466851111514	839111766326815026	839111766326815025	1420	
1	C30H43N7O8	[M + Na]+	C30H43N7NaO8+	0.998	0.999	69.914	66.226	3.688	31	0.729	-0.417	1.178	0.978		652.307	367	6.113	839112462136713722	839111766360369462	839111766360369461	1421	
1	C27H45N3O12	[M + Na]+	C27H45N3NaO12+	0.637	1.000	54.945	52.608	2.337	29	0.739	0.397	1.051	-0.662		626.289	367	6.113	839112521767135613	839111766398118202	839111766398118201	1422	
1	C27H42N2O12	[M + H3N + H]+	C27H46N3O12+	0.379	0.085	30.696	24.096	6.600	22	0.731	0.346	1.664	-1.126		604.307	367	6.117	839112716034716776	839111766435866942	839111766431672637	1423	
1	C32H38FN3O6	[M - H2O + H]+	C32H37FN3O5+	0.998	0.002	107.219	107.219	0.000	41	0.939	0.791	1.305	-32028.097		562.273	367	6.121	839112434794045460	839111766469421378	839111766469421377	1424	
1	C11H25N2O10	[M - H2O + H]+	C11H24N2O9+	0.678	0.006	28.719	28.719	0.000	17	0.831	0.671	1.056	-54884.564		328.148	367	6.122	839112400430111794	839111766289066286	839111766289066285	1419	
1	C13H25N3O6S	[M - H2O + H]+	C13H24N3O5S+	1.000	0.333	167.932	165.870	2.062	51	0.969	-0.164	1.037	-53900.776		334.143	367	6.123	839112418339790440	839111766502975814	839111766502975813	1425	
1	C30H53N7O14	[M - H2O + H]+	C30H52N7O13+	1.000	0.331	148.243	148.243	0.000	48	0.957	-0.660	0.979	-25070.508		718.363	368	6.126	839112567774457460	839111766540724554	839111766540724553	1426	
1	C23H42N6O11	[M - H2O + H]+	C23H41N6O10+	1.000	0.084	140.424	140.424	0.000	48	0.955	-0.657	1.441	-32084.706		561.290	368	6.132	839112547427888372	839111766607833426	839111766607833425	1428	
1	C13H20N2O6	[M - H2O + H]+	C13H19N2O5+	0.574	0.319	33.556	33.556	0.000	15	0.610	0.467	0.524	-63612.264		283.129	368	6.133	839112574862831345	839111766574278990	839111766574278989	1427	
1	C11H21N5O5	[M - H2O + H]+	C11H20N5O4+	1.000	0.333	105.557	103.079	2.479	43	0.961	-0.533	0.851	-62940.741		286.151	368	6.133	839112410932649410	839111766645582166	839111766645582165	1429	
1	C7H16N2O4	[M - H2O + H]+	C7H15N2O3+	1.000	0.333	100.257	97.270	2.986	11	0.964	1.076	1.076	-102853.879		175.108	368	6.137	839112397275995100	839111766683330906	839111766679136601	1430	
1	C17H29N5O5	[M - H2O + H]+	C17H28N5O4+	1.000	0.333	124.343	121.466	2.877	39	0.902	-1.076	1.475	-49180.582		366.214	368	6.137	839112536577223513	839111766716885342	839111766716885341	1431	
1	C30H51N7O13	[M + Na]+	C30H51N7NaO13+	0.969	0.997	70.453	70.453	0.000	44	0.807	-0.220	0.894	-0.007		740.344	368	6.138	839112801577548103	839111766750439778	839111766750439777	1432	
1	C29H45N9O10	[M - H2O + H]+	C29H44N9O9+	0.999	0.000	57.798	51.169	6.629	34	0.919	-0.242	0.972	-27192.388		662.326	368	6.138	839112818333792826	839111766788188518	839111766788188517	1433	
1	C13H23N3O5S	[M + Na]+	C13H23N3NaO5S+	1.000	1.000	39.434	37.258	2.176	25	0.889	-0.977	1.265	0.189		356.125	369	6.143	839112408411872614	839111766821742954	839111766821742953	1434	
1	C6H14N2O4	[M - H2O + H]+	C6H13N2O3+	1.000	0.333	88.145	85.350	2.794	16	0.744	2.026	2.088	-111802.503		161.092	369	6.143	839112409200401848	839111766863685998	839111766863685997	1435	
1	C15H26N4O6	[M - H2O + H]+	C15H25N4O5+	1.000	0.333	63.540	57.830	5.710	19	0.895	-0.041	1.113	-52788.326		341.182	369	6.148	839112399993904154	839111766934989174	839111766934989173	1437	
1	C39H44N4O6	[M - H2O + H]+	C39H43N4O5+	1.000	0.333	120.051	120.051	0.000	46	0.883	-0.958	1.559	-27819.279		647.325	369	6.148	839113264817459488	839111766897240434	839111766897240433	1436	
1	C4H8N2O3S	[M - H2O + H]+	C4H7N2O2S+	0.991	0.164	9.569	9.569	0.000	1	0.058	1.966	1.966	-122502.208		147.022	369	6.150	839112575508754202	839111767878707674	839111767878707673	1462	
1	C3H7N3O6	[M - H2O + H]+	C3H6N3O5+	0.468	0.046	6.089	6.089	0.000	1	0.015	-5.382	5.382	-109805.453		164.029	369	6.152	839112400501414987	839111767044041090	839111767044041089	1440	
1	C23H40N6O10	[M - H2O + H]+	C23H39N6O9+	1.000	0.000	84.634	81.939	2.695	44	0.952	-0.915	1.323	-33150.734		543.278	369	6.153	839112449356669186	839111767006292350	839111767006292349	1439	
1	C22H38N6O6	[M - H2O + H]+	C22H37N6O5+	1.000	0.000	55.446	51.877	3.570	32	0.856	-0.701	1.196	-38708.174		465.282	369	6.156	839112421909143236	839111767081789830	839111767081789829	1441	
1	C23H42N6O10	[M - H2O + H]+	C23H41N6O9+	1.000	0.332	134.835	128.393	6.442	45	0.952	-1.051	1.314	-33027.796		545.294	369	6.158	839112443585306792	839111767119538570	839111767119538569	1442	
1	C23H40N6O9	[M + Na]+	C23H40N6NaO9+	1.000	1.000	81.234	74.702	6.532	36	0.827	-1.093	1.096	1.309		567.276	370	6.160	839112876764643188	839111767157287310	839111767153093005	1443	
1	C4H11NO4	[M - H2O + H]+	C4H10NO3+	1.000	0.333	70.905	69.002	1.903	6	0.986	7.544	7.544	-150004.408		120.066	370	6.161	839112406440549726	839111767190841746	839111767190841745	1444	
1	C10H21N3O4	[M - H2O + H]+	C10H20N3O3+	1.000	0.333	201.548	198.198	3.350	49	0.963	0.517	1.202	-78255.597		230.150	370	6.162	839112491467482632	839111767224396182	839111767224396181	1445	
1	C14H28N4O7	[M - H2O + H]+	C14H27N4O6+	1.000	0.333	189.127	185.715	3.412	51	0.966	-0.494	1.519	-51875.080		347.192	370	6.165	839112408663530880	839111767295699358	839111767295699357	1447	
1	C10H15N5O4	[M - H2O + H]+	C10H14N5O3+	1.000	0.333	109.695	106.898	2.797	36	0.940	-0.995	1.515	-71439.331		252.109	370	6.166	839112412648119817	839111767333448098	839111767333448097	1448	
1	C26H36N7O6	[M + Na]+	C26H36N7NaO6+	0.990	0.965	70.447	67.852	2.595	42	0.884	-1.256	1.551	-2.437		565.261	370	6.167	839112491534591509	839111767367002534	839111767367002533	1449	
1	C28H47N7O7	[M - H2O + H]+	C28H46N7O6+	1.000	0.333	74.064	70.472	3.592	32	0.915	-0.788	1.322	-31248.004		576.351	370	6.168	839112450900173069	839111767446694318	839111767446694317	1451	
1	C45H71N13O20	[M - H2O + H]+	C45H70N13O19+	0.990	0.180	117.344	110.171	7.173	54	0.978	-1.377	1.488	-16425.000		1096.491	370	6.169	839113105228384704	839111767404751274	839111767404751273	1450	
1	C56H65N13O11	[M + Na]+	C56H65N13NaO11+	0.999	1.000	30.994	29.593	1.400	51	0.811	-0.971	1.214	-8.020		1118.473	370	6.171	839113590047991441	839111767262144922	839111767262144921	1446	
1	C10H22N2O5S	[M - H2O + H]+	C10H21N2O4S+	1.000	0.333	71.659	71.659	0.000	25	0.991	0.740	1.344	-67932.744		265.122	370	6.171	839112415349251655	839111767484443058	839111767480248753	1452	
1	C38H44N4O5	[M - H2O + H]+	C38H43N4O4+	1.000	0.332	66.043	63.707	2.336	32	0.787	-0.829	1.174	-29080.910		619.328	372	6.197	839112424295702266	839111767522191798	839111767522191797	1453	
1	C12H20N2O6	[M + H3N + H]+	C12H24N3O6+	0.984	0.333	140.966	140.966	0.000	25	0.536	0.296	0.508	0.092		306.166	372	6.203	839112414783020597	839111767555746234	839111767555746233	1454	
1	C21H34N6O9	[M + Na]+	C21H34N6NaO9+	1.000	1.000	59.846	56.231	3.615	34	0.777	-1.561	1.648	1.401		537.229	373	6.209	839112474543465387	839111767593494974	839111767593494973	1455	
1	C11H16N2O5	[M - H2O + H]+	C11H15N2O4+	1.000	0.333	53.057	49.567	3.489	11	0.991	-0.475	1.041	-75325.634		239.103	373	6.210	839112444986204349	839111767660603842	839111767660603841	1456	
1	C21H36N6O10	[M - H2O + H]+	C21H35N6O9+	1.000	0.332	89.776	83.711	6.066	35	0.920	-0.752	1.165	-34953.913		515.247	373	6.215	839112420109786772	839111767698352582	839111767698352581	1457	
1	C16H24N2O8	[M + H3N + H]+	C16H28N3O8+	0.944	0.007	143.226	143.226	0.000	29	0.481	0.497	1.398	0.035		390.187	373	6.221	839112441895002238	839111767731907018	839111767731907017	1458	
1	C9H16N2O6	[M - H2O + H]+	C9H15N2O5+	1.000	0.331	20.255	20.255	0.000	2	0.961	0.537	1.240	-77934.566		231.098	374	6.230	839112420919287470	839111767769655758	839111767769655757	1459	
1	C27H40F3N7O9	[M + H3N + H]+	C27H44F3N8O9+	0.627	0.019	49.179	45.658	3.521	27	0.742	-1.512	1.639	1.297		681.319	374	6.231	839112613693698278	839111767803210194	839111767803210193	1460	
1	C16H28N6O6	[M - H2O + H]+	C16H27N6O5+	1.000	0.333	72.361	69.152	3.209	33	0.843	-0.991	1.350	-46999.982		383.204	374	6.233	839112622866641187	839111767840958934	839111767840958933	1461	
1	C32H48N6O10	[M - H2O + H]+	C32H47N6O9+	1.000	0.047	111.434	106.578	4.857	51	0.905	-0.871	1.052	-27321.077		659.337	374	6.235	839112470571459250	839111767916456414	839111767916456413	1463	
1	C16H25N3O8	[M + H3N + H]+	C16H29N4O8+	0.973	0.333	123.407	123.407	0.000	39	0.713	0.318	0.369	0.480		405.198	374	6.239	839112476779029461	839111767950010850	839111767950010849	1464	
1	C18H31N5O7	[M + Na]+	C18H31N5NaO7+	0.920	1.000	69.885	67.122	2.763	37	0.842	-0.947	1.051	0.511		452.212	375	6.254	839112440678654032	839111768025508330	839111768025508329	1467	
1	C13H21N9O7	[M - H2O + H]+	C13H20N9O6+	1.000	0.000	21.790	18.850	2.940	26	0.829	-0.344	0.927	-45234.029		398.154	375	6.254	839112488464360803	839111767987759590	839111767987759589	1466	
1	C15H25N3O8	[M + H]+	C15H26N3O8+	1.000	0.333	152.891	146.677	6.214	42	0.925	-0.981	1.267	0.396		376.172	375	6.255	839112498551662382	839111768063257070	839111768063257069	1468	
1	C18H33N5O8	[M - H2O + H]+	C18H32N5O7+	1.000	0.333	125.585	119.330	6.256	48	0.956	-1.039	1.330	-41862.061		430.230	375	6.256	839112423888854757	839111768101005810	839111768101005809	1469	
1	C10H16N2O5	[M - H2O + H]+	C10H15N2O4+	1.000	0.333	66.001	66.001	0.000	9	0.972	1.347	1.739	-79305.522		227.103	375	6.257	839112426237665115	839111768134560246	839111768134560245	1470	
1	C27H48BN5O7S	[M + Na]+	C27H48BN5NaO7S+	0.743	0.810	81.813	81.813	0.000	39	0.743	-3.318	3.318	-2.854		619.328	375	6.257	839112809693526454	839111768935672398	839111768935672397	1492	
1	C19H33N5O9	[M - H2O + H]+	C19H32N5O8+	1.000	0.332	74.176	70.780	3.395	31	0.910	-0.585	1.263	-39304.471		458.225	376	6.267	839112439776878647	839111768172308986	839111768172308985	1471	
1	C11H16N2O5	[M + H3N + H]+	C11H20N3O5+	0.658	0.333	40.560	40.560	0.000	16	0.737	0.268	0.433	0.120		274.140	376	6.268	839112478251230273	839111768205863422	839111768205863421	1472	
1	C29H50N8O10	[M - H2O + H]+	C29H49N8O9+	1.000	0.333	77.765	74.174	3.591	38	0.886	-0.692	1.051	-27564.030		653.363	376	6.271	839112528889064027	839111768243612162	839111768243612161	1473	
1	C16H28N4O6	[M - H2O + H]+	C16H27N4O5+	1.000	0.333	65.626	62.288	3.338	24	0.884	-1.087	1.574	-50705.514		355.198	377	6.277	839112456172413354	839111768281360902	839111768277166597	1474	
1	C11H21N3O5	[M - H2O + H]+	C11H20N3O4+	1.000	0.333	120.573	117.253	3.320	34	0.936	-0.927	1.387	-69768.737		258.145	377	6.281	839112627878834589	839111768314915338	839111768314915337	1475	
1	C23H39N7O8	[M + Na]+	C23H39N7NaO8+	1.000	1.000	70.111	70.111	0.000	39	0.847	-0.661	0.958	0.989		564.276	377	6.284	839112488632132976	839111768419772950	839111768419772949	1478	
1	C30H51N5O14	[M + K]+	C30H51KN5O14+	0.776	0.559	27.467	22.153	5.314	33	0.804	-1.473	1.491	-8.060		744.300	377	6.285	839112542600244289	839111768457521690	839111768457521689	1479	
1	C6H11NO4	[M - H2O + H]+	C6H10NO3+	1.000	0.333	35.699	35.699	0.000	5	0.983	5.492	5.492	-125016.402		144.066	377	6.285	839112478976844885	839111768386218514	839111768386218513	1477	
1	C6H13NO5	[M - H2O + H]+	C6H12NO4+	1.000	0.333	78.344	75.342	3.002	8	0.985	3.342	3.342	-111123.959		162.076	377	6.286	839112426816479105	839111768495270430	839111768491076125	1480	
1	C13H25N3O8	[M - H2O + H]+	C13H24N3O7+	1.000	0.333	196.922	194.292	2.630	50	0.961	-0.769	1.290	-53897.969		334.161	377	6.290	839112555757776282	839111768528824866	839111768528824865	1481	
1	C8H18N2O5	[M - H2O + H]+	C8H17N2O4+	1.000	0.333	48.215	45.053	3.162	6	0.969	7.884	7.884	-87805.079		205.118	377	6.292	839112427416264625	839111768570767910	839111768570767909	1482	
1	C26H45N7O11	[M - H2O + H]+	C26H44N7O10+	1.000	0.333	141.327	140.293	1.034	44	0.928	-1.034	1.707	-29317.110		614.315	378	6.293	839112744908305835	839111768608516650	839111768604322345	1483	
1	C35H49N5O9	[M + K]+	C35H49KN5O9+	1.000	1.000	98.017	91.291	6.726	41	0.894	-1.181	1.569	3.300		722.319	378	6.293	839112694937367477	839111768646265390	839111768646265389	1484	
1	C23H41N7O9	[M - H2O + H]+	C23H40N7O8+	1.000	0.325	85.516	85.423	0.093	35	0.880	-0.990	1.094	-33211.010		542.294	378	6.294	839112527861459502	839111768684014130	839111768684014129	1485	
1	C13H21N3O5	[M + H3N + H]+	C13H25N4O5+	0.954	0.333	116.501	116.501	0.000	19	0.625	0.190	0.319	-0.162		317.182	378	6.305	839112492855797367	839111768713374262	839111768713374261	1486	
1	C10H14N4O5	[M - H2O + H]+	C10H13N4O4+	0.959	0.333	120.008	120.008	0.000	16	0.480	-0.898	0.915	-71161.601		253.093	379	6.320	839112482969822430	839111768751123002	839111768751123001	1487	
1	C11H16N2O5	[M - H2O + H]+	C11H15N2O4+	0.786	0.333	64.040	64.040	0.000	10	0.414	0.053	0.609	-75325.590		239.103	379	6.323	839112429693771771	839111768784677438	839111768784677437	1488	
1	C21H38N6O9	[M - H2O + H]+	C21H37N6O8+	1.000	0.333	126.625	120.274	6.351	41	0.917	-1.192	1.369	-35929.230		501.267	380	6.330	839112578591567684	839111768822426178	839111768822426177	1489	
1	C14H26N4O6	[M + Na]+	C14H26N4NaO6+	1.000	1.000	63.524	60.395	3.129	28	0.856	-1.480	1.480	0.202		369.175	380	6.331	839112489475188144	839111768860174918	839111768860174917	1490	
1	C21H36N6O8	[M + Na]+	C21H36N6NaO8+	1.000	1.000	69.969	63.311	6.657	38	0.823	-0.903	1.095	0.702		523.249	380	6.332	839112497226262225	839111768897923658	839111768897923657	1491	
1	C21H34N4O11	[M + H]+	C21H35N4O11+	1.000	0.333	136.499	130.131	6.368	31	0.904	-1.217	1.333	1.494		519.230	380	6.336	839112454763127152	839111769011169878	839111769006975573	1494	
1	C21H34N4O11	[M + Na]+	C21H34N4NaO11+	1.000	1.000	75.002	68.389	6.613	29	0.805	-1.173	1.288	0.187		541.212	380	6.336	839112486224602361	839111769044724314	839111769044724313	1495	
1	C14H28N4O7	[M - H2O + H]+	C14H27N4O6+	1.000	0.333	149.456	143.650	5.805	44	0.943	-0.710	1.119	-51874.808		347.193	380	6.336	839112494806148773	839111768973421138	839111768973421137	1493	
1	C22H40N6O10	[M - H2O + H]+	C22H39N6O9+	0.956	0.000	105.316	102.228	3.089	47	0.962	-0.888	1.145	-33900.036		531.278	381	6.346	839112491815609935	839111769082473054	839111769082473053	1496	
1	C7H16N4O4	[M - H2O + H]+	C7H15N4O3+	1.000	0.333	118.473	118.473	0.000	31	0.969	1.816	3.204	-88671.595		203.114	381	6.358	839112480654566545	839111769116027490	839111769116027489	1497	
1	C13H19N3O5	[M + H3N + H]+	C13H23N4O5+	0.853	0.333	82.606	82.606	0.000	17	0.485	0.487	0.702	-0.131		315.166	382	6.360	839112459855012326	839111769149581926	839111769149581925	1498	
1	C22H38N6O11	[M - H2O + H]+	C22H37N6O10+	0.915	0.333	79.717	76.260	3.457	37	0.881	-0.134	1.108	-33034.309		545.255	382	6.363	839112536103267137	839111769216690798	839111769216690797	1500	
1	C7H14N2O3	[M - H2O + H]+	C7H13N2O2+	1.000	0.333	25.123	25.123	0.000	3	0.821	4.273	4.273	-114645.666		157.097	382	6.363	839112536325565264	839111769183136362	839111769183136361	1499	
1	C9H16ClN5O4	[M + H3N + H]+	C9H20ClN6O4+	0.885	0.320	65.068	65.068	0.000	18	0.585	2.313	3.376	2.516		311.124	382	6.364	839112721126601901	839111769254439538	839111769254439537	1501	
1	C10H21N3O6	[M - H2O + H]+	C10H20N3O5+	1.000	0.333	76.651	73.304	3.347	10	0.986	0.324	1.264	-68705.506		262.140	382	6.364	839112458592526783	839111769321548410	839111769321548409	1503	
1	C10H19N3O5	[M + Na]+	C10H19N3NaO5+	1.000	1.000	47.959	45.404	2.555	16	0.770	-0.611	1.164	0.171		284.122	382	6.364	839112465957724712	839111769287993974	839111769287993973	1502	
1	C10H19N3O5	[M - H2O + H]+	C10H18N3O4+	1.000	0.333	44.137	44.137	0.000	9	0.332	0.292	0.546	-73774.346		244.129	382	6.368	839112482676221109	839111769359297150	839111769359297149	1504	
1	C23H40N4O8	[M + Na]+	C23H40N4NaO8+	1.000	1.000	98.622	98.622	0.000	40	0.706	0.056	1.344	-4.797		523.271	382	6.369	839112786876512343	839111769388657282	839111769388657281	1505	
1	C13H26N4O7	[M - H2O + H]+	C13H25N4O6+	1.000	0.333	111.534	108.571	2.963	33	0.946	1.010	1.374	-54056.788		333.177	382	6.369	839112535780305707	839111769464154762	839111769459960457	1507	
1	C10H15N5O4	[M - H2O + H]+	C10H14N5O3+	0.832	0.333	41.818	41.818	0.000	9	0.265	-0.369	1.131	-71439.288		252.109	382	6.370	839113107451365892	839111769426406022	839111769426406021	1506	
1	C29H44N2O16	[M - H2O + H]+	C29H43N2O15+	0.561	0.329	54.062	47.389	6.673	35	0.842	-0.094	1.004	-27320.099		659.265	383	6.376	839112497758938861	839111769497709198	839111769497709197	1508	
1	C31H42N4O9	[M + Na]+	C31H42N4NaO9+	1.000	1.000	115.650	109.350	6.300	44	0.935	-0.732	0.997	-1.945		637.283	383	6.377	839112621310554358	839111769535457938	839111769535457937	1509	
1	C15H26N4O7	[M + Na]+	C15H26N4NaO7+	1.000	1.000	64.337	60.603	3.734	31	0.862	-0.852	1.361	0.151		397.169	383	6.378	839112504155252683	839111769569012374	839111769569012373	1510	
1	C10H19N3O4	[M + Na]+	C10H19N3NaO4+	1.000	0.999	42.942	42.942	0.000	14	0.826	-0.301	1.159	-0.809		268.127	383	6.382	839112489798149572	839111769636121246	839111769636121245	1512	
1	C10H21N3O5	[M - H2O + H]+	C10H20N3O4+	1.000	0.333	56.622	53.372	3.249	16	0.993	1.687	2.296	-73170.522		246.145	383	6.382	839112490234357218	839111769602566810	839111769602566809	1511	
1	C6H11N3O4S	[M - H2O + H]+	C6H10N3O3S+	0.996	0.333	45.856	41.986	3.871	5	0.971	2.122	2.122	-88267.403		204.044	383	6.388	839112505627453433	839111769673869986	839111769673869985	1513	
1	C13H23N3O7	[M + Na]+	C13H23N3NaO7+	1.000	1.000	56.732	53.719	3.013	27	0.797	-1.013	1.185	0.251		356.143	383	6.389	839112470898614984	839111769707424422	839111769707424421	1514	
1	C13H25N3O8	[M - H2O + H]+	C13H24N3O7+	1.000	0.333	163.830	157.924	5.906	46	0.956	-0.142	1.040	-53897.812		334.161	383	6.390	839112499633792844	839111769745173162	839111769745173161	1515	
1	C19H34N4O11	[M - H2O + H]+	C19H33N4O10+	1.000	0.333	178.458	172.176	6.282	45	0.957	-0.772	1.143	-37739.725		477.220	383	6.391	839112648653222438	839111769883585210	839111769883585209	1519	
1	C9H18N2O6	[M - H2O + H]+	C9H17N2O5+	1.000	0.333	118.412	115.234	3.177	27	0.977	1.312	1.851	-77260.831		233.113	383	6.391	839112488304977200	839111769778727598	839111769778727597	1516	
1	C26H44N6O13	[M - H2O + H]+	C26H43N6O12+	0.852	0.333	128.301	124.702	3.600	45	0.950	-0.972	1.594	-28528.744		631.294	384	6.394	839112776629827519	839111769812282034	839111769812282033	1517	
1	C10H20N2O5S	[M - H2O + H]+	C10H19N2O4S+	1.000	0.333	96.717	93.558	3.159	33	0.851	0.100	1.127	-68452.972		263.106	384	6.397	839112496785860280	839111769845836470	839111769845836469	1518	
1	C23H42N6O10	[M - H2O + H]+	C23H41N6O9+	1.000	0.333	102.442	99.626	2.816	45	0.913	-0.247	0.819	-33028.989		545.293	384	6.400	839112532361947884	839111769921333950	839111769921333949	1520	
1	C25H34N6O9	[M - H2O + H]+	C25H33N6O8+	1.000	0.333	104.564	101.050	3.513	42	0.903	-0.142	0.874	-33031.498		545.236	384	6.404	839112944913695461	839111769954888386	839111769954888385	1521	
1	C18H32N4O9	[M + H]+	C18H33N4O9+	1.000	0.333	129.996	126.600	3.396	41	0.934	0.219	1.143	1.391		449.225	384	6.404	839112749035501056	839111769988442822	839111769988442821	1522	
1	C7H16N2O5	[M - H2O + H]+	C7H15N2O4+	1.000	0.333	54.392	54.392	0.000	10	0.994	4.998	4.998	-94245.412		191.103	385	6.409	839112471280296685	839111770059745998	839111770059745997	1524	
1	C14H25N3O9	[M - H2O + H]+	C14H24N3O8+	1.000	0.333	141.035	137.779	3.255	42	0.947	-0.059	0.990	-49731.223		362.156	385	6.421	839112482588140705	839111770097494738	839111770097494737	1525	
1	C27H47N7O13	[M - H2O + H]+	C27H46N7O12+	1.000	0.333	118.172	114.646	3.526	48	0.922	-0.155	0.785	-27274.980		660.320	386	6.425	839113918961121932	839111770131049174	839111770131049173	1526	
1	C11H16N4O5	[M - H2O + H]+	C11H15N4O4+	1.000	0.333	111.795	106.463	5.331	28	0.943	-0.147	1.092	-67427.393		267.109	386	6.432	839112502880184247	839111770168797914	839111770164603609	1527	
1	C24H46N6O7	[M - H2O + H]+	C24H45N6O6+	1.000	0.000	55.366	52.810	2.556	36	0.920	-0.411	1.023	-35084.165		513.340	386	6.432	839112589916188614	839111770202352350	839111770202352349	1528	
1	C16H30N4O8	[M - H2O + H]+	C16H29N4O7+	1.000	0.333	96.781	94.398	2.383	28	0.930	-0.697	0.924	-46275.187		389.203	386	6.436	839113125214243541	839111770307209962	839111770307209961	1531	
1	C17H30N4O9	[M - H2O + H]+	C17H29N4O8+	1.000	0.331	73.082	70.883	2.198	29	0.903	0.425	1.472	-43169.931		417.198	386	6.436	839112513042983033	839111770269461222	839111770269461221	1530	
1	C22H37N13O9	[M - H2O + H]+	C22H36N13O8+	0.285	0.169	76.637	73.027	3.609	48	0.873	0.299	0.551	-29510.332		610.281	386	6.437	839112674716627692	839111770344958702	839111770344958701	1532	
1	C7H16N2O4	[M - H2O + H]+	C7H15N2O3+	1.000	0.333	86.870	86.870	0.000	13	0.063	1.065	1.065	-102853.785		175.108	386	6.437	839112497003964110	839111770416261878	839111770416261877	1534	
1	C27H43N5O8	[M + Na]+	C27H43N5NaO8+	1.000	1.000	152.889	148.659	4.229	47	0.966	-0.877	1.155	-1.537		588.299	387	6.442	839112589190573994	839111770382707442	839111770382707441	1533	
1	C17H28N4O9	[M + H]+	C17H29N4O9+	1.000	0.333	112.668	109.220	3.448	37	0.917	0.352	0.833	0.773		433.193	387	6.443	839112494579656330	839111770454010618	839111770454010617	1535	
1	C20H31N5O7	[M + H3N + H]+	C20H35N6O7+	0.999	0.331	112.268	112.268	0.000	32	0.680	0.450	0.821	0.841		471.257	387	6.446	839112570538503856	839111770235906786	839111770235906785	1529	
1	C14H22N2O7	[M + H3N + H]+	C14H26N3O7+	0.845	0.320	54.874	54.874	0.000	21	0.651	-0.031	0.348	0.240		348.177	387	6.446	839112695981749200	839111770026191562	839111770021997257	1523	
1	C17H24N4O4	[M + H3N + H]+	C17H28N5O4+	0.999	0.333	47.695	47.695	0.000	19	0.658	1.002	1.229	0.571		366.214	387	6.447	839112497867990787	839111770495953662	839111770495953661	1536	
1	C15H28N4O8	[M - H2O + H]+	C15H27N4O7+	1.000	0.003	133.197	133.197	0.000	40	0.817	-0.894	1.122	-47999.112		375.189	387	6.452	839112964916331683	839111770529508098	839111770529508097	1537	
1	HOPS9	[M + K]+	HKOPS9+	0.707	0.717	-5.221	-5.221	0.000	0	0.000	2.185	2.185	1.472		374.689	387	6.456	839112499931588446	839111770579839750	839111770579839749	1538	
1	C6H14N2O4	[M - H2O + H]+	C6H13N2O3+	1.000	0.333	55.264	55.264	0.000	7	0.294	1.574	1.574	-111801.917		161.092	387	6.458	839112498660714309	839111770617588490	839111770617588489	1539	
1	C32H51N11O11	[M - H2O + H]+	C32H50N11O10+	1.000	0.278	81.010	77.663	3.347	34	0.908	-0.528	1.422	-24070.273		748.371	388	6.459	839112551613803884	839111770659531534	839111770659531533	1540	
1	C40H44N6O9	[M + H3N + H]+	C40H48N7O9+	1.000	0.294	55.987	55.987	0.000	31	0.778	1.743	1.743	1.918		770.352	388	6.463	839113283532444275	839111770697280274	839111770697280273	1542	
1	C32H45N7O8	[M + Na]+	C32H45N7NaO8+	0.997	1.000	93.160	87.092	6.068	39	0.922	-0.304	0.547	-0.961		678.322	388	6.463	839112687949656893	839111770735029014	839111770735029013	1543	
1	C10H21NO8S2	[M + H3N + H]+	C10H25N2O8S2+	0.996	0.486	64.706	64.706	0.000	19	0.723	1.551	1.626	2.864		365.106	388	6.468	839112518134868277	839111770944744238	839111770944744237	1549	
1	C33H38N6O12	[M - H2O + H]+	C33H37N6O11+	1.000	0.333	129.008	129.008	0.000	48	0.842	-0.877	0.971	-25982.185		693.250	388	6.472	839113769639703375	839111770768583450	839111770768583449	1544	
1	C14H27N3O8	[M - H2O + H]+	C14H26N3O7+	1.000	0.333	142.867	140.166	2.701	39	0.940	0.153	0.737	-51727.884		348.177	388	6.473	839112498446804764	839111770839886626	839111770839886625	1546	
1	C17H30N4O10S	[M - H2O + H]+	C17H29N4O9S+	0.530	0.000	65.719	65.719	0.000	30	0.910	-0.188	1.204	-38717.713		465.165	388	6.473	839112550867217761	839111770806332190	839111770806332189	1545	
1	C8H16N2O5	[M - H2O + H]+	C8H15N2O4+	1.000	0.333	23.778	20.659	3.119	3	0.988	0.709	1.020	-88676.481		203.103	389	6.482	839112479706653821	839111770873441062	839111770873441061	1547	
1	C11H22N6O4	[M - H2O + H]+	C11H21N6O3+	1.000	0.333	101.431	99.135	2.297	40	0.932	-0.549	0.887	-63157.497		285.167	389	6.486	839112524094974384	839111770911189802	839111770911189801	1548	
1	C9H19N5O4	[M - H2O + H]+	C9H18N5O3+	1.000	0.333	104.676	101.869	2.808	40	0.940	0.223	0.708	-73770.922		244.141	389	6.489	839112509276497995	839111770982492978	839111770982492977	1550	
1	C12H22N4O6	[M - H2O + H]+	C12H21N4O5+	1.000	0.333	126.328	126.328	0.000	39	0.987	-0.350	0.782	-59805.607		301.151	390	6.496	839113692695195257	839111771024436022	839111771020241717	1551	
1	C5H11NO3S	[M + Na]+	C5H11NNaO3S+	1.000	1.000	44.833	40.305	4.529	10	0.696	0.660	0.956	0.559		188.035	390	6.498	839112492725773919	839111771057990458	839111771057990457	1552	
1	C5H13NO4S	[M - H2O + H]+	C5H12NO3S+	1.000	0.333	102.918	98.292	4.626	13	0.987	7.003	7.003	-108461.861		166.053	390	6.500	839113693760548509	839111771095739198	839111771095739197	1553	
1	C12H16N2O6	[M + H3N + H]+	C12H20N3O6+	0.999	0.333	71.541	71.541	0.000	16	0.614	0.889	0.889	0.640		302.135	390	6.504	839113291241575185	839111771162848066	839111771162848065	1554	
1	C9H10N2O5S	[M + H3N + H]+	C9H14N3O5S+	0.872	0.333	30.677	30.677	0.000	7	0.588	1.216	1.479	0.859		276.065	391	6.509	839112554751143296	839111771271899982	839111771271899981	1557	
1	C5H10O4S	[M - H2O + H]+	C5H9O3S+	0.996	0.500	99.831	95.037	4.794	25	0.905	6.570	6.570	-120854.033		149.027	391	6.509	839112482802050248	839111771200596806	839111771200596805	1555	
1	C18H32N4O9	[M - H2O + H]+	C18H31N4O8+	1.000	0.333	104.740	102.773	1.967	35	0.908	-0.030	1.024	-41766.522		431.214	391	6.511	839113310006891532	839111771238345546	839111771238345545	1556	
1	C16H28N3O7	[M - H2O + H]+	C16H27N3O6+	0.971	0.286	112.405	110.221	2.184	48	0.883	-0.592	2.135	-50426.378		357.188	391	6.515	839112491358430706	839111771343203158	839111771339008853	1559	
1	C6H10BF2N3O4	[M + H3N + H]+	C6H14BF2N4O4+	0.994	0.311	19.864	19.864	0.000	7	0.738	0.982	0.982	1.772		254.111	391	6.517	839112501026301796	839111771410312030	839111771410312029	1561	
1	C9H19N3O5	[M - H2O + H]+	C9H18N3O4+	1.000	0.333	40.246	37.176	3.070	8	0.991	6.533	6.533	-77588.321		232.129	391	6.517	839113310967387171	839111771376757594	839111771376757593	1560	
1	C24H42N6O11	[M - H2O + H]+	C24H41N6O10+	1.000	0.000	77.438	74.246	3.192	44	0.950	-0.705	1.005	-31414.986		573.289	391	6.524	839112571658383055	839111771305454418	839111771305454417	1558	
1	C31H37N3O10	[M - H2O + H]+	C31H36N3O9+	1.000	0.262	109.378	109.378	0.000	43	0.918	-0.662	1.179	-30308.016		594.245	392	6.534	839112826403633826	839111771448060770	839111771448060769	1562	
1	C10H19N3O6	[M - H2O + H]+	C10H18N3O5+	1.000	0.333	98.025	98.025	0.000	33	0.883	0.316	1.830	-69237.069		260.124	393	6.551	839112504843118562	839111771481615206	839111771481615205	1563	
1	C24H41N5O14	[M - H2O + H]+	C24H40N5O13+	1.000	0.000	159.652	152.951	6.702	50	0.966	-0.636	0.865	-29706.186		606.263	393	6.555	839113848744278062	839111771519363946	839111771515169641	1564	
1	C16H17FN2O7	[M + H3N + H]+	C16H21FN3O7+	0.971	0.321	58.486	58.486	0.000	15	0.448	0.562	0.694	0.066		386.136	393	6.555	839112531426618031	839111771552918382	839111771552918381	1565	
1	C17H19N2O6	[M + H3N + H]+	C17H23N3O6+	0.655	0.145	79.237	79.237	0.000	24	0.490	1.042	1.993	-1.785		365.157	394	6.565	839112516494895370	839111771586472818	839111771586472817	1566	
1	C20H21N4O4	[M - H2O + H]+	C20H20N4O3+	1.000	0.331	98.854	98.854	0.000	31	0.887	1.208	1.324	-49456.168		364.154	394	6.565	839112836503518074	839111771624221558	839111771624221557	1567	
1	C12H21N5O6S	[M - H2O + H]+	C12H20N5O5S+	1.000	0.333	112.568	110.563	2.005	40	0.864	1.014	1.646	-52034.656		346.118	394	6.569	839112723584464118	839111771661970298	839111771661970297	1568	
1	C22H40N6O10	[M - H2O + H]+	C22H39N6O9+	1.000	0.000	78.130	77.294	0.836	39	0.942	-0.358	1.079	-33899.102		531.278	394	6.570	839112532831709958	839111771695524734	839111771695524733	1569	
1	C10H17N3O4	[M + Na]+	C10H17N3NaO4+	1.000	1.000	246.258	246.258	0.000	43	0.515	1.257	1.710	3.695		266.112	394	6.572	839112512388671579	839111771867491218	839111771867491217	1574	
1	C11H17NO2S	[M + H3N + H]+	C11H21N2O2S+	0.984	0.333	16.722	16.722	0.000	6	0.143	4.596	4.596	1.957		245.132	394	6.572	839112533221780245	839111771729079170	839111771729079169	1570	
1	C14H26N4O6	[M + Na]+	C14H26N4NaO6+	1.000	1.000	53.744	50.611	3.134	28	0.882	-0.367	0.942	0.690		369.175	394	6.573	839112505950414856	839111771766827910	839111771762633605	1571	
1	C14H28N4O7	[M - H2O + H]+	C14H27N4O6+	1.000	0.333	79.570	73.492	6.077	24	0.976	-0.338	0.921	-51874.565		347.193	394	6.574	839112543426522198	839111771800382346	839111771800382345	1572	
1	C24H45N7O11	[M - H2O + H]+	C24H44N7O10+	0.999	0.021	25.024	21.985	3.039	17	0.985	1.022	1.022	-30509.121		590.315	394	6.575	839112575747829546	839111771901045654	839111771901045653	1575	
1	C15H26N2O4S	[M + H3N + H]+	C15H30N3O4S+	1.000	0.333	44.129	44.129	0.000	9	0.705	0.847	0.847	2.387		348.196	395	6.579	839112592298553365	839111771833936782	839111771833936781	1573	
1	C10H19N3O5	[M - H2O + H]+	C10H18N3O4+	1.000	0.333	50.003	44.541	5.462	11	0.994	0.270	0.900	-73773.466		244.129	395	6.579	839112537374141315	839111771938794394	839111771938794393	1576	
1	C31H57N7O8	[M - H2O + H]+	C31H56N7O7+	1.000	0.333	68.472	68.472	0.000	29	0.905	0.939	1.072	-28210.164		638.424	395	6.580	839112517342144801	839111771976543134	839111771972348829	1577	
1	C14H26N4O6	[M - H2O + H]+	C14H25N4O5+	1.000	0.333	109.002	105.881	3.121	41	0.896	-0.048	0.953	-54712.479		329.182	395	6.583	839112516176128243	839111772010097570	839111772010097569	1578	
1	C31H37N3O9	[M - H2O + H]+	C31H36N3O8+	1.000	0.088	105.502	105.454	0.048	34	0.909	-0.770	1.317	-31146.551		578.250	395	6.584	839112689367331675	839111772043652006	839111772043652005	1579	
1	C5H12N2O4	[M - H2O + H]+	C5H11N2O3+	1.000	0.333	44.150	41.511	2.639	4	0.896	3.756	3.756	-122456.644		147.076	395	6.586	839112512745187439	839111772085595050	839111772081400745	1580	
1	C28H30N4O10	[M + H3N + H]+	C28H34N5O10+	0.656	0.299	46.843	45.710	1.133	40	0.695	0.826	1.081	3.084		600.232	395	6.586	839112815192259088	839111772119149486	839111772119149485	1581	
1	C10H19NO7	[M + H]+	C10H20NO7+	0.770	0.333	157.841	154.465	3.376	45	0.959	0.974	1.186	0.945		266.124	396	6.594	839112590822158330	839111772156898226	839111772156898225	1582	
1	C13H20N2O7	[M + H3N + H]+	C13H24N3O7+	0.999	0.333	67.805	67.805	0.000	20	0.681	0.857	1.205	0.459		334.161	396	6.599	839112527144233491	839111772261755838	839111772257561533	1585	
1	C25H39N5O6	[M - H2O + H]+	C25H38N5O5+	1.000	0.333	70.186	66.535	3.650	27	0.892	0.024	1.156	-36882.919		488.288	396	6.602	839112521163155816	839111772333059014	839111772333059013	1588	
1	C11H10N4O2	[M + H3N + H]+	C11H14N5O2+	0.791	0.079	37.105	37.105	0.000	7	0.375	4.530	4.925	-4.760		248.113	396	6.602	839112546110876875	839111772224007098	839111772224007097	1584	
1	C35H29N3O7	[M + H]+	C35H30N3O7+	0.835	0.277	173.700	173.700	0.000	54	0.983	-0.714	1.155	4.640		604.211	396	6.604	839113330970023132	839111772295310274	839111772295310273	1587	
1	C10H19N5O5	[M - H2O + H]+	C10H18N5O4+	1.000	0.333	99.205	99.205	0.000	37	0.930	-0.409	0.952	-66181.797		272.135	396	6.608	839112583150776194	839111772366613450	839111772366613449	1589	
1	C14H21N3O7	[M + H3N + H]+	C14H25N4O7+	0.999	0.333	61.292	61.292	0.000	26	0.708	0.783	0.960	1.203		361.172	397	6.610	839112542071761965	839111772400167886	839111772400167885	1590	
1	C13H19N5O6	[M - H2O + H]+	C13H18N5O5+	1.000	0.333	91.983	89.235	2.749	30	0.926	-0.211	0.953	-55564.768		324.131	397	6.612	839112545699835057	839111772433722322	839111772433722321	1591	
1	C31H41N5O9S	[M - H2O + H]+	C31H40N5O8S+	0.979	0.330	70.520	70.520	0.000	48	0.937	-0.839	1.225	-28040.421		642.261	397	6.619	839113082088409405	839111772471471062	839111772471471061	1592	
1	C25H43N5O14	[M - H2O + H]+	C25H42N5O13+	1.000	0.000	112.831	106.009	6.822	45	0.946	-0.957	1.076	-29035.152		620.278	397	6.619	839113271444459937	839111772505025498	839111772505025497	1593	
1	C11H23N5O6	[M - H2O + H]+	C11H22N5O5+	1.000	0.333	118.768	116.137	2.630	42	0.890	0.163	0.988	-59213.587		304.162	397	6.622	839112842513955885	839111772538579934	839111772538579933	1594	
1	C23H40N6O11	[M - H2O + H]+	C23H39N6O10+	1.000	0.333	107.226	103.935	3.291	41	0.917	-1.001	1.360	-32202.408		559.273	398	6.625	839112543535574123	839111772580522978	839111772580522977	1595	
1	C30H40N6O10	[M - H2O + H]+	C30H39N6O9+	1.000	0.002	116.557	114.979	1.578	43	0.810	0.509	1.169	-28714.701		627.276	398	6.629	839112624590500176	839111772614077414	839111772614077413	1596	
1	C14H26N4O7	[M - H2O + H]+	C14H25N4O6+	1.000	0.333	134.658	131.275	3.384	36	0.937	-0.149	1.101	-52176.692		345.177	398	6.632	839112526104046048	839111772651826154	839111772651826153	1597	
1	C10H16N5O5	[M - H2O + H]+	C10H15N5O4+	1.000	0.004	54.833	54.833	0.000	11	0.830	3.112	3.112	-66918.432		269.114	398	6.632	839112515148523734	839111772685380590	839111772685380589	1598	
1	C15H20N4O4	[M - H2O + H]+	C15H19N4O3+	1.000	0.333	66.836	66.071	0.765	16	0.986	0.225	1.134	-59411.948		303.145	398	6.632	839112528968755823	839111772718935026	839111772718935025	1599	
1	C11H21N3O6	[M - H2O + H]+	C11H20N3O5+	1.000	0.333	88.827	88.827	0.000	26	0.942	1.322	1.646	-65697.769		274.140	398	6.637	839112590016851932	839111772752489462	839111772752489461	1600	
1	C16H30N4O9	[M - H2O + H]+	C16H29N4O8+	1.000	0.333	144.766	141.461	3.304	45	0.945	-0.782	1.227	-44447.977		405.198	398	6.639	839112639106986470	839111773272583218	839111773272583217	1615	
1	C7H16N2O5	[M - H2O + H]+	C7H15N2O4+	1.000	0.333	66.960	64.056	2.904	11	0.997	1.612	1.626	-94245.012		191.103	399	6.642	839112526645111283	839111772786043898	839111772786043897	1601	
1	C16H25N3O8	[M + H3N + H]+	C16H29N4O8+	0.999	0.117	45.828	45.828	0.000	32	0.363	0.552	0.578	0.555		405.198	399	6.642	839113857095137455	839111772190452662	839111772190452661	1583	
1	C11H21N5O5	[M - H2O + H]+	C11H20N5O4+	1.000	0.333	114.832	111.836	2.996	40	0.943	-0.279	0.733	-62939.849		286.151	399	6.644	839112556915404229	839111772819598334	839111772819598333	1602	
1	C12H17N2O4	[M + H3N + H]+	C12H21N3O4+	0.997	0.077	46.943	46.943	0.000	7	0.457	1.261	1.549	-3.956		271.152	399	6.651	839113852800170077	839111772853152770	839111772853152769	1603	
1	C18H32N4O11	[M - H2O + H]+	C18H31N4O10+	1.000	0.333	146.148	143.069	3.078	48	0.953	0.304	0.843	-38881.296		463.204	400	6.658	839112598459985978	839111772924455946	839111772924455945	1605	
1	C17H32N4O8	[M + H3N + H]+	C17H36N5O8+	0.999	0.333	51.348	51.348	0.000	32	0.743	1.069	1.174	-2.806		438.255	400	6.660	839112537432861588	839111772890901510	839111772886707205	1604	
1	C9H19N3O4	[M - H2O + H]+	C9H18N3O3+	1.000	0.333	166.124	163.238	2.886	44	0.966	0.750	0.885	-83329.031		216.135	400	6.662	839112641627763199	839111772962204686	839111772962204685	1606	
1	C20H34N6O6	[M - H2O + H]+	C20H33N6O5+	1.000	0.333	95.591	89.643	5.948	35	0.927	0.053	0.564	-41189.321		437.251	400	6.665	839112541711051797	839111773033507862	839111773033507861	1608	
1	C11H17N3O5	[M + H3N + H]+	C11H21N4O5+	1.000	0.333	93.646	93.646	0.000	15	0.608	0.271	0.404	0.567		289.151	400	6.665	839112531846048455	839111773067062298	839111773067062297	1609	
1	C35H43N5O8	[M - H2O + H]+	C35H42N5O7+	1.000	0.000	32.305	27.319	4.986	33	0.808	-0.569	0.909	-27953.168		644.308	400	6.666	839112600951402582	839111772999953426	839111772999953425	1607	
1	C11H22N4O4	[M - H2O + H]+	C11H21N4O3+	1.000	0.333	111.963	108.822	3.141	34	0.970	0.446	0.788	-70035.182		257.161	400	6.666	839112530235435658	839111773104811038	839111773100616733	1610	
1	C14H26N4O6	[M - H2O + H]+	C14H25N4O5+	1.000	0.333	120.575	117.696	2.879	39	0.912	0.025	0.683	-54712.191		329.182	400	6.666	839112549827030323	839111773138365474	839111773134171169	1611	
1	C8H14N2O5	[M - H2O + H]+	C8H13N2O4+	1.000	0.333	67.026	64.011	3.015	9	0.994	4.775	4.775	-89564.865		201.087	400	6.670	839112528075369031	839111773201280042	839111773201280041	1613	
1	C8H14N2O5	[M + H]+	C8H15N2O5+	1.000	0.333	81.586	78.544	3.042	15	0.961	2.438	2.438	1.105		219.098	400	6.673	839112530927495838	839111773239028782	839111773239028781	1614	
1	C19H30N6O11	[M - H2O + H]+	C19H29N6O10+	1.000	0.000	104.026	100.740	3.287	46	0.949	0.240	0.466	-35933.804		501.195	402	6.698	839112651400491604	839111773306137654	839111773306137653	1616	
1	C10H19N3O5	[M - H2O + H]+	C10H18N3O4+	1.000	0.333	92.586	92.586	0.000	16	0.697	1.120	1.120	-73773.598		244.129	402	6.704	839112532005432026	839111773339692090	839111773339692089	1617	
1	C24H42N6O12	[M - H2O + H]+	C24H41N6O11+	0.998	0.000	93.591	89.907	3.684	49	0.930	0.349	0.391	-30562.472		589.283	402	6.704	839113241065115718	839111773377440830	839111773377440829	1618	
1	C26H28N4O10	[M + H3N + H]+	C26H32N5O10+	0.918	0.333	59.870	56.607	3.263	44	0.876	0.611	1.392	-2.401		574.213	402	6.705	839114035730545571	839111773410995266	839111773410995265	1619	
1	C16H29N4O8	[M - H2O + H]+	C16H28N4O7+	0.999	0.012	40.106	37.007	3.099	25	0.846	1.863	1.863	-46394.476		388.196	402	6.706	839112539358047188	839111773448744006	839111773448744005	1620	
1	C34H59N7O9	[M + Na]+	C34H59N7NaO9+	1.000	1.000	29.065	29.065	0.000	18	0.738	-2.419	2.419	-3.450		732.424	402	6.706	839112623923605816	839111773482298442	839111773482298441	1621	
1	C34H54N10O8	[M + H]+	C34H55N10O8+	0.704	0.323	62.460	55.861	6.599	21	0.899	0.382	0.382	1.593		731.421	403	6.709	839112557569715695	839111773524241486	839111773524241485	1622	
1	C14H26N4O8	[M - H2O + H]+	C14H25N4O7+	1.000	0.333	177.676	174.960	2.716	53	0.967	0.201	0.338	-49863.444		361.173	403	6.710	839112608215937217	839111773570378834	839111773570378833	1623	
1	C27H35N3O8	[M + Na]+	C27H35N3NaO8+	0.585	0.914	50.802	44.990	5.813	18	0.916	0.028	0.494	-0.916		552.231	403	6.713	839112539148331941	839111773608127574	839111773608127573	1624	
1	C17H29N5O5	[M - H2O + H]+	C17H28N5O4+	1.000	0.333	88.213	83.490	4.722	28	0.923	1.282	1.282	-49178.634		366.214	403	6.713	839112547054595292	839111773650070618	839111773645876313	1625	
1	C12H20N4O3	[M - H2O + H]+	C12H19N4O2+	1.000	0.333	85.894	82.686	3.208	24	0.981	1.912	1.912	-71711.082		251.151	403	6.714	839112751254287899	839111773683625054	839111773683625053	1626	
1	C30H51N9O13	[M - H2O + H]+	C30H50N9O12+	1.000	0.333	152.839	146.491	6.348	54	0.973	0.611	0.611	-24725.826		728.359	403	6.717	839112690206192514	839111773721373794	839111773721373793	1628	
1	C12H22N4O4	[M - H2O + H]+	C12H21N4O3+	1.000	0.333	64.447	59.442	5.005	16	0.996	0.487	0.924	-66912.845		269.161	403	6.719	839112724859532555	839111773926894714	839111773926894713	1634	
1	C20H32N4O5	[M - H2O + H]+	C20H31N4O4+	0.392	0.253	12.990	12.990	0.000	5	0.171	1.777	1.777	-46034.279		391.234	403	6.722	839112543783038082	839111773167725606	839111773167725605	1612	
1	C11H18N2O5	[M + H3N + H]+	C11H22N3O5+	0.884	0.333	111.995	111.995	0.000	17	0.726	0.687	0.726	1.078		276.156	403	6.724	839112550238072137	839111773754928230	839111773754928229	1629	
1	C16H28N4O9	[M - H2O + H]+	C16H27N4O8+	1.000	0.333	105.489	101.985	3.504	35	0.906	0.893	0.935	-44669.850		403.183	404	6.730	839112557792013832	839111773788482666	839111773788482665	1630	
1	C25H46N6O7	[M - H2O + H]+	C25H45N6O6+	1.000	0.333	78.645	75.405	3.240	26	0.892	-0.242	0.971	-34281.914		525.340	404	6.734	839112547432082695	839111773855591538	839111773855591537	1632	
1	C45H70N12O21	[M - H2O + H]+	C45H69N12O20+	0.991	0.215	95.117	89.503	5.615	53	0.964	0.175	0.419	-16409.583		1097.476	404	6.735	839113131732192038	839111773822037102	839111773822037101	1631	
1	C20H35N5O11	[M - H2O + H]+	C20H34N5O10+	1.000	0.000	131.661	128.131	3.530	46	0.946	0.450	0.677	-35717.670		504.231	404	6.741	839112752810374765	839111773893340278	839111773893340277	1633	
1	C5H9NO4	[M - H2O + H]+	C5H8NO3+	1.000	0.333	31.886	29.151	2.735	3	0.986	5.800	5.800	-138487.574		130.050	405	6.742	839112539483876328	839111773964643454	839111773964643453	1635	
1	C19H30N8O5S	[M - H2O + H]+	C19H29N8O4S+	1.000	0.333	127.520	127.520	0.000	51	0.955	0.224	0.689	-38717.103		465.202	405	6.743	839112719063004288	839111773998197890	839111773998197889	1636	
1	C5H11NO5	[M - H2O + H]+	C5H10NO4+	1.000	0.333	48.269	43.523	4.746	5	0.992	5.670	5.670	-121642.228		148.061	405	6.743	839113131946101566	839111774035946630	839111774035946629	1637	
1	C23H23N3O8	[M + H3N + H]+	C23H27N4O8+	0.981	0.055	68.057	65.456	2.601	46	0.507	1.549	1.620	2.894		487.184	405	6.744	839112745604560341	839111774069501066	839111774069501065	1638	
1	C16H29N5O11	[M + Na]+	C16H29N5NaO11+	0.976	0.006	55.018	51.766	3.252	11	0.941	4.410	4.410	2.800		490.177	405	6.745	839112544995191963	839111774136609938	839111774136609937	1640	
1	C14H22N4O2S2	[M + Na]+	C14H22N4NaO2S2+	1.000	1.000	81.918	81.918	0.000	21	0.718	-0.542	0.944	-0.736		365.107	405	6.746	839112779293210612	839111774174358678	839111774174358677	1641	
1	C14H21N3O6	[M - H2O + H]+	C14H20N3O5+	1.000	0.333	75.490	72.095	3.394	18	0.984	1.004	1.611	-58072.578		310.140	405	6.747	839113136324954958	839111774103055502	839111774103055501	1639	
1	C23H41N7O10	[M - H2O + H]+	C23H40N7O9+	1.000	0.326	94.013	87.773	6.240	36	0.911	0.282	0.650	-32258.676		558.289	406	6.761	839113348955198945	839111774249856158	839111774249856157	1643	
1	C11H21N3O5	[M - H2O + H]+	C11H20N3O4+	1.000	0.333	118.336	112.755	5.581	29	0.923	1.456	1.456	-69767.826		258.145	406	6.765	839112548140920097	839111774283410594	839111774283410593	1644	
1	C7H17N9O3	[M - H2O + H]+	C7H16N9O2+	1.000	0.000	36.857	36.857	0.000	8	0.833	7.052	7.052	-69769.731		258.142	406	6.766	839112780673136656	839111774321159334	839111774321159333	1645	
1	C22H37N5O12	[M - H2O + H]+	C22H36N5O11+	1.000	0.332	94.361	88.155	6.206	32	0.911	0.813	0.813	-32969.856		546.242	406	6.768	839112664121815687	839111774392462510	839111774392462509	1647	
1	C12H24N2O3S	[M - H2O + H]+	C12H23N2O2S+	0.590	0.310	36.036	36.036	0.000	9	0.078	4.990	4.990	-69496.255		259.148	406	6.768	839113274753765897	839111774354713770	839111774354713769	1646	
1	C12H22N4O6	[M - H2O + H]+	C12H21N4O5+	1.000	0.333	61.751	59.164	2.587	18	0.985	0.405	0.494	-59804.973		301.151	406	6.771	839113350767138319	839111774426016946	839111774426016945	1648	
1	C23H39N5O12	[M + H]+	C23H40N5O12+	1.000	0.000	122.252	119.596	2.656	50	0.955	0.526	0.810	3.773		578.269	406	6.773	839113106067245551	839111774459571382	839111774459571381	1649	
1	C22H35N5O11	[M + Na]+	C22H35N5NaO11+	1.000	1.000	70.882	67.660	3.222	39	0.833	0.365	0.628	1.447		568.223	406	6.774	839112784024385587	839111774497320122	839111774497320121	1650	
1	C22H43N5O6	[M - H2O + H]+	C22H42N5O5+	1.000	0.000	64.338	60.916	3.422	34	0.863	0.506	0.506	-39468.016		456.319	406	6.774	839112798888999203	839111774530874558	839111774530874557	1651	
1	C25H49N6O11P	[M - H2O + H]+	C25H48N6O10P+	0.408	0.001	47.443	43.689	3.753	9	0.922	3.991	3.991	-28893.789		623.317	406	6.775	839112557255142879	839111774765755606	839111774765755605	1657	
1	C26H40NO6P	[M + Na]+	C26H40NNaO6P+	1.000	1.000	27.683	27.683	0.000	7	0.623	3.847	3.847	3.903		516.251	406	6.775	839112558022700575	839111774732201170	839111774732201169	1656	
1	C8H20NO6P	[M + Na]+	C8H20NNaO6P+	1.000	0.690	53.666	51.336	2.330	8	0.952	3.626	3.626	0.055		280.092	406	6.775	839112561352977977	839111774660897994	839111774660897993	1654	
1	C5H14NO4P	[M + H]+	C5H15NO4P+	0.921	0.500	27.503	27.503	0.000	4	0.833	0.552	0.552	0.157		184.073	406	6.775	839112725471900960	839111774560234690	839111774560234689	1652	
1	C19H41N4O11P	[M - H2O + H]+	C19H40N4O10P+	0.504	0.031	46.374	42.736	3.638	7	0.942	1.316	1.316	-34956.520		515.247	406	6.775	839112810641439208	839111774694452430	839111774694452429	1655	
1	C39H47N3O9	[M + Na]+	C39H47N3NaO9+	0.704	1.000	104.921	101.695	3.227	46	0.944	0.033	1.194	-6.172		724.316	407	6.780	839112628285682096	839111774803504346	839111774803504345	1658	
1	C9H17N3O5	[M - H2O + H]+	C9H16N3O4+	1.000	0.333	24.068	20.899	3.169	5	0.994	1.600	1.600	-78267.008		230.114	407	6.783	839113136933129057	839111774212107418	839111774212107417	1642	
1	C8H20NO6P	[M + H]+	C8H21NO6P+	0.999	0.433	58.943	58.943	0.000	10	0.972	3.684	3.684	2.555		258.111	407	6.787	839112559314546209	839111774627343558	839111774627343557	1653	
1	C32H53NO16	[M + K]+	C32H53KNO16+	0.997	0.949	40.393	40.393	0.000	35	0.707	-2.082	2.548	-2.201		746.298	407	6.787	839113397969836060	839111774845447390	839111774845447389	1659	
1	C32H36N4O7S	[M - H2O + H]+	C32H35N4O6S+	0.915	0.000	136.109	136.109	0.000	48	0.941	-0.566	1.028	-29858.063		603.227	407	6.789	839113093568219518	839111774883196130	839111774883196129	1660	
1	C23H39N7O9	[M + Na]+	C23H39N7NaO9+	1.000	1.000	57.196	53.878	3.319	32	0.766	0.219	0.445	1.919		580.271	408	6.792	839112740596561272	839111774916750566	839111774916750565	1661	
1	C10H20N4O4	[M - H2O + H]+	C10H19N4O3+	1.000	0.333	117.749	114.676	3.073	33	0.943	0.701	0.701	-74072.093		243.145	408	6.792	839112556177206703	839111774954499306	839111774954499305	1662	
1	C18H37N4O12P	[M - H2O + H]+	C18H36N4O11P+	0.761	0.166	46.002	41.119	4.883	8	0.979	3.973	3.973	-34953.051		515.214	408	6.794	839112789074327670	839111774988053742	839111774988053741	1663	
1	C16H28N4O10	[M - H2O + H]+	C16H27N4O9+	0.676	0.333	137.302	137.302	0.000	27	0.450	0.553	0.598	-42965.855		419.178	408	6.801	839113146575834040	839111775021608178	839111775021608177	1664	
1	C15H23N3O7	[M + H3N + H]+	C15H27N4O7+	0.922	0.333	109.925	109.925	0.000	24	0.294	1.829	1.829	1.971		375.188	408	6.806	839112685097530134	839111775050968310	839111775050968309	1665	
1	C16H29N3O6S	[M - H2O + H]+	C16H28N3O5S+	1.000	0.152	118.291	118.291	0.000	40	0.858	0.694	1.893	-48131.449		374.175	408	6.806	839113410829572399	839111775088717050	839111775088717049	1666	
1	C9H16N2O5	[M + H]+	C9H17N2O5+	1.000	0.333	166.596	166.596	0.000	40	0.971	2.369	2.369	1.167		233.113	409	6.811	839112569192132253	839111775122271486	839111775122271485	1667	
1	C15H26N4O8	[M - H2O + H]+	C15H25N4O7+	1.000	0.333	119.683	116.156	3.527	30	0.933	0.006	0.810	-48263.570		373.172	409	6.811	839112833341012754	839111775160020226	839111775160020225	1668	
1	C45H50N6O8	[M - H2O + H]+	C45H49N6O7+	1.000	0.307	121.325	121.325	0.000	49	0.960	0.671	0.796	-22928.626		785.369	409	6.813	839113649514834582	839111775231323402	839111775231323401	1670	
1	C19H34N4O5	[M + H3N + H]+	C19H38N5O5+	0.943	0.333	47.320	47.320	0.000	21	0.611	1.539	1.577	1.115		416.287	409	6.822	839112562179255885	839111775302626578	839111775298432273	1672	
1	C33H41N3O7S	[M - H2O + H]+	C33H40N3O6S+	0.780	0.000	158.083	158.083	0.000	51	0.961	-0.220	0.516	-29708.660		606.263	410	6.828	839113322048738380	839111775336181014	839111775336181013	1673	
1	C21H36N6O7	[M - H2O + H]+	C21H35N6O6+	1.000	0.333	112.246	108.777	3.469	44	0.921	-0.045	0.545	-38543.776		467.262	410	6.828	839112721218876611	839111775369735450	839111775369735449	1674	
1	C8H16N2O6	[M - H2O + H]+	C8H15N2O5+	1.000	0.333	95.287	92.078	3.208	19	0.968	0.201	1.797	-82202.062		219.098	410	6.833	839112573319327460	839111775453621538	839111775453621537	1676	
1	C20H32N4O5	[M - H2O + H]+	C20H31N4O4+	1.000	0.333	94.834	91.899	2.936	37	0.916	0.578	0.723	-46034.319		391.234	410	6.837	839112753741510269	839111775491370278	839111775491370277	1677	
1	C9H17N3O5	[M - H2O + H]+	C9H16N3O4+	1.000	0.333	54.754	54.754	0.000	9	0.833	0.998	0.998	-78267.336		230.114	410	6.838	839112565257875041	839111775633976630	839111775633976629	1681	
1	C14H28N4O7	[M - H2O + H]+	C14H27N4O6+	1.000	0.333	122.740	117.209	5.531	36	0.935	0.021	0.694	-51873.838		347.193	410	6.841	839112848390175925	839111775529119018	839111775529119017	1678	
1	C14H26N4O6	[M + Na]+	C14H26N4NaO6+	1.000	1.000	67.668	64.181	3.487	32	0.776	-0.189	0.786	-0.800		369.174	411	6.842	839112622363324685	839111775562673454	839111775562673453	1679	
1	C16H30N4O9	[M - H2O + H]+	C16H29N4O8+	1.000	0.332	66.632	63.106	3.526	22	0.909	-0.313	0.711	-44447.822		405.198	411	6.846	839112853897297194	839111775600422194	839111775600422193	1680	
1	C24H35F3N4O4	[M - H2O + H]+	C24H34F3N4O3+	1.000	0.068	63.485	60.600	2.885	28	0.932	-1.297	2.211	-37270.744		483.257	411	6.848	839112803091691909	839111775667531066	839111775667531065	1682	
1	C11H21N3O7	[M - H2O + H]+	C11H20N3O6+	1.000	0.333	51.757	48.766	2.991	14	0.971	0.804	0.804	-62075.625		290.135	411	6.848	839112568529432205	839111775415872798	839111775415872797	1675	
1	C16H28N4O8	[M + Na]+	C16H28N4NaO8+	1.000	1.000	97.925	94.735	3.190	42	0.846	-0.650	0.756	1.441		427.181	411	6.849	839112667401761472	839111775705279806	839111775705279805	1683	
1	C8H18N2O6	[M - H2O + H]+	C8H17N2O5+	1.000	0.333	90.113	87.383	2.730	16	0.988	1.026	1.794	-81453.597		221.113	411	6.852	839112574896385795	839111775743028546	839111775743028545	1684	
1	C18H32N4O11	[M - H2O + H]+	C18H31N4O10+	1.000	0.333	144.959	140.265	4.694	42	0.947	-0.001	0.792	-38881.296		463.204	411	6.852	839112774163576703	839111775814331722	839111775814331721	1686	
1	C18H30N4O10	[M + Na]+	C18H30N4NaO10+	1.000	1.000	64.882	61.434	3.448	37	0.865	-0.741	1.122	1.352		485.186	411	6.852	839113497022521075	839111775852080462	839111775852080461	1687	
1	C12H23N3O8	[M - H2O + H]+	C12H22N3O7+	1.000	0.333	92.603	92.603	0.000	28	0.829	1.136	1.142	-56256.366		320.146	411	6.854	839112783785310242	839111775919189334	839111775919189333	1689	
1	C9H20N4O5	[M - H2O + H]+	C9H19N4O4+	1.000	0.333	105.317	105.317	0.000	34	0.965	1.840	2.438	-72874.640		247.140	411	6.855	839112579426234204	839111775952743770	839111775952743769	1690	
1	C8H16N2O6	[M - H2O + H]+	C8H15N2O5+	1.000	0.333	55.040	55.040	0.000	7	0.789	0.956	0.956	-82202.309		219.098	411	6.856	839113498947706657	839111775264877838	839111775264877837	1671	
1	C18H31N5O8	[M - H2O + H]+	C18H30N5O7+	1.000	0.333	83.487	79.836	3.650	30	0.900	-0.663	1.153	-42058.648		428.214	411	6.856	839112587991003029	839111775780777286	839111775780777285	1685	
1	C15H23N3O6	[M + H3N + H]+	C15H27N4O6+	0.624	0.333	46.640	46.640	0.000	26	0.745	1.465	1.465	1.682		359.193	411	6.856	839112602864005238	839111775885634898	839111775885634897	1688	
1	C14H26N4O7	[M - H2O + H]+	C14H25N4O6+	1.000	0.333	140.459	138.152	2.307	40	0.933	-0.262	0.911	-52176.235		345.177	412	6.865	839112601966424164	839111775990492510	839111775990492509	1691	
1	C7H12N2O3	[M + H3N + H]+	C7H16N3O3+	0.999	0.333	80.676	80.676	0.000	11	0.178	0.442	2.093	0.380		190.119	412	6.869	839112603052748941	839111776019852642	839111776019852641	1692	
1	C10H19N3O5	[M - H2O + H]+	C10H18N3O4+	1.000	0.333	92.909	92.909	0.000	16	0.644	0.436	0.508	-73773.994		244.129	412	6.870	839112582639071086	839111776053407078	839111776053407077	1693	
1	C4H10N2O4	[M - H2O + H]+	C4H9N2O3+	1.000	0.333	81.099	78.710	2.389	8	0.991	6.113	6.113	-135354.472		133.061	412	6.871	839112590448865266	839111775193574662	839111775193574661	1669	
1	C12H20N2O6S	[M + H3N + H]+	C12H24N3O6S+	1.000	0.333	126.905	126.905	0.000	26	0.620	1.136	1.255	0.672		338.138	412	6.874	839112626532462970	839111776086961514	839111776086961513	1694	
1	C28H47N9O13	[M - H2O + H]+	C28H46N9O12+	1.000	0.318	148.644	148.644	0.000	50	0.951	-0.533	0.934	-25715.971		700.327	413	6.883	839112921324929360	839111776120515950	839111776120515949	1695	
1	C28H45N9O12	[M + Na]+	C28H45N9NaO12+	1.000	1.000	63.597	63.597	0.000	41	0.827	-1.733	2.186	2.023		722.309	413	6.885	839113859368450258	839111776158264690	839111776158264689	1696	
1	C18H33N5O8	[M - H2O + H]+	C18H32N5O7+	1.000	0.333	122.887	119.278	3.610	40	0.949	0.390	1.042	-41860.487		430.231	413	6.885	839112605971984531	839111776191819126	839111776191819125	1697	
1	C20H27N5O8	[M - H2O + H]+	C20H26N5O7+	1.000	0.000	106.985	103.658	3.327	47	0.945	-0.666	1.289	-40184.478		448.183	413	6.891	839113010692965992	839111776229567866	839111776229567865	1698	
1	C12H17N3O5	[M + H3N + H]+	C12H21N4O5+	0.918	0.333	137.015	137.015	0.000	26	0.668	0.867	1.343	0.660		301.151	414	6.904	839112595125514276	839111776263122302	839111776263122301	1699	
1	C29H50N8O11	[M - H2O + H]+	C29H49N8O10+	1.000	0.330	90.080	90.080	0.000	43	0.925	-0.644	0.899	-26905.876		669.358	414	6.906	839112854757129613	839111776300871042	839111776300871041	1700	
1	C27H35N5O8	[M - H2O + H]+	C27H34N5O7+	1.000	0.000	106.264	106.264	0.000	42	0.756	-0.320	0.847	-33340.270		540.244	414	6.907	839112664746767010	839111776338619782	839111776338619781	1701	
1	C8H8N2O2	[M + H3N + H]+	C8H12N3O2+	0.627	0.333	95.567	95.567	0.000	15	0.197	0.060	2.595	1.027		182.093	414	6.908	839112665627570867	839111776405728654	839111776405728653	1704	
1	C28H53N7O8	[M - H2O + H]+	C28H52N7O7+	1.000	0.333	83.633	80.133	3.501	36	0.896	-0.255	1.116	-30096.972		598.393	415	6.920	839112607892975786	839111776443477394	839111776443477393	1705	
1	C16H28N6O8	[M - H2O + H]+	C16H27N6O7+	1.000	0.333	96.422	95.697	0.726	43	0.892	-0.834	1.373	-43377.520		415.194	415	6.923	839112625316114788	839111776481226134	839111776481226133	1706	
1	C16H24N6O7	[M - H2O + H]+	C16H23N6O6+	1.000	0.333	82.796	77.041	5.756	26	0.898	-0.922	1.285	-45576.444		395.168	416	6.926	839112748255360489	839111776514780570	839111776514780569	1707	
1	C19H33N5O11	[M - H2O + H]+	C19H32N5O10+	1.000	0.326	144.632	140.970	3.662	47	0.935	-0.951	1.349	-36738.888		490.215	416	6.938	839113115353434708	839111776552529310	839111776552529309	1708	
1	C17H36N4O5	[M - H2O + H]+	C17H35N4O4+	1.000	0.333	146.139	143.070	3.069	47	0.945	-0.377	0.972	-50129.707		359.266	417	6.949	839113752707297971	839111776628026790	839111776628026789	1710	
1	C6H14N2O5	[M - H2O + H]+	C6H13N2O4+	1.000	0.333	61.395	61.395	0.000	7	0.851	0.093	0.687	-101704.394		177.087	417	6.950	839112626977059218	839111776657386922	839111776657386921	1711	
1	C17H29N5O7	[M + Na]+	C17H29N5NaO7+	1.000	1.000	72.132	68.617	3.515	27	0.794	-0.936	0.936	0.892		438.196	417	6.952	839112774780139412	839111776695135662	839111776695135661	1712	
1	C9H16N4O5S	[M - H2O + H]+	C9H15N4O4S+	1.000	0.333	62.102	62.102	0.000	13	0.264	0.233	1.142	-65472.676		275.081	417	6.955	839113755815277273	839111776795798970	839111776795798969	1715	
1	C13H23N3O8	[M - H2O + H]+	C13H22N3O7+	1.000	0.333	72.922	69.730	3.192	22	0.955	-0.898	1.468	-54223.561		332.146	417	6.956	839112689467994991	839111776728690098	839111776728690097	1713	
1	C13H23BN4O6S	[M - H2O + H]+	C13H22BN4O5S+	0.381	0.236	20.151	20.151	0.000	10	0.274	1.212	1.212	-50571.031		356.144	417	6.957	839112675094115072	839111776766438838	839111776762244533	1714	
1	C22H38N6O11	[M - H2O + H]+	C22H37N6O10+	1.000	0.333	56.702	54.592	2.110	24	0.851	0.221	1.366	-33029.914		545.257	417	6.957	839113145741167523	839111776837742014	839111776837742013	1716	
1	C17H31N5O8	[M - H2O + H]+	C17H30N5O7+	1.000	0.333	88.524	82.276	6.247	32	0.930	0.077	0.901	-43271.679		416.214	418	6.961	839112630693212622	839111776909045190	839111776909045189	1718	
1	C13H25N3O8	[M - H2O + H]+	C13H24N3O7+	1.000	0.333	89.580	86.309	3.271	26	0.913	0.371	0.914	-53897.370		334.161	418	6.961	839112642961551886	839111776946793930	839111776946793929	1719	
1	C9H18N2O5	[M - H2O + H]+	C9H17N2O4+	1.000	0.333	48.685	48.685	0.000	14	0.974	1.715	1.715	-82951.697		217.119	418	6.961	839112667611476695	839111776875490754	839111776871296449	1717	
1	C7H17N5O4	[M - H2O + H]+	C7H16N5O3+	1.000	0.333	79.694	79.694	0.000	25	0.963	1.177	1.379	-82568.503		218.125	418	6.965	839113758046647042	839111776980348366	839111776980348365	1720	
1	C31H45N9O8	[M + Na]+	C31H45N9NaO8+	1.000	1.000	46.676	46.676	0.000	28	0.767	-3.908	3.908	-3.017		694.326	418	6.965	839113265958310199	839111777013902802	839111777013902801	1721	
1	C25H32N4O7	[M + Na]+	C25H32N4NaO7+	0.657	0.986	190.410	187.602	2.808	52	0.961	-0.956	1.655	-1.682		523.215	418	6.967	839112971413308677	839111777051651542	839111777051651541	1722	
1	C36H55N7O13	[M - H2O + H]+	C36H54N7O12+	0.712	0.239	80.109	80.109	0.000	36	0.896	0.028	0.744	-23201.939		776.380	418	6.967	839112802932308333	839111777085205978	839111777085205977	1723	
1	C31H49N5O12	[M + Na]+	C31H49N5NaO12+	0.723	1.000	161.184	161.184	0.000	53	0.967	-0.820	0.886	-0.910		706.326	418	6.972	839113199168212589	839111777127149022	839111777127149021	1724	
1	C14H24N4O7	[M + Na]+	C14H24N4NaO7+	1.000	1.000	45.272	41.960	3.312	17	0.768	-0.846	0.846	0.783		383.154	418	6.973	839112761060570816	839111777160703458	839111777160703457	1725	
1	C14H26N4O8	[M - H2O + H]+	C14H25N4O7+	1.000	0.333	166.996	161.895	5.101	49	0.962	-0.167	0.755	-49865.973		361.172	418	6.973	839112815720741414	839111777198452198	839111777198452197	1726	
1	C37H50N6O8S	[M - H2O + H]+	C37H49N6O7S+	0.894	0.310	119.523	119.523	0.000	46	0.968	-0.715	1.028	-24968.970		721.337	418	6.973	839112837401099202	839111777236200938	839111777236200937	1727	
1	C14H19FN4O3S	[M + Na]+	C14H19FN4NaO3S+	0.774	0.713	15.932	15.932	0.000	12	0.148	0.296	0.911	0.916		365.106	418	6.974	839112655863231093	839111776372174218	839111776372174217	1702	
1	C13H24N4O7	[M - H2O + H]+	C13H23N4O6+	1.000	0.333	142.798	142.798	0.000	47	0.948	0.066	0.684	-54384.823		331.162	419	6.976	839112649840210491	839111777269755374	839111777269755373	1728	
1	C11H20N4O7	[M + Na]+	C11H20N4NaO7+	0.999	0.997	66.438	66.438	0.000	17	0.335	0.783	0.991	3.906		343.124	419	6.986	839112824541362827	839111777370418682	839111777370418681	1731	
1	C20H23F3N2O2	[M + H3N + H]+	C20H27F3N3O2+	0.980	0.333	92.684	92.684	0.000	24	0.590	-1.478	1.478	-3.310		398.204	420	6.992	839112857500204543	839111777303309810	839111777303309809	1729	
1	C16H28N4O8	[M - H2O + H]+	C16H27N4O7+	1.000	0.333	108.975	106.454	2.521	43	0.939	-0.300	0.798	-46515.792		387.188	420	6.996	839112837136858030	839111777408167422	839111777408167421	1732	
1	C21H32N2O8	[M + Na]+	C21H32N2NaO8+	0.999	1.000	117.010	117.010	0.000	32	0.601	-3.103	3.255	-2.152		463.204	420	6.999	839113813143024993	839111777479470598	839111777479470597	1734	
1	C10H21N3O7	[M - H2O + H]+	C10H20N3O6+	0.971	0.333	147.128	147.128	0.000	26	0.641	0.692	0.763	-64753.982		278.135	420	7.003	839112655708041828	839111777445916162	839111777445916161	1733	
1	C40H61N7O14	[M + Na]+	C40H61N7NaO14+	1.000	1.000	121.054	114.140	6.913	46	0.927	-0.107	0.509	-0.576		886.416	420	7.008	839112832854473445	839111777517219338	839111777517219337	1735	
1	C50H54N2O13	[M + H3N + H]+	C50H58N3O13+	0.936	0.332	68.631	68.631	0.000	38	0.718	-1.760	2.002	2.141		908.398	421	7.012	839114020744297347	839111777554968078	839111777554968077	1736	
1	C36H50N6O7S	[M + K]+	C36H50KN6O7S+	0.997	1.000	92.211	92.211	0.000	43	0.881	-1.101	1.372	2.700		749.311	421	7.017	839112810100373963	839111777592716818	839111777592716817	1737	
1	C23H42N6O7S2	[M - H2O + H]+	C23H41N6O6S2+	0.548	0.000	97.947	97.947	0.000	43	0.933	-1.018	1.736	-32090.954		561.252	421	7.021	839113292604724052	839111777626271254	839111777626271253	1738	
1	C11H22N6O5S2	[M - H2O + H]+	C11H21N6O4S2+	0.423	0.152	25.544	25.544	0.000	10	0.123	0.867	1.008	-49330.364		365.106	422	7.028	839112833223572226	839111777336864246	839111777336864245	1730	
1	C16H25N3O9	[M + H3N + H]+	C16H29N4O9+	0.989	0.333	154.249	154.249	0.000	30	0.439	1.108	1.141	0.451		421.193	422	7.029	839112795659385049	839111777664019994	839111777659825689	1740	
1	C8H16N2O4S	[M + Na]+	C8H16N2NaO4S+	0.980	1.000	29.997	29.997	0.000	10	0.149	0.261	0.522	0.082		259.072	422	7.031	839112836000201547	839111777693380126	839111777693380125	1741	
1	C7H14N2O4	[M - H2O + H]+	C7H13N2O3+	1.000	0.333	68.351	68.351	0.000	15	0.990	3.097	3.097	-104050.970		173.092	422	7.035	839112834410560317	839111777835986478	839111777831792173	1745	
1	C13H24N4O6	[M - H2O + H]+	C13H23N4O5+	1.000	0.333	106.704	104.069	2.634	36	0.916	0.289	1.151	-57145.510		315.167	422	7.036	839112696128549863	839111777798237738	839111777798237737	1744	
1	C20H34N6O7	[M - H2O + H]+	C20H33N6O6+	1.000	0.333	109.316	106.664	2.652	45	0.924	-0.298	1.014	-39735.613		453.246	422	7.037	839112692953461664	839111777869540914	839111777869540913	1746	
1	C14H20N4O4	[M + H3N + H]+	C14H24N5O4+	0.751	0.333	129.475	129.475	0.000	26	0.476	0.822	1.041	0.749		326.183	422	7.038	839112707042128951	839111777726934562	839111777726934561	1742	
1	C7H17N3O4	[M - H2O + H]+	C7H16N3O3+	1.000	0.333	117.420	117.420	0.000	19	0.478	1.157	1.157	-94732.398		190.119	422	7.038	839112761232537305	839111777760488998	839111777760488997	1743	
1	C26H46N6O15	[M - H2O + H]+	C26H45N6O14+	1.000	0.333	178.525	175.183	3.341	56	0.993	-1.538	1.771	-27069.703		665.300	423	7.047	839113065269250221	839111777907289654	839111777903095349	1747	
1	C15H23N3O6	[M + H3N + H]+	C15H27N4O6+	1.000	0.333	145.502	145.502	0.000	29	0.574	0.970	1.164	1.723		359.193	423	7.047	839112740370068831	839111777940844090	839111777940844089	1748	
1	C13H18N4O7	[M + Na]+	C13H18N4NaO7+	0.999	0.995	42.843	39.689	3.154	15	0.528	-0.551	2.205	-3.012		365.106	423	7.048	839112776231368615	839111778117004874	839111778117004873	1752	
1	C13H18N4O7	[M + H3N + H]+	C13H22N5O7+	0.994	0.333	149.678	149.678	0.000	42	0.824	0.571	1.005	-1.595		360.151	423	7.049	839112711752332368	839111778154753614	839111778154753613	1753	
1	C8H18N2O5S	[M - H2O + H]+	C8H17N2O4S+	1.000	0.333	84.550	79.948	4.602	20	0.990	0.293	1.067	-75964.685		237.090	423	7.050	839112722997261528	839111777974398526	839111777974398525	1749	
1	C7H14N2O6	[M - H2O + H]+	C7H13N2O5+	0.896	0.333	96.240	96.240	0.000	15	0.173	0.664	0.940	-87819.991		205.082	423	7.054	839113294777373582	839111778045701702	839111778045701701	1751	
1	C22H37N7O7	[M - H2O + H]+	C22H36N7O6+	1.000	0.333	135.957	132.450	3.507	51	0.964	-0.307	0.874	-36437.128		494.273	423	7.056	839113338855314820	839111778012147266	839111778012147265	1750	
1	C15H28N4O8	[M - H2O + H]+	C15H27N4O7+	1.000	0.333	133.686	131.034	2.652	39	0.911	-0.593	1.015	-48002.687		375.188	424	7.069	839112736393868619	839111778226056790	839111778226056789	1755	
1	C15H21NO8	[M + H3N + H]+	C15H25N2O8+	1.000	0.333	104.927	104.927	0.000	34	0.648	-1.094	1.874	-0.255		361.160	424	7.070	839112771785406267	839111778259611226	839111778259611225	1756	
1	C6H12N2O4	[M - H2O + H]+	C6H11N2O3+	1.000	0.333	122.317	119.565	2.752	22	0.996	5.748	5.748	-113218.797		159.077	424	7.070	839113066955360450	839111778293165662	839111778293165661	1757	
1	C19H32N6O12	[M - H2O + H]+	C19H31N6O11+	0.838	0.333	81.095	77.420	3.674	24	0.923	1.337	1.725	-34688.791		519.205	424	7.070	839112756547499672	839111778364468838	839111778364468837	1759	
1	C17H36N6O5	[M - H2O + H]+	C17H35N6O4+	1.000	0.333	97.318	94.532	2.786	42	0.923	0.044	0.789	-46505.606		387.272	424	7.070	839112845043121263	839111778188308050	839111778188308049	1754	
1	C6H14N2O5	[M - H2O + H]+	C6H13N2O4+	1.000	0.333	110.476	107.617	2.859	19	0.996	5.290	5.290	-101704.083		177.087	424	7.070	839112772687181654	839111778326720098	839111778326720097	1758	
1	C12H17N3O6	[M + H3N + H]+	C12H21N4O6+	0.804	0.330	116.362	116.362	0.000	22	0.566	0.213	0.621	0.360		317.146	424	7.071	839112727845877045	839111778398023274	839111778398023273	1760	
1	C22H37N5O12	[M - H2O + H]+	C22H36N5O11+	1.000	0.333	81.100	74.512	6.588	30	0.932	-0.803	1.318	-32970.915		546.241	425	7.079	839112768526432016	839111778435772014	839111778435772013	1761	
1	C14H27N5O7	[M - H2O + H]+	C14H26N5O6+	1.000	0.333	170.045	166.696	3.349	50	0.975	-0.087	0.993	-50003.500		360.188	425	7.084	839112786570328134	839111778549018230	839111778549018229	1763	
1	C22H35N5O11	[M + Na]+	C22H35N5NaO11+	1.000	1.000	71.428	68.213	3.215	43	0.869	-0.654	0.974	1.060		568.223	425	7.085	839113386364196731	839111778582572666	839111778582572665	1764	
1	C19H32N12O6	[M + Na]+	C19H32N12NaO6+	1.000	1.000	73.400	73.400	0.000	32	0.283	3.185	3.262	-2.956		547.244	425	7.085	839112939897307813	839111778511269490	839111778511269489	1762	
1	C25H48N6O10	[M - H2O + H]+	C25H47N6O9+	1.000	0.333	80.505	80.505	0.000	32	0.911	0.560	1.199	-31302.753		575.341	426	7.098	839112745516479938	839111778620321406	839111778620321405	1765	
1	C17H30N4O9	[M + H]+	C17H31N4O9+	1.000	0.333	138.514	135.242	3.271	40	0.943	-0.435	1.443	1.023		435.209	426	7.099	839112813803944440	839111778653875842	839111778653875841	1766	
1	C19H37N5O6	[M - H2O + H]+	C19H36N5O5+	1.000	0.333	85.523	82.331	3.192	34	0.881	-0.353	0.865	-43474.746		414.271	426	7.102	839112850743180524	839111778691624582	839111778691624581	1767	
1	C12H22N2O7	[M - H2O + H]+	C12H21N2O6+	0.981	0.333	135.687	135.687	0.000	51	0.953	-0.341	0.869	-62290.108		289.139	426	7.105	839112752688739921	839111778729373322	839111778729373321	1768	
1	C9H16N2O6	[M + H]+	C9H17N2O6+	1.000	0.333	119.932	116.685	3.248	23	0.963	0.271	0.779	0.431		249.108	427	7.111	839113301639254986	839111778762927758	839111778762927757	1769	
1	C17H34N4O5	[M - H2O + H]+	C17H33N4O4+	1.000	0.333	91.821	88.896	2.925	30	0.923	0.146	0.930	-50413.897		357.250	427	7.116	839112757004678831	839111778804870802	839111778804870801	1770	
1	C14H25N3O9	[M - H2O + H]+	C14H24N3O8+	1.000	0.333	121.233	121.233	0.000	38	0.884	0.040	1.308	-49731.571		362.156	428	7.129	839112770820716327	839111778842619542	839111778842619541	1772	
1	C11H22N2O8	[M - H2O + H]+	C11H21N2O7+	1.000	0.333	130.997	130.997	0.000	46	0.928	1.682	2.538	-61441.290		293.134	428	7.140	839112778106222554	839111778909728414	839111778909728413	1774	
1	C27H44N6O15	[M - H2O + H]+	C27H43N6O14+	1.000	0.000	54.785	51.238	3.547	31	0.899	0.149	1.682	-26670.059		675.284	429	7.143	839112981706130835	839111778947477154	839111778947477153	1775	
1	C9H16N2O6	[M - H2O + H]+	C9H15N2O5+	1.000	0.333	124.797	121.550	3.247	26	0.958	0.628	0.845	-77934.659		231.098	429	7.143	839112761584858846	839111778876173978	839111778876173977	1773	
1	C34H39N7O9	[M - H2O + H]+	C34H38N7O8+	1.000	0.333	77.974	73.828	4.146	38	0.744	-0.855	2.310	-26790.256		672.278	429	7.146	839112854522248576	839111778985225894	839111778985225893	1776	
1	C24H40N8O8	[M - H2O + H]+	C24H39N8O7+	1.000	0.000	81.661	78.103	3.558	45	0.947	-0.503	0.890	-32669.251		551.294	429	7.148	839113168692399388	839111779018780330	839111779018780329	1777	
1	C25H43N7O11	[M - H2O + H]+	C25H42N7O10+	1.000	0.331	105.417	99.115	6.302	48	0.926	-0.286	0.611	-30001.874		600.299	429	7.148	839112822238689893	839111779060723374	839111779060723373	1778	
1	C17H29N5O7	[M - H2O + H]+	C17H28N5O6+	1.000	0.333	112.878	109.544	3.333	43	0.899	-0.562	1.110	-45228.903		398.204	429	7.156	839112791804819596	839111779094277810	839111779094277809	1779	
1	C29H45N5O5	[M - H2O + H]+	C29H44N5O4+	0.723	0.331	53.007	53.007	0.000	22	0.238	0.614	1.349	-34213.776		526.341	430	7.166	839112836121836385	839111779366907598	839111779366907597	1786	
1	C25H44N6O6	[M + Na]+	C25H44N6NaO6+	1.000	1.000	61.471	57.639	3.832	38	0.818	-0.676	1.287	0.395		547.322	430	7.166	839112837040389011	839111779136220854	839111779136220853	1780	
1	C10H24N4O5	[M - H2O + H]+	C10H23N4O4+	0.901	0.333	90.223	90.223	0.000	31	0.793	0.268	1.499	-68428.119		263.173	430	7.168	839112766609635060	839111779220106942	839111779220106941	1782	
1	C26H48N4O8	[M - H2O + H]+	C26H47N4O7+	0.895	0.333	66.313	66.313	0.000	35	0.714	0.104	1.516	-34152.662		527.344	430	7.169	839112800885487920	839111779257855682	839111779257855681	1783	
1	C25H46N6O7	[M - H2O + H]+	C25H45N6O6+	1.000	0.333	83.640	77.022	6.617	23	0.881	-0.524	1.141	-34281.973		525.340	430	7.170	839112842245520406	839111779295604422	839111779295604421	1784	
1	C17H36N4O5	[M - H2O + H]+	C17H35N4O4+	1.000	0.333	82.083	78.998	3.085	25	0.897	-0.484	0.843	-50131.431		359.265	430	7.170	839112792954058913	839111779333353162	839111779333353161	1785	
1	C9H18N2O3	[M - H2O + H]+	C9H17N2O2+	0.999	0.333	56.962	53.837	3.125	8	0.972	5.788	5.788	-97286.641		185.128	430	7.171	839112793604176050	839111779408850642	839111779408850641	1787	
1	C16H32N4O7	[M - H2O + H]+	C16H31N4O6+	1.000	0.333	103.770	100.214	3.555	34	0.901	-0.276	0.745	-47999.500		375.224	430	7.172	839112848234986657	839111779442405078	839111779442405077	1788	
1	C16H30N4O5	[M - H2O + H]+	C16H29N4O4+	1.000	0.333	77.918	71.962	5.955	23	0.887	-0.248	0.972	-52782.992		341.218	430	7.172	839112840622324713	839111779480153818	839111779480153817	1789	
1	C8H18N2O2	[M - H2O + H]+	C8H17N2O+	1.000	0.333	24.035	24.035	0.000	4	0.330	5.273	5.273	-114619.017		157.134	430	7.172	839112766706104076	839111779509513950	839111779509513949	1790	
1	C8H17N3O6	[M - H2O + H]+	C8H16N3O5+	1.000	0.333	174.443	174.443	0.000	26	0.319	0.351	0.475	-76932.787		234.108	431	7.177	839112854325116272	839111779543068386	839111779543068385	1791	
1	C11H23N3O4	[M - H2O + H]+	C11H22N3O3+	1.000	0.333	73.827	73.827	0.000	12	0.288	0.215	0.222	-73763.750		244.166	431	7.180	839112823375346303	839111779576622822	839111779576622821	1792	
1	C39H42N4O9	[M - H2O + H]+	C39H41N4O8+	1.000	0.330	168.423	168.423	0.000	54	0.975	-0.445	0.984	-25975.000		693.294	431	7.180	839113871418685779	839111779610177258	839111779610177257	1793	
1	C19H34N6O10	[M - H2O + H]+	C19H33N6O9+	1.000	0.333	145.842	139.738	6.104	50	0.971	-0.569	0.898	-36813.471		489.231	431	7.184	839112795063793858	839111779173969594	839111779173969593	1781	
1	C11H20N2O6	[M - H2O + H]+	C11H19N2O5+	0.994	0.333	50.047	50.047	0.000	7	0.269	0.249	0.380	-69504.048		259.129	432	7.196	839112802265413980	839111779689869042	839111779689869041	1795	
1	C18H33N5O10	[M - H2O + H]+	C18H32N5O9+	1.000	0.333	139.733	136.722	3.011	38	0.933	-0.504	1.051	-38965.631		462.219	432	7.201	839112843294096447	839111779727617782	839111779727617781	1796	
1	C22H41N5O6	[M - H2O + H]+	C22H40N5O5+	1.000	0.333	71.735	65.353	6.382	25	0.870	-0.427	1.055	-39644.157		454.303	432	7.206	839112798125635844	839111779765366522	839111779765366521	1798	
1	C23H44N4O4S	[M - H2O + H]+	C23H43N4O3S+	0.912	0.333	49.821	49.821	0.000	23	0.739	1.005	1.169	-39555.834		455.306	433	7.210	839112808108079519	839111779647925998	839111779647925997	1794	
1	C19H37N5O6S	[M - H2O + H]+	C19H36N5O5S+	1.000	0.333	105.757	105.757	0.000	41	0.907	-0.061	1.239	-40359.836		446.243	433	7.212	839112830790875833	839111779807309566	839111779803115261	1799	
1	C9H20N2O6S	[M - H2O + H]+	C9H19N2O5S+	1.000	0.333	104.886	104.886	0.000	21	0.256	0.285	0.587	-67429.528		267.101	433	7.215	839112797823645933	839111779836669698	839111779836669697	1800	
1	C34H40N4O9	[M - H2O + H]+	C34H39N4O8+	0.999	0.288	73.554	69.653	3.901	34	0.884	-1.153	1.507	-28531.054		631.276	434	7.227	839113854704384132	839111779874418438	839111779874418437	1801	
1	C6H13N3O3	[M + Na]+	C6H13N3NaO3+	0.999	0.988	6.263	6.263	0.000	1	0.341	-0.268	0.268	-0.111		198.085	434	7.232	839112855113645490	839111779907972874	839111779907972873	1802	
1	C6H15N3O4	[M - H2O + H]+	C6H14N3O3+	1.000	0.333	89.674	86.675	2.999	18	0.979	1.141	1.141	-102273.281		176.103	434	7.233	839112855486938592	839111779945721614	839111779941527309	1803	
1	C6H12N2O4	[M - H2O + H]+	C6H11N2O3+	1.000	0.333	78.838	76.024	2.814	14	0.990	3.101	3.101	-113219.846		159.076	434	7.233	839112851649150209	839111779979276050	839111779979276049	1804	
1	C15H24N2O5S	[M + H3N + H]+	C15H28N3O5S+	0.812	0.333	47.153	47.153	0.000	13	0.208	-0.094	0.545	2.034		362.175	434	7.239	839112834284731172	839111780193185578	839111780188991273	1811	
1	C14H26N4O8	[M - H2O + H]+	C14H25N4O7+	1.000	0.333	104.776	98.937	5.839	32	0.927	-1.263	1.521	-49867.456		361.172	435	7.242	839112849270979803	839111780054773530	839111780054773529	1806	
1	C14H24N4O7	[M + Na]+	C14H24N4NaO7+	1.000	1.000	51.391	48.168	3.223	27	0.843	-1.241	1.726	-0.208		383.154	435	7.242	839112856309022185	839111780012830486	839111780012830485	1805	
1	C17H30N6O6	[M - H2O + H]+	C17H29N6O5+	1.000	0.333	97.146	91.120	6.026	34	0.913	-0.903	1.197	-45341.669		397.219	435	7.243	839113772969980790	839111780126076706	839111780126076705	1808	
1	C15H27N5O5	[M - H2O + H]+	C15H26N5O4+	1.000	0.333	116.354	114.451	1.903	37	0.949	-0.806	1.285	-52941.370		340.198	435	7.245	839113790460228632	839111780159631142	839111780159631141	1810	
1	C37H58N12O10	[M - H2O + H]+	C37H57N12O9+	1.000	0.333	82.246	82.246	0.000	40	0.925	-0.158	1.818	-22142.542		813.436	435	7.246	839112896486260776	839111780226740014	839111780226740013	1812	
1	C17H28N6O5	[M + Na]+	C17H28N6NaO5+	0.822	0.998	43.479	40.047	3.433	17	0.863	0.527	2.191	-0.402		419.201	435	7.247	839112906279960746	839111780264488754	839111780260294449	1813	
1	C19H33N5O11	[M - H2O + H]+	C19H32N5O10+	1.000	0.329	130.470	126.682	3.788	48	0.952	-0.980	1.690	-36739.798		490.215	435	7.248	839112887984406484	839111780302237494	839111780302237493	1814	
1	C17H33N5O5Si	[M - H2O + H]+	C17H32N5O4Si+	0.777	0.333	38.256	38.256	0.000	18	0.261	-0.740	0.788	-45227.174		398.222	435	7.250	839112845609352326	839111780088327966	839111780088327965	1807	
1	C28H51N7O8	[M - H2O + H]+	C28H50N7O7+	1.000	0.333	100.291	96.888	3.404	39	0.933	-0.454	1.060	-30199.230		596.377	436	7.260	839112820162509390	839111780339986234	839111780339986233	1816	
1	C22H37N7O9	[M - H2O + H]+	C22H36N7O8+	0.868	0.000	84.995	78.860	6.135	39	0.777	-0.760	1.205	-34222.623		526.262	436	7.272	839112871773421290	839111780377734974	839111780377734973	1818	
1	C31H36N4O5	[M - H2O + H]+	C31H35N4O4+	0.797	0.278	79.390	79.390	0.000	35	0.739	-0.794	1.575	-34160.062		527.264	436	7.273	839112939213636220	839111780411289410	839111780411289409	1819	
1	C29H38N4O6	[M - H2O + H]+	C29H37N4O5+	0.829	0.000	65.631	65.631	0.000	28	0.819	-0.667	1.322	-34546.298		521.278	436	7.273	839112964765336711	839111780444843846	839111780444843845	1820	
1	C22H33N10O8	[M - H2O + H]+	C22H32N10O7+	0.986	0.118	76.198	73.812	2.387	41	0.883	-0.363	2.508	-32853.407		548.244	436	7.274	839113016527242928	839111780478398282	839111780478398281	1821	
1	C8H16N2O7	[M - H2O + H]+	C8H15N2O6+	1.000	0.333	64.216	61.026	3.191	14	0.978	4.988	4.988	-76610.890		235.092	437	7.280	839113018276267716	839111780511952718	839111780511952717	1822	
1	C12H22N4O4	[M - H2O + H]+	C12H21N4O3+	1.000	0.333	58.359	52.708	5.651	13	1.000	-0.341	1.170	-66913.876		269.161	437	7.284	839112831944309456	839111780545507154	839111780545507153	1823	
1	C13H25N3O8S	[M - H2O + H]+	C13H24N3O7S+	1.000	0.265	119.005	115.828	3.177	47	0.959	-0.721	1.947	-49191.346		366.133	437	7.288	839112887246208961	839111780579061590	839111780579061589	1824	
1	C19H37N5O6	[M - H2O + H]+	C19H36N5O5+	1.000	0.333	122.694	119.074	3.620	49	0.960	-1.055	1.355	-43475.376		414.271	438	7.292	839113024555140888	839111780616810330	839111780616810329	1825	
1	C23H37N5O10	[M + K]+	C23H37KN5O10+	1.000	1.000	116.850	116.850	0.000	40	0.931	-1.369	1.436	0.394		582.217	438	7.299	839113050429802461	839111780683919202	839111780683919201	1827	
1	C28H47N9O13	[M - H2O + H]+	C28H46N9O12+	1.000	0.329	137.058	137.058	0.000	50	0.959	-0.641	1.336	-25717.010		700.326	438	7.305	839113372757874457	839111780717473638	839111780717473637	1828	
1	C16H27N5O7	[M - H2O + H]+	C16H26N5O6+	1.000	0.333	82.890	79.678	3.212	32	0.929	-0.586	1.754	-46880.053		384.188	439	7.316	839112875032395597	839111780751028074	839111780751028073	1829	
1	C25H38N4O9	[M + Na]+	C25H38N4NaO9+	0.775	0.998	121.679	115.732	5.947	49	0.968	-1.023	1.346	-3.010		561.251	439	7.319	839113643466648190	839111780818136946	839111780818136945	1831	
1	C15H26N4O9	[M - H2O + H]+	C15H25N4O8+	1.000	0.333	83.217	80.138	3.079	26	0.948	-0.947	2.192	-46279.714		389.167	439	7.320	839112883962068891	839111780784582510	839111780784582509	1830	
1	C8H14N2O5	[M - H2O + H]+	C8H13N2O4+	1.000	0.333	108.140	108.140	0.000	24	0.937	1.760	1.760	-89565.299		201.087	439	7.322	839112848792829126	839111780851691382	839111780851691381	1832	
1	C8H17N3O5	[M - H2O + H]+	C8H16N3O4+	1.000	0.333	92.567	89.533	3.034	19	0.955	0.010	1.221	-82573.831		218.114	439	7.322	839112942942372566	839111780885245818	839111780885245817	1833	
1	C8H15N3O4	[M + Na]+	C8H15N3NaO4+	0.780	0.972	55.359	52.311	3.048	14	0.946	-0.900	1.160	-0.028		240.095	439	7.322	839113052493400048	839111780952354690	839111780952354689	1835	
1	C20H34N6O7	[M - H2O + H]+	C20H33N6O6+	1.000	0.333	110.257	107.779	2.478	39	0.933	0.119	0.971	-39736.232		453.246	439	7.324	839112852462845201	839111780918800254	839111780918800253	1834	
1	C7H14N2O6	[M - H2O + H]+	C7H13N2O5+	1.000	0.333	113.685	113.685	0.000	22	0.988	2.989	2.989	-87821.105		205.082	440	7.330	839112839380810711	839111780646170462	839111780646170461	1826	
1	C23H8Br2NO3S2	[M + H]+	C23H9Br2NO3S2+	0.343	0.333	-5.915	-5.915	0.000	0	0.000	-1.090	1.090	-1.460		568.838	440	7.331	839113372929840938	839111781023657866	839111781023657865	1837	
1	C14H25N5O5	[M - H2O + H]+	C14H24N5O4+	0.815	0.332	59.930	59.930	0.000	14	0.613	0.209	0.378	-55216.275		326.182	440	7.331	839112858678803991	839111780985909126	839111780985909125	1836	
1	C33H48N4O5S	[M + Na]+	C33H48N4NaO5S+	1.000	1.000	74.395	74.395	0.000	37	0.640	-2.470	2.993	-2.396		635.322	440	7.332	839113628283267545	839111781204012958	839111781204012957	1842	
1	C17H34N4O5	[M - H2O + H]+	C17H33N4O4+	0.885	0.331	54.283	54.283	0.000	11	0.360	0.049	0.116	-50414.514		357.250	440	7.334	839112854081846594	839111781057212302	839111781057212301	1838	
1	C13H23N3O9	[M - H2O + H]+	C13H22N3O8+	1.000	0.328	134.456	131.081	3.375	46	0.611	-0.985	1.352	-51733.938		348.140	440	7.335	839113675578240257	839111781090766738	839111781090766737	1839	
1	C15H26N4O8	[M - H2O + H]+	C15H25N4O7+	1.000	0.333	115.634	112.399	3.235	40	0.896	-0.998	1.556	-48263.345		373.172	440	7.335	839112905185247381	839111781170458522	839111781170458521	1841	
1	C13H24N4O7	[M - H2O + H]+	C13H23N4O6+	1.000	0.333	97.692	94.688	3.004	32	0.918	-0.224	1.311	-54386.160		331.161	440	7.335	839113031790315324	839111781132709782	839111781128515477	1840	
1	C14H21FN2O2S	[M + H3N + H]+	C14H25FN3O2S+	0.999	0.333	154.932	154.932	0.000	29	0.483	0.239	1.678	0.746		318.165	441	7.347	839112925263380894	839111781275316134	839111781275316133	1844	
1	C7H16N2O6	[M - H2O + H]+	C7H15N2O5+	1.000	0.333	108.465	105.507	2.959	22	0.973	0.896	1.334	-86966.146		207.098	441	7.348	839112855122034120	839111781308870570	839111781308870569	1845	
1	C10H16N5O8P	[M - H2O + H]+	C10H15N5O7P+	1.000	0.333	97.527	94.909	2.618	40	0.930	-0.225	1.347	-51744.037		348.070	441	7.348	839113282433536586	839111781237567394	839111781237567393	1843	
1	C8H20N4O3	[M - H2O + H]+	C8H19N4O2+	1.000	0.333	66.857	64.126	2.731	19	0.894	1.436	1.436	-88655.582		203.150	441	7.349	839113052891858958	839111781342425006	839111781342425005	1846	
1	C48H87N19O14	[M - H2O + H]+	C48H86N19O13+	0.540	0.102	85.406	79.979	5.427	47	0.905	-0.662	1.001	-15842.338		1136.668	441	7.350	839113149243411433	839111781443088314	839111781443088313	1849	
1	C11H20N4O4	[M - H2O + H]+	C11H19N4O3+	1.000	0.333	69.530	66.590	2.939	13	0.985	0.056	1.538	-70589.299		255.145	442	7.359	839112854157344090	839111781409533878	839111781409533877	1848	
1	C16H29N5O6	[M - H2O + H]+	C16H28N5O5+	1.000	0.333	145.598	142.526	3.073	45	0.944	-0.645	1.103	-48649.463		370.209	442	7.362	839112855012982176	839111781480837054	839111781480837053	1850	
1	C38H44N4O6	[M - H2O + H]+	C38H43N4O5+	1.000	0.333	77.699	74.919	2.780	35	0.846	-0.811	1.067	-28348.970		635.323	442	7.362	839113399664334927	839111781942210542	839111781942210541	1862	
1	C10H14N2O6	[M - H2O + H]+	C10H13N2O5+	1.000	0.333	31.860	31.860	0.000	6	0.134	0.178	0.178	-74707.125		241.082	442	7.364	839112927553470946	839111781585694666	839111781581500361	1853	
1	C10H14N2O6	[M + H3N + H]+	C10H18N3O6+	0.999	0.333	98.881	98.881	0.000	15	0.336	0.437	0.437	0.682		276.119	442	7.365	839112861317021249	839111781766049754	839111781766049753	1857	
1	C14H16ClN3O4	[M + Na]+	C14H16ClN3NaO4+	0.976	0.999	51.607	51.607	0.000	11	0.504	-0.987	1.422	-4.868		348.070	442	7.367	839112875095310175	839111782193868810	839111782193868809	1869	
1	C7H14ClN2O2	[M + Na]+	C7H14ClN2NaO2+	0.987	0.993	63.094	63.094	0.000	13	0.878	1.277	3.607	-1.255		216.063	442	7.370	839112968590542066	839111781514391490	839111781514391489	1851	
1	C10H16N2O7	[M + H]+	C10H17N2O7+	1.000	0.333	76.418	70.716	5.702	14	0.937	-0.256	0.992	0.371		277.103	442	7.371	839112859131788846	839111781547945926	839111781547945925	1852	
1	C10H16N2O7	[M - H2O + H]+	C10H15N2O6+	1.000	0.333	102.440	99.102	3.337	13	0.960	0.052	1.022	-69513.518		259.093	442	7.371	839112863330287188	839111781652803534	839111781652803533	1854	
1	C18H31N5O11	[M - H2O + H]+	C18H30N5O10+	1.000	0.333	133.547	127.171	6.376	39	0.921	-0.600	0.903	-37820.635		476.199	443	7.376	839112871676952270	839111781690552274	839111781690552273	1855	
1	C18H29N5O10	[M + Na]+	C18H29N5NaO10+	1.000	1.000	73.409	69.625	3.784	42	0.878	-1.069	1.260	0.576		498.181	443	7.376	839113082574948686	839111781728301014	839111781728301013	1856	
1	C27H44N6O15	[M - H2O + H]+	C27H43N6O14+	0.879	0.000	75.221	66.340	8.881	37	0.933	-0.505	0.927	-26670.075		675.284	444	7.395	839112933261918806	839111781803798494	839111781799604189	1858	
1	C27H42N6O14	[M + Na]+	C27H42N6NaO14+	0.992	0.460	37.833	33.993	3.841	34	0.781	-0.503	0.683	0.788		697.266	444	7.399	839113656800340860	839111781837352930	839111781837352929	1859	
1	C17H35FN4O6	[M + H3N + H]+	C17H39FN5O6+	0.997	0.326	77.635	77.635	0.000	30	0.378	0.972	1.200	-2.063		428.287	444	7.400	839112867566534306	839111781375979442	839111781375979441	1847	
1	C15H32N6O5	[M - H2O + H]+	C15H31N6O4+	0.583	0.333	83.951	83.951	0.000	22	0.644	0.206	0.599	-50134.803		359.240	444	7.405	839112870699679418	839111781870907366	839111781870907365	1860	
1	C7H12N2O5S	[M - H2O + H]+	C7H11N2O4S+	0.988	0.333	60.862	60.862	0.000	11	0.118	0.295	0.705	-82222.882		219.044	444	7.406	839112874273226516	839111781979959282	839111781975764977	1863	
1	C14H27N5O7	[M - H2O + H]+	C14H26N5O6+	1.000	0.333	168.376	168.376	0.000	53	0.979	-0.014	1.033	-50002.975		360.188	444	7.407	839112893374087166	839111781904461802	839111781904461801	1861	
1	C16H34N4O5	[M - H2O + H]+	C16H33N4O4+	1.000	0.333	122.668	119.675	2.994	43	0.902	-0.090	0.914	-52166.124		345.250	445	7.415	839112874503913254	839111782013513718	839111782013513717	1864	
1	C12H18N2O7	[M + H3N + H]+	C12H22N3O7+	0.950	0.209	61.990	61.990	0.000	14	0.547	0.918	0.944	0.292		320.145	445	7.418	839112867277127311	839111782084816894	839111782084816893	1866	
1	C29H53N7O9	[M - H2O + H]+	C29H52N7O8+	1.000	0.000	60.411	56.861	3.550	41	0.922	-0.034	0.678	-28751.950		626.388	445	7.421	839113429158681174	839111782047068154	839111782047068153	1865	
1	C22H39N7O10	[M - H2O + H]+	C22H38N7O9+	1.000	0.319	157.693	154.095	3.598	45	0.947	-0.014	0.614	-33089.714		544.273	446	7.426	839112949149942596	839111782160314374	839111782160314373	1868	
1	C9H17N3O7	[M - H2O + H]+	C9H16N3O6+	1.000	0.333	223.287	220.261	3.025	50	0.986	-0.342	0.595	-68714.614		262.104	446	7.426	839112981123122553	839111782118371330	839111782118371329	1867	
1	C34H58N10O10	[M + Na]+	C34H58N10NaO10+	0.656	0.522	96.970	91.202	5.768	44	0.927	-0.074	0.642	3.700		789.426	447	7.443	839112904975532151	839111782235811854	839111782235811853	1870	
1	C12H22N4O4	[M - H2O + H]+	C12H21N4O3+	1.000	0.333	63.056	60.085	2.971	16	0.991	0.832	0.952	-66913.281		269.161	447	7.447	839112894691098643	839111782273560594	839111782273560593	1871	
1	C20H39N5O6	[M - H2O + H]+	C20H38N5O5+	1.000	0.333	124.394	121.950	2.445	44	0.932	0.359	0.632	-42052.063		428.287	447	7.458	839112885698510766	839111782391001118	839111782391001117	1874	
1	C19H32N6O8	[M - H2O + H]+	C19H31N6O7+	1.000	0.333	101.948	98.578	3.370	34	0.866	0.021	0.693	-39563.223		455.225	447	7.458	839112921106825529	839111782307115030	839111782307115029	1872	
1	C9H18N4O4	[M - H2O + H]+	C9H17N4O3+	1.000	0.333	89.174	86.162	3.012	21	0.958	1.467	1.467	-78603.482		229.130	448	7.460	839112864508886635	839111782353252378	839111782353252377	1873	
1	C31H55N7O16	[M - H2O + H]+	C31H54N7O15+	0.998	0.000	74.375	70.303	4.072	39	0.885	-0.326	0.851	-23564.774		764.366	449	7.475	839113105693952474	839111782428749858	839111782428749857	1875	
1	C14H25N5O5	[M - H2O + H]+	C14H24N5O4+	1.000	0.333	86.095	83.385	2.710	26	0.904	-0.058	0.590	-55215.936		326.182	449	7.481	839112912747577574	839111782474887206	839111782474887205	1876	
1	C7H15N3O5	[M - H2O + H]+	C7H14N3O4+	1.000	0.333	62.711	62.711	0.000	15	0.971	1.812	1.812	-88243.473		204.098	449	7.486	839112866169831039	839111782508441642	839111782508441641	1877	
1	C4H4Br4O2	[M - H2O + H]+	C4H3Br4O+	0.498	0.496	-0.656	-0.656	0.000	0	0.000	-9.322	9.322	-47075.121		382.687	449	7.488	839112993366296060	839111782550384686	839111782546190381	1878	
1	C14H16N6O3S	[M + H3N + H]+	C14H20N7O3S+	0.984	0.180	57.121	57.121	0.000	15	0.211	0.834	1.211	-2.444		366.133	449	7.489	839112930019721757	839111782583939122	839111782583939121	1879	
1	C7H16N2O6	[M - H2O + H]+	C7H15N2O5+	1.000	0.333	171.468	171.468	0.000	23	0.410	1.377	1.377	-86965.463		207.098	450	7.495	839112946205541112	839111782617493558	839111782617493557	1880	
1	C21H37N5O13	[M - H2O + H]+	C21H36N5O12+	1.000	0.000	101.537	98.797	2.739	48	0.955	0.075	0.792	-32730.360		550.237	450	7.495	839113105123527088	839111782651047994	839111782651047993	1881	
1	C17H26N5O7	[M + Na]+	C17H26N5NaO7+	0.910	0.777	71.273	71.273	0.000	27	0.404	0.465	0.955	0.543		435.173	450	7.495	839112984390485402	839111782688796734	839111782688796733	1882	
1	C16H29N5O4	[M + H3N + H]+	C16H33N6O4+	0.824	0.333	90.252	90.252	0.000	28	0.437	0.918	1.041	0.804		373.256	450	7.497	839113111305931289	839111782722351170	839111782718156865	1883	
1	C12H22N4O6	[M + Na]+	C12H22N4NaO6+	1.000	1.000	99.556	96.452	3.104	42	0.925	-0.009	0.520	1.480		341.144	450	7.507	839112953532990365	839111782755905606	839111782755905605	1884	
1	C27H46N6O10	[M + Na]+	C27H46N6NaO10+	1.000	1.000	83.295	80.469	2.825	32	0.948	0.134	0.839	-1.259		637.316	451	7.514	839112918204367136	839111782823014478	839111782823014477	1886	
1	C8H15N3O4	[M - H2O + H]+	C8H14N3O3+	1.000	0.333	91.015	91.015	0.000	24	0.964	2.465	2.465	-90005.328		200.103	451	7.517	839113284929147548	839111782860763218	839111782860763217	1887	
1	C12H24N4O7	[M - H2O + H]+	C12H23N4O6+	1.000	0.333	138.313	132.644	5.669	37	0.928	-0.137	0.725	-56430.273		319.161	451	7.517	839112925208854929	839111782894317654	839111782894317653	1888	
1	C12H22N4O6	[M - H2O + H]+	C12H21N4O5+	1.000	0.333	146.877	144.028	2.849	46	0.982	0.008	0.423	-59805.149		301.151	451	7.518	839112922008600956	839111782932066394	839111782932066393	1889	
1	C15H25N5O4	[M - H2O + H]+	C15H24N5O3+	1.000	0.333	71.964	69.268	2.696	27	0.884	1.012	1.546	-55901.742		322.187	451	7.523	839112872155102973	839111782969815134	839111782969815133	1890	
1	C10H14N5O8P	[M - H2O + H]+	C10H13N5O7P+	0.584	0.333	28.963	23.667	5.296	7	0.943	0.518	1.677	-52044.820		346.055	451	7.523	839112875015618359	839111783041118310	839111783036924005	1892	
1	C5H7N5O2	[M - H2O + H]+	C5H6N5O+	1.000	0.333	23.508	21.467	2.041	4	0.551	0.861	0.861	-118445.842		152.057	451	7.523	839112926597169609	839111783003369570	839111783003369569	1891	
1	C9H19N3O6	[M - H2O + H]+	C9H18N3O5+	1.000	0.333	143.652	140.520	3.132	30	0.975	0.031	0.885	-72586.521		248.124	452	7.532	839112878954069901	839111783074672746	839111783074672745	1893	
1	C14H23N3O9	[M + H]+	C14H24N3O9+	1.000	0.333	170.873	168.014	2.859	44	0.959	0.125	0.548	1.413		378.151	452	7.534	839112953193251718	839111783116615790	839111783116615789	1894	
1	C15H32N4O5	[M - H2O + H]+	C15H31N4O4+	1.000	0.333	84.583	81.346	3.237	32	0.936	-0.250	0.947	-54374.311		331.234	453	7.553	839112925829611958	839111783150170226	839111783150170225	1895	
1	C4H9NO5	[M - H2O + H]+	C4H8NO4+	1.000	0.333	40.299	40.299	0.000	5	0.718	6.896	6.896	-134361.567		134.045	453	7.554	839112946520113937	839111782789460042	839111782785265737	1885	
1	C19H33N5O11	[M - H2O + H]+	C19H32N5O10+	1.000	0.333	120.577	114.127	6.450	40	0.934	-0.927	1.133	-36739.607		490.215	454	7.560	839112956506751960	839111783192113270	839111783192113269	1896	
1	C19H31N5O10	[M + Na]+	C19H31N5NaO10+	1.000	1.000	89.549	86.340	3.209	42	0.864	-0.874	1.059	0.600		512.197	454	7.565	839113193128414749	839111783225667706	839111783225667705	1897	
1	C15H27N5O6	[M - H2O + H]+	C15H26N5O5+	1.000	0.333	138.144	134.469	3.676	44	0.956	-1.015	1.557	-50564.188		356.193	454	7.568	839112890345799659	839111783263416446	839111783263416445	1898	
1	C15H32N6O5	[M - H2O + H]+	C15H31N6O4+	1.000	0.333	95.414	92.518	2.896	40	0.923	0.010	1.249	-50135.549		359.240	454	7.570	839113198052527682	839111783296970882	839111783296970881	1899	
1	C16H32N4O5	[M - H2O + H]+	C16H31N4O4+	0.964	0.333	64.393	64.393	0.000	14	0.227	0.134	0.598	-52472.992		343.234	454	7.570	839112929784840693	839111783368274058	839111783368274057	1901	
1	C9H9N2O7P	[M + H3N + H]+	C9H13N3O7P+	0.710	0.241	30.598	27.600	2.998	3	0.926	-0.494	1.096	-0.369		306.048	454	7.575	839112897195098174	839111783401828494	839111783401828493	1902	
1	C11H25N3O4	[M - H2O + H]+	C11H24N3O3+	1.000	0.333	88.657	88.657	0.000	15	0.572	-0.615	1.703	-73160.298		246.181	455	7.579	839112984600200623	839111783468937366	839111783468937365	1904	
1	C28H51N7O9	[M - H2O + H]+	C28H50N7O8+	1.000	0.000	63.740	60.214	3.526	42	0.908	-0.482	1.343	-29410.412		612.372	455	7.581	839112936877408871	839111783334719622	839111783334719621	1900	
1	C32H48N8O15	[M - H2O + H]+	C32H47N8O14+	0.973	0.319	91.879	84.754	7.125	45	0.932	-1.465	1.744	-23471.852		767.321	455	7.583	839113743249142289	839111783439577234	839111783439577233	1903	
1	C22H41N5O8	[M - H2O + H]+	C22H40N5O7+	1.000	0.333	91.154	88.063	3.090	36	0.885	-1.889	3.391	-37036.431		486.292	455	7.591	839112956682912749	839111783510880410	839111783510880409	1905	
1	C27H51N7O8	[M - H2O + H]+	C27H50N7O7+	1.000	0.000	52.642	45.865	6.776	31	0.885	-0.176	1.016	-30819.679		584.377	456	7.592	839112941298205376	839111783586377890	839111783586377889	1907	
1	C26H54FN7O14	[M - H2O + H]+	C26H53FN7O13+	0.718	0.000	46.605	40.819	5.786	44	0.824	-0.954	1.797	-26090.152		690.367	456	7.593	839113009728276051	839111783619932326	839111783619932325	1908	
1	C34H58N10O10	[M + Na]+	C34H58N10NaO10+	0.985	0.978	100.668	100.668	0.000	46	0.813	-0.355	0.593	2.826		789.425	456	7.594	839113933368556245	839111784215523562	839111784215523561	1925	
1	C18H34N4O5	[M - H2O + H]+	C18H33N4O4+	1.000	0.333	81.122	77.703	3.418	34	0.851	-0.492	1.711	-48776.041		369.250	456	7.596	839112964262020206	839111783724789938	839111783724789937	1911	
1	C5H12N2O5	[M - H2O + H]+	C5H11N2O4+	1.000	0.333	23.517	23.517	0.000	5	0.997	-0.389	0.838	-110446.563		163.071	456	7.598	839112897832632409	839111783758344374	839111783758344373	1912	
1	C16H34N4O5	[M - H2O + H]+	C16H33N4O4+	1.000	0.333	103.739	100.517	3.222	32	0.907	-1.184	1.812	-52167.283		345.249	456	7.603	839112903192952936	839111783833841854	839111783833841853	1914	
1	C17H33N5O5Si	[M - H2O + H]+	C17H32N5O4Si+	0.923	0.333	34.929	34.929	0.000	23	0.172	-0.757	1.071	-45227.161		398.222	456	7.607	839113663997766709	839111783544434846	839111783544434845	1906	
1	C17H30N6O6	[M - H2O + H]+	C17H29N6O5+	1.000	0.333	92.856	86.674	6.182	31	0.914	-0.893	1.290	-45341.643		397.219	457	7.609	839112906493870277	839111783875784898	839111783875784897	1915	
1	C9H18N2O3	[M - H2O + H]+	C9H17N2O2+	1.000	0.262	1.935	1.935	0.000	0	0.000	-0.855	0.855	-97286.878		185.128	457	7.612	839112906581950686	839111783657681066	839111783653486761	1909	
1	C18H35N7O6	[M - H2O + H]+	C18H34N7O5+	1.000	0.333	99.849	97.219	2.629	47	0.902	-2.156	2.387	-42054.479		428.262	457	7.613	839112916648280332	839111783942893770	839111783942893769	1917	
1	C11H20N6O4	[M + Na]+	C11H20N6NaO4+	0.947	0.993	58.685	58.685	0.000	14	0.573	-0.915	1.496	2.510		323.145	457	7.613	839112921413009760	839111783905145030	839111783905145029	1916	
1	C8H14N2O6	[M + H]+	C8H15N2O6+	0.545	0.333	141.267	138.140	3.126	29	0.936	-0.817	1.961	-0.522		235.092	457	7.617	839112960516506672	839111783800287418	839111783800287417	1913	
1	C9H17N3O7	[M - H2O + H]+	C9H16N3O6+	1.000	0.333	50.589	50.589	0.000	10	0.248	-0.692	1.307	-68715.837		262.103	457	7.622	839113690711289398	839111783976448206	839111783976448205	1918	
1	C12H27N5O4	[M - H2O + H]+	C12H26N5O3+	1.000	0.333	92.157	89.371	2.786	32	0.947	-0.272	1.580	-62492.985		288.203	458	7.626	839113660940118981	839111784010002642	839111784010002641	1919	
1	C14H25N5O4	[M + H3N + H]+	C14H29N6O4+	0.574	0.333	75.390	75.390	0.000	21	0.609	0.415	0.491	0.116		345.225	460	7.663	839112929927447048	839111784039362774	839111784039362773	1920	
1	C8H18N2O6S	[M - H2O + H]+	C8H17N2O5S+	0.999	0.333	46.617	46.617	0.000	10	0.149	0.380	0.810	-71164.099		253.085	460	7.664	839112932263674424	839111784077111514	839111784072917209	1921	
1	C15H25N5O4	[M - H2O + H]+	C15H24N5O3+	1.000	0.333	80.931	78.026	2.905	36	0.934	-0.086	1.324	-55901.087		322.187	460	7.664	839112967130924253	839111784110665950	839111784110665949	1922	
1	C9H14N2O7	[M + H]+	C9H15N2O7+	1.000	0.333	106.319	103.094	3.225	26	0.931	-0.385	1.422	-0.142		263.087	460	7.665	839112963616097348	839111784144220386	839111784144220385	1923	
1	C9H14N2O7	[M - H2O + H]+	C9H13N2O6+	1.000	0.333	120.665	117.492	3.173	28	0.926	-0.186	1.483	-73489.699		245.077	460	7.666	839112939293328015	839111784181969126	839111784181969125	1924	
1	C32H48N8O7	[M + Na]+	C32H48N8NaO7+	1.000	1.000	107.066	107.066	0.000	47	0.953	-1.020	1.463	-2.070		679.352	460	7.674	839113192268582402	839111784249077998	839111784249077997	1926	
1	C11H22N4O7	[M - H2O + H]+	C11H21N4O6+	1.000	0.333	135.318	132.554	2.765	38	0.937	-0.038	1.119	-59023.005		305.146	461	7.685	839112948709540652	839111784324575478	839111784324575477	1928	
1	C8H16N2O7	[M - H2O + H]+	C8H15N2O6+	1.000	0.333	188.839	188.839	0.000	30	0.227	0.358	1.108	-76610.616		235.092	461	7.685	839113151504141312	839111784442016002	839111784442016001	1931	
1	C30H38N4O5	[M - H2O + H]+	C30H37N4O4+	0.997	0.324	58.702	57.111	1.591	22	0.728	-0.569	1.646	-34818.847		517.280	461	7.687	839112950580200303	839111784286826738	839111784286826737	1927	
1	C22H34N4O7	[M - H2O + H]+	C22H33N4O6+	1.000	0.332	74.607	74.607	0.000	32	0.623	0.337	2.539	-40091.261		449.239	462	7.693	839112980082935136	839111784358129914	839111784358129913	1929	
1	C19H37N5O6S	[M - H2O + H]+	C19H36N5O5S+	1.000	0.333	75.078	75.078	0.000	30	0.895	0.009	1.223	-40359.417		446.244	462	7.694	839113119027645071	839111784479764742	839111784479764741	1932	
1	C15H32N4O5	[M - H2O + H]+	C15H31N4O4+	1.000	0.333	113.411	110.267	3.144	35	0.929	-0.766	1.426	-54374.661		331.234	462	7.694	839113697648668438	839111784404267262	839111784404267261	1930	
1	C14H28N4O5	[M - H2O + H]+	C14H27N4O4+	1.000	0.333	94.143	90.810	3.333	27	0.831	-0.254	1.242	-57139.770		315.203	462	7.695	839113126581586668	839111784513319178	839111784513319177	1934	
1	C11H23N3O4	[M - H2O + H]+	C11H22N3O3+	1.000	0.333	116.144	112.688	3.456	35	0.917	0.137	1.330	-73763.728		244.166	462	7.695	839113703910764363	839111784555262222	839111784555262221	1935	
1	C35H45N5O8	[M - H2O + H]+	C35H44N5O7+	1.000	0.330	84.343	80.742	3.601	37	0.824	-0.984	1.426	-27866.899		646.323	462	7.696	839112977721541929	839111784664314138	839111784664314137	1938	
1	C16H28N4O11	[M - H2O + H]+	C16H27N4O10+	1.000	0.333	149.034	145.806	3.228	40	0.946	-0.431	1.017	-41386.042		435.173	462	7.700	839113060588406904	839111784735617314	839111784735617313	1940	
1	C8H16N2O7	[M - H2O + H]+	C8H15N2O6+	1.000	0.333	119.081	119.081	0.000	20	0.074	2.456	2.456	-76610.501		235.092	462	7.706	839112975666332954	839111785339597154	839111785339597153	1956	
1	C22H38N6O13	[M - H2O + H]+	C22H37N6O12+	1.000	0.332	150.999	144.260	6.740	45	0.933	-0.837	1.080	-31200.107		577.247	463	7.716	839113184253267400	839111784773366054	839111784773366053	1941	
1	C22H36N6O12	[M + Na]+	C22H36N6NaO12+	1.000	1.000	74.026	70.464	3.562	40	0.856	-0.538	0.711	0.715		599.229	463	7.719	839113455238863913	839111784811114794	839111784811114793	1942	
1	C28H51N7O9	[M - H2O + H]+	C28H50N7O8+	1.000	0.000	75.117	71.501	3.616	41	0.934	0.156	1.159	-29409.975		612.372	463	7.721	839113005722715697	839111784844669230	839111784844669229	1943	
1	C12H27N3O4	[M - H2O + H]+	C12H26N3O3+	1.000	0.333	76.136	70.506	5.631	16	0.990	0.472	1.343	-69218.737		260.197	464	7.730	839112947140870938	839111784882417970	839111784882417969	1944	
1	C15H25N3O4	[M - H2O + H]+	C15H24N3O3+	1.000	0.333	57.763	54.352	3.411	14	0.988	0.291	0.727	-61222.824		294.181	464	7.730	839113062459066511	839111784915972406	839111784915972405	1945	
1	C22H33N5O5	[M - H2O + H]+	C22H32N5O4+	1.000	0.333	84.191	80.782	3.410	30	0.925	-0.706	1.150	-41860.519		430.245	464	7.733	839112956951348229	839111784953721146	839111784953721145	1946	
1	C14H25N3O4	[M + H3N + H]+	C14H29N4O4+	0.621	0.333	53.433	53.433	0.000	13	0.515	0.327	0.399	-0.258		317.218	464	7.735	839112949791671134	839111784702062878	839111784702062877	1939	
1	C25H40N6O7	[M - H2O + H]+	C25H39N6O6+	1.000	0.333	83.115	79.587	3.528	32	0.887	-0.712	1.594	-34682.088		519.293	465	7.742	839113794990076986	839111784987275582	839111784987275581	1947	
1	C33H54N8O19	[M - H2O + H]+	C33H53N8O18+	1.000	0.326	99.236	92.565	6.671	49	0.939	-0.579	0.927	-21204.792		849.348	465	7.743	839113074140203218	839111785025024322	839111785025024321	1948	
1	C8H14N2O6	[M - H2O + H]+	C8H13N2O5+	1.000	0.333	103.323	103.323	0.000	20	0.981	0.487	1.886	-82966.272		217.082	465	7.746	839113075926976766	839111785272488282	839111785268293977	1954	
1	C18H35N5O6	[M - H2O + H]+	C18H34N5O5+	1.000	0.333	79.985	76.624	3.361	32	0.920	-0.527	1.280	-44997.769		400.255	465	7.747	839112963729343578	839111785058578758	839111785058578757	1949	
1	C15H27N5O6	[M - H2O + H]+	C15H26N5O5+	1.000	0.333	123.957	120.639	3.318	41	0.957	-0.938	1.242	-50564.040		356.193	465	7.757	839113085120891236	839111785129881930	839111785129881929	1950	
1	C10H17N3O6	[M - H2O + H]+	C10H16N3O5+	1.000	0.333	89.877	87.557	2.320	20	0.961	2.490	2.490	-69778.260		258.109	466	7.768	839112959312741402	839111785167630670	839111785163436365	1951	
1	C10H17N3O6	[M + H]+	C10H18N3O6+	1.000	0.333	83.537	80.264	3.273	15	0.983	-0.330	0.759	0.102		276.119	466	7.770	839112966375949511	839111785201185106	839111785201185105	1952	
1	C14H30N6O5	[M - H2O + H]+	C14H29N6O4+	1.000	0.333	134.045	130.992	3.053	51	0.964	-0.244	1.139	-52170.589		345.224	466	7.775	839113202699816580	839111785234739542	839111785234739541	1953	
1	C25H26N2O9	[M - H2O + H]+	C25H25N2O8+	1.000	0.000	84.997	84.997	0.000	32	0.792	-0.929	1.536	-37432.591		481.160	467	7.778	839113191270338030	839111785306042718	839111785306042717	1955	
1	C15H23N3O10	[M + H]+	C15H24N3O10+	1.000	0.333	127.667	124.154	3.513	35	0.946	-0.878	1.514	-0.026		406.146	467	7.783	839113039017101187	839111785377345894	839111785373151589	1957	
1	C16H32N6O5	[M - H2O + H]+	C16H31N6O4+	1.000	0.333	109.720	109.720	0.000	47	0.957	-0.758	1.411	-48514.058		371.240	468	7.798	839112988685452751	839111785410900330	839111785410900329	1958	
1	C24H46N4O13	[M - H2O + H]+	C24H45N4O12+	1.000	0.000	99.028	95.601	3.427	49	0.876	-0.025	1.308	-30980.208		581.304	468	7.799	839113177542380937	839111785448649070	839111785448649069	1959	
1	C7H14N2O7	[M - H2O + H]+	C7H13N2O6+	1.000	0.333	74.195	71.134	3.061	16	0.977	0.414	1.125	-81467.122		221.077	468	7.802	839112965805524150	839111785490592114	839111785490592113	1960	
1	C9H14N2O7	[M + H]+	C9H15N2O7+	1.000	0.333	184.619	181.313	3.307	38	0.959	-1.039	1.399	0.125		263.087	469	7.814	839112978048697656	839111785524146550	839111785524146549	1961	
1	C32H58N8O11	[M - H2O + H]+	C32H57N8O10+	1.000	0.310	60.480	53.515	6.965	40	0.911	-0.728	0.960	-25244.836		713.420	469	7.821	839113476818558371	839111785561895290	839111785561895289	1962	
1	C13H26N3O11P	[M - H2O + H]+	C13H25N3O10P+	0.856	0.333	66.966	66.966	0.000	14	0.256	-0.086	0.168	-43490.132		414.127	469	7.824	839113147729267664	839111785746444686	839111785746444685	1967	
1	C12H27N5O4	[M - H2O + H]+	C12H26N5O3+	1.000	0.333	82.312	76.999	5.314	26	0.916	0.508	0.999	-62492.580		288.203	470	7.826	839112980045186382	839111785599644030	839111785599644029	1963	
1	C14H25N5O5	[M - H2O + H]+	C14H24N5O4+	1.000	0.333	116.092	112.891	3.201	40	0.939	-0.825	1.358	-55216.550		326.182	470	7.827	839112987993392568	839111785637392770	839111785637392769	1964	
1	C9H18N4O6	[M - H2O + H]+	C9H17N4O5+	1.000	0.333	211.139	208.145	2.994	44	0.881	-0.093	0.905	-68974.030		261.119	470	7.836	839112998688867849	839111785670947206	839111785670947205	1965	
1	C14H30N4O5	[M - H2O + H]+	C14H29N4O4+	1.000	0.333	117.979	114.711	3.267	35	0.924	-0.946	1.359	-56776.530		317.218	470	7.839	839113152020040732	839111785708695946	839111785708695945	1966	
1	C19H28N4O5	[M - H2O + H]+	C19H27N4O4+	1.000	0.010	64.178	63.226	0.952	34	0.713	-0.479	1.349	-47992.122		375.206	471	7.846	839112992254805484	839111785817747862	839111785817747861	1969	
1	C16H34N4O6	[M - H2O + H]+	C16H33N4O5+	1.000	0.333	142.403	139.175	3.228	46	0.947	-0.785	1.404	-49857.151		361.244	471	7.847	839113486184439319	839111785784193426	839111785784193425	1968	
1	C28H29FN2O7	[M - H2O + H]+	C28H28FN2O6+	1.000	0.001	170.406	170.406	0.000	45	0.965	0.237	1.210	-35507.941		507.194	471	7.853	839113152359779375	839111785855496602	839111785855496601	1970	
1	C25H47N7O8	[M - H2O + H]+	C25H46N7O7+	1.000	0.000	72.581	69.404	3.178	44	0.948	0.484	1.534	-32372.445		556.346	471	7.857	839113811293336862	839111785889051038	839111785889051037	1971	
1	C17H34N4O7	[M - H2O + H]+	C17H33N4O6+	1.000	0.333	117.053	113.834	3.219	40	0.924	-0.569	1.791	-46271.575		389.239	471	7.858	839113158605098115	839111785926799778	839111785926799777	1972	
1	C16H27N5O7	[M - H2O + H]+	C16H26N5O6+	1.000	0.333	112.097	108.806	3.291	35	0.881	-1.099	2.185	-46879.563		384.188	472	7.859	839113011301140082	839111785964548518	839111785964548517	1973	
1	C10H16N5O8P	[M - H2O + H]+	C10H15N5O7P+	0.791	0.332	31.591	28.764	2.826	6	0.940	0.176	0.946	-51744.218		348.070	472	7.861	839113005475251740	839111785998102954	839111785998102953	1974	
1	C23H42N6O12	[M - H2O + H]+	C23H41N6O11+	1.000	0.333	113.347	110.624	2.723	44	0.882	-0.901	1.343	-31202.794		577.281	472	7.870	839113424888879640	839111786035851694	839111786035851693	1975	
1	C20H39N5O7	[M - H2O + H]+	C20H38N5O6+	1.000	0.333	124.339	121.793	2.546	43	0.889	-0.977	1.411	-40537.214		444.282	472	7.875	839113021380052713	839111786107154870	839111786107154869	1977	
1	C20H37N5O8S2	[M - H2O + H]+	C20H36N5O7S2+	0.438	0.002	60.133	60.133	0.000	35	0.793	-0.037	1.157	-34492.681		522.203	473	7.876	839113554887140336	839111786069406130	839111786069406129	1976	
1	C12H21N3O8	[M + Na]+	C12H21N3NaO8+	0.999	0.999	42.585	42.585	0.000	12	0.184	0.510	0.510	0.181		358.122	473	7.876	839113053969795095	839111786174263742	839111786174263741	1979	
1	C12H21N3O8	[M + H]+	C12H22N3O8+	1.000	0.333	167.145	161.424	5.721	43	0.947	-0.800	1.249	0.205		336.140	473	7.877	839113019819771605	839111786140709306	839111786140709305	1978	
1	C33H44N4O10S	[M - H2O + H]+	C33H43N4O9S+	0.724	0.333	51.732	51.732	0.000	27	0.747	-0.420	0.924	-26832.629		671.273	473	7.877	839113985340177211	839111786207818178	839111786207818177	1980	
1	C15H32N6O5	[M - H2O + H]+	C15H31N6O4+	1.000	0.333	94.107	94.107	0.000	39	0.905	-0.117	1.276	-50135.198		359.240	473	7.881	839113012362299015	839111786241372614	839111786241372613	1981	
1	C16H28N6O6	[M - H2O + H]+	C16H27N6O5+	1.000	0.333	128.994	125.623	3.371	45	0.942	-0.341	1.239	-47000.092		383.204	473	7.886	839113436045728438	839111786274927050	839111786274927049	1982	
1	C13H23N3O10	[M - H2O + H]+	C13H22N3O9+	1.000	0.333	163.384	160.239	3.145	44	0.950	-0.735	1.083	-49461.152		364.135	473	7.889	839113819212183147	839111786321064398	839111786321064397	1983	
1	C19H37N5O6	[M - H2O + H]+	C19H36N5O5+	1.000	0.333	132.809	132.809	0.000	47	0.893	-0.464	1.370	-43475.275		414.271	474	7.905	839113198790725207	839111786354618834	839111786354618833	1984	
1	C15H32N6O6	[M - H2O + H]+	C15H31N6O5+	0.898	0.333	114.739	114.739	0.000	28	0.553	0.242	0.280	-47999.413		375.235	475	7.913	839113739067421090	839111786459476446	839111786459476445	1987	
1	C16H32N4O5	[M - H2O + H]+	C16H31N4O4+	1.000	0.333	104.637	98.494	6.144	29	0.930	-0.705	1.118	-52472.992		343.234	475	7.919	839113015759685276	839111786392367574	839111786392367573	1985	
1	C15H32N4O6	[M - H2O + H]+	C15H31N4O5+	1.000	0.333	75.746	72.568	3.178	24	0.864	0.045	1.386	-51869.934		347.229	475	7.919	839113743031038465	839111786425922010	839111786425922009	1986	
1	C17H34N6O7	[M - H2O + H]+	C17H33N6O6+	1.000	0.333	108.357	105.007	3.350	51	0.971	-1.047	1.483	-43165.177		417.246	475	7.922	839113444186872567	839111786493030882	839111786493030881	1988	
1	C26H42N6O8	[M - H2O + H]+	C26H41N6O7+	1.000	0.333	70.744	67.182	3.562	27	0.880	-0.461	1.232	-32787.224		549.304	476	7.926	839113032352352087	839111786526585318	839111786526585317	1989	
1	C16H32N6O7	[M - H2O + H]+	C16H31N6O6+	1.000	0.333	113.706	110.600	3.106	42	0.923	-0.918	1.474	-44665.660		403.230	476	7.927	839113041940531102	839111786560139754	839111786560139753	1990	
1	C9H15N3O6	[M - H2O + H]+	C9H14N3O5+	1.000	0.333	86.945	86.945	0.000	16	0.200	-0.109	0.790	-73785.714		244.093	476	7.927	839113057077774395	839111786593694190	839111786593694189	1991	
1	C9H15N3O6	[M + H]+	C9H16N3O6+	1.000	0.333	155.342	152.115	3.227	41	0.946	0.170	1.210	0.261		262.103	476	7.927	839113112241261119	839111786660803062	839111786660803061	1993	
1	C7H18N4O3	[M - H2O + H]+	C7H17N4O2+	1.000	0.333	70.613	68.033	2.579	18	0.975	2.787	2.787	-95224.392		189.135	476	7.928	839113151734828049	839111786627248626	839111786627248625	1992	
1	C30H38N4O6	[M - H2O + H]+	C30H37N4O5+	1.000	0.328	66.771	65.085	1.686	29	0.880	-0.556	1.893	-33775.304		533.275	476	7.930	839113755412624067	839111786727911934	839111786727911933	1995	
1	C38H43N5O6	[M - H2O + H]+	C38H42N5O5+	1.000	0.326	66.056	66.056	0.000	36	0.912	-0.477	1.750	-27780.693		648.318	476	7.934	839113104163031443	839111786765660674	839111786765660673	1996	
1	C13H23N5O5	[M - H2O + H]+	C13H22N5O4+	1.000	0.333	97.945	94.930	3.016	31	0.930	-0.658	1.439	-57695.256		312.167	476	7.938	839113112039934508	839111786803409414	839111786803409413	1997	
1	C9H22N2O3	[M - H2O + H]+	C9H21N2O2+	1.000	0.333	77.475	74.193	3.282	15	0.906	5.742	5.742	-95213.248		189.160	477	7.955	839113031979059023	839111786836963850	839111786836963849	1998	
1	C15H27N5O6	[M - H2O + H]+	C15H26N5O5+	0.969	0.333	40.535	40.535	0.000	21	0.715	-0.020	0.305	-50564.468		356.193	478	7.961	839113042146052018	839111786941821462	839111786937627157	2001	
1	C16H33N5O6	[M - H2O + H]+	C16H32N5O5+	1.000	0.333	150.173	150.173	0.000	50	0.962	-0.465	1.054	-48125.413		374.240	478	7.962	839113763595711249	839111786870518286	839111786870518285	1999	
1	C12H27N3O4	[M - H2O + H]+	C12H26N3O3+	1.000	0.333	99.097	95.572	3.524	12	0.958	-0.023	1.343	-69218.737		260.197	478	7.965	839113057795000398	839111786908267026	839111786904072721	2000	
1	C21H39N5O10	[M - H2O + H]+	C21H38N5O9+	1.000	0.333	89.052	85.221	3.831	34	0.868	-0.568	1.177	-35716.151		504.267	478	7.974	839113284551660167	839111786975375898	839111786975375897	2002	
1	C8H17N3O6	[M - H2O + H]+	C8H16N3O5+	1.000	0.333	120.424	117.369	3.055	29	0.971	0.544	0.985	-76932.603		234.108	478	7.974	839113289794540290	839111787122176554	839111787122176553	2007	
1	C32H48N8O7	[M + Na]+	C32H48N8NaO7+	1.000	1.000	109.067	100.509	8.558	44	0.935	-0.626	1.038	-1.629		679.353	479	7.981	839113336980460885	839111787084427814	839111787084427813	2006	
1	C14H23N5O5	[M - H2O + H]+	C14H22N5O4+	0.960	0.333	57.925	57.925	0.000	10	0.786	-0.264	0.430	-55559.721		324.167	479	7.984	839113045832845255	839111787008930334	839111787008930333	2003	
1	C11H20N4O4	[M - H2O + H]+	C11H19N4O3+	1.000	0.333	95.480	92.357	3.123	13	0.985	-0.105	1.092	-70589.341		255.145	479	7.985	839113338532353389	839111787042484770	839111787042484769	2005	
1	C17H34N6O7	[M - H2O + H]+	C17H33N6O6+	1.000	0.333	119.579	116.180	3.399	46	0.938	-0.004	1.070	-43165.002		417.246	479	7.989	839113054158538790	839111787680019046	839111787680019045	2022	
1	C11H22N3O4	[M - H2O + H]+	C11H21N3O3+	1.000	0.333	87.267	87.267	0.000	32	0.926	0.267	1.181	-74068.730		243.158	480	7.998	839113059850209374	839111787168313902	839111787168313901	2008	
1	C15H32N4O5	[M - H2O + H]+	C15H31N4O4+	1.000	0.333	90.822	88.569	2.253	28	0.901	0.030	1.143	-54374.311		331.234	480	7.998	839113117077293694	839111787206062642	839111787206062641	2009	
1	C22H42N6O7	[M - H2O + H]+	C22H41N6O6+	1.000	0.333	94.343	87.444	6.899	34	0.919	-0.317	1.085	-37110.446		485.309	480	7.998	839113424729496065	839111787248005686	839111787243811381	2010	
1	C22H40N6O6	[M + Na]+	C22H40N6NaO6+	0.999	1.000	77.912	77.912	0.000	25	0.306	0.078	0.313	0.032		507.290	480	7.999	839113079051733261	839111787277365818	839111787277365817	2011	
1	C26H50N10O10	[M + K]+	C26H50KN10O10+	0.998	1.000	50.022	50.022	0.000	24	0.717	0.426	1.347	0.134		701.334	480	8.002	839113623996688718	839111787352863298	839111787352863297	2013	
1	C8H20N2O3	[M - H2O + H]+	C8H19N2O2+	1.000	0.333	93.369	90.191	3.178	12	0.953	5.891	5.891	-102832.484		175.144	480	8.003	839113060080896112	839111787315114558	839111787315114557	2012	
1	C16H32N4O7	[M - H2O + H]+	C16H31N4O6+	1.000	0.333	109.909	106.549	3.360	35	0.826	-0.168	0.894	-47999.835		375.224	480	8.003	839113075192973545	839111787386417734	839111787386417733	2014	
1	C16H34N4O6	[M - H2O + H]+	C16H33N4O5+	1.000	0.333	139.736	136.184	3.552	47	0.959	-0.557	0.892	-49857.064		361.245	481	8.009	839113158156307545	839111787428360778	839111787428360777	2015	
1	C14H30N4O5	[M - H2O + H]+	C14H29N4O4+	1.000	0.333	120.168	116.831	3.338	37	0.924	0.090	0.984	-56776.463		317.218	481	8.020	839113164959468790	839111787461915214	839111787461915213	2016	
1	C17H34N4O7	[M - H2O + H]+	C17H33N4O6+	1.000	0.333	122.894	116.947	5.947	40	0.935	-0.760	1.574	-46271.225		389.239	481	8.020	839113173788478815	839111787499663954	839111787499663953	2017	
1	C14H25N5O9	[M - H2O + H]+	C14H24N5O8+	1.000	0.333	148.825	145.336	3.489	43	0.813	-0.593	1.743	-46161.551		390.162	481	8.024	839113120789252774	839111787533218390	839111787533218389	2018	
1	C14H30N6O5	[M - H2O + H]+	C14H29N6O4+	1.000	0.333	122.837	120.479	2.358	49	0.968	0.142	0.900	-52170.650		345.224	481	8.025	839113080859478311	839111787570967130	839111787570967129	2019	
1	C6H14N2O6	[M - H2O + H]+	C6H13N2O5+	1.000	0.333	58.123	58.123	0.000	8	0.119	1.076	1.076	-93278.715		193.082	481	8.025	839113121707805374	839111787600327262	839111787600327261	2020	
1	C12H22N4O9	[M - H2O + H]+	C12H21N4O8+	0.520	0.315	41.961	41.961	0.000	8	0.633	0.347	0.347	-51586.326		349.135	482	8.029	839113129706343168	839111787642270306	839111787642270305	2021	
1	C10H12Br2Cl3NO2Si	[M + K]+	C10H12Br2Cl3KNO2Si+	0.987	0.925	-1.536	-1.536	0.000	5	0.089	4.990	4.990	4.627		507.772	483	8.046	839113086479845751	839111787717767786	839111787717767785	2023	
1	C20H35N5O8S2	[M - H2O + H]+	C20H34N5O7S2+	0.544	0.003	69.295	69.295	0.000	31	0.406	0.170	0.596	-34624.097		520.189	484	8.064	839113292248208190	839111787751322222	839111787751322221	2024	
1	C15H32N4O6	[M - H2O + H]+	C15H31N4O5+	1.000	0.333	90.226	87.296	2.931	29	0.914	0.253	1.230	-51869.146		347.229	484	8.068	839113116372650603	839111787822625398	839111787822625397	2026	
1	C20H39N5O9Si	[M - H2O + H]+	C20H38N5O8Si+	0.742	0.142	112.222	112.222	0.000	41	0.616	0.160	0.450	-35717.090		504.249	484	8.068	839113221607739263	839111787784876658	839111787784876657	2025	
1	C32H65N6O13P3S	[M - H2O + H]+	C32H64N6O12P3S+	1.000	0.331	114.453	114.453	0.000	49	0.920	-0.141	0.699	-21208.912		849.348	484	8.072	839114059294145488	839111787860374138	839111787860374137	2027	
1	C16H30N4O5	[M - H2O + H]+	C16H29N4O4+	1.000	0.333	81.021	77.616	3.405	30	0.866	0.046	1.253	-52782.591		341.219	485	8.076	839113822508906175	839111787893928574	839111787893928573	2028	
1	C20H32N4O7	[M - H2O + H]+	C20H31N4O6+	0.866	0.329	43.342	43.342	0.000	19	0.727	0.206	0.497	-42555.654		423.224	485	8.091	839113204989906624	839111787927483010	839111787927483009	2029	
1	C18H37N5O7	[M - H2O + H]+	C18H36N5O6+	1.000	0.333	118.507	115.215	3.292	47	0.924	-0.296	1.063	-43059.874		418.266	487	8.109	839113305506403294	839111787961037446	839111787961037445	2030	
1	C19H32N6O10	[M - H2O + H]+	C19H31N6O9+	1.000	0.000	65.679	61.935	3.744	38	0.757	-0.880	1.319	-36966.282		487.215	487	8.110	839113262732890365	839111787998786186	839111787998786185	2031	
1	C22H34N8O7	[M - H2O + H]+	C22H33N8O6+	1.000	0.000	59.394	59.394	0.000	15	0.655	0.637	1.631	-35646.195		505.252	487	8.112	839113156579249221	839111788032340622	839111788032340621	2032	
1	C17H34N6O7	[M - H2O + H]+	C17H33N6O6+	0.988	0.333	100.444	100.444	0.000	35	0.781	0.187	0.223	-43164.802		417.246	487	8.114	839113363417159337	839111788372079282	839111788372079281	2041	
1	C22H36N6O14	[M - H2O + H]+	C22H35N6O13+	0.765	0.332	98.794	98.794	0.000	35	0.592	0.165	0.283	-30461.941		591.226	487	8.115	839113847574067202	839111788070089362	839111788070089361	2033	
1	C16H27N5O7S	[M - H2O + H]+	C16H26N5O6S+	1.000	0.333	115.705	112.394	3.311	47	0.958	-0.533	1.603	-43277.349		416.160	487	8.117	839113705215192922	839111788120421014	839111788120421013	2034	
1	C16H34N4O6	[M - H2O + H]+	C16H33N4O5+	1.000	0.333	122.780	119.753	3.026	43	0.925	-0.789	1.154	-49856.512		361.245	487	8.119	839113271855501773	839111788225278626	839111788225278625	2037	
1	C11H16N4O3	[M - H2O + H]+	C11H15N4O2+	1.000	0.333	77.100	74.105	2.995	31	0.715	2.369	2.369	-76601.478		235.119	487	8.119	839113367439496934	839111788153975450	839111788153975449	2035	
1	C11H18N4O4	[M - H2O + H]+	C11H17N4O3+	1.000	0.333	93.485	93.485	0.000	13	0.992	-0.131	1.026	-71151.100		253.130	487	8.121	839113814481008006	839111788191724190	839111788187529885	2036	
1	C13H28N6O5	[M - H2O + H]+	C13H27N6O4+	1.000	0.333	91.499	89.007	2.492	39	0.939	-0.211	1.367	-54377.796		331.209	488	8.134	839113629231180278	839111788263027366	839111788263027365	2038	
1	C19H37N5O6	[M - H2O + H]+	C19H36N5O5+	1.000	0.333	136.201	133.891	2.310	49	0.916	-0.653	1.020	-43474.469		414.271	488	8.141	839113257838137553	839111788300776106	839111788300776105	2039	
1	C14H24N4O10	[M - H2O + H]+	C14H23N4O9+	1.000	0.333	183.391	180.051	3.341	49	0.949	-0.507	0.951	-46045.088		391.146	489	8.155	839113209779801852	839111788334330542	839111788334330541	2040	
1	C11H25N5O4S	[M - H2O + H]+	C11H24N5O3S+	0.985	0.333	43.054	43.054	0.000	15	0.703	0.648	0.706	-58826.909		306.160	490	8.167	839113206017511126	839111788405633718	839111788405633717	2042	
1	C14H30N4O5	[M - H2O + H]+	C14H29N4O4+	1.000	0.333	104.002	100.630	3.372	31	0.930	-0.220	0.861	-56775.764		317.219	490	8.168	839113131614751511	839111788443382458	839111788443382457	2043	
1	C12H24N4O8	[M - H2O + H]+	C12H23N4O7+	1.000	0.333	144.440	141.152	3.287	43	0.960	-0.279	0.890	-53737.224		335.156	490	8.169	839113271012446604	839111788476936894	839111788476936893	2044	
1	C27H49N4O10	[M - H2O + H]+	C27H48N4O9+	1.000	0.000	117.089	113.870	3.219	51	0.954	-0.558	0.861	-31469.039		572.341	490	8.170	839113241711038548	839111788514685634	839111788514685633	2045	
1	C16H28N6O6	[M - H2O + H]+	C16H27N6O5+	0.994	0.333	83.503	83.503	0.000	19	0.559	0.780	0.789	-46998.835		383.204	490	8.174	839113659606330254	839111788548240070	839111788548240069	2046	
1	C15H32N6O6	[M - H2O + H]+	C15H31N6O5+	0.994	0.332	103.502	103.502	0.000	25	0.707	0.517	0.517	-47996.774		375.236	491	8.186	839113217988054858	839111788682457810	839111788682457809	2049	
1	C17H33N5O6	[M - H2O + H]+	C17H32N5O5+	1.000	0.333	86.380	83.448	2.932	32	0.909	0.436	1.498	-46629.023		386.240	491	8.187	839113159699811494	839111788615348938	839111788615348937	2047	
1	C11H25N3O4	[M - H2O + H]+	C11H24N3O3+	1.000	0.333	72.211	66.701	5.510	16	0.991	0.910	0.910	-73158.773		246.181	491	8.190	839113218373930846	839111789173191434	839111789173191433	2063	
1	C26H54N4O13	[M - H2O + H]+	C26H53N4O12+	1.000	0.144	111.946	110.347	1.599	45	0.933	1.311	1.448	-29359.485		613.368	492	8.195	839113693605359242	839111788716012246	839111788716012245	2050	
1	C9H17N3O7	[M - H2O + H]+	C9H16N3O6+	1.000	0.333	179.642	179.642	0.000	33	0.039	0.289	0.698	-68714.451		262.104	492	8.197	839113138573101942	839111788648903374	839111788648903373	2048	
1	C11H25N5O4	[M - H2O + H]+	C11H24N5O3+	1.000	0.333	76.729	73.653	3.075	26	0.958	0.487	1.106	-65686.355		274.188	492	8.198	839113159666257046	839111788753760986	839111788753760985	2051	
1	C11H23N5O5P	[M - H2O + H]+	C11H22N5O4P+	0.996	0.000	18.189	18.189	0.000	11	0.118	0.887	0.982	-56435.448		319.140	492	8.198	839113164108025044	839111788791509726	839111788791509725	2052	
1	C14H25N5O6	[M - H2O + H]+	C14H24N5O5+	0.995	0.333	76.067	76.067	0.000	14	0.637	0.788	0.867	-52633.708		342.178	492	8.204	839113277949825567	839111788820869858	839111788820869857	2053	
1	C11H25N3O4S	[M - H2O + H]+	C11H24N3O3S+	1.000	0.333	48.025	45.445	2.580	15	0.985	0.571	0.751	-64750.344		278.153	492	8.208	839113141127433095	839111788896367338	839111788896367337	2055	
1	C21H40N6O7	[M - H2O + H]+	C21H39N6O6+	1.000	0.333	110.290	106.760	3.530	40	0.946	0.296	0.657	-38213.578		471.293	493	8.211	839113158315691116	839111788862812902	839111788858618597	2054	
1	C16H33N5O6	[M - H2O + H]+	C16H32N5O5+	1.000	0.333	49.522	49.522	0.000	22	0.724	1.592	1.628	-48124.111		374.240	493	8.212	839113333897647373	839111788929921774	839111788929921773	2056	
1	CNO2P3S6	[M + K]+	CKNO2P3S6+	0.632	0.621	-4.972	-4.972	0.000	0	0.000	4.013	4.013	3.688		381.711	493	8.218	839113347222951372	839111788963476210	839111788963476209	2057	
1	HOPS9	[M + K]+	HKOPS9+	0.614	0.602	-5.463	-5.463	0.000	0	0.000	4.547	4.547	4.822		374.690	493	8.225	839113348753872346	839111789030585082	839111789030585081	2059	
1	C32H51N11O11	[M - H2O + H]+	C32H50N11O10+	1.000	0.042	124.007	124.007	0.000	49	0.932	-0.122	0.625	-24066.441		748.374	494	8.233	839113782306501599	839111789068333822	839111789068333821	2060	
1	C20H28BNO5	[M + H3N + H]+	C20H32BN2O5+	0.977	0.333	52.497	52.497	0.000	17	0.326	-1.312	2.137	-1.334		390.243	494	8.237	839113168600124675	839111789202551566	839111789202551565	2064	
1	C17H34N4O7	[M - H2O + H]+	C17H33N4O6+	1.000	0.333	91.982	86.168	5.814	27	0.919	-0.059	0.701	-46269.828		389.240	494	8.238	839113176950984049	839111789106082562	839111789101888257	2061	
1	C11H17NO3	[M + H3N + H]+	C11H21N2O3+	1.000	0.333	100.247	100.247	0.000	13	0.463	1.603	1.603	0.834		229.155	494	8.239	839113161260092604	839111789135442694	839111789135442693	2062	
1	C8H14N2O8	[M - H2O + H]+	C8H13N2O7+	0.996	0.333	101.884	101.884	0.000	16	0.054	0.461	0.514	-72308.612		249.072	495	8.247	839113816993396220	839111789307409178	839111789307409177	2067	
1	C14H30N6O5	[M - H2O + H]+	C14H29N6O4+	1.000	0.333	140.575	140.575	0.000	52	0.977	0.551	1.059	-52170.102		345.225	495	8.248	839113164363877602	839111789273854742	839111789273854741	2066	
1	C16H32N6O7	[M - H2O + H]+	C16H31N6O6+	0.997	0.333	102.679	102.679	0.000	28	0.405	2.208	2.208	-44664.417		403.230	496	8.261	839113195670162994	839111789340963614	839111789340963613	2069	
1	C17H35N5O7	[M - H2O + H]+	C17H34N5O6+	0.945	0.333	159.404	159.404	0.000	34	0.675	1.083	1.166	-44552.415		404.251	496	8.263	839113204608224923	839111789240300306	839111789240300305	2065	
1	C17H30N6O6	[M - H2O + H]+	C17H29N6O5+	0.981	0.333	104.771	104.771	0.000	29	0.364	1.308	1.393	-45340.485		397.220	496	8.268	839113237164412940	839111789374518050	839111789374518049	2070	
1	C17H33N4O7	[M - H2O + H]+	C17H32N4O6+	0.952	0.317	101.608	101.608	0.000	26	0.658	1.399	1.517	-46391.302		388.232	496	8.268	839113171540331826	839111789408072486	839111789408072485	2071	
1	C19H26N8O9	[M - H2O + H]+	C19H25N8O8+	1.000	0.332	178.866	173.175	5.691	47	0.954	-0.512	0.747	-36520.706		493.178	496	8.270	839113484028567039	839111789441626922	839111789441626921	2072	
1	C16H32N6O7	[M - H2O + H]+	C16H31N6O6+	0.991	0.333	111.331	111.331	0.000	29	0.484	1.430	1.644	-44664.728		403.230	497	8.277	839113204687916717	839111790070772594	839111790070772593	2090	
1	C15H25N5O6	[M + H3N + H]+	C15H29N6O6+	0.995	0.333	107.564	107.564	0.000	25	0.643	0.283	0.341	3.908		389.216	497	8.280	839113224430505881	839111789479375662	839111789479375661	2073	
1	C19H35BrN6O7	[M - H2O + H]+	C19H34BrN6O6+	0.899	0.139	108.781	108.781	0.000	34	0.686	1.450	1.452	-34554.437		521.173	497	8.285	839113587493660254	839111789731033930	839111789731033929	2080	
1	C12H19N3O4	[M - H2O + H]+	C12H18N3O3+	1.000	0.333	50.699	50.699	0.000	14	0.949	2.301	2.301	-71430.981		252.135	497	8.287	839113172911869256	839111789517124402	839111789517124401	2074	
1	C13H28N4O5	[M - H2O + H]+	C13H27N4O4+	1.000	0.333	122.649	119.366	3.283	38	0.954	-0.269	1.168	-59400.485		303.203	497	8.291	839113242226937964	839111789550678838	839111789550678837	2075	
1	C13H21N5O8	[M + Na]+	C13H21N5NaO8+	1.000	1.000	55.308	55.308	0.000	16	0.173	0.923	0.995	0.758		398.129	498	8.294	839113263907295494	839111789626176318	839111789621982013	2077	
1	C30H50N6O7	[M + Na]+	C30H50N6NaO7+	0.999	1.000	100.170	97.216	2.954	47	0.930	-0.191	0.533	-1.205		629.363	498	8.294	839113330831611076	839111789592621882	839111789588427577	2076	
1	C13H28N4O4Si	[M - H2O + H]+	C13H27N4O3Si+	0.998	0.332	64.159	64.159	0.000	20	0.590	0.997	1.078	-57142.266		315.185	498	8.295	839113267837358429	839111789697479494	839111789693285189	2079	
1	C13H23N5O9	[M - H2O + H]+	C13H22N5O8+	1.000	0.333	174.035	171.123	2.912	48	0.950	-0.909	1.270	-47880.636		376.147	498	8.297	839113325295129708	839111789659730754	839111789659730753	2078	
1	C15H32N4O6	[M - H2O + H]+	C15H31N4O5+	1.000	0.333	118.420	114.999	3.421	38	0.937	-0.798	1.281	-51868.813		347.229	498	8.306	839113177991171483	839111789764588366	839111789764588365	2081	
1	C20H40N6O8	[M - H2O + H]+	C20H39N6O7+	1.000	0.333	102.368	102.368	0.000	46	0.937	-0.369	0.930	-37892.961		475.288	499	8.310	839113242344378492	839111789835891542	839111789835891541	2083	
1	C16H32N4O7	[M - H2O + H]+	C16H31N4O6+	1.000	0.333	134.422	130.839	3.583	43	0.896	-0.577	1.805	-47998.802		375.224	499	8.312	839113206411775719	839111789802337106	839111789802337105	2082	
1	C7H14N2O7	[M - H2O + H]+	C7H13N2O6+	0.988	0.330	25.595	25.595	0.000	6	0.054	2.333	2.333	-81466.707		221.077	499	8.313	839113814531339676	839111789869445978	839111789869445977	2084	
1	C7H18N2O3	[M - H2O + H]+	C7H17N2O2+	1.000	0.333	71.831	71.831	0.000	10	0.537	3.488	3.488	-111777.294		161.129	499	8.323	839113178075057580	839111789903000414	839111789903000413	2085	
1	C15H32N4O6	[M + K]+	C15H32KN4O6+	1.000	1.000	120.346	120.346	0.000	23	0.503	0.338	0.483	-3.802		403.194	501	8.342	839113217895780145	839111789936554850	839111789936554849	2086	
1	C30H49N7O9	[M - H2O + H]+	C30H48N7O8+	1.000	0.333	65.285	61.622	3.663	35	0.893	-1.109	1.569	-28390.723		634.357	501	8.347	839113287714165445	839111790007858026	839111790007858025	2088	
1	C38H37N5O10	[M - H2O + H]+	C38H36N5O9+	1.000	0.159	137.957	137.957	0.000	53	0.957	-0.469	1.222	-25498.324		706.253	501	8.347	839113932089293508	839111789974303590	839111789974303589	2087	
1	C11H25N5O4	[M - H2O + H]+	C11H24N5O3+	1.000	0.333	93.827	93.827	0.000	32	0.924	0.034	1.176	-65687.055		274.187	501	8.353	839113221028925293	839111790041412462	839111790041412461	2089	
1	C17H31N5O11	[M - H2O + H]+	C17H30N5O10+	0.999	0.000	111.000	107.613	3.387	47	0.934	-0.456	1.196	-38798.447		464.199	502	8.365	839113267413733714	839111790108521334	839111790108521333	2091	
1	C15H32N6O6	[M - H2O + H]+	C15H31N6O5+	1.000	0.333	145.856	145.856	0.000	52	0.969	0.254	1.667	-47996.900		375.235	502	8.375	839113281154273848	839111790175630206	839111790175630205	2093	
1	C18H31N5O12	[M - H2O + H]+	C18H30N5O11+	1.000	0.333	174.590	170.929	3.661	41	0.926	-0.883	1.325	-36591.749		492.194	503	8.383	839113503762767844	839111790213378946	839111790213378945	2094	
1	C14H30N6O6	[M - H2O + H]+	C14H29N6O5+	1.000	0.333	130.433	130.433	0.000	47	0.953	-0.480	1.569	-49860.036		361.220	503	8.391	839113212048920335	839111790246933382	839111790246933381	2095	
1	C11H23N5O4	[M - H2O + H]+	C11H22N5O3+	1.000	0.333	83.791	81.436	2.355	34	0.963	0.058	1.448	-66173.324		272.172	504	8.398	839113508426833991	839111790142075770	839111790142075769	2092	
1	C3H10FNO2Si	[M + H3N + H]+	C3H14FN2O2Si+	1.000	1.000	51.239	51.239	0.000	8	0.801	-5.575	5.575	-2.285		157.080	504	8.405	839113272698556895	839111790280487818	839111790280487817	2096	
1	C22H41N7O10	[M - H2O + H]+	C22H40N7O9+	1.000	0.333	114.734	111.542	3.192	51	0.938	-0.115	0.937	-32968.001		546.289	504	8.406	839113329804006554	839111790355985298	839111790355985297	2098	
1	C11H25N4O4S2	[M - H2O + H]+	C11H24N4O3S2+	1.000	0.000	37.649	37.649	0.000	11	0.447	0.530	0.671	-55564.537		324.129	504	8.406	839113244978401432	839111790393734038	839111790393734037	2099	
1	C16H33N5O6	[M - H2O + H]+	C16H32N5O5+	1.000	0.333	130.488	130.488	0.000	48	0.952	-0.406	1.037	-48125.105		374.240	504	8.407	839113847754422298	839111790314042254	839111790314042253	2097	
1	C6H11N3O3	[M - H2O + H]+	C6H10N3O2+	1.000	0.333	48.925	45.918	3.007	5	0.970	5.079	5.079	-115394.512		156.077	504	8.408	839113212539653921	839111790465037214	839111790465037213	2101	
1	C15H30N4O7	[M - H2O + H]+	C15H29N4O6+	0.999	0.333	83.584	83.584	0.000	20	0.626	0.412	0.727	-49860.356		361.209	504	8.408	839113255682265260	839111790498591650	839111790498591649	2102	
1	C16H27N5O7	[M - H2O + H]+	C16H26N5O6+	1.000	0.333	94.079	90.827	3.253	34	0.928	-0.765	1.384	-46879.454		384.188	505	8.408	839113227681091557	839111790536340390	839111790536340389	2103	
1	C32H49N8O18P	[M - H2O + H]+	C32H48N8O17P+	0.984	0.322	86.285	79.412	6.873	47	0.881	-0.309	0.791	-21255.416		847.288	505	8.411	839113525313102284	839111790427288474	839111790427288473	2100	
1	C17H26N4O4	[M - H2O + H]+	C17H25N4O3+	0.874	0.332	36.493	36.493	0.000	9	0.751	0.372	0.420	-54054.617		333.192	505	8.415	839113328533132419	839111790569894826	839111790569894825	2104	
1	C13H28N4O5	[M - H2O + H]+	C13H27N4O4+	1.000	0.333	70.496	70.496	0.000	12	0.897	0.382	0.382	-59400.503		303.203	505	8.423	839113256810533057	839111790955770838	839111790955770837	2115	
1	C15H31N5O6	[M - H2O + H]+	C15H30N5O5+	1.000	0.333	106.963	106.963	0.000	39	0.932	-0.692	1.249	-49997.591		360.224	506	8.426	839113335453734196	839111790607643566	839111790607643565	2105	
1	C11H22N4O8	[M - H2O + H]+	C11H21N4O7+	1.000	0.333	159.542	156.878	2.663	43	0.958	-0.444	1.181	-56083.087		321.140	506	8.427	839113286111941296	839111790641198002	839111790641198001	2106	
1	C9H20N4O5	[M - H2O + H]+	C9H19N4O4+	1.000	0.333	134.711	132.299	2.412	34	0.851	1.435	1.501	-72875.291		247.140	506	8.430	839113260547657956	839111790674752438	839111790674752437	2107	
1	C20H41N5O9	[M + K]+	C20H41KN5O9+	0.908	0.805	191.938	191.938	0.000	55	0.984	-0.710	1.493	-2.051		534.252	506	8.437	839113498721214216	839111790712501178	839111790712501177	2108	
1	C12H22N4O9	[M - H2O + H]+	C12H21N4O8+	0.866	0.333	40.126	40.126	0.000	9	0.743	0.432	0.432	-51585.874		349.135	507	8.443	839113224573112237	839111790779610050	839111790779610049	2110	
1	C20H39N5O7	[M - H2O + H]+	C20H38N5O6+	0.946	0.330	63.786	63.786	0.000	29	0.808	0.383	0.436	-40537.835		444.282	507	8.452	839113269636714868	839111790741861310	839111790741861309	2109	
1	C33H49ClN8O17	[M - H2O + H]+	C33H48ClN8O16+	0.156	0.022	13.123	13.123	0.000	19	0.731	0.716	0.716	-21255.503		847.288	507	8.457	839113923839097523	839111791169680366	839111791169680365	2121	
1	C31H41N11O7	[M - H2O + H]+	C31H40N11O6+	0.997	0.147	53.092	53.092	0.000	38	0.734	-1.612	1.646	-27189.311		662.318	507	8.458	839113476453653909	839111790817358790	839111790813164485	2111	
1	C27H33N3O5	[M - H2O + H]+	C27H32N3O4+	1.000	0.168	61.685	61.685	0.000	27	0.775	-0.110	1.481	-38963.734		462.239	508	8.458	839113239118958629	839111790850913226	839111790850913225	2112	
1	C14H30N4O5	[M - H2O + H]+	C14H29N4O4+	0.930	0.333	53.656	53.656	0.000	16	0.912	0.549	0.780	-56776.247		317.218	508	8.460	839113226770927554	839111790884467662	839111790884467661	2113	
1	C11H25N3O4	[M - H2O + H]+	C11H24N3O3+	1.000	0.333	104.978	99.470	5.508	13	0.984	2.019	2.019	-73158.555		246.182	509	8.479	839113227144220630	839111790922216402	839111790922216401	2114	
1	C15H32N4O6	[M - H2O + H]+	C15H31N4O5+	1.000	0.333	155.984	152.771	3.213	47	0.958	0.816	1.024	-51868.389		347.229	509	8.489	839113232500346874	839111790993519578	839111790993519577	2116	
1	C16H32N4O7	[M - H2O + H]+	C16H31N4O6+	1.000	0.333	122.129	119.539	2.590	41	0.905	0.399	1.207	-47997.824		375.224	510	8.493	839113855635519644	839111791031268318	839111791027074013	2117	
1	C19H38N5O8PS2	[M - H2O + H]+	C19H37N5O7PS2+	0.470	0.170	66.132	66.132	0.000	38	0.701	1.208	1.308	-33218.239		542.187	510	8.494	839113834634639201	839111791060628450	839111791060628449	2118	
1	C17H27N5O11	[M + H]+	C17H28N5O11+	1.000	0.000	147.632	144.165	3.467	51	0.940	0.171	0.441	1.060		478.178	510	8.502	839113400268314751	839111791094182886	839111791094182885	2119	
1	C17H29N5O4S	[M - H2O + H]+	C17H28N5O3S+	1.000	0.333	102.570	102.570	0.000	41	0.825	1.327	1.484	-47119.688		382.193	511	8.511	839113408463984896	839111791278732282	839111791278732281	2124	
1	C17H31N5O5	[M + Na]+	C17H31N5NaO5+	1.000	1.000	83.484	83.484	0.000	25	0.560	1.262	1.262	1.054		408.222	511	8.511	839113709745041378	839111791660413990	839111791660413989	2135	
1	C16H26N6O6	[M - H2O + H]+	C16H25N6O5+	1.000	0.333	139.603	137.539	2.064	43	0.947	0.191	0.507	-47246.833		381.189	511	8.512	839113426587572781	839111791207429106	839111791207429105	2122	
1	C9H14N4O3	[M - H2O + H]+	C9H13N4O2+	1.000	0.332	16.357	16.357	0.000	1	0.835	1.787	1.787	-86130.519		209.104	511	8.520	839113335642477896	839111791308092414	839111791308092413	2125	
1	C10H21N3O6	[M - H2O + H]+	C10H20N3O5+	1.000	0.333	33.974	33.974	0.000	6	0.750	2.111	2.111	-68703.835		262.140	511	8.523	839113427669703236	839111791240983542	839111791240983541	2123	
1	C17H25N3O7	[M + Na]+	C17H25N3NaO7+	0.999	1.000	194.716	192.200	2.516	53	0.959	0.876	1.902	-2.440		406.157	511	8.524	839113319137891377	839111791345841154	839111791345841153	2126	
1	C18H30N2O6	[M + H3N + H]+	C18H34N3O6+	0.989	0.333	101.842	101.842	0.000	26	0.604	1.071	1.071	0.715		388.244	512	8.529	839113271549317554	839111791412950026	839111791412950025	2128	
1	C19H37N5O6S	[M - H2O + H]+	C19H36N5O5S+	0.886	0.307	38.724	38.724	0.000	20	0.756	2.300	2.300	-40357.913		446.244	512	8.529	839113360187545231	839111792167924826	839111792167924825	2148	
1	C34H62N10O10	[M + H]+	C34H63N10O10+	0.528	0.265	47.577	47.577	0.000	12	0.931	1.583	1.654	2.496		771.474	512	8.531	839113862967163134	839111791454893070	839111791454893069	2129	
1	C15H25N5O5	[M - H2O + H]+	C15H24N5O4+	0.985	0.333	35.003	35.003	0.000	14	0.756	1.388	1.398	-53255.138		338.183	512	8.531	839113274233672177	839111791488447506	839111791484253201	2130	
1	C15H34F2N4O6	[M - H2O + H]+	C15H33F2N4O5+	1.000	0.314	43.856	43.856	0.000	21	0.331	3.043	3.043	-46506.970		387.242	512	8.532	839113282769080923	839111791559750682	839111791559750681	2132	
1	C17H33N5O6	[M - H2O + H]+	C17H32N5O5+	1.000	0.333	77.917	73.086	4.830	12	0.932	0.709	0.709	-46629.023		386.240	512	8.532	839113287789662939	839111791526196246	839111791526196245	2131	
1	C11H22N4O8	[M - H2O + H]+	C11H21N4O7+	1.000	0.333	133.001	129.989	3.012	36	0.941	1.154	1.154	-56082.101		321.141	512	8.534	839113334124139809	839111791593305118	839111791593305117	2133	
1	C11H20N4O7	[M + Na]+	C11H20N4NaO7+	0.995	1.000	29.108	29.108	0.000	11	0.147	1.391	1.391	1.764		343.123	512	8.537	839113292906713956	839111791626859554	839111791626859553	2134	
1	C14H30N4O6	[M - H2O + H]+	C14H29N4O5+	1.000	0.333	87.008	83.851	3.156	26	0.891	1.798	1.798	-54050.080		333.214	512	8.539	839113291556148009	839111791698162730	839111791698162729	2136	
1	C13H22N4O10	[M - H2O + H]+	C13H21N4O9+	1.000	0.333	154.672	149.252	5.420	41	0.933	0.793	0.793	-47754.554		377.131	513	8.542	839113346593805751	839111791769465906	839111791769465905	2138	
1	C9H16N4O4	[M - H2O + H]+	C9H15N4O3+	1.000	0.333	58.226	54.992	3.234	11	0.995	1.392	1.392	-79300.379		227.114	513	8.544	839113339501237664	839111791731717166	839111791731717165	2137	
1	C7H22N6O2	[M + Na]+	C7H22N6NaO2+	1.000	0.001	100.334	100.334	0.000	21	0.604	2.460	2.490	-1.854		245.169	513	8.558	839113478580166076	839111791140320234	839111791140320233	2120	
1	C15H30N4O6	[M - H2O + H]+	C15H29N4O5+	1.000	0.333	62.849	62.849	0.000	13	0.734	0.581	0.678	-52170.996		345.214	514	8.562	839113350247044602	839111791840769082	839111791840769081	2140	
1	C16H33N5O6	[M - H2O + H]+	C16H32N5O5+	1.000	0.333	34.176	34.176	0.000	14	0.745	1.789	1.789	-48123.831		374.240	514	8.562	839113712987238411	839111791912072258	839111791907877953	2142	
1	C14H28N4O5	[M - H2O + H]+	C14H27N4O4+	1.000	0.333	66.657	66.657	0.000	27	0.823	1.335	1.335	-57138.194		315.203	514	8.562	839113669307755645	839111792029512782	839111792029512781	2145	
1	C14H31N3O4Si	[M - H2O + H]+	C14H30N3O3Si+	0.999	0.068	19.588	19.588	0.000	10	0.127	1.458	1.458	-56955.197		316.206	514	8.562	839113295578485666	839111791807214646	839111791807214645	2139	
1	C18H35BrN6O6	[M - H2O + H]+	C18H34BrN6O5+	0.975	0.032	67.962	67.962	0.000	26	0.600	3.024	3.024	-36516.262		493.178	514	8.562	839113392982808490	839111791949820998	839111791949820997	2143	
1	C11H23N3O4	[M - H2O + H]+	C11H22N3O3+	1.000	0.333	73.780	70.747	3.033	19	0.984	2.408	2.408	-73762.541		244.166	514	8.564	839113293451973500	839111791878517822	839111791878517821	2141	
1	C18H35BrN6O6	[M - H2O + H]+	C18H34BrN6O5+	0.973	0.332	71.907	71.907	0.000	26	0.593	1.988	1.988	-36516.683		493.178	514	8.565	839113407511877838	839111792553800838	839111792553800837	2160	
1	C13H26N6O5	[M - H2O + H]+	C13H25N6O4+	1.000	0.333	47.300	47.300	0.000	12	0.166	0.647	0.647	-54710.959		329.193	515	8.576	839113298522887095	839111791983375434	839111791983375433	2144	
1	C10H18N4O5	[M - H2O + H]+	C10H17N4O4+	1.000	0.333	61.183	58.214	2.969	10	0.992	1.153	1.153	-70045.111		257.125	515	8.579	839113670805122214	839111792063067218	839111792063067217	2146	
1	C21H40N6O7	[M - H2O + H]+	C21H39N6O6+	1.000	0.333	78.911	71.212	7.700	26	0.900	0.674	0.699	-38214.195		471.293	515	8.582	839113396074010580	839111792100815958	839111792100815957	2147	
1	C18H35N5O7	[M - H2O + H]+	C18H34N5O6+	0.999	0.326	41.989	41.989	0.000	17	0.724	1.902	1.902	-43267.785		416.251	515	8.586	839113494858260148	839111792235033698	839111792235033697	2150	
1	C14H28N4O5	[M + H]+	C14H29N4O5+	0.999	0.333	93.047	93.047	0.000	19	0.700	1.421	1.421	0.146		333.213	516	8.592	839113288284590832	839111792583160970	839111792583160969	2161	
1	C21H38N6O6	[M + Na]+	C21H38N6NaO6+	1.000	1.000	95.358	95.358	0.000	29	0.504	1.998	1.998	1.320		493.275	516	8.593	839113351626970654	839111792268588134	839111792268588133	2151	
1	C24H45N7O8	[M - H2O + H]+	C24H44N7O7+	1.000	0.000	81.114	79.005	2.109	41	0.858	1.001	1.001	-33208.068		542.330	516	8.593	839113370866243334	839111792205673566	839111792201479261	2149	
1	C17H33N5O7	[M - H2O + H]+	C17H32N5O6+	1.000	0.333	41.104	41.104	0.000	18	0.722	0.784	0.784	-44776.036		402.235	516	8.602	839113364633507518	839111792302142570	839111792302142569	2152	
1	C14H26N4O5S2	[M - H2O + H]+	C14H25N4O4S2+	0.871	0.194	58.618	58.618	0.000	19	0.347	0.960	1.120	-47758.025		377.131	517	8.613	839113308970898419	839111792960648374	839111792960648373	2172	
1	C39H44N6O6	[M - H2O + H]+	C39H43N6O5+	1.000	0.000	82.549	82.549	0.000	44	0.875	1.152	1.261	-26665.923		675.331	517	8.613	839113407805479147	839111792335697006	839111792335697005	2153	
1	C34H46N8O10	[M - H2O + H]+	C34H45N8O9+	0.753	0.330	58.008	58.008	0.000	30	0.788	0.779	0.837	-25393.283		709.329	517	8.613	839113908794128930	839111792377640050	839111792377640049	2154	
1	C31H41N11O7	[M - H2O + H]+	C31H40N11O6+	1.000	0.079	76.413	69.953	6.460	35	0.741	0.329	0.530	-27188.799		662.319	517	8.620	839113397105809420	839111792453137530	839111792453137529	2156	
1	C10H21N3O6	[M - H2O + H]+	C10H20N3O5+	1.000	0.333	53.686	53.686	0.000	10	0.694	0.598	0.598	-68705.078		262.140	517	8.622	839113500117917529	839111792520246402	839111792520246401	2159	
1	C28H48N8O8	[M + K]+	C28H48KN8O8+	1.000	1.000	98.823	98.823	0.000	35	0.703	0.410	0.510	-1.807		663.321	518	8.627	839113912988432972	839111792411194486	839111792411194485	2155	
1	C13H29N3O6S	[M - H2O + H]+	C13H28N3O5S+	0.999	0.333	21.547	21.547	0.000	6	0.175	0.520	0.520	-53256.992		338.175	518	8.639	839113374485927728	839111792855790762	839111792855790761	2169	
1	C13H23N5O9	[M - H2O + H]+	C13H22N5O8+	1.000	0.333	27.471	27.471	0.000	8	0.170	0.520	0.520	-47880.608		376.147	518	8.641	839113684201729476	839111792616715406	839111792616715405	2162	
1	C6H14N4O2	[M - H2O + H]+	C6H13N4O+	1.000	0.333	37.297	37.297	0.000	4	0.625	3.116	3.116	-114637.458		157.108	519	8.643	839113367544354558	839111792650269842	839111792650269841	2163	
1	C12H28N8O4	[M + Na]+	C12H28N8NaO4+	1.000	0.412	28.351	28.351	0.000	4	0.850	0.221	0.577	0.264		371.213	519	8.643	839113398875805743	839111792717378714	839111792713184409	2165	
1	C12H28N8O4	[M + H]+	C12H29N8O4+	0.855	0.333	62.374	58.575	3.799	8	0.922	0.689	0.689	-0.108		349.231	519	8.643	839113527674495457	839111792683824278	839111792683824277	2164	
1	C24H58N16O9	[M - H2O + H]+	C24H57N16O8+	0.956	0.333	41.905	35.413	6.492	8	0.986	1.362	1.362	-25822.624		697.454	519	8.643	839113528454636043	839111792788681890	839111792788681889	2167	
1	C18H44N12O7	[M - H2O + H]+	C18H43N12O6+	0.868	0.333	37.115	31.488	5.627	15	0.767	1.780	1.780	-34413.758		523.343	519	8.643	839113685439049182	839111792750933150	839111792750933149	2166	
1	C16H32N4O7	[M - H2O + H]+	C16H31N4O6+	1.000	0.333	138.407	135.397	3.010	42	0.923	0.198	1.278	-47998.634		375.224	519	8.644	839113413933357434	839111792889345198	839111792889345197	2170	
1	C19H35N5O10	[M - H2O + H]+	C19H34N5O9+	1.000	0.333	110.738	107.139	3.599	41	0.913	0.034	0.581	-37819.936		476.235	519	8.645	839113440466524877	839111792927093938	839111792927093937	2171	
1	C20H38N6O7	[M - H2O + H]+	C20H37N6O6+	1.000	0.333	81.330	81.330	0.000	33	0.709	0.896	0.930	-39383.956		457.278	519	8.647	839113572280919262	839111792822236326	839111792822236325	2168	
1	C6H14N4O2	[M + Na]+	C6H14N4NaO2+	1.000	1.000	16.840	16.840	0.000	3	0.052	0.722	0.722	0.779		197.101	519	8.652	839113374733391695	839111793057117378	839111793057117377	2175	
1	C15H31ClN4O7	[M - H2O + H]+	C15H30ClN4O6+	0.907	0.008	54.045	54.045	0.000	16	0.591	0.417	0.582	-45349.797		397.183	520	8.669	839113395168040895	839111793086477510	839111793086477509	2176	
1	C6H19N3O2Si	[M - H2O + H]+	C6H18N3OSi+	1.000	0.333	94.113	94.113	0.000	19	0.622	8.719	8.719	-102257.324		176.122	521	8.678	839113396682184702	839111793120031946	839111793120031945	2177	
1	C6H13N3O3	[M - H2O + H]+	C6H12N3O2+	1.000	0.333	91.657	89.107	2.550	13	0.837	3.083	3.083	-113923.465		158.093	521	8.678	839113783116002290	839111793157780686	839111793153586381	2178	
1	C5H13N3O2	[M - H2O + H]+	C5H12N3O+	1.000	0.333	33.933	31.539	2.394	5	0.982	9.320	9.320	-138437.749		130.098	521	8.679	839113355758360177	839111793195529426	839111793195529425	2179	
1	C22H32N4O4	[M - H2O + H]+	C22H31N4O3+	0.999	0.333	41.983	41.983	0.000	15	0.851	1.618	1.922	-45113.637		399.239	521	8.684	839113353594099255	839111793229083862	839111793229083861	2180	
1	C6H16N4O3	[M - H2O + H]+	C6H15N4O2+	1.000	0.333	77.165	72.116	5.049	16	0.975	1.956	1.956	-102846.988		175.119	521	8.685	839113353967392336	839111793262638298	839111793262638297	2181	
1	C31H47N7O6	[M + Na]+	C31H47N7NaO6+	0.742	0.989	64.369	62.095	2.273	26	0.834	1.310	1.310	4.223		636.351	521	8.690	839113533236142819	839111793300387038	839111793300387037	2182	
1	C31H41N11O7	[M - H2O + H]+	C31H40N11O6+	0.809	0.333	31.523	31.523	0.000	23	0.834	0.496	0.700	-27189.109		662.318	522	8.692	839113691575316044	839111793812092182	839111793807897877	2199	
1	C17H33N5O6	[M - H2O + H]+	C17H32N5O5+	1.000	0.333	90.551	90.551	0.000	21	0.577	0.725	0.725	-46630.134		386.240	522	8.693	839113377623267174	839111793845646618	839111793845646617	2200	
1	C23H43N5O12	[M + K]+	C23H43KN5O12+	0.984	0.996	26.037	26.037	0.000	19	0.761	0.304	0.649	-1.951		620.253	522	8.704	839113509223751806	839111793338135778	839111793338135777	2183	
1	C20H36N6O13	[M - H2O + H]+	C20H35N6O12+	1.000	0.000	146.378	139.898	6.480	51	0.963	0.008	0.551	-32672.219		551.231	523	8.719	839113396233394156	839111793422021866	839111793422021865	2185	
1	C25H44N6O10	[M - H2O + H]+	C25H43N6O9+	0.669	0.330	27.398	27.398	0.000	19	0.842	0.380	0.528	-31523.831		571.309	523	8.720	839113770952520545	839111793573016826	839111793573016825	2192	
1	C22H29N3O7	[M + H3N + H]+	C22H33N4O7+	0.937	0.308	58.092	58.092	0.000	22	0.458	0.732	1.448	2.631		465.236	524	8.725	839113798001587349	839111793463964910	839111793463964909	2188	
1	C27H33N3O5	[M - H2O + H]+	C27H32N3O4+	1.000	0.035	59.161	59.161	0.000	25	0.778	-0.135	0.821	-38963.442		462.239	524	8.726	839113406165506229	839111793501713650	839111793501713649	2190	
1	C14H28N4O5	[M - H2O + H]+	C14H27N4O4+	1.000	0.333	110.908	104.936	5.972	29	0.932	0.266	0.740	-57139.100		315.203	524	8.727	839113399748221027	839111793912755490	839111793912755489	2202	
1	C30H38N4O6	[M - H2O + H]+	C30H37N4O5+	1.000	0.333	75.499	75.431	0.067	32	0.800	-0.264	0.862	-33773.850		533.276	524	8.729	839113412847032646	839111793539462390	839111793539462389	2191	
1	C11H23N3O4	[M - H2O + H]+	C11H22N3O3+	1.000	0.333	74.203	70.872	3.331	14	0.980	1.104	1.104	-73763.200		244.166	524	8.736	839113366260897494	839111794151830846	839111794151830845	2209	
1	C21H35N5O7S	[M - H2O + H]+	C21H34N5O6S+	0.964	0.332	46.836	46.836	0.000	17	0.842	0.371	0.454	-37199.553		484.220	524	8.737	839113386691352464	839111793371690214	839111793371690213	2184	
1	C13H26N4O5	[M - H2O + H]+	C13H25N4O4+	1.000	0.333	61.703	61.703	0.000	13	0.379	0.436	0.453	-59798.067		301.187	525	8.744	839113672503815358	839111793640125698	839111793640125697	2194	
1	C17H26N4O12	[M + H]+	C17H27N4O12+	1.000	0.000	149.675	146.256	3.420	52	0.972	-0.354	0.660	0.149		479.162	525	8.750	839113727839269122	839111793677874438	839111793677874437	2195	
1	C11H22N2O7	[M - H2O + H]+	C11H21N2O6+	1.000	0.333	93.001	89.909	3.093	22	0.962	0.734	1.003	-64986.700		277.140	525	8.752	839113358249776763	839111793715623178	839111793711428873	2196	
1	C9H16N4O4	[M - H2O + H]+	C9H15N4O3+	1.000	0.333	50.979	50.979	0.000	7	0.916	0.396	0.494	-79301.758		227.114	525	8.753	839113797728957570	839111793778537746	839111793778537745	2198	
1	C9H16N3O9P	[M - H2O + H]+	C9H15N3O8P+	0.978	0.204	8.353	8.353	0.000	2	0.130	0.775	0.775	-55577.914		324.059	525	8.753	839113800283288775	839111793744983310	839111793744983309	2197	
1	C8H18N2	[M + H3N + H]+	C8H22N3+	1.000	0.500	25.805	25.805	0.000	4	0.097	1.174	1.174	0.442		160.181	525	8.757	839113509274083472	839111793606571262	839111793606571261	2193	
1	C30H54N6O8S	[M + K]+	C30H54KN6O8S+	0.805	0.811	32.016	32.016	0.000	16	0.890	0.441	0.441	2.909		697.338	526	8.762	839113404370344073	839111793879201054	839111793879201053	2201	
1	C17H33N5O6S2	[M - H2O + H]+	C17H32N5O5S2+	0.922	0.301	30.115	30.115	0.000	15	0.722	0.349	0.357	-40007.188		450.184	526	8.767	839113532778963641	839111793979864362	839111793979864361	2204	
1	C20H38N6O7	[M - H2O + H]+	C20H37N6O6+	1.000	0.333	50.972	50.972	0.000	12	0.915	0.411	0.411	-39384.945		457.278	526	8.774	839113444291730188	839111794441237854	839111794441237853	2217	
1	C13H28N4O5	[M - H2O + H]+	C13H27N4O4+	1.000	0.333	72.115	72.115	0.000	13	0.407	0.411	0.497	-59400.747		303.203	526	8.774	839113406102591648	839111793946309926	839111793946309925	2203	
1	C26H33N9O8	[M + Na]+	C26H33N9NaO8+	0.993	0.613	165.162	165.162	0.000	53	0.959	-0.468	0.773	-3.824		622.232	527	8.776	839113996153092950	839111794013418798	839111794013418797	2205	
1	C37H51N7O10S	[M - H2O + H]+	C37H50N7O9S+	0.420	0.282	101.190	101.190	0.000	45	0.907	-0.067	1.599	-23442.167		768.338	527	8.784	839113970764970768	839111794046973234	839111794046973233	2206	
1	C19H37N5O7	[M - H2O + H]+	C19H36N5O6+	1.000	0.333	99.635	97.098	2.537	43	0.931	1.324	1.493	-41858.534		430.266	527	8.785	839113417959889312	839111794084721974	839111794084721973	2207	
1	C22H32F3N5O9	[M - H2O + H]+	C22H31F3N5O8+	0.997	0.005	205.790	205.790	0.000	56	0.984	-0.904	1.670	-32735.978		550.211	528	8.802	839113954348464891	839111794223134022	839111794223134021	2211	
1	C14H30N4O6	[M - H2O + H]+	C14H29N4O5+	1.000	0.333	104.040	100.615	3.426	35	0.966	-0.045	0.622	-54050.997		333.213	528	8.806	839113416902924686	839111794256688458	839111794256688457	2212	
1	C11H19N5O5	[M - H2O + H]+	C11H18N5O4+	1.000	0.333	35.911	35.911	0.000	7	0.270	0.251	0.531	-63386.455		284.136	528	8.807	839113730850779491	839111794290242894	839111794290242893	2213	
1	C20H29F3N4O8	[M - H2O + H]+	C20H28F3N4O7+	0.956	0.006	208.443	205.829	2.614	55	0.970	-0.697	1.038	-36519.235		493.190	529	8.810	839113677679586657	839111794340574546	839111794340574545	2214	
1	C25H36N4O13	[M + Na]+	C25H36N4NaO13+	1.000	1.000	179.773	176.697	3.076	53	0.965	-0.858	1.246	-2.981		623.215	529	8.815	839113976636996391	839111794378323286	839111794378323285	2215	
1	C28H43N5O10	[M - H2O + H]+	C28H42N5O9+	0.870	0.333	31.005	31.005	0.000	23	0.715	0.306	0.404	-30407.793		592.298	529	8.817	839114014662556524	839111794814530954	839111794814530953	2228	
1	C21H30N4O6S	[M + H3N + H]+	C21H34N5O6S+	0.991	0.333	84.852	84.852	0.000	24	0.491	0.390	0.441	-4.236		484.220	530	8.828	839113669093846115	839111794579649902	839111794579649901	2221	
1	C18H24N6O4S2	[M + H3N + H]+	C18H28N7O4S2+	0.659	0.000	43.894	43.894	0.000	12	0.502	0.730	0.730	1.615		470.165	530	8.829	839113707601751980	839111794474792290	839111794474792289	2218	
1	C19H37N5O6S	[M - H2O + H]+	C19H36N5O5S+	1.000	0.333	120.237	120.237	0.000	27	0.699	0.575	0.575	-40358.554		446.244	530	8.833	839113705563320172	839111794189579586	839111794185385281	2210	
1	C27H44N3O9	[M + H3N + H]+	C27H48N4O9+	0.687	0.004	50.964	50.964	0.000	29	0.709	-1.751	1.844	-1.294		572.341	530	8.833	839113473261788489	839111794411877722	839111794407683417	2216	
1	C15H25N5O5	[M - H2O + H]+	C15H24N5O4+	0.997	0.333	53.428	53.428	0.000	10	0.915	0.797	0.797	-53256.695		338.182	530	8.834	839113432883223192	839111794508346726	839111794508346725	2219	
1	C16H32N4O7	[M - H2O + H]+	C16H31N4O6+	1.000	0.333	103.319	103.319	0.000	40	0.917	0.359	1.422	-47998.942		375.224	530	8.838	839113447827528514	839111794718061950	839111794718061949	2225	
1	C7H14S	[M + H3N + H]+	C7H18NS+	0.986	0.499	18.892	18.277	0.615	3	0.187	8.251	8.251	3.869		148.116	530	8.840	839113473408589156	839111794118276410	839111794118276409	2208	
1	C19H36N6O7	[M - H2O + H]+	C19H35N6O6+	1.000	0.333	32.239	32.239	0.000	14	0.827	0.441	0.441	-40630.517		443.262	531	8.842	839113488008961626	839111794785170822	839111794785170821	2227	
1	C6H16N2O3	[M - H2O + H]+	C6H15N2O2+	1.000	0.333	35.122	30.570	4.552	5	0.991	4.100	4.100	-122425.941		147.113	531	8.843	839113766045184826	839111794613204338	839111794613204337	2222	
1	C31H40N4O7	[M - H2O + H]+	C31H39N4O6+	1.000	0.333	94.170	91.843	2.327	41	0.821	-0.018	0.591	-31973.734		563.287	531	8.843	839113853018273906	839111794650953078	839111794650953077	2223	
1	C12H26N6O5	[M - H2O + H]+	C12H25N6O4+	1.000	0.333	57.495	57.495	0.000	10	0.917	0.467	0.467	-56780.958		317.193	531	8.844	839113911134550586	839111794684507514	839111794684507513	2224	
1	C11H23N5O4	[M - H2O + H]+	C11H22N5O3+	1.000	0.333	79.826	79.826	0.000	23	0.715	0.438	0.438	-66172.501		272.172	531	8.854	839113491767058037	839111795057800614	839111795057800613	2236	
1	C15H29N5O6	[M - H2O + H]+	C15H28N5O5+	1.000	0.333	43.590	43.590	0.000	17	0.809	1.084	1.084	-50278.459		358.209	532	8.859	839113409873271065	839111794885834130	839111794885834129	2230	
1	C14H34N4O5S	[M + H]+	C14H35N4O5S+	0.999	0.404	36.616	36.616	0.000	17	0.917	0.221	0.292	0.437		371.232	532	8.859	839113420749101498	839111794541901162	839111794541901161	2220	
1	C14H19N3O10	[M + H3N + H]+	C14H23N4O10+	0.799	0.333	38.376	38.376	0.000	9	0.488	0.720	0.720	0.726		407.141	532	8.868	839113429536168557	839111794852279694	839111794852279693	2229	
1	C21H40N6O8	[M - H2O + H]+	C21H39N6O7+	1.000	0.333	96.726	93.743	2.983	37	0.915	0.560	0.575	-36959.784		487.288	532	8.875	839113459819043962	839111794923582870	839111794923582869	2231	
1	C6H11ClO3	[M + H3N + H]+	C6H15ClNO3+	0.506	0.498	7.779	7.779	0.000	1	0.203	0.237	0.962	-0.475		184.073	533	8.876	839113794520314921	839111794952943002	839111794952943001	2232	
1	C11H18N4O6	[M - H2O + H]+	C11H17N4O5+	1.000	0.333	59.752	59.752	0.000	9	0.468	1.659	1.659	-63166.949		285.120	533	8.880	839113422271633880	839111794990691742	839111794986497437	2234	
1	C15H25N3O5	[M - H2O + H]+	C15H24N3O4+	1.000	0.333	65.074	61.907	3.167	18	0.972	1.241	2.117	-58065.409		310.176	533	8.886	839113462176242835	839111795024246178	839111795024246177	2235	
1	C9H16N3O9P	[M - H2O + H]+	C9H15N3O8P+	0.999	0.322	15.486	15.486	0.000	4	0.232	2.531	2.531	-55577.198		324.059	534	8.897	839113451388492693	839111795225572794	839111795225572793	2241	
1	C15H31N5O6	[M - H2O + H]+	C15H30N5O5+	1.000	0.333	110.198	110.198	0.000	19	0.637	1.297	1.297	-49996.600		360.225	534	8.900	839113432220523141	839111795091355050	839111795091355049	2237	
1	C7H16N2O5S	[M - H2O + H]+	C7H15N2O4S+	0.999	0.333	38.194	35.730	2.464	8	0.992	0.971	0.971	-80736.433		223.075	534	8.902	839113556216734722	839111795192018358	839111795192018357	2240	
1	C10H18N4O5	[M - H2O + H]+	C10H17N4O4+	1.000	0.333	52.212	52.212	0.000	9	0.845	0.616	0.715	-70045.694		257.125	534	8.907	839113559052084271	839111795120715182	839111795120715181	2238	
1	C16H33N5O6	[M - H2O + H]+	C16H32N5O5+	1.000	0.333	105.219	102.739	2.480	42	0.927	1.050	1.560	-48124.013		374.240	535	8.909	839113441057921762	839111795154269618	839111795154269617	2239	
1	C17H33N5O6	[M - H2O + H]+	C17H32N5O5+	1.000	0.333	118.921	116.332	2.589	41	0.924	0.237	0.497	-46628.833		386.240	535	8.921	839113453892492275	839111795267515838	839111795267515837	2242	
1	C19H37N5O6S	[M - H2O + H]+	C19H36N5O5S+	1.000	0.333	84.813	84.813	0.000	33	0.708	1.560	1.560	-40358.018		446.244	535	8.923	839113739465879991	839111795368179146	839111795368179145	2245	
1	C17H33N5O7	[M - H2O + H]+	C17H32N5O6+	1.000	0.333	136.966	136.966	0.000	29	0.495	2.376	2.376	-44775.504		402.235	536	8.937	839113649875544767	839111795468842454	839111795468842453	2248	
1	C17H22N6O4	[M + H3N + H]+	C17H26N7O4+	0.985	0.333	86.056	86.056	0.000	33	0.762	0.665	1.580	1.661		392.205	536	8.939	839113531814273696	839111795435288018	839111795435288017	2247	
1	C24H28N2O4	[M - H2O + H]+	C24H27N2O3+	1.000	0.000	86.920	86.920	0.000	33	0.697	0.539	1.422	-46039.618		391.201	536	8.942	839113450398636895	839111795338819014	839111795338819013	2244	
1	C11H18N4O4	[M - H2O + H]+	C11H17N4O3+	1.000	0.048	44.218	44.218	0.000	7	0.548	2.353	2.353	-71149.576		253.130	537	8.943	839113463803632826	839111795569505762	839111795569505761	2251	
1	C6H13N3O2	[M - H2O + H]+	C6H12N3O+	0.648	0.333	84.830	84.830	0.000	15	0.011	5.572	5.572	-126746.624		142.098	537	8.949	839113454383225865	839111795401733582	839111795401733581	2246	
1	C14H29N5O6	[M - H2O + H]+	C14H28N5O5+	1.000	0.333	46.429	46.429	0.000	16	0.793	2.208	2.208	-52021.260		346.209	537	8.953	839113796692964444	839111795301070274	839111795301070273	2243	
1	C14H28N4O6	[M - H2O + H]+	C14H27N4O5+	1.000	0.333	41.910	41.910	0.000	18	0.739	2.411	2.411	-54378.213		331.198	538	8.962	839113424574306797	839111795502396890	839111795502396889	2249	
1	C14H29N5O6	[M - H2O + H]+	C14H28N5O5+	1.000	0.333	34.140	34.140	0.000	15	0.846	0.921	0.921	-52021.549		346.209	538	8.968	839113467549146337	839111795535951326	839111795535951325	2250	
1	C12H24N4O7	[M - H2O + H]+	C12H23N4O6+	1.000	0.333	53.765	53.765	0.000	9	0.656	1.831	1.831	-56429.926		319.162	540	8.995	839113464806071502	839111795598865894	839111795598865893	2252	
1	C17H33N7O7	[M - H2O + H]+	C17H32N7O6+	1.000	0.333	41.791	41.791	0.000	20	0.801	0.382	0.459	-41858.918		430.242	541	9.011	839113446518905639	839111795632420330	839111795632420329	2253	
1	C5H7N5O2	[M - H2O + H]+	C5H6N5O+	1.000	0.333	19.375	19.375	0.000	4	0.039	1.708	1.708	-118445.069		152.057	541	9.013	839113559257605189	839111795733083634	839111795728889329	2255	
1	C11H20N5O4PS2	[M - H2O + H]+	C11H19N5O3PS2+	1.000	0.009	10.018	10.018	0.000	6	0.235	1.755	1.755	-49471.894		364.066	541	9.015	839113513615188137	839111795905050118	839111795905050117	2260	
1	C12H26N4O8	[M - H2O + H]+	C12H25N4O7+	0.616	0.182	59.087	59.087	0.000	11	0.510	2.143	2.143	-53415.524		337.172	541	9.018	839113451229109098	839111795762443766	839111795762443765	2256	
1	C18H33N5O8	[M - H2O + H]+	C18H32N5O7+	0.911	0.333	60.162	60.162	0.000	29	0.642	2.041	2.226	-41861.904		430.230	541	9.019	839113504597434365	839111795938604554	839111795938604553	2261	
1	C12H26N4O5	[M - H2O + H]+	C12H25N4O4+	1.000	0.333	75.165	71.961	3.204	21	0.920	0.766	1.306	-62278.634		289.187	541	9.020	839113508955316330	839111795871495682	839111795871495681	2259	
1	C11H24N6O5	[M - H2O + H]+	C11H23N6O4+	1.000	0.333	39.289	39.289	0.000	16	0.805	0.897	0.949	-59405.650		303.178	541	9.022	839113512394645652	839111795972158990	839111795972158989	2262	
1	C11H18N4O6	[M - H2O + H]+	C11H17N4O5+	1.000	0.333	59.925	59.925	0.000	10	0.779	0.563	0.563	-63167.378		285.120	542	9.029	839113486754864707	839111796035073558	839111796035073557	2264	
1	C12H21N7O3	[M - H2O + H]+	C12H20N7O2+	0.999	0.330	35.763	35.763	0.000	8	0.841	0.927	0.927	-61224.481		294.168	542	9.040	839113451354938236	839111796102182430	839111796102182429	2266	
1	C15H31N5O6	[M - H2O + H]+	C15H30N5O5+	1.000	0.333	34.950	34.950	0.000	14	0.786	0.947	0.947	-49996.687		360.225	542	9.042	839113453141711839	839111796072822298	839111796072822297	2265	
1	C8H14N4O4	[M - H2O + H]+	C8H13N4O3+	1.000	0.333	30.394	30.394	0.000	6	0.266	0.775	0.775	-84516.737		213.098	543	9.048	839113452080552879	839111796202845738	839111796202845737	2269	
1	C16H27N5O8S	[M - H2O + H]+	C16H26N5O7S+	0.408	0.153	27.414	27.414	0.000	12	0.268	1.103	1.292	-41674.676		432.155	543	9.050	839113535534621436	839111796173485606	839111796173485605	2268	
1	C30H38N4O7	[M - H2O + H]+	C30H37N4O6+	0.994	0.107	77.632	77.632	0.000	35	0.808	0.118	0.950	-32789.395		549.271	543	9.053	839113472175463714	839111796139931170	839111796139931169	2267	
1	C19H28N5O3	[M - H2O + H]+	C19H27N5O2+	0.358	0.139	37.141	37.141	0.000	11	0.876	1.065	1.065	-50416.418		357.217	543	9.053	839113455129811986	839111796240594478	839111796236400173	2270	
1	C24H35N5O5S	[M + Na]+	C24H35N5NaO5S+	0.735	0.269	92.132	92.132	0.000	39	0.539	-3.115	3.182	-0.929		528.225	543	9.058	839113828129273608	839111795665974766	839111795665974765	2254	
1	C12H21N5O6	[M - H2O + H]+	C12H20N5O5+	1.000	0.333	96.033	96.033	0.000	37	0.719	0.572	0.849	-57330.182		314.146	544	9.059	839113470715845899	839111796005713426	839111796005713425	2263	
1	C24H39N3O6S	[M + Na]+	C24H39N3NaO6S+	1.000	1.000	91.689	91.689	0.000	37	0.754	-2.650	2.650	-1.476		520.244	544	9.064	839113879597578615	839111795837941246	839111795837941245	2258	
1	C5H12OSi	[M + H3N + H]+	C5H16NOSi+	0.623	0.464	21.024	21.024	0.000	4	0.002	8.019	8.019	6.174		134.100	544	9.065	839113676849114437	839111796269954610	839111796269954609	2271	
1	C24H45N7O9	[M - H2O + H]+	C24H44N7O8+	0.791	0.331	91.037	91.037	0.000	45	0.681	0.872	0.970	-32256.131		558.326	544	9.071	839113608595204077	839111795795998202	839111795795998201	2257	
1	C5H14N2O3	[M - H2O + H]+	C5H13N2O2+	1.000	0.333	37.513	34.784	2.730	3	0.984	1.290	1.290	-135317.602		133.097	545	9.076	839113509072756856	839111796303509046	839111796303509045	2272	
1	C13H26N4O5	[M - H2O + H]+	C13H25N4O4+	1.000	0.333	76.956	76.956	0.000	14	0.685	1.070	1.085	-59797.345		301.187	545	9.080	839113457411513423	839111796337063482	839111796337063481	2273	
1	C9H21N5O4	[M - H2O + H]+	C9H20N5O3+	1.000	0.333	132.610	129.645	2.965	42	0.968	-0.042	0.976	-73166.893		246.156	545	9.085	839113475212139907	839111796437726790	839111796437726789	2276	
1	C13H28N6O6	[M - H2O + H]+	C13H27N6O5+	1.000	0.333	40.963	40.963	0.000	18	0.864	0.316	0.316	-51873.624		347.204	546	9.096	839113514328219857	839111796471281226	839111796471281225	2277	
1	C12H26N6O5	[M - H2O + H]+	C12H25N6O4+	1.000	0.333	83.662	83.662	0.000	40	0.900	-0.266	1.667	-56780.792		317.193	546	9.107	839113479674879442	839111796647442014	839111796647442013	2282	
1	C8H18N2	[M + H3N + H]+	C8H22N3+	0.997	0.500	17.317	17.317	0.000	3	0.072	1.188	1.188	0.474		160.181	547	9.109	839113457478622305	839111796399978050	839111796399978049	2275	
1	C7H16N2	[M + H3N + H]+	C7H20N3+	1.000	0.500	30.045	30.045	0.000	5	0.036	6.959	6.959	1.238		146.165	547	9.116	839113479737794019	839111796370617918	839111796370617917	2274	
1	C10H16N4O6	[M - H2O + H]+	C10H15N4O5+	1.000	0.333	40.975	40.975	0.000	7	0.368	1.111	1.337	-66433.524		271.104	547	9.118	839113459017931877	839111796576138838	839111796576138837	2280	
1	C14H26N4O9	[M - H2O + H]+	C14H25N4O8+	1.000	0.333	142.037	138.831	3.206	46	0.895	-0.891	1.227	-47751.490		377.167	547	9.118	839113554006336453	839111796509029966	839111796509029965	2278	
1	C19H39N5O7	[M + K]+	C19H39KN5O7+	0.993	0.938	90.128	90.128	0.000	29	0.518	0.664	0.970	-2.922		488.247	547	9.119	839113877039053153	839111796609693274	839111796609693273	2281	
1	C29H35N3O7	[M - H2O + H]+	C29H34N3O6+	1.000	0.327	63.491	63.491	0.000	29	0.835	-0.447	2.423	-34619.487		520.244	547	9.123	839113829614057250	839111796542584402	839111796542584401	2279	
1	C18H34N6O7	[M - H2O + H]+	C18H33N6O6+	1.000	0.333	70.914	70.914	0.000	28	0.707	0.572	0.611	-41957.661		429.246	548	9.136	839113481843334632	839111796680996450	839111796680996449	2283	
1	C12H26N4O5	[M - H2O + H]+	C12H25N4O4+	1.000	0.333	47.617	47.617	0.000	14	0.784	0.563	0.577	-62279.957		289.187	548	9.139	839113470187363573	839111796790048366	839111796790048365	2286	
1	C16H33N5O7	[M - H2O + H]+	C16H32N5O6+	1.000	0.333	110.275	110.275	0.000	43	0.954	-0.244	1.556	-46152.650		390.235	548	9.141	839113496380792545	839111796752299626	839111796752299625	2285	
1	C24H45N7O9	[M - H2O + H]+	C24H44N7O8+	1.000	0.333	84.852	81.612	3.240	38	0.910	-0.131	0.709	-32256.620		558.325	549	9.146	839113518354751818	839111796718745190	839111796718745189	2284	
1	C19H36N6O8	[M - H2O + H]+	C19H35N6O7+	0.920	0.332	92.381	92.381	0.000	31	0.695	0.690	0.762	-39215.342		459.257	550	9.161	839113557487608858	839111796823602802	839111796823602801	2288	
1	C25H36N4O13	[M + Na]+	C25H36N4NaO13+	0.995	0.990	199.138	193.197	5.940	54	0.974	-1.022	1.312	-1.425		623.216	550	9.164	839113816523634135	839111796861351542	839111796861351541	2289	
1	C20H38N6O8	[M - H2O + H]+	C20H37N6O7+	1.000	0.333	89.194	85.669	3.525	36	0.904	-1.170	1.336	-38054.587		473.272	550	9.165	839113719719096481	839111796932654718	839111796932654717	2291	
1	C38H56N6O14	[M - H2O + H]+	C38H55N6O13+	1.000	0.327	123.742	123.742	0.000	48	0.941	-0.561	1.269	-22422.477		803.379	550	9.165	839113783606735872	839111796894905978	839111796894905977	2290	
1	C6H11N3O3	[M - H2O + H]+	C6H10N3O2+	1.000	0.333	51.918	51.918	0.000	8	0.638	4.078	4.078	-115394.726		156.077	550	9.170	839113470380301572	839111797133981334	839111797133981333	2297	
1	C11H24N4O5	[M - H2O + H]+	C11H23N4O4+	1.000	0.333	48.428	48.428	0.000	17	0.775	0.346	0.401	-65451.927		275.171	550	9.175	839113472271932728	839111796966209154	839111796966209153	2292	
1	C11H18N4O4	[M - H2O + H]+	C11H17N4O3+	1.000	0.333	66.869	66.869	0.000	12	0.544	1.070	1.134	-71150.867		253.130	551	9.179	839113721174519991	839111797381445298	839111797381445297	2304	
1	C13H22N6O4	[M - H2O + H]+	C13H21N6O3+	1.000	0.333	27.782	27.782	0.000	6	0.696	0.775	0.961	-58259.178		309.166	551	9.179	839113474033540458	839111797104621202	839111797104621201	2296	
1	C16H30N4O9	[M - H2O + H]+	C16H29N4O8+	0.999	0.333	136.923	133.747	3.176	39	0.929	-1.204	1.656	-44448.183		405.198	551	9.181	839113495332216524	839111797003957894	839111797003957893	2293	
1	C12H26N6O6	[M - H2O + H]+	C12H25N6O5+	1.000	0.333	104.952	104.952	0.000	22	0.683	0.686	0.709	-54055.371		333.188	551	9.186	839113499052564274	839111797033318026	839111797033318025	2294	
1	C13H28N4O6	[M - H2O + H]+	C13H27N4O5+	1.000	0.333	152.146	152.146	0.000	47	0.950	-0.767	1.340	-56424.455		319.198	551	9.186	839113729806397753	839111797071066766	839111797071066765	2295	
1	C18H37N5O7Si	[M - H2O + H]+	C18H36N5O6Si+	0.966	0.330	88.411	88.411	0.000	28	0.680	0.754	0.866	-40358.447		446.244	552	9.193	839113529545155143	839111797234644642	839111797234644641	2300	
1	C11H18N4O4	[M - H2O + H]+	C11H17N4O3+	1.000	0.333	52.742	52.742	0.000	10	0.424	0.724	0.796	-71150.930		253.130	552	9.201	839113499908202308	839111797725378266	839111797725378265	2314	
1	C9H14N4O4	[M - H2O + H]+	C9H13N4O3+	1.000	0.333	26.056	26.056	0.000	6	0.189	0.676	0.676	-80011.676		225.098	552	9.202	839113493373476490	839111797167535770	839111797167535769	2298	
1	C9H16N4O5	[M - H2O + H]+	C9H15N4O4+	1.000	0.333	56.995	53.812	3.183	11	0.995	-0.839	1.055	-74083.641		243.109	552	9.206	839113494682099357	839111797301753514	839111797301753513	2302	
1	C11H19N5O5	[M - H2O + H]+	C11H18N5O4+	1.000	0.333	76.201	73.157	3.044	19	0.988	-0.603	0.909	-63386.679		284.135	552	9.207	839113501523009410	839111797201090206	839111797201090205	2299	
1	C18H35N5O7	[M - H2O + H]+	C18H34N5O6+	1.000	0.333	111.193	108.883	2.310	45	0.954	-0.739	1.277	-43268.637		416.250	553	9.215	839113506677809177	839111797347890862	839111797347890861	2303	
1	C9H20B2N4O5	[M - H2O + H]+	C9H19B2N4O4+	1.000	0.333	12.089	12.089	0.000	5	0.422	0.378	0.582	-67418.573		267.165	553	9.215	839113530388210269	839111797268199078	839111797268199077	2301	
1	C12H21N5O3	[M - H2O + H]+	C12H20N5O2+	1.000	0.333	113.381	110.646	2.735	40	0.944	-1.354	1.692	-67667.218		266.161	553	9.217	839113501325877097	839111797419194038	839111797419194037	2305	
1	C18H36N6O7	[M - H2O + H]+	C18H35N6O6+	0.949	0.332	61.771	61.771	0.000	19	0.763	0.721	0.805	-41761.763		431.262	554	9.230	839113514164641981	839111797452748474	839111797452748473	2306	
1	C14H28N4O7	[M - H2O + H]+	C14H27N4O6+	1.000	0.330	38.654	38.654	0.000	14	0.856	-0.080	0.679	-51874.353		347.193	554	9.231	839113533034816207	839111797557606086	839111797557606085	2309	
1	C22H32N4O11	[M + Na]+	C22H32N4NaO11+	0.994	0.985	206.980	203.436	3.544	55	0.978	-1.422	1.610	-1.666		551.195	554	9.231	839113902913714677	839111797490497214	839111797490497213	2307	
1	C10H23N5O4	[M - H2O + H]+	C10H22N5O3+	1.000	0.333	79.901	79.901	0.000	17	0.674	0.497	0.497	-69225.132		260.172	554	9.232	839113706582536093	839111797524051650	839111797524051649	2308	
1	C10H23N5O5	[M - H2O + H]+	C10H22N5O4+	1.000	0.333	169.146	166.724	2.421	53	0.823	-0.031	1.114	-65217.301		276.166	555	9.242	839113560507507829	839111797591160522	839111797591160521	2310	
1	C21H39N7O8	[M - H2O + H]+	C21H38N7O7+	0.972	0.302	74.393	74.393	0.000	30	0.631	0.763	0.904	-36000.034		500.283	555	9.242	839113718318198904	839111797691823830	839111797691823829	2313	
1	C10H17N5O5	[M - H2O + H]+	C10H16N5O4+	1.000	0.333	51.275	48.593	2.683	15	1.000	-0.576	0.991	-66675.965		270.120	555	9.247	839113503024570321	839111797662463698	839111797662463697	2312	
1	C19H40N5O9PS	[M - H2O + H]+	C19H39N5O8PS+	0.998	0.101	99.414	99.414	0.000	49	0.926	-1.017	1.482	-34098.253		528.224	555	9.249	839113884764961175	839111797628909262	839111797628909261	2311	
1	C10H21N5O6	[M - H2O + H]+	C10H20N5O5+	1.000	0.333	65.527	65.527	0.000	19	0.689	0.522	0.522	-62074.478		290.146	556	9.262	839113502781300656	839111797758932702	839111797758932701	2315	
1	C18H37N5O7Si	[M - H2O + H]+	C18H36N5O6Si+	0.949	0.164	49.556	49.556	0.000	22	0.794	0.601	0.808	-40358.715		446.244	556	9.268	839113531516478089	839111798299997982	839111798299997981	2331	
1	C9H21N5O4	[M - H2O + H]+	C9H20N5O3+	1.000	0.333	103.854	100.243	3.611	32	0.953	-0.533	1.034	-73166.718		246.156	556	9.273	839113535639479061	839111797792487138	839111797792487137	2316	
1	C14H30N4O7	[M - H2O + H]+	C14H29N4O6+	0.951	0.333	51.408	51.408	0.000	14	0.894	-0.623	0.784	-51575.218		349.208	557	9.279	839113536990044991	839111797826041574	839111797826041573	2317	
1	C8H19N5O4	[M - H2O + H]+	C8H18N5O3+	1.000	0.333	141.373	138.532	2.841	45	0.949	0.781	1.444	-77584.211		232.141	557	9.282	839113517369090338	839111797863790314	839111797859596009	2318	
1	C12H26N6O3	[M - H2O + H]+	C12H25N6O2+	0.988	0.333	32.734	32.734	0.000	17	0.713	-0.102	1.638	-63149.516		285.203	558	9.292	839113502634499997	839111797897344750	839111797897344749	2319	
1	C16H26N4O4	[M + Na]+	C16H26N4NaO4+	0.496	0.928	41.780	41.780	0.000	10	0.677	-4.257	4.728	-4.017		361.183	558	9.300	839113506963021870	839111797998008058	839111797998008057	2322	
1	C10H21N3O6	[M - H2O + H]+	C10H20N3O5+	1.000	0.333	63.586	63.586	0.000	11	0.419	0.458	0.458	-68705.343		262.140	558	9.304	839113798408434858	839111797930899186	839111797930899185	2320	
1	C23H22N4O6	[M + K]+	C23H22KN4O6+	0.877	0.137	84.333	84.333	0.000	40	0.927	-1.774	2.054	-3.972		489.115	558	9.306	839113605747271565	839111797964453622	839111797964453621	2321	
1	C9H21N3O4	[M - H2O + H]+	C9H20N3O3+	1.000	0.333	66.806	63.541	3.265	14	0.986	0.438	1.109	-82559.837		218.150	559	9.312	839113502890352581	839111798065116930	839111798065116929	2324	
1	C9H18N2O4	[M - H2O + H]+	C9H17N2O3+	1.000	0.333	36.397	36.397	0.000	5	0.329	1.167	1.167	-89549.288		201.123	559	9.312	839113798777533627	839111798027368190	839111798027368189	2323	
1	C25H45N7O12	[M - H2O + H]+	C25H44N7O11+	1.000	0.333	105.599	101.913	3.686	47	0.941	-1.592	1.889	-29127.716		618.310	559	9.316	839113656028588897	839111798136420106	839111798136420105	2326	
1	C12H26N4O6	[M - H2O + H]+	C12H25N4O5+	1.000	0.333	128.683	125.512	3.171	38	0.907	-1.015	2.011	-59015.675		305.182	559	9.321	839113597480298236	839111798174168846	839111798174168845	2327	
1	C15H29N7O6	[M - H2O + H]+	C15H28N7O5+	0.972	0.328	41.128	41.128	0.000	23	0.818	0.488	0.564	-46632.095		386.215	559	9.323	839113517545251122	839111798098671366	839111798098671365	2325	
1	C10H23N3O4	[M - H2O + H]+	C10H22N3O3+	1.000	0.333	169.741	169.741	0.000	47	0.824	0.878	1.348	-77575.931		232.166	560	9.328	839113656552876921	839111798237083414	839111798237083413	2329	
1	C20H37N7O8	[M - H2O + H]+	C20H36N7O7+	0.738	0.000	16.762	16.762	0.000	27	0.666	0.515	0.545	-37036.711		486.268	560	9.328	839113706511232906	839111798203528978	839111798203528977	2328	
1	C25H43N4O7	[M - H2O + H]+	C25H42N4O6+	0.956	0.319	121.922	121.922	0.000	29	0.610	-0.010	1.772	-36438.044		494.309	560	9.329	839113602064672602	839111798270637850	839111798270637849	2330	
1	C8H18N2	[M + H3N + H]+	C8H22N3+	1.000	0.500	29.504	29.504	0.000	4	0.297	1.253	1.253	0.349		160.181	560	9.337	839113706574147482	839111798505518902	839111798505518901	2338	
1	C7H16N2	[M + H3N + H]+	C7H20N3+	1.000	0.500	46.023	46.023	0.000	7	0.275	8.291	8.291	0.896		146.165	560	9.339	839113517633331526	839111798476158770	839111798476158769	2337	
1	C9H16N4O5	[M - H2O + H]+	C9H15N4O4+	1.000	0.333	32.203	32.203	0.000	7	0.276	0.726	0.726	-74083.464		243.109	560	9.339	839113514462437605	839111798744594258	839111798744594257	2345	
1	C10H23N3O5	[M - H2O + H]+	C10H22N3O4+	1.000	0.333	86.955	83.444	3.511	20	0.992	-0.168	1.147	-72576.421		248.160	561	9.353	839113515758477567	839111798337746722	839111798337746721	2333	
1	C10H26N2O4Si	[M - H2O + H]+	C10H25N2O3Si+	1.000	0.333	127.891	127.891	0.000	27	0.653	5.182	5.182	-72281.567		249.164	561	9.353	839113520594510175	839111798375495462	839111798371301157	2334	
1	C20H41N5O8Si	[M - H2O + H]+	C20H40N5O7Si+	0.998	0.004	101.604	101.604	0.000	47	0.875	-0.070	2.017	-36733.880		490.270	561	9.358	839113582552769995	839111798409049898	839111798409049897	2335	
1	C20H38N6O9	[M - H2O + H]+	C20H37N6O8+	1.000	0.333	102.521	98.915	3.605	45	0.896	-1.860	2.080	-36810.617		489.267	562	9.359	839113554685813720	839111798442604334	839111798442604333	2336	
1	C12H26N4O3	[M - H2O + H]+	C12H25N4O2+	1.000	0.333	47.517	47.517	0.000	12	0.283	0.510	0.679	-70025.963		257.197	562	9.372	839113516605726998	839111798643930950	839111798643930949	2342	
1	C11H25N3O5S	[M - H2O + H]+	C11H24N3O4S+	1.000	0.333	101.318	98.322	2.996	36	0.966	0.227	1.044	-61229.824		294.148	562	9.373	839113524000285109	839111798543267642	839111798543267641	2339	
1	C11H25N5O5S	[M - H2O + H]+	C11H24N5O4S+	0.998	0.058	60.500	60.500	0.000	25	0.748	0.551	0.551	-55906.932		322.154	562	9.373	839113540412597077	839111798572627774	839111798572627773	2340	
1	C13H23N5O6	[M + H3N + H]+	C13H27N6O6+	0.998	0.333	117.260	117.260	0.000	23	0.713	0.345	0.614	-0.149		363.199	563	9.380	839113546444006287	839111798606182210	839111798606182209	2341	
1	C14H28N4O7	[M - H2O + H]+	C14H27N4O6+	1.000	0.333	130.742	127.376	3.365	45	0.953	-1.684	2.503	-51874.535		347.193	563	9.385	839113529008284209	839111798711039822	839111798711039821	2344	
1	C20H33N5O5S2	[M + H3N + H]+	C20H37N6O5S2+	0.997	0.000	111.904	111.904	0.000	26	0.601	-1.406	2.564	-1.003		505.226	563	9.391	839113616048482500	839111798778148694	839111798778148693	2346	
1	C14H29N5O7	[M - H2O + H]+	C14H28N5O6+	1.000	0.333	48.977	48.977	0.000	18	0.872	0.418	0.439	-49724.363		362.204	564	9.399	839113523547300244	839111798874617698	839111798874617697	2349	
1	C10H22N6O5	[M - H2O + H]+	C10H21N6O4+	1.000	0.327	43.756	43.756	0.000	19	0.512	0.514	0.550	-62285.293		289.162	564	9.402	839113528781791768	839111798841063262	839111798841063261	2348	
1	C11H21N3O5	[M + H]+	C11H22N3O5+	1.000	0.333	142.391	139.223	3.168	34	0.933	0.283	1.955	1.422		276.156	564	9.405	839113560134214736	839111798811703130	839111798811703129	2347	
1	C8H19N3O4	[M - H2O + H]+	C8H18N3O3+	1.000	0.333	88.732	85.725	3.006	20	0.997	-0.306	1.428	-88228.254		204.134	565	9.413	839113560469759079	839111798908172134	839111798908172133	2350	
1	C9H21N5O5	[M - H2O + H]+	C9H20N5O4+	1.000	0.333	48.882	48.882	0.000	14	0.739	0.560	0.560	-68702.658		262.151	565	9.423	839113530694394486	839111798941726570	839111798941726569	2351	
1	C21H28N4O14	[M + H3N + H]+	C21H32N5O14+	0.822	0.332	113.064	113.064	0.000	32	0.263	-0.279	2.674	0.420		578.194	566	9.439	839113893275204044	839111798971086702	839111798971086701	2352	
1	C6H10N2O4	[M - H2O + H]+	C6H9N2O3+	1.000	0.333	26.769	26.769	0.000	4	0.105	0.627	0.930	-114672.151		157.061	567	9.443	839113523895427496	839111799042389878	839111799042389877	2354	
1	C15H30N4O8	[M - H2O + H]+	C15H29N4O7+	1.000	0.333	62.422	62.422	0.000	21	0.864	0.290	0.489	-47747.455		377.203	567	9.455	839113596435916516	839111799008835442	839111799008835441	2353	
1	C9H11FN2O4	[M - H2O + H]+	C9H10FN2O3+	0.611	0.300	20.152	20.152	0.000	6	0.487	2.507	3.970	-84535.051		213.066	570	9.493	839113597912311566	839111799071750010	839111799071750009	2355	
1	C11H23N5O6	[M - H2O + H]+	C11H22N5O5+	1.000	0.333	108.681	105.955	2.726	39	0.972	-1.327	2.061	-59213.413		304.162	570	9.508	839113528022622711	839111799138858882	839111799138858881	2357	
1	C10H22N4O5	[M - H2O + H]+	C10H21N4O4+	1.000	0.333	69.248	69.248	0.000	18	0.777	0.290	0.721	-68963.911		261.156	570	9.508	839113708167983044	839111799105304446	839111799105304445	2356	
1	C16H31N5O8	[M - H2O + H]+	C16H30N5O7+	1.000	0.333	136.623	133.489	3.134	38	0.948	-1.973	2.296	-44556.476		404.214	571	9.512	839113582888314335	839111799205967754	839111799205967753	2359	
1	C17H33N5O7	[M - H2O + H]+	C17H32N5O6+	0.942	0.332	67.747	67.747	0.000	17	0.679	-0.000	2.160	-44775.816		402.235	571	9.514	839113536537060134	839111799172413318	839111799172413317	2358	
1	C14H28N6O8	[M - H2O + H]+	C14H27N6O7+	0.934	0.333	31.150	31.150	0.000	18	0.836	0.390	1.483	-46039.948		391.194	571	9.515	839113543084368744	839111799302436754	839111799302436753	2361	
1	C13H28N4O7	[M - H2O + H]+	C13H27N4O6+	1.000	0.333	41.726	41.726	0.000	16	0.798	0.510	0.932	-53731.911		335.193	571	9.519	839113552638993325	839111799273076622	839111799268882317	2360	
1	C11H23N3O6	[M - H2O + H]+	C11H22N3O5+	1.000	0.333	84.433	81.042	3.391	23	0.962	-0.554	1.953	-65217.511		276.156	571	9.520	839113574893970726	839111799344379798	839111799344379797	2362	
1	C9H21N3O5	[M - H2O + H]+	C9H20N3O4+	1.000	0.333	113.224	113.224	0.000	28	0.915	0.102	1.806	-76920.259		234.145	572	9.531	839113577167283538	839111799377934234	839111799377934233	2363	
1	C12H26N4O6	[M - H2O + H]+	C12H25N4O5+	1.000	0.333	105.155	105.155	0.000	21	0.689	0.283	0.889	-59016.716		305.182	572	9.541	839113545995215740	839111799453431714	839111799453431713	2365	
1	C18H37N5O8Si	[M - H2O + H]+	C18H36N5O7Si+	0.619	0.018	15.806	15.806	0.000	15	0.790	0.532	0.659	-38962.816		462.238	573	9.543	839113587233613378	839111799830919118	839111799830919117	2376	
1	C13H22N6O6	[M - H2O + H]+	C13H21N6O5+	1.000	0.333	111.576	108.834	2.741	39	0.953	-2.144	2.488	-52792.273		341.157	573	9.547	839113564416599175	839111799419877278	839111799419877277	2364	
1	C10H24N5O7	[M - H2O + H]+	C10H23N5O6+	0.988	0.000	72.601	72.601	0.000	23	0.554	0.650	0.753	-58251.314		309.166	573	9.547	839113566115292322	839111799486986150	839111799486986149	2366	
1	C14H20N4O3S	[M + H3N + H]+	C14H24N5O3S+	0.836	0.333	30.603	30.603	0.000	11	0.271	0.832	1.277	3.004		342.160	573	9.556	839113837939750770	839111799520540586	839111799520540585	2367	
1	C15H29N5O8	[M - H2O + H]+	C15H28N5O7+	0.686	0.280	34.494	34.494	0.000	14	0.703	0.069	1.238	-46157.475		390.198	574	9.571	839113843308459972	839111799583455154	839111799583455153	2369	
1	C9H21N5O5	[M - H2O + H]+	C9H20N5O4+	1.000	0.333	131.979	129.053	2.926	48	0.964	-0.607	1.733	-68702.821		262.151	575	9.575	839113607013951417	839111799621203894	839111799621203893	2370	
1	C19H32N8O9	[M - H2O + H]+	C19H31N8O8+	0.461	0.331	47.188	47.188	0.000	10	0.712	0.107	0.297	-36078.924		499.225	575	9.576	839113604874856304	839111799654758330	839111799654758329	2371	
1	C18H21Br4N3O4	[M - H2O + H]+	C18H20Br4N3O3+	0.646	0.327	7.936	7.936	0.000	8	0.139	-1.015	1.368	-28063.144		641.822	575	9.583	839113547429667749	839111799696701374	839111799696701373	2372	
1	C6H10N2O4	[M - H2O + H]+	C6H9N2O3+	1.000	0.333	48.307	48.307	0.000	9	0.314	1.608	3.578	-114672.151		157.061	576	9.599	839113844126349277	839111799797364682	839111799797364681	2375	
1	C14H24N2O4S	[M + H3N + H]+	C14H28N3O4S+	0.973	0.333	19.527	19.527	0.000	7	0.059	1.367	2.355	2.712		334.180	576	9.604	839113812916532551	839111799730255810	839111799730255809	2373	
1	C13H26N4O7	[M - H2O + H]+	C13H25N4O6+	1.000	0.333	94.911	91.539	3.372	31	0.945	-1.776	2.216	-54056.914		333.177	576	9.607	839113614018439325	839111799768004550	839111799763810245	2374	
1	C13H16N5O3	[M + H3N + H]+	C13H20N6O3+	0.996	0.136	86.974	86.974	0.000	18	0.670	0.481	2.135	-1.979		308.159	577	9.617	839113616979618016	839111799931582426	839111799927388121	2379	
1	C13H24N4O9S2	[M - H2O + H]+	C13H23N4O8S2+	0.994	0.333	86.730	86.730	0.000	26	0.635	0.154	0.817	-42169.279		427.095	577	9.621	839113569542038727	839111799864473554	839111799864473553	2377	
1	C10H16N5O9P	[M - H2O + H]+	C10H15N5O8P+	0.826	0.113	2.434	2.434	0.000	1	0.050	-0.874	0.963	-49470.602		364.065	577	9.624	839113709371748304	839111799965136862	839111799960942557	2380	
1	C14H23N3O7	[M + H3N + H]+	C14H27N4O7+	0.632	0.300	33.149	33.149	0.000	15	0.723	0.176	0.921	0.191		363.187	578	9.625	839113714182615071	839111799994496994	839111799994496993	2381	
1	C10H21N5O6	[M - H2O + H]+	C10H20N5O5+	1.000	0.333	69.944	69.944	0.000	13	0.814	0.135	0.211	-62074.039		290.146	580	9.665	839113716179103825	839111800061605866	839111800061605865	2383	
1	C13H28N4O7	[M - H2O + H]+	C13H27N4O6+	1.000	0.333	49.737	49.737	0.000	16	0.787	0.083	0.282	-53732.335		335.192	581	9.678	839113573845394700	839111800124520434	839111800124520433	2385	
1	C9H11FN2O4	[M - H2O + H]+	C9H10FN2O3+	0.621	0.296	20.467	20.467	0.000	6	0.476	2.174	4.038	-84535.102		213.066	581	9.682	839113574927525176	839111800028051430	839111800028051429	2382	
1	C19H32N6O9	[M - H2O + H]+	C19H31N6O8+	0.531	0.333	79.687	79.687	0.000	19	0.623	-0.075	1.592	-38223.245		471.219	581	9.689	839113584079496696	839111800158074870	839111800158074869	2386	
1	C10H21N3O6	[M - H2O + H]+	C10H20N3O5+	1.000	0.333	69.107	69.107	0.000	12	0.658	0.481	0.546	-68704.202		262.140	581	9.690	839113567390360761	839111800225183742	839111800225183741	2388	
1	C9H21N3O5	[M - H2O + H]+	C9H20N3O4+	1.000	0.333	103.016	99.863	3.152	25	0.987	-0.610	1.707	-76920.397		234.145	581	9.690	839113605915043745	839111800195823610	839111800195823609	2387	
1	C17H31N7O6	[M + Na]+	C17H31N7NaO6+	0.959	0.985	29.200	29.200	0.000	14	0.769	0.154	0.587	4.373		452.225	582	9.693	839113577502827904	839111800267126786	839111800267126785	2389	
1	C28H38N4O8	[M + H3N + H]+	C28H42N5O8+	0.992	0.328	62.152	62.152	0.000	32	0.747	-1.702	1.859	-0.763		576.302	583	9.711	839113687951437312	839111800338429962	839111800338429961	2391	
1	C15H31N5O7	[M - H2O + H]+	C15H30N5O6+	1.000	0.333	71.350	71.350	0.000	24	0.741	0.160	0.333	-47872.157		376.219	583	9.714	839113715071807545	839111800371984398	839111800371984397	2392	
1	C13H26N4O8	[M - H2O + H]+	C13H25N4O7+	1.000	0.333	105.885	102.676	3.210	34	0.910	-1.465	2.515	-51580.440		349.172	583	9.721	839113699158617892	839111800409733138	839111800405538833	2393	
1	C11H24N4O6	[M - H2O + H]+	C11H23N4O5+	1.000	0.333	74.357	74.357	0.000	15	0.591	0.171	0.940	-61856.558		291.166	584	9.729	839113700454657845	839111800439093270	839111800439093269	2394	
1	C25H40N8O7	[M + Na]+	C25H40N8NaO7+	0.495	0.829	25.037	25.037	0.000	11	0.226	0.275	0.471	1.556		587.292	584	9.738	839113687573949927	839111800296486918	839111800296486917	2390	
1	C15H23N3O8	[M + H3N + H]+	C15H27N4O8+	0.788	0.330	52.224	52.224	0.000	12	0.698	0.240	0.632	0.421		391.183	584	9.740	839113572519994614	839111800472647706	839111800472647705	2395	
1	C12H23N3O8S	[M - H2O + H]+	C12H22N3O7S+	0.949	0.333	83.575	83.575	0.000	19	0.466	0.358	0.752	-51149.385		352.117	585	9.756	839113586029848082	839111800502007838	839111800502007837	2396	
1	C11H24N6O5	[M - H2O + H]+	C11H23N6O4+	1.000	0.333	127.788	122.622	5.167	43	0.966	-0.539	1.596	-59405.685		303.178	589	9.813	839113586864514604	839111800573311014	839111800573311013	2398	
1	C11H24N4O5	[M - H2O + H]+	C11H23N4O4+	1.000	0.333	72.155	68.993	3.162	18	0.992	0.092	2.020	-65451.869		275.171	589	9.813	839113607404021706	839111800539756578	839111800539756577	2397	
1	C15H23N3O8	[M + H3N + H]+	C15H27N4O8+	0.986	0.331	41.913	41.913	0.000	24	0.662	-1.741	2.764	0.511		391.183	590	9.840	839113595831936718	839111800606865450	839111800606865449	2399	
1	C9H21N5O5	[M - H2O + H]+	C9H20N5O4+	1.000	0.333	117.885	117.885	0.000	43	0.953	0.106	1.361	-68702.372		262.151	591	9.847	839113589628561028	839111800640419886	839111800640419885	2400	
1	C9H21N3O5	[M - H2O + H]+	C9H20N3O4+	1.000	0.333	67.823	67.823	0.000	17	0.975	1.288	2.311	-76920.489		234.145	592	9.859	839113590660359844	839111800673974322	839111800673974321	2401	
1	C8H19N5O4	[M - H2O + H]+	C8H18N5O3+	1.000	0.333	99.272	99.272	0.000	33	0.967	-0.125	1.442	-77584.211		232.141	593	9.881	839113577305695594	839111800707528758	839111800707528757	2402	
1	C10H22N4O5	[M - H2O + H]+	C10H21N4O4+	1.000	0.333	58.273	58.273	0.000	18	0.991	-0.355	2.471	-68964.361		261.156	594	9.892	839113588340909686	839111800741083194	839111800741083193	2403	
1	C10H22N6O5	[M - H2O + H]+	C10H21N6O4+	1.000	0.333	38.175	38.175	0.000	14	0.816	0.340	0.350	-62285.256		289.162	594	9.892	839113591906068156	839111800774637630	839111800774637629	2404	
1	C8H19N3O4	[M - H2O + H]+	C8H18N3O3+	1.000	0.333	60.115	60.115	0.000	10	0.510	-0.178	0.495	-88228.360		204.134	596	9.938	839113577452496250	839111800803997762	839111800803997761	2405	
1	C14H20Br2IN3O5S2	[M - H2O + H]+	C14H19Br2IN3O4S2+	0.277	0.072	0.642	0.642	0.000	2	0.152	-2.075	2.075	-28061.681		641.822	597	9.949	839113579096663451	839111800875300938	839111800875300937	2407	
1	C25H46N14O9	[M - H2O + H]+	C25H45N14O8+	0.886	0.333	48.316	48.316	0.000	26	0.727	0.214	0.282	-26910.118		669.352	597	9.949	839113674328337617	839111800837552198	839111800837552197	2406	
1	C23H28N5O3	[M - H2O + H]+	C23H27N5O2+	0.268	0.035	16.813	16.813	0.000	10	0.103	2.693	2.693	-44444.517		405.217	597	9.958	839113581932012976	839111800904661070	839111800904661069	2408	
1	C16H31N5O8	[M - H2O + H]+	C16H30N5O7+	1.000	0.333	130.598	126.885	3.713	44	0.942	-1.770	2.212	-44556.709		404.214	598	9.958	839113600005269314	839111800946604114	839111800946604113	2409	
1	C6H11N3O3	[M - H2O + H]+	C6H10N3O2+	1.000	0.333	50.365	50.365	0.000	8	0.452	3.626	3.626	-115395.119		156.077	598	9.960	839113700593069893	839111801194068078	839111801194068077	2416	
1	C18H37N5O8Si	[M - H2O + H]+	C18H36N5O7Si+	0.503	0.147	32.295	32.295	0.000	12	0.836	0.001	0.337	-38962.996		462.238	598	9.967	839113609819940891	839111801085016162	839111801085016161	2413	
1	C28H38N4O8	[M + H3N + H]+	C28H42N5O8+	0.999	0.329	35.778	35.778	0.000	23	0.772	-0.305	1.401	-0.520		576.302	598	9.968	839113642028001899	839111801017907290	839111801017907289	2411	
1	C11H18N4O4	[M - H2O + H]+	C11H17N4O3+	1.000	0.333	55.886	55.886	0.000	11	0.379	0.752	2.047	-71151.375		253.130	599	9.987	839113608528095194	839111800980158550	839111800980158549	2410	
1	C14H29N5O7	[M - H2O + H]+	C14H28N5O6+	1.000	0.333	139.215	135.898	3.317	49	0.950	-1.541	1.793	-49724.798		362.203	599	9.990	839113608813307910	839111801118570598	839111801118570597	2414	
1	C15H29N5O8	[M - H2O + H]+	C15H28N5O7+	1.000	0.333	118.554	115.216	3.338	44	0.940	-1.723	2.168	-46156.859		390.199	600	10.005	839113610407143481	839111801227622514	839111801227622513	2417	
1	C18H36N2O13	[M - H2O + H]+	C18H35N2O12+	0.992	0.332	154.236	150.513	3.723	48	0.925	-1.061	2.194	-38220.318		471.219	600	10.008	839113650487913176	839111801269565558	839111801269565557	2418	
1	C17H24ClFN2O2	[M - H2O + H]+	C17H23ClFN2O+	0.787	0.198	12.661	12.661	0.000	3	0.553	-1.229	1.229	-55392.836		325.147	605	10.081	839113676379352364	839111801298925690	839111801298925689	2421	
1	C17H24ClFN2O2	[M - H2O + H]+	C17H23ClFN2O+	0.790	0.210	13.005	13.005	0.000	3	0.534	-1.286	1.286	-55392.868		325.147	609	10.142	839113599447426856	839111801399588998	839111801399588997	2424	
1	C22H16Br3NO5	[M + K]+	C22H16Br3KNO5+	1.000	1.000	5.073	5.073	0.000	1	0.240	-2.669	2.669	-2.088		649.820	611	10.179	839113676610039107	839111801332480126	839111801332480125	2422	
1	C25H40N8O7	[M + Na]+	C25H40N8NaO7+	0.174	0.274	5.072	5.072	0.000	3	0.041	-1.171	3.813	1.471		587.292	611	10.190	839113639314287144	839111801437337738	839111801437337737	2425	
1	C35H50N4O10	[M - H2O + H]+	C35H49N4O9+	0.691	0.319	16.603	16.603	0.000	10	0.531	2.435	3.044	-26903.496		669.352	612	10.204	839113815030461868	839111801366034562	839111801366034561	2423	
1	C22H16Br3NO5	[M + K]+	C22H16Br3KNO5+	1.000	1.000	4.987	4.987	0.000	1	0.234	-2.675	2.675	-2.019		649.820	613	10.218	839113616254003420	839111801470892174	839111801470892173	2426	
1	C12H21N2OS	[M + H3N + H]+	C12H25N3OS+	1.000	0.333	111.813	111.813	0.000	20	0.524	2.375	2.375	-0.250		259.171	616	10.271	839113618158217466	839111801504446610	839111801504446609	2427	
1	C27H33N3O5	[M - H2O + H]+	C27H32N3O4+	0.961	0.280	48.178	48.178	0.000	13	0.586	-0.080	1.051	-38964.734		462.238	620	10.334	839113662290684931	839111801538001046	839111801538001045	2428	
1	C25H43N4O7	[M - H2O + H]+	C25H42N4O6+	1.000	0.010	17.641	17.641	0.000	11	0.415	0.105	2.482	-36437.845		494.309	626	10.428	839113610851739738	839111801571555482	839111801571555481	2429	
1	C27H33N3O5	[M - H2O + H]+	C27H32N3O4+	0.927	0.082	19.369	19.369	0.000	9	0.397	0.037	0.983	-38964.756		462.238	627	10.444	839113613729032326	839111801605109918	839111801605109917	2430	
1	C8H18N2	[M + H3N + H]+	C8H22N3+	1.000	0.500	32.153	32.153	0.000	5	0.465	2.500	2.606	0.130		160.181	630	10.497	839113705647206274	839111801777076402	839111801777076401	2436	
1	C25H33N7O4	[M + Na]+	C25H33N7NaO4+	1.000	0.909	28.166	28.166	0.000	12	0.298	-1.211	1.915	-1.994		518.248	630	10.501	839113741323956708	839111801709967530	839111801709967529	2434	
1	C18H34N6O5	[M - H2O + H]+	C18H33N6O4+	1.000	0.333	68.638	68.638	0.000	15	0.609	0.135	0.553	-45337.320		397.256	630	10.506	839113745824444998	839111801642858658	839111801642858657	2432	
1	C7H16N2	[M + H3N + H]+	C7H20N3+	1.000	0.500	37.463	37.463	0.000	6	0.193	7.474	7.474	-0.062		146.165	630	10.508	839113610918848618	839111801915488450	839111801915488449	2440	
1	C19H39N5O8	[M + K]+	C19H39KN5O8+	0.722	0.001	105.230	105.230	0.000	47	0.894	-1.338	1.801	-2.521		504.242	631	10.509	839113690623208995	839111801676413094	839111801676413093	2433	
1	C15H9BrI2N2O	[M + K]+	C15H9BrI2KN2O+	1.000	1.000	-1.351	-1.351	0.000	0	0.000	-1.559	1.559	-1.718		604.761	631	10.524	839113617097058551	839111801743521966	839111801743521965	2435	
1	C23H46N6O8	[M - H2O + H]+	C23H45N6O7+	1.000	0.333	109.447	106.300	3.146	38	0.911	-1.068	1.768	-34812.751		517.335	632	10.534	839113624156072295	839111801814825142	839111801814825141	2437	
1	C22H41N5O7	[M - H2O + H]+	C22H40N5O6+	0.991	0.294	5.690	5.690	0.000	3	0.187	1.801	1.801	-38295.442		470.298	633	10.550	839113612999223406	839111801944848582	839111801944848581	2441	
1	C12H21N2OS	[M + H3N + H]+	C12H25N3OS+	1.000	0.333	114.728	114.728	0.000	22	0.622	1.429	1.641	0.714		259.171	633	10.553	839113624952990100	839111801881934014	839111801881934013	2439	
1	C25H43N4O7	[M - H2O + H]+	C25H42N4O6+	1.000	0.013	9.514	9.514	0.000	11	0.459	0.559	2.498	-36437.803		494.309	637	10.612	839113624646805892	839111801978403018	839111801978403017	2442	
1	C14H20Br2IN3O5S2	[M - H2O + H]+	C14H19Br2IN3O4S2+	0.232	0.016	0.954	0.954	0.000	2	0.198	-1.441	1.441	-28061.713		641.822	637	10.623	839113627763173834	839111801848379578	839111801844185273	2438	
1	C17H31F2N9O5	[M - H2O + H]+	C17H30F2N9O4+	0.592	0.275	17.661	17.661	0.000	10	0.438	0.049	0.113	-38963.914		462.238	638	10.626	839113639750494786	839111802112620762	839111802112620761	2446	
1	C9H21F2N5O2	[M - H2O + H]+	C9H20F2N5O+	0.630	0.326	9.285	9.285	0.000	2	0.728	-0.131	0.131	-71424.297		252.163	639	10.650	839113730209050953	839111802079066326	839111802079066325	2445	
1	C6H11N3O3	[M - H2O + H]+	C6H10N3O2+	1.000	0.333	57.509	57.509	0.000	9	0.262	4.920	4.920	-115395.083		156.077	640	10.670	839113662680755227	839111802045511890	839111802045511889	2444	
1	C25H33N7O4	[M + Na]+	C25H33N7NaO4+	0.999	0.508	29.087	29.087	0.000	13	0.332	0.205	1.759	-2.003		518.248	641	10.680	839113692334485088	839111802011957454	839111802011957453	2443	
1	C10H14N2O6S	[M + H3N + H]+	C10H18N3O6S+	0.963	0.333	56.274	56.274	0.000	11	0.188	0.240	1.500	-0.074		308.091	643	10.716	839113623891831098	839111802221672678	839111802221672677	2449	
1	C25H43N4O7	[M - H2O + H]+	C25H42N4O6+	1.000	0.028	15.638	15.638	0.000	12	0.505	0.049	2.121	-36437.772		494.309	643	10.721	839113623745030439	839111802188118242	839111802188118241	2448	
1	C25H33N7O4	[M + Na]+	C25H33N7NaO4+	0.860	0.991	108.434	102.616	5.818	41	0.937	-1.236	1.494	-2.032		518.248	647	10.790	839113637825309192	839111802259421418	839111802259421417	2450	
1	C25H43N4O7	[M - H2O + H]+	C25H42N4O6+	1.000	0.005	2.968	2.968	0.000	8	0.479	0.049	1.787	-36437.814		494.309	649	10.811	839113627628956089	839111802397833466	839111802397833465	2454	
1	C7H16N2	[M + H3N + H]+	C7H20N3+	1.000	0.500	33.374	33.374	0.000	5	0.363	6.629	6.629	0.006		146.165	651	10.851	839113637934361124	839111802288781550	839111802288781549	2451	
1	C32H43ClN6O6	[M + Na]+	C32H43ClN6NaO6+	0.974	0.993	86.925	86.925	0.000	45	0.863	-0.816	0.934	0.719		665.283	651	10.853	839113807912727773	839111802435582206	839111802435582205	2456	
1	C29H42N5O9	[M - H2O + H]+	C29H41N5O8+	0.782	0.009	12.928	12.928	0.000	11	0.339	-0.102	0.668	-30672.063		587.292	651	10.855	839113653683972861	839111802360084726	839111802360084725	2453	
1	C8H18N2	[M + H3N + H]+	C8H22N3+	0.836	0.500	33.698	33.698	0.000	5	0.836	2.918	2.918	0.099		160.181	652	10.860	839113653746887448	839111802326530290	839111802326530289	2452	
1	C25H33N7O4	[M + Na]+	C25H33N7NaO4+	1.000	0.943	55.701	55.701	0.000	16	0.413	-1.311	1.649	-2.023		518.248	655	10.922	839113670717041804	839111802469136642	839111802469136641	2458	
1	C17H37N5O5	[M - H2O + H]+	C17H36N5O4+	1.000	0.333	40.500	40.500	0.000	8	0.829	0.119	0.171	-48120.876		374.276	657	10.942	839113640971037276	839111802498496774	839111802498496773	2459	
1	C25H43N4O7	[M - H2O + H]+	C25H42N4O6+	0.999	0.005	13.240	13.240	0.000	12	0.604	0.889	1.865	-36437.782		494.309	658	10.961	839113812694234429	839111802532051210	839111802532051209	2460	
1	C22H41N5O7	[M - H2O + H]+	C22H40N5O6+	0.974	0.265	4.554	4.554	0.000	3	0.302	0.258	0.869	-38295.387		470.298	659	10.983	839113814124492147	839111802565605646	839111802565605645	2461	
1	C29H42N5O9	[M - H2O + H]+	C29H41N5O8+	0.793	0.012	17.059	17.059	0.000	9	0.392	-0.144	0.197	-30671.466		587.292	662	11.040	839113654225038129	839111802594965778	839111802594965777	2462	
1	C12H23N5O4	[M - H2O + H]+	C12H22N5O3+	1.000	0.333	71.094	68.017	3.077	17	0.985	-0.840	1.713	-63379.070		284.172	672	11.202	839113654984207178	839111802666268954	839111802666268953	2464	
1	C21H24Cl3F2N7O7	[M - H2O + H]+	C21H23Cl3F2N7O6+	0.461	0.023	-1.300	-1.300	0.000	4	0.138	-0.032	0.988	-29424.550		612.074	674	11.231	839113661678316544	839111802628520214	839111802628520213	2463	
1	C17H35N7O5	[M - H2O + H]+	C17H34N7O4+	0.944	0.333	31.146	31.146	0.000	8	0.125	-0.115	1.579	-44996.227		400.267	675	11.255	839113694591020731	839111802729183522	839111802729183521	2466	
1	C18H25N5O16P2	[M - H2O + H]+	C18H24N5O15P2+	0.282	0.207	8.153	8.153	0.000	6	0.030	1.212	1.847	-29424.676		612.074	676	11.263	839113681563512197	839111802829846826	839111802825652521	2468	
1	C3H10N2O13	[M - H2O + H]+	C3H9N2O12+	0.312	0.065	4.056	4.056	0.000	2	0.202	2.358	2.358	-67958.030		265.016	678	11.293	839113816632686063	839111802792098086	839111802792098085	2467	
1	C3H8N2O6	[M - H2O + H]+	C3H7N2O5+	0.413	0.156	25.090	25.090	0.000	5	0.113	4.547	4.547	-119245.350		151.035	679	11.310	839113682368818590	839111802892761394	839111802892761393	2470	
1	C13H6ClNO3	[M - H2O + H]+	C13H5ClNO2+	0.490	0.163	12.175	12.175	0.000	3	0.085	-3.352	3.352	-74426.882		242.000	679	11.312	839113818868250202	839111802859206958	839111802859206957	2469	
1	C21H24Cl3F2N7O7	[M - H2O + H]+	C21H23Cl3F2N7O6+	0.308	0.005	1.659	1.659	0.000	8	0.251	-2.423	2.423	-29424.566		612.074	680	11.333	839113725532401903	839111802959870266	839111802959870265	2472	
1	C7H16N2	[M + H3N + H]+	C7H20N3+	1.000	0.500	33.840	33.840	0.000	5	0.420	6.453	6.453	-0.028		146.165	681	11.343	839113682435927470	839111802926315830	839111802926315829	2471	
1	C17H35N7O5	[M - H2O + H]+	C17H34N7O4+	0.963	0.333	29.190	29.190	0.000	10	0.343	-0.026	1.756	-44996.280		400.267	689	11.487	839113663372815393	839111802993424702	839111802993424701	2473	
1	C12H23N5O4	[M - H2O + H]+	C12H22N5O3+	1.000	0.333	79.662	76.527	3.135	21	0.976	-0.280	1.594	-63379.220		284.172	692	11.528	839113697220849382	839111803031173442	839111803031173441	2474	
1	C25H33N7O4	[M + Na]+	C25H33N7NaO4+	0.996	0.500	50.028	50.028	0.000	16	0.360	-1.456	2.017	-2.129		518.248	693	11.552	839113695689928396	839111803064727878	839111803064727877	2475	
1	C16H26N6O14P2	[M + Na]+	C16H26N6NaO14P2+	0.505	0.845	15.163	15.163	0.000	8	0.036	-1.774	1.925	4.666		611.090	699	11.649	839113716418179170	839111803068922186	839111803068922185	2476	
1	C14H27N3O6	[M - H2O + H]+	C14H26N3O5+	1.000	0.263	5.210	5.210	0.000	1	0.151	0.970	1.085	-56959.689		316.187	705	11.751	839113683211873713	839111803068922190	839111803068922189	2477	
