cluster index	parent mass	RTMean	ATTRIBUTE_group:GNPSGROUP:nan	ATTRIBUTE_group:GNPSGROUP:1F12	ATTRIBUTE_group:GNPSGROUP:Control_LB	ATTRIBUTE_group:GNPSGROUP:phzC	ATTRIBUTE_group:GNPSGROUP:pvdE	ATTRIBUTE_group:GNPSGROUP:R47	ATTRIBUTE_replicate:GNPSGROUP:nan	ATTRIBUTE_replicate:GNPSGROUP:1.0	ATTRIBUTE_replicate:GNPSGROUP:2.0	ATTRIBUTE_replicate:GNPSGROUP:3.0	ATTRIBUTE_replicate:GNPSGROUP:4.0
1	297.0824536022017	0.48884472	0	0.0	0.0	0.0	0.0	0.0	0	0.0	0.0	0.0	0.0
2	539.1634833673904	0.48884472	0	0.0	0.0	0.0	0.0	0.0	0	0.0	0.0	0.0	0.0
3	850.2514352521376	0.48020104	0	880999.6000000001	0.0	289849.85	278162.975	296816.55	0	288197.8	0.0	305456.15	1152175.025
4	425.3626122039863	0.49218234	0	2913708.425	4748258.5	3239032.75	2960516.0	3211868.875	0	3059828.5	3026822.85	3196010.8	3042463.9
5	463.13073064065895	0.49299502	0	847764.9	0.0	564860.525	0.0	0.0	0	599867.3	0.0	262495.875	550262.25
6	405.1346231162984	0.52617687	0	0.0	0.0	0.0	1837962.175	2543034.125	0	947148.575	1189052.475	1002119.2000000001	1242676.05
7	423.09110708641407	0.5269065	0	0.0	0.0	0.0	3336070.5250000004	4182193.25	0	1754197.925	1999730.925	1901719.3	1862615.625
8	155.0468446634948	0.5301615	0	4770992.375	0.0	6295697.375	1131148.125	3796294.575	0	7282482.25	1909906.45	3067256.5	3734487.25
9	127.01564085559014	0.53271854	0	1016737.725	0.0	1567080.0	282071.225	560513.2	0	1740804.2	339345.375	757433.3999999999	588819.175
10	299.2772141183813	0.5713733	0	8697041.0	0.0	1359344.1	3956894.125	686957.125	0	3589956.55	2996341.675	4147118.9	3966819.225
11	211.08668402423004	0.5456265	0	0.0	2815675.2	340216.225	0.0	325688.525	0	0.0	340216.225	325688.525	0.0
12	270.2427543361503	0.5556275	0	9797395.125	0.0	1379087.2000000002	3698620.65	764077.55	0	4118160.75	2995369.575	4142804.45	4382845.75
13	318.2403576351463	0.5524402	0	5471426.75	1637335.8	1457684.5	8789385.25	2382773.525	0	4333734.075	4267274.825	4961907.4	4538353.725
14	227.0713428845281	0.55711806	0	0.0	0.0	0.0	7629302.5	6460286.75	0	3676658.625	3363939.125	4004662.125	3044329.375
15	207.05546579365657	0.5562983	0	0.0	0.0	18413746.75	168943750.0	153034440.0	0	81172088.75	84831714.5	96217682.0	78170451.5
16	179.06027690812348	0.55778646	0	0.0	0.0	0.0	7228061.0	6635028.75	0	3187072.5	3486614.75	3895950.5	3293452.0
17	227.0765751008321	0.55182445	0	0.0	0.0	1339130.625	2170806.75	2858703.125	0	1957457.825	1921442.725	660461.45	1829278.5
18	171.0553286960745	0.55786407	0	0.0	0.0	912283.7	2574979.8	2356313.5	0	1200454.475	1555581.4000000001	1591961.2000000002	1495579.925
19	225.06600116948675	0.5579236	0	0.0	0.0	101237902.5	875485235.0	765960015.0	0	431074235.0	429085720.0	488145152.5	394378045.0
20	320.2560076835912	0.5601888	0	6144541.0	3440429.8	3252762.7	11521758.75	4246955.375	0	7608265.625	5716847.125	6318057.75	5522847.325
21	189.06589394659835	0.5600423	0	0.0	0.0	1591342.5	3281523.625	3034599.95	0	1938854.775	2162795.75	1994909.6749999998	1810905.875
22	281.26680885383814	0.5643288	0	16730699.0	5861589.5	7809519.125	23254601.0	6013867.125	0	17636753.5	11628371.625	11813751.75	12729809.375
23	254.24780304893247	0.57599163	0	1593586.6	0.0	516488.85	1258993.65	0.0	0	1283206.2999999998	376842.2	777942.7	931077.9
24	241.0607368251791	0.5626819	0	0.0	0.0	1656056.25	11260322.5	9042804.75	0	5152794.3	5251588.2	6131658.25	5423142.75
25	158.06014063377626	0.56424385	0	0.0	19332288.0	0.0	0.0	0.0	0	0.0	0.0	0.0	0.0
26	227.01329093747825	0.56327355	0	0.0	0.0	2764325.55	3138055.0	1565387.5	0	1711545.825	2079305.675	2405990.55	1270926.0
27	263.2369921047413	0.56488895	0	9472227.75	2849004.0	4242196.375	11668549.5	3062785.95	0	9153529.125	5957922.925	6483261.075	6851046.45
28	280.2635229159522	0.565328	0	83217337.5	26763870.0	38313743.5	108393772.5	28298293.5	0	83519801.0	55580826.0	59028470.5	60094049.5
29	245.2264151480119	0.5647267	0	2454155.6	0.0	447762.625	2772797.425	0.0	0	2171869.3	1122794.25	1135356.375	1244695.725
30	297.2617732839644	0.5792371	0	16236451.25	0.0	5047217.875	11415856.625	4074458.3	0	8029260.925	8649532.375	9087241.375	11007949.375
31	266.24782097332815	0.57395625	0	2409967.45	0.0	990450.25	2661176.0	338035.225	0	2517339.475	1424612.925	1156466.425	1301210.1
32	254.17502064359127	0.5726294	0	2687058.95	1945748.5	2745855.55	1573038.425	2055066.1749999998	0	2230622.5	2359449.25	1846062.025	2624885.325
33	205.1701474559788	0.5747751	0	0.0	2622798.2	0.0	0.0	0.0	0	0.0	0.0	0.0	0.0
34	278.2480206887413	0.5750274	0	16226227.5	6952692.5	11775694.75	14680122.75	9558660.625	0	14818604.25	11101127.625	12270087.5	14050886.25
35	415.21160513605247	0.57513523	0	10483783.0	5567039.0	8245121.75	6741790.25	7413391.625	0	8698604.5	7117474.875	7718656.0	9349351.25
36	298.2738621643734	0.57555634	0	43938920.0	0.0	6912855.875	17921952.5	6122301.0	0	16101974.375	16095372.0	20876509.25	21822173.75
37	235.20566360386897	0.5789523	0	2915558.925	0.0	1340925.725	2600469.475	796651.775	0	2727558.7	1543611.525	1355397.875	2027037.8
38	296.2584365944408	0.57630545	0	81046230.5	4286551.0	22877115.5	54718019.5	19887143.5	0	38500090.0	40669236.5	44288984.5	55070198.0
39	279.23208863747175	0.578622	0	7024004.875	0.0	2378472.8	4421118.625	1612537.5	0	3306949.775	3061902.0	3964390.9	5102891.125
40	268.22714709400515	0.5782163	0	9320511.375	0.0	3720257.65	6983109.7	2068953.9	0	6313953.5	4789773.3	4840077.375	6149028.45
41	241.12220693090543	0.5800458	0	0.0	0.0	2469607.225	1585683.325	1153164.475	0	1000333.9	1348126.05	1260509.875	1599485.2
42	314.2688745765514	0.5799247	0	16724559.75	0.0	7301198.625	9999194.75	5693715.25	0	8521026.875	8925774.375	10030276.125	12241591.0
43	252.2322258134916	0.58049494	0	19073051.5	3727470.2	12756426.25	17980927.25	8978789.75	0	19137172.0	12363483.875	13115884.875	14172654.0
44	123.08065445763444	0.58246243	0	1758096.2	1038958.25	1676383.975	621482.9	1029943.9	0	1070602.375	1565223.2	867137.625	1582943.775
45	295.2463164464094	0.5897424	0	5584635.45	0.0	3063277.15	3401725.575	1627313.6749999998	0	3426894.9	1807646.575	4027066.1	4415344.275
46	334.2352478823613	0.5821381	0	6567661.625	0.0	5112069.75	6313106.875	4454836.05	0	5292944.0	4773600.375	5979480.05	6401649.875
47	286.23773581902105	0.58571625	0	3501985.95	3866520.8	3321354.05	2387699.3499999996	2449955.15	0	2612759.425	3080031.45	3012970.125	2955233.5
48	312.2532283666196	0.5852927	0	15086322.25	0.0	7475991.5	10161363.75	5946205.375	0	8744190.0	7960110.625	9998254.25	11967328.0
49	193.05289327171403	0.58872354	0	0.0	0.0	23871341.625	36964381.0	28903292.5	0	19605158.0	26913948.0	25463232.5	17756676.625
50	292.22702869831664	0.5882922	0	14538939.5	0.0	8785794.125	13206741.75	5442479.375	0	12667435.0	8614657.125	9477350.125	11214512.5
51	279.25132445845554	0.5817691	0	3308605.375	1440157.1	2535532.55	3283637.8	2031715.925	0	3059979.7	2277544.0	2694303.575	3127664.375
52	294.2428973669563	0.5886426	0	28571708.0	1416210.5	14148692.75	20505829.5	11564390.5	0	17731918.5	15644634.25	19182497.5	22231570.5
53	336.2510436785586	0.5888177	0	8688686.125	0.0	6155654.25	6509233.0	5657831.5	0	5512075.25	6236834.375	7207057.625	8055437.625
54	258.20643018902683	0.5919734	0	2193340.825	2931651.2	2479487.05	1540715.725	1900992.75	0	1958940.725	2144634.475	1989127.025	2021834.125
55	339.25301290053443	0.5896023	0	333727.625	0.0	42223351.0	24652050.0	26754792.0	0	20994386.0	25191497.125	22786129.0	24991908.5
56	157.0761429161077	0.59039307	0	0.0	0.0	4706729.375	8010008.25	6210102.375	0	4373363.75	5499711.875	5164814.25	3888950.125
57	276.2323767498379	0.59148383	0	5113655.45	1454094.5	3841757.2	3859974.45	3134673.95	0	3956486.9749999996	3489292.925	4153156.075	4351125.075
58	193.1700471671816	0.59253764	0	1724457.05	3273907.2	2274957.0	2413566.725	1908877.05	0	1441985.95	2394414.65	2270070.625	2215386.6
59	321.24241880900377	0.5903348	0	0.0	0.0	4466628.775	2694492.4	2738300.5500000003	0	2298768.725	2504049.125	2282809.875	2813794.0
60	145.07608810262633	0.5944305	0	2185682.825	1489874.1	2278867.125	4114976.675	3719207.7	0	3006257.125	3014274.225	3151096.75	3127106.225
61	211.144236501358	0.5976379	0	146192792.5	153692830.0	146457232.5	122628136.0	138247615.0	0	137607330.0	141132915.0	144125560.0	130659971.0
62	320.22191251928945	0.59769475	0	2465029.55	9394900.0	5032880.5	3377562.525	3435862.4	0	3409304.4	3983905.325	3227694.2249999996	3690431.025
63	310.2376333306235	0.5985012	0	12312225.0	0.0	6747298.125	8911168.625	5250809.0	0	7924096.0	7023797.125	8388714.75	9884892.875
64	327.1914244411427	0.60290253	0	3224002.625	4283107.5	3509820.1500000004	2591971.425	2513941.525	0	2815932.625	3208601.475	2787800.2	3027401.425
65	316.28456899242497	0.60439116	0	7591094.25	0.0	4621131.675	6460019.25	4106057.425	0	5688933.75	4972594.375	5650986.725	6465787.75
66	226.0695327815857	0.56157804	0	0.0	0.0	8980002.875	147257789.0	135585807.5	0	69601217.75	73477597.875	80857989.75	67886794.0
67	311.2218143094788	0.60621226	0	0.0	0.0	8117590.0	5820550.625	5201095.25	0	4208448.0	5015362.375	4591955.875	5323469.625
68	159.09177926671617	0.6071657	0	3292919.8	0.0	13910525.45	18675734.2	18613885.25	0	10658566.55	15263472.95	16117571.075	12453454.125
69	292.1908885353754	0.61339587	0	3780894.1	5595896.0	4455844.375	3403420.75	3572025.0	0	3742509.575	3972432.0	3786520.975	3710721.675
70	226.143554456848	0.61615884	0	7235263.125	0.0	4463725.0	5227157.0	3312814.65	0	4819136.45	3930886.825	5446011.0	6042925.5
71	308.22182123797444	0.6190133	0	5126470.425	0.0	2691698.675	3648333.925	2193355.95	0	3260988.5	2714218.775	3489085.125	4195566.575
72	328.2482377687298	0.62168485	0	6728809.0	0.0	3834381.85	5256930.125	3333016.35	0	4495235.425	3827927.35	4861354.45	5968620.1
73	557.2976088995839	0.62894964	0	3550854.3	4392439.5	10015567.0	9032539.625	8539343.125	0	7754467.325	7771676.0	7260872.55	8351288.175
74	410.2288335221045	0.6301746	0	3976181.725	5572624.0	3360413.475	3109294.25	3290743.25	0	3537581.85	3494495.5250000004	3152067.775	3552487.55
75	531.2795706346707	0.63187057	0	2981776.9	6116214.0	3417241.0	2645618.65	3198530.35	0	3077518.95	3108936.65	2842207.725	3214503.575
76	268.1656839967432	0.63331836	0	5703345.375	0.0	4778009.5	3439215.8499999996	5037286.75	0	5346505.375	4859886.075	4063775.325	4687690.7
77	509.2974966696933	0.6334695	0	12102829.25	19471816.0	11450972.25	9891731.0	10847072.0	0	11550102.75	11011827.25	10039957.0	11690717.5
78	197.1284513300349	0.6371329	0	80615247.5	88556640.0	79620140.0	70792934.5	74170738.5	0	76852753.5	77473920.0	73329258.5	77543128.5
79	430.2010043624673	0.63748676	0	5740681.875	4932660.0	4933310.0	4134475.45	4543636.325	0	4900301.075	4919266.5	4478130.0	5054406.075
80	344.24325422358106	0.6391409	0	9896173.125	0.0	5998926.25	8310642.875	5354141.25	0	7335347.125	5905121.625	7156385.875	9163028.875
81	330.263867382778	0.63952273	0	7433868.3	0.0	4218872.125	6093635.575	3966388.675	0	5222854.45	4285516.05	5359576.925	6844817.25
82	378.2366769923847	0.63984036	0	4224071.3	8359567.5	4759890.75	3333826.925	4519169.7	0	4252617.375	4436118.25	3922975.575	4225247.475
83	264.1596090029244	0.64102566	0	4256163.625	6539263.5	4430761.55	3671569.3	4194218.375	0	4249661.375	4259065.5	3820191.425	4223794.55
84	564.3595775688649	0.64718056	0	2194955.35	1798481.5	2152636.175	1840301.8	3385134.8	0	2979121.3	1916759.3250000002	2348515.875	2328631.625
85	271.2017671491932	0.64356387	0	3036475.2	3956673.8	3117291.825	2772425.7	2925608.5	0	2992677.125	2934217.0	2855210.275	3069696.825
86	356.254472958349	0.6459241	0	70520002.5	119044080.0	74355900.0	65716897.5	70150950.5	0	69879560.5	71586952.5	67565091.0	71712146.5
87	390.2388382045174	0.6483901	0	12198155.0	19726600.0	13277044.5	11673133.25	12234763.0	0	12039392.25	12834848.25	12075968.25	12432887.0
88	376.2230688068004	0.6536851	0	5813025.875	11961736.0	6175581.25	5583424.25	5590269.375	0	5400998.125	6337576.25	5552538.875	5871187.5
89	476.3072942626852	0.6553219	0	1646510.95	2490870.8	2703398.625	1858918.725	5406196.075	0	4767963.175	2009378.5499999998	2846500.4	1991182.25
90	245.12857138451685	0.65501827	0	143788270.0	169920660.0	143080637.5	131916115.0	136935600.0	0	135175162.5	145323250.0	133185480.0	142036730.0
91	227.18343273023177	0.66203403	0	5441345.75	0.0	4512810.3	3512316.1	5068072.55	0	4743579.425	4390376.05	5039127.3	4361461.925
92	520.3332860098291	0.6544395	0	1890876.75	2248837.2	2650240.325	2045586.5250000001	4550954.175	0	4067985.4	2226109.275	2821773.4749999996	2021789.625
93	181.0972230113015	0.6569737	0	24422718.0	21428034.0	22087129.0	21476190.0	22306471.5	0	21698998.5	23785835.5	21037580.5	23770094.0
94	342.23876090482105	0.6593145	0	20700845.5	26207724.0	21831303.0	20564943.5	20145861.5	0	19476041.0	22491219.5	20653572.0	20622121.0
95	244.1911518895518	0.6593017	0	18582487.25	2223857.5	14728452.75	12561483.75	17739141.375	0	17641780.0	14633079.0	16953496.125	14383210.0
96	180.174781237239	0.6627121	0	4404719.875	0.0	3950062.7	2696407.175	4348384.775	0	3510482.875	3801433.25	4228017.9	3859640.5
97	374.2108096374067	0.66859597	0	4095419.075	6259588.5	4266121.5	3744742.85	3827185.2	0	3748697.975	4244955.95	4040848.575	3898966.125
98	216.10206329063163	0.6690518	0	5153086.875	10267463.0	6154005.375	5874602.5	5439698.375	0	5266784.875	5856551.25	5682579.5	5815477.5
99	473.27627089670057	0.6714908	0	15084322.0	26522584.0	15901175.25	14084541.25	13577355.0	0	13766323.5	15470802.0	14800832.5	14609435.5
100	229.10058763616672	0.6728839	0	32583346.5	26309004.0	29513672.0	24931726.0	26076588.0	0	28391422.0	29276889.0	28879964.0	26557057.5
101	406.1949207904932	0.6777296	0	4666393.925	5250473.5	5304569.375	2933179.125	4642059.5	0	4388515.425	4884375.625	3779013.125	4494297.75
102	384.2130554278432	0.68035245	0	44164803.0	46810820.0	47802992.5	35960481.0	38898572.0	0	41675413.0	42089970.0	42716525.5	40344940.0
103	453.307419696941	0.681584	0	144819777.5	147105250.0	154679122.5	120396187.5	127351969.0	0	136626516.5	138445835.0	142049585.0	130125120.0
104	487.2918187938676	0.6816446	0	32770353.0	31044478.0	34643033.5	27253485.5	29338831.5	0	30860258.0	31631626.5	31747546.5	29766272.5
105	475.2893352936377	0.6823625	0	15919209.75	14398762.0	17607239.75	12711332.0	14298586.0	0	14922418.25	15413926.25	16113428.0	14086595.0
106	151.08667267364385	0.6853839	0	8429724.625	46975880.0	9065636.375	7231901.0	8453690.875	0	7970533.25	7946564.875	8598503.75	8665351.0
107	257.18598923102286	0.68807346	0	14567885.75	14457625.0	15307338.5	11798377.75	12229899.75	0	13382471.25	13704613.0	14244900.75	12571516.75
108	439.291792840181	0.69142497	0	46667234.0	41760584.0	49016034.0	38357810.5	40516659.0	0	43763648.5	43758844.5	45862141.0	41173103.5
109	195.1131037877877	0.69146925	0	14836053.5	12676710.0	13981352.5	11881329.75	12655867.0	0	13426811.75	13482798.0	13410756.5	13034236.5
110	626.3304856246192	0.6918265	0	7220004.375	9981961.0	7265956.5	6066665.375	6152502.375	0	6675158.875	6615975.75	7035374.0	6378620.0
111	144.0478299522202	0.69267833	0	10928811.75	11560296.0	12273204.75	10893218.75	11253837.0	0	11092933.25	11510447.75	11636077.75	11109613.5
112	291.17035118124454	0.69659895	0	7901920.5	6953870.0	7654751.125	5490253.25	6124075.0	0	6723445.875	6953552.0	7112814.625	6381187.375
113	363.1948108245752	0.6979406	0	9953576.375	0.0	2739715.975	2487591.25	2764679.575	0	4816609.075	4773829.825	4636524.95	3718599.325
114	233.1319169485588	0.6972469	0	10325075.125	0.0	2946124.5	2115949.575	2877604.425	0	4487991.7	5045173.575	4796325.425	3935262.925
115	471.26362460178206	0.7049141	0	9234595.375	10959169.0	9572795.875	7745588.75	8135773.0	0	8614210.125	8969565.25	8813118.625	8291859.0
116	120.0446094172222	0.7060909	0	141186997.5	8426516.0	54737118.5	39022780.5	65647837.5	0	72211561.0	76957354.0	76201786.5	75224032.5
117	138.05501286163363	0.7060909	0	58937750.0	4379332.0	22967328.75	16538413.0	27398074.0	0	30133654.5	32325648.0	31822000.5	31560262.75
118	151.03253550731506	0.7100595	0	0.0	0.0	6396410.75	9645959.75	6613901.875	0	5154346.75	5637420.0	5645153.5	6219352.125
119	354.23880359854564	0.7104481	0	5391118.125	8558661.0	5490077.625	4478918.45	4628620.75	0	4974147.5	5164129.25	4856515.95	4993942.25
120	457.24789525170667	0.7175304	0	8096899.5	9786234.0	8656899.875	7198476.5	7490681.625	0	7642343.125	8517785.375	7420129.25	7862699.75
121	216.1595175985356	0.7194034	0	3741705.125	0.0	4940789.625	2735438.65	5755803.375	0	4093231.9	4273722.2	4551107.85	4255674.825
122	198.1485997162657	0.71942973	0	7844936.375	0.0	10114005.125	4849033.5	11447703.75	0	8416741.075	8399972.425	8893191.25	8545774.0
123	198.07430220750445	0.7211823	0	0.0	0.0	2263506.375	38004953.5	35516495.0	0	20539895.775	19729714.95	20181802.875	15333541.275
124	197.07122864670305	0.72116494	0	0.0	0.0	20047877.0	316244980.0	300478410.0	0	171330321.0	164339841.0	167183750.0	133917355.0
125	185.12854151546853	0.7284167	0	5610718.5	6730136.0	6136551.25	5123401.0	5527675.0	0	5182979.625	5588537.0	5561437.5	6065391.625
126	666.3616412850356	0.7379032	0	7865281.75	0.0	12201732.0	11453080.25	10185300.0	0	9682491.0	10754283.25	10423440.0	10845179.75
127	195.12286147579167	0.73913974	0	5325758.875	2461208.8	4781957.425	4704470.325	5241515.375	0	5084379.625	5288740.625	4754581.55	4926000.2
128	165.10232070435907	0.74372184	0	7029654.5	8260088.5	7038963.0	6654685.625	6378991.5	0	6739780.375	6944283.0	6607566.0	6810665.25
129	524.2872660768484	0.74811554	0	3132128.875	5679589.0	2745129.75	2787090.625	2569474.05	0	2887915.325	3004971.8	2556910.95	2784025.225
130	328.2228394228233	0.7477862	0	4517101.075	5241743.0	5066303.125	4387196.0	4164907.35	0	4492875.25	4789090.25	4263120.8	4590421.25
131	370.2336843705791	0.7477059	0	4387923.375	6253157.5	4710916.45	4175943.45	3956323.225	0	4318233.375	4597932.125	4007079.625	4307861.375
132	202.1437867016757	0.7502081	0	3177833.3	0.0	2084610.1	2520680.125	2002961.3	0	2487812.175	1936356.975	2381177.8	2980737.875
133	184.1332836321496	0.7540193	0	6651900.075	0.0	4559102.575	5436183.075	4396167.625	0	5286242.95	4268893.575	5185977.95	6302238.875
134	272.25852505757246	0.74306154	0	0.0	0.0	0.0	427218.525	0.0	0	427218.525	0.0	0.0	0.0
135	316.3209614543771	0.75510323	0	0.0	0.0	0.0	0.0	0.0	0	0.0	0.0	0.0	0.0
136	174.11253088149138	0.7556511	0	7023649.875	2909832.0	8758512.0	9863143.25	8020210.75	0	8190074.5	8376106.375	8191164.25	8908170.75
137	193.0973224402437	0.7558077	0	4739769.625	5027937.5	4631808.375	4632087.0	4337397.375	0	4775353.25	4622657.625	4335487.25	4607564.25
138	169.09721771082727	0.7624367	0	19677003.0	26443098.0	18025354.5	17645631.75	18398696.5	0	18431017.75	18039611.0	17358363.0	19917694.0
139	511.2556246145832	0.7657229	0	94270565.0	90873464.0	79705087.5	77050052.5	78043625.0	0	85812332.5	84699562.5	76491427.5	82066007.5
140	152.07065268836104	0.7702152	0	6326102.625	6035628.5	6178062.25	6038454.75	6354793.125	0	6050881.75	6156228.5	6374576.25	6315726.25
141	164.0705787137261	0.7728409	0	3639393.0	5435062.0	3835887.0	3293855.0	3680439.325	0	3549791.2	3631270.75	3523770.8	3744741.575
142	284.139400779319	0.7732211	0	29857780.0	35923544.0	27333456.0	25052440.0	27679450.5	0	27768793.0	27425822.0	25490542.5	29237969.0
143	130.06523863622627	0.77368814	0	5214688.75	4210805.0	4431077.75	4096733.175	4483429.075	0	4622311.625	4609220.825	4351316.625	4643079.675
144	341.1244600968679	0.7741159	0	4286842.45	6078671.5	3890767.775	3508409.775	3884553.575	0	4108170.575	3936567.75	3595448.05	3930387.2
145	160.0757432716678	0.7812762	0	346256732.5	1777672.8	242657285.0	238276755.0	264895477.5	0	278124982.5	282167700.0	261143600.0	270649967.5
146	188.0741123498988	0.785091	0	4772291.8	5037560.5	4397701.0	4474350.125	4632490.625	0	4606742.875	4849275.125	4441168.875	4379646.675
147	258.1237830644042	0.7959724	0	5015882.875	6253177.0	4323565.925	4110221.5	4920782.625	0	4503585.5	4769963.7	4562375.675	4534528.05
148	320.17155078774147	0.7952688	0	7491090.0	0.0	0.0	0.0	0.0	0	2407711.25	2063162.0	1388702.5	1631514.25
149	201.1022959481741	0.796166	0	27389175.5	0.0	25728676.0	26025006.0	28160828.5	0	25980699.5	26940236.0	27124355.5	27258395.0
150	356.2179693889586	0.7983894	0	5883031.75	6973121.0	6801638.75	6557201.5	7172284.375	0	6273499.0	6808249.625	6625229.25	6707178.5
151	429.2498132159984	0.7991963	0	5674485.875	6597981.5	4898911.5	4736592.125	5431659.375	0	5058380.5	5258157.125	5085873.125	5339238.125
152	425.27580333014095	0.8540787	0	6930659.0	6607849.5	8864394.625	9320024.75	8289339.5	0	7731405.75	7971132.125	8403642.25	9298237.75
153	173.0709755388244	0.80452776	0	5279536.625	5780969.0	6990875.0	7010042.0	7100016.875	0	6521396.5	6546377.75	6564725.375	6747970.875
154	233.1032489342296	0.81073874	0	4618256.125	5251488.5	4723826.125	4616146.875	5094004.75	0	4805423.75	4669359.25	4630294.25	4947156.625
155	151.09643613949578	0.8140941	0	0.0	0.0	0.0	0.0	271944.15	0	0.0	0.0	271944.15	0.0
156	210.11014015309337	0.8133487	0	5567553.5	0.0	5566127.0	4779155.5	7128082.25	0	5146725.25	5329848.875	6374501.625	6189842.5
157	124.11224745963872	0.8141865	0	4556913.2	0.0	4453596.625	3824082.125	5734969.625	0	4324197.875	4481621.2	5015334.375	4748408.125
158	170.11755319888135	0.8146201	0	56407229.0	0.0	53021145.0	45906523.5	72481900.0	0	52731957.0	50365366.5	63764001.5	60955472.5
159	300.13429737653576	0.8188955	0	11420415.25	13711540.0	10503869.25	11325993.25	11095225.5	0	11117991.0	11326705.25	10881672.75	11019134.25
160	321.14769488834327	0.8195491	0	0.0	0.0	3762923.45	4516547.675	2598354.575	0	2633156.475	2545550.5	2829372.175	2869746.55
161	437.27596184601583	0.81936014	0	4490941.75	7346115.5	4148976.625	4536333.5	4324619.3	0	4356847.5	4316891.75	4359245.05	4467886.875
162	191.08499942592363	0.8200996	0	0.0	0.0	5672186.75	6736887.875	3746128.675	0	3723801.8	3868525.0	4246355.0	4316521.5
163	243.08772930441373	0.820517	0	4998170.625	3453617.0	3348900.675	3198823.825	3321701.95	0	3575763.9	3898298.675	3710318.475	3683216.025
164	217.09724309784968	0.82267755	0	18682988.0	0.0	19829225.5	19416117.5	20487729.0	0	19156493.5	19585248.0	20031823.5	19642495.0
165	586.3241358366694	0.829194	0	1943770.475	1682188.5	6217593.5	5798907.625	5501247.625	0	4858599.25	5075226.75	4623822.425	4903870.8
166	151.0866696999341	0.8342957	0	20019472.5	2549181.5	17938150.25	18276752.0	18690745.5	0	17639355.75	19303762.5	18796823.0	19185179.0
167	510.292699530271	0.8342453	0	7421371.375	5995014.5	7209536.0	7351985.375	7066031.75	0	7115596.125	7826602.25	6907392.75	7199333.375
168	526.3028717369749	0.8462191	0	21033519.5	18997660.0	20027894.5	19029070.75	20168032.0	0	20349292.5	21725333.0	17484746.75	20699144.5
169	151.1230030163963	0.8476273	0	6031357.125	8727734.0	6851346.375	6742580.875	6165709.5	0	5726764.875	6986163.0	6374546.75	6703519.25
170	627.4079058003982	0.8501833	0	9851784.875	12849279.0	9639772.5	8293843.5	9703219.5	0	9022598.125	9743235.375	7971897.25	10750889.625
171	204.1242506951953	0.8506383	0	24636822.5	11725259.0	23617209.5	22220391.5	23261560.5	0	23352955.5	24347519.0	22376165.5	23659344.0
172	315.21034305259354	0.84980714	0	34326722.0	36715972.0	34648305.5	32365985.5	33846984.0	0	33005205.0	35781778.0	30594508.5	35806505.5
173	336.18926117693	0.85186	0	8565581.25	8691559.0	8774305.625	7542139.25	8391568.0	0	8471487.75	8744896.5	7376405.125	8680804.75
174	314.20736653051404	0.8519033	0	199563237.5	202362370.0	196275230.0	181288875.0	188701222.5	0	191993522.5	200670210.0	171685895.0	201478937.5
175	626.330200509215	0.8523601	0	10185385.5	10726384.0	10289308.5	9783662.5	10153576.5	0	10225178.75	10725082.75	9021060.75	10440610.75
176	229.15465666193387	0.85349864	0	6222167.25	5840900.0	5678522.5	5095860.25	5253345.0	0	5423354.875	6046387.875	4929564.75	5850587.5
177	215.1391269353753	0.85436827	0	10639857.0	10204211.0	9756072.75	9286167.25	9379590.0	0	10269868.5	9961898.75	9059399.0	9770520.75
178	186.1125193050876	0.85664386	0	5613989.0	0.0	5185643.875	5179496.0	5205612.875	0	5392112.75	5709871.25	5037170.875	5045586.875
179	181.09714783213823	0.860753	0	18531241.5	16572728.0	19450053.0	18579596.0	19095794.0	0	18560626.5	19133476.0	18734415.5	19228166.5
180	153.10227314025167	0.8611496	0	9681922.0	8520854.0	10140393.5	9599033.75	9819481.25	0	9726722.5	9884163.75	9585907.0	10044037.25
181	199.10776993698127	0.8611477	0	158780080.0	151749760.0	153228867.5	155594327.5	158524825.0	0	157568147.5	164652020.0	151644637.5	152263295.0
182	425.2758268754192	0.85896915	0	6217536.75	7047479.0	8653530.625	8440169.625	7639969.125	0	7228766.125	7484980.5	7502236.875	8735222.625
183	344.21788005168844	0.8666967	0	6172592.5	6540276.5	7426625.75	7054506.25	6468211.125	0	6102273.0	6734095.25	6825327.25	7460240.125
184	174.1125083659065	0.87122726	0	5162379.55	0.0	3461556.375	5022768.625	3490742.0	0	4206668.75	3525663.8	4523273.45	4881840.55
185	156.10190472647977	0.87247473	0	17395626.75	0.0	10915998.25	16516996.0	10980379.0	0	12737332.0	11986106.5	14729464.25	16356097.25
186	433.242137091486	0.87354106	0	13363568.25	13528834.0	16835445.25	16104799.0	13785578.0	0	13632817.25	14595963.0	14690057.25	17170553.0
187	155.08152387854713	0.875501	0	58158546.5	18609292.0	58989194.5	69148815.5	55974978.5	0	50811957.5	57722246.5	65630203.5	68107127.5
188	345.1655748440912	0.87516844	0	7021517.25	7878120.0	8101149.125	7610188.625	7197006.625	0	7509278.75	7524324.75	7180683.25	7715574.875
189	304.1325116358741	0.87587416	0	15007060.5	0.0	24393895.5	20321356.0	22398260.0	0	19904171.0	20778671.0	20620209.25	20817520.75
190	130.0652305178442	0.8506883	0	6027198.0	2610482.5	2967819.125	2744273.5	2746043.15	0	4503689.7	4545036.075	2890614.45	2545993.55
191	446.1955887956719	0.88393044	0	46937821.0	63098990.0	43561137.0	41082498.5	42216380.0	0	43304023.0	45595930.5	40009050.0	44888833.0
192	821.5136733379335	0.88512415	0	38180832.5	59975290.0	38291044.0	34949895.5	35734497.5	0	34461647.5	40168523.0	34665692.5	37860406.5
193	411.26039742055576	0.88551146	0	432509342.5	518541860.0	423411982.5	403730670.0	422854467.5	0	417168320.0	446482687.5	391264627.5	427590827.5
194	284.13939756182583	0.86506385	0	6897722.625	6570000.0	10102505.0	6917810.625	7173408.5	0	6481813.5	6966619.875	8547917.5	9095095.875
195	341.24349731146395	0.8899161	0	4642445.05	0.0	11556270.45	2684429.075	20396883.25	0	7030325.5	12959786.575	11902258.25	7387657.5
196	485.2763430684335	0.89025533	0	11296748.375	13670045.0	10218840.25	10168997.5	10499026.0	0	10116696.125	11501203.0	9768698.25	10797014.75
197	623.3406124620928	0.8910553	0	15384527.0	23808552.0	13975472.25	13270274.0	13395142.25	0	13278849.5	15653583.0	12742193.0	14350790.0
198	356.2179728280603	0.8910553	0	20877521.0	19253978.0	18762834.75	18209298.75	19670314.0	0	19002427.0	20484419.0	18055827.5	19977295.0
199	164.09316139236913	0.89163893	0	21483133.5	0.0	10218747.5	9821607.375	11744944.5	0	12827134.0	12812521.25	12236222.125	15392555.5
200	487.2570320490395	0.8938155	0	9634222.375	16308264.0	9344032.375	9068215.75	9484522.75	0	8674354.375	10365445.0	8750396.625	9740797.25
201	339.13403825821365	0.89382046	0	16180166.25	17475224.0	14537768.5	15615518.25	15432847.25	0	15523188.5	15038235.5	12810698.0	18394178.25
202	261.12351011661895	0.89538294	0	400564272.5	464301400.0	400888535.0	404757240.0	410046815.0	0	374462127.5	446962227.5	390471052.5	404361455.0
203	427.2552219886968	0.8957808	0	49432829.0	55015820.0	41630535.0	42565343.0	44079414.0	0	42496661.0	48573548.5	41576202.0	45061709.5
204	123.05548360683416	0.89734626	0	1220571.5	23758456.0	0.0	0.0	0.0	0	1220571.5	0.0	0.0	0.0
205	558.2924201785805	0.8965624	0	13399857.25	14954672.0	13042625.25	12390102.5	12577063.25	0	11415728.25	14651445.25	13259545.25	12082929.5
206	300.1917751530696	0.89813995	0	9522711.625	11050852.0	8696865.0	8279133.5	8946469.0	0	8380925.875	9695771.25	8429398.5	8939083.5
207	538.3239600200445	0.8985301	0	18084714.5	26375642.0	21488123.5	18465923.5	19057118.5	0	16798571.5	21318546.5	21426516.0	17552246.0
208	330.2022494809545	0.900102	0	31530603.5	35917784.0	28539555.5	28229681.5	30380361.5	0	27350597.5	33107339.0	28239293.0	29982972.5
209	821.4200613405103	0.90486014	0	9614679.5	10491384.0	8706551.625	9135571.0	8416922.5	0	8607319.125	9803551.0	9241595.0	8221259.5
210	579.3504915622657	0.9076591	0	14788956.5	19249504.0	12382450.75	13435824.25	13072111.5	0	12707864.5	15044449.5	13676410.25	12250618.75
211	342.2023248458603	0.90846	0	36953243.5	39190012.0	34866713.5	36623562.0	37759326.0	0	34420986.5	40627615.0	35320000.0	35834243.5
212	838.4462753818195	0.9092574	0	25440670.5	26847422.0	21932287.0	23589482.0	21988607.5	0	22027968.0	25778742.5	23680721.0	21463615.5
213	439.2552279016676	0.9120604	0	11360487.75	11604937.0	19562498.0	20469697.0	18907932.0	0	16450743.0	19045905.25	17111728.25	17692238.25
214	843.4015185307068	0.9140386	0	10015475.75	8824480.0	8721284.75	9016759.25	8870694.25	0	8941277.0	9790652.0	9610123.75	8282161.25
215	536.3083942354752	0.9156289	0	45820663.0	47676256.0	40361508.5	41661182.0	40970405.0	0	42899784.0	46812423.0	40506292.0	38595259.5
216	299.1489543149618	0.9160305	0	11615558.0	9337917.0	14486280.0	9606995.0	17812124.5	0	14851310.25	11903049.0	13020628.75	13745969.5
217	374.17228230156417	0.91841507	0	2489896.825	7500159.5	2755670.95	2848133.65	2632338.1	0	2933860.65	2808518.65	2415333.125	2568327.1
218	225.12334620794056	0.9229569	0	12332578.5	11234973.0	11805850.75	12825087.75	11588679.5	0	12705822.0	12886432.25	11516525.75	11443416.5
219	243.13400140133865	0.9262543	0	31868510.0	27969958.0	31191556.0	34305383.0	31619823.0	0	33085973.0	33147580.5	31300931.5	31450787.0
220	397.244690560312	0.9262488	0	8629130.375	7932393.5	8446363.125	8147771.125	7725154.125	0	8881602.5	8582621.375	7741814.625	7742380.25
221	146.06005722014402	0.9325652	0	57878117.5	62575972.0	61449743.0	60721647.5	60576554.0	0	59948671.0	58595564.0	60875401.0	61206426.0
222	197.1285364112157	0.9354051	0	11135433.5	10790359.0	11762430.75	11267776.75	11415406.25	0	11805842.75	10960148.75	11148086.0	11666969.75
223	489.2348126464596	0.9569386	0	9708820.0	10367713.0	9442200.25	10124401.75	10015975.0	0	9356121.5	10327418.25	9406583.0	10201274.25
224	176.0706371963787	0.9718535	0	0.0	8514341.0	0.0	0.0	0.0	0	0.0	0.0	0.0	0.0
225	207.05540837263564	0.9761338	0	0.0	0.0	0.0	5736939.375	4153160.2	0	2301900.7	2676438.75	2780867.0	2130893.125
226	160.07571874100887	0.9767085	0	18791658.0	0.0	13474453.0	12677442.5	13524565.25	0	14376785.5	15727245.75	14112112.0	14251975.5
227	197.07109601648563	0.98022544	0	0.0	0.0	0.0	13810186.0	12468130.5	0	6917853.5	7228150.75	6979366.75	5152945.5
228	225.0659807198342	0.9800396	0	0.0	0.0	1997222.2	31831739.0	23759046.5	0	13463278.7	15745162.25	15588769.125	12790797.625
229	245.1283922487072	0.98211646	0	8866235.75	8207705.5	8639104.625	8048512.5	8206262.875	0	8090724.875	8710193.125	8164844.5	8794353.25
230	211.1440495970349	0.98287225	0	8154623.25	7471987.0	7646791.75	7303290.625	7368288.125	0	7284763.75	7811457.875	7320467.75	8056304.375
231	602.2648204111991	1.0024538	0	31262695.5	0.0	31027816.5	29539355.0	29058755.0	0	29952334.5	29630109.0	29830915.0	31475263.5
232	317.13422214586416	1.0075597	0	39003830.0	41161680.0	37122529.0	35633384.5	34750785.5	0	35329783.0	36278874.0	35560078.0	39341794.0
233	639.3504618874167	1.011269	0	7616271.125	8775716.0	7932408.5	7665550.125	7391376.375	0	7488176.25	7392061.875	7665978.75	8059389.25
234	624.2465734693351	1.0223831	0	2956678.55	2312607.8	2621601.8	2552542.45	2574484.225	0	2601959.55	2635286.075	2637949.6	2830111.8
235	199.10777596720763	1.0431002	0	18058917.0	16735483.0	18024253.5	17954400.0	19583637.5	0	18694028.5	17914709.5	17550195.0	19462275.0
236	339.1162963901108	1.0441731	0	4052116.075	4025369.5	3735888.25	3646308.5	3645864.45	0	3736289.975	3626057.975	3698085.65	4019743.675
237	137.10735830649477	1.0605526	0	12795406.25	17065624.0	13474436.0	14528182.25	12582297.25	0	12793166.5	13043404.5	13367545.5	14176205.25
238	149.10735568113802	1.0656182	0	3142712.025	4682262.0	3261731.325	3581145.2249999996	3127638.85	0	3188701.375	3138449.65	3425148.45	3360927.95
239	433.2421810109779	1.0652726	0	4712760.0	4717801.0	4523701.125	3284769.75	4401343.5	0	4588907.625	4219678.0	4571737.25	3542251.5
240	202.2166854398156	1.0805864	0	0.0	0.0	0.0	0.0	0.0	0	0.0	0.0	0.0	0.0
241	211.1078113975429	1.0873946	0	34611065.5	38965384.0	35696458.5	36303125.5	35859013.5	0	36404681.5	35818080.5	34845248.5	35401652.5
242	228.1342099974656	1.088097	0	42326280.0	47164200.0	44497175.0	44517631.5	42127534.0	0	44267845.0	43750450.5	43045975.0	42404350.0
243	411.2602774035768	1.1039934	0	61582771.0	75144264.0	60973582.0	59434106.0	59866134.0	0	63159531.0	61124083.5	58818138.0	58754840.5
244	261.1235390867976	1.1183836	0	41619248.0	42109130.0	40876902.5	42109571.5	42303096.0	0	43642975.5	42547337.0	40392010.5	40326495.0
245	446.1956257441415	1.1094755	0	16363842.75	25076328.0	16710687.25	15709930.0	16331649.75	0	17240896.0	16194510.5	15258330.75	16422372.5
246	158.08123126769115	1.1460507	0	7634206.125	7229905.5	7265493.625	7002275.5	7310602.25	0	7585079.125	7285308.625	7037392.0	7304797.75
247	339.11630727610003	1.1061043	0	3653498.9	4155968.8	3649418.2	3477258.625	3522726.675	0	3683017.575	3512991.35	3500498.0999999996	3606395.375
248	227.1026939396322	1.1800958	0	45595194.0	51741864.0	44519520.0	34219718.0	45255336.0	0	46120191.5	45536775.0	33155460.0	44777341.5
249	209.09223282337288	1.1768124	0	32043110.0	41405350.0	33074953.5	32754779.5	23683593.5	0	24962842.0	33596679.5	31185372.0	31811543.0
250	185.0921151069149	1.1794386	0	20325556.5	20817146.0	20188817.0	20449356.0	20282404.0	0	20784144.0	20712901.0	19628415.0	20120673.5
251	623.3405491318799	1.1811974	0	3579877.375	5549385.0	3471717.2750000004	3285233.4	3456513.525	0	3406443.95	3685451.825	3370973.05	3330472.75
252	330.2021788401237	1.1817316	0	11452740.5	12383238.0	11106351.25	10380958.5	11632094.25	0	10989517.25	11334892.75	11457556.0	10790178.5
253	146.060059984529	1.2131188	0	20233849.0	22322918.0	19237525.5	19105326.5	19566601.0	0	19055389.5	20064729.0	19795489.5	19227694.0
254	215.13911019561337	1.2323397	0	11064296.25	12068870.0	11139288.5	11310790.25	11256283.25	0	10661250.0	11626693.5	11312743.5	11169971.25
255	174.18527864390515	1.257894	0	1449525.725	0.0	340772.05	1045049.575	704763.225	0	599979.5	771204.075	1357348.625	811578.375
256	342.2022574290488	1.2673935	0	7329296.125	7436598.0	8400768.75	8744351.0	8559814.875	0	7848243.375	8613666.75	8334609.75	8237710.875
257	427.25520161249466	1.2702262	0	15728968.75	16779818.0	15816324.0	16435965.5	16662905.5	0	15332522.25	16659042.5	16181110.75	16471488.25
258	185.09211456909685	1.2408592	0	9992053.0	25933358.0	10194212.0	17191936.5	14974879.0	0	11188770.5	15662020.0	9990111.0	15512179.0
259	226.12677140332065	1.2957406	0	4186428.2	0.0	3998108.0	3006163.25	3032624.425	0	1999389.7	4015144.0	4022101.75	4186688.425
260	135.09174188563446	1.2916223	0	5484435.375	7400228.0	6053490.5	6020437.5	6063972.25	0	5652637.875	5791138.375	6220360.125	5958199.25
261	225.12349669009745	1.3014083	0	25530141.5	33530956.0	33251350.0	25921208.0	33662426.5	0	34037260.5	25840541.5	33794332.0	24692992.0
262	181.0971713570609	1.363099	0	72864896.5	98873920.0	87066290.0	21620615.0	59196381.0	0	60869060.0	57460297.5	60448727.5	61970097.5
263	242.1502406531408	1.3204868	0	37272580.5	47420730.0	45330914.0	35333837.5	47346515.0	0	33760680.5	36638131.0	47781902.0	47103133.5
264	128.07073648988387	1.3246077	0	13581166.25	0.0	13922339.75	16291246.5	13129848.5	0	11996687.0	14228421.75	15464524.0	15234968.25
265	245.09522750483865	1.3607192	0	113232237.5	157835220.0	128569190.0	104586364.0	129363642.5	0	125211182.5	93161985.0	128120725.0	129257541.5
266	246.09848129923927	1.3691417	0	11988021.75	16630469.0	13723526.5	7195792.5	13618001.75	0	9570240.5	10099974.25	13301378.75	13553749.0
267	439.2552421490855	1.3326834	0	3634299.75	3328211.0	6928581.375	6727533.625	5755204.625	0	5740314.625	5615622.25	5914945.625	5774736.875
268	197.1285459634478	1.3632128	0	22213271.0	20963504.0	20591861.0	16388253.5	14605505.5	0	20881196.5	15422620.0	16047108.0	21447966.5
269	838.4461878915373	1.3363663	0	7342170.625	8868311.0	7585199.125	6896897.25	7039842.5	0	7527380.0	7054459.875	7272302.0	7009967.625
270	228.1060588069581	1.3592459	0	5921769.625	5169136.5	5618397.375	5885036.125	2941929.375	0	3965293.875	6050425.375	5876239.375	4475173.875
271	186.07610096173207	1.3355604	0	8470108.375	0.0	1705333.0	1498017.075	1931334.275	0	3573091.025	3291455.45	3232052.125	3508194.125
272	228.134182144743	1.3382831	0	42177680.0	41872460.0	42024093.5	42445811.0	30833717.0	0	39953370.0	43144020.5	41974074.5	32409836.5
273	138.05497821481023	1.347031	0	9134400.875	0.0	1872835.325	1851668.4000000001	2122278.875	0	3809950.225	4007433.425	3378363.75	3785436.075
274	276.1078032989554	1.3500073	0	92655552.5	0.0	16521999.25	17722401.5	20304672.5	0	37663894.75	38884359.75	34380564.5	36275806.75
275	225.1234958660781	1.3352486	0	24477359.5	32498114.0	33083545.0	8633519.0	34781850.0	0	26000807.0	24657260.5	33362073.0	16956133.0
276	226.1267917829813	1.3399696	0	4102512.75	4121527.5	4077989.8	2061614.875	4044257.75	0	4167095.875	2860650.625	4072256.0	3186372.675
277	209.0922210195141	1.3605789	0	35627997.0	34633844.0	33005680.0	34948529.5	32802168.5	0	33224225.0	34134764.5	34350911.0	34674474.5
278	227.1026544437164	1.3641589	0	49006369.0	47143828.0	46324682.0	48373144.5	47856738.0	0	47233404.5	46778373.0	49845639.5	47703516.5
279	127.0503549229392	1.3828298	0	7902668.5	0.0	636414.1	686366.45	1031006.125	0	2357154.6	2870134.175	2783418.0	2245748.4
280	469.229622413136	1.3836473	0	10900579.5	9507304.0	10806088.25	10529790.75	10893433.25	0	10567339.0	10909970.5	10770582.75	10881999.5
281	536.3083796609545	1.3978915	0	11141715.0	10552521.0	10516030.75	10842645.5	10691849.5	0	11054319.25	10490563.0	10985308.0	10662050.5
282	245.095219440047	1.4011552	0	108411113.5	150832980.0	135581143.5	129738607.5	130044945.0	0	134928318.5	121504833.5	120988756.0	126353901.5
283	246.0985274949317	1.4041313	0	11290312.5	16167517.0	14366684.75	13726334.5	13812530.75	0	14408710.0	12832553.0	12646915.5	13307684.0
284	181.097174321752	1.4101837	0	68766935.0	99807070.0	83663241.0	85640918.0	83335997.5	0	83544418.5	77232839.0	79074944.0	81554890.0
285	199.1077780612923	1.4059262	0	17819138.5	17943884.0	17216047.5	18173778.5	17936032.75	0	17865200.5	18054427.5	17241868.25	17983501.0
286	469.26578830436887	1.4391667	0	5306059.75	5779178.5	4797027.125	4870547.875	5014629.625	0	5042148.875	4997549.625	4956270.625	4992295.25
287	485.2607887621143	1.4497184	0	51993891.5	48599876.0	46665592.0	48348659.0	50547040.0	0	47689177.5	48630470.0	51237228.5	49998306.5
288	570.3137063133294	1.45273	0	7318199.0	6544355.0	6564057.125	6856451.125	7150608.875	0	6566319.0	6825687.125	7418659.0	7078651.0
289	244.1372504906172	1.4539425	0	17429557.5	16527019.0	15938026.25	16772189.0	17434241.0	0	16960403.5	17344546.0	17057534.75	16211529.5
290	328.1865745388951	1.4551827	0	16418365.25	17584670.0	15398523.0	15890661.75	16897269.5	0	15929382.25	16111689.5	16316118.0	16247629.75
291	225.1234861700657	1.4577047	0	32855771.0	34601540.0	32965629.0	32429313.0	34652216.0	0	33820019.0	32314092.5	33490114.5	33278703.0
292	197.1285312671628	1.4554015	0	21302999.5	21820394.0	20822216.0	20832150.0	22347093.0	0	22068562.5	20763620.5	21401873.0	21070402.5
293	243.1341809723052	1.4584436	0	144722235.0	139837890.0	132851735.0	141192907.5	144634937.5	0	142574787.5	143342900.0	140911327.5	136572800.0
294	242.1502571167713	1.4588556	0	47359971.5	43051110.0	48383932.0	46604178.0	49200516.5	0	48624146.0	46624658.5	48482008.5	47817785.0
295	226.1266913366144	1.4617012	0	3810503.65	4032957.8	3882614.0	4120517.675	4228845.75	0	4069317.075	4082107.15	3976839.3	3914217.55
296	214.1186558528568	1.4843966	0	7763356.75	8590167.0	7635399.0	7027473.75	7782008.625	0	7570875.0	7384067.625	7872342.375	7380953.125
297	220.11803959958635	1.4776518	0	6923660.375	17558796.0	9801852.25	8998279.75	10359476.75	0	9656927.25	8986134.25	8657156.875	8783050.75
298	183.0917275936285	1.493911	0	14596216.0	37220930.0	17897939.75	17597224.25	18514733.75	0	15880363.75	18521018.75	17373638.25	16831093.0
299	559.2612627476524	1.4990072	0	4870559.25	5496968.5	4472070.125	4420011.875	4628976.25	0	4694656.5	4603402.5	4539075.75	4554482.75
300	197.09223248836025	1.5089666	0	6077761.875	6760183.5	6127469.75	5674773.0	5996484.625	0	5962537.375	5817110.75	6275021.125	5821820.0
301	191.04851432154564	1.5130848	0	4470283.3	5866091.0	5099175.375	4506630.75	5396255.125	0	4810029.675	4935245.25	4719895.125	5007174.5
302	148.06042755854324	1.5206387	0	6471399.375	9051552.0	6057596.5	5849410.0	6741181.875	0	6446146.25	6189341.5	6068548.125	6415551.875
303	317.13426744912016	1.5206957	0	102214902.5	132826670.0	94048975.0	90107122.5	101232190.0	0	99979975.0	96663845.0	92797730.0	98161640.0
304	427.21907237282176	1.5278572	0	5540909.25	7711185.5	5130291.875	4974421.375	5565178.0	0	5452146.625	5232138.375	5065157.5	5461358.0
305	303.1549804139607	1.6035326	0	2702474.9	0.0	5209498.625	5129214.875	3871759.875	0	3278294.425	4693331.025	4614343.375	4326979.45
306	298.096822230935	1.5468307	0	0.0	38477236.0	0.0	0.0	0.0	0	0.0	0.0	0.0	0.0
307	602.2647786626549	1.5552291	0	69860440.0	68141170.0	65214690.0	64606353.0	65115659.0	0	67506743.5	64792919.0	67324036.5	65173443.0
308	127.05034654868528	1.5484587	0	8237168.0	0.0	1393862.275	987159.9750000001	1643415.85	0	3294599.15	2522253.925	3353356.825	3091396.2
309	214.1186513031649	1.5402062	0	8181342.125	8685006.0	7268561.125	7529249.375	7742349.125	0	8136969.625	7521796.75	7462553.75	7600181.625
310	197.0922281995393	1.5470089	0	6314807.625	7259741.5	6166118.75	6121805.0	6449619.625	0	6315845.75	6054357.5	6368545.5	6313602.25
311	169.07606437573332	1.5777555	0	8864908.75	20365372.0	11337399.5	11264539.25	10566229.0	0	9842647.0	10836349.375	11170084.75	10183995.375
312	209.09222741997365	1.5928154	0	22419892.0	23633950.0	24592341.0	23778464.0	18077360.0	0	23944070.5	16999031.5	24078893.5	23846061.5
313	174.05500803873693	1.6096522	0	13597249.0	2494183.0	18523689.0	17340359.25	15946035.0	0	15968653.25	15402911.25	16697433.75	17338334.0
314	639.3502960294537	1.6106521	0	13404354.5	15326421.0	12668160.5	12093971.0	12967097.0	0	13056811.25	12046705.75	12943361.25	13086704.75
315	185.09210491814355	1.6155996	0	12171656.0	10654734.0	12535688.25	11371087.25	11939918.5	0	12403000.5	11174003.5	12150068.75	12291277.25
316	226.1188305577529	1.6224077	0	14405957.0	14222827.0	16061856.0	15319042.25	15165417.0	0	15838997.5	14856368.0	15051344.25	15205562.5
317	340.1866634974259	1.6349716	0	24169890.5	25209286.0	23938384.5	22858311.0	23741699.0	0	23822474.5	23042142.0	24247563.0	23596105.5
318	303.15497425519754	1.6362451	0	2573845.4	0.0	5307885.125	4107741.375	5054006.625	0	4927318.95	4545191.2	4533858.375	3037110.0
319	568.2980897904071	1.6705488	0	6209410.25	6612843.0	6439248.875	5887715.375	6351320.625	0	6014732.875	6099068.625	6158011.875	6615881.75
320	471.2451056768534	1.6717378	0	16172515.5	17109916.0	16155121.5	15238317.75	14787107.25	0	15342022.0	15150539.25	15635542.0	16224958.75
321	215.04848405769388	1.6951846	0	8560823.0	8328497.0	8594314.75	7954649.625	8805029.75	0	7990176.0	8977746.5	8349018.25	8597876.375
322	458.1958467437461	1.7047542	0	15950396.0	14396100.0	15202012.5	15031589.75	15367280.5	0	15660741.25	15202964.5	15234775.25	15452797.75
323	195.0765254127417	1.7067689	0	118736223.5	117469190.0	115356437.5	116189693.5	120247425.0	0	120060663.0	116199261.5	116805877.5	117463977.5
324	212.10305024904088	1.7076038	0	75867191.5	69124500.0	74397330.0	72331351.5	78173763.5	0	74867142.5	76643049.0	73920153.5	75339291.5
325	229.11832404633344	1.7160076	0	236219102.5	234873820.0	231230515.0	230641680.0	241740532.5	0	240196370.0	238926380.0	231217057.5	229492022.5
326	457.2295245866615	1.7160584	0	138577900.0	133551580.0	133095040.0	132646022.5	140408127.5	0	141562190.0	138185745.0	134991467.5	129987687.5
327	183.112822486555	1.7168345	0	29722109.5	30200748.0	28990412.5	29992999.5	30969733.0	0	31182125.0	29574319.5	29732030.0	29186780.0
328	542.2823988002231	1.7485156	0	7391336.25	6821444.5	7318617.125	7504743.625	7195009.125	0	7558444.25	7167349.75	7545816.5	7138095.625
329	518.2586574795968	1.7876141	0	9843228.0	0.0	7848133.25	10353393.5	10149181.0	0	11402918.0	10798072.25	7860423.5	8132522.0
330	314.17099615619344	1.7796944	0	14594539.5	14099243.0	14597161.75	15924330.25	14470153.0	0	14766726.75	14988971.0	14951940.75	14878546.0
331	586.2545017110028	1.7803487	0	0.0	0.0	9794480.5	10740461.0	8731257.625	0	6969954.0	6944989.5	7652169.25	7699086.375
332	518.2586625805043	1.7971699	0	12960504.25	9232742.0	9793791.5	9852473.5	9816404.5	0	10779753.75	10675445.75	10334340.5	10633633.75
333	245.0954103309772	1.8162053	0	41302453.5	44434800.0	41898503.5	42600166.0	41866750.0	0	42745413.0	42316566.0	41288657.0	41317237.0
334	505.2290396837155	1.822305	0	10263238.75	8552096.0	8214156.0	7451236.125	7896350.25	0	8985381.125	8493977.75	8328861.875	8016760.375
335	358.14308973232943	1.8314297	0	2662815.2750000004	2460955.5	59091319.0	58451202.5	51178182.0	0	41597361.8	41452823.05	43813657.8	44519676.125
336	150.07746216615678	1.832933	0	0.0	8540709.0	0.0	0.0	0.0	0	0.0	0.0	0.0	0.0
337	359.1465115515946	1.8412149	0	0.0	0.0	10482963.0	10753655.25	8739405.5	0	7490283.375	7321010.5	7492930.75	7671799.125
338	496.2769328562293	1.8387172	0	275555467.5	311596700.0	262341235.0	277286280.0	261808502.5	0	276560512.5	265953945.0	271633692.5	262843335.0
339	715.2795644998581	1.8482056	0	0.0	0.0	4650167.95	4479499.575	3320813.25	0	2995788.575	2880227.7	3045394.7	3529069.8
340	853.4129710880509	1.8585938	0	0.0	0.0	6097321.125	6140270.375	5049244.25	0	4359507.0	4189603.875	4124862.75	4612862.125
341	991.5463854414908	1.8619157	0	8826922.875	8910787.0	8264943.0	8583798.875	7894400.375	0	8235467.875	8466951.375	8166031.625	8701614.25
342	234.1335506144392	1.8824664	0	0.0	0.0	7249718.625	8374329.5	5465430.875	0	4863689.625	5285440.625	5660816.0	5279532.75
343	277.1183229979132	1.889412	0	40956551.0	37322824.0	35370699.5	38821166.0	36531517.0	0	38609937.0	38421909.5	37280478.5	37367608.5
344	120.0809247774516	1.9136131	0	5376162.125	4943481.5	4957340.0	5183722.75	5195071.875	0	5274263.875	5145392.125	5373737.125	4918903.625
345	195.11278569669128	1.9237007	0	3358152.2	3434930.2	4053403.325	4073510.325	3994127.5250000004	0	3883714.825	3850294.05	3966953.325	3778231.175
346	160.13322175594865	1.9261588	0	18872402.75	3894806.0	7147026.75	7680528.375	7178922.5	0	8812225.625	10394191.625	10626116.75	11046346.375
347	135.09172382945906	1.9269763	0	3723653.875	0.0	4138430.075	4001986.2	3753452.4	0	4055309.325	3787457.0	4036147.125	3738609.0999999996
348	153.1022482431053	1.9255683	0	11763744.0	1908934.8	12097273.25	11980743.75	11223881.0	0	12125944.25	11663124.5	12101610.75	11174962.5
349	240.11312372774165	1.9313271	0	6840001.5	0.0	5653566.25	5288782.25	5593056.125	0	6102024.375	5740854.5	6047511.25	5485016.0
350	678.4189755751026	1.9315742	0	5789454.375	9622954.0	6111313.625	6068359.375	5779176.25	0	5937296.125	6029725.375	6036368.75	5744913.375
351	747.3717525494241	1.938205	0	29834859.5	42913660.0	39470956.0	37789981.0	36394778.5	0	35809884.0	36177762.0	37446171.0	34056758.0
352	326.17091862865414	1.9413636	0	14020272.0	16262622.0	12481403.25	12910814.5	12002198.25	0	13049336.5	12804948.0	13290351.5	12270052.0
353	259.10782697009	1.9434669	0	51401363.0	50714284.0	51983280.0	52495622.0	50082575.0	0	49915172.0	50350079.0	55657550.0	50040039.0
354	399.2239478888184	1.9461902	0	3210032.05	3105992.5	3814740.5	3919706.9000000004	3755774.475	0	3735616.6500000004	3682265.225	3821961.875	3460410.175
355	169.09715905100092	1.9487762	0	4721052.125	0.0	0.0	3278487.45	0.0	0	1744827.675	2022477.25	2489778.125	1742456.525
356	277.1369846090176	1.9515878	0	14607256.5	15510301.0	15089711.5	15473573.5	10561639.0	0	14568949.5	15244142.5	11761983.0	14157105.5
357	276.134350268406	1.9508736	0	98776770.0	87290820.0	93703047.5	95362926.0	91779057.5	0	92847497.5	94382620.0	100437451.5	91954232.0
358	260.11118360079075	1.9508227	0	8451803.875	8590873.0	6534517.75	8305405.625	7884694.125	0	6139075.125	8051991.25	8975380.5	8009974.5
359	120.08092467460318	1.9290513	0	4059697.75	5365238.0	5288207.5	5425642.875	5364325.375	0	5505459.875	5589501.875	3937215.625	5105696.125
360	627.3169362941388	1.9804412	0	5692233.5	6324642.0	4434712.0	4489326.875	4639873.375	0	4746027.25	4816632.25	5153113.125	4540373.125
361	318.1235797774257	1.9986144	0	7641378.625	12146969.0	8044754.5	8217117.75	8272268.625	0	8298668.5	8213028.5	8418550.625	7245271.875
362	877.4568798882035	2.0094736	0	2419843.425	0.0	3853707.55	3887477.275	3362992.25	0	3449209.05	3392702.7	3286568.0	3395540.75
363	199.08658652529	2.0277724	0	4604232.575	5119650.0	4541196.25	4548706.0	4415021.925	0	4686286.425	4411447.875	4486822.875	4524599.575
364	489.2017191490644	2.033402	0	5380665.0	4641133.0	4720230.75	4786961.075	4481682.875	0	5106310.5	4677008.125	4763328.2	4822892.875
365	374.17095594724174	2.0384378	0	10564017.25	8962110.0	9317066.0	9943417.5	9109774.75	0	10212505.5	9589701.75	9716172.75	9415895.5
366	213.0869831256736	2.0414023	0	5675118.25	4575155.0	4828577.25	5230562.0	5091236.0	0	5387813.0	5118343.75	5254323.125	5065013.625
367	261.0902672697884	2.0414076	0	72750792.0	54750120.0	60769843.0	65437410.0	61887069.0	0	67761666.0	64698288.5	65684681.0	62700478.5
368	521.1737206978496	2.0452607	0	13513473.25	10573515.0	10928090.25	11207596.0	10891941.75	0	12213356.0	11041686.75	11941808.75	11344249.75
369	262.0936496534133	2.044416	0	8142257.25	5955325.0	6719967.875	7208006.5	6918907.875	0	7550498.25	7237712.25	7355120.75	6845808.25
370	195.07643339382605	2.0507405	0	19538999.5	14630439.0	17660086.25	18201308.5	17610043.5	0	18839673.25	18252498.0	18407488.0	17510778.5
371	212.1029276855403	2.0555034	0	52979707.5	34927544.0	47044839.0	47676046.5	46793657.5	0	48972992.5	49170585.5	49350381.5	47000291.0
372	226.11851005366992	2.059347	0	7879318.625	4793606.5	7222368.5	7056747.875	7008147.125	0	7280316.125	7267878.375	7409817.0	7208570.625
373	300.1552108484532	2.06146	0	6670052.625	4735329.0	6800989.25	6538379.25	6564098.125	0	6720302.25	6546181.5	6750474.25	6556561.25
374	966.5294303021708	2.0640254	0	0.0	0.0	13999772.5	14496614.5	12843134.75	0	10487964.25	10318025.5	10598479.75	9935052.25
375	635.2380120092207	2.0666206	0	10731075.75	9532663.0	10529271.5	10090075.0	10175392.0	0	10396255.25	10356369.5	10540806.5	10232383.0
376	221.09187722280947	2.0971775	0	8833677.0	7257408.0	8201027.25	7451214.875	7713439.375	0	7749410.125	8086208.375	8043603.375	8320136.625
377	144.0653710094216	2.1050973	0	9014883.125	1704218.0	2284944.65	2641631.875	2289179.8499999996	0	3559722.475	4243917.5	4101398.575	4325600.95
378	192.1593217135373	2.1224496	0	3976846.375	0.0	4198711.75	4007039.875	4057009.75	0	7643318.375	8596289.375	0.0	0.0
379	344.181302909667	2.1323855	0	6882696.25	7582338.0	6226939.0	6097195.5	6195506.375	0	6481358.5	6146283.375	6332513.25	6442182.0
380	310.21215797355154	2.1424613	0	6546884.625	6423817.5	6436472.625	6085960.125	6110107.875	0	6281231.75	6189605.125	6213523.125	6495065.25
381	140.03398907181344	2.1460047	0	4906804.125	1215293.8	3405655.425	3611437.6	2688456.3	0	3630439.55	3584085.05	3835076.55	3562752.3
382	219.07965462871985	2.1505451	0	15028169.5	18900554.0	14590860.75	15012949.25	14306050.5	0	14848683.0	14679409.0	15414553.75	13995384.25
383	155.08136038789036	2.1521807	0	11458851.5	13811732.0	11352075.0	11096156.75	11311524.75	0	11566934.25	11334579.25	11442206.0	10874888.5
384	680.3976045712359	2.153655	0	4441941.375	4781158.0	13572040.75	13424364.5	13577413.0	0	11973187.25	11193300.0	10945905.25	10903367.125
385	252.10862278321176	2.1587934	0	1024572.3250000001	6401535.0	0.0	0.0	0.0	0	0.0	317373.525	309098.4	398100.4
386	637.3554795638781	2.156434	0	2444615.45	1913505.8	33399609.5	33013065.5	33041438.0	0	27546868.75	25399690.875	24572520.375	24379648.45
387	793.4086383639547	2.161296	0	64193396.0	79169140.0	54413169.5	53669498.0	50198381.0	0	58963369.0	56535812.0	53115483.5	53859780.0
388	351.20230019264903	2.164797	0	9268639.75	10790448.0	8400275.625	8146084.75	9010392.0	0	9077999.0	8826894.5	8725219.75	8195278.875
389	379.1972413980839	2.1655424	0	10442058.0	12051248.0	9418478.25	9105171.0	9585939.0	0	9930729.5	9655462.0	9771951.25	9193503.5
390	229.1544008239036	2.1672964	0	5183392.75	5972632.5	4688606.5	4816522.5	5043124.5	0	5087094.0	5000708.75	4964762.125	4679081.375
391	815.3905164331873	2.1672482	0	12162245.5	9293369.0	8641740.25	8509142.625	8692521.0	0	10391791.5	9524195.25	8829908.0	9259754.625
392	344.144829280482	2.168985	0	783775.85	0.0	5401128.0	2784021.6	5428678.5	0	4039085.675	2930490.95	3481008.475	3947018.85
393	399.2122946957233	2.168449	0	11596839.25	12840046.0	10278940.5	10412364.0	10698892.75	0	11283159.75	10767240.5	10887718.75	10048917.5
394	397.2080546929287	2.1692908	0	406236837.5	450788960.0	366185070.0	370119440.0	373617487.5	0	395289465.0	382672047.5	383036040.0	355161282.5
395	754.343721296298	2.1789925	0	8398953.25	8055629.5	7844903.0	7828596.875	7493011.375	0	8272023.0	8272988.5	7361798.625	7658654.375
396	398.2098920573124	2.1744344	0	69150264.0	96372090.0	83122446.0	81516683.5	83310306.5	0	92076692.5	85291257.5	61250172.5	78481577.5
397	535.2509855187188	2.1950397	0	21700589.75	0.0	34201831.5	32204206.0	42832930.5	0	39395319.5	31377783.5	27638350.75	32528104.0
398	865.4486542529594	2.2030165	0	415332.9	0.0	20771563.0	20870772.5	20476805.5	0	15993701.9	15150617.5	15925036.5	15465118.0
399	358.1428098693101	2.2067623	0	24020053.0	21396810.0	25107986.5	24100089.5	24359273.0	0	23761015.0	23951547.5	24763735.0	25111104.5
400	204.1229454794296	2.2083075	0	0.0	11208168.0	0.0	0.0	0.0	0	0.0	0.0	0.0	0.0
401	819.460361339497	2.2091732	0	2981016.8	2724676.8	11316134.75	11311525.75	10633964.5	0	9006989.0	8866058.55	9310459.0	9059135.25
402	419.1898136554517	2.215303	0	18991887.5	11618892.0	14951783.25	14230571.5	13072230.25	0	14114711.75	14646405.25	16133249.75	16352105.75
403	496.1858459238716	2.215581	0	2704051.025	0.0	4763736.3	3935688.425	5122175.7	0	4655082.975	3984779.325	3754841.9000000004	4130947.25
404	272.16024384261243	2.2194016	0	8682265.875	10877388.0	7091089.25	6918932.5	6284049.375	0	6681967.375	7064904.875	7922104.0	7307360.75
405	441.3069777786598	2.214463	0	6297141.625	5937084.0	6176044.75	6222823.0	5765543.5	0	5883852.0	5996680.0	6325544.75	6255476.125
406	528.2485310505109	2.2185123	0	13643631.75	11489979.0	13306887.25	12213127.5	12259773.0	0	12641810.75	12179743.0	13213428.5	13388437.25
407	121.0397274920378	2.2206886	0	11509598.0	0.0	23230969.25	20045149.0	27590626.0	0	25388060.75	20010158.25	18017945.25	18960178.0
408	139.0501479236011	2.2206938	0	150564343.5	0.0	290304207.5	247294922.5	346512550.0	0	314860767.5	253891072.5	225929956.0	239994227.5
409	279.13372898928577	2.223267	0	17255439.0	0.0	9253986.25	8698717.75	8669690.625	0	10434559.25	10346701.875	11782059.75	11314512.75
410	455.3225694984192	2.2295718	0	345918.0	6385708.0	9877017.0	8121664.625	6743481.125	0	5803832.0	5767645.875	6606704.625	6909898.25
411	198.1025092183506	2.236851	0	0.0	7639362.5	0.0	0.0	0.0	0	0.0	0.0	0.0	0.0
412	174.12366786945364	2.246065	0	10522967.625	0.0	2602737.025	3992089.25	2364532.975	0	3936967.625	4870987.425	5426517.075	5247854.75
413	221.09197689668144	2.2492466	0	26000036.0	16713711.0	19781671.5	18535325.5	17612724.25	0	20050212.75	20009498.0	20692053.5	21177993.0
414	667.3657825490068	2.259495	0	4524094.75	4104067.8	4422957.675	4104942.4	3968395.15	0	4116108.675	4177146.65	4377754.525	4349380.125
415	696.3559307943493	2.2607741	0	6155853.0	5991023.0	5806149.125	5276258.875	5244301.25	0	5546944.375	5655127.375	5781482.5	5499008.0
416	130.04995014769574	2.2632835	0	192813582.5	215360700.0	172950800.0	177509472.5	163159672.5	0	169028677.5	169680545.0	184936150.0	182788155.0
417	664.404430425607	2.2636526	0	4900041.875	4043922.2	4835315.875	4355593.0	4424612.825	0	4583947.0	4650786.5	4661110.95	4619719.125
418	498.29259999035673	2.2726374	0	4651463.125	4705095.0	4746940.25	4805501.625	4357709.45	0	4421418.2	4656064.75	4693832.875	4790298.625
419	867.533256483989	2.28145	0	5330556.0	0.0	3421333.7	3332504.925	3371640.375	0	4293574.625	3997232.625	3511246.7	3653981.05
420	300.1552801677895	2.284966	0	52698641.5	55482640.0	53103346.5	57161082.0	51588809.5	0	50002683.0	52491293.0	54868820.0	57189083.5
421	599.303874996066	2.2879376	0	4882696.375	5381278.5	4505204.375	4577363.05	4385603.875	0	4409735.125	4578500.875	4644101.125	4718530.55
422	320.1238071370522	2.2939703	0	4791112.75	2930428.2	3584751.875	3506716.7	3615458.575	0	3875548.3499999996	3719277.7	3857247.925	4045965.925
423	538.360274255743	2.2979667	0	3081739.075	2800185.5	5371954.875	4790598.25	4631008.0	0	4266278.55	4147767.45	4600034.95	4861219.25
424	558.3288203734627	2.2988381	0	2659456.325	1949718.1	7178811.5	6538914.125	5996884.125	0	5452091.825	5330307.325	5817259.625	5774407.3
425	318.12341460321574	2.3005555	0	3943282.2	4917468.0	4143936.875	3854402.275	3790166.625	0	3829787.525	3775913.575	4158640.25	3967446.625
426	286.1759461901196	2.3069494	0	5131045.875	5564837.0	4959897.25	4783343.75	4615117.125	0	4533634.5	4603189.0	5158791.0	5193789.5
427	489.3072135776652	2.3082316	0	6290420.5	6422298.5	9450378.0	8805301.25	8232504.875	0	7819860.875	7933684.0	8481714.125	8543345.625
428	409.2444468862944	2.3130753	0	55157811.5	49226164.0	55169350.0	52574224.5	52060019.0	0	52307811.5	49995071.5	57239568.5	55418953.5
429	439.2915576773784	2.3253891	0	20407147.5	8299655.5	13801583.0	13674379.5	14182760.5	0	14793739.0	15838671.75	15122235.0	16311224.75
430	570.2772003627933	2.3411398	0	8139957.375	8017764.5	7773260.875	7323073.75	7381110.75	0	7474910.5	7819620.75	7800581.875	7522289.625
431	302.1134131979161	2.3557045	0	4792752.375	4457161.0	4525844.5	4758358.375	4647543.875	0	4718644.375	4774343.625	4785658.5	4445852.625
432	734.4083423881083	2.3590102	0	3245962.05	0.0	2057164.525	2018825.75	2308725.475	0	2831237.575	2446068.1	2169697.9	2183674.225
433	272.16043884674826	2.360797	0	12091521.0	13461655.0	10943626.75	11339805.25	11479929.5	0	11154942.25	11759272.75	11858884.75	11081782.75
434	221.0591054816135	2.361956	0	4450815.7	4187030.5	4178765.65	4217497.5	4329151.625	0	4164132.825	4407864.575	4341636.375	4262596.7
435	468.2458057773692	2.3648086	0	8548145.875	8652999.0	9542061.5	9874905.25	10142643.0	0	9170625.625	9807260.75	9675059.75	9454809.5
436	230.1022719384254	2.3676815	0	7075006.5	7334344.0	6397261.0	6496896.375	6544631.125	0	6167704.375	6743551.75	6844572.75	6757966.125
437	162.07607646306448	2.3794389	0	6856951.375	6995421.5	6832750.75	6817021.75	7124444.375	0	6679581.25	7241324.875	6903381.625	6806880.5
438	144.06551572734577	2.3794875	0	17565242.75	16594114.0	16239747.25	16308336.25	17150942.5	0	16101592.75	18036153.75	16816822.75	16309699.5
439	540.3762526007744	2.380317	0	1594139.2	3999494.5	5245536.375	5322079.125	4793556.875	0	4230625.025	4270130.975	4342496.7	4112058.875
440	358.26995873180016	2.3852115	0	1018032.0	10006957.0	9321632.5	9304759.5	8531763.875	0	6954352.675	6850889.75	7221689.05	7149256.4
441	169.09715294465542	2.3861568	0	4306602.5	3935976.5	4286322.0	4395353.45	4418904.625	0	4183618.25	4502853.625	4342114.625	4378596.075
442	441.30736200274623	2.399313	0	1662855.0	16326441.0	12815975.75	12276904.5	10668284.25	0	9497335.275	9206876.725	9384138.5	9335669.0
443	301.12957503724044	2.3918967	0	3653457.95	3844358.2	3630667.575	3597607.9	3831583.675	0	3737144.975	3793477.025	3598310.2	3584384.9
444	342.2386852457494	2.3943412	0	20574501.5	15096802.0	18140164.0	18215763.75	20078460.0	0	19717997.0	20145601.5	18190887.0	18954403.75
445	332.1273461904352	2.3955631	0	22668188.5	2487155.2	47076696.5	46055140.0	49863043.5	0	42953933.5	42356186.5	39660781.5	40692167.0
446	150.05833416243834	2.3959439	0	2477675.025	0.0	4864705.05	4691506.125	5189560.125	0	4490163.625	4381303.8	4115411.95	4236566.95
447	211.14416923006632	2.4045146	0	3657526.1	4538536.5	3627271.7	3641696.35	3694081.025	0	3752028.55	3700562.425	3657524.125	3510460.075
448	159.07644276073174	2.413056	0	7301777.5	7893065.0	6532829.125	6257237.0	7123156.875	0	6795222.125	6847176.875	6610598.0	6962003.5
449	552.3759836508124	2.4183652	0	91768951.0	16894354.0	85364434.0	78993008.5	91532453.5	0	93866112.5	91770263.5	81266015.0	80756456.0
450	473.2762095185577	2.426658	0	149153510.0	155575680.0	168643192.5	150179392.5	160485820.0	0	166096017.5	153190757.5	153384457.5	155790682.5
451	146.1175347190546	2.436308	0	8042765.25	9605921.0	7281519.25	6042031.625	7177161.75	0	7418074.5	7116600.75	6823385.5	7185417.125
452	568.2979860567402	2.4376214	0	53759403.5	7170145.0	65623388.5	58057366.0	57268980.0	0	67524329.5	56520164.5	52796113.0	57868531.0
453	365.1819822216029	2.4499154	0	14290784.0	10511728.0	10897360.0	11141947.0	10278809.75	0	11737368.25	11898367.75	11858523.0	11114641.75
454	137.04580862432897	2.456966	0	4106408.625	0.0	1138833.7	1513233.65	1623926.05	0	2197846.65	2177119.4	1965057.8	2042378.175
455	899.4875994964843	2.4621127	0	2139260.5	3702781.2	7172042.375	7818757.0	7125069.625	0	5703851.8	6099859.25	6072859.125	6378559.325
456	371.1925397511313	2.4656475	0	4274889.85	3506220.0	5763900.75	5558296.625	6010275.5	0	5136494.3	5558982.125	5521180.375	5390705.925
457	673.3198451493046	2.466135	0	5157259.625	5131076.5	4114737.5	4223916.925	4308881.075	0	4243572.325	4511691.625	4601787.625	4447743.55
458	532.2628703332374	2.474145	0	0.0	4294365.5	0.0	0.0	0.0	0	0.0	0.0	0.0	0.0
459	227.10261465784123	2.4805992	0	26587858.0	19215640.0	22211431.5	21054083.5	22661424.5	0	22860659.5	23709374.5	23508124.0	22436639.5
460	449.2007058424443	2.4808416	0	2399023.875	0.0	5046643.5	5033217.5	5069976.25	0	4092919.625	4492838.325	4468047.375	4495055.8
461	429.2229080607352	2.4856722	0	1904118.95	1515745.2	7145093.875	6954345.25	7500990.25	0	5469724.475	5882593.375	5997261.6	6154968.875
462	427.2190492196874	2.4869392	0	71909611.5	49517876.0	222248205.0	219799040.0	232232107.5	0	172817820.0	189006347.5	189146042.5	195218754.0
463	978.587465833122	2.4876409	0	2426967.275	0.0	5936213.5	6254864.625	6434353.75	0	5480194.25	5028898.25	5176473.1	5366833.55
464	356.18157445440704	2.4885714	0	3598007.35	2366171.0	2629766.05	2480881.3	2828459.125	0	2691752.3	2980018.3	2994102.6	2871240.625
465	853.4305912992454	2.4887295	0	1721943.525	999195.2	18104389.0	19669525.0	18219078.25	0	14106617.725	13682878.8	14345185.05	15580254.2
466	215.1390720052812	2.490745	0	2642513.5	1927240.5	8186225.25	8311761.375	8741766.0	0	6574436.5	7109305.05	6931975.45	7266549.125
467	562.2735231557566	2.495022	0	0.0	16102410.0	0.0	0.0	0.0	0	0.0	0.0	0.0	0.0
468	653.3147098896216	2.495636	0	1748597.475	0.0	4281192.55	4160188.725	4314844.7	0	3559966.825	3545060.275	3543009.45	3856786.9000000004
469	428.2218376288117	2.4864213	0	16218048.25	10700369.0	54321629.0	39149225.0	56875927.5	0	29517260.25	45080176.0	45610444.0	46356949.5
470	255.17028358836595	2.5018728	0	3289285.15	5954711.5	3065158.675	3014371.375	3200478.475	0	3062191.075	3236936.075	3092077.675	3178088.85
471	133.06084238295745	2.5022964	0	0.0	0.0	3179260.85	3233954.925	3892224.8	0	2479777.375	2634699.6500000004	2611926.5	2579037.05
472	428.2481789997951	2.5146453	0	8428596.0	6449225.0	8616962.25	8333321.0	8664281.25	0	8614175.75	8787361.125	8240617.0	8401006.625
473	348.1189327844466	2.5253556	0	3898250.7	3030416.2	3397824.925	3751276.7249999996	3794295.2	0	3630665.425	3811439.775	3701310.775	3698231.575
474	137.05876246623816	2.5258238	0	0.0	16489872.0	0.0	0.0	0.0	0	0.0	0.0	0.0	0.0
475	137.0648166967343	2.5258238	0	0.0	50333884.0	0.0	0.0	0.0	0	0.0	0.0	0.0	0.0
476	362.15707730852296	2.5258238	0	0.0	9275328.0	0.0	0.0	0.0	0	0.0	0.0	0.0	0.0
477	631.2513028399839	2.5325434	0	5432005.0	1080930.2	3868070.575	4016203.025	4004966.65	0	4398265.075	4300899.975	4153088.5	4468991.7
478	316.1291711801156	2.5332596	0	86128312.5	41191064.0	73670769.0	80301457.5	79467775.0	0	79397997.5	81670189.0	76949250.0	81550877.5
479	451.1837350411732	2.5354114	0	0.0	16235628.0	0.0	0.0	0.0	0	0.0	0.0	0.0	0.0
480	441.2343629353354	2.549743	0	14038872.75	8743565.0	12614501.0	13576007.25	13756575.5	0	14109034.0	13446520.75	13047815.25	13382586.5
481	507.2088449678916	2.5530393	0	5218337.0	3698741.0	4138496.425	4601600.5	4581076.25	0	5003437.75	4534694.8	4317061.5	4684316.125
482	344.2543066068253	2.5546052	0	3473413.55	24084378.0	18271873.75	16973524.5	15060804.25	0	13535251.5	12898646.05	13375902.0	13969816.5
483	710.372425264708	2.553454	0	4463432.25	2607439.8	4042694.95	4433685.75	4419770.575	0	4648108.125	4159774.45	4223232.625	4328468.325
484	455.3228477187335	2.5587223	0	10240366.0	7639737.0	9606587.25	10274969.25	10605230.0	0	11047543.25	10203478.5	9453874.5	10022256.25
485	516.2093055917908	2.5635562	0	9600646.25	3517360.5	8838284.25	9360456.25	9028517.0	0	10192448.5	8812081.75	8272845.75	9550527.75
486	344.1815997356249	2.5675604	0	10243433.5	5739397.0	10637111.0	11515438.5	11246339.75	0	11775146.0	11016752.0	9906846.25	10943578.5
487	540.3759961615921	2.573982	0	7986695.75	14110233.0	13603186.75	14173392.5	14045786.5	0	12804260.0	12418977.875	11683410.75	12902412.875
488	427.183782750893	2.5837562	0	7248551.75	3922434.8	7587703.875	7525958.0	7473535.0	0	7739624.375	7457602.75	6954322.25	7684199.25
489	200.10319169990743	2.5886347	0	16091150.0	11239358.0	16899583.0	16986255.25	16444710.0	0	17818705.0	16395693.5	15609333.5	16597966.25
490	155.08149867408858	2.5931525	0	6438464.5	5347072.5	6894752.0	6919123.875	7069997.5	0	7080498.125	6613094.625	6706970.75	6921774.375
491	401.1667380500489	2.5976348	0	76931055.0	62341444.0	81600285.0	84500290.0	84543870.0	0	82312180.0	78478712.5	81205250.0	85579357.5
492	286.1397114044063	2.5988538	0	7626818.375	5891309.0	7987034.625	8298251.125	8281391.375	0	8413515.625	7526492.75	8019289.375	8234197.75
493	201.08701649940667	2.6013975	0	167086140.0	144325890.0	173614787.5	176747915.0	179088132.5	0	184287230.0	171208917.5	169187195.0	171853632.5
494	572.344752459744	2.6064315	0	81357546.5	0.0	12434692.5	12356427.0	16920844.0	0	38256409.25	33783266.0	19976472.25	31053362.5
495	671.4133299730163	2.6202462	0	334914295.0	7837455.0	273948520.0	261202235.0	249034027.5	0	302923502.5	256120822.5	264750347.5	295304405.0
496	1341.8190100967224	2.6281207	0	4330357.125	0.0	2186320.675	1474927.625	1992645.3	0	2826904.05	2352934.45	2201216.75	2603195.475
497	554.2821605037195	2.6287417	0	3162836.925	2471656.2	5452822.375	5180327.5	4990520.5	0	4679670.8	4273705.075	4795940.75	5037190.675
498	843.4226293869987	2.633655	0	7151590.75	12117470.0	8406422.0	7749519.75	7830185.25	0	7479653.75	7054744.75	8360899.75	8242419.5
499	821.4408669922469	2.6373692	0	89201873.0	115555620.0	107933572.5	102226871.0	104946155.0	0	97947048.5	95203621.5	106839090.5	104318711.0
500	770.4815554289868	2.64026	0	7604287.0	0.0	4994760.25	4801662.75	4716906.825	0	6088792.75	5211122.95	5235613.125	5582088.0
501	279.1702522828521	2.6411333	0	0.0	34186252.0	0.0	0.0	0.0	0	0.0	0.0	0.0	0.0
502	330.16582860975143	2.6464343	0	5392020.5	3753905.8	5973371.125	5577338.0	5477013.875	0	5486194.625	5654592.75	5670445.125	5608511.0
503	138.0549140911908	2.6497252	0	4613237.625	0.0	2908135.7750000004	3103245.3	2823408.625	0	3199903.25	3434156.175	3323952.2750000004	3490015.625
504	602.2829612810646	2.653864	0	4479575.175	3377803.8	7964110.875	7766359.375	7184839.875	0	6899189.875	6725405.05	7059444.875	6710845.5
505	328.22301526799225	2.6571348	0	12994198.75	14913880.0	14199788.0	13614525.75	13477030.5	0	13549385.5	13124459.25	13934624.75	13677073.5
506	637.4286756093966	2.6607118	0	2287299.475	2435956.5	6277119.875	5629994.25	5527218.0	0	4803692.45	4691307.6	5038361.375	5188270.175
507	344.25435909177924	2.673112	0	5874598.55	18957568.0	18653138.0	16000335.75	15547256.25	0	13238839.875	13910522.3	14328002.0	14597964.375
508	1088.5373620328544	2.679608	0	0.0	6795741.5	0.0	0.0	0.0	0	0.0	0.0	0.0	0.0
509	754.4503992060366	2.6798265	0	7252115.375	8021013.0	30369364.5	27017230.5	26348095.5	0	23267317.375	22565740.375	21365369.875	23788378.25
510	1109.6971593929966	2.6806858	0	3395584.5	0.0	2321470.775	2189776.725	2228631.5	0	3074470.75	2509333.4	2091773.525	2459885.825
511	137.04583168562093	2.6873703	0	30320453.5	37252670.0	10930488.25	9933744.25	8674553.625	0	14981261.0	16430651.25	12938356.0	15508971.375
512	1247.7252132506094	2.6908855	0	0.0	4662278.0	2910797.05	2611693.375	2380897.7	0	2035164.775	1937746.925	1805154.625	2125321.8
513	442.3108806965295	2.6988218	0	3204038.7	5029886.0	6638464.25	5930538.5	5660526.0	0	4897281.875	5367674.625	5560748.625	5607862.325
514	441.3068492970631	2.7025795	0	12741507.0	20719548.0	25937493.5	23727602.0	21707715.5	0	19394312.5	20741518.75	21896390.5	22082096.25
515	376.2232002870696	2.7141805	0	47438484.5	34082916.0	44552973.0	41491351.5	40510484.0	0	41435148.5	43888031.5	45009925.0	43660188.0
516	215.1391075360676	2.7125547	0	1370864.5	18766948.0	12868780.0	11693107.5	9938558.125	0	8421007.85	8732370.5	9214609.375	9503322.4
517	428.29498590054266	2.719595	0	4600503.775	73771256.0	47475396.0	41977384.0	35719733.0	0	30426460.7	32944902.625	32923402.0	33478251.45
518	853.5759351068613	2.7172787	0	0.0	32244266.0	9894739.25	8298299.125	6547670.125	0	5490552.375	6095069.75	5926361.125	7228725.25
519	427.2919504920642	2.717458	0	19907756.0	282096830.0	195051885.0	176538592.5	147324240.0	0	127331626.25	134803807.0	138025704.5	138661335.75
520	268.10406720507325	2.7017138	0	0.0	624028300.0	955242.35	1475114.45	0.0	0	570002.0249999999	796675.0	362011.3	701668.475
521	802.5079757725995	2.719524	0	423554.0	12161073.0	6239325.875	5442632.5	4920874.375	0	3844710.625	4142617.875	4614120.125	4424938.125
522	489.3075050375209	2.7226083	0	3287657.45	3105545.0	4133976.95	3836581.6500000004	3853471.65	0	3658266.95	3860153.125	3879654.55	3713613.075
523	671.4701967537738	2.72801	0	0.0	8840938.0	0.0	0.0	0.0	0	0.0	0.0	0.0	0.0
524	694.3888933298018	2.72801	0	0.0	4992772.5	0.0	0.0	0.0	0	0.0	0.0	0.0	0.0
525	146.11759308956104	2.7304268	0	65667047.5	6425386.5	10364021.0	13475664.0	10968148.75	0	18145179.75	26881830.75	27487271.0	27960599.75
526	710.3506695753995	2.7424657	0	6113476.25	0.0	2180647.85	2953685.325	1984043.9249999998	0	2605913.575	3036606.55	3983631.05	3605702.175
527	865.5765004591059	2.7492604	0	1587096.8	4737344.5	14207773.5	13429331.0	12380488.25	0	10966541.15	9482835.5	10756715.125	10398597.775
528	950.6291634096712	2.7523649	0	0.0	1992387.0	6054510.75	5412161.125	4505149.25	0	4278282.0	3730963.5	3943416.875	4019158.75
529	169.0608526143578	2.7572296	0	4510258.575	3321006.2	4419077.925	4511482.625	4637394.125	0	4562085.0	4484490.375	4477797.575	4553840.3
530	439.2921578065231	2.817569	0	364376472.5	117635520.0	469687647.5	486212630.0	482237040.0	0	344838782.5	487650505.0	480395820.0	489628682.5
531	245.18597064908909	2.695245	0	0.0	140399420.0	553615.075	0.0	306869.65	0	0.0	306869.65	299861.5	253753.575
532	186.08740355702145	2.7611735	0	4365356.75	3322554.8	4189292.175	4406268.625	4493007.5	0	4395746.875	4385915.3	4268941.75	4403321.125
533	530.2978195375973	2.7698557	0	9307332.5	3629470.8	29187934.0	26653507.0	18681520.5	0	17499686.75	21178611.75	21745591.25	23406404.25
534	473.2778292069284	2.7190783	0	6142405.75	6818364.0	6448432.625	8811995.375	8821037.625	0	7714523.125	6920665.0	6321039.25	9267644.0
535	498.3290948462594	2.7783675	0	2445971.6	18129472.0	11500147.25	10758591.25	10328285.5	0	8015349.625	8541368.475	9229335.2	9246942.3
536	298.139871030012	2.7814317	0	4751945.5	3992474.8	4530225.5	4283525.925	4548012.875	0	4386071.925	4538166.5	4689061.875	4500409.5
537	726.4191452081033	2.7818	0	3978833.25	4729870.0	4280347.7	4288187.575	4573641.05	0	4157696.5	4228091.175	4392833.525	4342388.375
538	524.3449723207856	2.7822192	0	12321438.25	20905586.0	120675845.0	114742685.0	115222122.5	0	84203357.75	90246863.25	93671856.75	94840013.0
539	153.04080395452226	2.7880511	0	6261745.375	7720228.0	14811892.75	8413351.5	21114860.75	0	12585957.875	13444496.75	13054515.5	11516880.25
540	962.629280324134	2.7918653	0	2373905.225	0.0	19723107.0	20280075.5	18872769.5	0	15456318.125	14582052.05	15664848.5	15546638.55
541	651.3352144260562	2.808921	0	5705691.75	6078570.0	5266920.25	5521957.5	5247947.0	0	5585891.0	5158230.0	5370140.25	5628255.25
542	530.2978057177149	2.8005035	0	9600211.25	3533242.5	28742769.0	12997694.5	24777093.0	0	20689702.75	23078090.5	15276745.0	17073229.5
543	372.1768503141167	2.8298867	0	59173112.5	63225864.0	71223924.0	70830866.0	65496409.5	0	64423781.0	64017350.0	66528846.5	71754334.5
544	810.4618416542087	2.8306978	0	6414650.125	1108528.5	6553686.75	6505460.75	6073363.75	0	6550066.875	6365302.375	6184191.25	6447600.875
545	763.43606891241	2.8312793	0	4751568.625	4564238.5	5742155.125	6083209.625	5329707.75	0	5258387.375	5363257.625	5568696.375	5716299.75
546	289.1546053471859	2.8335247	0	2158414.775	4794872.5	2155364.45	2062785.725	2077331.25	0	2054055.25	2107966.725	2111370.5	2180503.725
547	330.2388436925759	2.8429227	0	7039726.0	26214688.0	19205093.0	19479853.5	17275821.25	0	14482113.75	15035330.125	16989550.25	16493499.625
548	439.2921000810552	2.8553782	0	440291000.0	119077220.0	475867320.0	499413527.5	485385555.0	0	482653967.5	490511470.0	462346905.0	465445060.0
549	558.3868022084548	2.8569758	0	0.0	7563473.0	0.0	0.0	0.0	0	0.0	0.0	0.0	0.0
550	440.29412215130895	2.8605	0	127047737.5	29707408.0	120041102.5	130462386.5	131398276.5	0	125712496.5	129118900.0	125794324.0	128323782.5
551	618.2603754470143	2.8651884	0	29383043.5	31102320.0	25254244.0	29169634.5	26234902.5	0	26745545.5	28746874.5	28417084.5	26132320.0
552	611.3044672412061	2.8683033	0	9160156.375	9777284.0	8760228.375	9868805.0	8907472.25	0	8785121.25	9459641.5	9579572.25	8872327.0
553	342.2389425852809	2.8731186	0	102367052.5	52564720.0	62124314.0	66806744.0	66932999.0	0	75471068.5	78100973.0	74229030.0	70430038.0
554	877.5767674320854	2.8731105	0	36595276.0	1941923.1	35071670.5	35908431.5	36126396.0	0	37145034.5	37275935.0	34818782.0	34462022.5
555	286.08576561498126	2.8737206	0	4662479.25	4458268.0	4145416.4	4349097.075	4117387.25	0	4203152.95	4391969.625	4465360.825	4213896.575
556	780.5240916813157	2.8781977	0	11612687.0	1719410.6	7369068.5	8038638.75	8068485.375	0	9011344.5	9142006.375	8567588.0	8367940.75
557	768.4512726572383	2.8810282	0	4417749.375	0.0	3983016.0	4286483.125	4212324.1	0	4246280.85	4235179.95	4290466.875	4127644.925
558	312.1555355832425	2.882854	0	5592204.875	5044173.0	5185189.5	5372202.625	4914218.875	0	5189652.875	5417718.875	5540170.375	4916273.75
559	330.1661666237057	2.8832612	0	42423518.0	39447000.0	41530611.5	43584869.0	40755795.5	0	42074583.5	42573039.0	43938562.5	39708609.0
560	607.3821338511582	2.8832352	0	10400876.5	14165319.0	10074239.5	10545556.5	9647597.5	0	10232528.75	10118708.75	10835439.5	9481593.0
561	331.169644847205	2.8828838	0	7508762.25	5975885.5	6294033.0	6430696.5	6258445.0	0	6734889.5	6630335.375	7037858.625	6088853.25
562	1065.6358037876985	2.885715	0	8118745.5	2650185.2	7598513.25	7980692.375	8273514.5	0	7931652.25	8218186.25	7984779.125	7836848.0
563	313.1545642820547	2.8854191	0	0.0	7063363.0	0.0	0.0	0.0	0	0.0	0.0	0.0	0.0
564	1073.6252464726815	2.8903654	0	18356656.5	5077976.0	33033559.0	34249527.5	31779615.0	0	29357001.0	29244302.0	30535502.0	28282553.0
565	636.3431299516864	2.917719	0	41079257.5	50338388.0	91398542.5	91982823.5	65647133.5	0	83543070.0	80239597.0	79192160.0	47132930.0
566	976.5725624871322	2.8936965	0	7869414.375	4069476.2	7566427.625	7978027.875	7668064.0	0	7708774.125	7830872.0	8089684.0	7452603.75
567	627.351241126666	2.894579	0	262841507.5	317258340.0	270172362.5	273719952.5	248629700.0	0	259402927.5	268798685.0	265830090.0	261331820.0
568	558.3130452845733	2.891919	0	3006319.225	6509827.5	0.0	0.0	0.0	0	1037680.25	689141.8	532021.05	747476.125
569	441.296738803438	2.8941233	0	16995669.25	2889898.0	16902010.75	16936748.5	15798159.25	0	17524684.5	17353698.75	15738757.25	16015447.25
570	229.1548594958992	2.918138	0	219135005.0	359857300.0	33591671.5	32285801.5	54328918.0	0	110737659.0	84006914.5	63906190.0	80690632.5
571	635.3404767929528	2.922972	0	144162597.5	122737620.0	247009307.5	237605417.5	221316157.5	0	208252390.0	218436457.5	207735170.0	215669462.5
572	863.4887194390765	2.9276206	0	15119603.75	25788750.0	3376174.3	3546893.25	5686763.825	0	8527806.8	6829324.15	5701437.875	6670866.3
573	608.342054677459	2.9323075	0	4978964.875	5231354.0	5161914.75	4794039.75	4796779.875	0	4996187.625	4917303.125	4810872.875	5007335.625
574	1081.5574035056682	2.9369006	0	11439589.75	13550775.0	12158554.0	11051984.75	11479296.5	0	11979260.5	11157651.5	11890365.5	11102147.5
575	683.3620097014832	2.941557	0	33577404.0	45903000.0	4274320.0	4649633.975	7284180.25	0	15710653.7	12392035.425	9949402.0	11733447.1
576	796.4462902901595	2.9407568	0	14490463.25	7066177.0	9337909.25	8804571.375	9739394.0	0	10981852.0	10769691.5	10392506.125	10228288.25
577	265.15485736055354	2.9433835	0	0.0	16574910.0	0.0	0.0	0.0	0	0.0	0.0	0.0	0.0
578	893.498935459577	2.944074	0	42185899.5	10793321.0	51313859.5	48339894.0	50713967.0	0	52294643.0	48739076.0	46875849.5	44644051.5
579	1106.5740672189077	2.950315	0	3807617.675	3452769.8	6573649.25	6906373.0	6295911.75	0	5997840.925	5765269.2	6350657.175	5469784.375
580	909.4210858767428	2.9573586	0	91877883.0	96038400.0	89134580.0	88033862.5	87384673.5	0	85683266.0	90561192.5	97656929.0	82529611.5
581	455.214087371962	2.9602375	0	474195255.0	475865400.0	464254835.0	451455660.0	448671775.0	0	444128145.0	462507360.0	479839302.5	452102717.5
582	215.13920921430665	2.9606283	0	10467096.25	10659386.0	10123293.5	10194997.75	9816070.0	0	9908103.5	10053928.75	10590399.5	10049025.75
583	197.12867286271683	2.973269	0	4931718.125	5961693.0	4893465.375	4662577.875	4406952.55	0	4663695.3	4533865.875	4845631.75	4851521.0
584	553.2991222386211	2.9830854	0	43859297.0	45380620.0	44539722.0	45661265.5	39911289.5	0	42901257.0	41260043.5	46169779.5	43640494.0
585	707.3000798333039	2.9976115	0	6280400.0	0.0	0.0	0.0	0.0	0	2577125.75	1274579.125	1255032.0	1173663.125
586	487.24019177431046	3.0015748	0	7756398.0	7521011.0	7381169.25	7533917.25	7019981.25	0	7889536.625	7014331.0	7233117.25	7554480.875
587	643.3816705787023	3.0082092	0	10717276.0	7164925.0	9133318.0	9088529.75	8835629.875	0	10724840.25	8883349.0	8925136.0	9241428.375
588	137.04590113596373	3.0088594	0	31838266.0	0.0	0.0	0.0	0.0	0	13320682.5	6953557.5	5542651.0	6021375.0
589	330.165843046794	2.9961567	0	20214785.0	18608232.0	22999851.0	21685096.5	21011119.0	0	21893019.0	18965391.0	21864335.0	23188106.5
590	782.4301502813238	3.0094528	0	15531604.5	33407338.0	27877172.5	27905162.5	25407943.5	0	24602747.75	23503855.75	24299539.0	24315740.5
591	556.3711121605777	3.0122106	0	1987330.825	12921070.0	582557.9375	0.0	919849.725	0	1118881.5	1052946.0375	891904.825	426006.125
592	326.20785052626854	3.0167887	0	39548309.5	13584850.0	22807880.0	24539277.5	27162302.5	0	31667929.0	29455167.5	25379160.0	27555513.0
593	962.556917893473	3.0200424	0	8274381.5	10137512.0	14403507.0	14293286.0	13124086.0	0	12921513.875	12333524.0	12451861.75	12388360.875
594	427.2920993302361	3.0275784	0	5833980.375	8954251.0	10993417.75	10765439.5	10084847.5	0	9678816.375	9120474.75	9566713.625	9311680.375
595	889.4827485832616	3.0330596	0	85848798.0	141201400.0	105938936.0	111472126.0	99287731.0	0	99760042.5	103189535.0	102146316.5	97451697.0
596	724.4032461857117	3.0335255	0	4280306.925	1850376.6	10821399.75	10738743.5	10032497.5	0	9581571.125	8994669.0	8571395.75	8725311.8
597	213.0871539896149	3.034446	0	8533601.75	8236100.5	8061589.125	7410504.75	8100408.25	0	7648772.625	8350912.75	8318760.25	7787658.25
598	231.09767851782627	3.0348465	0	18969597.0	18619622.0	17278859.75	17140259.25	17073233.25	0	17562513.75	18207809.25	17293414.25	17398212.0
599	279.17041161375937	3.0372744	0	0.0	31611014.0	0.0	0.0	0.0	0	0.0	0.0	0.0	0.0
600	185.1649336251797	3.0376897	0	487654.25	8264576.0	5245337.625	4831923.25	4413815.0	0	3649512.0	3470780.875	4179931.75	3678505.5
601	468.24565366154127	3.0396557	0	7773601.75	5849510.5	6335262.625	6517621.0	6161577.5	0	6473365.125	7157096.375	6852183.125	6305418.25
602	657.3980199341274	3.041703	0	6402199.625	5658149.5	26360159.5	25329754.5	22947116.0	0	20495586.875	20238997.375	20095438.5	20209206.875
603	1012.5357029037862	3.0453281	0	3830187.75	3845914.8	14724703.5	15141177.25	13848426.75	0	11874084.0	12120706.25	11839300.55	11710404.45
604	685.376730650502	3.046591	0	0.0	23244948.0	0.0	0.0	0.0	0	0.0	0.0	0.0	0.0
605	996.6136009223704	3.0513482	0	4495758.525	1690406.0	18045651.5	17648395.5	17588781.25	0	14179742.5	14986531.125	14145560.45	14466752.7
606	655.4394245480769	3.0569215	0	27864847.5	46299390.0	34766344.0	30972291.0	27404559.0	0	28183842.5	29620985.5	30946801.5	32256412.0
607	963.55918559788	3.035343	0	5073775.0	7094332.5	7011878.75	8954519.75	8072972.25	0	7962686.125	5824142.5	8130808.5	7195508.625
608	865.5024259328443	3.065068	0	0.0	9648853.0	0.0	0.0	0.0	0	0.0	0.0	0.0	0.0
609	328.22315987271253	3.071884	0	248068567.5	282081000.0	248793635.0	240984007.5	228187697.5	0	243569480.0	231812287.5	243560962.5	247091177.5
610	166.0724373592789	3.076939	0	12118859.75	6174362.5	6333019.25	6205256.125	6869538.25	0	7976007.375	7752106.375	8176259.75	7622299.875
611	530.298054410002	3.0386398	0	8095698.0	4458152.0	19366378.5	7977432.25	10822359.75	0	11528672.5	14095141.5	9747597.5	10890457.0
612	560.3341147050678	3.08406	0	6701638.25	15407073.0	43596726.0	34358279.0	45163485.5	0	24147509.0	35446034.5	33158171.0	37068414.25
613	231.170365439086	3.0835302	0	0.0	538279550.0	0.0	0.0	0.0	0	0.0	0.0	0.0	0.0
614	232.1733810273994	3.0835302	0	0.0	65640570.0	0.0	0.0	0.0	0	0.0	0.0	0.0	0.0
615	1193.6634305135924	3.085922	0	1181927.925	5312091.0	10962964.25	11588365.0	9989269.375	0	8064817.1	8345273.65	8860871.8	8451564.0
616	772.4094388452315	3.0903924	0	9117974.75	5923549.0	4803736.5	4510611.25	5094581.625	0	5768037.0	5610574.25	6099000.375	6049292.5
617	558.3293474443883	3.0909884	0	139978877.5	229784850.0	665250825.0	609658480.0	645636015.0	0	506118877.5	502095650.0	536616805.0	515692865.0
618	636.3417679353374	3.0648916	0	36126452.5	100734330.0	53441275.0	55982408.5	48711155.5	0	45000485.0	44624692.5	43564453.5	61071660.5
619	1115.650710090572	3.0938373	0	3218644.675	6450540.0	52783114.0	57149935.0	50011142.0	0	39038675.3	39460868.3	41919411.45	42743880.625
620	445.1931659674818	3.0946603	0	61307063.0	48517740.0	48148820.5	44939476.5	48842966.0	0	50028682.5	51070174.5	51658281.0	50481188.0
621	559.3315352110794	3.0891645	0	48579005.5	76704750.0	226862067.5	174001702.5	231645092.5	0	124635415.0	183235573.0	180314477.5	192902402.5
622	885.5453414413893	3.100514	0	25588558.5	16015365.0	62855720.0	64243990.5	65595695.0	0	53362827.5	52474570.5	57730429.5	54716136.5
623	675.3565374583079	3.1031384	0	0.0	16368114.0	0.0	0.0	0.0	0	0.0	0.0	0.0	0.0
624	446.1964453527599	3.1000113	0	13461470.25	9744177.0	10169374.0	10003207.25	10725750.5	0	11205338.75	10784050.5	11054592.75	11315820.0
625	917.517315923619	3.1274703	0	8745633.0	0.0	22923812.5	24172789.0	24755690.0	0	19194872.0	18595741.5	23181410.0	19625901.0
626	251.15030593003067	3.1390686	0	20066307.5	17627954.0	17069842.5	17224210.25	16503246.75	0	17878853.0	15992384.25	19455632.0	17536737.75
627	263.1425333514506	3.140882	0	0.0	7788764.0	0.0	0.0	0.0	0	0.0	0.0	0.0	0.0
628	655.4393653330546	3.100136	0	31557966.0	36967120.0	13722339.5	6628656.5	25245903.0	0	13529365.0	18870681.5	28077613.0	16677205.5
629	677.3662823423	3.153528	0	4733189.75	5191227.5	6236080.375	6666053.375	6098151.625	0	5784097.125	5773222.25	6192190.75	5983965.0
630	687.4113949096342	3.160927	0	18809057.0	0.0	7648850.0	7976878.75	8745016.875	0	11067438.875	10573624.0	11583090.5	9955649.25
631	328.22312722882083	3.1025224	0	262932357.5	197856800.0	178033812.5	161810762.5	239314035.0	0	192671970.0	226201402.5	247353655.0	175863940.0
632	360.1943541432435	3.1671832	0	138465055.0	0.0	118156578.5	125782114.0	127621817.5	0	126226005.0	126779619.0	133273472.5	123746468.5
633	361.19757030890935	3.1646242	0	20739176.0	2499404.5	20617044.0	22649243.5	22696345.0	0	24572115.5	23034578.5	16926641.5	22168473.0
634	629.366172928671	3.1836157	0	17063949.0	18025252.0	20496397.0	19863261.5	19153996.25	0	19848383.25	19125843.25	18138804.5	19464572.75
635	850.4465653409716	3.1853127	0	10663188.5	12771610.0	10633651.0	10011114.75	9897735.5	0	10479012.5	9929447.25	10530916.0	10266314.0
636	604.3459178711628	3.189488	0	6129862.125	6075612.5	6628663.0	6092284.5	6195359.375	0	6368797.625	6034722.75	6484281.75	6158366.875
637	414.2269327221156	3.1904755	0	0.0	8528642.0	0.0	0.0	0.0	0	0.0	0.0	0.0	0.0
638	293.11323172802514	3.1937103	0	18030829.75	17364378.0	16866724.5	16668509.0	17111076.5	0	17191779.0	16794664.25	17773854.5	16916842.0
639	511.27998525634	3.1991215	0	11365483.25	5825277.5	7295056.25	6398591.0	8621719.5	0	8745904.75	8353518.375	8936960.25	7644466.625
640	543.2522649120766	3.2011976	0	6405888.75	0.0	4980949.75	4584625.075	5929369.125	0	5630723.625	5455095.5	5872911.325	4942102.25
641	425.27599990230135	3.2035215	0	8298747.625	3805117.0	10355235.25	10049632.25	12934647.25	0	11322835.0	10230804.5	10499329.125	9585293.75
642	184.0638966884844	3.203988	0	48485819.0	79173050.0	52789408.5	47243280.0	56737633.0	0	55039761.0	49877282.5	51239578.0	49099519.0
643	371.1925286545974	3.219014	0	7146423.75	4821050.0	7267496.375	7131476.75	7031003.25	0	7365384.0	7045104.75	6919014.75	7246896.625
644	318.18124808794903	3.229146	0	0.0	7639810.5	0.0	0.0	0.0	0	0.0	0.0	0.0	0.0
645	358.16124693836844	3.2351224	0	34616513.0	35511356.0	116936375.0	108702692.5	113204281.5	0	94711675.5	89639819.0	97041290.0	92067077.5
646	968.5827540764432	3.2358932	0	3551665.975	0.0	6556762.0	6557727.0	6546725.375	0	6385032.875	5922928.125	5483367.225	5421552.125
647	814.4025454357401	3.2376297	0	7212206.75	0.0	3377891.1	3440562.625	4076703.7	0	4994031.8	4512217.75	4307535.3	4293579.325
648	782.4302430005305	3.240565	0	12089666.0	3019485.0	5885434.5	5938370.25	7064950.5	0	8311988.125	7932365.5	7057699.125	7676368.5
649	505.3024606180285	3.244629	0	29400046.0	83899176.0	76135265.0	72084346.0	70675122.5	0	62120325.0	57823514.0	65917151.5	62433789.0
650	359.1646321111065	3.2383146	0	4414264.5	5698779.5	19128652.0	18036208.25	18685388.75	0	15632731.75	14961845.5	14449476.75	15220459.5
651	715.3146248707735	3.237292	0	649674.8999999999	1437392.8	12510845.75	11991871.25	11937734.75	0	9695568.1	8962473.55	9461756.25	8970328.75
652	812.366968518684	3.251705	0	1938206.85	1236871.6	6293175.5	6135589.5	6606572.875	0	5411166.625	5030336.525	5197381.025	5334660.55
653	316.22314044466054	3.2575173	0	3000961.5	6274917.5	5934402.875	5922799.5	5824862.75	0	4934527.575	5054308.5	5382024.125	5312166.425
654	491.23284072265255	3.2579348	0	32545080.5	3517203.0	28146495.0	28197943.0	29675061.5	0	32546026.0	29868317.5	27036860.0	29113376.5
655	455.2139702437443	3.2613018	0	116986299.5	84116250.0	88892600.0	90783031.0	92904830.0	0	95870891.0	97591298.5	96031256.5	100073314.5
656	429.1983558740585	3.2654665	0	17709512.0	17122594.0	12973240.25	13406534.25	13433879.25	0	14130861.25	14385971.5	14196547.0	14809786.0
657	698.3875717766851	3.273826	0	10435529.0	9652965.0	9981746.5	9971176.25	9832516.0	0	9642156.0	9992424.25	10231905.0	10354482.5
658	498.3290672354733	3.2775683	0	6778747.5	7499385.5	7788958.375	7897699.125	7543166.75	0	6754248.375	7552675.625	7695725.0	8005922.75
659	790.4141527707495	3.2815723	0	97180224.0	8732453.0	21975380.0	22993217.0	29377127.0	0	48266876.5	44107663.5	37766378.5	41385029.5
660	461.1700820111388	3.2943237	0	31459890.5	28351008.0	31461622.0	29044796.0	29719588.0	0	28039710.5	31598327.5	31291315.5	30756543.0
661	510.3291157045511	3.306765	0	14668008.75	15482660.0	16214502.0	15296086.25	15629199.75	0	14943859.25	15143709.75	15948279.0	15771948.75
662	160.1081363185557	3.3165395	0	26357875.0	0.0	28269541.0	37218202.5	18508027.0	0	24491432.0	26540207.5	28185751.0	31136255.0
663	251.15041994426625	3.3466723	0	298167902.5	218490290.0	265920270.0	263743777.5	259643710.0	0	264214427.5	287822825.0	273066575.0	262371832.5
664	429.1983124349079	3.2763789	0	12049789.25	18970738.0	13584604.75	13070311.0	13960092.25	0	12688485.5	14334509.75	14856029.75	10785772.25
665	263.13918318541874	3.3478408	0	15614094.25	42398660.0	980644.8	1750392.05	2761706.4	0	7406940.575	5467419.05	4297778.9	3934698.975
666	795.4257926081422	3.3552597	0	9983157.25	10445110.0	3909029.875	3924931.15	5000180.125	0	5781040.75	5999565.45	5879246.0	5157446.2
667	399.26062350006856	3.358207	0	40531659.5	36604050.0	71751816.0	72630923.0	71666243.0	0	61936171.0	65605532.5	68185862.5	60853075.5
668	292.129400134279	3.3594089	0	19790983.0	14579332.0	16350437.5	17679954.75	17814733.75	0	17732481.0	18369727.25	18552564.25	16981336.5
669	780.4415462622374	3.3594244	0	13345602.5	7275640.5	9820191.0	9424574.25	9974842.0	0	10609862.75	10904290.5	10806524.5	10244532.0
670	277.0855583885726	3.35982	0	9754788.5	7096972.0	8084773.75	8634329.125	8658359.5	0	8874721.75	8908548.0	8828274.625	8520706.5
671	229.15483776575883	3.3598113	0	17745008.25	16729597.0	19214923.5	19491433.5	19427407.5	0	18509841.0	19439279.5	19538123.0	18391529.25
672	928.5514768711683	3.3651116	0	9803936.75	6700200.5	12337444.5	12445443.25	12541167.5	0	11847140.0	11976456.25	12332593.0	10971802.75
673	635.3884310492589	3.3661942	0	371414.475	9275387.0	7101419.0	6922262.875	5672549.375	0	4559025.0	4366557.375	5373961.975	5768101.375
674	300.1920398822565	3.367506	0	15093795.0	2462561.8	6994655.5	7538692.875	9526103.75	0	10589725.875	9336844.625	9529574.25	9697102.375
675	889.48337867377	3.310598	0	6156022.375	8571469.0	7553720.875	4926549.875	5518746.375	0	6390405.0	5720708.75	5166207.125	6877718.625
676	599.3779661314709	3.3716323	0	0.0	12901745.0	0.0	0.0	0.0	0	0.0	0.0	0.0	0.0
677	783.498887257908	3.3750942	0	585863.8	13317919.0	15086037.0	15220744.25	11502964.5	0	9388403.0	10180980.75	11146969.8	11679256.0
678	418.1459083946608	3.3929207	0	43138432.5	49121976.0	42676392.0	44533166.5	33308073.0	0	33265442.5	48913701.0	35089055.0	46387865.5
679	215.13933126028368	3.3878465	0	8606744.125	108850270.0	11518041.0	10998943.5	9831435.5	0	9861328.375	10493811.0	9294385.5	11305639.25
680	531.3005889023533	3.3944998	0	311081375.0	226457220.0	252183600.0	287731310.0	293142847.5	0	285394412.5	295376892.5	284892125.0	278475702.5
681	1059.5893893055022	3.3935902	0	124318237.5	71116610.0	81467302.5	87612899.0	93321116.0	0	92097290.0	104349240.0	100605834.5	89667190.5
682	530.2987924833611	3.3940794	0	949999657.5	679253440.0	783587835.0	823568052.5	861624725.0	0	841894490.0	879266835.0	862902400.0	834716545.0
683	532.303188114862	3.395108	0	54609509.0	38613056.0	49014416.0	51635102.0	54342108.5	0	51796529.0	54906660.5	52203305.0	50694641.0
684	947.4372575874522	3.3965287	0	11195069.0	7766977.0	5401143.875	5694845.0	6850179.5	0	7233957.125	7396086.125	7203273.75	7307920.375
685	914.536575196681	3.4042757	0	14265249.375	178772110.0	134171455.0	130498290.0	124332412.5	0	92588885.25	101445471.875	105008462.5	104224587.25
686	769.4836331682316	3.4069676	0	1108857.875	213799790.0	116385465.0	102858354.0	80762513.5	0	68958011.5	74064923.5	70212265.375	87879990.0
687	385.2451545964444	3.413036	0	43053335.5	855942600.0	595016325.0	534417570.0	470756495.0	0	395629543.5	399802706.0	403762677.5	444048798.5
688	802.3844015991087	3.413201	0	626545.5	18535784.0	10073185.875	8787731.5	9325724.5	0	6871313.75	7148033.5	6978185.875	7815654.25
689	419.1493721834072	3.398504	0	9972157.75	8601744.0	8125679.375	7710954.25	8184512.625	0	8131032.875	8987927.625	8376425.5	8497918.0
690	130.09784943786866	3.417233	0	0.0	20287448.0	0.0	0.0	0.0	0	0.0	0.0	0.0	0.0
691	1069.63088302629	3.4227884	0	0.0	0.0	19789663.5	19734673.0	22481678.0	0	15455183.0	15249820.5	15840821.5	15460189.5
692	514.3358359039792	3.4239705	0	0.0	43663384.0	0.0	0.0	0.0	0	0.0	0.0	0.0	0.0
693	659.3887551077446	3.4221866	0	0.0	25463600.0	0.0	0.0	0.0	0	0.0	0.0	0.0	0.0
694	924.5780229867612	3.432864	0	0.0	0.0	27534990.5	25222655.5	24270325.0	0	19418157.5	18332824.5	17615598.0	21661391.0
695	988.5517101177778	3.434851	0	10383776.375	1646842.9	3236695.3	3175757.825	4685248.5	0	6401806.45	5868335.8	4361845.75	4849490.0
696	265.15532191792227	3.436405	0	0.0	20423532.0	0.0	0.0	0.0	0	0.0	0.0	0.0	0.0
697	622.3244078770667	3.4478433	0	1372476.775	0.0	19926487.25	18170761.5	15251114.5	0	14192205.95	13176799.125	12277195.5	15074639.45
698	875.5252346983865	3.4475894	0	655797.5	36159570.0	19119920.25	18513523.5	14708220.25	0	13653753.75	12405674.5	12717335.25	14220698.0
699	1020.578074014626	3.448346	0	8333905.0	16726058.0	14552197.0	15130112.25	14443225.75	0	13139544.25	12849270.75	13744187.5	12726437.5
700	940.5514749394722	3.448726	0	25644072.0	17556960.0	16931847.75	16961721.25	17663998.75	0	20172007.75	19391369.0	19310395.75	18327867.25
701	795.4984708415485	3.4525223	0	5384742.0	65144836.0	39345921.5	36302445.5	32142963.0	0	30328117.75	25726418.45	27495359.75	29626176.05
702	418.1459833804584	3.442083	0	54650652.5	51949584.0	41641230.5	40336974.0	43647633.0	0	45524251.0	45530015.5	42882698.0	46339525.5
703	251.15042853256173	3.4649546	0	102091747.5	73670100.0	74336529.0	71461417.5	71300858.0	0	80862532.0	81091729.0	76945958.5	80290332.5
704	491.2871084105794	3.4673877	0	88938970.0	283801500.0	225830030.0	214055895.0	198024495.0	0	185530377.5	176379880.0	184054212.5	180884920.0
705	528.3406291336972	3.476321	0	6248446.75	5456800.0	6264624.0	5973057.25	5965206.125	0	6261216.375	6125088.625	5891527.375	6173501.75
706	901.540298101662	3.4767454	0	5341132.425	15348929.0	11320745.25	10652637.0	10688483.75	0	9670568.75	8783504.8	10445519.5	9103405.375
707	541.3422621609895	3.4936106	0	1443481.675	0.0	101662094.5	53745305.0	99497999.5	0	53320741.725	79698446.25	75993081.7	47336611.0
708	459.2607567243312	3.479128	0	77201530.0	1650534.2	32297560.0	33069299.5	44482593.5	0	54213259.0	50755645.0	40100096.0	41981983.0
709	770.3576412602762	3.4837186	0	6877472.0	5166805.5	5401798.825	5577446.25	5180671.0	0	6264905.25	5684997.75	5612055.125	5475429.95
710	213.1235218696557	3.4931595	0	22255851.5	32821794.0	27283119.5	28373934.0	26592234.5	0	26195867.0	25149482.0	26569241.5	26590549.0
711	869.5150254844452	3.493215	0	8464227.5	0.0	3492442.825	3600892.5	4799458.7	0	5845163.95	5379722.3	4683835.175	4448300.1
712	542.3447868255128	3.499991	0	0.0	0.0	18906580.5	14511225.5	18697954.5	0	14652257.0	15111002.0	13813376.0	8539125.5
713	411.2605609841044	3.4976575	0	159761700.0	237902880.0	196731922.5	203890872.5	193883595.0	0	189108905.0	182102070.0	192111250.0	190945865.0
714	357.1770357888778	3.497705	0	7856770.75	6948624.5	8131086.125	8341073.125	8121634.875	0	8411090.125	7866365.25	7971032.625	8202076.875
715	540.3396272612571	3.4985917	0	6853277.375	0.0	315739365.0	326485985.0	320315672.5	0	251853645.0	235052791.625	235990750.125	246497113.125
716	821.5138987999636	3.5035539	0	21706532.0	32685408.0	22409014.0	24370439.5	22690525.5	0	22610999.0	22038873.5	24161091.0	22365547.5
717	950.5928091931517	3.5054119	0	0.0	0.0	21981428.5	22853411.5	22124070.0	0	17196590.0	16661267.5	16376789.0	16724263.5
718	1079.6721551238948	3.507653	0	0.0	0.0	10106736.5	9949581.0	10275250.5	0	7705969.25	7546332.5	7357401.25	7721865.0
719	419.2318543995937	3.5100627	0	0.0	11807617.0	5727269.5	5788148.375	4222017.55	0	3815343.375	3800566.25	3734000.675	4387525.125
720	399.2605576179108	3.4987237	0	16371408.5	19728390.0	25803990.5	21085634.0	25436310.5	0	16261195.0	23800434.25	24209692.75	24426021.5
721	217.15478659935715	3.5141304	0	4564175.125	69339400.0	4932722.5	5271328.125	4849355.375	0	4633073.625	4892040.25	4867299.75	5225167.5
722	126.06634505903668	3.5212522	0	14664139.0	1688609.9	2290733.025	2053787.0	2510948.175	0	5346757.425	5428769.625	5172980.025	5571100.125
723	304.1655616823729	3.5476832	0	0.0	9359200.0	0.0	0.0	0.0	0	0.0	0.0	0.0	0.0
724	302.2074785492663	3.5542464	0	17643463.5	28070480.0	24884841.0	24571925.0	22082642.5	0	21384672.5	21267151.5	24072343.5	22458704.5
725	213.08713106638297	3.5608149	0	9156460.25	7519401.5	8107232.25	8095621.125	8168741.0	0	8300862.625	8176062.125	8386824.125	8664305.75
726	230.1135757572946	3.5608845	0	14232564.0	11987868.0	12054076.25	12928972.5	12168714.5	0	13213873.0	12389977.0	12706807.0	13073670.25
727	431.2322988459671	3.5658832	0	6719440.625	18465906.0	19112698.0	19136925.5	17928633.0	0	14374875.5	15123438.25	17095743.75	16303639.625
728	765.4874975974842	3.577308	0	5791688.375	6011601.0	717106.075	1166690.775	1254369.65	0	2459752.575	2170449.475	2288171.85	2011480.975
729	684.3725671178162	3.5832417	0	4254045.5	4365467.0	4633682.25	4778863.875	4653464.875	0	4387827.125	4465063.5	4870340.875	4596825.0
730	1092.6673431896938	3.5840793	0	0.0	0.0	4329260.625	4401186.75	4329011.7	0	3441796.0	3245113.25	3249505.375	3123044.45
731	524.3084529276689	3.587137	0	6192629.125	7438640.0	4857208.625	5172138.25	5026990.0	0	4910405.625	5240285.0	5575918.125	5522357.25
732	601.3348408820895	3.5947258	0	31990687.0	32606528.0	35506894.0	35909397.5	35209270.0	0	33070020.5	35244329.0	36448431.0	33853468.0
733	326.2073249807538	3.6013045	0	8266920.875	5042017.5	10880737.75	10900966.5	10735659.0	0	9822067.0	10433899.0	10486738.625	10041579.5
734	560.3083346734949	3.6016064	0	4374140.95	4124350.2	4237558.625	4394542.25	4201984.6	0	4083674.375	4413589.75	4458171.55	4252790.75
735	385.2446543191928	3.554469	0	21209280.0	115952850.0	33748567.5	64337175.0	42930333.0	0	54188845.0	39961441.0	30193707.5	37881362.0
736	145.1334755779346	3.6160958	0	2426117.55	0.0	796358.9	1601127.15	1025503.725	0	1219125.225	1710887.425	1826978.5	1092116.175
737	659.376791734654	3.6190093	0	3700881.875	4517605.0	7390392.125	7269527.5	6771760.5	0	5867055.3	6304186.0	6657182.75	6304137.95
738	553.3347992123851	3.6232748	0	205953015.0	179802260.0	196298102.5	192253360.0	184675692.5	0	186028352.5	209505980.0	197557082.5	186088755.0
739	1105.663103517329	3.6260028	0	3338876.375	2703706.8	2925387.275	2945015.625	2927471.425	0	2960338.725	3184819.65	3020283.325	2971309.0
740	855.4980443998614	3.6272385	0	7143412.5	4201131.0	66314629.0	64033490.5	59052404.0	0	46659752.0	49540592.875	51321642.5	49021948.625
741	871.4936301705023	3.6119113	0	1974890.3	5156588.5	3955790.425	3797935.075	2626333.125	0	1775288.25	3557694.825	3609396.425	3412569.425
742	428.2524658869703	3.6302745	0	0.0	0.0	5948795.0	5988923.625	5410797.625	0	4117193.625	4431847.125	4742258.375	4057217.125
743	554.3375336226322	3.625946	0	67034476.0	54015770.0	48835785.0	59715534.5	58728780.5	0	61546250.5	64542916.0	63176658.5	45048751.0
744	575.3160799854755	3.640373	0	3580388.45	2177030.0	2744963.4	2614610.125	2534382.1	0	2764552.25	3013559.45	2847659.5	2848572.875
745	318.1811848997136	3.6446826	0	0.0	6053315.0	0.0	0.0	0.0	0	0.0	0.0	0.0	0.0
746	344.1452285428693	3.6472383	0	5738278.25	6967706.5	4908545.375	4582546.8	4878068.125	0	4887606.0	5560242.875	4992610.75	4666978.925
747	1013.5703500057678	3.6504257	0	360327.15	7688197.0	5599966.375	5168904.75	4521180.825	0	3796292.75	3943854.875	4023467.4749999996	3886764.0
748	461.24297435234377	3.6535647	0	17354362.5	164885570.0	136437371.0	130230125.0	109660115.0	0	93598326.0	95281363.0	102341644.0	102460640.5
749	921.4782115863918	3.655764	0	0.0	6522939.5	3659259.7	3350545.675	2416005.125	0	2109171.725	2311051.55	2391241.175	2614346.05
750	387.18742085106607	3.6596494	0	4908163.75	6149381.0	4994029.75	5013367.0	5099790.125	0	4938131.375	5139865.5	5084112.25	4853241.5
751	965.5667251585536	3.65986	0	14428516.0	21427514.0	0.0	0.0	0.0	0	3088740.5	3886519.75	3924646.25	3528609.5
752	990.5300888845396	3.660497	0	2569937.75	5559470.0	3964052.45	3831933.0	3415407.375	0	3359055.45	3473639.0	3582194.5999999996	3366441.5250000004
753	570.3496057502393	3.668295	0	1362864.225	0.0	4182192.325	4185375.25	3775226.7	0	3291460.5	3406350.5	3684143.75	3123703.75
754	526.3241822381343	3.671919	0	1539142.35	0.0	6345657.0	6042654.5	6214820.625	0	4822848.0	4852456.25	5409310.0	5057660.225
755	1041.5981409939948	3.6749957	0	3531119.875	1274569.8	4298624.125	4196015.825	4349973.675	0	4200724.0	4145626.95	3962623.475	4066759.075
756	512.2355096855022	3.6762588	0	5794709.75	7707202.5	6415447.875	6205710.875	6082368.125	0	6019783.25	5903039.5	6581862.375	5993551.5
757	429.2708245412224	3.6835055	0	11784918.25	10589500.0	16813954.25	15571346.5	16175354.75	0	14454562.25	14829764.5	16037255.75	15023991.25
758	442.26613098074967	3.688825	0	462124.475	7272652.0	6546952.5	5625011.375	5380982.375	0	4189180.875	3905107.875	5197520.975	4723261.0
759	473.2972827545899	3.6982203	0	12178633.75	17084348.0	17834018.0	16256057.0	17845725.5	0	15608376.0	15282503.5	16603910.25	16619644.5
760	383.228833964352	3.7020774	0	10268695.0	5435699.5	7451009.125	6903991.125	8808715.75	0	9486966.875	8089177.5	7842319.5	8013947.125
761	695.3546095061762	3.7099228	0	705686.0	14906901.0	10719520.625	9774473.5	9299983.0	0	7569728.125	7266146.0	7245449.0	8418340.0
762	787.4464631814884	3.7153082	0	6989213.0	6764698.0	6854059.0	6461067.0	6881423.875	0	6768772.875	6556217.0	6454416.125	7406356.875
763	728.398301884333	3.7226622	0	6449152.875	6895814.5	6903156.25	6586697.625	7185003.5	0	6795041.0	6660738.25	6437889.875	7230341.125
764	236.00882095281787	3.7378068	0	1169712.0	0.0	2174841.625	0.0	2009083.375	0	2139906.25	950382.125	1169712.0	1093636.625
765	652.4031840874726	3.7292557	0	3820441.8	4442708.0	4610299.45	4315650.25	4601480.55	0	4251309.675	4319790.95	4194177.55	4582593.875
766	234.23392413296625	3.7378974	0	2416866.375	0.0	2071187.075	0.0	949906.125	0	2292492.95	949906.125	1139917.125	1055643.375
767	137.0458142343623	3.7319133	0	0.0	11267891.0	0.0	0.0	0.0	0	0.0	0.0	0.0	0.0
768	236.12148017685732	3.7395148	0	182115967.5	200453620.0	178814632.5	194355180.0	179224022.5	0	178437497.5	180631712.5	192125477.5	183315115.0
769	285.1344346119178	3.7374291	0	10865944.75	9368254.0	9757495.25	10475989.5	10079721.75	0	10074784.5	10333779.0	10612460.5	10158127.25
770	235.1189092992938	3.7374418	0	1566432175.0	1479461600.0	1473447550.0	1591033050.0	1479308825.0	0	1508214400.0	1535664200.0	1546000925.0	1520342075.0
771	234.2325858788233	3.7407923	0	0.0	0.0	1213930.25	1116879.625	0.0	0	1116879.625	1213930.25	0.0	0.0
772	236.01007206368968	3.736885	0	1169712.0	0.0	1215423.125	1124775.875	750206.8	0	1124775.875	1215423.125	1169712.0	750206.8
773	234.22679191314884	3.7398953	0	1850308.625	0.0	1068452.75	920283.7	1928556.5	0	2145381.25	0.0	2553767.575	1068452.75
774	619.357024027758	3.7473655	0	2176713.975	6877108.0	4343058.55	4517214.325	3555045.0	0	3546034.25	3400523.0	3529651.9	4115822.7
775	588.3043587582735	3.7605846	0	9572915.0	7739486.5	8225451.875	8714732.75	8218137.25	0	8669338.75	8972774.75	8205255.375	8883868.0
776	667.3567184443125	3.762715	0	604526.2	23553970.0	15610804.0	15589962.0	12388236.0	0	10028399.0	11030519.75	11129859.2	12004750.25
777	332.217740797862	3.7677984	0	5448604.0	11301487.0	12713720.0	13018306.0	12205039.25	0	10286065.125	10860350.875	10852710.125	11386543.125
778	433.2444813553912	3.7725623	0	2360379.15	50907010.0	37248242.5	34736026.5	31885435.5	0	24597032.0	26401844.5	25017446.25	30213760.9
779	522.3038579252203	3.775737	0	4178669.45	4345656.5	3671735.7	3392691.825	4264719.85	0	3737171.85	3885292.925	3876771.025	4008581.025
780	661.392161460115	3.7808363	0	0.0	6187587.0	432904.6	0.0	1168666.875	0	0.0	898853.05	374287.05	328431.375
781	490.2738464858167	3.805226	0	44312462.5	13779265.0	64808508.0	62466735.0	64573367.0	0	59664690.5	58845750.0	57454345.0	60196287.0
782	419.2288148959918	3.7888923	0	5391335.0	1212982.2	4114670.825	4291690.625	5292848.375	0	4786925.875	4849703.375	4750945.2	4702970.375
783	772.4242008325571	3.7888217	0	6392500.125	7598006.0	7207038.0	7269953.0	7745887.375	0	6889630.125	7219453.125	7123056.375	7383238.875
784	269.10662000464646	3.7941422	0	7804331.875	6383446.5	6663713.25	6885777.25	7266581.75	0	6982356.375	7066409.125	7479902.5	7091736.125
785	588.3502336818142	3.7941978	0	10115088.0	10397407.0	10478944.25	9931148.25	10597196.25	0	10172788.25	9924334.0	10522662.0	10502592.5
786	328.15020514146056	3.795459	0	3593147.8	3004978.0	7682628.625	8145544.625	8042056.375	0	6574478.5	6883516.925	6901475.075	7103906.925
787	751.4714901664152	3.795841	0	4023296.325	5515026.0	2933045.35	3048634.375	3925639.55	0	3463240.6	3539165.075	3455260.45	3472949.475
788	288.191642278274	3.7966697	0	15432631.75	18310740.0	15462464.5	15587415.0	16614741.5	0	15171819.5	16129650.5	15915285.75	15880497.0
789	263.13893984556654	3.799596	0	34658629.5	46861176.0	24367384.5	17228501.25	30165896.0	0	30311976.5	26564452.75	25195083.5	24348898.5
790	231.0978232600799	3.8048308	0	26853176.5	26495214.0	25183196.5	25350991.0	23479532.5	0	23902289.5	25744477.0	25776670.5	25443459.5
791	489.2709878269161	3.806358	0	147633375.0	42839068.0	201767055.0	199169512.5	214232115.0	0	191616042.5	188890927.5	192849980.0	189445107.5
792	229.1548133613809	3.8088412	0	83341891.5	122957050.0	34436081.5	22751131.75	46719054.0	0	59171234.0	46917193.75	39093397.5	42066333.5
793	977.5306367659751	3.8124986	0	2356114.725	0.0	5568368.625	5448765.5	6081536.875	0	5165364.175	5113742.05	4653666.75	4522012.75
794	286.1760082697954	3.8186858	0	7108500.625	7334801.5	7531838.875	7176162.125	7572793.375	0	7395526.5	7110156.625	7493795.75	7389816.125
795	241.0816637790284	3.8195002	0	5870536.0	4924371.5	5733947.125	5717426.875	5915001.75	0	5863501.625	5569585.125	5854790.625	5949034.375
796	258.10848569081173	3.8199337	0	9539206.75	7727856.0	9602092.0	9174425.125	9109497.25	0	9453150.0	9023726.625	9191532.5	9756812.0
797	359.22880659819583	3.8264205	0	8625144.75	8075861.0	9326836.5	9153823.25	9594412.25	0	9005923.625	8596922.875	9740077.25	9357293.0
798	295.16517325862844	3.82835	0	0.0	27024892.0	0.0	0.0	0.0	0	0.0	0.0	0.0	0.0
799	838.4459989953122	3.832105	0	40937474.0	36068996.0	44398087.0	43485782.0	44787700.0	0	41581571.0	44534085.0	46076317.0	41417070.0
800	394.2085891055497	3.8329306	0	6596827.75	5423293.0	6959976.25	6955903.75	7195046.125	0	6656605.0	6533549.25	7342788.125	7174811.5
801	397.2445862871565	3.8432364	0	4555448.5	5456236.5	6114727.875	6272227.25	5849494.25	0	5492970.125	5585952.5	6058135.25	5654840.0
802	753.3781580584052	3.8497763	0	21314653.0	15538709.0	22027380.5	23249945.0	23227541.0	0	21392325.5	22723839.5	24406227.5	21297127.0
803	645.361285250406	3.849884	0	3837851.55	5960223.5	7029851.25	7059014.625	6715706.25	0	5790701.375	6195697.05	6646169.5	6009855.75
804	336.191581990315	3.8572145	0	4836260.375	5717865.5	6324200.75	6977248.875	6717035.0	0	6012365.75	6023945.25	6657401.75	6161032.25
805	687.3829064572135	3.869495	0	6572790.25	7533977.0	8616860.875	8051014.75	8550907.75	0	7824910.625	8212419.125	8015710.25	7738533.625
806	332.21782807469674	3.8715684	0	8537021.125	11569130.0	12945423.0	12562227.0	12754901.25	0	11532011.125	11578861.0	11643034.75	12045665.5
807	463.2546743479359	3.8702683	0	5435571.625	4555977.0	8115399.75	7800187.5	7910676.875	0	7401956.875	7547462.125	7176859.25	7135557.5
808	126.066320149378	3.87397	0	121967523.5	0.0	12390826.25	10230131.25	15071931.75	0	42936229.5	39033998.0	36637839.5	41052345.75
809	242.11341324046012	3.8743744	0	29564675.5	0.0	3205740.0250000004	2626536.25	3605053.625	0	10168307.55	9084104.55	9229973.575	10519619.725
810	127.0696153345062	3.8775659	0	7029730.5	0.0	0.0	0.0	0.0	0	1936144.125	1806925.625	1504095.75	1782565.0
811	209.05576481466125	3.8912704	0	7576843.5	6778641.5	7071161.625	7193796.375	7331994.5	0	7662873.125	7494087.375	7068151.375	6948684.125
812	587.3193421306661	3.8917153	0	34581323.0	33342366.0	35864855.5	33891385.0	34547293.5	0	35467635.5	36797946.0	32610145.5	34009130.0
813	300.19170114711306	3.8921068	0	10330102.375	8505907.0	18689466.5	18235755.25	17898830.0	0	16186458.0	17019196.5	15666356.125	16282143.5
814	244.092743021393	3.8929105	0	16194460.5	15524939.0	15309405.75	15770011.0	15164063.75	0	15685425.5	15679778.0	15072097.75	16000639.75
815	320.1637429538379	3.8960752	0	0.0	14875545.0	8056237.625	7745526.625	5750717.125	0	5136926.5	5320332.25	5081042.5	6014180.125
816	708.429634740901	3.896565	0	19673758.25	13090426.0	41185593.5	39492010.5	38935315.5	0	35086681.0	36431670.0	33287952.75	34480374.0
817	597.2881479905124	3.8969517	0	49274736.5	43260092.0	47364937.5	48046758.5	45916109.0	0	49947668.0	47855782.5	47002084.5	45797006.5
818	501.2192527097248	3.9070275	0	26451804.0	73424824.0	12654193.0	11376944.75	27516518.5	0	15091022.25	13737858.25	11946796.75	37223783.0
819	293.1606142990037	3.907045	0	7854298.75	7392481.5	8029184.875	8265242.0	7785161.875	0	8222631.5	7940428.625	7765360.25	8005467.125
820	741.3937288811397	3.9236584	0	6223053.875	3737428.0	24459783.5	16784931.0	28748072.5	0	8992637.5	24232923.125	17013040.75	25977239.5
821	588.302819778113	3.9228523	0	81759974.0	9987318.0	31270654.0	32719452.0	39845442.5	0	53000417.5	45293866.5	41142461.0	46158777.5
822	589.305674150482	3.922311	0	14985342.0	3962206.2	11169405.5	12006291.25	10296119.0	0	14937622.25	9377237.25	15265535.75	8876762.5
823	648.2729443970602	3.9313643	0	14475489.75	16404767.0	9026247.875	9245734.375	9095996.625	0	10553867.25	10200969.75	10334329.25	10754302.375
824	270.1924421239614	3.9376569	0	14991285.0	15167018.0	15871296.5	15476820.25	15295540.75	0	15524279.5	15175983.0	15516771.0	15417909.0
825	288.19175496519074	3.9469407	0	336913982.5	351689760.0	408722800.0	363835435.0	380496405.0	0	364950442.5	374029042.5	384927830.0	366061307.5
826	575.3767608952978	3.9477775	0	61793743.5	64977370.0	83876120.0	71696995.0	76319340.0	0	72611003.5	73568411.0	76659937.5	70846846.5
827	1045.5933024044357	3.950637	0	13016293.25	16297149.0	18514172.5	16451853.5	16937357.0	0	16378129.5	16430413.0	16965922.0	15145211.75
828	758.4088574542466	3.9570966	0	333558837.5	365649470.0	397239525.0	382453335.0	391472450.0	0	364049505.0	368948365.0	392297310.0	379428967.5
829	379.7078714428612	3.9586596	0	17808974.5	18835176.0	21319252.0	19091167.5	20092752.5	0	19191950.5	19058124.5	20589459.0	19472612.5
830	812.4520203808056	3.9643366	0	12052089.0	21196270.0	14172706.75	13669442.0	14338552.0	0	13424531.0	12516520.0	14352013.75	13939725.0
831	1124.6352178250092	3.9667568	0	69095513.5	107232730.0	9653521.5	13039304.25	15833910.25	0	23515996.5	26022235.0	32918003.0	25166015.0
832	563.3230866168406	3.9768412	0	18149615.0	28098326.0	2935849.175	3372787.35	4112163.45	0	6520179.8	7093973.575	8608301.8	6347959.8
833	562.821528578389	3.9736593	0	26842269.5	39916684.0	3936010.2	4708492.375	5660569.75	0	9169275.2	10099629.0	12395027.875	9483409.75
834	765.4867399110635	3.9800625	0	9297417.25	14172043.0	13880228.0	14364553.5	13982461.0	0	12563388.0	12275341.5	13079468.25	13606462.0
835	788.4033948539936	3.9816346	0	6326665.75	12294783.0	7106905.75	6358178.0	7192546.875	0	6328940.875	6308062.75	7006715.75	7340577.0
836	385.24450539138326	3.9821322	0	34562163.0	44480004.0	47087688.0	42653818.5	42698010.5	0	41390892.5	41537866.5	42039014.5	42033906.5
837	286.1763768743971	3.9877813	0	25554547.5	5670212.5	12778094.75	12024866.75	13929632.5	0	17461261.5	15432175.0	15729902.75	15663802.25
838	455.1886444962781	3.9912953	0	11932431.125	0.0	0.0	0.0	0.0	0	5154286.0	2562829.25	2032037.875	2183278.0
839	491.2504314344753	3.9904697	0	1323679.125	0.0	9928410.375	8256828.75	7616842.75	0	6533946.275	6742598.45	6659030.525	7190185.75
840	270.19244799703193	3.95743	0	15687604.0	12660297.0	16276112.75	14702642.25	13293100.5	0	13966320.0	14833330.25	15897318.75	15262490.5
841	714.382859070027	4.00858	0	9763037.5	9632948.0	10848420.75	10826242.0	10532434.0	0	10598586.75	10131176.0	10717524.75	10522846.75
842	613.3559726448005	4.010601	0	5910716.375	5709688.0	10928381.5	10743326.5	10147819.0	0	9185796.5	9324202.375	9909030.75	9311213.75
843	242.1862330476013	4.012204	0	36790194.0	39359736.0	36768932.5	35899423.5	36343252.5	0	35370112.5	35342090.5	37470416.0	37619183.5
844	501.2194194228816	4.014224	0	96588202.5	68415920.0	90303174.0	88598550.0	88982276.5	0	92925972.5	85340254.5	93028976.0	93177000.0
845	525.2672344705788	4.018333	0	137246617.5	109186150.0	128993575.0	124987330.0	126365116.5	0	130438977.5	124758271.5	135217110.0	127178280.0
846	571.27262446112	4.0373926	0	25492623.0	22237874.0	23381478.0	23017820.0	21691683.5	0	23934560.5	23076407.0	23798890.0	22773747.0
847	302.1498077306447	4.0378447	0	12011882.0	10988704.0	10039061.0	9451025.5	9304711.75	0	10502665.0	10337228.5	10078226.25	9888560.5
848	548.3083174501079	4.043486	0	4985120.8	10146393.0	9584644.5	9673031.0	8202550.0	0	8116666.925	7680021.25	8500371.25	8148286.875
849	741.3935166566167	4.03827	0	7489472.875	0.0	26264838.5	30907236.0	27001615.5	0	24218905.0	24385671.125	16752824.75	26305762.0
850	631.345457394898	4.0531325	0	35606027.0	34556812.0	37742944.0	40199469.0	36286776.0	0	39802922.5	36256064.0	36888406.5	36887823.0
851	562.2907450953466	4.0672607	0	9431445.75	9568678.0	9297028.75	9511565.375	9010181.0	0	9633158.25	9136156.0	9196652.625	9284254.0
852	330.1735561903752	4.0688376	0	8732502.125	9707448.0	10013837.75	10214702.0	9643178.0	0	9613897.5	9732495.0	9740849.25	9516978.125
853	203.13916220310568	4.071602	0	0.0	155844080.0	0.0	264878.4	0.0	0	0.0	0.0	264878.4	0.0
854	329.14959195389395	4.0718713	0	0.0	12390524.0	0.0	0.0	0.0	0	0.0	0.0	0.0	0.0
855	613.283249881745	4.077268	0	11336695.5	10816497.0	10429651.5	11008429.75	10169073.875	0	11093804.75	10433293.125	10472776.0	10943976.75
856	526.27017718114	4.0280137	0	29823465.125	29980112.0	36863912.0	35768735.0	34418998.0	0	28068714.125	34196974.5	37824763.5	36784658.0
857	550.7930794689883	4.098761	0	7410845.375	5695586.0	4409395.75	4908933.0	4160457.825	0	4654708.25	5068130.95	5699911.375	5466881.375
858	659.3402930157514	4.0878696	0	256000215.0	332090980.0	316772660.0	322772980.0	307106550.0	0	313447152.5	296576025.0	299773517.5	292855710.0
859	893.4518988436414	4.1068025	0	5935954.25	6199165.5	7098587.875	7330316.875	6779262.625	0	7075662.5	6503943.5	6835829.875	6728685.75
860	235.1190320845353	4.1103883	0	502748262.5	494719780.0	480929005.0	485657905.0	470460117.5	0	491759977.5	471177310.0	495609527.5	481248475.0
861	620.2752706664813	4.111147	0	49784564.5	63380850.0	60220015.5	63033402.0	59519810.0	0	60538632.5	56205431.0	59595363.0	56218365.5
862	417.21335146454913	4.1251388	0	61597265.0	33811484.0	59138754.5	55102145.5	58454473.5	0	68540867.5	57270483.0	54933145.0	53548143.0
863	133.10515277491805	4.13712	0	11629673.2	83817980.0	77476237.5	68539241.5	73085527.5	0	61318017.5	56722914.625	57942933.2	54746814.375
864	681.322191245409	4.1303306	0	5148171.075	8515971.0	8189747.75	6890025.625	7306163.125	0	7320107.875	7117740.0	6694327.125	6401932.575
865	209.0921739845485	4.1310525	0	6846083.75	16951954.0	8566609.625	7766202.75	8614861.125	0	7956134.875	7921497.25	8124539.625	7791585.5
866	312.1916586477383	4.131281	0	41044647.0	0.0	6352102.125	6701932.125	10724514.5	0	19546054.875	18093598.25	13154431.75	14029110.875
867	374.2285901217745	4.1315446	0	5678613.625	18177208.0	15378221.5	14916175.5	13591743.0	0	12120680.125	12437393.0	13407143.125	11599537.375
868	710.4084933307173	4.1382966	0	3918139.825	2288633.5	21066185.0	20410383.5	19103356.5	0	15154886.875	15829561.2	17667792.3	15845824.45
869	334.17593736438226	4.1383777	0	19974026.5	0.0	9560098.0	9956041.5	12576181.25	0	13576339.625	13549144.0	13680448.25	11260415.375
870	751.3667381174446	4.139879	0	38265939.0	68197370.0	49821959.0	46354655.0	46871740.5	0	42294068.0	44906518.0	50206468.0	43907239.5
871	429.2709531450253	4.1402965	0	12500788.25	12605356.0	13279530.75	12758379.75	12947931.25	0	12435331.25	12783399.0	13285296.25	12982603.5
872	457.2660492268524	4.1422935	0	5106648.0	2845438.0	7363577.375	6994888.75	6768290.5	0	7069950.5	6179252.375	6643072.0	6341129.75
873	524.3084108699345	4.145877	0	8678453.375	5180296.0	6633896.625	6525840.75	7638608.375	0	7919396.875	7121103.625	7418096.0	7018202.625
874	332.21790219870866	4.1470547	0	81530746.0	170057140.0	124176247.5	119800813.5	120030705.0	0	107103415.0	106643821.0	119701836.0	112089440.0
875	322.1760598923098	4.1474614	0	3985796.075	22164840.0	4915889.5	4337003.7	4467114.05	0	4210416.95	4138282.125	4878903.375	4478200.875
876	162.11251210644514	4.079396	0	4077688.675	34667932.0	2349442.4	1617528.8	1987456.675	0	3123946.55	2504595.175	2543018.325	1860556.5
877	553.3348494981835	4.1514406	0	47682794.0	34063344.0	34836353.5	33183302.5	33900110.0	0	39305829.0	36090522.5	38450607.0	35755601.5
878	1100.5777798539232	4.1518517	0	85143933.0	116415736.0	82908566.0	79382637.5	78094270.0	0	75129001.0	82721182.5	90369536.5	77309686.5
879	166.08630875170863	4.1526237	0	189581435.5	1290772000.0	269326058.5	76260669.75	430703650.0	0	269984206.5	279539602.0	216860876.25	199487129.0
880	152.05674117343298	4.1603236	0	1193992.525	173361980.0	0.0	0.0	0.0	0	741367.8	452624.725	0.0	0.0
881	554.3382424771731	4.1476927	0	15210748.25	10433788.0	11027817.0	7417076.75	8556278.25	0	9692523.25	11461027.75	9541966.0	11516403.25
882	120.08098354291477	4.153832	0	104677649.5	744568770.0	150605907.5	40084537.625	231222420.0	0	139027679.5	153511220.75	122730867.375	111320747.0
883	131.0494858301726	4.1550946	0	1637630.95	14577980.0	2502475.875	503679.8	4478895.2	0	2607901.25	2992519.575	2006842.75	1515418.25
884	668.3973443798285	4.1580596	0	10479811.75	0.0	1741701.475	1741061.3	1783196.95	0	5479966.0	4026878.525	3049399.65	3189527.3
885	521.2245328974782	4.1568475	0	1080510.825	12792626.0	1142365.75	0.0	1905555.3250000002	0	1271142.2000000002	1493478.6749999998	966469.825	397341.2
886	1001.5093774719184	4.1900954	0	14624561.0	3934214.2	4381055.5	3339232.25	2411090.625	0	6586546.125	5396451.125	6377120.0	6395822.125
887	654.3829359307581	4.1662745	0	18514504.5	12117502.0	306075650.0	298072825.0	279939277.5	0	210222546.5	209934172.0	252096920.0	230348618.5
888	378.2022966798836	4.1738067	0	8272984.75	50017570.0	35396484.0	36480263.0	30694881.0	0	26158510.25	25748765.625	29896109.25	29041227.625
889	838.4463145207083	4.1752152	0	183463110.0	177919280.0	150758030.0	160498552.5	134294130.0	0	155280205.0	150688292.5	170287442.5	152757882.5
890	776.4196650081022	4.186979	0	8626064.0	8034546.0	8535533.5	9116636.625	8606143.0	0	9915846.5	8635226.0	7924616.25	8408688.375
891	199.07138872122093	4.1897573	0	18485519.5	17069354.0	14790203.5	17014186.75	15021049.75	0	16813300.25	16155979.25	15457452.75	16884227.25
892	216.09796194201385	4.19095	0	18483827.5	18252244.0	15948953.75	17751444.75	16236255.0	0	18055879.0	17235325.5	15961525.0	17167751.5
893	771.4611429056328	4.2019567	0	0.0	0.0	11384779.75	11782697.0	11527601.5	0	9072779.0	8519654.5	8168955.75	8933689.0
894	222.0316800599608	4.207043	0	0.0	0.0	17071447.5	9291217.125	9550515.25	0	9071684.875	7687868.5	7778336.75	11375289.75
895	239.0579888947024	4.2085714	0	0.0	0.0	16468875.5	8776617.0	8589566.25	0	8135224.0	7089929.375	7595661.25	11014244.125
896	360.21288899982494	4.2144003	0	14998772.25	14380019.0	18672209.0	17302641.75	18239428.0	0	16700772.5	17063471.5	16898706.25	18550100.75
897	203.13923208849528	4.2184243	0	0.0	117776790.0	0.0	0.0	0.0	0	0.0	0.0	0.0	0.0
898	318.20230970173554	4.219962	0	9428289.75	12927182.0	10777599.75	10193510.0	11207904.5	0	9900451.0	10329495.5	10482335.25	10895022.25
899	235.1651045727183	4.220371	0	193236897.5	118980710.0	210331185.0	190960555.0	240315095.0	0	215510092.5	213109960.0	196046285.0	210177395.0
900	236.1683085053326	4.221158	0	21232786.5	13548438.0	23311281.0	20940516.5	26118071.5	0	23475074.0	23465421.0	21677909.5	22984251.0
901	955.5253013989276	4.2212005	0	22621943.5	23691846.0	19281985.5	19322242.0	19105591.0	0	19500207.0	20680974.5	20359108.0	19791472.5
902	571.272570810035	4.227932	0	14173304.5	8468415.0	10872131.75	10994729.5	10630649.5	0	10596637.0	12330614.0	12495414.75	11248149.5
903	550.7929125872303	4.225886	0	7855170.25	4979995.0	5399105.125	5870443.125	5526581.75	0	5255339.25	6076163.25	6849108.0	6470689.75
904	419.7266100757396	4.22911	0	18774753.0	10574125.0	13287752.0	13552371.0	13420051.25	0	13239919.75	14930553.75	15229018.25	15635435.5
905	374.2286398982109	4.243991	0	5420404.25	8084257.0	7448344.375	7166849.25	7053150.5	0	6365108.25	6439314.875	7283751.5	7000573.75
906	281.1497184832025	4.2547846	0	0.0	18237684.0	0.0	0.0	0.0	0	0.0	0.0	0.0	0.0
907	617.3300700571003	4.272154	0	43090199.0	48427610.0	46235066.5	48534807.0	47223257.0	0	42723436.5	49951087.5	43669770.0	48739035.5
908	1100.577924995879	4.2354264	0	40266712.0	79544380.0	45499076.0	23930154.0	52434367.0	0	22567011.0	38288345.0	51163061.0	50111892.0
909	679.3700096698777	4.2829194	0	12308868.5	7689624.0	11324613.75	11550354.25	11133779.75	0	10855447.75	12612620.75	10472311.75	12377236.0
910	389.2395811815329	4.290546	0	11436418.0	12536859.0	12101360.75	12690720.75	12097301.75	0	11521246.25	12818007.75	11572326.5	12414220.75
911	659.3400621712874	4.254105	0	52633694.0	33019042.0	30722723.0	34961799.0	36942618.5	0	30067299.0	50243190.0	33922826.0	41027519.5
912	553.3352585173022	4.287857	0	30882230.5	25553306.0	25257026.0	20269800.5	24960718.0	0	22237177.5	28485203.0	24342011.0	26305383.5
913	562.2911180471518	4.294537	0	179307827.5	197007140.0	190857235.0	191975112.5	180871160.0	0	178909475.0	197339675.0	174064092.5	192698092.5
914	472.2775840999689	4.2997355	0	4831644.9	30347692.0	26308697.5	25351111.0	20512230.0	0	18110960.3	19436680.8	18758517.75	20697524.55
915	286.1762470175668	4.302563	0	32688901.0	33741380.0	47156343.0	48521249.0	44144665.0	0	43794558.0	43395855.5	41525335.5	43795409.0
916	645.3275538499546	4.308526	0	8928433.625	11499377.0	10945170.5	10938145.75	10290725.0	0	10613069.0	10429026.0	9428767.875	10631612.0
917	229.15478529296053	4.3173747	0	12869740.25	17278158.0	16876148.5	16728630.25	16639489.0	0	16706331.25	14764059.75	14842794.75	16800822.25
918	475.2227144606503	4.317376	0	284082035.0	358744580.0	376738690.0	364879582.5	358364245.0	0	364607892.5	323184230.0	333378365.0	362894065.0
919	949.4374846630748	4.3173685	0	9712760.0	15840144.0	17721642.5	16626041.75	14790487.5	0	14824450.5	13787912.0	15316441.75	14922127.5
920	882.4763327312822	4.319713	0	0.0	0.0	16357883.5	16835678.75	15432343.5	0	12140173.75	11864980.75	12293190.5	12327560.75
921	215.13918438147545	4.3173013	0	6985370.875	38103650.0	1497589.075	1953592.525	1049941.9	0	3620957.775	3349075.275	1807334.5	2709126.825
922	390.1873439003484	4.339227	0	0.0	27488920.0	2776952.55	400768.6	3416211.2	0	1919360.95	1518042.575	1576637.075	1579891.75
923	378.20260444813135	4.3434067	0	3128783.075	0.0	13915103.75	12431844.25	11937281.25	0	9953042.5	10277001.875	10197992.7	10984975.25
924	769.4824238374457	4.340434	0	20348231.5	21815600.0	30239896.5	26341139.0	33365998.0	0	26809596.0	27698254.5	27700213.5	28087201.0
925	1001.5097483087084	4.343658	0	29269286.5	6234427.5	9282123.375	9386261.0	10412375.5	0	16789329.125	15229535.75	12448148.0	13883033.5
926	1126.6180426059111	4.350108	0	6653495.75	8068903.5	9479282.5	9181233.75	9108478.0	0	7944104.75	8963351.375	9075869.625	8439164.25
927	698.4089591112304	4.3541627	0	18160647.0	23138380.0	27261006.5	26778800.5	26746040.0	0	23351250.0	24769497.0	24972715.0	25853032.0
928	356.14538660714373	4.357977	0	10002110.5	0.0	6876339.0	6964281.0	6917849.0	0	7071961.125	7849119.875	8020961.25	7818537.25
929	513.3043389607418	4.3631654	0	12570660.25	12758124.0	17118352.25	15494617.0	17139008.0	0	14808671.5	15994801.5	15738518.25	15780646.25
930	259.09251115715443	4.365061	0	0.0	28399286.0	3271346.875	419908.525	3642159.175	0	1891314.25	1953583.425	1859339.375	1629177.525
931	689.4351478962889	4.3658967	0	31633916.0	48450650.0	45828491.0	43638634.5	44185592.0	0	38273332.0	41522341.0	42478359.0	43012601.5
932	727.3994254600718	4.3696284	0	54750243.0	54505480.0	59745619.0	56300541.0	59064385.0	0	54112709.5	58660995.0	57302788.5	59784295.0
933	1303.7998103536902	4.375701	0	13057354.5	26773804.0	18080577.0	18313573.0	17658230.0	0	15963477.25	16704444.5	16558282.75	17883530.0
934	674.3852461923849	4.3777056	0	12381393.5	14407172.0	18506874.25	18203187.75	17125201.25	0	15703290.0	17078094.5	16034542.25	17400730.0
935	653.4061910569046	4.3848343	0	206733332.5	408172640.0	335969365.0	316436002.5	316588562.5	0	290250725.0	316851440.0	243999337.5	324625760.0
936	652.4040375003094	4.3841453	0	666000580.0	1076152700.0	913740735.0	865026355.0	865219312.5	0	785619287.5	821929440.0	832858977.5	869579277.5
937	326.7052480657765	4.396549	0	95981534.5	91973736.0	116396977.5	108758867.5	108993341.0	0	105161037.5	106031623.5	111946222.5	106991837.0
938	805.3920514344006	4.4463344	0	11809854.0	0.0	8453124.0	16972922.75	17826140.75	0	16069960.0	11106928.0	16544934.5	11340219.0
939	1025.5676831954345	4.439926	0	70836425.0	136100820.0	18588455.0	22622105.0	20233179.5	0	41855156.0	44084091.0	17280323.0	29060594.5
940	546.29302518284	4.402186	0	12939624.75	20080438.0	55044344.0	52471264.5	48601194.5	0	40106611.5	42224488.75	41899094.75	44826232.75
941	146.09253304725408	4.402973	0	4101275.5	19802586.0	5491863.625	6330823.375	5190456.875	0	4976438.55	5163723.25	4887240.95	6087016.625
942	440.2507780480866	4.4073853	0	14033138.25	15290332.0	16739301.5	16969617.5	16525524.5	0	15927556.0	16084699.0	16259907.75	15995419.0
943	371.2404359540205	4.419747	0	80898702.5	35070050.0	100149040.0	98434943.5	109357880.0	0	98787948.5	93586985.0	99848107.5	96617525.0
944	905.557776673922	4.420593	0	63723408.0	89699790.0	82590881.5	87508913.5	82225939.0	0	79877513.0	75605510.5	80858426.0	79707692.5
945	195.11301587468185	4.4253807	0	18186691.25	16506335.0	19425037.0	21176265.5	20854206.5	0	18587938.5	18691575.25	21665142.0	20697544.5
946	254.161324374098	4.4261355	0	1079447462.5	1014278600.0	1061816402.5	1121337300.0	1107863340.0	0	1047094512.5	1048789142.5	1165463775.0	1109117075.0
947	243.1090349719397	4.427823	0	10276416.0	10491353.0	10592255.75	10679833.25	10124146.0	0	9992114.75	10585665.0	10907709.0	10187162.25
948	391.2091801579148	4.435565	0	14161588.5	13969385.0	15813959.25	15627238.75	15949174.25	0	14377225.0	15192536.5	16852137.25	15130062.0
949	491.2506466450159	4.44184	0	25047378.0	34190932.0	39741138.0	39341632.5	41619446.0	0	33284629.0	34845541.5	40206825.5	37412598.5
950	525.2312600774752	4.447471	0	12634556.0	13814636.0	12691108.75	12628410.5	13792596.5	0	12048233.75	12576082.25	13369440.5	13752915.25
951	233.14974637675965	4.457006	0	0.0	57116484.0	0.0	0.0	0.0	0	0.0	0.0	0.0	0.0
952	237.1235235797544	4.457006	0	0.0	21152590.0	0.0	0.0	0.0	0	0.0	0.0	0.0	0.0
953	513.2873118303893	4.4570456	0	36663059.5	39767360.0	5699833.5	7829086.5	9509630.5	0	14173580.625	15308500.875	15443533.625	14775994.875
954	1025.5675914469905	4.457476	0	87770362.5	129704250.0	16321482.25	20286843.5	26739714.5	0	38336229.75	40038880.5	38463302.0	34279990.5
955	138.05504433361898	4.4586635	0	12074349.0	9566078.0	12585181.5	12291143.5	12349761.25	0	12129357.25	11782714.25	12670289.5	12718074.25
956	674.385270510444	4.4117737	0	14393884.75	15054232.0	13933880.0	18136424.25	12259760.0	0	11339499.75	17320997.5	16589798.5	13473653.25
957	983.557295317204	4.472338	0	0.0	0.0	19079963.0	18337444.75	19827642.5	0	14468365.5	13967341.5	14706722.0	14102621.25
958	689.4352537228826	4.408812	0	22325728.5	50664810.0	20783954.0	26519358.0	27990241.5	0	23168943.0	31015943.0	26562529.0	16871867.0
959	838.4462994428396	4.414976	0	19002800.0	16641580.0	21500301.0	11334645.25	12749411.5	0	24724028.5	21558565.5	9315564.0	8988999.75
960	776.3474555772697	4.4738646	0	49094337.0	39977496.0	3482945.25	4469721.05	6499820.125	0	16859473.875	16499994.7	14973748.925	15213605.925
961	259.0922551147036	4.404207	0	0.0	17323336.0	650248.45	0.0	1805933.2	0	632081.7	1252833.4	571266.55	0.0
962	805.3918919982947	4.4758534	0	11087527.5	16370905.0	16293300.0	16059903.0	16873611.75	0	14534735.25	14909980.25	15941718.5	14927908.25
963	1001.5098469560344	4.4810805	0	21332129.75	5147769.5	5456794.0	5345446.125	8256778.0	0	11606453.125	9757239.625	9647512.75	9379942.375
964	877.5514567909848	4.510754	0	11111592.0	15324002.0	14835750.5	14300044.5	14841240.5	0	13370882.0	13401647.25	15507589.0	12808509.25
965	276.17076797533645	4.5132384	0	15972785.25	18552910.0	17755018.0	17368157.25	17383387.25	0	16450771.0	17212573.0	18168072.5	16647931.25
966	226.15510242508023	4.5211687	0	316733250.0	303834500.0	351850307.5	342441152.5	353425707.5	0	345152005.0	332650745.0	351961030.0	334686637.5
967	209.1285656270619	4.521227	0	26649572.5	25139102.0	29735644.0	29947812.5	29931474.5	0	29325547.5	27450630.5	30355250.0	29133075.5
968	627.37195208583	4.5816693	0	6479879.0	1875041.1	6446626.25	8923225.375	8904762.0	0	9034485.75	4727793.75	7889853.625	9102359.5
969	674.3515043689971	4.5415587	0	14485760.5	11160156.0	20693396.5	21162684.5	22100732.0	0	19102245.75	19391383.0	19936008.75	20012936.0
970	376.1882118667208	4.5740113	0	42566376.0	17733502.0	25368591.0	27114711.5	28133776.0	0	32571190.5	31384777.0	28921076.5	30306410.5
971	244.0927995557712	4.551021	0	0.0	20925528.0	263195.95	0.0	0.0	0	0.0	0.0	0.0	263195.95
972	487.1786483512489	4.5683093	0	0.0	16746096.0	0.0	0.0	0.0	0	0.0	0.0	0.0	0.0
973	415.2552981134055	4.5814776	0	8138900.25	9850296.0	10742743.0	10608776.75	10461034.25	0	9898285.25	9756323.75	10293111.5	10003733.75
974	546.2599233573858	4.578199	0	10036117.625	7561106.5	11877279.75	12713251.25	12220157.75	0	10775534.25	11588155.25	12429924.5	12053192.375
975	427.2553446853259	4.581746	0	4464499.55	3629612.8	9610496.75	9611988.375	8926860.5	0	7619721.5	8019195.55	8386143.875	8588784.25
976	470.29777709646567	4.5870132	0	9438639.5	10031145.0	10681246.5	10461708.75	10491473.0	0	9965379.25	10286739.0	10635386.0	10185563.5
977	316.1640965538149	4.5893335	0	6047575.25	0.0	3237388.325	3033546.45	4264351.5	0	4143228.275	4332747.45	4978449.25	3128436.55
978	730.3599145869467	4.600543	0	178508057.5	169579400.0	139818630.0	134596957.5	154017680.0	0	148498737.5	151650317.5	155798607.5	150993662.5
979	507.22797153188816	4.6032	0	5687444.55	1549983.0	3913111.85	3774738.425	4486551.675	0	5052214.225	4571474.85	4054936.375	4183221.05
980	209.10344758443173	4.6047654	0	7034027.125	6286136.5	7229921.5	6765912.0	6822090.125	0	6623135.125	7017690.5	7204870.125	7006255.0
981	514.2877773725048	4.6054506	0	83012840.0	65394696.0	87446442.5	77478896.5	86187613.5	0	78682658.5	83053232.5	87688443.0	84701458.5
982	627.3720030723199	4.6054573	0	7745543.0	0.0	8295031.875	6050223.5	8500827.25	0	8321619.875	8089457.875	5860616.375	8319931.5
983	515.2907717641605	4.603317	0	23212926.5	16970100.0	24853158.5	17510239.5	25170597.0	0	18034905.0	23755230.5	24083518.5	24873267.5
984	555.2454699479445	4.626907	0	13351472.0	128874776.0	91108335.0	83055750.0	77090725.0	0	61901991.75	63626464.5	69624583.5	69453242.25
985	644.3407195150769	4.632187	0	7441728.125	7887932.0	12600113.5	11581254.0	12139515.5	0	10726160.0	11050028.0	10954350.375	11032072.75
986	415.25523858466215	4.5980263	0	8981380.5	8784912.0	8296789.75	2887652.25	11314948.5	0	7589411.5	5478081.75	7892939.5	10520338.25
987	427.2552906483007	4.5900044	0	3695760.5	3910783.2	8032481.5	5032347.0	9472752.25	0	5946861.0	2472421.0	8664023.5	9150035.75
988	470.2976574285744	4.5969353	0	10672455.0	10303224.0	11434413.75	2985968.75	11408312.0	0	8149097.0	8795658.5	8315488.5	11240905.5
989	376.1882357961308	4.601902	0	44203832.5	14586467.0	13484129.0	14076986.5	29921036.5	0	25552841.0	27576361.5	23533064.0	25023718.0
990	316.1867451935479	4.644669	0	91970991.0	9691500.0	136978527.5	131659130.0	135238183.5	0	129778670.0	121880882.5	120090046.0	124097233.5
991	449.2397199124407	4.6514573	0	9494443.75	22258070.0	21597922.0	20517097.0	19732109.5	0	16741119.625	17549817.625	18931576.25	18119058.75
992	631.3667545458028	4.652947	0	4396801.425	1602926.8	8143522.875	7960611.25	8135570.625	0	7908217.625	6799579.375	6876012.25	7052696.925
993	499.287809860907	4.6525636	0	410655.25	4510512.5	8510074.125	8037186.125	6753812.5	0	5440998.375	5652159.375	6404702.5	6213867.75
994	674.3518021934935	4.6164994	0	11575090.75	12991668.0	15799930.0	16024978.5	21667534.5	0	13978843.5	11462045.5	19529240.25	20097404.5
995	619.2911877884147	4.66331	0	21376866.5	39150060.0	39739588.5	35758511.0	38429547.0	0	32995012.0	33178013.0	34883054.5	34248433.5
996	360.21290529096	4.667215	0	13201563.5	19770314.0	18985217.5	18409816.0	18530826.0	0	16644062.75	17547233.5	17937134.75	16998992.0
997	540.3088543006332	4.677354	0	11189771.75	12581200.0	0.0	0.0	0.0	0	2304794.25	3081044.25	2683738.75	3120194.5
998	528.3032466257754	4.6818604	0	21625378.5	21794628.0	24207289.0	22331830.0	24821973.0	0	23337147.0	23586056.0	22047331.5	24015936.0
999	590.2133237683586	4.6887317	0	14359393.25	11815276.0	13300569.0	11832850.5	13065904.0	0	13204501.0	13319726.25	12436033.5	13598456.0
1000	576.3508387038628	4.6941395	0	27503340.0	31473538.0	32170388.5	22622081.0	32179638.0	0	22398109.5	31538893.5	29742664.0	30795780.5
1001	286.1761825938549	4.7064724	0	11031889.75	27045212.0	35942083.0	33806153.0	30561262.0	0	26616034.75	22907740.0	29447797.0	32369816.0
1002	213.1234522634637	4.711465	0	7293824.875	9395600.0	8237620.5	7947598.625	8390806.25	0	8038047.0	7518211.25	7862468.25	8451123.75
1003	346.1972821372658	4.711473	0	33680156.0	39661916.0	36814859.0	35149267.5	34856079.5	0	33744586.5	33888322.0	35750822.5	37116631.0
1004	188.0706770741676	4.726038	0	188996902.75	902783900.0	141922329.5	33119149.125	239693387.5	0	197744241.25	174213297.5	139423017.875	92351212.25
1005	159.0917375578623	4.726223	0	5158903.125	27710314.0	4022465.375	660931.8	6967296.5	0	5507140.125	4979619.75	3961864.5	2360972.425
1006	146.06011937724642	4.726207	0	17857955.225	84347590.0	13016426.45	2993678.675	22203728.0	0	18113782.65	16495164.775	13043355.75	8419485.175
1007	132.08096026885104	4.7271905	0	3268094.7	16294548.0	2438114.3	383135.3	4236591.125	0	3500294.0	3139525.95	2393617.125	1292498.35
1008	144.08084896387564	4.727649	0	9224050.125	42837270.0	6940534.0	1091483.0	11661430.25	0	9519673.25	8466918.875	6768373.125	4162532.125
1009	205.0972899537824	4.727206	0	97915274.0	524850940.0	75091630.0	18051174.325	126716501.5	0	104495615.75	86387201.375	72883599.2	54008163.5
1010	170.06010822178274	4.7281957	0	4171499.925	20486854.0	2839225.65	539540.7	5226486.25	0	4230025.325	3926376.95	2991691.175	1628659.075
1011	254.16121985325483	4.737446	0	353513087.5	315976830.0	398639210.0	402906927.5	397885912.5	0	384890252.5	371997157.5	404301767.5	391755960.0
1012	723.4413405967109	4.737878	0	8769525.75	11453503.0	11727144.75	12718890.75	12679228.75	0	10724904.75	11486936.5	12203954.25	11478994.5
1013	133.0318945736287	4.7414546	0	94729421.0	73813810.0	119913372.5	118567910.0	120589502.5	0	114975082.5	106007900.0	113597712.5	119219511.0
1014	150.05840947759384	4.7422533	0	337917987.5	266133390.0	429960107.5	422817652.5	428611110.0	0	406676875.0	380679132.5	405784410.0	426166440.0
1015	1079.609909814324	4.754298	0	68148175.5	90338290.0	0.0	0.0	0.0	0	13953037.0	17095027.5	21226046.0	15874065.0
1016	209.10341754068463	4.754851	0	109551060.0	113082680.0	118751025.0	130535885.0	130637537.5	0	118455920.0	122762005.0	124196110.0	124061472.5
1017	375.2239448248727	4.7549424	0	27703860.0	29086766.0	28371511.5	33147398.5	32882846.5	0	28855690.5	30636919.5	31264994.5	31348012.0
1018	435.2271624913286	4.7592964	0	6055981.875	9156329.0	9474026.75	10598244.0	10606469.5	0	8708289.75	9112080.375	9489603.75	9424748.25
1019	348.1587915671961	4.7595043	0	302197.525	16546574.0	11803534.5	11809120.75	9808120.125	0	7701113.25	8345504.875	8195055.525	9481299.25
1020	604.2984033709699	4.772639	0	156404175.0	188495340.0	192070452.5	194941090.0	199664075.0	0	184088817.5	190592062.5	181891805.0	186507107.5
1021	267.1341072876114	4.8230324	0	308147.55	24441782.0	1008725.95	935910.375	1181372.8	0	980469.725	657209.175	892616.75	903861.0249999999
1022	709.425372305372	4.773411	0	9375318.25	13712125.0	13213003.75	13636719.75	13611240.0	0	12501079.25	13045325.5	12115884.75	12173992.25
1023	456.2818826468432	4.7754383	0	5311377.25	2471685.0	76701871.0	72526254.0	69870017.5	0	55471923.625	55866018.625	53533067.0	59538510.5
1024	560.2722027620587	4.777454	0	42677101.0	3071241.2	17434728.5	17312762.25	22223562.0	0	29124818.5	26688790.5	20049502.0	23785042.75
1025	190.1264045659918	4.7821994	0	0.0	10820475.0	0.0	0.0	0.0	0	0.0	0.0	0.0	0.0
1026	836.4883232323322	4.7943707	0	0.0	0.0	21132424.0	20216477.25	21128054.5	0	16667797.0	15662873.0	14435888.25	15710397.5
1027	978.562437564577	4.7968407	0	9984788.25	12056095.0	0.0	0.0	0.0	0	2620852.0	2693258.0	2184476.75	2486201.5
1028	540.3090466242576	4.802557	0	10843014.75	9732236.0	0.0	0.0	0.0	0	2139495.0	2550705.75	3156037.0	2996777.0
1029	189.1233591764248	4.8012137	0	1026645.25	126487380.0	0.0	0.0	0.0	0	327278.75	312178.2	0.0	387188.3
1030	441.2347158931714	4.806958	0	125586387.5	34016990.0	64548051.0	62958839.5	78640010.0	0	95230891.5	82316178.0	70525920.0	83660298.5
1031	488.25152911592727	4.810927	0	5623241.0	4572364.0	10609274.0	9952047.0	10657579.75	0	9325705.0	9743024.25	8335093.5	9438319.0
1032	553.3351558717858	4.8121185	0	156741232.5	8067358.0	43050617.5	44309013.0	67197827.5	0	90647923.5	85178444.0	60319892.0	75152431.0
1033	387.2239609985048	4.8213177	0	24631357.0	35945420.0	67898398.0	63161645.0	65317727.5	0	55817167.0	55560814.5	52385674.0	57245472.0
1034	187.1078428140095	4.8237886	0	3521112.125	5282896.0	10085153.0	9250871.5	9591477.25	0	8266544.375	8123597.5	7577037.625	8481434.375
1035	318.2023619005905	4.827418	0	5672736.0	23399360.0	15630153.75	14522367.0	14788109.75	0	12719333.875	12202385.75	12352187.875	13339459.0
1036	279.13404607958245	4.833403	0	11820273.5	18991188.0	14637487.25	12709636.0	15753788.5	0	13978271.5	13958663.5	12592268.75	14391981.5
1037	546.2601161848223	4.8351464	0	7276467.125	9627225.0	8248596.0	8135237.125	8609338.875	0	8422033.125	7929968.375	7557095.375	8360542.25
1038	1117.5660188596055	4.845715	0	10818577.75	15476343.0	0.0	0.0	0.0	0	2295376.25	3016040.5	2574225.75	2932935.25
1039	152.05667373670994	4.846197	0	0.0	97052400.0	0.0	0.0	0.0	0	0.0	0.0	0.0	0.0
1040	284.0990337399155	4.846197	0	0.0	72043120.0	0.0	0.0	0.0	0	0.0	0.0	0.0	0.0
1041	874.4441833919929	4.8481584	0	0.0	0.0	8331045.0	9083522.0	9263580.125	0	7459829.75	5621974.0	6121637.125	7474706.25
1042	425.1798894465838	4.851704	0	13244585.5	24850556.0	37849249.0	36740771.0	35977406.0	0	34201529.25	27059912.25	29108541.0	33442029.0
1043	494.23794820946176	4.8554616	0	0.0	0.0	11748243.25	11284039.0	10346619.5	0	9321549.75	7241998.75	7575861.5	9239491.75
1044	322.05482419018387	4.8555074	0	0.0	28180850.0	0.0	0.0	0.0	0	0.0	0.0	0.0	0.0
1045	591.2908197513208	4.8558154	0	36873386.0	0.0	8723969.125	9813193.125	13697233.0	0	20212547.5	18420884.75	13819430.875	16654918.125
1046	642.2541931110761	4.8765993	0	16879756.0	19446038.0	20718801.5	20909418.5	19805260.5	0	18857606.5	21331373.0	19017044.5	19107212.5
1047	226.1550531199589	4.8930597	0	30078162.0	26844652.0	28842742.0	31740317.0	29463334.0	0	29047231.5	33159297.0	29957566.0	27960460.5
1048	145.10841833398558	4.899255	0	0.0	0.0	0.0	0.0	0.0	0	0.0	0.0	0.0	0.0
1049	628.3305400060327	4.906325	0	30213991.5	32068982.0	30072211.0	30850821.5	28795337.0	0	30314740.5	32012895.5	29951523.5	27653201.5
1050	668.3618793891361	4.909618	0	47183071.5	38754676.0	46158546.0	46479087.5	44024596.0	0	43708249.0	49307115.5	45442810.5	45387126.0
1051	577.3536370831674	4.9160748	0	50834595.5	71268870.0	68649099.5	56503016.0	48800411.0	0	61412019.0	68284142.0	64450170.0	30640791.0
1052	576.3510793674521	4.910026	0	144915996.0	193558180.0	191451535.0	194554767.5	178041912.5	0	172880142.5	190488475.0	178171175.0	167424418.5
1053	667.2895386076759	4.914828	0	7146953.375	6165411.0	6627140.25	7348627.875	4692585.625	0	7258782.125	5651238.0	6626973.5	6278313.5
1054	666.2865918989677	4.912793	0	19613137.75	20507254.0	20253692.0	21298781.0	18969557.0	0	21065356.5	20753449.5	19719224.0	18597137.75
1055	629.2465093888403	4.9251246	0	9330652.25	0.0	2288361.05	2549233.15	3142880.8499999996	0	5007668.65	4944734.1	3536702.025	3822022.525
1056	615.309702190336	4.9261384	0	21630553.5	23433914.0	23992181.5	25333277.5	22527788.0	0	22015599.0	25031598.0	23100884.5	23335719.0
1057	288.67891612894937	4.9240303	0	22146570.5	23699320.0	24509421.5	25786588.5	23619996.5	0	23731503.0	24418919.5	24883814.5	23028340.0
1058	461.2872347782548	4.9264836	0	13007240.5	13987209.0	14266757.75	15218926.5	13594624.75	0	13135569.75	14710597.75	14543417.25	13697964.75
1059	614.3067577029846	4.926944	0	63639646.0	71317896.0	72961442.5	77460316.0	68832832.5	0	67636612.5	75544513.5	71316362.5	68396748.5
1060	706.3180735520874	4.940502	0	35206306.5	29036970.0	34486962.5	36764906.5	32555664.5	0	34723767.0	34462797.0	34886905.5	34940370.5
1061	233.1495836010137	4.9406548	0	0.0	20606122.0	0.0	0.0	0.0	0	0.0	0.0	0.0	0.0
1062	309.0612475984684	4.9406548	0	0.0	7366248.5	0.0	0.0	0.0	0	0.0	0.0	0.0	0.0
1063	205.99814446881604	4.9442625	0	3222167.675	7806441.0	9756418.75	7750757.375	9318377.5	0	8586571.5	7502653.05	7223631.0	6734865.75
1064	432.9944561445353	4.9500184	0	1313556.0	7031278.0	7713340.625	6958610.75	7041833.875	0	6809573.375	5330252.125	5669295.0	5218220.75
1065	349.0329069066762	4.9509377	0	2127395.0	10378821.0	11826512.75	10730447.5	10785761.75	0	10640502.5	8338427.75	8633025.5	7858161.25
1066	272.1605288050951	4.953845	0	101588787.5	3362424.8	41068018.0	43651985.0	50721291.5	0	61889807.5	60674612.5	59392559.0	55073103.0
1067	652.2627255180641	4.958281	0	33535189.0	39811840.0	44635950.0	44649993.5	40666866.0	0	40529993.5	40513339.0	41368502.5	41076163.5
1068	193.99810203465483	4.9591446	0	21700471.375	62317240.0	71802421.5	72951885.0	71702873.0	0	71381056.5	57366347.75	54400805.875	55009440.75
1069	744.2738538064724	4.9597816	0	11497474.75	8576934.0	10851717.75	10711585.25	9897318.25	0	10553559.0	10697330.5	10882525.25	10824681.25
1070	782.2295742773111	4.9655776	0	7590307.25	6676940.0	8105260.625	8284113.625	7689033.75	0	7972796.75	7603165.625	7980265.625	8112487.25
1071	310.1163055499372	4.9646745	0	76568180.0	2123623.8	31077221.0	34115410.5	39060394.0	0	45369514.0	46397292.5	46181455.0	42872944.0
1072	736.2242019374837	4.9683833	0	13081090.0	20174754.0	21867176.0	21232885.0	20050687.0	0	19673286.5	17778366.75	19142680.5	19637504.25
1073	277.95940923546925	4.971859	0	2556154.1	7463466.0	9009189.25	9421537.0	9110850.75	0	8917739.875	7458086.125	6737221.5	6984683.6
1074	361.9207093662562	4.972778	0	5449058.85	15461511.0	18770630.0	19080919.0	18135397.5	0	18026978.75	15054490.95	14088055.775	14266479.875
1075	348.07226341180655	4.9735265	0	37724828.5	1173960.5	17582918.5	19387808.0	21893574.0	0	24484165.25	24199664.0	24298058.5	23607241.25
1076	820.1854895050436	4.975167	0	5568212.125	7777090.0	8702346.5	8554173.0	8110843.375	0	8002077.375	7265096.375	7776429.125	7891972.125
1077	432.0338551802097	4.9783487	0	28029075.0	0.0	14121793.0	15328821.25	17346210.25	0	18924653.0	18655187.0	19227021.0	18019038.5
1078	359.9050677528745	4.9996123	0	0.0	10538755.0	0.0	0.0	0.0	0	0.0	0.0	0.0	0.0
1079	529.8439919470976	4.9906898	0	2451807.2	5887582.0	7943623.25	8043883.5	8199350.5	0	7578019.625	6471559.85	6295639.125	6293445.85
1080	191.98243468853164	4.9956074	0	278512.1	36225380.0	0.0	0.0	0.0	0	0.0	0.0	0.0	278512.1
1081	518.1781498679044	5.0260067	0	6463465.0	9492211.0	24801321.5	23437375.5	23233073.5	0	17865215.25	18228784.875	22059935.25	19781300.125
1082	602.1397313030449	5.0259905	0	3195551.8	4523801.5	12464633.0	11494241.75	11586406.0	0	8966271.55	8938935.75	10855720.75	9979904.5
1083	710.6546387704716	5.0341496	0	8166741.0	4486488.5	6882029.875	6593694.0	6637049.5	0	6664636.25	6523721.75	7702867.0	7388289.375
1084	122.92465574847776	5.034938	0	26114770.5	22218920.0	24599120.5	24884089.0	23793205.0	0	24950732.5	24024152.0	26026908.0	24389392.5
1085	208.8840622918834	5.034943	0	9746436.0	8621826.0	9304690.5	9174190.5	8994559.75	0	9260231.75	8898683.75	9889038.75	9171922.5
1086	374.8086247427237	5.034943	0	7842135.125	5540378.0	6951665.5	7004001.25	6726316.25	0	7076273.875	6725319.0	7611004.75	7111520.5
1087	542.7318862319213	5.0349417	0	32379763.5	20988342.0	28242091.0	27289276.5	27442620.5	0	27763493.0	27203946.5	31183158.5	29203153.5
1088	626.6930846789946	5.034941	0	11255030.75	6469697.0	9650957.0	9289390.0	9495844.75	0	9568385.25	9222709.5	10772809.5	10127318.25
1089	206.88596736635907	5.0353365	0	45068077.5	38676444.0	41641573.5	42211453.5	40412295.5	0	42388691.0	40373904.0	44852858.5	41717946.5
1090	290.8471419676967	5.0353365	0	74633318.5	60892456.0	67308274.5	67838990.0	65652779.5	0	68239674.5	65366262.0	73334370.0	68493056.0
1091	292.8450080644752	5.0353365	0	21827824.5	17612042.0	19447801.0	19779812.5	19184941.0	0	20066747.0	19097368.0	21093930.5	19982333.5
1092	458.7701867742326	5.0353365	0	27435875.0	19317160.0	24356394.0	24209785.5	23670007.5	0	24286368.0	23385738.5	26944288.0	25055667.5
1093	348.99651407282266	5.044748	0	0.0	13325300.0	0.0	0.0	0.0	0	0.0	0.0	0.0	0.0
1094	265.03515232720133	5.0539746	0	0.0	28603870.0	0.0	0.0	0.0	0	0.0	0.0	0.0	0.0
1095	196.04832745830925	5.057904	0	7096524.0	4481479.5	6087949.375	6467331.375	6120728.125	0	6575517.375	6050910.625	6550846.75	6595258.125
1096	480.2221307023651	5.0603266	0	9237081.375	12058355.0	35337473.5	37087997.5	33063136.0	0	27424805.5	26712955.375	29876377.5	30711550.0
1097	158.0924348896602	5.068775	0	43361256.0	26860126.0	39059173.0	42121507.0	38475895.0	0	40199202.0	39236854.5	40774736.5	42807038.0
1098	442.26615050518745	5.070805	0	15341834.5	17921804.0	57065584.5	61240544.5	51149312.0	0	43977338.75	43909428.5	46888252.5	50022255.75
1099	614.3067139906356	5.014736	0	28216356.5	0.0	35217665.0	40266380.0	59592817.5	0	45197989.5	38729423.5	47497161.5	31868644.5
1100	553.3348476742347	5.0375233	0	14284915.5	0.0	3194967.8	3482805.3	6224607.875	0	7594089.925	7366157.825	5945605.175	6281443.55
1101	760.3047756434869	5.0800767	0	5930247.5	7813304.5	7407337.375	6762449.25	6712927.75	0	6552057.875	6169380.75	7151844.5	6939678.75
1102	604.2979968648032	5.069079	0	4809149.675	5300520.0	6006937.75	6447217.875	6936387.25	0	5934625.55	5572383.375	6708938.75	5983744.875
1103	189.12339570368428	5.081331	0	0.0	87595850.0	0.0	0.0	0.0	0	0.0	0.0	0.0	0.0
1104	246.1447953885192	5.081331	0	0.0	10490025.0	0.0	0.0	0.0	0	0.0	0.0	0.0	0.0
1105	478.1468302345982	5.0834846	0	4528310.95	4511910.0	5617972.375	5533288.125	5066895.0	0	5031527.75	4864853.25	5547813.375	5302272.075
1106	668.3619400106528	5.0561233	0	13440554.75	19483814.0	16441553.5	16386965.5	18159496.5	0	17837812.5	16070303.5	14185804.5	16334649.75
1107	576.3508576282361	5.0784063	0	61670793.5	81519850.0	89668767.5	92193327.5	91765968.5	0	78502540.0	78933477.5	93474856.0	84387983.5
1108	742.3980829871882	5.090529	0	2850896.6	2671142.0	5900841.0	5683190.375	5613165.0	0	4747550.625	5137971.925	5195997.05	4966573.375
1109	440.1909327895855	5.091413	0	18686911.0	22105800.0	23791673.5	22832803.5	23043036.0	0	21810759.5	22409013.0	22185459.0	21949192.5
1110	402.23477656938775	5.097006	0	41789845.0	47292624.0	52914863.0	51735102.0	53013516.0	0	49275936.0	50395127.0	51040934.0	48741329.0
1111	279.1339478189951	5.097511	0	5344620.75	17256568.0	2616114.675	1884640.5	3380260.425	0	4258983.15	3181891.65	3038532.0	2746229.55
1112	722.3490040611605	5.1075006	0	29678441.0	42015700.0	35238060.0	33212104.0	35692090.5	0	31847789.5	35259401.0	34400387.5	32313117.5
1113	763.3342276225609	5.108665	0	5184044.0	6391221.5	5695012.5	5629646.625	6366054.625	0	5470673.375	5952772.625	5803631.5	5647680.25
1114	245.0768102503337	5.0949187	0	1208035.475	9449167.0	315157.35	0.0	609318.1499999999	0	619086.85	598778.75	597964.1499999999	316681.225
1115	684.3931822367088	5.120392	0	81146451.0	96551390.0	94527747.5	95223776.5	103236722.5	0	88017934.0	97726106.0	91898261.5	96492396.0
1116	223.10775212724948	5.1353464	0	325520.625	16843308.0	0.0	0.0	0.0	0	325520.625	0.0	0.0	0.0
1117	233.14959655914427	5.128935	0	0.0	21702888.0	0.0	0.0	0.0	0	0.0	0.0	0.0	0.0
1118	299.100343186087	5.132725	0	764704.375	15795980.0	1628000.375	290254.375	1498425.175	0	1231210.875	1180628.375	836188.0	933357.05
1119	261.1445384922011	5.1388273	0	3152016.875	28562918.0	3908138.7	2616089.625	3820773.3	0	3806101.35	3397197.95	3201038.0	3092681.2
1120	243.1339383060528	5.1422305	0	3650715.075	30443990.0	4458143.7	3170303.525	4528913.625	0	4429674.7	4033850.7	3805524.7	3539025.825
1121	331.1166542338075	5.1635017	0	4535669.1	11993053.0	8176276.375	7433888.25	7299031.875	0	6412230.55	7108802.375	7200571.125	6723261.55
1122	293.1607112367104	5.163435	0	1226265.5	4169908.2	2620745.375	2457005.175	2376454.8	0	1803175.425	2316733.925	2341042.825	2219518.675
1123	546.207739476117	5.16942	0	23379495.5	26897594.0	30871767.0	28381953.0	26696208.0	0	26018555.5	28629767.5	26959801.0	27721299.5
1124	510.2567426384014	5.1730766	0	6832719.125	7820768.0	8450613.5	7894757.75	7453064.75	0	7250080.625	8125124.25	7555909.75	7700040.5
1125	508.2519926991162	5.1726074	0	134407260.0	153109070.0	181048292.5	168627307.5	156696422.5	0	150591932.5	167353940.0	159620107.5	163213302.5
1126	576.2693076435072	5.1853743	0	4106859.825	3709248.8	4952402.875	4701878.5	4436298.95	0	4251352.575	4580033.325	4660304.0	4705750.25
1127	552.2781877324979	5.192303	0	4588990.0	5355883.0	4648139.75	4653461.75	4290489.7	0	4441024.625	4707972.875	4533568.25	4498515.45
1128	217.081991345326	5.1594133	0	964705.375	6206091.5	912795.75	269492.25	579040.925	0	599121.15	683704.5249999999	1167829.9	275378.725
1129	553.1498432791559	5.2054915	0	3517321.05	7341983.0	6152421.625	6251115.875	6719263.0	0	5345011.875	5657772.175	5682808.375	5954529.125
1130	728.2785023719251	5.2206116	0	1418441.9500000002	0.0	5842391.5	6489858.0	6226291.375	0	4621376.3	5633985.575	4437778.875	5283842.075
1131	477.2381118206955	5.212374	0	26585358.0	49099936.0	41419071.0	45856770.5	41825988.5	0	39944867.5	39502531.5	38476381.0	37763408.0
1132	257.0898126525758	5.227661	0	0.0	6792112.0	0.0	0.0	0.0	0	0.0	0.0	0.0	0.0
1133	346.19721650785834	5.2830873	0	5267075.125	5473045.5	6197748.625	6769720.625	4659573.375	0	5836867.25	6530544.375	5933713.375	4592992.75
1134	748.3881639014128	5.2289586	0	5063765.125	0.0	1891384.15	1425424.275	1930227.35	0	3319304.6	2711662.875	2144846.55	2134986.875
1135	689.4348410532989	5.2287693	0	2279377.375	6841883.5	3396125.675	3432749.05	3423466.2	0	3241449.675	3041331.125	3113895.225	3135042.275
1136	195.0877083625136	5.230954	0	9816410.0	10003180.0	8973608.875	10175513.25	9385442.0	0	9515999.25	9753180.0	9201643.875	9880151.0
1137	782.4413450326044	5.231263	0	14139614.0	0.0	578787.85	0.0	1250175.825	0	5285988.75	4644178.5	2765894.425	3272516.0
1138	515.1937645493008	5.2330866	0	20356938.5	43478548.0	32373450.5	36696029.0	31645873.5	0	29854724.0	31487270.0	30191970.0	29538327.5
1139	332.18148697368406	5.233852	0	4546398.825	7374724.5	7034240.125	6992419.625	6815868.25	0	6193804.825	6212367.875	6550689.25	6432064.875
1140	219.13401394545969	5.237067	0	0.0	77958380.0	0.0	0.0	0.0	0	0.0	0.0	0.0	0.0
1141	480.2219789563237	5.236966	0	2126122.525	4251796.5	7857653.25	7722126.375	6975146.75	0	6348842.325	6528181.825	5926700.875	5877323.875
1142	614.3066266903431	5.233132	0	13762376.75	29207424.0	20048465.5	22486201.5	19074043.25	0	18527424.0	18714525.75	20589418.25	17539719.0
1143	727.3906250289377	5.2423587	0	2618648.1	7557106.0	3832679.35	3880306.625	3676916.9	0	3507838.425	3512931.525	3698323.0	3289458.0250000004
1144	576.3507758856323	5.1835165	0	18161830.0	57484004.0	52409487.5	54076286.0	34221836.0	0	33639411.0	42772427.5	37650274.0	44807327.0
1145	820.3957993189769	5.2548018	0	8106135.625	0.0	0.0	0.0	0.0	0	2960025.0	2278236.0	1234464.625	1633410.0
1146	526.2066251179439	5.2653074	0	14327779.25	12394094.0	21384798.0	21871293.5	19558720.0	0	19546880.0	21143082.5	18106449.25	18346179.0
1147	728.2778447213195	5.267285	0	1388778.775	0.0	5823920.125	6272438.625	5325451.25	0	4655686.25	5415274.825	4590488.25	4149139.45
1148	395.1692222992987	5.275046	0	15746761.25	0.0	8774273.75	9113134.5	9075791.25	0	11412072.5	12336060.0	8919869.75	10041958.5
1149	189.12337628236787	5.2775087	0	0.0	41034050.0	0.0	0.0	0.0	0	0.0	0.0	0.0	0.0
1150	203.08155015932385	5.2789865	0	8502477.5	8662086.0	7658493.125	7545442.75	7536450.125	0	7760562.25	8227172.875	7608502.5	7646625.875
1151	221.092082834272	5.28024	0	11742814.25	11217478.0	10341230.0	10422769.75	10330285.75	0	10417450.5	11438939.0	10544553.25	10436157.0
1152	228.14552540902747	5.280921	0	20581759.5	22647588.0	19339200.5	20591668.0	17942580.25	0	18912448.25	20383116.0	20152141.5	19007502.5
1153	623.2805092215002	5.2908435	0	11669239.0	20929386.0	46769798.5	44010898.0	37281067.0	0	33462619.75	37470602.0	33289741.5	35508039.25
1154	585.3246681153319	5.291248	0	46608913.5	71051790.0	186216102.5	175747827.5	155425180.0	0	133616375.5	152734743.5	136096267.5	141550637.0
1155	290.1709841601745	5.303565	0	4832620.125	8407480.0	5444198.625	5145418.5	5987572.375	0	5347831.875	5612415.75	5076126.75	5373435.25
1156	488.25071284076006	5.304588	0	27790835.5	22005122.0	37779856.0	39186907.0	41193027.0	0	37052499.5	39171599.0	33000477.0	36726050.0
1157	237.08693335986308	5.308915	0	4486960.75	10585412.0	4471788.7	4166055.175	4683871.25	0	4501130.875	4450183.875	4243729.0	4613632.125
1158	776.346644364953	5.310128	0	9490333.0	7992514.5	9207467.375	10046341.5	10318310.5	0	10068823.75	10261649.5	8859865.375	9872113.75
1159	489.25390238372495	5.3039193	0	8499241.25	6998903.5	11232416.75	11563161.5	13260303.25	0	11314766.75	11744836.25	10370070.5	11125449.25
1160	346.1972430081594	5.3113813	0	4998960.5	6474046.5	6123458.625	6196969.625	5947115.375	0	5570022.0	6091156.0	5636229.0	5969097.125
1161	173.1284901093913	5.3263936	0	1563856.7750000001	3569914.2	1796739.95	1990326.575	2079454.6	0	2008835.85	1722472.4	1801610.85	1897458.8
1162	431.250200339368	5.316614	0	0.0	0.0	8945726.625	9378596.25	8977338.875	0	6897321.5	6654545.125	6510657.75	7239137.375
1163	239.11381280190884	5.3212113	0	8071305.75	7363025.0	6941981.875	7753466.25	8322823.0	0	8511832.125	7421535.375	7463357.125	7692852.25
1164	313.1271753227312	5.324479	0	7207599.125	6753278.5	7579449.875	9778115.75	8523147.0	0	8591064.75	7512399.125	8750965.375	8233882.5
1165	372.15321354127406	5.334332	0	0.0	6179684.0	1562564.0	1647739.6749999998	1458063.95	0	1176403.0499999998	1084081.85	1080565.325	1327317.4
1166	275.1713749473801	5.3313894	0	6380818.625	6103139.5	7571684.0	8659219.75	8459833.125	0	8332785.5	7148406.875	7634813.75	7955549.375
1167	487.1627102240622	5.331394	0	9546225.125	10623529.0	7954240.0	9568637.625	8866344.375	0	9418417.5	8107767.0	9061568.75	9347693.875
1168	744.27921327454	5.3318615	0	9607451.0	15117069.0	15685308.0	15998463.25	14877954.25	0	13361986.625	14245364.875	14252567.75	14309257.25
1169	334.1972004942331	5.3368154	0	1625594.725	17950176.0	6442104.625	6522787.875	6070466.375	0	5324811.525	4711244.175	4987825.25	5637072.65
1170	449.2065551650515	5.339453	0	27056495.5	22056820.0	24776088.5	27463847.5	26361105.0	0	27112050.0	24801892.5	25542044.0	28201550.0
1171	894.3971920271471	5.3428392	0	21691444.0	16948134.0	19771334.0	22165087.5	20705005.5	0	21120804.0	20328532.5	20961814.5	21921720.0
1172	332.1815497235441	5.3432417	0	4555521.05	4555879.0	6429196.5	6672994.125	6171049.625	0	5754520.8	5613000.5	6062201.625	6399038.375
1173	856.4416333620649	5.346344	0	77382707.5	52841690.0	74827349.0	82022676.5	78068110.0	0	78313021.5	77134440.0	76090439.0	80762942.5
1174	527.2462912515451	5.3476057	0	8929798.375	6193924.0	9126040.0	9440600.5	9153148.125	0	8759911.5	8862400.125	9370034.625	9657240.75
1175	690.3230069699749	5.359621	0	16962506.25	0.0	50408209.0	51390690.5	52472094.5	0	43768045.5	43879712.25	41363366.0	42222376.5
1176	371.2290126280386	5.3780923	0	16085417.75	13107498.0	16285430.25	14580017.0	16288171.75	0	15868996.5	16882275.25	14518090.25	15969674.75
1177	706.3230956281209	5.379503	0	32599850.0	47013470.0	57185649.5	51513291.5	54997167.0	0	48733255.0	48744316.5	50482561.0	48335825.5
1178	374.1380637183789	5.387455	0	6731559.125	5946289.0	7000387.375	6968962.25	7166070.125	0	7201095.25	6960389.375	6883287.5	6822206.75
1179	345.2126542887008	5.391763	0	2696198.175	7398912.5	7210955.375	6954515.875	7177069.5	0	5827172.175	6020493.425	6335999.95	5855073.375
1180	161.03797748095653	5.396448	0	12318020.0	0.0	13635953.5	14227814.5	14916376.75	0	13286389.25	13240906.25	13970921.5	14599947.75
1181	1046.5287250077097	5.398897	0	7334437.125	8665146.0	1094883.8	1637577.725	2719142.2	0	3012757.0	3280345.375	3663681.775	2829256.7
1182	437.2146410669587	5.400753	0	51890425.0	26838860.0	30405975.0	28598722.0	38171168.0	0	41710128.5	36527805.0	35282612.5	35545744.0
1183	680.302062460261	5.401973	0	10779275.0	9164736.0	9781217.75	10482872.5	10561135.5	0	9915904.5	9796337.5	11258142.25	10634116.5
1184	344.1817715850269	5.40429	0	89787865.0	65177348.0	91378287.5	107048128.5	99556536.0	0	97089692.5	93498396.0	99658640.0	97524088.5
1185	454.266115341015	5.4079814	0	5904885.125	5510478.5	9097110.125	9382023.75	9690676.0	0	8560487.25	8300881.375	8969617.25	8243709.125
1186	253.11836366824144	5.4095054	0	0.0	19728876.0	0.0	0.0	0.0	0	0.0	0.0	0.0	0.0
1187	148.04269293127695	5.411216	0	9861653.5	18419636.0	12568081.0	12607802.25	13046594.75	0	11681397.75	11599396.75	11686296.5	13117040.5
1188	993.4681589650756	5.4125443	0	6487000.75	7666219.5	0.0	0.0	0.0	0	1472078.375	1447860.375	1765990.375	1801071.625
1189	642.3468625854755	5.4132032	0	50382673.5	45852652.0	51543146.0	51422445.0	53147377.0	0	53451055.5	50522700.0	54808862.5	47713023.5
1190	674.3493133318402	5.4736633	0	15476415.5	14473266.0	22850848.5	44890032.0	14738933.5	0	10990775.25	29410111.5	34655987.5	22899355.25
1191	295.128946694174	5.438611	0	1289385.65	7645512.5	0.0	0.0	0.0	0	501713.15	446048.9	0.0	341623.6
1192	200.1394526182385	5.4315624	0	20793994.5	25265150.0	19829425.0	20006730.0	19968828.0	0	21274419.0	19492630.5	20290493.0	19541435.0
1193	348.122372959614	5.4351616	0	5501956.25	0.0	19303136.0	19262993.5	19432519.5	0	16893281.375	15666732.25	15423962.0	15516629.625
1194	187.1077866450288	5.4369	0	29017371.0	66285740.0	5012030.75	5789198.75	7033352.125	0	12962603.875	12552007.0	9334211.375	12003130.375
1195	1008.5731202548052	5.4372516	0	19991279.5	20769420.0	5604846.675	5732973.625	7502222.375	0	9842559.25	10136837.25	10191452.75	8660472.925
1196	245.076896104228	5.4389796	0	35839686.0	11750795.0	36651326.0	35493826.5	36369089.0	0	38946739.0	36809551.0	33732529.0	34865108.5
1197	277.0853869251754	5.4454126	0	39265605.0	35554716.0	42682167.5	41060740.0	43106940.5	0	42945207.5	41782570.0	40169768.5	41217907.0
1198	332.1815679342425	5.4510417	0	10529713.0	11756038.0	10399671.5	9918473.625	10424001.0	0	10330354.5	10236520.5	10155410.375	10549573.75
1199	528.230524836817	5.4525948	0	17678165.0	15058297.0	18493576.0	17808540.5	18055483.5	0	18274799.0	18184683.25	16448018.75	19128264.0
1200	636.270676503708	5.4534645	0	24159479.5	21591638.0	26319954.0	25336436.0	26576077.5	0	26114304.5	25666718.5	24310211.5	26300712.5
1201	408.1766751053549	5.4620986	0	18687178.75	0.0	8015109.75	8524042.125	10016123.875	0	11431940.5	12145464.75	10378773.5	11286275.75
1202	357.2132296333263	5.464322	0	98785850.0	5749147.5	49721705.0	51059821.5	56511800.0	0	66586463.0	68108221.5	53365495.0	68018997.0
1203	217.082016141546	5.4657784	0	26941764.0	12996723.0	24661235.5	23916036.5	22874717.5	0	24241425.0	25168839.0	22425787.5	26557702.0
1204	652.367161477426	5.466334	0	143030020.0	0.0	399206017.5	409668345.0	394790775.0	0	343911110.0	335430707.5	308854520.0	358498820.0
1205	474.2562898135347	5.4850636	0	827367.1	6368950.5	650008.225	698720.3	957024.125	0	1075224.975	1014935.875	365177.0	677781.8999999999
1206	821.3867465909764	5.4720078	0	11072794.25	12579535.0	12037211.75	12843823.25	11779611.5	0	11450809.25	12001643.5	12185351.5	12095636.5
1207	440.2505222187681	5.4787707	0	27781460.0	13140985.0	14614455.0	15093418.0	14820587.0	0	18397354.5	19388844.75	15428306.75	19095414.0
1208	447.2273954106589	5.481252	0	6105583.875	11630877.0	9957101.25	10158831.75	9256181.625	0	8294491.375	8985015.375	8614902.875	9583288.875
1209	261.14459074032345	5.4803786	0	1547490.325	174390370.0	2956074.925	2408955.925	2827418.775	0	2446004.175	2490050.275	2194330.35	2609555.15
1210	479.2978852172026	5.490561	0	1949645.725	10746649.0	7750571.625	7630122.0	7051024.375	0	5567784.85	5820906.325	6212128.675	6780543.875
1211	562.2547128415958	5.5031815	0	21334004.5	20469004.0	24112442.0	25712110.5	24339549.5	0	21449886.5	23619222.0	25093434.5	25335563.5
1212	690.3223890114342	5.506359	0	12074155.75	0.0	31727632.5	28717324.0	30759884.0	0	26601417.5	25189529.0	24625187.25	26862862.5
1213	838.4682957887318	5.5130954	0	2774715.975	0.0	13160594.5	12344352.75	13270758.0	0	10431566.875	9762021.375	10424870.975	10931962.0
1214	578.2511846957532	5.522853	0	742956.0	16159763.0	0.0	0.0	0.0	0	742956.0	0.0	0.0	0.0
1215	175.1077269696151	5.52302	0	2705936.925	82479464.0	0.0	0.0	0.0	0	772546.7	849640.25	399870.475	683879.5
1216	752.9226563154157	5.526994	0	22907119.5	27278056.0	0.0	0.0	0.0	0	4689229.5	5599067.5	6796961.0	5821861.5
1217	147.04403620265796	5.528552	0	6272245.35	12154250.0	15792582.5	8196672.675	17238169.0	0	12969659.75	12854092.875	9834001.35	11841915.55
1218	136.075720623467	5.528153	0	25726468.0	51431004.0	64196818.0	33423489.5	71242146.0	0	52330810.0	53278409.0	40414842.75	48564859.75
1219	616.2417166533124	5.5281515	0	15678598.5	19725594.0	14182965.25	12610706.0	14248855.75	0	14512709.0	13454325.25	15137987.75	13616103.5
1220	123.04420074912012	5.528949	0	6765927.4	13028768.0	16742704.25	9101795.8	19137447.0	0	13728647.25	14225030.5	10666464.25	13127732.45
1221	165.0546626923521	5.529343	0	21451228.95	43098010.0	53846055.5	27451675.5	58456660.5	0	41820560.0	45041264.0	33093150.75	41250645.7
1222	182.08120306865868	5.5297422	0	87155977.25	173133820.0	217797760.0	111701174.0	234831142.5	0	166594277.5	182673356.5	133308412.5	168910007.25
1223	600.267907079221	5.534093	0	17135400.25	21892360.0	14928805.5	14035626.5	14725161.25	0	14600611.5	15214309.75	16687875.25	14322197.0
1224	585.3245716776458	5.5399237	0	39278805.5	35847930.0	45970808.5	45463386.5	44455527.5	0	42433622.5	42677989.5	46398462.5	43658453.5
1225	578.2858308391557	5.540075	0	83461872.5	103774010.0	85675397.5	80033068.5	83121548.5	0	79538657.5	81295552.0	91712580.0	79745097.5
1226	439.1823204371096	5.5464106	0	6031329.3	8499172.0	9559473.875	5935354.0	9179406.75	0	8512488.375	8816536.625	6247491.8	7129047.125
1227	466.2065771092203	5.5511928	0	19405121.5	57194690.0	35830792.0	32824561.0	32015685.0	0	27905611.25	29790768.5	33242590.0	29137189.75
1228	258.10849125249445	5.557109	0	41643738.0	33209728.0	32435721.5	34491305.0	30086228.5	0	34388562.5	34130636.0	34638334.5	35499460.0
1229	459.2448383918859	5.5583076	0	9881843.0	5615912.5	11534812.75	11649492.75	10258519.75	0	10231674.5	10881076.5	11259056.5	10952860.75
1230	603.3141507213578	5.558989	0	92809931.0	5710711.5	36340499.5	36084941.0	42846250.0	0	57051879.5	53816619.0	47670136.0	49542987.0
1231	813.4356219938495	5.559097	0	36818486.5	30156858.0	32318862.5	34262852.5	30845358.0	0	33402663.0	32751455.5	35538209.0	32553232.0
1232	428.2505525597324	5.565065	0	110934634.5	234593010.0	213384782.5	209365385.0	194999110.0	0	169008365.0	186520148.5	188348805.0	184806593.5
1233	330.059721510932	5.5670424	0	39265119.5	4095718.0	39406626.0	39676932.0	39135072.0	0	37920303.5	40502403.5	39137383.0	39923659.5
1234	450.2322369209936	5.571003	0	40277271.0	84190904.0	67234058.0	65297075.5	65347798.0	0	55775272.5	61510293.5	61599120.5	59271516.0
1235	868.4052032360296	5.572179	0	16041275.0	14513366.0	16795036.0	17582705.0	15660101.5	0	15848949.5	16870512.5	16895862.75	16463792.75
1236	303.16621686202825	5.576562	0	8710681.125	8528978.0	9573951.5	8944561.0	9629262.25	0	8627329.375	9288461.5	9123517.5	9819147.5
1237	283.1263563293345	5.57724	0	0.0	11118624.0	0.0	0.0	0.0	0	0.0	0.0	0.0	0.0
1238	244.1291785506681	5.5773687	0	7951846.25	11503210.0	13922810.25	13551086.0	13120535.25	0	11451266.125	12603393.5	12430380.0	12061238.125
1239	247.1288389517844	5.5805354	0	15099887.25	23159554.0	12658561.25	10418126.25	13208200.5	0	12903353.5	12866482.25	13100202.75	12514736.75
1240	261.1445118414972	5.568172	0	3036621.7249999996	310987740.0	1692280.5	1867078.375	1800709.0	0	2069571.975	2471010.9	2040044.95	1816061.775
1241	414.2348451292348	5.593404	0	64048841.0	36480000.0	116302727.5	115459292.5	108663152.5	0	98109052.0	103689400.0	101770659.0	100904902.5
1242	628.3125904950369	5.6028605	0	31559519.0	46496164.0	0.0	0.0	0.0	0	7121875.5	7301633.0	8255383.5	8880627.0
1243	436.2168178110088	5.607322	0	19980883.5	9749901.0	27143278.5	27690187.0	28200530.5	0	25599074.0	26099898.0	25913598.5	25402309.0
1244	366.1650986195181	5.608963	0	11784248.25	8048771.5	7055911.25	7628555.375	8003219.875	0	8769194.375	8813663.5	8647999.75	8241077.125
1245	344.1816150483796	5.609002	0	101404710.0	101134330.0	100092233.5	104583925.0	103254257.5	0	101525028.5	103813818.5	104571920.0	99424359.0
1246	332.18157674014896	5.6161737	0	32226851.5	36119372.0	35857493.5	36961827.0	36976967.5	0	34419717.0	35292068.0	37508677.5	34802677.0
1247	219.13403095332973	5.6237917	0	0.0	60558310.0	0.0	0.0	0.0	0	0.0	0.0	0.0	0.0
1248	482.2015288127248	5.6368423	0	1448811.7	0.0	13950140.0	14323839.5	13832377.25	0	11252365.5	10931991.475	10850128.45	10520683.025
1249	1117.5891742369058	5.63061	0	0.0	0.0	8064417.625	8391252.75	8150409.25	0	6605741.0	5949682.25	6158648.375	5892008.0
1250	575.283057876591	5.6370564	0	44472201.5	33130308.0	60611531.5	60564687.0	60910215.5	0	57165976.0	56246300.5	55924616.5	57221742.5
1251	444.24551686337605	5.6386704	0	19826592.5	15569856.0	306807182.5	311404332.5	320609470.0	0	245978002.0	234543837.0	244855983.5	233269755.0
1252	674.3510965251012	5.6430144	0	222428490.0	322763780.0	295891190.0	282383800.0	301755517.5	0	274624715.0	259488912.5	282318755.0	286026615.0
1253	712.3068121462853	5.645021	0	24672118.5	32087988.0	25323572.0	23639822.0	25296970.0	0	24412675.5	24109010.5	25132918.0	25277878.5
1254	466.22728176137286	5.646378	0	8079617.75	5865403.5	41286207.0	42178011.5	43760012.5	0	35847205.75	31900719.625	34038999.875	33516923.5
1255	337.6790240015065	5.647348	0	19414999.0	25240680.0	27766808.0	24660665.5	25819239.5	0	23987006.0	23838302.0	24908933.5	24927470.5
1256	696.3330605859728	5.661014	0	119866305.0	164232000.0	122367261.5	126396385.0	124673262.5	0	117301872.5	118065112.5	130650720.0	127285509.0
1257	497.27207739939416	5.669908	0	7249204.0	5306109.0	18300941.25	18929964.5	15298906.0	0	14219648.75	14157735.75	15214727.125	16186904.125
1258	898.4707298420184	5.6746216	0	0.0	0.0	7195968.0	5391946.5	7062779.125	0	5775353.0	4993729.5	5157874.75	3723736.375
1259	625.2962008185806	5.6713805	0	9075906.125	0.0	1952100.1	2136761.25	3194025.125	0	5127685.25	4243150.8	3653842.0	3334114.55
1260	320.18154208508133	5.6830206	0	16871719.75	24591664.0	20158852.0	22793408.5	19669089.25	0	20122876.0	19058773.0	19465772.25	20845648.25
1261	329.1819510943322	5.682582	0	9968293.625	4840322.5	5170081.625	5997660.375	6020939.5	0	7722511.625	6886709.125	6049786.5	6497967.875
1262	362.1921208492873	5.6871834	0	4847998.125	4720271.5	6438825.625	6985032.625	6227443.5	0	6126952.375	5926927.375	6150648.125	6294772.0
1263	294.1448051923971	5.688112	0	0.0	25253322.0	0.0	0.0	0.0	0	0.0	0.0	0.0	0.0
1264	755.3937905957553	5.690496	0	99654012.5	87455060.0	126699038.5	132663011.0	127958477.5	0	128785348.5	121334657.5	113124203.5	123730330.0
1265	504.2457294660823	5.691239	0	15657313.0	10761985.0	10533811.5	10786723.75	10896384.5	0	13391119.5	11802960.25	10625113.25	12055039.75
1266	571.3093912612555	5.6912794	0	82171131.0	47945708.0	108811021.5	114300362.5	106268334.0	0	109935620.0	102779689.0	95320183.5	103515356.5
1267	318.1659859113991	5.6921067	0	22546866.5	25714428.0	20070636.0	20784676.5	20255543.5	0	21093157.0	21368079.0	20180683.5	21015803.0
1268	746.3550884078071	5.6921263	0	93167835.0	93398400.0	78076158.5	82673140.0	82003702.5	0	91054515.0	84306175.0	77740580.0	82819566.0
1269	575.2828086817364	5.6590867	0	46854451.5	33772316.0	34131898.5	34543853.5	69135633.5	0	47326451.0	62802618.5	28455131.0	46081636.5
1270	501.2668254385784	5.695393	0	3126758.675	1641254.9	8330161.5	6188348.125	8790750.5	0	7302832.125	6699402.05	4789183.325	7644601.3
1271	593.2910042573261	5.6953545	0	24781982.0	13505293.0	27372108.0	28394332.5	27790090.5	0	28984966.0	26620024.5	25007593.5	27725929.0
1272	635.2857460639486	5.697437	0	8526955.625	6047489.0	7997580.75	8789043.625	8541497.375	0	8829131.375	7634743.125	8425852.375	8965350.5
1273	183.11285749615675	5.697347	0	0.0	7603051.0	0.0	0.0	0.0	0	0.0	0.0	0.0	0.0
1274	247.128865954174	5.674357	0	3909206.3	50384056.0	1670139.2	1822514.05	4462743.3	0	4445978.125	2818533.05	3168758.65	1431333.025
1275	778.3784048826335	5.699853	0	8725263.625	7200946.5	10524494.0	10804781.5	11076755.25	0	10809351.75	9058983.5	9989329.0	11273630.125
1276	229.11831558318988	5.658163	0	5305866.625	62634700.0	3994951.175	3208000.95	3921251.55	0	5774086.825	4196183.8	3178060.075	3281739.6
1277	777.3755386174802	5.699039	0	22177459.0	17208274.0	24668448.5	24808223.5	26453955.5	0	26583138.0	22791081.0	23233796.5	25500071.0
1278	491.2173349137845	5.7065244	0	5566396.875	3964363.5	5747826.875	5409174.5	5431938.25	0	5298848.125	4601761.0	5222862.0	7031865.375
1279	597.2648844839579	5.701465	0	5372390.0	3625283.8	6924561.125	6663391.5	7264057.875	0	7011031.625	6053409.875	6276691.625	6883267.375
1280	340.14792852515774	5.7069416	0	4445794.125	5309661.5	2299695.8499999996	2985471.675	4333982.925	0	2631325.425	3418476.025	3869100.875	4146042.25
1281	486.2559857618709	5.704593	0	1530606.4	0.0	6681055.125	6336250.375	5703512.25	0	4859431.325	4710036.5	4549917.825	6132038.5
1282	260.1605351422975	5.70652	0	0.0	7547076.0	0.0	0.0	0.0	0	0.0	0.0	0.0	0.0
1283	269.1108429789786	5.712489	0	535681.625	21935400.0	0.0	0.0	0.0	0	535681.625	0.0	0.0	0.0
1284	768.3360105209383	5.7096033	0	4787819.675	4671687.0	3859837.2	3755091.7	4892777.75	0	4456870.575	4546774.3	3968585.125	4323296.325
1285	804.8453202721229	5.7519975	0	13365779.5	12309924.0	14412405.75	13334615.25	13167905.5	0	13454738.5	12918999.75	13665266.0	14241701.75
1286	1008.8075718352516	5.7501884	0	9469536.25	8560696.0	9787805.5	8830334.75	9407168.0	0	9212670.0	9037339.0	9640332.75	9604502.75
1287	872.8327988803052	5.753693	0	13113412.25	11916117.0	13447624.5	12480300.75	12777996.25	0	13051751.0	12567100.5	13433204.25	12767278.0
1288	940.8201211916014	5.7532554	0	11106980.0	10591931.0	11557431.0	10713447.0	11181974.25	0	11030491.75	10587308.25	11384861.0	11557171.25
1289	1382.7390134702298	5.7532835	0	7737923.25	8348308.0	8338904.25	7796810.625	8470080.5	0	8139500.375	7693057.875	8194345.625	8316814.75
1290	1076.795023803217	5.7523274	0	7802200.25	7532510.5	8096872.0	7382354.25	7678280.375	0	7458161.875	7309516.25	7996065.125	8195963.625
1291	1178.7762593958737	5.7545624	0	18157378.0	18404660.0	19550007.5	18199852.5	19213735.0	0	18754909.0	18284546.0	18885241.5	19196276.5
1292	1314.751414100725	5.752809	0	10440655.0	10821620.0	11169059.0	9718699.5	10982530.0	0	10725616.5	10150028.5	10967316.5	10467982.0
1293	634.8766372803109	5.752931	0	84747896.5	80227850.0	89027265.0	81529287.5	85261868.5	0	85668472.5	82612476.0	87698230.0	84587139.0
1294	736.8579007252666	5.755527	0	10712833.75	9807144.0	11552700.0	10787046.75	10626467.75	0	10957089.25	11017557.0	10727113.5	10977288.5
1295	974.8138291641566	5.7534385	0	36745081.5	37095420.0	38679648.5	35407550.5	37715706.5	0	37492534.0	36308777.5	38442170.0	36304505.5
1296	770.8516162921535	5.7542186	0	65044425.0	63899508.0	69054451.5	63592597.0	66348466.5	0	66134996.0	64409707.0	67667608.5	65827628.5
1297	702.8641574682059	5.7542906	0	74672776.5	72240000.0	78360724.5	72524317.5	75810531.0	0	75121400.0	73610346.5	77461897.0	75174706.0
1298	906.8264306293512	5.7533875	0	45041725.0	44499868.0	48066908.0	43356184.0	46615954.5	0	45731604.5	44922373.0	46819080.0	45607714.0
1299	566.8891624888623	5.7546253	0	98525873.5	94031150.0	104032120.0	95802660.0	99887352.5	0	99171130.0	96878641.0	102741082.5	99457152.5
1300	1246.7637949789416	5.7559023	0	13410226.25	13871575.0	14422421.25	13481158.25	14272125.75	0	13914526.75	13423749.0	14199015.0	14048640.75
1301	1042.8012477362736	5.755607	0	29597936.5	29845058.0	31964062.0	28947655.5	31513075.5	0	30708243.5	29835919.5	31348277.0	30130289.5
1302	838.8390375723154	5.7551217	0	57624099.5	57289664.0	60564157.0	55506984.0	59893978.0	0	58522056.0	56802958.0	60185355.5	58078849.0
1303	1110.7886750048813	5.7550807	0	23660285.5	23926890.0	25067600.5	22825387.0	24700623.5	0	24035224.0	23593354.0	24353879.5	24271439.0
1304	294.9389782134021	5.756007	0	26827708.5	24475692.0	27290476.0	26470689.5	26778575.0	0	26815970.0	26431009.5	27466215.0	26654254.5
1305	771.85472000975	5.7568445	0	8190206.875	7764872.5	8803807.0	8293667.75	8093520.25	0	8163415.625	8069133.625	8635973.875	8512678.75
1306	498.90157880321055	5.756777	0	120938395.0	113611500.0	126540765.0	117218923.5	120974063.5	0	121438586.0	118636656.0	124639490.0	120957415.0
1307	227.9544849644065	5.758548	0	12999578.75	12087447.0	13136209.25	12779220.0	12924405.75	0	12926450.75	12848980.0	13257969.75	12806013.25
1308	362.9263888648617	5.7593656	0	117700465.0	109800310.0	121098851.5	114327546.0	116029905.0	0	117373763.5	114846199.0	119901607.5	117035197.5
1309	158.9641250666744	5.760634	0	74426317.5	71823500.0	75039567.5	73819952.5	72594666.5	0	74411082.5	72541290.0	75555644.0	73372487.5
1310	839.8421010019545	5.760654	0	8434404.625	7928572.0	8863423.75	8150656.0	8405148.25	0	8613986.75	8157574.5	8630176.75	8451894.625
1311	219.07179139257985	5.773711	0	0.0	7898858.5	0.0	0.0	0.0	0	0.0	0.0	0.0	0.0
1312	488.2095496250788	5.82418	0	5149101.375	6100240.5	6996717.375	6946205.0	6843099.5	0	6155611.125	6093912.5	7295839.875	6389759.75
1313	268.12674489076375	5.8224154	0	0.0	8146011.5	0.0	0.0	0.0	0	0.0	0.0	0.0	0.0
1314	218.9197292162484	5.8260636	0	17684874.0	12111991.0	15703073.75	15988605.25	17099020.75	0	17238614.25	15737618.0	16413446.25	17085895.25
1315	508.23804105738	5.8257995	0	1116802.225	2026345.9	9576900.75	9102229.0	8179572.625	0	6624733.125	6602178.0	7726620.25	7021973.225
1316	216.92277638848628	5.8264656	0	56066520.0	38647996.0	44499162.5	50882595.5	54152640.5	0	49511557.0	49383331.0	52463291.0	54242739.5
1317	486.25619762914135	5.8304753	0	1500956.125	2390136.0	9754141.75	9839948.125	8619260.5	0	6961110.25	7406899.875	7894835.225	7451461.15
1318	208.8909911584755	5.8349113	0	8004521.375	6966479.5	7355031.75	8080478.75	7635685.625	0	7611540.375	7447426.625	7842473.875	8174276.625
1319	206.8939759221756	5.834495	0	12570889.5	11387344.0	11401694.75	12487771.0	12007142.75	0	12069563.0	11523367.25	12323479.0	12551088.75
1320	430.696879495699	5.8502913	0	18986649.5	17419874.0	18316065.5	19200315.5	17554906.25	0	17674653.0	18032236.5	18227035.75	20124011.5
1321	432.69376729292816	5.8498945	0	18165337.5	16468178.0	17228058.25	18036332.5	16494040.75	0	16795789.25	17181926.25	17032415.5	18913638.0
1322	488.6554507263023	5.8473573	0	9957613.75	8525777.0	9430532.75	10316675.0	9104987.25	0	9207209.0	9473008.5	9622507.0	10507084.25
1323	490.652407542132	5.8473573	0	11043419.75	9690034.0	10379225.25	11366663.25	9929365.75	0	10269531.0	10418152.75	10419845.0	11611145.25
1324	428.6999281997094	5.8486443	0	8673749.5	7879513.0	8171266.375	8868266.125	7918966.0	0	8059269.5	8180317.75	8368187.5	9024473.25
1325	434.6907173851845	5.851103	0	9421809.5	8652916.0	9111848.5	9565217.75	8811631.75	0	8910700.5	9143513.25	9252162.5	9604131.25
1326	256.8207076967338	5.849464	0	13180649.5	13510162.0	13263259.25	14034860.25	12864140.25	0	13053490.25	13467938.75	13154189.75	13667290.5
1327	258.8177754776901	5.8506775	0	6378231.625	6291157.0	6342902.25	6645300.625	6158703.25	0	6252916.5	6485935.375	6288334.25	6497951.625
1328	254.8237354465916	5.850657	0	10313844.5	10462730.0	10310514.25	11019566.75	10116686.25	0	10207924.0	10648843.75	10216307.5	10687536.5
1329	374.7350175675009	5.8524065	0	6480828.125	6523164.0	6604041.75	6658382.625	6283271.375	0	6479526.0	6338102.5	6559859.25	6649036.125
1330	372.7380397313968	5.8523893	0	8025010.625	8355959.5	8220914.125	8453544.25	7948401.375	0	8298339.125	8014878.0	8054821.875	8279831.375
1331	196.86516645762745	5.8510814	0	12237335.25	12354772.0	12102890.75	12492963.0	12264612.5	0	12276573.25	12121841.75	12386816.25	12312570.25
1332	312.7823459553988	5.852341	0	10670768.0	10849005.0	10597083.5	11019512.75	10355694.75	0	10582913.5	10470966.25	10705279.25	10883900.0
1333	314.7792833337304	5.85194	0	17361860.5	17011660.0	17020091.0	17703497.0	16826292.75	0	16953689.25	17050542.0	17383981.25	17523528.75
1334	260.16047324089266	5.852467	0	0.0	14151706.0	0.0	0.0	0.0	0	0.0	0.0	0.0	0.0
1335	316.77630445929304	5.8523407	0	11126230.0	11053840.0	10975618.75	11439004.25	10850582.0	0	10902186.25	10989352.75	11289756.5	11210139.5
1336	198.86217450418604	5.8519254	0	11794482.5	11971214.0	11876038.0	12183962.75	11970013.75	0	11962028.25	11775849.0	12305876.5	11780743.25
1337	772.5319980885591	5.853602	0	6584718.125	6177356.0	6616076.5	6592641.125	5886411.25	0	6077313.0	6300447.5	6555613.75	6746472.75
1338	767.5767140194342	5.8551807	0	6918824.75	6702386.0	6900215.875	6933107.75	6073283.75	0	6458654.25	6551752.125	6934631.125	6880394.625
1339	760.6246785010185	5.859172	0	5889697.125	5348472.5	5642924.125	5877005.0	5136259.25	0	5399322.5	5831480.25	5739464.25	5575618.5
1340	762.6216277373888	5.859209	0	6773225.75	6231377.5	6522124.125	7051432.125	6063730.375	0	6342784.625	6589586.625	6872393.0	6605748.125
1341	755.6692245557695	5.8646727	0	5201541.75	4800560.0	5207553.25	5131267.875	4732530.875	0	5059333.25	4952996.0	5374025.0	4886539.5
1342	757.6662398060693	5.8651414	0	6104052.75	5795061.5	5915984.875	5864799.625	5424185.875	0	5783847.25	5623953.5	6225286.5	5675935.875
1343	752.7108966137783	5.8772273	0	4709857.75	4300295.5	4730883.625	4591977.25	4546786.5	0	4949013.25	4381434.375	4809656.0	4439401.5
1344	747.7556534158621	5.8921547	0	3210615.925	2901755.2	3302256.6500000004	3230243.125	3285172.975	0	3646859.55	2964895.85	3155305.425	3261227.85
1345	546.1683114098496	5.9012976	0	2152181.175	3079037.0	3267890.35	3147303.25	3293446.525	0	3119261.85	2825711.475	3010544.0	2905303.975
1346	488.2094611805396	5.9060206	0	4778214.0	7077310.5	7325512.875	5514259.375	7279681.25	0	6744169.625	4831980.875	6842099.75	6479417.25
1347	214.12991648422263	5.9197283	0	6671178.375	7820849.0	6866119.625	6937039.25	6995633.625	0	6780039.875	7231527.125	6754139.375	6704264.5
1348	626.2389048314454	5.935107	0	3849323.225	3502535.5	4506202.875	4152262.875	4367287.325	0	4061136.95	4221781.875	4282217.425	4309940.05
1349	376.1714551955528	5.9335294	0	1732016.725	2536383.5	1932295.95	2001870.425	2031091.0	0	1853649.85	2113330.25	1904546.0999999999	1825747.9
1350	466.2275338373033	5.938683	0	14215616.25	20620976.0	22176339.5	20301935.5	20872038.5	0	18671878.75	19520968.75	20380763.5	18992318.75
1351	604.2569609702952	5.939658	0	6778823.75	6357736.5	7565636.0	6977582.375	7240435.875	0	6911867.75	7031207.875	7404778.0	7214624.375
1352	444.2454338666672	5.9472585	0	18740966.0	24929464.0	27620373.0	26069974.5	25493239.0	0	23296159.5	25311587.5	26067412.5	23249393.0
1353	582.2751476285295	5.9477415	0	16215805.75	16436554.0	17414617.25	15773971.5	16043212.75	0	15826272.25	16738800.25	17071567.5	15810967.25
1354	583.2780831952348	5.9456973	0	4532085.0	4890555.5	4867240.925	4627743.45	4690079.55	0	4571920.8	4752628.875	4957044.625	4435554.625
1355	141.065829421218	5.949493	0	3689545.05	3392580.0	3761484.325	3651418.225	3650743.75	0	3565142.475	3679290.375	3830003.0	3678755.5
1356	159.07644704105874	5.9513073	0	3158336.2249999996	3098050.5	3237977.925	3344406.925	3097197.8499999996	0	3065541.4749999996	3255770.5	3351540.95	3165066.0
1357	445.24859468067376	5.9470825	0	4219949.05	5878922.5	6002646.625	6031105.125	5831136.875	0	5295232.3	5719161.125	5923386.5	5147057.75
1358	560.2931746189379	5.95281	0	28876716.0	29213604.0	30282978.5	28779206.5	28074411.0	0	27741139.5	30652654.5	30256992.5	27362525.5
1359	318.16590344028424	5.9555244	0	3786502.825	4599824.5	4934465.125	4821953.875	4646235.075	0	4259275.875	4785205.825	4722598.575	4422076.625
1360	183.07402156143704	5.9613914	0	1780940.775	0.0	0.0	0.0	0.0	0	0.0	493287.775	734524.3	553128.7
1361	144.0655185267226	5.9697266	0	3056073.475	0.0	0.0	0.0	0.0	0	363997.375	818814.5	984150.05	889111.55
1362	244.12922816157	5.9659576	0	3307786.05	2558884.2	3366337.8499999996	3458004.575	3450004.7	0	3246270.2249999996	3623749.15	3392610.425	3319503.375
1363	277.1394433421742	5.9679666	0	0.0	0.0	2826839.725	1175065.05	4029303.2	0	2132388.175	2168927.575	1931540.05	1798352.1749999998
1364	161.09211648236163	5.967586	0	12950468.25	0.0	967911.0249999999	3606306.475	1728423.875	0	3110157.45	5443812.4	5600132.325	5099007.45
1365	132.07682930529614	5.9687414	0	2614979.05	2179430.5	2890037.45	2856459.125	2796301.7249999996	0	2724037.575	2860616.7	2773084.3	2800038.775
1366	312.15295575055035	5.972656	0	1085732.5	3058004.2	1798229.95	1684447.675	1940038.3	0	1614984.35	1421095.3	1825547.0	1646821.775
1367	258.15611503447667	5.9724917	0	14118775.0	14435706.0	14069558.25	13992027.0	14306947.75	0	13417002.0	14749229.25	14142813.0	14178263.75
1368	290.17098651116214	5.9742856	0	2424106.925	4625585.0	3264872.925	2855593.25	3389721.125	0	2860311.4749999996	3083340.4	3070726.1500000004	2919916.2
1369	229.1184846638237	5.976095	0	0.0	6064316.0	0.0	0.0	0.0	0	0.0	0.0	0.0	0.0
1370	246.1450320597097	5.976095	0	0.0	108485980.0	0.0	0.0	0.0	0	0.0	0.0	0.0	0.0
1371	268.1268052244868	5.976095	0	0.0	40332096.0	0.0	0.0	0.0	0	0.0	0.0	0.0	0.0
1372	290.1086983724245	5.976095	0	0.0	10512403.0	0.0	0.0	0.0	0	0.0	0.0	0.0	0.0
1373	348.06734944885375	5.976095	0	0.0	3201622.5	0.0	0.0	0.0	0	0.0	0.0	0.0	0.0
1374	247.12893789791744	5.986691	0	4050217.425	37610530.0	1971702.75	1717721.4	2089174.7999999998	0	2654763.0	2598924.925	2134751.45	2440377.0
1375	269.11094668576953	5.9844966	0	0.0	8665232.0	0.0	0.0	0.0	0	0.0	0.0	0.0	0.0
1376	217.1296068606872	5.988177	0	0.0	51140750.0	5755316.875	0.0	5209425.8	0	4302251.125	2934160.0	2908120.5	820211.05
1377	173.09212167741026	5.99303	0	5247485.675	29604378.0	3507307.4	2497210.45	4969423.8	0	6400682.075	3514315.025	3197292.85	3109137.375
1378	530.2939798909407	5.997481	0	4316754.875	4092514.5	3774761.2249999996	3592036.075	3394915.125	0	3735188.575	3758084.4749999996	3691146.375	3894047.875
1379	486.25603208922666	6.0054	0	1882416.65	2057039.6	3993132.625	3866621.75	3450893.275	0	3343838.7	3273340.525	3130492.425	3445392.65
1380	698.3242372885568	6.0049124	0	4163810.925	4031973.5	0.0	0.0	0.0	0	943356.375	1117318.375	930987.05	1172149.125
1381	317.181925705886	6.009659	0	4890617.875	6208463.5	5852787.0	5603388.875	5458280.0	0	5395256.5	5315002.125	5575678.375	5519136.75
1382	339.1640070948208	6.010242	0	3682176.725	5080218.0	4348228.825	4164581.175	4046349.525	0	3985271.2	3874262.3	4234761.875	4147040.875
1383	247.1399916957909	6.015009	0	495549.2	8899323.0	4282522.5	0.0	5428755.0	0	3215764.2	2792993.75	3009338.5	1188730.25
1384	350.99641265952084	6.0191636	0	5101165.125	2921201.8	4442975.95	3772435.575	4549314.875	0	4479971.05	4397764.825	4401757.775	4586397.875
1385	472.240395017152	6.0200787	0	26010572.75	0.0	18176852.25	16543509.5	18406659.5	0	21961938.75	20383481.75	17571112.75	19221060.75
1386	307.0325466485628	6.0200467	0	7667797.875	2951546.0	5721324.125	4678208.125	6193694.375	0	6203801.375	6207222.875	5615985.5	6234014.75
1387	329.0144820488994	6.0204773	0	4734563.375	2165306.8	3573588.675	2980108.725	3727601.95	0	3831019.75	3799096.425	3533208.925	3852537.625
1388	324.0591234023112	6.020842	0	7105740.75	2853410.0	5216586.0	4052860.325	5489809.25	0	5526033.25	5566225.125	5152300.625	5620437.325
1389	494.2222098967128	6.023636	0	3765818.8	0.0	2663078.55	2470155.75	2498789.625	0	3039312.8	2886795.625	2673260.425	2798473.875
1390	615.2811904612546	6.036373	0	10332818.0	14011653.0	10960481.5	10321232.25	10058363.25	0	10024871.75	10761371.75	10632356.0	10254295.5
1391	524.2330395883188	6.0404353	0	3010335.55	0.0	5029099.125	4452547.55	4332611.95	0	3415539.55	3956983.75	4946729.0	4505341.875
1392	502.2511539073829	6.041727	0	4550697.325	0.0	8061951.75	7367407.5	7269112.75	0	5677111.575	6706568.125	7654303.25	7211186.375
1393	225.09838807992725	6.043989	0	129510420.0	74486770.0	123180650.0	116599347.5	121333896.5	0	113514404.0	121540982.5	134987420.0	120581507.5
1394	230.1136250194988	6.0460515	0	207733612.5	135610670.0	198671870.0	186518115.0	206098540.0	0	176856765.0	198882170.0	221132290.0	202150912.5
1395	686.3988078927691	6.0461097	0	0.0	19701496.0	0.0	0.0	0.0	0	0.0	0.0	0.0	0.0
1396	412.1691827178187	6.05767	0	7317339.625	1837026.5	9922049.0	9810597.375	10190484.25	0	8649251.25	9039728.375	9660770.0	9890720.625
1397	390.18719645658615	6.058055	0	29121253.5	5366696.5	35911457.5	34645704.5	38390283.5	0	32835319.5	34911819.5	34125890.5	36195669.5
1398	348.1765401771999	6.0596485	0	10772246.75	6773470.5	14498561.25	14213015.0	15729056.5	0	13359946.5	14116477.0	13482907.5	14253548.5
1399	233.1130640648351	6.0616283	0	15376972.25	8075944.5	13170590.0	11959327.25	15107082.5	0	13490028.0	14915933.0	12956239.25	14251771.75
1400	148.04269132488815	6.0632067	0	7289526.0	7043647.5	13663769.75	10913915.75	12523176.25	0	10647055.125	10642405.375	10057245.375	13043681.875
1401	189.12346029728343	6.0632067	0	15024106.0	2436840.8	12782053.0	12303279.5	14828964.0	0	12973629.0	14370593.75	13482050.25	14112129.5
1402	364.16166457566106	6.0639954	0	54945341.0	7829840.5	149907772.5	145734580.0	166104017.5	0	125990266.5	131888112.0	126707115.0	132106217.5
1403	329.1819778812212	6.0655837	0	8475562.375	0.0	1919606.05	2136167.9	3475819.975	0	4288019.125	4610262.125	3374179.1	3734695.95
1404	266.12475514023185	6.065591	0	59499245.0	18199602.0	39624017.0	39807680.0	43418679.0	0	44494887.0	46807544.5	45746989.5	45300200.0
1405	186.12379930169024	6.06831	0	12414603.5	9211394.0	8715087.0	8880788.75	9654295.5	0	10036124.0	9953923.5	9577847.75	10096879.5
1406	289.15069258906897	6.081337	0	5941108.25	0.0	3336592.7	6317666.625	2163705.75	0	4352528.925	4169183.3	4463213.3	4774147.8
1407	343.19762849874155	6.079337	0	17540209.0	2844817.8	23347954.5	20924851.5	23484244.0	0	21045468.0	21110865.0	20708631.75	22432294.25
1408	129.06601797426418	6.079764	0	31969125.0	61701916.0	112313325.0	114270897.5	128918551.5	0	108423389.0	89648166.0	89350953.5	100049390.5
1409	147.0223075317707	6.0848813	0	11519267.625	0.0	45083772.0	39578328.5	41355208.5	0	23008499.5	24810812.75	34928240.0	54789024.375
1410	459.18545217037615	6.0865273	0	6407619.875	5894191.0	23467535.5	23365459.0	20801290.5	0	17248768.75	17410653.25	18609782.25	20772700.625
1411	325.14829281954144	6.0888567	0	18211513.25	25783672.0	18740824.0	17594728.25	19256749.0	0	18460759.75	18501603.5	18158068.25	18683383.0
1412	303.1663514839414	6.0901113	0	41316179.0	44457508.0	41067119.0	39194595.5	42951627.5	0	40942947.5	41589417.0	40288663.5	41708493.0
1413	437.2033388335012	6.1004033	0	14028235.75	12776678.0	51203935.5	46887448.5	46566943.0	0	38722466.25	38214147.25	40230604.0	41519345.25
1414	245.11328190321456	6.1028914	0	24408308.5	92043490.0	86438276.5	9431664.45	88074468.5	0	68363703.25	55353115.0	46608808.2	38027091.5
1415	291.66594015950125	6.1031036	0	4387895.625	4711344.5	5943456.0	5312515.375	5452827.0	0	5172163.75	5356019.625	5214709.625	5353801.0
1416	274.17617892786257	6.1035824	0	1227371.75	0.0	5746054.0	6695789.125	4466831.0	0	3997862.875	4516485.9	4318033.6	5303663.5
1417	630.3250355130813	6.105817	0	33185530.5	31449030.0	30642352.5	28855646.5	29786662.5	0	31182378.5	29838994.0	29855971.5	31592848.0
1418	306.1658868218338	6.106568	0	7867205.125	13422639.0	5100804.875	4342867.7	4890350.875	0	5806082.75	5224334.75	5853523.95	5317287.125
1419	328.1479400249895	6.121943	0	2851915.65	6674277.0	2671341.375	1967252.5750000002	2111515.25	0	2212436.15	2153584.8	2744499.7	2491504.2
1420	582.3252254916031	6.1092315	0	166132495.0	198577280.0	210934342.5	185654060.0	193087395.0	0	194722835.0	186576292.5	178846482.5	195662682.5
1421	652.307174810032	6.1124687	0	3801443.75	5373363.0	4453900.125	4278240.5	3929315.45	0	4164171.55	3999902.45	3919754.2	4379071.625
1422	626.2891285540128	6.1128454	0	2446934.275	5578160.0	4725302.2	4154848.075	3849719.0	0	3919756.95	3646087.7249999996	3490859.45	4120099.425
1423	604.306923176163	6.117299	0	21875991.0	43683236.0	38701299.0	33824473.5	31803493.5	0	30892262.5	29772350.0	30522419.5	35018225.0
1424	562.2732021499431	6.1210237	0	7521835.375	8673494.0	0.0	0.0	0.0	0	2220072.25	1870302.875	1914588.25	1516872.0
1425	334.1431116519334	6.1232905	0	5229736.925	8551687.0	10053107.375	8934055.5	8181991.0	0	8255974.125	7226417.3	8592841.625	8323657.75
1426	718.3626141619711	6.1264925	0	8778309.375	8648501.0	10383734.5	9458059.75	9180209.0	0	9337935.75	9011894.0	9811688.25	9638794.625
1427	283.12893898481866	6.1326966	0	0.0	5549789.5	0.0	0.0	0.0	0	0.0	0.0	0.0	0.0
1428	561.2896186759917	6.1321907	0	328423.025	8559768.0	0.0	0.0	0.0	0	328423.025	0.0	0.0	0.0
1429	286.15098999848453	6.132846	0	18429685.5	12222538.0	16059615.75	15667302.5	14428656.75	0	15845055.25	15630710.5	16791199.0	16318295.75
1430	175.10777167684984	6.137053	0	16516647.0	2227625.0	9022685.875	7329251.375	10317372.0	0	10311549.0	10509881.375	9971803.25	12392722.625
1431	366.2135479564909	6.137416	0	7190892.625	5088181.0	8581217.25	8590599.75	8099427.875	0	8235729.375	8213097.875	7661490.25	8351820.0
1432	740.3437031720553	6.1375833	0	4438086.0	5414263.0	8892050.5	9128182.5	7473977.5	0	7289685.875	7011254.0	7663993.375	7967363.25
1433	662.3259941832836	6.137709	0	12951583.5	9197002.0	4010524.625	4246273.325	4167429.675	0	5999409.5	6688701.675	6397575.2	6290124.75
1434	356.12513313601426	6.1424456	0	1600102.5750000002	5701469.0	9177682.375	8617471.375	7395145.625	0	6795978.8	6461990.525	6608803.375	6923629.25
1435	161.09212545386274	6.142748	0	11645872.25	20599782.0	9099345.75	9641802.5	9442596.875	0	9073533.5	10115051.25	9930651.625	10710381.0
1436	647.3252367188253	6.147999	0	6379930.875	6065417.0	6267571.0	7119686.875	6408377.625	0	6407222.5	6629043.125	6737435.75	6401865.0
1437	341.1820833786277	6.1480527	0	68138225.0	0.0	19997498.0	20595545.0	30199604.0	0	43850391.5	34259988.0	29857245.5	30963247.0
1438	486.2562835826545	6.122893	0	1370961.7	1445209.1	2467423.075	3113108.575	2422536.075	0	1988419.45	2672135.5	1863067.625	2850406.85
1439	543.2778074640229	6.15282	0	6096785.625	4864867.0	9194551.75	10241216.5	9650464.75	0	8684750.25	9083391.5	8796546.5	8618330.375
1440	164.02942652606006	6.1550426	0	1733782.875	4306729.0	6813536.375	6848830.625	6263404.625	0	5884050.5	5552022.5	4794964.25	5428517.25
1441	465.2823347415324	6.1564894	0	7955926.5	9993339.0	17089002.5	18311339.75	17289833.5	0	14418448.125	15324134.25	15656342.5	15247177.375
1442	545.2936738120499	6.158194	0	82001413.0	102321080.0	3160450.2	2789266.4	3826045.8	0	25996898.375	22505455.75	21678288.25	21596533.025
1443	567.275643499085	6.160153	0	50643425.5	84746850.0	2971014.6	2582481.0250000004	3631371.675	0	20533134.6	13783639.975	13980213.05	11531305.175
1444	120.06570384777407	6.160572	0	9988130.3	34392776.0	41247631.5	38895816.0	42676976.5	0	34012257.5	32607736.25	32090529.0	34098031.55
1445	230.1499574449913	6.162124	0	22149537.5	28295682.0	34172683.5	33479482.5	35567057.5	0	32084283.5	32106296.5	31710649.5	29467531.5
1446	1118.472904517245	6.1705194	0	6841544.125	7357429.5	0.0	0.0	0.0	0	1971488.125	1549919.125	1825930.5	1494206.375
1447	347.19244082994896	6.165161	0	3718375.625	7321718.5	5389763.625	5288179.25	5707447.625	0	4884394.0	5072026.5	5158031.8	4989313.825
1448	252.10916916112183	6.166244	0	13784994.0	16819786.0	18845808.5	18532463.5	19802980.0	0	17921037.5	17500830.0	18228520.75	17315857.75
1449	565.2605493905784	6.1671815	0	4320295.45	4076428.2	7186349.0	7893297.125	7565364.25	0	6621063.125	7039543.5	6665516.125	6639183.075
1450	1096.4912375422127	6.169206	0	12057177.75	11486908.0	0.0	0.0	0.0	0	3308748.75	2809686.25	3133581.25	2805161.5
1451	576.3511514452254	6.16742	0	3327689.875	4976802.5	5764764.5	6298284.875	5680828.375	0	5365534.125	5303770.95	5279842.8	5122419.75
1452	265.12176984739415	6.1707125	0	0.0	17782292.0	0.0	0.0	0.0	0	0.0	0.0	0.0	0.0
1453	619.3278346056428	6.1972923	0	15903287.5	3655719.2	28505433.0	27830788.5	31461412.0	0	27214952.0	25267698.5	26332970.25	24885300.25
1454	306.1659845182062	6.199945	0	3942642.075	4255601.0	5097594.75	4609129.625	4599644.825	0	4852252.75	4495216.95	4723536.5	4178005.075
1455	537.2287035403259	6.2094035	0	9297328.0	11244597.0	14829915.25	14110160.75	13642929.5	0	14030396.5	13030985.25	13364193.25	11454758.5
1456	239.10264032812896	6.209879	0	0.0	6316971.5	0.0	0.0	0.0	0	0.0	0.0	0.0	0.0
1457	515.2466830506213	6.2150826	0	17642450.5	16104392.0	20708351.0	21027934.0	20649595.5	0	20164321.25	19667210.5	21748023.0	18448776.25
1458	390.1870949961653	6.226888	0	3914918.25	3709783.5	4143144.675	4203759.725	4372978.675	0	4078400.55	4007575.875	4398712.55	4150112.35
1459	231.09761721026985	6.2297754	0	6986579.625	6438640.0	7012853.25	6764671.0	6915008.25	0	6642765.5	6432614.25	7565737.75	7037994.625
1460	681.3186651310765	6.231064	0	4022208.65	4604093.5	2523128.175	2347810.75	2788378.175	0	3098049.25	3017523.7750000004	2940077.95	2625874.775
1461	383.2037372751458	6.2331285	0	9442956.75	9268179.0	10789053.0	9850479.25	10550455.75	0	10224847.25	9880389.25	10651681.5	9876026.75
1462	147.02227963119952	6.1523576	0	2899707.25	0.0	9682250.25	8817566.375	10277392.375	0	9221096.8	8885748.7	7124483.0	6445587.75
1463	659.3366776128959	6.2348104	0	20859153.0	20426528.0	11543576.25	10517527.25	12697402.5	0	14401117.0	14158280.0	14314896.75	12743365.25
1464	405.1981770508309	6.2377195	0	3568875.325	4689679.5	3372733.075	3125969.75	3515008.325	0	3452643.525	3455524.175	3527494.325	3146924.45
1465	310.1672685370541	6.2433214	0	9619156.375	1863445.8	14301699.5	14552987.75	15359665.5	0	13874112.0	14176337.0	13185128.125	12597932.0
1466	398.1535834531802	6.2544317	0	9216932.5	6909844.5	11555352.75	12366211.5	11756004.0	0	10905995.75	12469606.25	10577278.5	10941620.25
1467	452.21179933457296	6.2544975	0	5906864.625	4839151.5	8271861.875	8709417.375	8795096.875	0	8067284.75	8909953.375	7225425.0	7480577.625
1468	376.1715931325258	6.2549148	0	57161560.0	42456040.0	65260536.0	70221680.0	68055194.5	0	62096233.0	71016479.5	65087507.5	62498750.5
1469	430.229875232816	6.2562475	0	23403846.5	17824642.0	29503014.5	31824737.0	31944528.5	0	29343465.5	32189688.5	28040658.5	27102314.0
1470	227.1027010074785	6.2573037	0	7442069.25	3857113.2	4359452.0	4493578.125	4859840.5	0	5396189.25	5673941.5	5144854.75	4939954.375
1471	458.224817849038	6.2665067	0	4588309.0	4016776.8	5234983.625	5648383.5	5666938.75	0	5099170.0	5718502.5	5159736.5	5161205.875
1472	274.1397830890095	6.2697945	0	4210032.5	2933325.8	3883377.0	4103011.775	4252294.25	0	4054072.575	4412434.325	3968358.825	4013849.8
1473	653.3629520844139	6.270876	0	5450988.375	7846633.0	8597870.75	8531535.875	8857232.25	0	7653058.125	8587882.75	7372033.125	7824653.25
1474	355.1976782055586	6.276842	0	20352085.0	12749812.0	14017502.25	14331359.0	15973867.75	0	16839964.0	17359800.25	14837175.5	15637874.25
1475	258.14495078822284	6.2810025	0	25574403.0	25423644.0	23653281.0	23776281.5	25994291.0	0	24534692.0	26378793.5	23778707.5	24306063.5
1476	761.3833013110981	6.282459	0	2342219.1	3500708.8	3275763.025	3550922.425	3446200.425	0	2986994.6	3265058.975	3310606.575	3052444.825
1477	144.06552577936287	6.288312	0	6027844.25	0.0	0.0	0.0	0.0	0	1196455.0	1752166.125	1465880.375	1613342.75
1478	564.2757896552881	6.28429	0	3000093.675	0.0	4747757.625	4720651.125	5043449.75	0	4580465.25	4717066.25	3997959.175	4216461.5
1479	744.3004124229192	6.285056	0	26145282.0	30815440.0	36166266.0	35423810.0	35653033.5	0	33596208.0	34166737.5	32640743.5	32984702.5
1480	162.07610644591415	6.285901	0	22393086.5	0.0	2121253.25	2628427.175	2272513.25	0	6268639.725	8404343.8	7100438.625	7641858.025
1481	334.1608521521576	6.2903714	0	8161876.5	6450301.5	8642902.625	8584194.5	9360035.0	0	8419812.75	8889092.875	8926524.75	8513578.25
1482	205.118411606296	6.291535	0	0.0	21394232.0	0.0	0.0	0.0	0	0.0	0.0	0.0	0.0
1483	614.3150406774109	6.2927637	0	0.0	0.0	4052592.55	3889474.125	3985580.9	0	2848881.7	3042561.85	3092086.7	2944117.325
1484	722.3185662796728	6.2932243	0	40057745.0	43554896.0	52185592.5	53262031.0	52359848.5	0	47509227.5	48698787.0	53395785.0	48261417.5
1485	542.2937302056637	6.293729	0	4649376.825	0.0	7228567.5	7447273.875	7794995.125	0	6929344.375	6947996.875	6908667.95	6334204.125
1486	317.18189090479376	6.302905	0	3694716.825	4482347.0	4299980.925	4254062.575	4614990.5	0	4139956.375	4125847.325	4601286.0	3996661.125
1487	253.0931769338883	6.3184185	0	5973487.25	5017112.0	5681632.625	6048238.25	5796538.5	0	5874558.75	5973356.125	6056569.5	5595412.25
1488	239.1026488679281	6.3225765	0	0.0	8511257.0	0.0	0.0	0.0	0	0.0	0.0	0.0	0.0
1489	501.2671621681244	6.330378	0	89400922.5	77459416.0	99671772.5	103737749.0	104547101.5	0	101166386.5	105170586.0	95384431.5	95636141.5
1490	369.1745346038511	6.330782	0	8334583.375	8700298.0	2253373.025	2166858.175	2536834.325	0	4076577.4	3735541.2	3576339.8	3903190.5
1491	523.2490500878822	6.3321013	0	47862154.5	40085796.0	53242266.0	54569520.0	55530757.0	0	54033251.0	56568400.0	48450796.0	52152250.5
1492	619.3278153887326	6.270853	0	10376442.75	3410388.0	28353595.5	20209557.5	28992652.5	0	21625082.0	25875033.5	17746871.25	22685261.5
1493	347.1925333833652	6.336301	0	51527706.0	54499960.0	11527192.0	9975412.25	14058184.25	0	23442560.5	21481736.0	20495966.75	21668231.25
1494	519.2304550156086	6.336373	0	77141708.5	67046460.0	50781547.0	48266458.5	54890926.5	0	60111598.5	60057876.0	54799111.0	56112055.0
1495	541.2117344159396	6.336373	0	17567924.25	14974801.0	11470919.25	11045082.875	12120652.25	0	13661405.0	13680747.0	12027634.125	12834792.5
1496	531.2775423372408	6.3462505	0	0.0	0.0	6681220.125	6618085.875	7069687.625	0	5238885.375	5173143.0	5070000.625	4886964.625
1497	203.11398955305285	6.357745	0	0.0	7213466.5	2309812.15	0.0	3306438.2	0	1705441.825	1577489.375	1564271.15	769048.0
1498	315.1662521938273	6.359375	0	3942821.0	2959362.0	4804669.75	5269946.125	5326757.625	0	4859661.25	4956216.75	4712226.125	4816090.375
1499	157.09721544285676	6.363085	0	10058310.5	11659213.0	9400280.5	9817608.75	9249024.25	0	9199412.0	9858819.5	9616949.25	9850043.25
1500	545.2550090635254	6.3630495	0	7253109.25	7658460.0	5728544.25	6222194.75	6427940.25	0	6122594.0	6519342.0	6365707.875	6624144.625
1501	311.1236934965252	6.3634386	0	0.0	6294650.0	0.0	0.0	0.0	0	0.0	0.0	0.0	0.0
1502	284.1217432282483	6.3643217	0	33897842.5	36643404.0	31684361.0	34660534.5	32490948.5	0	32802846.0	34212868.5	30707282.0	35010690.0
1503	262.1398632375798	6.364326	0	42312073.5	47419708.0	39187475.0	40255373.5	38767277.0	0	38611237.5	40990235.0	39759685.5	41161041.0
1504	244.12926084776456	6.364728	0	5947783.75	6472698.0	5577819.875	5650751.125	5647183.625	0	5658432.125	5687430.5	5640129.25	5837546.5
1505	523.2712224499094	6.365943	0	5606865.625	5988607.5	4289544.625	4338752.45	4722351.375	0	4623440.75	4864476.325	4703479.625	4766117.375
1506	252.10917439060137	6.368018	0	7737202.875	7510347.0	7617343.5	8010076.375	7710688.375	0	7772789.875	7736993.125	7740851.625	7824676.5
1507	333.176946825864	6.369258	0	3474637.45	4596563.0	4457017.55	4789248.55	4413810.025	0	4273875.0	4045381.175	4409815.575	4405641.825
1508	659.2651682115824	6.376202	0	0.0	0.0	12524367.75	14258452.0	12988801.75	0	10243048.75	10112133.0	8739877.0	10676562.75
1509	637.2831632408241	6.377092	0	2858240.075	2087013.2	43011858.0	46388661.0	44723568.5	0	35231224.95	33889265.0	32543798.125	35318039.5
1510	397.1694289557842	6.378311	0	3954712.875	3055980.2	4278113.75	4801777.325	4245256.5	0	4387830.325	4192032.75	4057197.575	4642799.8
1511	246.1448457382476	6.3818593	0	0.0	34460730.0	0.0	0.0	0.0	0	0.0	0.0	0.0	0.0
1512	268.1265605857367	6.3818593	0	0.0	7523050.5	0.0	0.0	0.0	0	0.0	0.0	0.0	0.0
1513	204.04388421377183	6.388263	0	51644477.0	1763509.4	53614508.0	47707313.0	56098279.0	0	52871054.0	52212643.0	51193040.0	52787840.0
1514	356.1429135779502	6.3886943	0	11233763.0	9645098.0	11109052.25	11794460.25	11978204.75	0	11686773.25	11797391.75	10361958.5	12269356.75
1515	334.16089541486605	6.39033	0	37306914.0	32004036.0	37560778.0	37521028.0	39416196.0	0	37892869.0	37476364.0	36794984.0	39640699.0
1516	233.1132360614241	6.3911905	0	0.0	11132039.0	0.0	0.0	0.0	0	0.0	0.0	0.0	0.0
1517	631.2938868598918	6.3935966	0	5775646.75	10470360.0	2949657.35	2976538.05	3547699.325	0	4248263.925	3700245.0	3344146.125	3956886.425
1518	263.10616804662845	6.3967395	0	5154095.425	20907758.0	1706138.4249999998	1164607.725	1913593.8	0	3544837.175	2084503.4	2081932.125	2227162.675
1519	477.2195516219649	6.390471	0	18126891.0	21964984.0	1930635.8	1963500.7	1979273.0	0	5881675.625	6018979.525	5823711.65	6275933.7
1520	545.2930417096744	6.3997493	0	5075043.375	5381419.5	5983283.75	5681681.625	5615377.375	0	5482371.5	5346425.0	5151902.5	6374687.125
1521	545.2360401646401	6.403881	0	7797239.625	7448327.5	8766664.875	8183202.875	8544968.75	0	8024735.5	7898562.125	7705797.125	9662981.375
1522	449.2248333646577	6.4043155	0	3998783.425	3228746.0	7828449.5	7596295.625	7893720.625	0	6444065.5	6595814.925	6340629.125	7936739.625
1523	348.17663358838087	6.4115076	0	6144509.0	8487282.0	6113328.375	5741658.75	5933841.375	0	5562648.875	6491563.75	5414515.875	6464609.0
1524	191.10265404074505	6.4095693	0	0.0	12247441.0	0.0	0.0	0.0	0	0.0	0.0	0.0	0.0
1525	362.1558987574968	6.420598	0	11218603.5	16127933.0	10358869.25	9449995.375	9523846.5	0	10717980.25	9229288.625	9911112.25	10692933.5
1526	660.3202443838849	6.42533	0	6385497.0	5994667.0	6717819.5	6069906.5	6088465.125	0	6562799.875	5962305.375	6195659.125	6540923.75
1527	267.10888945074754	6.43206	0	107341377.5	109549130.0	107591480.0	94376744.0	102085705.0	0	103593019.0	107837167.5	100751085.0	99214035.0
1528	513.3399691492184	6.432085	0	1951846.75	8040462.5	5964002.625	4916489.5	4732616.0	0	4233939.1	4148684.5	4388646.8	4793684.475
1529	471.256549838033	6.435808	0	0.0	0.0	5244432.0	5272295.25	5575954.125	0	4341665.0	3911967.25	3879440.5	3959608.625
1530	417.19814462800326	6.435855	0	5133971.25	1396817.8	7076334.25	6638303.75	6228347.25	0	5745986.25	6518592.625	6228495.375	6583882.25
1531	389.2031916204309	6.4355407	0	7863233.5	15904681.0	14104615.0	11893310.75	12476898.75	0	11357221.125	12020256.75	11844827.0	11115753.125
1532	610.2813944865054	6.4367104	0	7779791.0	16201968.0	4160259.675	3914641.375	3994767.325	0	5465065.0	5240410.625	4191953.45	4952030.3
1533	588.2994757172166	6.441771	0	19669249.25	41462436.0	9021121.875	7888429.75	9043035.0	0	12259341.125	12108917.125	10020914.625	11232663.0
1534	175.107794585446	6.441852	0	6748301.75	7549737.5	8028649.875	7236351.25	8618675.0	0	7756681.125	7739888.75	7491043.375	7644364.625
1535	433.1932363532445	6.442686	0	7311254.875	6659161.5	6764255.125	6048702.5	6340667.125	0	6456101.625	6915082.125	6270530.125	6823165.75
1536	366.2137311035119	6.4417377	0	5429889.25	5556726.0	7323265.0	6634822.5	7277374.875	0	7030895.375	7105932.375	5228562.625	7299961.25
1537	375.1892359491984	6.4516807	0	27972774.0	29620928.0	31066666.0	28865911.0	28868461.5	0	28748642.5	30607149.5	28227720.0	29190300.5
1538	374.68885397872106	6.455845	0	61243372.0	61300170.0	65546138.0	60497699.0	59933710.0	0	59049494.0	63409921.0	62317663.0	62443841.0
1539	161.0922165802859	6.456587	0	2747557.275	0.0	4863605.0	3467748.3	4015604.5	0	3487412.525	3838242.8	3822925.75	3945934.0
1540	748.3707405007764	6.459225	0	135268347.5	140321150.0	144911282.5	129920876.5	137825507.5	0	122899580.0	142978952.5	137021322.5	145026159.0
1541	365.68349014364543	6.460915	0	7500815.875	7521243.0	8170411.125	7346768.375	7484568.625	0	7221626.125	7871622.125	7700813.375	7708502.375
1542	770.3522836823853	6.462625	0	5623232.75	5945717.5	7260014.5	7089679.125	6671795.25	0	6323843.25	6942491.0	6204952.0	7173435.375
1543	678.3215290702399	6.463411	0	16082793.5	14555253.0	15756303.25	15034869.25	15831554.25	0	14515455.5	16513514.25	15937263.5	15739287.0
1544	693.2498990407208	6.4718447	0	5416153.0	3415162.0	5243759.75	4650054.575	5044114.375	0	4659210.575	5084289.625	5102183.875	5508397.625
1545	465.1653962501519	6.4724584	0	7513915.0	23869060.0	0.0	0.0	0.0	0	2644369.0	2130985.75	1469811.0	1268749.25
1546	348.17665043898154	6.472539	0	7138137.75	9133811.0	8950317.375	8304541.125	8762462.0	0	7697187.75	8579878.875	8471499.875	8406891.75
1547	203.1027634294224	6.4822173	0	20092366.75	38168732.0	3120230.35	3725824.875	4592858.7	0	9759552.675	8374585.325	5540517.75	7856624.925
1548	285.1670860272148	6.4860787	0	16007456.75	14866753.0	18013367.5	16951722.0	17873660.25	0	17195752.75	17525298.5	16343433.75	17781721.5
1549	365.1057218208308	6.488224	0	3044797.425	3229255.2	3381156.375	3536702.825	3160562.5	0	3221892.3	3355458.075	3240665.375	3305203.375
1550	244.1405053476803	6.488658	0	12976532.75	11808131.0	14615900.25	13740930.5	14532572.25	0	13939815.75	13921727.5	13223821.25	14780571.25
1551	301.1507121001111	6.4961514	0	3390100.25	3315124.0	3948786.25	3627876.6500000004	3775829.175	0	3664346.25	3770034.775	3481808.0250000004	3826403.2750000004
1552	188.0352865224961	6.4977584	0	18016739.5	18717802.0	22136248.5	24363195.5	21135338.5	0	20838157.0	22001836.0	21124354.0	21687175.0
1553	166.05334925136924	6.5003166	0	130689074.5	131313850.0	151487717.5	149051035.0	143465217.5	0	135877697.5	144778976.0	148629873.5	145406497.5
1554	302.13484244045253	6.507602	0	3089585.8	1331420.9	2422868.825	2549992.875	2982851.8	0	3038997.825	2740805.475	2741708.0	2523788.0
1555	149.02676860841507	6.5088687	0	18831528.5	19169694.0	21798144.5	21844359.0	21172783.5	0	20127605.0	21293713.0	21720804.5	20504693.0
1556	431.2138969326496	6.5108113	0	7482847.625	10090523.0	10780213.75	11104216.25	10307029.25	0	9309594.125	10398200.75	10467899.5	9498612.5
1557	276.065112367032	6.508924	0	648483.1499999999	0.0	3879102.8	1818647.7000000002	3962139.7	0	2730599.9	2571063.4	2901643.875	2105066.175
1558	573.2885842457081	6.523886	0	1736244.15	2072170.5	4967265.75	5257753.25	5033238.0	0	4058170.975	4411379.45	4387662.375	4137288.35
1559	357.1882910975629	6.515121	0	6132465.625	7053860.5	6814177.375	7636188.75	6993290.375	0	6601742.0	7277681.5	7468177.875	6228520.75
1560	232.1292324651628	6.516427	0	0.0	19016468.0	0.0	0.0	0.0	0	0.0	0.0	0.0	0.0
1561	254.1111526478965	6.516427	0	0.0	6226440.5	0.0	0.0	0.0	0	0.0	0.0	0.0	0.0
1562	594.2447875269416	6.533591	0	11114903.5	11848323.0	2044364.775	1481231.375	2396360.4000000004	0	3875910.0	4278687.975	4405419.875	4476842.2
1563	260.1244060724473	6.551102	0	3150711.3	2010371.2	2896128.375	2652306.625	2849454.3	0	2760234.175	2836602.7	3006098.9	2945664.825
1564	606.2625285859735	6.554542	0	22450370.5	16589815.0	20800722.5	19728866.75	19088025.5	0	19685947.0	19777303.75	22330750.0	20273984.5
1565	386.1357874149229	6.5595655	0	1341798.25	2643332.5	3913788.05	3815659.35	3567714.525	0	3294070.25	3104046.05	3413638.125	2827205.75
1566	365.15749445742085	6.563541	0	2187861.675	3966518.2	3894655.75	3262095.25	3663215.0	0	3113046.875	2999195.7	3540007.0	3355578.1
1567	364.1538960777832	6.5653157	0	13773771.0	24471898.0	25841744.0	21372687.0	24177780.5	0	20356800.75	19425789.5	23349484.0	22033908.25
1568	346.11838187627967	6.5688963	0	0.0	0.0	15912510.5	13365433.5	16975368.0	0	11473793.0	10821842.75	12163750.5	11793925.75
1569	531.2780153305429	6.570167	0	4947977.875	6011768.0	7339592.625	7118033.5	6965721.25	0	6440034.25	6417709.0	7025748.125	6487833.875
1570	245.13263858153417	6.579864	0	5159871.0	50413256.0	2138226.925	2266204.75	2589926.675	0	3842259.375	2664618.7	2623848.025	3023503.25
1571	369.17471396461326	6.573264	0	566357.2	13888230.0	3222783.3	2656075.75	3345100.925	0	2346280.75	2126618.0	2807325.5	2510092.925
1572	347.19261371087936	6.573854	0	8309794.125	131623970.0	22946418.25	17730398.0	24076467.0	0	18232811.25	15491593.625	20764098.75	18574573.75
1573	348.1961069624592	6.573636	0	670502.375	20252180.0	3637171.5	2794143.325	3759001.075	0	2537943.7	2258233.925	3228206.375	2836434.275
1574	266.1121119282506	6.571497	0	253856.4	8684560.0	0.0	0.0	0.0	0	0.0	0.0	0.0	253856.4
1575	590.314988316516	6.574833	0	0.0	9451709.0	0.0	0.0	0.0	0	0.0	0.0	0.0	0.0
1576	244.12947311578355	6.579381	0	47828570.5	438065200.0	18989811.5	20290487.75	21711235.0	0	33933543.5	24910901.75	22215009.0	27760650.5
1577	638.4240897050942	6.5797987	0	2082980.55	4335912.5	0.0	0.0	0.0	0	495090.9	430886.4	599023.5	557979.75
1578	329.1821431258105	6.5830755	0	6086584.875	7335813.0	6752484.75	6901669.75	6584752.125	0	6750837.75	6033022.375	6769489.25	6772142.125
1579	578.2497714663062	6.5836024	0	10885506.5	10891411.0	11256315.25	11299391.0	11234833.0	0	11671672.25	9737092.0	11793107.5	11474174.0
1580	147.07648571975415	6.5855	0	0.0	37757932.0	0.0	0.0	0.0	0	0.0	0.0	0.0	0.0
1581	600.2318675574992	6.585425	0	3504669.475	2509879.2	3854856.7	4140003.65	3721541.7249999996	0	3976575.125	3286887.9749999996	3951824.7	4005783.75
1582	266.1236815573998	6.593541	0	21860571.0	21052310.0	21089114.0	19982186.5	21699017.0	0	21515844.5	20134619.5	21803565.5	21176859.0
1583	405.1983027609933	6.6008534	0	4671368.375	5273891.0	3857955.5	3658720.325	3963028.4000000004	0	3927730.425	3749281.2	4009913.925	4464147.05
1584	248.11298512606737	6.5961866	0	6065810.0	5859730.5	5789044.875	5324299.125	5917880.375	0	5812334.125	5458337.0	6070463.875	5755899.375
1585	334.1610015952737	6.598447	0	3865817.0	4084434.2	4743019.5	4405059.45	4578937.25	0	4454311.5	4203958.825	4538668.375	4395894.5
1586	244.64715281141835	6.6035767	0	9207281.5	1432836.0	3366602.975	2784978.85	3440438.625	0	5866369.3	4536939.55	3929013.6	4466979.5
1587	604.2106284672897	6.6038823	0	7122479.125	6484707.5	7430191.5	6737383.875	6950588.375	0	7018524.5	6531521.5	7612992.25	7077604.625
1588	488.2878300711731	6.602347	0	14868980.75	4351318.0	5685153.825	5297119.375	6796728.375	0	9991582.2	7814187.5	7209457.5	7632755.125
1589	272.1354789393527	6.6080174	0	6401429.125	6456727.0	6780746.5	6138168.5	6853385.25	0	6582657.25	6176169.625	6925865.5	6489037.0
1590	361.1721734484118	6.6113267	0	4531510.25	4337505.5	4733911.875	4291302.525	4505691.0	0	4365200.2	4433752.45	4808656.5	4454806.5
1591	324.1305722279424	6.611685	0	0.0	0.0	12331198.75	11446134.75	12403067.75	0	9144809.0	8413827.5	9808584.5	8813180.25
1592	642.2605162052812	6.6188602	0	4142912.55	6644285.0	0.0	0.0	0.0	0	1117105.125	1034191.75	979117.8	1012497.875
1593	620.2780648008477	6.6192265	0	23942918.0	45254990.0	0.0	0.0	0.0	0	6304006.5	6175666.5	5561681.0	5901564.0
1594	304.1616149112564	6.6215615	0	9441197.5	9862105.0	10164399.5	9601022.75	10772824.5	0	9871821.5	9586253.75	10303979.5	10217389.5
1595	559.27284879171	6.625359	0	5486305.625	4968819.5	5133752.0	4946895.5	5238078.375	0	4924922.75	4920346.625	5482229.0	5477533.125
1596	627.2758267318702	6.629137	0	2220410.075	1414259.5	4723890.5	4223225.875	4338870.575	0	3688615.525	3735289.875	4090048.5	3992443.125
1597	345.1772184954036	6.6317353	0	5687884.125	0.0	34503564.5	30422239.5	33480496.0	0	25500600.25	25905762.125	27084617.875	25603203.875
1598	269.11374728365365	6.632324	0	0.0	5674743.0	0.0	0.0	0.0	0	0.0	0.0	0.0	0.0
1599	303.1452783804471	6.632324	0	0.0	9801004.0	0.0	0.0	0.0	0	0.0	0.0	0.0	0.0
1600	274.1399300188579	6.636449	0	2425539.625	1501736.0	3733120.375	3346009.175	3371782.325	0	3238042.3	3214822.3	3236506.5	3187080.4
1601	191.102719307886	6.641689	0	0.0	16473540.0	0.0	0.0	0.0	0	0.0	0.0	0.0	0.0
1602	286.1512288874704	6.6443095	0	912946.825	40615404.0	23621939.6	1040768.375	26701282.0	0	15427350.425	14346208.5	14699080.45	7804297.425
1603	271.1515634219758	6.653212	0	6157920.25	6495851.5	6334164.0	5944998.0	6611374.375	0	6242580.125	6247679.875	6454157.5	6104039.125
1604	438.2546054791972	6.661713	0	4206951.075	5653835.0	6104842.75	5626256.25	6400490.625	0	5573859.7	5824130.0	5584229.875	5356321.125
1605	463.204057034792	6.658391	0	5739732.5	4583951.5	5994112.375	5402305.375	6357289.125	0	5715718.875	5807342.625	5977018.75	5993359.125
1606	216.1345519484492	6.661809	0	22795886.5	20089614.0	21522527.5	20422282.0	23824555.0	0	21988690.5	22422288.5	22849502.5	21304769.5
1607	644.3079853936703	6.6659946	0	43233274.0	56404610.0	0.0	0.0	0.0	0	9061583.0	10373023.0	12305871.0	11492797.0
1608	437.2511830288437	6.6645045	0	17864932.25	22641320.0	25107804.5	23305485.0	26987310.5	0	22016958.75	23991045.0	23877260.5	23380268.0
1609	289.1508883193025	6.665315	0	5305349.875	3686885.0	4331001.825	4006252.0	4753146.75	0	4749337.75	4778015.5	4513213.95	4355183.25
1610	257.1610606438397	6.666127	0	10270864.25	9859054.0	9548424.0	9248866.75	10477111.5	0	9994696.5	10024090.25	9977618.25	9548861.5
1611	329.182226675286	6.666157	0	5497203.25	4576873.5	5975803.125	5598593.625	6486792.125	0	5788424.875	6156657.625	5869805.625	5743504.0
1612	391.2343061767651	6.693713	0	337207.9	0.0	7096096.25	12381959.5	8002275.25	0	8890686.65	5896018.75	3340435.25	9690398.25
1613	201.08719878577628	6.669664	0	1987220.0	27415250.0	0.0	0.0	0.0	0	449902.525	574599.95	389495.15	573222.375
1614	219.09779369233445	6.672606	0	627141.9750000001	14654383.0	0.0	0.0	0.0	0	0.0	347054.525	0.0	280087.45
1615	405.19831320464425	6.6384263	0	6927916.875	5803632.0	3008727.55	3600755.175	2970490.875	0	2559385.0	4641991.925	4916339.0	4390174.55
1616	501.1947012599026	6.698236	0	9382372.0	8207331.0	10601203.25	10733358.5	10207000.75	0	9735844.75	10173606.0	10625179.5	10389304.25
1617	244.1294726867553	6.699849	0	10826864.75	16478684.0	8050680.75	8193222.0	8338176.25	0	9120589.625	8854943.125	8511039.25	8922371.75
1618	589.2833868624315	6.7045083	0	7507377.25	6156196.5	6848671.125	6751345.125	6658144.625	0	6951285.25	6648484.25	7029645.125	7136123.5
1619	574.2129923752985	6.7053022	0	12580877.0	7262568.5	7027966.375	7667928.625	7362116.75	0	9287851.25	8436142.75	8162424.875	8752469.875
1620	388.1956813638233	6.7057915	0	3012545.275	10028222.0	9707844.0	10512424.0	8738396.25	0	8379665.95	7327436.7	8281266.375	7982840.5
1621	732.4240592677412	6.710362	0	0.0	7707994.0	8140149.25	7186765.875	4286764.75	0	3750509.625	4724298.5	5384363.875	5754507.875
1622	731.4210450857795	6.7087493	0	1676641.325	19574558.0	17987514.25	16924239.0	14422361.0	0	12412742.025	11245678.25	13986212.25	13366123.05
1623	361.1730126395107	6.709836	0	17710897.75	17264644.0	12667136.0	12648696.5	11901066.0	0	13836950.25	13382486.75	13820425.5	13887933.75
1624	552.2311347105116	6.7127514	0	55651711.5	67077804.0	46879079.0	47651368.0	44506759.5	0	50036213.0	46313773.5	49280902.0	49058029.5
1625	366.2142298630432	6.7131724	0	242672797.5	772792400.0	661224765.0	678610640.0	582266090.0	0	561416075.0	502221732.5	572324555.0	528811930.0
1626	251.1505404263989	6.7135615	0	3026554.875	10670693.0	8568673.0	8629417.875	7629916.375	0	7291348.075	6423824.5	7420833.3	6718556.25
1627	183.61065066893025	6.715298	0	2605349.0	9219836.0	7686002.0	7224333.5	7009452.875	0	6190837.875	6176561.2	6128394.05	6029344.25
1628	728.3586390653539	6.716678	0	0.0	0.0	9892191.125	9660632.5	9638779.75	0	7104336.0	7036292.0	8162910.25	6888065.125
1629	276.155775686498	6.7228346	0	4500308.625	3588203.2	3177134.25	3324573.25	3122856.35	0	3846522.75	3421042.05	3512298.25	3345009.425
1630	403.18278738298153	6.7297854	0	5125907.625	2567767.0	13859509.5	14652203.0	13594886.25	0	12303798.0	11087957.875	12131311.875	11709438.625
1631	1097.4760019185576	6.7348175	0	5025313.25	4128760.0	4733048.5	5557947.5	5019448.25	0	5377768.875	5147547.0	5236446.5	4573995.125
1632	525.3404025401223	6.7338533	0	4085777.125	3240686.8	3807014.525	3962254.125	4140423.425	0	4219637.75	3849678.125	3824456.375	4101696.95
1633	504.2306424595217	6.7407045	0	5232317.625	1686621.9	5796976.125	6110721.5	5662831.0	0	5939341.75	5384136.25	5797952.625	5681415.625
1634	269.16104857944407	6.719197	0	1973567.25	210545970.0	1373681.675	1011346.05	1215067.625	0	1787858.8	1488299.15	1146889.25	1150615.4
1635	130.05011093828057	6.741897	0	7054355.875	116961944.0	6807368.375	5251383.175	6521344.625	0	9557201.625	6454740.625	4927083.625	4695426.175
1636	465.2019899715041	6.742439	0	26451118.5	16386096.0	20380907.0	21838311.5	20871936.0	0	24566896.5	21750697.0	21710546.5	21514133.0
1637	148.06057506272296	6.7427287	0	28151617.0	466947940.0	27098782.5	21403913.0	26228204.75	0	38883509.0	25582724.5	19988563.5	18427720.25
1638	487.1837507078435	6.74419	0	6922747.125	1375859.2	4664880.55	5624560.75	4653483.375	0	5640191.675	5240709.375	5242775.875	5741994.875
1639	310.13970092631	6.74649	0	0.0	37352730.0	0.0	0.0	0.0	0	0.0	0.0	0.0	0.0
1640	490.176945723281	6.7453237	0	1987077.625	10079176.0	1245704.175	768684.7	1222839.5	0	2506561.75	1608505.475	719666.7749999999	389572.0
1641	365.10783742952935	6.749216	0	7941707.625	0.0	4544580.0	4855750.2	4441377.375	0	5749319.375	5441433.125	5091861.7	5500801.0
1642	230.1137847631421	6.7828655	0	5484482.75	84955260.0	3641269.5	3657030.125	3353467.75	0	4924009.125	3634472.5	2595196.125	4982572.375
1643	558.289101725839	6.760744	0	1838217.025	0.0	45390478.0	47106919.5	44528448.5	0	34540636.5	31967507.8	34332316.375	38023602.35
1644	258.1451739267758	6.765219	0	72160237.5	0.0	158693062.5	145013105.0	148533690.0	0	123794492.5	128055606.5	134816502.5	137733493.5
1645	258.1422014213094	6.76544	0	0.0	42488390.0	0.0	0.0	0.0	0	0.0	0.0	0.0	0.0
1646	259.14817035210905	6.7661996	0	8872957.5	11521022.0	4450521.5	4607801.0	13679221.0	0	11240103.875	10887428.25	7468226.25	2014742.625
1647	546.2416355029426	6.768051	0	31755734.5	4526209.5	49018321.5	49484915.0	42084214.5	0	40364184.5	40546562.5	44196016.0	47236422.5
1648	301.1508947382545	6.7707796	0	11478227.25	5620430.0	9737297.25	9793442.25	9873379.25	0	10633645.75	10200184.0	9568552.25	10479964.0
1649	578.2689782368851	6.7727823	0	2763182.275	3933672.0	2050476.125	1064191.075	2068553.7000000002	0	1689507.95	1856219.4500000002	2221331.9	2179343.875
1650	568.2233459595886	6.774063	0	8292738.25	0.0	8623467.0	9638022.75	8413357.625	0	8658723.125	8535271.0	8306209.875	9467381.625
1651	456.31861917866337	6.7743425	0	3552600.85	2600547.5	5533372.125	5529143.375	5159333.5	0	4910266.625	4821422.3	4768663.05	5274097.875
1652	184.0733478119704	6.774675	0	0.0	5677100.5	0.0	0.0	0.0	0	0.0	0.0	0.0	0.0
1653	258.1107649873994	6.786806	0	0.0	1518405000.0	0.0	0.0	0.0	0	0.0	0.0	0.0	0.0
1654	280.092058534723	6.774675	0	0.0	16549548.0	0.0	0.0	0.0	0	0.0	0.0	0.0	0.0
1655	515.2469800797638	6.774675	0	0.0	19307842.0	0.0	0.0	0.0	0	0.0	0.0	0.0	0.0
1656	516.250561089141	6.774675	0	0.0	4182551.2	0.0	0.0	0.0	0	0.0	0.0	0.0	0.0
1657	623.3169805710187	6.774675	0	0.0	10042313.0	0.0	0.0	0.0	0	0.0	0.0	0.0	0.0
1658	724.3159824329806	6.780292	0	33170588.5	25215330.0	32711002.0	34477383.0	32994711.5	0	33921518.5	33339060.5	31182852.5	34910253.5
1659	746.2979465881349	6.7872868	0	7067362.375	0.0	5716923.75	6113505.375	5805536.125	0	6281026.75	6016756.75	5873608.875	6531935.25
1660	603.226569141217	6.789254	0	4271391.675	3125753.8	4185719.125	4395367.5	4317952.375	0	4279778.5	4411097.875	4098162.75	4381391.55
1661	580.2712557239215	6.7917185	0	0.0	0.0	11871983.5	12735157.0	11679960.25	0	9047614.75	8688065.75	8065291.5	10486128.75
1662	243.1454385114228	6.7923284	0	16999191.75	11710172.0	15161210.0	14854783.25	15507465.75	0	15812332.5	15975866.5	15018822.5	15715629.25
1663	515.2135526115107	6.793835	0	0.0	45510716.0	0.0	0.0	0.0	0	0.0	0.0	0.0	0.0
1664	419.1775726629097	6.7972417	0	4338144.25	3581852.0	3751887.4	3869442.125	3897391.5	0	3905029.55	4087045.2	3832850.575	4031939.95
1665	375.1881080232535	6.8033953	0	2760354.525	3082188.8	4052133.2	3913405.25	3728817.375	0	3505129.5999999996	3755410.75	3488658.875	3705511.125
1666	374.1753800217692	6.805942	0	3757375.425	0.0	0.0	0.0	1098424.0	0	1694069.4	1491279.35	864596.625	805854.05
1667	233.1134745651064	6.8108473	0	2721971.3	0.0	4295195.125	3365601.425	4157958.65	0	3971888.675	3627503.525	3257019.05	3684315.25
1668	373.1717369803528	6.811355	0	23139106.0	0.0	6155593.5	5597423.5	8256983.5	0	13388548.625	12072651.375	8376570.5	9311336.0
1669	133.06093755182872	6.870919	0	1259219.925	72943860.0	904050.85	917963.7	1185303.025	0	617428.275	1137032.075	1259627.875	1252449.275
1670	785.3688638806827	6.812598	0	4142060.75	3646725.8	4767339.625	4654958.875	4462704.625	0	4427887.5	4703872.625	4427115.875	4468187.875
1671	219.0978297010085	6.830495	0	4474532.5	21952582.0	3296073.95	2708717.25	3012070.15	0	3143265.125	3449921.775	3428821.45	3469385.5
1672	416.2871594706669	6.826635	0	4227231.95	3164287.8	3646450.475	3123771.3	3282763.325	0	3500975.7	3793100.85	3380197.125	3605943.375
1673	606.2625502345708	6.8279552	0	6434269.875	4944143.0	7185012.5	6113163.875	6293076.875	0	6331850.0	6529823.875	6464326.875	6699522.375
1674	467.2617926871589	6.8284044	0	9703989.75	8898532.0	14143222.0	12319774.75	12367576.0	0	11677103.0	12534925.0	11871295.75	12451238.75
1675	290.1349213625187	6.847785	0	884433.775	8398144.0	886518.875	910693.3	945601.9	0	578927.625	936583.925	1228965.125	882771.175
1676	219.0978233196004	6.8326635	0	4497131.25	28281126.0	3047175.25	2725157.075	2920688.225	0	3128032.25	3338567.675	3230186.05	3493365.825
1677	391.234338835456	6.8369284	0	429383.225	0.0	15515255.5	13831620.5	11609113.5	0	9591577.225	10559061.75	9928930.25	11305803.5
1678	347.19285390626845	6.841091	0	21243899.5	48772736.0	52289073.5	48787060.0	46476593.0	0	38394972.5	40933156.0	45172248.5	44296249.0
1679	369.17416309496286	6.841965	0	4156386.3499999996	3702094.0	9615489.5	9334671.25	8242526.25	0	7210946.575	7534553.45	8336077.875	8267495.45
1680	405.1983685433984	6.8456826	0	29263103.5	21408874.0	29179983.0	27930927.0	27576431.0	0	26931022.0	28482378.5	29000262.0	29536782.0
1681	230.113783578376	6.8452754	0	7428555.625	13121222.0	6897558.25	6266827.625	6718282.0	0	6628312.25	6855181.625	6859898.875	6967830.75
1682	483.256968372751	6.847525	0	4936197.85	0.0	2565691.65	2435239.375	2530935.2750000004	0	3648877.625	3198466.875	2711580.425	2909139.225
1683	427.1805489031308	6.8493376	0	9916875.0	3115240.0	9399413.5	9345994.5	8755900.25	0	8942929.5	9318083.5	9516141.5	9641028.75
1684	221.11328775288675	6.8516665	0	0.0	13252911.0	0.0	0.0	0.0	0	0.0	0.0	0.0	0.0
1685	428.2144243124143	6.8556943	0	22514217.75	2130673.0	9172028.25	9359423.875	11711868.25	0	15238610.25	13947939.5	11230063.25	12340925.125
1686	463.2040596785332	6.8521223	0	27914378.0	21491924.0	25458531.0	25129574.0	24749824.0	0	24351317.5	25631901.0	27374610.5	25894478.0
1687	485.1860662914438	6.8521223	0	5015894.875	2283168.0	4051868.2	4003426.35	3825470.7750000004	0	4054458.875	4213171.8	4445679.55	4183349.975
1688	359.1930706987272	6.854132	0	4409008.25	3635599.2	4058477.0	4079587.45	4080358.15	0	3911363.875	4204974.875	4406059.7	4105032.4
1689	320.1455083797791	6.8558083	0	5679910.375	5625476.0	6700393.125	6486517.0	6473564.125	0	5884726.625	6314080.5	6860746.25	6280831.25
1690	247.1403806017487	6.8551435	0	0.0	0.0	0.0	2618409.325	0.0	0	794826.375	778174.0	1045408.95	0.0
1691	345.1773722834167	6.8652987	0	8083521.625	8257418.5	9544410.0	9646006.5	9436635.75	0	8869724.25	9530440.25	9250346.75	9060062.625
1692	190.118776634342	6.868364	0	2701905.325	1582714.2	2123410.5	2077848.85	2200111.925	0	2188124.275	2420307.4	2183551.775	2311293.15
1693	244.1294296094715	6.8688383	0	2625559.125	5854213.5	2390914.4	2418740.925	2365876.35	0	2412353.075	2546390.3	2398498.925	2443848.5
1694	338.1382202237665	6.870963	0	2362480.9	3797463.8	3528457.1	3436726.35	3242596.95	0	2917281.1	3225050.0	3211387.15	3216543.05
1695	700.3270209536039	6.883197	0	4322503.325	4780462.5	3922322.05	4058166.2	3704894.5999999996	0	3577705.375	4148104.75	4004837.5999999996	4277238.45
1696	722.3094470558316	6.884932	0	3014567.7	2215447.2	2701919.375	2806716.95	2555455.8	0	2484621.425	2918464.525	2724655.0	2950918.875
1697	430.23053166210894	6.885127	0	2302841.925	2825963.0	3858143.9	3959173.8	3556998.075	0	3169707.175	3557227.325	3483644.55	3466578.65
1698	448.18323202184007	6.8913827	0	5547202.875	6168734.0	5866086.75	5984051.875	5925805.25	0	5109478.875	6018559.125	6369460.75	5825648.0
1699	301.15078138569004	6.9049983	0	3443669.925	4178014.8	3799997.0250000004	3772611.15	4025229.25	0	3694803.8	3834067.05	3833521.35	3679115.15
1700	669.3575261466178	6.9063334	0	6498989.0	9613454.0	9202963.0	8770936.0	8608747.75	0	7395937.125	8483452.0	8927460.75	8274785.875
1701	540.2439634431906	6.906701	0	0.0	0.0	4649140.875	4223841.375	4213290.375	0	2982591.475	3175388.825	3419881.625	3508410.7
1702	365.1058083088283	6.9570045	0	7297953.2	2273743.2	10230297.75	9081643.95	9887650.0	0	9150205.7	2841001.95	12065055.0	12441282.25
1703	497.254020022196	6.9095235	0	3930865.625	4059558.0	5695694.75	5346818.0	5467038.0	0	4993076.625	5107381.0	5275395.5	5064563.25
1704	182.092554400772	6.9114127	0	2935589.675	3301389.0	3060217.475	2895979.95	3057716.425	0	2931819.35	2967462.675	3052156.05	2998065.45
1705	598.3930176590414	6.9199038	0	2910300.3	9671691.0	7593059.5	6584568.5	6766187.625	0	5913556.0	5519499.425	6413925.5	6007135.0
1706	415.1940527080006	6.922643	0	5744610.0	6015928.0	6986454.875	6138996.875	6711236.75	0	6341892.25	6173088.125	6535028.875	6531289.25
1707	395.1675944574941	6.925822	0	32594382.5	35415616.0	33842241.0	29381894.0	33546624.0	0	33021992.5	30894835.5	32295209.5	33153104.0
1708	490.2149843473019	6.9374886	0	6620449.625	4485692.5	6940979.25	6614658.25	6874643.875	0	6549269.125	6472581.0	6787869.875	7241011.0
1709	775.2589917293371	6.947439	0	1745558.675	0.0	2689377.35	2629842.6	2331942.425	0	2070887.5	2290920.175	2498638.0	2536275.375
1710	359.2659450559788	6.9490013	0	8398658.875	14127254.0	12281639.75	11553033.25	12016142.25	0	10449958.0	11073264.0	11695053.0	11031199.125
1711	177.08701962262808	6.9502697	0	0.0	10481604.0	0.0	0.0	0.0	0	0.0	0.0	0.0	0.0
1712	438.1963056509972	6.951637	0	6351560.375	4221157.0	16830020.5	18468131.25	15688808.25	0	13441804.125	14380823.625	14415298.375	15100594.25
1713	332.145671472974	6.955905	0	9252251.75	1183299.5	2688287.8	2870659.6500000004	3563574.625	0	5376133.675	4533896.35	4161516.25	4303227.55
1714	356.14349375118866	6.955009	0	3079392.3	1942081.9	3540083.25	3893421.275	3404933.325	0	3213689.0999999996	3531919.725	3609039.5	3563181.825
1715	275.0810517102654	6.9571896	0	1400845.4249999998	0.0	5711160.75	5486401.75	5247048.625	0	4172202.475	4584295.8	4480570.675	4608387.6
1716	545.2573307766519	6.957353	0	5278907.0	3778764.2	6878963.5	6840238.0	6458783.0	0	5720628.375	6460912.625	6708580.5	6566770.0
1717	217.1185046479492	6.961266	0	1848352.825	2006640.6	4536597.75	4589567.25	4253551.3	0	3318957.9	3968971.15	3912575.95	4027564.125
1718	416.2142534556556	6.960434	0	24569931.5	25547162.0	63094645.0	63892818.5	58976626.0	0	46587402.0	53566462.0	55393167.0	54986990.0
1719	334.161035923723	6.961311	0	31234360.0	31977414.0	37310050.0	38037037.5	35263949.0	0	32475688.5	35530001.0	37757838.0	36081869.0
1720	218.12507363131016	6.96456	0	972726.45	10433989.0	6227096.875	0.0	7738107.0	0	4579845.375	4302772.45	4179384.5	1875928.0
1721	694.3263570359901	6.965766	0	4158050.95	3189370.2	3184312.375	2698455.3	2878470.525	0	3000193.5	3404285.125	3239894.65	3274915.875
1722	523.2154402482463	6.966484	0	2450684.0250000004	0.0	10349701.75	9641306.75	9126579.0	0	7408586.3	7631325.55	8225472.55	8302887.125
1723	776.3795494408076	6.966634	0	2677784.075	2433299.2	4101053.125	3469754.95	3716628.25	0	3142322.575	3514241.8	3638625.65	3670030.375
1724	706.3263524789047	6.972117	0	4698948.25	4169980.5	5286363.0	4716414.75	4736421.5	0	4502645.125	4872320.75	4793276.375	5269905.25
1725	383.1540170279554	6.9725804	0	18264945.5	13709591.0	11282817.5	10253856.5	11012280.0	0	12381503.0	12438538.25	12445554.0	13548304.25
1726	361.17213564597824	6.973022	0	163839620.0	156801520.0	96000470.0	84490267.5	94494347.5	0	105784632.5	109846890.0	107437110.0	115756072.5
1727	721.3373074537832	6.972973	0	10269085.75	7493213.0	3606449.0	2849513.75	3549780.75	0	5071966.425	5127269.45	4721581.625	5354011.75
1728	331.1616063129222	6.9756556	0	4448808.075	3930788.8	4356032.7	3924834.7	4198638.2	0	4041604.7249999996	4134581.75	4195389.625	4556737.575
1729	398.2036637243026	6.9929	0	2676589.55	2882418.5	4052074.925	3693012.7	4136392.725	0	3432563.8	3580328.875	3774200.425	3770976.8
1730	365.10571760246427	6.9855604	0	11274436.25	7715672.5	13622161.25	9232393.75	9416892.3	0	10749869.3	11530477.5	9391389.25	11874147.5
1731	343.12382329049154	6.9863453	0	2695537.725	2643573.2	2716296.325	2369873.375	2585817.7249999996	0	2343092.7	2812463.325	2541446.8	2670522.325
1732	387.1876498444093	6.9954185	0	6952704.125	3347201.0	6273386.0	5158021.75	6386245.625	0	5807358.5	6419858.625	6110975.5	6432164.875
1733	278.1349275364711	7.002011	0	7377235.5	6169856.5	6328902.5	5553467.0	6682366.875	0	6320413.375	6882384.625	6281043.75	6458130.125
1734	463.20406077545135	6.99992	0	3004724.225	3071331.8	3861531.625	3321832.875	3694250.75	0	3358248.85	3650560.25	3346994.7	3526535.675
1735	886.4163553776355	7.0079327	0	19283881.5	18958824.0	21811649.0	19328744.5	22549775.5	0	19914353.5	21880195.5	20347620.5	20831881.0
1736	908.3983628837454	7.0120425	0	3301589.25	2369588.0	3236959.0	3252852.55	3525385.875	0	3265695.925	3549570.0	3245372.375	3256148.375
1737	749.3113540290117	7.016722	0	3230386.65	4256190.5	0.0	0.0	0.0	0	784214.125	874457.7	825553.375	746161.45
1738	561.2518146533306	7.020639	0	5234107.375	5240879.5	2295383.725	2067260.075	2135451.2	0	3242419.825	3172080.675	2349491.125	2968210.75
1739	443.7117049797635	7.0217457	0	2745742.725	2542602.5	2918852.7	2896870.95	3036556.875	0	3001214.45	2967063.75	2816499.55	2813245.5
1740	421.1930568551316	7.025727	0	4499284.5	3859866.2	4349563.875	4177461.45	4589005.425	0	4586273.125	4398978.325	4317216.675	4312847.125
1741	259.07231514100533	7.0306377	0	0.0	5194153.5	0.0	0.0	0.0	0	0.0	0.0	0.0	0.0
1742	326.1825020731647	7.0329585	0	2087376.6749999998	2760700.2	3633219.325	3379705.05	3772223.825	0	3229666.9	3076525.675	3157384.075	3408948.225
1743	190.118753119432	7.034771	0	4855883.25	4549233.0	5904044.75	5808451.25	6239515.0	0	5842160.875	5545068.625	5618719.875	5801944.875
1744	315.1665086858848	7.0356956	0	7181903.5	7011510.0	8246948.25	8090091.0	9000394.75	0	8243920.875	7814414.0	7908266.375	8552736.25
1745	173.09221954165466	7.035038	0	591187.125	4692791.5	1400602.4	1351823.025	1494326.325	0	1402137.1749999998	1060643.575	1008627.3	1366530.825
1746	453.2461593750913	7.037124	0	6190083.375	5593366.0	7106519.875	6840623.0	7457769.125	0	6981101.125	6689920.375	6685777.875	7238196.0
1747	665.2999239061035	7.0467496	0	5214866.625	5187945.5	2159323.2	2059464.0	2599849.225	0	3038264.325	3039641.625	2947682.65	3007914.45
1748	359.193014064672	7.0494957	0	3054171.75	2963115.2	3851086.75	3666448.2	4158085.725	0	3543089.7	3520207.475	3579906.5	4086588.75
1749	237.090422447926	7.0503755	0	0.0	63711070.0	0.0	0.0	0.0	0	0.0	0.0	0.0	0.0
1750	494.2728359612341	7.056201	0	0.0	0.0	7673408.75	6539830.75	7040908.5	0	5371395.375	5026796.0	5199839.375	5656117.25
1751	205.0821380705441	7.0563154	0	2821221.875	3851799.0	5228888.375	4781643.125	5598635.75	0	4386306.175	4490499.7	4627946.625	4925636.625
1752	365.10566920886953	7.047663	0	11963833.5	11420458.0	14966079.0	14399144.5	13869834.75	0	14581189.75	13699205.0	13024212.0	13894285.0
1753	360.15080052268627	7.049374	0	1756661.575	21620882.0	24350389.0	23803304.5	23239359.0	0	18603673.35	17983732.025	18122554.1	18439754.6
1754	387.271690493564	7.0696526	0	2031459.45	6771831.0	8039784.5	7430534.5	6916554.375	0	6414411.95	5813595.225	6180320.875	6010004.775
1755	375.1879643820826	7.0690665	0	3345536.625	3473545.2	5704243.125	5552461.375	5227959.25	0	5251359.75	4900679.675	4840515.95	4837645.0
1756	361.1604523084589	7.069535	0	2426504.775	2915253.2	4131132.575	4052907.05	3665230.75	0	3758749.075	3582073.05	3462959.825	3471993.2
1757	159.0765261407269	7.069547	0	1010820.7	22318272.0	0.0	0.0	0.0	0	1010820.7	0.0	0.0	0.0
1758	177.08706780320242	7.0697975	0	1803187.525	35451810.0	0.0	0.0	0.0	0	1336262.5	466925.025	0.0	0.0
1759	519.2045229246921	7.069665	0	0.0	6158937.0	0.0	0.0	0.0	0	0.0	0.0	0.0	0.0
1760	317.14570674433827	7.072073	0	4778763.675	0.0	637723.6000000001	763505.8	1577274.7750000001	0	2526432.9	2195464.975	1329696.6500000001	1705673.325
1761	546.2410779125556	7.078427	0	24778063.0	25004370.0	25376553.5	25546620.0	24610387.5	0	25638153.5	24405075.5	25820408.5	24447986.5
1762	547.2445405958102	7.0779552	0	7215111.875	6582747.5	6718303.625	7016264.375	6587071.875	0	7111546.375	7029053.375	6980503.125	6415648.875
1763	360.18767510074514	7.083837	0	18457760.5	21603866.0	8612067.875	8219778.125	9642919.5	0	11064462.25	11058702.25	11304456.875	11504904.625
1764	568.2231340960184	7.084705	0	4143682.675	2691561.8	3810207.125	3821004.625	3647991.575	0	3944723.125	3872688.85	3873923.125	3731550.9
1765	575.3407187012019	7.09742	0	2741621.75	2599856.8	2730904.125	2782974.45	2812974.75	0	2634771.2	2828411.0999999996	2888646.35	2716646.425
1766	435.208998451663	7.099052	0	9172520.75	10229630.0	0.0	0.0	0.0	0	2552522.25	2415156.75	2160853.5	2043988.25
1767	414.2713233614836	7.101747	0	3950524.475	6297144.0	6490677.75	6016215.5	6371574.5	0	5311075.05	5647396.925	6201233.0	5669287.25
1768	289.13945375532506	7.105008	0	3866674.775	4215954.5	4610583.125	4322526.725	4407820.2	0	4344645.675	4201976.625	4491206.2	4169776.325
1769	249.1082208981885	7.1109314	0	4444650.5	30824318.0	5927982.0	3906044.0	6641413.375	0	5931082.375	5215947.375	5455174.125	4317886.0
1770	357.24983785170195	7.1157327	0	5901484.25	3035811.8	4058225.55	3985074.0	4590230.875	0	4908066.05	4507139.3	4610971.125	4508838.2
1771	206.1520677254473	7.1219635	0	7312318.125	7689247.0	7932708.25	7825706.875	8294287.375	0	7997040.0	7537109.875	8185160.625	7645710.125
1772	362.1557752630735	7.12846	0	3477429.25	2308444.5	3566368.25	3475115.2	3697190.825	0	3533504.5999999996	3488118.925	3620443.8	3574036.2
1773	231.09760005245863	7.1430097	0	1907467.95	14505030.0	0.0	0.0	0.0	0	745065.7	434566.75	300264.875	427570.625
1774	293.1343366886798	7.1398797	0	0.0	0.0	4466843.5	3000145.8	5499404.0	0	3330092.675	3236487.875	3137162.625	3262650.125
1775	675.2838757464378	7.142687	0	2274438.4	2142341.8	2431576.55	2253716.35	2514700.775	0	2544826.075	2323268.35	2365267.3	2241070.35
1776	672.2777101157117	7.145457	0	13317378.75	0.0	0.0	0.0	0.0	0	2943275.75	3042923.75	3508543.0	3822636.25
1777	551.2938330330971	7.1475816	0	6277214.25	11401208.0	0.0	0.0	0.0	0	1963372.875	1430048.625	1471680.0	1412112.75
1778	600.2992329273245	7.148409	0	21846413.5	23783802.0	25133642.5	22839067.5	24487437.5	0	26022886.0	22780494.0	24127237.0	21375944.0
1779	398.2036634274057	7.1561856	0	5404713.5	5744181.0	6607420.25	5998456.0	6129244.125	0	6441631.625	5770588.125	6150787.75	5776826.375
1780	547.321674676455	7.1661277	0	5979034.0	8197829.5	11876539.75	10423175.5	9869208.5	0	10305003.125	9061604.625	9280972.875	9500377.125
1781	489.2306416877226	7.1843514	0	6009042.75	31665436.0	1009253.5750000001	0.0	399463.525	0	2013477.25	1799651.525	1755761.025	1848870.05
1782	263.1734787476332	7.167783	0	20953815.5	30873322.0	33601939.0	30736584.5	30368127.0	0	28578020.0	28206134.5	30178506.0	28697805.5
1783	527.3442840543621	7.169237	0	15838256.0	25996572.0	25991513.0	22341283.0	22556207.5	0	22692407.25	21247356.75	22017579.5	20769916.0
1784	525.3403662835307	7.169632	0	303265840.0	502358880.0	500751967.5	429529000.0	442915707.5	0	440333867.5	411889205.0	421333757.5	402905685.0
1785	359.26535847293746	7.1701508	0	8525435.5	15430790.0	13812565.0	12329454.0	11790979.25	0	12540672.5	11017519.625	11943151.5	10957090.125
1786	526.3414191651284	7.1693025	0	90272353.5	150505870.0	155971310.0	107336787.5	140809262.5	0	136407171.0	127457230.0	105097315.0	125427997.5
1787	185.1284937835536	7.1708508	0	6698067.75	9572609.0	10503516.5	9556246.75	9596119.75	0	8984668.25	8844666.25	9578498.75	8946117.5
1788	375.2238197604764	7.17187	0	15384156.25	9927735.0	17330456.5	15251185.0	14228846.0	0	16110702.75	14476848.0	16054559.5	15552533.5
1789	341.21836765444544	7.172231	0	44702172.5	59900460.0	66815681.5	59811317.5	61431573.5	0	60328285.0	57186498.5	58636409.0	56609552.5
1790	157.13360047857878	7.1725984	0	4555298.2	6659375.5	7198135.875	6605424.125	6541746.25	0	6189206.075	6043961.875	6559734.25	6107702.25
1791	234.10840469327184	7.1767826	0	0.0	8361494.5	0.0	0.0	0.0	0	0.0	0.0	0.0	0.0
1792	244.1655748075596	7.1771936	0	2481873.1	1755489.4	2620366.175	2382574.95	2600839.75	0	2844918.25	2585082.55	2299731.475	2355921.7
1793	693.294140093453	7.1805606	0	4050660.875	2862885.5	3954427.0	3192492.575	3310540.8	0	3723496.7	3587558.55	3467913.45	3729152.55
1794	455.30561335735945	7.2095337	0	27080582.0	2054381.1	16280727.25	15407367.75	17520406.0	0	20814816.75	19917015.0	17169846.5	18387404.75
1795	259.12890599665565	7.1992736	0	4377642.0	3583813.8	3908154.425	3704499.75	3873256.425	0	3765352.35	4172693.175	3979487.0	3946020.075
1796	462.2193451290909	7.2004666	0	15720966.25	15178335.0	8450375.125	7754863.0	9292761.25	0	9881315.25	11142563.75	10531267.125	9663819.5
1797	227.6548296028816	7.200467	0	15787799.0	1443292.9	9396680.5	9371543.5	10451306.75	0	12476488.0	11833673.25	10039173.75	10657994.75
1798	454.3025220787575	7.2061687	0	97107714.5	7986139.5	61056813.5	54523717.0	64362134.0	0	78300483.5	72712896.0	61631492.5	64405507.0
1799	446.2434196241735	7.2120714	0	6141154.0	6061284.5	6939687.375	6294251.625	6471651.25	0	6420071.625	6583114.5	6392480.0	6451078.125
1800	267.1009871957797	7.2151117	0	0.0	5482827.5	0.0	0.0	0.0	0	0.0	0.0	0.0	0.0
1801	631.2758438466809	7.226961	0	23987486.5	28303342.0	28049841.0	26877559.5	27945378.0	0	25232682.5	26973153.5	27789273.0	26865156.0
1802	198.0848895773056	7.2332454	0	10959855.75	1822764.6	6876790.5	3874506.65	8725885.75	0	7836612.925	7387897.825	7993307.775	7219220.125
1803	176.1029115953477	7.2328453	0	114849205.0	11834878.0	65166272.0	32764381.5	83729215.0	0	77824729.5	74066604.0	75594170.5	69023569.5
1804	159.0763772344039	7.233224	0	71944805.5	8404980.0	40969196.5	20534795.0	53248049.5	0	48618464.5	46724316.25	47758937.75	43595128.0
1805	383.1536424534496	7.2420335	0	2748455.3	1487218.4	6312032.75	6355460.125	5067404.0	0	4851308.125	5133679.875	5139840.125	5358524.05
1806	361.1716300550365	7.2420335	0	33009435.0	13146155.0	65079965.0	59742010.0	58082333.5	0	51432287.5	54335009.5	55217963.0	54928483.5
1807	398.2220856605838	7.244054	0	15586029.25	6701371.5	28147432.0	23875158.5	24281011.5	0	22181571.25	22013703.0	23028712.0	24665645.0
1808	397.2193747937132	7.2428374	0	78098168.0	33648828.0	136502002.5	113150607.5	121001319.0	0	106299027.0	113072364.0	113187342.5	116193363.5
1809	407.2209765893582	7.2442765	0	1134555.775	0.0	7259661.875	6471958.875	6718569.125	0	4785434.0	5753186.375	5509005.575	5537119.7
1810	340.1979527516385	7.2449017	0	13564397.25	15287272.0	11005134.25	8406336.25	11121033.75	0	11725024.0	10904807.5	10704904.25	10762165.75
1811	362.175202040211	7.240467	0	5189977.25	1831161.6	10613400.75	8871909.375	9134460.75	0	8138895.875	8233794.0	8546276.125	8890782.125
1812	813.4356349339582	7.246393	0	0.0	0.0	4685458.875	4419127.0	4329023.325	0	3310104.5	3368247.5	3403262.5	3351994.7
1813	419.2011737903597	7.2464843	0	3022704.3	1548887.8	5597417.375	5168942.375	4743807.75	0	4509741.25	4647506.25	4619146.8	4756477.5
1814	490.2145511805643	7.2481413	0	6104320.375	4680972.0	6481563.25	5892137.5	5890818.125	0	6301802.0	6228684.375	5707288.875	6131064.0
1815	263.63455593944565	7.2506766	0	7340131.0	9821149.0	7345467.5	6967878.125	7170068.5	0	7007380.625	7508106.25	6890541.25	7417517.0
1816	596.3770557144591	7.2603683	0	4157313.95	6676916.0	1061833.225	1860968.4249999998	1941340.4	0	1606143.5	2666291.675	2712403.025	2036617.8
1817	254.6292661424643	7.269777	0	7886550.0	10181999.0	7027548.5	7280624.25	7500875.375	0	7280836.625	7457826.875	7440762.0	7516172.625
1818	526.2624701372899	7.2719607	0	106861336.0	130838920.0	92647991.5	96239835.0	99608816.5	0	99032328.5	97800084.0	97079205.0	101446361.5
1819	527.2644573607349	7.272432	0	28303141.5	35311720.0	24497765.0	25606783.5	26183393.5	0	26045926.5	26095778.0	25439509.0	27009870.0
1820	521.2781807907335	7.273288	0	6602054.875	6973695.5	0.0	0.0	0.0	0	1660522.0	1848373.875	1581427.75	1511731.25
1821	548.2438777437128	7.274102	0	3646171.2750000004	5267992.0	3533268.55	3811548.3	3726419.575	0	3627625.3	3667053.425	3606791.175	3815937.8
1822	235.0923871875557	7.2797346	0	4428216.95	3362307.0	10038539.75	9938349.5	10050329.25	0	8419731.75	8509781.7	8898014.25	8627907.75
1823	269.16079334969413	7.283557	0	0.0	140216800.0	0.0	0.0	0.0	0	0.0	0.0	0.0	0.0
1824	366.132940789203	7.288084	0	4582815.625	3968036.0	5152364.375	4703307.75	4678566.125	0	4372112.875	4715323.125	5095409.75	4934208.125
1825	414.2710716451165	7.292337	0	4629556.125	5142843.5	6057870.75	5675551.375	5509796.125	0	5063920.625	5511989.75	5619224.625	5677639.375
1826	205.08193840822696	7.3300242	0	1565789.6	7075804.0	615857.575	0.0	593930.55	0	1020101.875	993842.0	398594.95	363038.9
1827	582.2174291685001	7.2990093	0	5723888.625	0.0	7678812.125	6811018.25	6412932.75	0	5632894.375	6668222.875	6884668.0	7440866.5
1828	700.326313991383	7.305376	0	4310106.0	3771218.2	3658104.925	3307149.75	3442061.85	0	3326597.175	3798489.625	3774374.55	3817961.175
1829	384.18759215368686	7.315965	0	3939818.125	2950230.0	5006620.125	4733115.625	4582397.125	0	4342744.0	4532150.75	4610953.875	4776102.375
1830	389.16672841023	7.319949	0	4577300.0	2470501.2	5550979.75	5538611.75	5148060.75	0	4900173.0	5132112.0	4986919.125	5795748.125
1831	561.2514125278884	7.318728	0	27937436.0	31698030.0	705236.325	278900.125	860888.15	0	7614261.45	7456435.2	7571621.625	7140142.325
1832	201.0871160027101	7.3218546	0	0.0	5290486.5	0.0	0.0	0.0	0	0.0	0.0	0.0	0.0
1833	218.11362182068467	7.3218546	0	0.0	71356950.0	0.0	0.0	0.0	0	0.0	0.0	0.0	0.0
1834	453.2458874447566	7.323594	0	2453445.575	3327938.5	3664272.375	4745440.25	4251446.75	0	2814350.125	4110954.325	4622597.25	3566703.25
1835	240.09547309096928	7.3218546	0	0.0	11472558.0	0.0	0.0	0.0	0	0.0	0.0	0.0	0.0
1836	326.1822650530028	7.3250356	0	4089274.575	4926805.5	4635542.75	4523830.0	4629357.675	0	4382062.375	4432717.0	4486858.425	4576367.2
1837	568.8376835830448	7.33073	0	35991321.0	45052340.0	1399197.65	1890365.95	2642568.8	0	8912139.525	11072307.0	11094143.825	10844863.05
1838	357.2496188903168	7.3314085	0	4063620.45	2130651.0	2513148.375	3083374.325	3085551.2	0	3608805.95	2695206.625	3142448.9749999996	3299232.8
1839	348.14004573195723	7.3345594	0	7541231.875	6606093.5	7746468.5	7656396.125	7417755.625	0	7605983.0	7617210.5	7792364.375	7346294.25
1840	331.161186564174	7.334848	0	29465263.5	24554806.0	29833695.5	31213776.0	30142189.0	0	30130871.5	29368264.5	31375866.0	29779922.0
1841	373.17181988268857	7.334848	0	22239954.0	18001374.0	21017578.5	21330702.5	20713993.5	0	21222836.5	20960064.5	22072975.5	21046352.0
1842	635.3222793914903	7.336639	0	9128113.75	2929998.5	7953140.625	7345706.75	7547235.125	0	8864821.5	8041181.125	7279745.25	7788448.375
1843	348.07035965992	7.347626	0	9139556.0	6817435.5	8726738.625	8778785.375	8265922.625	0	8536956.5	8473969.25	8733966.25	9166110.625
1844	318.1648413389565	7.347381	0	4371306.875	1536351.0	3900141.275	3904610.9	4066511.0	0	4573296.325	4039596.75	3783449.825	3846227.15
1845	207.09763138397	7.347648	0	3078511.075	22235742.0	2581618.875	2768669.0	2586721.7	0	2769625.925	2769849.5	2822562.45	2653482.775
1846	203.15039663392105	7.348447	0	34333273.5	47873536.0	45675023.0	41117947.5	46825226.0	0	43110979.0	40696557.0	44311004.0	39832930.0
1847	428.2869055783588	7.374373	0	1793814.325	3576554.2	3783970.875	4750492.75	4479597.75	0	3382096.875	3347833.875	3543175.75	4534769.2
1848	255.14521204068856	7.358804	0	0.0	47637428.0	0.0	0.0	0.0	0	0.0	0.0	0.0	0.0
1849	1136.6677922394686	7.350274	0	5036314.55	7009123.0	0.0	0.0	0.0	0	957325.05	1378550.0	1312202.25	1388237.25
1850	370.2086115055976	7.3618793	0	2154338.875	6744878.5	5449081.375	5237193.875	4905375.875	0	4723475.35	4426562.15	4343941.075	4252011.425
1851	216.06332944272944	7.369467	0	0.0	26937404.0	0.0	0.0	0.0	0	0.0	0.0	0.0	0.0
1852	277.1031302831301	7.3710055	0	57965931.5	33508660.0	72005993.5	72123892.0	72376880.5	0	70777306.0	68965853.0	62710577.0	72018961.5
1853	241.08191785164053	7.3710666	0	4187098.5	2252913.0	4948541.25	4860930.625	5193070.125	0	5052760.0	4920056.0	4225737.25	4991087.25
1854	259.0925938841742	7.3710747	0	33922376.5	18703630.0	40798032.0	39953943.0	41961623.0	0	40706386.0	39674089.5	35186804.0	41068695.0
1855	476.19913239837626	7.375765	0	43664769.0	45877150.0	34118647.5	34613516.5	33819536.0	0	38089478.5	37067066.5	32579251.0	38480673.0
1856	498.1809465515984	7.3761883	0	5641491.875	5560512.5	4541402.25	4932270.0	4540095.0	0	5210833.125	4937846.25	4428777.375	5077802.375
1857	276.119291460437	7.3972054	0	4258482.5	5426629.0	708821.0	1036615.55	1126431.625	0	1912738.375	1979515.275	1268056.2	1970040.825
1858	675.2838652483264	7.395259	0	88020211.5	105446320.0	80450586.0	79279444.0	80841117.5	0	80106538.0	83865131.5	80835323.5	83784366.0
1859	697.2656695039507	7.398932	0	8555873.875	8805195.0	8276935.625	8263819.75	8032290.375	0	8209562.0	8220151.125	7974927.5	8724279.0
1860	359.24027420055984	7.402244	0	0.0	5712162.5	1207726.8	648148.925	1788823.425	0	914913.75	1133950.275	437898.35	1157936.775
1861	360.1878578526687	7.407407	0	2502634.975	2592359.8	4756874.25	4195542.0	3881166.0	0	3743105.0	3707527.55	3910205.0	3975379.675
1862	635.3226189271359	7.3618455	0	9252296.125	3265109.0	8249338.0	8283122.25	8007896.125	0	9403028.625	8864606.0	7910805.25	7614212.625
1863	219.04357752239	7.410011	0	3839878.65	0.0	6604067.0	5813093.875	6779694.875	0	5804170.825	5663510.575	5482215.5	6086837.5
1864	345.24985418577023	7.414524	0	8919383.5	12118574.0	10231552.75	8453085.625	9503189.5	0	9378078.75	9279713.875	8949810.5	9499608.25
1865	626.3878843895353	7.4205327	0	8722920.625	10510833.0	9650486.75	8655337.75	8956558.0	0	9069833.875	9169400.75	8767364.0	8978704.5
1866	320.14530357070043	7.4213777	0	4215330.625	3090472.8	4234000.625	3771757.425	3768093.725	0	3938847.725	3882513.025	3941230.85	4226590.8
1867	262.10357615027567	7.425624	0	6832632.5	20831428.0	7290288.25	2601837.975	8197411.625	0	7037870.0	6717392.05	5824377.675	5342530.625
1868	544.2732691334437	7.425623	0	6945670.375	0.0	11483784.25	10379729.0	11567141.5	0	10123469.625	10244556.125	9949921.375	10058378.0
1869	348.07044630587046	7.3769784	0	9244016.625	6256888.0	8595003.75	9327378.75	8258620.125	0	9117889.875	8990440.375	8653780.0	8662909.0
1870	789.425876729874	7.4429865	0	0.0	0.0	24819490.0	21643190.0	19781948.5	0	15280593.5	16579317.0	15805203.0	18579515.0
1871	269.1609367751627	7.4464307	0	0.0	39990880.0	0.0	0.0	0.0	0	0.0	0.0	0.0	0.0
1872	455.225257888936	7.457916	0	16605779.25	14902080.0	15235332.75	14564321.0	16250960.0	0	14536656.75	15916190.0	15358361.5	16845184.75
1873	229.12968998755028	7.459939	0	23255674.5	18512018.0	23783858.0	22708081.0	24768288.0	0	21852417.0	23588842.5	23635933.5	25438708.5
1874	428.2869567769261	7.4575534	0	3405155.6	3452690.8	5062426.625	4983539.75	5216800.625	0	4438367.5	4830732.8	4503675.875	4895146.425
1875	764.3656975475047	7.475037	0	76196837.5	80908264.0	83870907.5	79031192.5	86118971.0	0	76654960.0	86802123.5	76579403.5	85181421.5
1876	326.18237544425074	7.4813805	0	26624254.0	8197725.0	27638163.0	24429167.0	28801584.5	0	28619200.5	27273487.5	24690077.5	26910403.0
1877	204.0981189149035	7.48551	0	0.0	5590121.0	0.0	0.0	0.0	0	0.0	0.0	0.0	0.0
1878	382.6867329343895	7.4878078	0	99343922.5	96275600.0	106417897.5	101642042.5	114358246.0	0	103860238.5	107256417.5	104201042.5	106444410.0
1879	366.1333766923893	7.4893007	0	2536774.4	1383499.8	5454594.125	5028159.75	6184435.375	0	4937579.625	5057657.575	4413207.95	4795518.5
1880	207.0977577302849	7.4947953	0	0.0	7792156.0	0.0	0.0	0.0	0	0.0	0.0	0.0	0.0
1881	550.2366209696859	7.4948187	0	3696089.75	2849000.0	3652220.0	3634735.2	4450718.125	0	3811666.95	4026819.3	3887811.125	3707465.7
1882	435.1726668757051	7.5008345	0	3412246.75	2777358.8	3308691.55	3238478.15	3758120.0	0	3437451.25	3514858.15	3503441.45	3261785.6
1883	373.2562082784242	7.499995	0	463019.125	4118124.5	3337975.5	2929229.125	3735025.45	0	2490290.55	2585073.3	2951889.75	2437995.5999999996
1884	341.14365847073606	7.507082	0	5292540.25	8603360.0	3021714.6	2739610.725	4223280.875	0	3962524.225	3833486.875	3909893.725	3571241.625
1885	134.04490350075574	7.519371	0	608308.96	7207642.5	1648969.5	526477.4	1510917.2	0	1757290.85	864577.75	833290.7849999999	839513.675
1886	637.3159563611528	7.5138083	0	6149433.25	14462499.0	1924946.875	1324555.575	3221649.15	0	3358066.05	3244905.425	3253399.325	2764214.05
1887	200.10317905042828	7.5165815	0	4600481.125	5977062.0	2488078.2249999996	2105654.2	3295477.0	0	3216590.85	3207663.45	3133544.65	2931891.6
1888	319.16141008024897	7.517064	0	104606505.0	137257020.0	58634659.5	49467927.0	76240976.0	0	75404297.5	74659525.0	71387485.0	67498760.0
1889	301.150842285268	7.5174775	0	9604468.25	12105801.0	5348831.425	4542658.625	6937080.75	0	6794567.125	6863888.625	6551569.375	6223013.925
1890	322.1871135501183	7.5224385	0	0.0	14119381.0	0.0	0.0	0.0	0	0.0	0.0	0.0	0.0
1891	152.05676380805843	7.5232005	0	17330574.25	8163685.0	16705510.5	17930511.25	17580872.25	0	16747708.25	18475314.5	17450755.5	16873690.0
1892	346.0549061421696	7.5231953	0	96113591.0	45154180.0	94085352.5	98666505.0	99312998.5	0	94317837.0	102892005.0	97070372.5	93898232.5
1893	248.12418830656048	7.532007	0	0.0	32962650.0	0.0	0.0	0.0	0	0.0	0.0	0.0	0.0
1894	378.15123509871	7.534436	0	7701238.25	5761002.0	6928244.0	7367531.375	6936230.875	0	6751227.25	7635536.25	6932478.125	7614002.875
1895	331.2339326827947	7.552714	0	4478280.625	13992978.0	7641361.5	7119738.125	7630560.75	0	6502495.0	6589546.625	6825502.5	6952396.875
1896	490.2146427775848	7.560312	0	125657463.5	109512730.0	136647590.0	130667271.5	120609364.0	0	126346168.0	126914808.5	125022822.5	135297890.0
1897	512.1966216630341	7.5651956	0	14852895.5	10390880.0	15774201.75	16859638.0	13538774.5	0	15011198.75	15391881.5	15228871.0	15393558.5
1898	356.192806562692	7.5678315	0	5234708.375	8711832.0	8993406.0	8939120.75	8068129.25	0	7872725.375	7614217.75	8064085.75	7684335.5
1899	359.2399955534127	7.569558	0	2914461.375	9359879.0	3877209.725	3238726.425	4022866.55	0	3616732.8	3468618.125	3683208.75	3284704.4000000004
1900	612.371987523632	7.580677	0	3993672.575	4801692.0	3369512.725	3491284.15	2546518.8	0	3405551.625	2792704.625	3552423.0	3650309.0
1901	343.2341150128724	7.5781927	0	2445131.275	2650216.2	8357120.25	8079587.0	7007429.875	0	6578781.125	6278837.0	6558334.95	6473315.325
1902	306.0484450183777	7.574692	0	30432690.5	19640298.0	20877822.0	21507011.5	24938773.0	0	25280088.5	24731293.0	23968372.5	23776543.0
1903	767.3207474325278	7.5834117	0	9573433.25	17508670.0	0.0	0.0	0.0	0	2534982.5	2525992.0	2235616.75	2276842.0
1904	246.18110746980057	7.58236	0	1913718.1	1937046.9	3101581.45	3643161.325	3068663.45	0	2878019.95	2934380.525	2955692.45	2959031.4
1905	486.2922559951292	7.5909405	0	3165271.05	3361329.0	3629329.925	4100737.575	3657634.0	0	3597998.625	3706916.425	3711386.1	3536671.4
1906	398.2219351363672	7.6097445	0	20419270.0	24317010.0	30150931.5	26801592.5	26301787.0	0	24769489.5	25737656.0	26991782.5	26174653.0
1907	584.3768841268154	7.5918946	0	3811512.7	1234242.0	35518029.0	38796107.0	32409323.0	0	26705564.75	28179296.45	28543165.875	27106944.625
1908	690.3667789865133	7.5933423	0	7272504.0	10473904.0	0.0	0.0	0.0	0	2093490.625	1852113.125	1556111.0	1770789.25
1909	185.12845787956377	7.5944796	0	4392208.0	4996915.5	5192744.625	5375124.625	5213201.625	0	5098172.625	5053555.0	4917356.5	5104194.75
1910	345.6868086452167	7.5944576	0	3289718.25	4557978.5	0.0	0.0	0.0	0	958519.75	910732.875	676855.0	743610.625
1911	369.24966271489495	7.595427	0	6925929.375	8717541.0	8221689.5	8837079.75	8293936.125	0	8046425.375	8112336.125	8099739.875	8020133.375
1912	163.0712420866526	7.598038	0	0.0	5624180.5	0.0	0.0	0.0	0	0.0	0.0	0.0	0.0
1913	235.09234301646487	7.617064	0	2546584.725	24069492.0	4641327.5	6539928.125	6439980.375	0	5377296.7	3958862.425	5550467.9	5281193.7
1914	345.2494654064214	7.603541	0	11241197.25	17418220.0	18011367.5	17508628.25	17223013.25	0	15426484.75	15995331.5	16775548.75	15786841.25
1915	397.2193835335944	7.6085324	0	91866702.5	112781890.0	137834055.0	129580852.5	128430076.5	0	113725867.5	122568191.5	126659670.0	124757957.5
1916	323.1446380825804	7.6124835	0	283023.275	0.0	2863487.225	1457226.9249999998	3167807.7750000004	0	1983748.975	1964817.575	1981862.45	1841116.2
1917	428.2618264863302	7.6134048	0	4755178.125	1894965.0	3913285.0250000004	3821926.925	3878272.375	0	3942546.25	4241668.75	4144891.3	4039556.1500000004
1918	262.1032741886185	7.619176	0	1488095.575	1560355.9	2955878.2	2426030.3	2860415.875	0	2369936.275	2508501.9749999996	2489114.7	2362867.0
1919	288.20291833273546	7.6262193	0	0.0	66483636.0	0.0	0.0	0.0	0	0.0	0.0	0.0	0.0
1920	345.2245054954992	7.662988	0	5445849.0	6193896.5	4253334.625	3706040.0	4481911.625	0	4487030.425	4534922.075	4683562.675	4181620.075
1921	253.08525433808776	7.6636586	0	0.0	6953087.0	0.0	0.0	0.0	0	0.0	0.0	0.0	0.0
1922	322.1873063376369	7.6636586	0	0.0	12129697.0	0.0	0.0	0.0	0	0.0	0.0	0.0	0.0
1923	263.08733627357043	7.664644	0	14647854.5	5595891.0	20569325.5	20961707.0	20171450.5	0	17946886.5	19022221.0	19973892.0	19407338.0
1924	245.0767630690981	7.665543	0	12804849.75	4927066.0	17172367.5	17729577.5	16883823.0	0	15053016.5	16351088.25	17083321.0	16103192.0
1925	789.4252682279196	7.6116586	0	0.0	0.0	16393203.75	15733565.75	13076558.25	0	10146622.5	11198615.25	11802396.75	12055693.25
1926	679.3524124590688	7.6740417	0	4672560.5	3631857.2	3001342.875	3187884.625	3229135.2	0	3398978.9	3603046.7	3626737.175	3462160.425
1927	517.2803865307679	7.6871686	0	10371547.75	16910946.0	1544439.35	1888027.625	1934629.225	0	2583962.375	4236232.4	4992800.0	3925649.175
1928	305.1455195731796	7.6846013	0	28896595.0	24616600.0	26776204.0	27419520.0	25919989.5	0	26677871.0	26349333.5	27937495.5	28047608.5
1929	449.2394490245495	7.692763	0	2879068.05	3824828.8	4425903.125	4233811.925	4122883.7	0	3464507.5	3717075.75	4399701.125	4080382.425
1930	331.2338241602227	7.69346	0	11864967.25	13788848.0	13782876.5	12047344.25	14577565.0	0	12177278.25	12950532.25	14159601.75	12985340.75
1931	235.0924466415389	7.693482	0	7811664.5	5906573.0	7676483.375	7120361.25	7278790.375	0	7201450.875	6860229.25	7896945.5	7928673.875
1932	446.2435959281272	7.6934633	0	327410125.0	463823300.0	556131385.0	521043672.5	534314732.5	0	436705517.5	466038230.0	536502095.0	499654072.5
1933	323.665002025398	7.694245	0	8618248.5	9902332.0	0.0	0.0	372235.975	0	2036302.25	2143373.25	2196813.0	2613995.975
1934	315.2026366890586	7.6948667	0	7861028.75	12033500.0	14041102.0	12696252.75	13436050.25	0	11001926.625	11559308.25	13145198.75	12328000.125
1935	244.16556735508755	7.6952953	0	5482155.125	8291233.5	9420961.75	8538733.125	8914304.75	0	7404402.875	7846828.875	8679833.25	8425089.75
1936	199.62357393208265	7.695301	0	3046013.35	4985647.0	5813096.875	5251172.625	5414226.25	0	4425534.25	4779169.05	5174498.175	5145307.625
1937	223.62524794449524	7.6953588	0	25755006.0	42648976.0	48062459.5	42809568.0	43556662.0	0	36821566.0	38249712.5	42140845.5	42971571.5
1938	646.3230655091041	7.695584	0	65193242.5	71893320.0	4761387.175	5410327.0	7216380.625	0	18293850.5	21969792.25	22674559.5	19643135.05
1939	317.2182309620098	7.701479	0	5515035.75	8578201.0	5425023.5	4800723.5	6054264.75	0	5006424.25	5291136.625	5690725.125	5806761.5
1940	435.1726589107375	7.6998076	0	16805003.75	16803516.0	0.0	0.0	322446.85	0	4218307.0	4336944.0	4470373.0	4101826.6
1941	577.246797648551	7.7163916	0	68284752.0	56698750.0	60701570.0	56695817.0	55592419.0	0	56944545.5	60751641.0	64026396.0	59551975.5
1942	599.2287711896502	7.718573	0	6344556.625	3762457.8	5230174.125	5097654.75	4850883.75	0	5210055.375	5651043.5	5324420.875	5337749.5
1943	612.3722525776271	7.7209373	0	3492106.05	4767456.0	4664158.75	4622590.925	4548253.625	0	3706982.1	4468042.75	4729644.5	4422440.0
1944	260.1969324056176	7.7302895	0	0.0	170353980.0	0.0	0.0	0.0	0	0.0	0.0	0.0	0.0
1945	294.1811774910757	7.7302895	0	0.0	56691348.0	0.0	0.0	0.0	0	0.0	0.0	0.0	0.0
1946	430.2451566229704	7.733083	0	14763234.75	0.0	3926136.875	4152903.7	5463302.0	0	8235399.125	7593417.625	6180799.25	6295961.325
1947	519.2929602766822	7.74232	0	2355858.975	4448359.5	4374524.375	4729214.75	4426294.625	0	3826340.175	3761268.3	4350684.875	3947599.375
1948	849.3475608159242	7.742942	0	7087071.125	4918874.0	6759422.875	7122348.75	6800434.5	0	6624572.5	6932072.625	7249740.875	6962891.25
1949	400.25541123406725	7.746926	0	5520016.75	2707509.0	4445122.5	4841419.375	5210786.375	0	5021302.25	4985418.875	5079240.125	4931383.75
1950	356.19286486901365	7.7572074	0	4897641.0	33785224.0	5307093.0	4980586.5	5563986.875	0	5180235.0	5010473.75	5584249.25	4974349.375
1951	258.1086418084898	7.7676306	0	0.0	23184734.0	0.0	0.0	0.0	0	0.0	0.0	0.0	0.0
1952	276.11903549695273	7.769478	0	1778179.85	47992196.0	0.0	241294.0625	0.0	0	675365.0125	519172.65	338300.35	486635.9
1953	345.22448364209697	7.774777	0	5013078.125	8016110.0	6164995.25	5822970.625	6384957.5	0	6086799.875	5398076.875	6130676.625	5770448.125
1954	217.08198240639	7.7458944	0	5724408.0	2720712.0	866186.575	1290992.65	1176335.05	0	2603090.375	3120253.625	1272352.55	2062225.725
1955	481.1600401277973	7.7774935	0	22769004.5	17597556.0	10570449.75	9235266.25	11515883.0	0	14969168.25	12551617.25	13087533.5	13482284.5
1956	235.0924729023324	7.720739	0	5566528.425	6281712.0	6294258.575	4683628.25	7560190.125	0	4837000.95	6814996.875	5994399.3	6458208.25
1957	406.1456103486197	7.782756	0	11302011.75	7316551.0	6587643.625	5934520.875	7825144.125	0	8274596.75	7711775.0	7853820.125	7809128.5
1958	371.2403204660814	7.7979856	0	3166028.325	0.0	1739962.225	1681451.45	2105961.575	0	2412527.9000000004	2134601.95	2071771.45	2074502.275
1959	581.3044810990051	7.798825	0	1503662.175	1221582.5	5062906.25	4704924.2	5063872.125	0	3978051.175	3875701.4	4421208.775	4060403.4
1960	221.0768828896777	7.801831	0	10995523.0	9019595.0	11965735.75	11385149.5	12357317.75	0	11485211.75	11420207.5	11899731.0	11898575.75
1961	263.08740921253707	7.8142056	0	26046298.0	23826414.0	34014519.5	31380701.0	32284790.5	0	28980783.5	29382118.5	31807692.5	33555714.5
1962	713.4196203255663	7.820872	0	17404203.75	15929615.0	21709312.0	19984407.0	22145065.0	0	20782336.0	20000925.0	20435018.5	20024708.25
1963	288.203030861197	7.826026	0	0.0	97057544.0	0.0	0.0	0.0	0	0.0	0.0	0.0	0.0
1964	326.18219263037014	7.826711	0	6114733.0	8971204.0	7717399.125	6147453.625	7817805.125	0	7258859.0	6987517.75	6698594.375	6852419.75
1965	261.11945095253867	7.835926	0	0.0	30074110.0	0.0	0.0	0.0	0	0.0	0.0	0.0	0.0
1966	317.2183406030369	7.838894	0	17184910.25	19400294.0	22518154.0	21011172.0	23264704.5	0	21608710.5	20673493.5	20081139.5	21615597.25
1967	414.1273335804025	7.8589478	0	3064393.7	1377770.5	3176248.1	2899790.6	2863847.375	0	2780137.575	2733500.7	3099982.85	3390658.6500000004
1968	361.2444940363029	7.8465266	0	3299570.0	6583943.0	7386538.5	6698791.0	7561691.0	0	6439836.0	5813605.0	6138956.0	6554193.5
1969	375.2062962723989	7.846118	0	27045745.5	25746728.0	34950379.0	33305435.0	36132554.5	0	33865691.5	31513867.5	31984187.5	34070367.5
1970	507.1937464220694	7.852834	0	10816371.5	8732948.0	5696192.55	5138691.625	5881919.0	0	7236194.625	6585684.75	6577240.875	7134054.425
1971	556.34562222194	7.8568044	0	1677899.8	2453015.5	3751452.425	3287748.7	3484762.125	0	2930468.475	2911944.8	3082922.275	3276527.5
1972	389.239311618606	7.8576097	0	1286506.425	3998977.0	4959125.5	4142413.7	4411062.5	0	3742621.9	3117043.7	3906965.3	4032477.225
1973	384.1877650572269	7.858667	0	3417763.075	3208768.8	5350239.875	4610260.125	4884627.875	0	4484207.45	4389875.625	4555526.0	4833281.875
1974	348.07030139457873	7.861177	0	10500579.625	3322647.5	5456558.625	4846482.75	6572796.625	0	8141241.375	6710069.625	6122608.125	6402498.5
1975	577.2805846543226	7.8696446	0	5028169.5	2325425.0	4535993.175	4099749.2	4610129.0	0	4475729.55	4600673.7	4571353.95	4626283.675
1976	522.2034271734084	7.8731627	0	2706739.725	2326915.2	2788332.125	2818300.25	2647622.75	0	2657812.675	2706076.125	2739107.325	2857998.725
1977	444.28226031678753	7.8744183	0	3162662.75	2208786.2	5322546.125	4763821.75	4744641.25	0	4274645.7	4530175.2	4517465.3	4671385.675
1978	336.1402096195517	7.8767424	0	56210030.5	54965416.0	81457151.5	76126491.0	74076512.0	0	68091789.0	72754248.5	73548293.5	73475854.0
1979	358.1221306960759	7.87765	0	3712101.825	2958280.0	5513366.125	5331626.625	5039758.375	0	4634621.95	4940901.625	4997570.25	5023759.125
1980	671.2731100176418	7.8776956	0	1977906.1500000001	1779351.5	3548910.0999999996	3345813.25	3508649.625	0	2840650.325	3008234.25	3428469.875	3103924.675
1981	359.24012230866833	7.880956	0	399292.05	4317779.5	2538002.925	1983686.85	2378007.8	0	1709462.65	1689486.3250000002	2102602.475	1797438.175
1982	383.2036967785616	7.8859453	0	2806715.425	3544025.5	5117710.5	4481232.375	4493187.175	0	3820483.725	4294445.25	4442935.625	4340980.875
1983	364.13508174651946	7.88906	0	2835941.3	1786428.4	6672633.25	6139135.875	6371668.375	0	5000993.2	5712343.25	5510355.175	5795687.175
1984	414.2711119721831	7.904527	0	2322210.325	2599244.2	3594948.5	3228721.925	3305808.125	0	3072083.45	3060570.425	3108874.05	3210160.95
1985	343.2340331362554	7.9191833	0	96865015.0	1791561.5	23634521.0	23354205.5	28851318.5	0	54652567.0	42062822.0	36980903.5	39008767.5
1986	347.2287317010768	7.9191947	0	4808990.125	8130094.5	7271558.25	6661119.375	7364833.75	0	6327435.75	6499687.5	6920138.5	6359239.75
1987	375.23428265424826	7.920505	0	3225938.675	4942981.0	3829059.175	3380634.05	4157267.325	0	3625172.175	3694390.1	3732779.825	3540557.125
1988	417.2456867421668	7.9221287	0	1229062.85	5657192.0	2582028.45	2096596.725	2660714.325	0	2251877.025	2245327.525	2315964.0	1755233.8
1989	549.3035452727851	7.9256964	0	4887886.675	13392239.0	9500956.75	9086774.5	9573459.625	0	7742199.425	8263249.875	8742045.375	8301582.875
1990	403.2299913510652	7.926633	0	3227367.925	2948434.2	5894855.125	5492893.25	5593038.125	0	5072058.5	4999804.3	5060670.375	5075621.25
1991	244.09281444897795	7.9288526	0	2789655.325	6431180.5	648276.55	0.0	986657.575	0	1444340.85	1114739.75	1203766.6	661742.25
1992	189.13490798197265	7.927701	0	0.0	16586783.0	4462335.625	0.0	7298918.875	0	4004568.125	3136524.75	2998653.625	1621508.0
1993	262.1034303650211	7.9274006	0	5081115.5	11894140.0	2059743.0	1089790.575	2294033.825	0	3076411.35	2975837.3	2213470.95	2258963.3
1994	324.66231261489594	7.934863	0	439552.75	4219844.0	3544318.1	3075132.5250000004	3166790.2	0	2393484.425	2505193.3	2875698.75	2451417.1
1995	533.2748905681851	7.92981	0	3078070.125	3564010.8	1321617.225	1600703.7	1806634.375	0	1407664.55	2037480.4	2304239.425	2057641.05
1996	648.3178897253432	7.933791	0	403425.35	4071744.0	3208940.1500000004	2956401.55	3084330.175	0	2259847.8	2375668.725	2659665.025	2357915.675
1997	312.16666143567033	7.9377794	0	8099124.375	9449148.0	10411178.25	8852856.25	9993060.0	0	9803770.0	9449504.375	8822502.75	9280441.75
1998	189.1597974091077	7.9547644	0	32425847.0	35815652.0	39601201.5	35444974.5	44516394.5	0	37454105.0	37277110.5	37892863.0	39364339.0
1999	374.239909306846	7.9616914	0	4022923.175	3497954.2	4968865.5	4893636.25	5309021.875	0	4536061.75	4897310.675	4970987.0	4790087.375
2000	260.1969303998954	7.964979	0	0.0	91768104.0	0.0	0.0	0.0	0	0.0	0.0	0.0	0.0
2001	356.1926946173731	7.9654927	0	2255684.175	5495023.0	3978850.175	3688994.8	4160833.175	0	3312904.25	3552926.2	3744247.925	3474283.95
2002	504.2665051956174	7.973752	0	7510980.125	3368452.5	8627872.5	8245465.25	8620108.875	0	7503526.5	8471924.875	8886153.125	8142822.25
2003	324.1666081764899	7.979272	0	1955674.9249999998	2414560.5	3162660.2	3008472.425	2849580.95	0	2468737.075	2706906.925	3041352.8499999996	2759391.65
2004	340.17990142031334	7.9820156	0	7599581.75	9588989.0	0.0	0.0	0.0	0	2030287.0	2034260.75	1906671.75	1628362.25
2005	255.1452006451869	7.9850793	0	0.0	27975710.0	0.0	0.0	0.0	0	0.0	0.0	0.0	0.0
2006	679.3527132974959	7.980733	0	65506784.0	84872984.0	0.0	0.0	553201.425	0	17015801.4	15937417.0	17708105.0	15398662.025
2007	234.108442928868	7.973941	0	1795640.7	20356446.0	321355.95	0.0	624711.575	0	473257.8	835790.65	745855.825	686803.95
2008	243.15791281311755	7.9979043	0	56733284.0	59342200.0	71120901.0	73207487.5	69006492.0	0	67361787.0	62565447.5	70555287.5	69585642.5
2009	331.2339342549337	7.9979897	0	4155690.425	7341144.0	7077508.375	7249883.625	6627310.5	0	5948035.95	5656932.675	6839646.875	6665777.425
2010	485.3087490765586	7.9980836	0	310353975.0	334007580.0	404517895.0	408349195.0	371228077.5	0	348245137.5	349496527.5	406956682.5	389750795.0
2011	507.2901412359124	7.9990053	0	2271423.825	0.0	3333709.4	3487365.75	3081269.85	0	2754324.85	2724387.475	3428655.575	3266400.925
2012	175.14415988483893	8.002936	0	4140271.425	25844452.0	26996911.0	23770775.5	26745621.0	0	22515742.75	17540059.525	20243529.275	21354247.375
2013	701.3343924879513	8.00227	0	2857871.175	2624169.5	0.0	0.0	0.0	0	704829.3	712948.875	769296.5	670796.5
2014	375.2237005413438	8.003249	0	3695160.675	2644743.5	5082566.875	5429731.625	4772699.375	0	4537442.25	4439668.0	4905743.875	5097304.425
2015	361.24452083122696	8.0085745	0	6253571.25	7867221.0	7051302.5	7479986.625	7175246.5	0	6627695.5	6848325.125	7340093.875	7143992.375
2016	317.2183559766705	8.019617	0	8510056.25	10189004.0	6618811.75	6114323.75	7119048.25	0	6783608.25	7084735.125	7001414.0	7492482.625
2017	389.2394447761605	8.020056	0	25196562.5	36844370.0	39337386.0	42411378.5	35812490.5	0	33581244.0	34895088.0	38055538.0	36225947.5
2018	390.1620221103116	8.023532	0	10850923.0	9735164.0	10659452.5	11374041.5	9710323.0	0	10335050.5	10903226.0	10648449.5	10708014.0
2019	345.22446379238727	8.024441	0	3386537.7	15050593.0	3069876.0	2120067.125	3598171.5	0	3001200.2	3025315.6	3269424.475	2878712.05
2020	193.082019122038	8.024877	0	0.0	3909584.8	0.0	0.0	0.0	0	0.0	0.0	0.0	0.0
2021	349.1353384050226	8.02984	0	0.0	0.0	2909323.425	3038867.0	2570318.25	0	2023588.625	2085603.125	2249339.0	2159977.925
2022	417.2457619205112	7.989249	0	0.0	13395731.0	0.0	0.0	0.0	0	0.0	0.0	0.0	0.0
2023	507.77246897597234	8.045944	0	4538701.3	0.0	10992571.5	11238764.25	11123362.25	0	9011379.5	9566171.75	9889538.8	9426309.25
2024	520.1889128806844	8.067213	0	1470699.85	1390509.1	2242395.525	2505653.775	2326382.55	0	2119084.9	2156583.725	2004080.825	2265382.25
2025	504.2486742658963	8.0664835	0	1954721.6749999998	2165039.8	2247210.425	2387585.2	2219322.85	0	2065482.775	2225924.625	2242524.6	2274908.15
2026	347.2289859163534	8.067776	0	9599788.5	12211794.0	12191292.75	12840973.75	13125193.0	0	11225100.0	12210898.5	12104808.5	12216441.0
2027	849.3478528449308	8.07179	0	2889504.225	2154858.2	2967170.45	3054426.025	2995899.125	0	3019416.75	2882100.05	2797024.4	3208458.625
2028	341.218495200714	8.075911	0	5277368.0	2863750.0	3740144.8	3962973.0	4161718.0	0	4663235.05	4281087.95	4106704.5	4091176.3
2029	423.2237406697942	8.088099	0	1625165.925	2193161.5	2450004.75	2337101.3	2364637.9	0	2028162.0	2170492.925	2411363.05	2166891.9
2030	418.2660860659189	8.109123	0	2892467.2	6548256.5	2927026.1	2583678.25	2530003.375	0	2551509.4	2654497.8	2941910.75	2785256.975
2031	487.2147512304839	8.109727	0	4106600.975	4431015.5	4890786.0	4498801.0	4219899.325	0	4248485.675	4360452.425	4682867.625	4424281.575
2032	505.25201148381353	8.111624	0	1579675.45	0.0	0.0	0.0	0.0	0	675095.125	458743.1	0.0	445837.225
2033	591.2262963400993	8.113993	0	1729475.0	2403284.8	0.0	0.0	0.0	0	489933.95	463759.9	379669.6	396111.55
2034	416.16008926721486	8.116972	0	2368767.9	4505106.5	5376844.625	5110380.5	4259807.95	0	4014222.825	3925490.4	4651229.375	4524858.375
2035	235.11904686416003	8.119153	0	33762720.0	2105522.2	10100985.5	7593121.125	15163758.5	0	20064794.375	16337898.125	14897139.5	15320753.125
2036	253.1296324730516	8.120507	0	267109322.5	26312112.0	85255853.5	63325325.5	127462537.5	0	162299540.0	131458732.0	123260039.5	126134727.5
2037	361.2447071078882	8.118918	0	3215940.9	6833880.0	6806783.0	6738411.75	6275602.375	0	5268579.575	5590004.375	6503404.125	5674749.95
2038	331.2089792192785	8.133459	0	3932649.625	13516254.0	1956377.475	1437816.8	2445325.625	0	2480444.025	2320769.275	2566084.5	2404871.725
2039	414.2714328464597	8.141182	0	6307423.5	2376353.8	2981810.0	3100721.9749999996	3063225.9	0	4115285.5999999996	3996822.7	3594493.125	3746579.95
2040	391.14615649401424	8.155169	0	21167267.0	14740216.0	20404825.0	19240586.0	19224549.0	0	18819477.5	19789917.0	20499448.5	20928384.0
2041	417.2458726745479	8.153772	0	2859858.0	6256156.5	5051642.875	4797177.25	4469007.8	0	3859481.475	4366410.5	4376950.875	4574843.075
2042	306.1595816149061	8.167261	0	0.0	5475825.0	0.0	0.0	0.0	0	0.0	0.0	0.0	0.0
2043	317.21856663117967	8.168116	0	17561545.5	39737744.0	16587119.75	12130108.25	17877575.0	0	15150850.5	16378869.0	16523098.5	16103530.5
2044	335.1563205109116	8.1685705	0	16367140.5	17309280.0	6561600.425	5537625.625	7358732.75	0	8254514.25	8643586.375	10050806.125	8876192.55
2045	572.3411191419447	8.1696005	0	1703936.05	2486706.2	5888185.5	5846975.875	5396596.5	0	4428466.0	4926913.375	4658792.825	4821521.725
2046	383.2041632994606	8.174131	0	2517910.9000000004	3603332.0	4117304.7	3889996.15	3667196.375	0	3305543.125	3635848.575	3563041.45	3687974.975
2047	386.2403536498118	8.186954	0	4974802.5	5631430.0	6005125.0	6312721.625	5744854.125	0	5570119.0	5964653.25	5737418.0	5765313.0
2048	262.10367871914207	8.187191	0	2750427.925	7844638.5	3355940.625	2991016.675	3360230.175	0	3192377.85	3024764.6	2986067.925	3254405.025
2049	375.23578888832986	8.194882	0	1566552.8	4690596.0	2806750.6	2752766.3	2853882.175	0	2599128.1500000004	2559087.275	2356419.25	2465317.2
2050	613.3678538235207	8.194564	0	0.0	0.0	2835402.05	3025342.75	2737089.425	0	2134489.125	2259981.95	2088986.85	2114376.3
2051	274.187546632833	8.197725	0	0.0	77546060.0	0.0	0.0	0.0	0	0.0	0.0	0.0	0.0
2052	319.1401366365023	8.197725	0	0.0	4965176.0	0.0	0.0	0.0	0	0.0	0.0	0.0	0.0
2053	342.1776755313486	8.204698	0	4029752.575	4388387.5	5497074.375	5243784.375	5212131.25	0	5057165.325	5030807.25	4902251.625	4992518.375
2054	471.2933200126067	8.210459	0	2830524.55	1793936.5	12301280.75	12067335.5	11343712.0	0	9624957.45	9897154.0	9537422.8	9483318.55
2055	278.15332672850246	8.2076235	0	0.0	10023748.0	0.0	0.0	0.0	0	0.0	0.0	0.0	0.0
2056	374.2402437321079	8.210602	0	3734532.675	3943516.0	4756724.625	4588948.375	4408329.925	0	4341637.0	4449057.925	4324552.125	4373288.55
2057	381.71151935184616	8.237553	0	1514821.2	3121349.2	0.0	0.0	0.0	0	295219.95	361277.85	462710.375	395613.025
2058	222.61778723860488	8.230275	0	1157740.6	3297056.0	1725430.375	1490966.65	1572851.65	0	1483358.075	1438205.625	1463297.35	1562128.225
2059	374.69024468185273	8.231206	0	2139611.875	2842163.8	0.0	0.0	0.0	0	558375.3	589528.95	530878.375	460829.25
2060	748.3735421527061	8.232955	0	4074905.8	4799165.0	0.0	0.0	0.0	0	1207670.75	1083271.25	909125.55	874838.25
2061	389.2399567188481	8.237679	0	59884383.0	24261744.0	68713150.0	68189014.5	66635365.5	0	62930645.0	65853118.0	68649760.0	65988390.0
2062	229.1548567881433	8.238983	0	0.0	5474901.0	0.0	0.0	0.0	0	0.0	0.0	0.0	0.0
2063	246.1814531638086	8.190295	0	0.0	191670980.0	952181.5	312873.65	1232818.25	0	302233.375	657486.3	595080.1000000001	943073.625
2064	390.2430166549704	8.239011	0	12480501.5	4725351.0	13783196.0	13496195.5	13387076.75	0	12747718.5	13040719.25	13477580.25	13880951.75
2065	404.2505657356178	8.247293	0	3157043.625	3096357.5	3205146.95	3083426.075	2867135.425	0	2993278.825	3147765.65	3129542.3	3042165.3
2066	345.2246387437946	8.248387	0	0.0	4057279.8	0.0	0.0	0.0	0	0.0	0.0	0.0	0.0
2067	249.0721672058505	8.258102	0	2313083.875	1688415.9	2176696.7	2226446.2	2154920.475	0	2134907.325	2081509.3	2347364.7	2307365.925
2068	523.7546093983044	8.255767	0	3618868.85	2571170.8	3487195.4	3687538.7	3439748.2249999996	0	3425220.3499999996	3426044.025	3731416.75	3650670.05
2069	403.2304405174662	8.261403	0	2924762.7	2820762.2	3526474.125	3596985.825	3440694.8	0	3221124.4	3358811.875	3546496.725	3362484.45
2070	397.21980711129305	8.262857	0	3916230.375	4361885.0	5083543.625	6723051.5	4583716.75	0	5701856.5	4342029.25	5934458.5	4328198.0
2071	388.2315932441679	8.268281	0	1909120.9500000002	1581808.5	2599826.425	2666381.65	2637474.25	0	2273079.475	2497469.7	2554964.525	2487289.575
2072	493.178334717795	8.270404	0	29486636.5	21544684.0	24099033.5	25195333.5	22978912.5	0	24309772.0	26089101.5	25615191.5	25745851.0
2073	389.2158277498848	8.2802105	0	0.0	3331720.5	0.0	0.0	0.0	0	0.0	0.0	0.0	0.0
2074	252.13460830925965	8.286872	0	2190636.925	2585342.5	2715891.15	2641252.1	2659197.75	0	2537982.675	2492021.05	2580840.95	2596133.25
2075	303.2028454612065	8.290965	0	17700277.0	21905530.0	12981027.5	12703116.5	14379862.0	0	14666210.75	14772325.5	13887998.25	14437748.5
2076	629.3625619615343	8.294125	0	5327421.5	7525442.0	8757247.5	10048491.0	8582895.375	0	7521298.25	8425224.875	8409769.0	8359763.25
2077	398.12850174744943	8.296848	0	2862737.25	1603350.5	2750497.275	3069202.875	2634236.2	0	2695666.25	3011063.325	2815392.775	2794551.25
2078	376.1467113858213	8.296418	0	18392032.5	13311077.0	16906298.5	18581405.5	17052650.5	0	17240674.5	18970643.0	16923142.5	17797927.0
2079	315.1848207562785	8.2964525	0	1796523.65	2643222.0	2997478.025	3017860.45	2844173.0	0	2573343.025	2699613.8	2641435.5999999996	2741642.7
2080	521.1733165255612	8.30232	0	3193336.275	2382142.5	3117860.35	3363854.875	3240537.65	0	3049486.675	3307455.5999999996	3239508.875	3319138.0
2081	347.2291009397615	8.305453	0	18387621.5	26222690.0	23762249.0	25610495.5	26494640.0	0	22720160.75	23783092.0	25233376.0	22518377.25
2082	375.2240725798383	8.3118	0	7612490.25	5579648.0	7424675.5	8554657.75	8084457.0	0	7515043.875	7924378.375	8485730.0	7751128.25
2083	475.28797153204846	8.310037	0	2963111.025	3523420.8	248945.425	255958.515	495523.49	0	923156.265	1297280.615	1045583.625	697517.95
2084	221.0769631165533	8.31767	0	2710731.725	2070267.4	2774121.875	2754899.55	2833456.95	0	2714303.45	2651115.35	2806924.25	2900867.05
2085	161.12850671911593	8.3210125	0	716606.0	7851666.5	7374029.25	3040392.35	8157046.875	0	5348900.6	4346165.875	4567168.75	5025839.25
2086	403.1937970725165	8.339954	0	0.0	0.0	2431366.025	3549067.475	2897297.225	0	2516692.2	2476346.7	2279538.5	1605153.325
2087	706.2530534957071	8.346545	0	6653623.0	6894184.0	6658398.0	7767464.75	7044101.625	0	6501682.875	7077360.75	7429638.375	7114905.375
2088	634.3566131027225	8.346575	0	2334204.95	2291794.0	0.0	0.0	0.0	0	516076.375	636838.625	638439.45	542850.5
2089	274.1873709335148	8.352441	0	0.0	124653224.0	0.0	0.0	0.0	0	0.0	0.0	0.0	0.0
2090	403.2303147824354	8.286609	0	756226.2	3635014.0	859607.5	962639.375	796529.2	0	859607.5	756226.2	0.0	1759168.575
2091	464.1990758162915	8.365252	0	5093875.5	3824425.8	1444994.075	1736121.175	1661624.5	0	2592045.4	2531816.875	2615063.9	2197689.075
2092	272.17177418717216	8.397636	0	780701.425	13009039.0	0.0	0.0	0.0	0	509491.525	271209.9	0.0	0.0
2093	375.23547327245535	8.374486	0	1788434.0999999999	4769426.0	1126023.525	1756551.925	1415909.225	0	1666490.2	1545372.275	1579822.1	1295234.2
2094	492.19395993394266	8.382417	0	9473217.625	4176300.2	15630945.5	16420926.0	15251017.75	0	14087801.625	14159819.5	14227030.75	14301455.0
2095	361.21954481417407	8.391084	0	4050384.5	2931580.5	1238184.625	1754698.425	1961305.15	0	2333190.5	2410045.15	2406586.075	1854750.975
2096	157.0799461344098	8.404867	0	1006024.175	13409909.0	12053324.75	6664548.875	10377350.0	0	7019444.825	7583505.95	6741877.5	8756419.525
2097	374.24001551365257	8.4070015	0	4085605.45	3601625.0	2636741.1	3531142.4	2979868.4000000004	0	3061789.125	3180530.2	3786169.675	3204868.35
2098	546.288719154573	8.405456	0	0.0	5045938.0	0.0	0.0	0.0	0	0.0	0.0	0.0	0.0
2099	324.1289048261852	8.404848	0	2212228.1	1302177.9	561097.2749999999	1466713.625	1264932.3499999999	0	1157421.35	1542943.425	1336856.025	1467750.55
2100	847.2880550349984	8.41051	0	7138810.25	3585444.8	7166712.5	6717037.625	6801181.375	0	6133917.875	6650753.5	7275681.0	7763389.375
2101	156.07690213678546	8.407775	0	17797933.5	200318690.0	178163175.0	96341048.5	152340647.5	0	103979831.0	111342795.5	102529299.5	126790878.5
2102	361.2085666335976	8.407846	0	3535120.5	2553835.5	3027879.9	4164652.175	3422691.225	0	3334143.875	3475332.375	3934333.2	3406534.35
2103	384.18780849030657	8.408311	0	7490497.75	3414234.0	3837731.675	5957658.875	4411964.95	0	5097492.675	5421966.875	6035990.375	5142403.325
2104	333.19211260034945	8.414878	0	0.0	4359072.0	0.0	0.0	0.0	0	0.0	0.0	0.0	0.0
2105	360.2243607564614	8.425947	0	13241258.75	5998983.5	7070158.25	9723181.75	8083113.75	0	9088837.0	9635720.0	10023755.875	9369399.625
2106	321.14048571485733	8.42717	0	14585013.25	9220306.0	9794224.75	11341095.5	10412103.5	0	11114194.75	11643031.5	11702836.75	11672374.0
2107	247.14023158584487	8.430255	0	10871124.0	3879081.2	5331666.75	6785448.875	5795755.75	0	7061351.875	7157836.75	7514747.375	7050059.375
2108	534.2524935539063	8.437349	0	2808319.475	10688730.0	0.0	0.0	0.0	0	1021487.75	821503.5	484137.7	481190.525
2109	444.2819714169712	8.446947	0	2127578.925	0.0	0.0	0.0	0.0	0	653107.625	554838.05	400814.9	518818.35
2110	349.1354630902941	8.44541	0	2365643.65	1442207.0	4093917.875	4586844.25	4212097.0	0	3612910.175	3970488.25	3780918.4	3894185.95
2111	662.3183410172751	8.457746	0	2855935.475	1581673.9	1249013.15	1570172.375	1127500.1	0	1692739.125	1872432.85	1428377.425	1809071.7
2112	462.2387522329816	8.458351	0	10000787.75	6527466.0	7924357.0	8900027.5	8333648.375	0	8342570.125	8941459.625	8952298.625	8922492.25
2113	317.2182983924601	8.462095	0	3808041.7750000004	5170317.0	1390001.575	1440625.025	1790540.825	0	2048158.4500000002	1955252.05	2369566.425	2056232.275
2114	246.18149938587968	8.47903	0	0.0	139953390.0	0.0	0.0	0.0	0	0.0	0.0	0.0	0.0
2115	303.2029390097198	8.462785	0	6249071.875	6782876.0	4123357.9	4554482.85	3795143.0	0	3806561.2	6196844.4	3985556.85	4733093.175
2116	347.22923746597564	8.48863	0	12948136.5	11764975.0	8981765.5	9592157.25	9561648.5	0	9893100.5	9843016.5	10713864.5	10633726.25
2117	375.22442062783097	8.492743	0	7987239.75	6505834.0	7270554.375	7928675.375	7347345.5	0	7478495.375	7134226.875	8307017.0	7614075.75
2118	542.1867132216063	8.505133	0	1632039.925	0.0	1661009.05	1672316.75	1595877.4	0	1474646.2	1578779.7	1676517.8250000002	1831299.4
2119	478.1784925349575	8.501458	0	2008599.875	0.0	6003808.25	6010381.25	6481991.0	0	5150910.5	5349935.975	4971864.375	5032069.525
2120	245.169192937246	8.558244	0	744671.55	2860431.0	0.0	0.0	0.0	0	454888.5	0.0	0.0	289783.05
2121	847.2880629765644	8.44813	0	5512441.125	3456210.2	3774308.25	5073825.25	5390723.75	0	5348664.125	5865074.5	3592306.875	4945252.875
2122	381.188697395498	8.5119	0	11946474.75	0.0	24301944.5	26170415.0	21623599.5	0	20813083.5	20224335.5	21273687.75	21731327.0
2123	262.1402558402817	8.528201	0	2425700.15	0.0	2371496.25	2213328.225	2262898.35	0	2185270.45	2321625.975	2477797.375	2288729.175
2124	382.1925134021518	8.510462	0	2129755.225	0.0	4220596.575	4503900.325	3751406.1	0	3628775.9	3507653.125	3596112.4000000004	3873116.8
2125	209.1036603071277	8.520048	0	0.0	3167443.0	0.0	0.0	0.0	0	0.0	0.0	0.0	0.0
2126	406.1574813064586	8.523567	0	11672769.25	9746707.0	11794708.75	11162087.0	11722777.0	0	11251336.0	11582198.25	12086588.25	11432219.5
2127	193.6239137185016	8.528825	0	2938725.875	5189897.0	4880577.375	4804025.375	4507123.625	0	3950516.175	4079178.0	4498705.325	4602052.75
2128	388.2444900120457	8.529073	0	3291726.7	4489646.5	5624107.0	5619607.875	5056774.95	0	4244614.45	4772292.325	5363616.25	5211693.5
2129	771.4742374737473	8.530724	0	453610.625	4491876.5	2944682.3	2857008.6	2777796.125	0	1861734.425	2161983.55	2620208.925	2389170.75
2130	338.18286510349134	8.530944	0	0.0	5451242.0	0.0	0.0	0.0	0	0.0	0.0	0.0	0.0
2131	386.2403530755647	8.532158	0	153639488.5	201925040.0	242623100.0	249726982.5	225845992.5	0	192830091.0	211059182.5	235721895.0	232224395.0
2132	387.2426179007568	8.529844	0	32746117.0	44850610.0	52251352.5	51593048.0	48038505.0	0	41308682.5	45229137.0	49665246.0	48425957.0
2133	321.1407923096056	8.534373	0	48496588.0	42230132.0	37549150.5	36358467.0	38853652.5	0	39016878.5	40058499.0	40942094.0	41240386.5
2134	343.1231705670236	8.533408	0	2589447.5999999996	1648839.9	1610499.225	1319915.275	1748377.45	0	1864824.025	1884165.0499999998	1605684.6	1913565.875
2135	408.222319081794	8.531442	0	849787.075	3203455.8	2400154.3	2574205.9000000004	2290838.675	0	1671455.75	1745597.3	2450724.675	2247208.225
2136	333.21358634663864	8.538695	0	7609657.25	5013694.0	4929918.75	5016650.625	5191032.5	0	5507283.625	5615829.75	5864144.25	5760001.5
2137	227.1141897262138	8.544064	0	3631164.475	126309920.0	1079638.475	1325466.225	1335894.075	0	2028223.55	1917323.65	1864237.85	1562378.2
2138	377.1311379971396	8.54234	0	32334488.0	23427670.0	32133936.5	32867011.5	31622550.0	0	30650369.5	32550606.5	32551455.5	33205554.5
2139	316.2062070297567	8.574438	0	22210415.0	0.0	20705441.0	18703337.25	20702332.0	0	21196751.5	19806986.25	20205506.5	21112281.0
2140	345.21382804060005	8.564311	0	2243180.775	0.0	1764457.65	1723821.15	1646128.65	0	1902031.175	1759123.5	1874469.0	1841964.5499999998
2141	244.1658379684468	8.563735	0	10204735.875	23810268.0	6837549.375	6926770.125	7488342.375	0	8767149.875	7703733.5	7181632.0	7804882.375
2142	374.2404584427202	8.565459	0	5217698.75	5168708.5	5229796.25	5170157.5	5177796.25	0	5216521.25	4978906.5	5408612.375	5191408.625
2143	493.1782010808056	8.568524	0	4082949.5	1919047.8	4040950.75	4140929.15	3653806.75	0	3970788.7	3696184.575	4299825.75	3951837.125
2144	329.1933360499074	8.571886	0	2425417.15	1785971.1	571865.7749999999	326588.125	1483424.575	0	1477084.6	1274061.325	866699.8	1189449.9
2145	315.2030635520203	8.574058	0	144917444.0	4088333.8	121924037.5	121520570.0	127346732.0	0	134336722.0	124624786.5	124438174.0	132309101.0
2146	257.1246712344265	8.578981	0	0.0	19340262.0	0.0	0.0	0.0	0	0.0	0.0	0.0	0.0
2147	471.2930425637256	8.582281	0	172300740.0	153612660.0	180673232.5	187038680.0	178192317.5	0	174836337.5	169487555.0	188306292.5	185574785.0
2148	446.2440881441845	8.545728	0	2363356.775	2642078.8	3227154.05	3460470.125	2833827.75	0	3867155.05	1296152.025	3892312.375	2829189.25
2149	542.3304897645241	8.593196	0	2026534.675	2144679.8	3099975.475	3162769.375	2881493.7	0	2764536.325	2577032.95	2919976.075	2909227.875
2150	416.25053477570737	8.597287	0	1811296.425	1462058.0	2877893.875	2984479.175	2861272.875	0	2497280.6	2582316.025	2768768.975	2686576.75
2151	493.2751113672379	8.599219	0	1985619.1	1541134.1	2201836.3	2207901.825	2095388.2750000001	0	1948870.225	2046344.25	2323874.675	2171656.35
2152	402.2348147801789	8.605648	0	2354703.425	1778887.2	2419158.3499999996	2366438.55	2363518.975	0	2313144.425	2287086.675	2449431.0	2454157.2
2153	675.3311772469897	8.613181	0	0.0	5619736.5	0.0	0.0	0.0	0	0.0	0.0	0.0	0.0
2154	709.3286853150571	8.616477	0	2125920.45	0.0	2137000.975	2081594.475	2036759.9	0	2053584.6	1994682.775	2173246.425	2159762.0
2155	663.3215823543155	8.621008	0	23498219.0	17639104.0	10510044.5	14593268.25	14257920.5	0	16130500.75	13401455.25	17121969.0	16205527.25
2156	662.3186746563116	8.61967	0	66947010.0	47936948.0	38453009.0	40452192.0	39275697.0	0	47016903.0	43816925.0	47142015.0	47152065.0
2157	331.66264937085134	8.621935	0	11796380.75	11002288.0	6816801.375	6466382.5	6665918.625	0	8005744.625	8078284.125	7865895.0	7795559.5
2158	322.65719522545	8.623347	0	2291050.5	2082152.1	1094887.05	1079530.525	1076150.975	0	1258532.625	1298818.2750000001	1669661.05	1314607.1
2159	262.139973298186	8.626952	0	3990036.125	1361476.9	4175241.575	4067264.225	4082004.125	0	4072985.675	3934050.575	4120759.0	4186750.8
2160	493.1781587514992	8.571967	0	2971920.25	2189453.0	4362819.625	3891718.0	3840868.925	0	3064441.0	3921154.625	4003552.05	4078179.125
2161	333.2132227909601	8.633333	0	5340391.25	3949570.8	4305510.875	4687388.5	4196547.95	0	4420188.2	5225954.0	4627281.0	4256415.375
2162	376.1466511964218	8.643891	0	3793729.55	1663230.5	3989178.825	4226797.05	3641349.1	0	3825565.075	3884036.8	4077928.05	3863524.6
2163	157.10844290293798	8.642581	0	0.0	3645141.8	0.0	0.0	0.0	0	0.0	0.0	0.0	0.0
2164	349.23059262256777	8.642581	0	0.0	100859350.0	0.0	0.0	0.0	0	0.0	0.0	0.0	0.0
2165	371.2126662509143	8.642581	0	0.0	3689798.2	0.0	0.0	0.0	0	0.0	0.0	0.0	0.0
2166	523.3426759188009	8.642581	0	0.0	31371450.0	0.0	0.0	0.0	0	0.0	0.0	0.0	0.0
2167	697.4544385534979	8.642581	0	0.0	12233767.0	0.0	0.0	0.0	0	0.0	0.0	0.0	0.0
2168	457.2779679400711	8.643693	0	8050262.25	12034403.0	14470596.25	15735198.75	10004065.0	0	11452173.0	13080665.0	10503750.0	13223534.25
2169	338.17478403237686	8.643507	0	1394616.375	0.0	1887476.075	1960678.15	1808699.7750000001	0	1826773.55	1451682.75	1964933.5499999998	1808080.525
2170	375.2241310771466	8.643971	0	5356059.75	3607597.8	5319732.5	6029316.875	5207173.75	0	5343113.125	5422746.125	5669680.0	5476743.625
2171	476.2345110207985	8.644848	0	3884721.975	0.0	6561233.125	7275227.25	6256887.625	0	5647396.675	6049889.425	6401339.0	5879444.875
2172	377.130589539167	8.64987	0	10000215.75	21432600.0	9709873.5	9874017.25	9693526.0	0	9584556.75	9809015.0	9829185.75	10054875.0
2173	174.54600324117948	8.652223	0	0.0	5218146.5	0.0	0.0	0.0	0	0.0	0.0	0.0	0.0
2174	175.69507687307	8.652223	0	0.0	4925700.0	0.0	0.0	0.0	0	0.0	0.0	0.0	0.0
2175	197.10104585622008	8.652223	0	0.0	3658936.8	0.0	0.0	0.0	0	0.0	0.0	0.0	0.0
2176	397.1832353528326	8.6677065	0	3706907.625	0.0	2988247.525	3113132.975	3191251.425	0	3138696.3	3055548.875	3337225.55	3468068.825
2177	176.1221490733316	8.677453	0	0.0	90274856.0	0.0	0.0	0.0	0	0.0	0.0	0.0	0.0
2178	158.09252462644488	8.67763	0	0.0	48597490.0	0.0	0.0	0.0	0	0.0	0.0	0.0	0.0
2179	130.09763295285794	8.678935	0	0.0	24210394.0	0.0	0.0	0.0	0	0.0	0.0	0.0	0.0
2180	399.2385273774239	8.684405	0	0.0	5756777.0	0.0	0.0	0.0	0	0.0	0.0	0.0	0.0
2181	175.11904936847515	8.684602	0	11593879.25	1339441800.0	9415287.375	5042115.2	12031720.75	0	11949219.75	8753875.25	8603254.95	8776652.625
2182	636.3506865589749	8.69053	0	0.0	5062323.5	0.0	0.0	0.0	0	0.0	0.0	0.0	0.0
2183	620.2527531171046	8.699752	0	2274066.575	0.0	2852564.1	2895084.45	3036774.325	0	2770310.85	2661848.675	2812046.05	2814283.875
2184	484.220015147209	8.711732	0	1714264.7	2949684.0	2361387.725	2169936.7	2304008.925	0	1979524.65	2044515.55	2306954.35	2218603.5
2185	551.2313618637024	8.718856	0	29111487.0	23638834.0	7849270.75	7374371.75	8877400.125	0	12306990.125	12563240.375	14949783.375	13392515.75
2186	199.62368887119536	8.721014	0	7831145.625	5011006.0	9659872.75	9297137.75	9421127.25	0	8527730.75	8800460.625	9746289.0	9134803.0
2187	231.6228180638547	8.722403	0	19787616.5	12180500.0	23769809.5	24067658.5	23823756.5	0	20736370.0	21999319.0	25070769.5	23642382.5
2188	465.2356020909181	8.724977	0	2486325.5999999996	1338829.5	2886290.15	2903838.0	2987415.65	0	2516852.3499999996	2843548.3	3136118.4749999996	2767350.275
2189	267.14137158410364	8.725023	0	3584126.95	2279653.5	5370583.625	5156778.625	4986637.25	0	4158359.7	4762011.05	5265792.625	4911963.075
2190	462.2388762955272	8.726318	0	302087960.0	152618700.0	353511572.5	351580837.5	366224705.0	0	318178017.5	340763605.0	375097245.0	339366207.5
2191	533.2756390898702	8.728504	0	15089686.75	8703363.0	21042361.5	20607904.0	20945509.0	0	16986278.0	19097931.5	22305482.0	19295769.75
2192	571.3093925418042	8.727876	0	2192819.1	0.0	2257885.775	2254569.7	2320934.25	0	2111829.7	2214337.65	2444964.85	2255076.625
2193	160.1808884619504	8.778814	0	0.0	4680095.5	0.0	0.0	311885.3	0	311885.3	0.0	0.0	0.0
2194	301.18719923888983	8.740891	0	3582463.0	1267221.6	2794614.375	2793847.9	3006885.85	0	2987086.95	3135458.925	3035922.75	3019342.5
2195	479.1620721255808	8.750202	0	1982295.55	1715256.8	6115555.875	6494248.25	5895652.875	0	4646729.025	5242987.9	5611931.95	4986103.675
2196	277.1395864206488	8.7522	0	10802081.5	7916426.5	10603568.75	10586751.5	11837821.75	0	10650698.25	10989319.75	10973250.5	11216955.0
2197	324.05919131104935	8.757335	0	2890027.1500000004	0.0	2712355.25	2974604.425	3256893.2	0	2910573.375	2962234.45	2938364.4000000004	3022707.8
2198	227.1138996929241	8.752699	0	0.0	8754632.0	0.0	0.0	0.0	0	0.0	0.0	0.0	0.0
2199	662.3184663389704	8.714153	0	8035556.375	3288017.2	8608072.5	11070127.125	14261477.25	0	15178835.25	9742879.75	9212893.25	7840625.0
2200	386.2399228452864	8.706041	0	8323784.0	10212186.0	18673655.0	22604856.5	18468286.25	0	20496849.0	17705475.375	13925676.0	15942581.375
2201	697.3375724664132	8.762376	0	0.0	3520933.5	0.0	0.0	0.0	0	0.0	0.0	0.0	0.0
2202	315.202835327118	8.726687	0	138998806.5	1466913.4	47968407.0	49541218.0	59906764.0	0	86871913.5	74778621.5	63205119.0	71559541.5
2203	303.2027501365166	8.763568	0	6312765.75	4114570.8	4692163.2	4321580.775	5499882.25	0	5087836.75	5061157.325	5347360.325	5330037.575
2204	450.1840061016298	8.76608	0	3083203.6	0.0	0.0	0.0	258868.025	0	824718.2	942123.25	517447.35	1057782.825
2205	622.2320471260649	8.77552	0	12314663.5	7985910.0	1274256.0	356988.55	1744791.325	0	4161431.4	3900441.5	3778983.8	3849842.675
2206	768.3375908270376	8.783507	0	0.0	4069158.2	0.0	0.0	0.0	0	0.0	0.0	0.0	0.0
2207	430.2662563810251	8.784476	0	3181770.175	0.0	0.0	0.0	0.0	0	1053124.0	816903.05	596410.0	715333.125
2208	148.11601735689015	8.839768	0	2157030.8	45672764.0	12570060.5	957066.2	16791751.25	0	10568652.0	7691388.475	8334327.275	5881541.0
2209	244.1656905260059	8.735524	0	8184656.75	10371163.0	4778738.0	4738866.375	3771667.75	0	6049796.0	5843395.5	3801671.375	5779066.0
2210	446.24380049947786	8.80506	0	1059147.525	0.0	2698265.3	2989713.375	2259430.675	0	2388404.85	2357365.0250000004	1952825.65	2307961.35
2211	550.2108035141786	8.80149	0	7374972.0	4889631.0	1079758.85	645351.525	1396473.0	0	2922310.15	2437974.125	2345105.95	2791165.15
2212	333.2133013851766	8.805497	0	20207715.0	14322998.0	10939100.5	10906862.75	11015031.5	0	12856545.75	13528308.0	13151268.5	13532587.5
2213	284.1355250067182	8.808347	0	2273977.1	0.0	1778369.925	1923943.025	1703175.775	0	1779042.3	1935872.5250000001	1936581.55	2027969.45
2214	493.1901035940194	8.809547	0	5137616.5	2210181.0	1762818.375	1706845.525	1800354.525	0	2604754.075	2566072.825	2486498.1	2750309.925
2215	623.2152529995833	8.815361	0	4173320.2	2127744.8	2600882.2750000004	2574563.825	2395405.9	0	2747217.625	2936409.825	2828634.125	3231910.625
2216	572.3408526551451	8.818657	0	2337350.9000000004	1854332.6	2469694.825	2565670.375	2278478.9749999996	0	2252191.35	2376573.875	2654231.5	2368198.3499999996
2217	457.2780014092258	8.785033	0	1551327.525	3398325.5	1981681.4	1609582.65	1782621.675	0	1706561.025	1427595.6749999998	2336197.75	1454858.8
2218	470.16463924903127	8.834439	0	0.0	2333943.5	1307765.9	0.0	2299832.1	0	1089517.1	1013472.5	1059333.25	445275.15
2219	338.18236977152145	8.83405	0	0.0	2442357.2	0.0	0.0	0.0	0	0.0	0.0	0.0	0.0
2220	371.2324476405813	8.842442	0	0.0	2587152.5	1359524.65	0.0	1365239.5	0	513612.225	901403.925	948329.525	361418.475
2221	484.2203019205829	8.8190365	0	330597.525	3174467.8	2827170.95	1369409.675	3050294.75	0	1555532.7	1910145.1	2021878.525	2089916.5750000002
2222	147.11293489300624	8.842432	0	30942209.0	688478460.0	180134702.5	20502025.125	251838790.0	0	158584754.5	114057862.625	123338463.0	87436646.5
2223	563.286599022046	8.842788	0	3589459.4	2485758.5	3988271.5999999996	3698886.925	3774596.075	0	3470121.9749999996	3866397.45	4062508.875	3652185.7
2224	317.1932063735746	8.843889	0	0.0	3739946.5	0.0	0.0	0.0	0	0.0	0.0	0.0	0.0
2225	375.2240179682929	8.837989	0	2783434.6500000004	2047434.6	0.0	0.0	0.0	0	635286.05	752988.8	675239.75	719920.05
2226	436.7276730666484	8.849351	0	2672525.25	1799690.6	2347594.3	3133006.95	2070821.5	0	2317547.0	2605861.8	2756035.225	2544503.9749999996
2227	443.2618486054872	8.846646	0	1455696.4	1937093.0	2777157.5	2280880.675	2738231.85	0	2203966.575	2364723.95	2567489.5999999996	2115786.3000000003
2228	592.2977022529149	8.868215	0	1836280.0250000001	0.0	1511675.575	1657068.925	1307965.85	0	1542088.225	1578695.1	1609705.1	1582501.95
2229	407.14118912738536	8.866509	0	0.0	0.0	3628509.075	2888686.3	3310226.5	0	2447769.625	2544608.075	2669735.025	2165309.15
2230	358.20878840646697	8.86543	0	2106227.6750000003	0.0	1855413.6	1617718.45	1616539.5250000001	0	1948675.3250000002	1798852.2000000002	1774362.425	1674009.3
2231	487.2879849213912	8.874533	0	3069738.625	5855799.5	6170516.0	5300071.5	5416177.5	0	4989264.0	4922560.875	5473780.375	4570898.375
2232	184.0734094346745	8.876159	0	0.0	2460998.5	0.0	0.0	0.0	0	0.0	0.0	0.0	0.0
2233	231.622884066284	8.821533	0	7204631.75	8091462.0	8938693.0	9599093.75	9898024.0	0	11343975.25	4781798.25	8701451.25	10813217.75
2234	285.119665701475	8.878699	0	4867982.375	1979028.1	1170830.55	1293896.25	1476488.275	0	2352924.075	2286791.875	2362219.375	1807262.125
2235	310.17618852451847	8.885706	0	0.0	7086690.5	0.0	0.0	0.0	0	0.0	0.0	0.0	0.0
2236	272.1719871795963	8.897682	0	2813097.55	4632773.0	1665507.725	313609.8	2398800.075	0	2574094.725	1591703.2000000002	1489855.3	1535361.925
2237	360.22463583292074	8.899882	0	4501042.675	3046085.5	3607413.325	4958814.0	3443010.425	0	3746386.625	4306533.375	4306600.375	4150760.05
2238	257.1245252309394	8.906841	0	0.0	2496043.5	0.0	0.0	0.0	0	0.0	0.0	0.0	0.0
2239	374.2404147808252	8.909382	0	3937559.75	2263490.8	3959869.25	5310370.625	3666768.375	0	3774513.625	4245196.925	4379424.075	4475433.375
2240	223.07499015245625	8.901541	0	0.0	17821312.0	0.0	0.0	0.0	0	0.0	0.0	0.0	0.0
2241	324.0593755508009	8.880401	0	3384709.125	1278137.8	1829646.8	2294038.575	2212393.275	0	2654438.175	2531611.025	2375687.075	2159051.5
2242	386.24041790727466	8.921089	0	15214014.5	7905323.5	5691558.75	12204140.0	11273756.5	0	10279369.5	9132173.5	12134626.0	12837300.75
2243	346.2087345059661	8.929848	0	1923076.15	2065222.6	1465855.9	1191803.925	1396455.075	0	1495138.65	1464960.775	1421106.1	1595985.525
2244	391.2014170382398	8.941479	0	35933773.0	13185781.0	27662401.5	28522456.5	27342990.5	0	28677647.5	28516622.5	30655285.0	31612066.5
2245	446.2440785592102	8.947654	0	1572141.925	0.0	2724848.625	3281697.25	2093120.825	0	2513070.5	2283623.675	2447927.875	2427186.575
2246	142.09770873747834	8.98187	0	0.0	2109871.5	1414352.8	559653.2625	1432486.95	0	765986.8999999999	698813.175	964302.8375	977390.1000000001
2247	392.204729447834	8.938807	0	7037318.375	2535581.5	5285342.375	5383057.125	5051765.125	0	5526534.25	5489078.75	5776925.0	5964945.0
2248	402.23501163971537	8.962165	0	1531819.9	0.0	1901422.975	1874645.075	1749036.225	0	1710044.775	1738233.7	1784016.725	1824628.975
2249	331.19812242782103	8.967388	0	3227315.25	0.0	2628459.875	2818079.15	2571789.8	0	2793794.375	2736729.4	2707355.0	3007765.3
2250	346.2088742965951	8.977564	0	2030928.125	2242802.2	982020.45	299234.4	1317315.45	0	1125776.75	1152130.75	1127772.675	1223818.25
2251	253.1299150816233	8.970742	0	4133465.825	0.0	775553.5	585152.425	1821725.2	0	2256287.0	1114229.075	1798550.35	2146830.525
2252	319.16153220847184	8.993961	0	1653312.975	0.0	1671392.825	1667104.9749999999	1517537.9	0	1519217.55	1654940.75	1668227.025	1666963.35
2253	430.2419617858432	9.011289	0	0.0	2848180.2	0.0	0.0	0.0	0	0.0	0.0	0.0	0.0
2254	528.2246213167732	9.01984	0	0.0	0.0	2072827.3	2417450.55	1551409.125	0	1349086.125	1436372.4500000002	1593000.75	1663227.65
2255	152.05684588348294	9.017035	0	2376631.325	1262233.6	2163730.625	2175442.875	2079275.825	0	2031121.825	2247365.65	2202051.75	2314541.425
2256	337.1721248845655	9.018592	0	1678510.25	0.0	1544883.55	1500787.025	1085634.7	0	1146587.95	1430483.075	1540159.675	1692584.825
2257	558.325659392432	9.04522	0	4869655.425	2683571.5	4612537.625	6281456.375	3619625.425	0	4407177.25	4723118.25	5166317.05	5086662.3
2258	520.2443130960921	9.051509	0	2537102.5	0.0	1759380.275	2419052.3	1157371.9	0	1528346.35	2009219.95	2185208.85	2150131.825
2259	289.187398469768	9.020267	0	3772876.95	14536459.0	0.0	0.0	239007.11	0	1176367.625	976540.875	923596.75	935378.8099999999
2260	364.0656321390836	9.021369	0	4561080.375	2631152.0	4118690.375	4262651.7	4003654.075	0	3892315.125	4333470.5	4184714.275	4535576.625
2261	430.2298907445034	9.021201	0	1754600.05	0.0	1845341.875	1965131.1	1673726.675	0	1692312.975	1834135.125	1855490.95	1856860.65
2262	303.1776257172853	9.022001	0	0.0	5089251.0	0.0	0.0	0.0	0	0.0	0.0	0.0	0.0
2263	314.1464236485479	9.029306	0	3180860.525	1196432.4	2575225.95	2762737.2	2228657.25	0	2421272.45	2688461.025	2826302.925	2811444.525
2264	285.1197995608277	9.026515	0	1543980.5	2921398.5	0.0	0.0	0.0	0	368078.275	505298.65	307119.125	363484.45
2265	360.2246471668892	9.016164	0	2851130.075	2353434.5	2235607.575	2401844.2750000004	2193816.45	0	2234098.55	2510906.375	2513731.025	2423662.425
2266	294.1676406385022	9.040808	0	1196599.25	0.0	1377781.225	1245765.1	1385386.6	0	1282057.225	1267751.275	1360978.45	1294745.225
2267	549.2710625504722	9.052435	0	4061881.8	2579865.0	3491792.775	4325442.675	3033889.675	0	3473134.75	3601314.175	3867863.5	3970694.5
2268	432.1553236249831	9.048254	0	3326296.75	0.0	2153964.475	3860128.675	1519709.3	0	2325367.2	2575538.025	2860021.65	3099172.325
2269	213.09845977539536	9.05363	0	1854371.4	8470468.0	0.0	299994.45	0.0	0	859537.575	485145.6	350600.45	459082.225
2270	357.2168969505966	9.058859	0	0.0	0.0	1975251.85	0.0	3239126.425	0	1730533.675	1368657.75	1571004.85	544182.0
2271	134.10042700405117	9.072331	0	0.0	1165164.2	3050674.0	0.0	4950247.05	0	2592599.75	2202687.25	2237561.0	968073.05
2272	133.0973104661422	9.0759735	0	2554298.65	19474334.0	52240776.625	2131983.925	83145570.0	0	46272814.2	37408118.7	37891956.15	18499740.15
2273	301.18735916228525	9.081935	0	1508843.875	0.0	302925.75	1312316.85	0.0	0	738152.125	681764.225	722314.975	981855.15
2274	146.16532415831762	9.102786	0	0.0	4070955.5	0.0	0.0	336472.7	0	336472.7	0.0	0.0	0.0
2275	160.18092149930675	9.089347	0	0.0	7622681.5	0.0	0.0	702596.75	0	422456.45	0.0	280140.3	0.0
2276	246.1561507339481	9.084817	0	0.0	70145864.0	0.0	0.0	0.0	0	0.0	0.0	0.0	0.0
2277	347.2035986861489	9.095513	0	0.0	2689256.8	0.0	0.0	0.0	0	0.0	0.0	0.0	0.0
2278	377.1669684806882	9.11812	0	7213164.125	4075241.8	5996111.875	6675882.5	5442290.125	0	5746960.875	6278227.375	6594825.625	6707434.75
2279	520.2441917485056	9.122679	0	2463876.4	1444599.4	1633117.025	2384396.0	740621.65	0	1536257.45	1868209.85	1689467.45	2128076.325
2280	271.1038535709859	9.117726	0	3279690.95	0.0	1808146.825	3384392.625	943848.025	0	1862142.45	2208900.1	2472481.05	2872554.825
2281	488.2466432151422	9.1254	0	2176064.75	0.0	749847.625	1874143.725	345197.15	0	1028824.45	1279357.6	1070562.525	1766508.675
2282	317.19325597551364	9.107152	0	0.0	1854005.4	574134.525	0.0	782150.1375	0	0.0	524421.625	246591.1875	585271.8500000001
2283	429.2459935172365	9.129362	0	2583432.15	1550173.5	2023245.15	2435003.95	1740975.375	0	2122185.8	2202108.575	2194650.3	2263711.95
2284	558.3254555420058	9.145862	0	4808867.375	3325101.2	4777521.425	6346099.75	3629693.5	0	4465323.875	4828661.7	4968531.425	5299665.05
2285	390.2348994469352	9.141233	0	2252890.8	1844298.8	276472.275	1278600.05	0.0	0	872627.875	900677.35	921169.275	1113488.625
2286	289.1871403317706	9.148796	0	2153608.9	4185172.0	0.0	0.0	0.0	0	630396.95	553320.125	552226.05	417665.775
2287	476.7106526854044	9.15129	0	3355651.675	1847816.6	2819924.775	3041074.075	2481311.45	0	2827150.225	2859485.0	2900399.075	3110927.675
2288	459.256774906114	9.159426	0	2697259.7	0.0	1919194.325	2684147.0	1470433.95	0	2132518.425	2118439.725	2203773.95	2316302.875
2289	623.216221202801	9.163687	0	14516847.0	10031620.0	10035124.0	10835265.25	9380816.5	0	11488568.25	10932776.5	11059516.5	11287191.5
2290	803.3789797459241	9.165084	0	4192056.075	2775752.8	1803724.05	2403780.05	1894998.475	0	2547347.575	2544393.6	2471906.0	2730911.475
2291	473.2722138161036	9.165243	0	4779651.0	5385967.0	6204535.25	7922649.25	4868511.05	0	5352162.425	5580181.875	6424272.0	6418730.25
2292	275.1714475792606	9.17862	0	5667223.0	7150147.0	2144564.75	2294756.1	2288701.675	0	3189138.25	2913437.05	3056915.0	3235755.225
2293	405.1982301667788	9.181225	0	2208388.525	0.0	4552959.875	7050423.0	3637169.9	0	3878221.425	4119986.45	4573157.275	4877576.15
2294	333.1880339061741	9.192887	0	2464166.55	2382689.8	1348648.15	1421078.65	1020995.95	0	1613199.65	1578062.3	1234101.375	1829525.975
2295	319.1976112870885	9.186396	0	5676219.625	5195060.0	2518358.05	2971776.75	2554394.55	0	3415166.625	3294923.05	3471557.875	3539101.425
2296	309.1657634087915	9.19657	0	2128174.525	0.0	1405235.775	1895128.7	668383.75	0	1262009.675	1530076.825	1444359.7	1860476.55
2297	156.07686319358987	9.183896	0	1442769.775	12407590.0	11191438.125	8631101.5	7909791.5	0	7367131.625	7674021.625	5526835.75	8607111.9
2298	225.09828896741487	9.201567	0	0.0	2187639.8	0.0	0.0	0.0	0	0.0	0.0	0.0	0.0
2299	284.13548857413406	9.206613	0	1400031.075	56036064.0	0.0	0.0	0.0	0	272013.7	365009.625	367944.85	395062.9
2300	446.2437409381975	9.212573	0	938039.1	0.0	1982886.175	2688170.875	1627828.1	0	1978211.325	1828047.55	1431855.475	1998809.9
2301	267.16466354376064	9.214786	0	2117153.1	1292426.0	1806095.975	2177731.175	1647404.95	0	1921070.2	1870203.4	1905630.1	2051481.5
2302	243.1089524920655	9.206003	0	3424997.625	65964470.0	312797.525	1282103.425	0.0	0	1049283.7	1105791.975	1332285.725	1532537.175
2303	416.2503396583911	9.214562	0	4787134.3	0.0	279831.025	1365669.325	898962.915	0	2129771.865	1867004.025	1293192.0	2041629.675
2304	253.1296674361605	9.212585	0	4935401.2	0.0	0.0	398772.025	1462619.05	0	2397542.275	1861861.075	1130517.7	1406871.225
2305	266.1613216068057	9.217082	0	15780017.25	9847405.0	14195056.75	16369072.5	12768430.5	0	14412157.0	14324975.25	14472367.5	15903077.25
2306	431.2615693125039	9.229906	0	2411090.05	1609743.1	2058747.5999999999	2342574.6500000004	1958338.85	0	2089850.575	2194192.2	2188452.45	2298255.925
2307	551.1950632136052	9.231196	0	12393233.5	10282735.0	8167775.75	8613454.375	8167826.125	0	9175425.25	9654087.625	8818943.125	9693833.75
2308	260.1718506275	9.2319765	0	0.0	3059942.0	0.0	0.0	0.0	0	0.0	0.0	0.0	0.0
2309	347.19268306273733	9.232231	0	4436131.875	1691074.9	3699526.375	5227618.75	3001573.575	0	3742065.875	4049830.65	3958441.8	4614512.25
2310	276.1663697720924	9.24207	0	0.0	31107240.0	0.0	0.0	0.0	0	0.0	0.0	0.0	0.0
2311	528.2241866968168	9.248504	0	0.0	0.0	2854055.95	3377327.925	2111347.525	0	1895978.15	1940787.25	2033604.975	2472361.025
2312	270.1197503896772	9.247193	0	1052913.35	21885490.0	0.0	0.0	0.0	0	288902.65	388374.4	0.0	375636.3
2313	500.28308650881456	9.255048	0	378349.2	0.0	1763070.325	2114109.0	1578682.55	0	1384493.275	1318523.925	1739405.4	1391788.475
2314	253.1296585230425	9.223237	0	4654262.7	0.0	0.0	378998.8	1436860.825	0	2292976.95	1695566.45	1074707.7	1406871.225
2315	290.14580508555605	9.262235	0	0.0	2527025.5	0.0	0.0	0.0	0	0.0	0.0	0.0	0.0
2316	246.1561892936097	9.272622	0	0.0	37618864.0	0.0	0.0	0.0	0	0.0	0.0	0.0	0.0
2317	349.208225460504	9.275543	0	3082165.0	1342372.5	1948753.7249999999	2255867.775	1988284.3250000002	0	2440645.675	2593926.775	2310185.95	1930312.425
2318	232.1405402685887	9.282139	0	0.0	38210130.0	0.0	0.0	0.0	0	0.0	0.0	0.0	0.0
2319	285.2034600918299	9.286173	0	2046429.8	2236407.5	2079989.025	2057321.75	1989822.9	0	2069435.65	2001788.525	2136825.65	1965513.65
2320	262.13995556234386	9.306583	0	0.0	4404889.5	0.0	0.0	0.0	0	0.0	0.0	0.0	0.0
2321	489.115146839417	9.306369	0	5673226.875	3764104.0	5947182.625	5245027.0	5340285.375	0	5090078.125	5286307.25	5917621.75	5911714.75
2322	361.1831766796109	9.305999	0	1852959.6	0.0	1502094.6	1473068.2	1500288.9	0	1584024.625	1734544.7999999998	1585888.75	1423953.125
2323	201.123470108724	9.312022	0	0.0	4736418.5	0.0	0.0	0.0	0	0.0	0.0	0.0	0.0
2324	218.1500524717825	9.312022	0	0.0	73929624.0	0.0	0.0	0.0	0	0.0	0.0	0.0	0.0
2325	386.2152491200733	9.32379	0	1621570.675	0.0	0.0	0.0	0.0	0	377468.05	519169.5	298104.875	426828.25
2326	618.3099419663488	9.31605	0	12641244.5	10761870.0	3404105.825	3513053.75	3855514.175	0	5762904.625	6523351.05	5680202.0	5447460.575
2327	305.18198645187897	9.32144	0	6048217.0	3288016.0	2231941.075	2980390.925	2927765.85	0	3578746.8	4332158.325	3129675.05	3147734.675
2328	486.267861376841	9.323354	0	0.0	0.0	0.0	754385.5	363885.775	0	689193.775	429077.5	0.0	0.0
2329	232.16562773491745	9.323143	0	3769289.8	5682451.0	726121.1499999999	1359414.7	1981968.125	0	2769987.9	2490476.375	1377893.625	1198435.875
2330	494.308810393998	9.335371	0	1554565.175	0.0	0.0	0.0	0.0	0	296065.45	518204.8	334620.775	405674.15
2331	446.2436752395609	9.288111	0	1286452.4749999999	0.0	1341000.75	1725605.425	1228701.725	0	1737288.95	1705087.025	1179383.0	960001.4
2332	669.352271767606	9.344837	0	1719839.55	0.0	0.0	0.0	0.0	0	0.0	693186.3	489002.45	537650.8
2333	248.1604541044668	9.352707	0	0.0	79385096.0	0.0	0.0	0.0	0	0.0	0.0	0.0	0.0
2334	249.16352782469912	9.352707	0	0.0	8701448.0	0.0	0.0	0.0	0	0.0	0.0	0.0	0.0
2335	490.2701887723876	9.357455	0	2404666.625	0.0	306112.65	933200.7000000001	1073578.95	0	1107639.25	1698244.85	852102.5	1059572.325
2336	489.2670793472797	9.359167	0	10456730.25	1360421.6	4643004.375	5098990.375	5616583.75	0	6000030.75	7114724.625	5910925.5	6789627.875
2337	146.1652470742006	9.314269	0	0.0	4260395.5	0.0	0.0	298395.1	0	298395.1	0.0	0.0	0.0
2338	160.18088126088577	9.310586	0	0.0	7588877.0	0.0	0.0	395817.525	0	395817.525	0.0	0.0	0.0
2339	294.14812851264884	9.373218	0	0.0	11334624.0	0.0	0.0	0.0	0	0.0	0.0	0.0	0.0
2340	322.1542598056224	9.373218	0	0.0	2774351.2	0.0	0.0	0.0	0	0.0	0.0	0.0	0.0
2341	363.1985804847963	9.3790455	0	2295167.175	1765465.2	254324.2	0.0	1018321.1499999999	0	828677.575	963140.45	862806.275	913188.225
2342	257.1973339651036	9.381194	0	1104259.575	2401290.8	1159988.0499999998	1202914.35	1335023.6	0	982312.325	1279325.375	1271730.65	1268817.2249999999
2343	247.65802006709592	9.424662	0	1813204.225	0.0	879429.0	1165826.8	1301372.0	0	1103149.475	1398834.95	1282092.65	1375754.95
2344	347.192618737207	9.38454	0	2632004.5250000004	3035091.8	2700707.175	2874397.5	2941934.825	0	2752395.425	2812257.25	2721299.725	2863091.625
2345	243.1089620693524	9.386241	0	1931380.975	15418947.0	1296318.675	1271271.8	1622791.2	0	1672682.375	1549158.425	1402475.3499999999	1497446.5
2346	505.22562046656736	9.3904295	0	3637015.9000000004	1746064.9	3014756.85	3100222.55	3011449.4	0	3019234.1500000004	3182630.55	3144950.95	3416629.05
2347	276.15579199438594	9.404596	0	0.0	32202174.0	0.0	0.0	0.0	0	0.0	0.0	0.0	0.0
2348	289.1619057787143	9.401951	0	0.0	7988731.0	0.0	0.0	0.0	0	0.0	0.0	0.0	0.0
2349	362.2036081695381	9.39094	0	0.0	1054309.5	0.0	0.0	0.0	0	0.0	0.0	0.0	0.0
2350	204.13440601701063	9.412877	0	0.0	20496176.0	0.0	0.0	0.0	0	0.0	0.0	0.0	0.0
2351	262.15107248279975	9.423236	0	0.0	2644157.8	0.0	0.0	0.0	0	0.0	0.0	0.0	0.0
2352	578.1943540016806	9.426176	0	1485645.025	0.0	0.0	0.0	0.0	0	334076.4	449935.85	324208.275	377424.5
2353	377.2031310605461	9.454928	0	1477206.425	1773726.4	1468651.725	1511180.475	1429168.9	0	1434304.175	1455526.55	1489008.825	1507367.975
2354	157.06082957012302	9.489042	0	245430.925	1107294.6	679310.725	732121.15	1038616.6000000001	0	1086861.8	1014343.275	348843.4	245430.925
2355	213.06602386335464	9.4893465	0	0.0	0.0	354806.1	1946460.85	1637479.6	0	1036033.4	1259359.4	1018454.175	624899.575
2356	261.1559641894977	9.507427	0	0.0	6777265.5	0.0	0.0	0.0	0	0.0	0.0	0.0	0.0
2357	304.1616572686189	9.507427	0	0.0	36279828.0	0.0	0.0	0.0	0	0.0	0.0	0.0	0.0
2358	402.2348883569501	9.51457	0	1689251.275	0.0	0.0	0.0	0.0	0	515188.45	426871.85	330741.775	416449.2
2359	404.2141781482375	9.511431	0	6056811.375	0.0	1246433.075	950969.575	1982546.075	0	2628037.6	2567528.225	2612681.25	2428513.025
2360	335.19259988188	9.518133	0	1868718.6	2000929.1	1207137.975	1122855.125	1306233.075	0	1366914.725	1368071.8	1360823.3	1409134.95
2361	391.19358016944295	9.519271	0	1761698.925	2017447.1	1817661.55	1629938.775	1863344.925	0	1720573.2	1761372.75	1823117.6	1767580.625
2362	276.1557664580428	9.520081	0	0.0	24975698.0	0.0	0.0	0.0	0	0.0	0.0	0.0	0.0
2363	234.1449067636125	9.530943	0	0.0	2148416.0	0.0	0.0	0.0	0	0.0	0.0	0.0	0.0
2364	341.15691149989703	9.546813	0	0.0	0.0	6610898.375	5694454.25	6007498.75	0	4419925.75	4561034.25	4586441.625	4745449.75
2365	305.18202591078864	9.551286	0	2918890.375	4396816.5	2280952.775	2107401.85	2203763.725	0	2338097.35	2424540.45	2334036.8	2414334.125
2366	309.16563869695403	9.552235	0	4953385.375	5517245.0	4131310.075	4023666.9	3942198.8	0	4280746.875	4282989.875	4213322.625	4273501.775
2367	342.16048621303054	9.549926	0	0.0	0.0	0.0	0.0	0.0	0	0.0	0.0	0.0	0.0
2368	247.65802489246272	9.591133	0	1930835.8	996584.6	1541117.4	1564303.0	1678095.525	0	1735669.625	1694478.575	1663090.95	1621112.575
2369	390.1983087177314	9.567164	0	0.0	0.0	1484655.8	1374496.3	1340565.2	0	1013296.45	1064915.775	1126926.1	994578.9750000001
2370	262.151033361095	9.5752325	0	0.0	22935610.0	0.0	0.0	0.0	0	0.0	0.0	0.0	0.0
2371	499.2250189251631	9.577095	0	2852280.85	2026211.9	2439615.175	2292709.875	2300339.875	0	2379937.4	2392421.65	2642764.075	2469822.6500000004
2372	641.8222754401729	9.582435	0	2227647.125	2442915.5	0.0	0.0	0.0	0	436721.875	577498.5	685084.05	528342.7
2373	334.18042922190506	9.60492	0	2672388.05	2070340.5	1863387.15	1875125.5	1981622.0999999999	0	2010195.1	2182365.0	2106813.45	2093149.25
2374	333.176913615383	9.606672	0	18385934.5	14553106.0	12509685.0	12831952.0	13681023.5	0	13786671.75	14609686.75	14632667.75	14379568.75
2375	157.0608283706973	9.586663	0	0.0	1193811.6	666301.975	702847.2	1002820.575	0	1020835.8999999999	992698.6	358435.25	0.0
2376	462.2382671097624	9.5742445	0	1023407.5249999999	2346072.8	1362718.975	1523490.375	1339877.55	0	1421601.5	1352486.85	1420940.25	1054465.825
2377	427.0954402031061	9.62108	0	0.0	2359678.5	0.0	0.0	0.0	0	0.0	0.0	0.0	0.0
2378	384.5368587234949	9.611897	0	948294.175	0.0	0.0	0.0	0.0	0	0.0	306425.1	332591.7	309277.375
2379	308.15852458138664	9.62257	0	1579256.775	1458478.9	1530740.6	1463135.225	1567733.0	0	1509151.0750000002	1516864.75	1557082.875	1557766.9
2380	364.06531424939936	9.639078	0	2490974.0	0.0	0.0	0.0	277258.025	0	1215250.025	615110.75	414537.0	523334.25
2381	363.1874847209367	9.631013	0	2359650.2249999996	1934143.4	2841504.7	2715982.0	2703072.825	0	2538517.45	2659212.7	2772808.6	2649671.0
2382	213.0660139361952	9.641068	0	0.0	0.0	619591.1	2001020.075	1660200.8250000002	0	1320624.725	1260130.8250000002	1053797.6	646258.85
2383	290.1459295963756	9.665361	0	0.0	2310272.5	0.0	0.0	0.0	0	0.0	0.0	0.0	0.0
2384	247.6580157553158	9.658176	0	1441477.4	0.0	1483244.7	1569751.75	1633966.125	0	1679796.025	1671592.025	1640852.4	1136199.525
2385	335.1924341194921	9.679259	0	1771238.25	2411673.8	1546208.975	1330598.275	1586813.225	0	1445603.7	1534080.45	1683794.625	1571379.95
2386	471.2188499125613	9.6877	0	2565183.575	1548294.2	2069934.425	1906530.475	1921147.6	0	1888314.6	2091697.2	2230771.025	2252013.25
2387	234.14487763693413	9.689673	0	0.0	19934984.0	0.0	0.0	0.0	0	0.0	0.0	0.0	0.0
2388	262.1401821126244	9.689673	0	0.0	3601965.8	0.0	0.0	0.0	0	0.0	0.0	0.0	0.0
2389	452.22475854804986	9.698239	0	2253818.225	1543420.8	2240150.05	2193775.55	2198315.275	0	2019461.75	2222874.975	2343678.675	2300043.7
2390	587.2921328250111	9.719128	0	1466331.45	999823.3	0.0	0.0	0.0	0	0.0	501145.275	473018.725	492167.45
2391	576.3023497042121	9.710498	0	42740611.0	31305266.0	11005668.25	11736149.25	12823000.0	0	15787863.0	20734468.0	20920492.25	20862605.25
2392	376.21922533299175	9.717192	0	1543280.875	1800355.6	1341584.15	1297796.675	1409902.5	0	1410455.4	1382115.2	1469018.45	1330975.15
2393	349.17189514355954	9.720687	0	14269622.25	11519824.0	10984326.25	10220605.25	11146829.75	0	11536116.0	12099978.75	11580786.75	11404502.0
2394	291.16632352927525	9.730256	0	1446721.25	1471375.1	1241901.8	610114.4	1331968.85	0	1299910.275	1094715.8	983274.2	1252806.025
2395	391.1825135665171	9.741444	0	2502769.675	0.0	0.0	293670.4	918889.875	0	873255.75	1055465.325	526370.375	1260238.5
2396	352.11727954321896	9.756115	0	0.0	3167975.2	0.0	0.0	0.0	0	0.0	0.0	0.0	0.0
2397	275.1714606420696	9.813075	0	0.0	15845900.0	0.0	0.0	0.0	0	0.0	0.0	0.0	0.0
2398	303.17762209751675	9.813075	0	0.0	60416010.0	0.0	0.0	0.0	0	0.0	0.0	0.0	0.0
2399	391.18258482430514	9.838278	0	2821282.75	1771483.1	2350128.15	2385361.4749999996	2440063.925	0	2359728.2	2553257.7	2546188.15	2537662.25
2400	262.15113908053456	9.84671	0	0.0	4062558.5	0.0	0.0	0.0	0	0.0	0.0	0.0	0.0
2401	234.14485796744853	9.858922	0	0.0	7418329.0	0.0	0.0	0.0	0	0.0	0.0	0.0	0.0
2402	232.14053842491012	9.881063	0	0.0	8100428.0	0.0	0.0	0.0	0	0.0	0.0	0.0	0.0
2403	261.15584944576113	9.891787	0	0.0	8861600.0	0.0	0.0	0.0	0	0.0	0.0	0.0	0.0
2404	289.16191771005185	9.891787	0	0.0	2739524.8	0.0	0.0	0.0	0	0.0	0.0	0.0	0.0
2405	204.1343851091881	9.937974	0	0.0	8952520.0	0.0	0.0	0.0	0	0.0	0.0	0.0	0.0
2406	669.3521288897466	9.9801655	0	1383337.2	1665197.4	0.0	0.0	0.0	0	317076.1	348899.45	383088.8	334272.85
2407	641.8222275686485	9.972475	0	1855365.9	2442668.8	0.0	0.0	0.0	0	392354.025	456878.225	554063.125	452070.525
2408	405.2168861662609	9.95829	0	4968974.05	4894140.5	4284197.25	4119666.95	4302814.65	0	4127321.625	4532390.675	4776087.65	4239852.95
2409	404.2140949185454	9.958275	0	24354635.0	24130154.0	21109453.5	20645477.5	21763017.0	0	21134191.0	23018990.0	22189166.0	21530236.0
2410	253.1295606314569	9.978902	0	1703474.825	0.0	0.0	0.0	0.0	0	454992.35	514148.9	287877.3	446456.275
2411	576.3023223572184	9.978346	0	33713151.0	35890830.0	11181224.25	11504700.0	12712140.5	0	15099600.5	17329107.25	18275101.25	18407406.75
2412	247.6580006981693	9.956681	0	1753343.425	0.0	1455500.425	1421229.975	1513356.05	0	1549605.7	1536000.375	1580028.925	1477794.875
2413	462.2382296724234	9.976594	0	1598361.9500000002	1549346.1	1524635.8	1283661.3	1527985.85	0	1614005.85	1783906.65	1100282.575	1436449.825
2414	362.2034848410138	9.989755	0	5274207.0	4575276.0	2930289.575	2835270.3	3304107.625	0	3594276.075	3876612.3	3175571.95	3697414.175
2415	327.68211557709384	9.988726	0	2230938.5	1762749.0	1505245.15	1495962.2000000002	1556073.3	0	1646038.875	1671067.9500000002	1705833.5	1765278.825
2416	156.07681175557727	9.970956	0	0.0	3523458.5	2199220.0	1200911.125	1895657.2	0	1527528.75	1484807.4	950558.45	1332893.725
2417	390.19854784298127	10.004621	0	6180867.5	4650516.5	5589771.625	5491900.0	5757450.625	0	5421799.375	6247283.875	5615042.875	5735863.625
2418	471.2188811635987	10.0077	0	5769885.5	3788677.2	4386998.325	4250966.575	4822705.5	0	4674061.5	5374712.125	4518729.075	4663053.2
2419	587.2921537683329	9.993853	0	1836238.025	1637796.5	0.0	0.0	0.0	0	364212.5	495253.525	454200.4	522571.6
2420	266.17854385146023	10.06412	0	4463628.375	2937523.0	4217825.6	4155724.325	4218175.675	0	4077133.3	4165848.175	4326775.5	4485597.0
2421	325.1474787359753	10.074985	0	1625215.025	0.0	1555768.5	1519712.225	1653150.7000000002	0	1595102.5	1571889.825	1588795.275	1598058.85
2422	649.8195899541704	10.169038	0	5518975.25	3372697.0	0.0	0.0	564180.675	0	1115610.125	1801192.4	1535130.0	1631223.4
2423	669.3520654451336	10.184836	0	302276.3	1194680.5	0.0	0.0	0.0	0	0.0	302276.3	0.0	0.0
2424	325.14745457207874	10.172255	0	1346381.65	0.0	1477733.45	1424138.85	1146840.8	0	1495460.975	1013385.675	1465925.0	1420323.1
2425	587.2922129456215	10.219863	0	1282072.825	1718051.0	0.0	0.0	0.0	0	371553.125	420068.85	490450.85	0.0
2426	649.8196062941115	10.232559	0	5237606.0	3558388.2	0.0	0.0	605517.5	0	1145535.25	1790917.775	1304658.75	1602011.725
2427	259.171342929608	10.286408	0	1685143.825	1068571.4	1736654.85	1618075.25	1621252.1	0	1577550.975	1620233.6	1735825.875	1727515.575
2428	462.2382965314943	10.350058	0	600887.5	1383731.0	588765.625	1108489.725	1170578.2	0	1096331.4	432574.3	1014479.875	925335.475
2429	494.308908635543	10.430686	0	632696.2	0.0	339584.25	583809.625	697952.7	0	678132.8	276886.65	637545.45	661477.875
2430	462.23830232820166	10.443396	0	874170.45	1223129.5	1293159.425	763427.925	1114216.4	0	993273.475	969018.9	1018919.925	1063761.9
2431	259.62750101658634	10.495641	0	15512863.0	1772577.9	26926612.0	26540163.5	25664538.0	0	22336054.0	23486965.5	24578898.5	24242258.5
2432	397.2558280049918	10.505797	0	0.0	1641347.2	0.0	0.0	0.0	0	0.0	0.0	0.0	0.0
2433	504.2417518557743	10.50917	0	6084237.875	5562535.5	3321511.35	3341955.375	3572221.7	0	4103664.075	3906199.725	3933152.3	4376910.2
2434	518.2475784602157	10.534064	0	10571159.5	1323568.9	17417471.0	12773737.75	13287025.25	0	11352412.0	13978471.75	11390814.75	17327695.0
2435	604.7609041002414	10.510745	0	1703528.0750000002	1836451.6	0.0	0.0	0.0	0	388439.025	422346.375	468037.9	424704.775
2436	160.18085513127778	10.510402	0	0.0	5418923.5	0.0	0.0	349722.3	0	349722.3	0.0	0.0	0.0
2437	517.335127192587	10.534268	0	0.0	3629074.2	0.0	0.0	0.0	0	0.0	0.0	0.0	0.0
2438	641.8222488003705	10.52103	0	897169.175	1494632.0	0.0	0.0	0.0	0	0.0	305439.8	305515.625	286213.75
2439	259.17196586817806	10.5051365	0	1275296.7	4918639.5	1756617.225	1428963.75	1588638.6	0	1489615.35	1523857.875	1446042.675	1590000.375
2440	146.16517336773634	10.533289	0	0.0	2644509.0	0.0	0.0	0.0	0	0.0	0.0	0.0	0.0
2441	470.29762413893656	10.55395	0	0.0	0.0	1085825.825	1172361.35	595426.575	0	285460.85	520100.025	880579.75	1167473.125
2442	494.3089283196989	10.616198	0	602786.5	0.0	594553.025	639131.375	635201.825	0	287454.5	289996.975	907701.6	986519.65
2443	518.2475736452857	10.654647	0	9856167.5	1658233.8	20175168.0	20519000.75	14458296.5	0	11669371.25	15009111.5	17878324.0	20451826.0
2444	156.07682589622416	10.636196	0	0.0	2076162.4	1334912.95	303866.35	881948.55	0	709701.125	582825.475	603306.2	624895.05
2445	252.16305243654665	10.622656	0	1596295.35	984345.5	1655141.75	1556974.7	1552806.475	0	1540818.275	1536260.525	1648682.625	1635456.85
2446	462.23828781820777	10.612453	0	0.0	1283656.4	968753.825	1304691.425	901212.1499999999	0	924360.475	589838.55	637601.2	1022857.175
2447	259.62751210301985	10.695807	0	13425911.0	2378584.5	30084319.0	28972620.0	28322023.5	0	25462522.75	24240263.75	26205954.75	24896132.25
2448	494.3089257714103	10.693426	0	897641.425	0.0	669275.25	664439.7250000001	363802.875	0	315833.775	0.0	968911.8500000001	1310413.65
2449	308.0910612364878	10.715652	0	0.0	2751061.8	0.0	0.0	0.0	0	0.0	0.0	0.0	0.0
2450	518.2475697084841	10.790305	0	8283178.5	2247777.2	24278061.5	21862717.5	20139948.75	0	17804273.75	15535091.5	19162356.0	22062185.0
2451	146.16517618056352	10.811437	0	0.0	3560663.2	0.0	0.0	0.0	0	0.0	0.0	0.0	0.0
2452	160.18085397605248	10.830165	0	0.0	7358700.5	0.0	0.0	260580.85	0	260580.85	0.0	0.0	0.0
2453	587.2922445203092	10.831479	0	1188114.9	2412199.5	0.0	0.0	0.0	0	390275.375	450463.625	0.0	347375.9
2454	494.3089206597933	10.826279	0	606859.7250000001	0.0	669432.8	628218.5	700770.875	0	337857.275	322337.725	641425.325	1303661.575
2455	333.1448172563556	10.833692	0	3000995.575	0.0	5029463.875	4802600.25	4741020.375	0	4256474.325	4475210.5	4463635.625	4378759.625
2456	665.2829622164788	10.85285	0	368935.05	0.0	1775062.5250000001	1252863.75	1226358.4	0	1045931.7250000001	746956.3	1314184.975	1516146.725
2457	587.2923082885403	10.917179	0	1619373.025	2679236.2	0.0	0.0	0.0	0	406605.525	389921.2	481713.45	341132.85
2458	518.2475558318592	10.900032	0	10424142.25	2233199.0	24024134.5	21042055.0	20591304.75	0	17508743.75	16600892.5	19793268.25	22178732.0
2459	374.27625037310975	10.925895	0	621106.6499999999	1476740.5	270422.4	281500.525	0.0	0	311240.05	0.0	580289.0	281500.525
2460	494.3089348689667	10.958282	0	335095.85	0.0	887798.1499999999	632428.075	620116.025	0	593086.1	265508.025	607550.575	1009293.3999999999
2461	470.29763748979815	10.962524	0	0.0	0.0	287463.525	814320.95	0.0	0	253508.0	267711.3	293101.65	287463.525
2462	587.2924162726663	11.065681	0	1609477.3	2290381.0	0.0	0.0	294769.15	0	363235.725	389788.35	500147.7	651074.675
2463	612.0743383296568	11.209777	0	2356709.675	0.0	2271465.575	2106354.875	2220807.0	0	2154543.525	2281803.95	2207129.575	2311860.075
2464	284.17173642407465	11.201455	0	0.0	19090048.0	0.0	0.0	0.0	0	0.0	0.0	0.0	0.0
2465	200.63703692775377	11.244477	0	1246531.575	0.0	279243.7	0.0	783088.6375	0	328009.05	607558.7749999999	811288.3	562007.7875
2466	400.26674611100094	11.267679	0	2471888.375	0.0	1952599.6	1790998.475	1899253.825	0	2004062.6	1919558.8	2071326.9000000001	2119791.975
2467	265.0155925147765	11.302147	0	0.0	2081131.4	0.0	0.0	286894.4	0	0.0	0.0	286894.4	0.0
2468	612.0743329105339	11.2741785	0	2116352.675	0.0	2207167.9250000003	2062315.225	2195577.7	0	2111061.325	1873386.2000000002	2333349.825	2263616.175
2469	241.999620260677	11.329358	0	1344990.125	3305148.8	535241.825	0.0	761151.7250000001	0	897137.75	579937.9	815617.55	348690.475
2470	151.03526086994276	11.336762	0	3719742.275	6742792.5	3239297.4	2464968.85	3457764.5	0	3187306.2	3187432.525	3371104.825	3135929.475
2471	146.1651671469762	11.345756	0	0.0	0.0	0.0	311870.75	758442.4	0	432459.75	311870.75	325982.65	0.0
2472	612.0743312319943	11.347961	0	0.0	0.0	930403.4750000001	441611.4	804873.775	0	901816.675	909888.8500000001	365183.125	0.0
2473	400.26674410200354	11.498786	0	1893777.375	0.0	1756710.825	1621828.65	1758414.825	0	1774631.1	1631116.275	1798986.0499999998	1825998.25
2474	284.1717039496308	11.528391	0	0.0	8006386.0	0.0	0.0	0.0	0	0.0	0.0	0.0	0.0
2475	518.2475170201285	11.57648	0	3562894.925	0.0	10186217.5	9633822.75	6618498.375	0	8639823.25	5960488.3	6929767.375	8471354.625
2476	611.0902745362407	11.640478	0	2375787.4	0.0	2106310.775	2332441.5	2260208.3	0	2277906.85	2303968.225	2238368.275	2254504.625
2477	316.1873323155786	11.670859	0	880596.4750000001	0.0	1222365.0	886626.8	328664.05	0	850592.15	290302.475	897012.2	1280345.5
