CLUSTERID1	CLUSTERID2	DeltaMZ	MinRatio	Cosine	AlignScore2	AlignScore3
1239	1240	-14.016	0.000	0.8238	0.5896	1
1239	1247	27.995	0.000	0.8290	0.5510	1
1239	1369	18.010	0.000	0.8391	0.6346	1
1239	1370	0.984	0.000	0.7759	0.5573	1
1239	1399	14.016	0.000	0.8554	0.6376	1
1239	1459	16.031	0.000	0.8351	0.6084	1
1239	1822	12.036	0.000	0.7759	0.5648	1
1239	1960	26.052	0.000	0.7836	0.6336	1
1239	2067	-1.943	0.000	0.7344	0.6682	1
1239	2084	26.052	0.000	0.7228	0.7768	1
1239	2280	-23.975	0.000	0.8481	0.6399	1
1240	1246	-71.037	0.000	0.7143	0.5890	1
1240	1247	42.010	0.000	0.9159	0.6903	1
1240	1282	0.984	0.000	0.7837	0.7977	1
1240	1334	0.984	0.000	0.7982	0.8207	1
1240	1369	32.026	0.000	0.8858	0.6872	1
1240	1374	14.016	0.000	0.8514	0.6204	1
1240	1414	16.031	0.000	0.9275	0.7248	1
1240	1501	-49.979	0.000	0.9177	0.5973	1
1240	1523	-87.032	0.000	0.7315	0.5020	1
1240	1525	-101.011	0.000	0.7126	0.4995	1
1240	1535	-172.049	0.000	0.7058	0.3343	1
1240	1557	-14.921	0.000	0.8605	0.5692	1
1240	1570	16.012	0.000	0.7664	0.4906	1
1240	1854	2.052	0.000	0.8469	0.6855	1
1240	1913	26.052	0.000	0.7381	0.6136	1
1240	2234	-23.975	0.000	0.8209	0.4451	1
1241	1252	-260.116	0.000	0.8335	0.6150	1
1241	1255	76.556	0.000	0.7455	0.5848	1
1241	1265	-90.011	0.000	0.9488	0.7540	1
1241	1352	-30.011	0.000	0.9746	0.8243	1
1241	1357	-31.014	0.000	0.7598	0.5180	1
1241	1407	71.037	0.000	0.9114	0.7669	1
1241	1417	-216.090	0.000	0.7942	0.4763	1
1241	1437	73.053	0.000	0.9013	0.7779	1
1241	1439	-129.043	0.000	0.7692	0.5223	1
1241	1485	-128.059	0.000	0.8403	0.5026	1
1241	1500	-131.020	0.000	0.7124	0.4750	1
1241	1520	-131.058	0.000	0.7293	0.4992	1
1241	1521	-131.001	0.000	0.7554	0.5387	1
1241	1575	-176.080	0.000	0.9484	0.8286	1
1241	1588	-74.053	0.000	0.8397	0.6898	1
1241	1595	-145.038	0.000	0.9038	0.6321	1
1241	1612	23.001	0.000	0.7340	0.6212	1
1241	1677	23.001	0.000	0.7764	0.6609	1
1241	1789	73.016	0.000	0.8028	0.6801	1
1241	1798	-40.068	0.000	0.7027	0.5994	1
1241	1799	-32.009	0.000	0.7718	0.5765	1
1241	1900	-198.137	0.000	0.7310	0.5693	1
1241	1905	-72.057	0.000	0.7797	0.5610	1
1241	1932	-32.009	0.000	0.7682	0.6202	1
1241	1934	99.032	0.000	0.7285	0.6138	1
1241	1947	-105.058	0.000	0.8129	0.5614	1
1241	1995	-119.040	0.000	0.7232	0.5502	1
1241	2004	-265.118	0.000	0.7123	0.5231	1
1241	2010	-71.074	0.000	0.7165	0.5508	1
1241	2028	73.016	0.000	0.7946	0.6346	1
1241	2088	-220.122	0.000	0.7368	0.4518	1
1241	2112	-48.004	0.000	0.7396	0.5374	1
1241	2145	99.032	0.000	0.7473	0.6732	1
1241	2147	-57.058	0.000	0.8732	0.6780	1
1241	2148	-32.009	0.000	0.7284	0.5507	1
1241	2150	-417.259	0.000	0.7814	0.5405	1
1241	2152	12.000	0.000	0.7302	0.5760	1
1241	2190	-48.004	0.000	0.7274	0.5130	1
1241	2245	-32.009	0.000	0.7236	0.5832	1
1241	2283	-15.011	0.000	0.7311	0.5411	1
1241	2288	-45.022	0.000	0.7228	0.5075	1
1241	2300	-32.009	0.000	0.7395	0.5855	1
1241	2331	-32.009	0.000	0.7729	0.6263	1
1241	2413	-48.003	0.000	0.7176	0.5107	1
1241	2430	-48.003	0.000	0.7001	0.5024	1
1241	2446	-48.003	0.000	0.7031	0.5259	1
1242	1453	8.985	0.000	0.7741	0.6224	1
1242	1465	8.985	0.000	0.7810	0.6248	1
1242	1492	8.985	0.000	0.7694	0.5928	1
1242	1588	140.025	0.000	0.7264	0.5500	1
1242	1607	-15.995	0.000	0.7750	0.6544	1
1242	1789	287.094	0.000	0.7287	0.5141	1
1242	1799	182.069	0.000	0.7899	0.6789	1
1242	1927	111.032	0.000	0.8098	0.7532	1
1242	1932	182.069	0.000	0.8492	0.7541	1
1242	1933	-18.010	0.000	0.7335	0.6056	1
1242	1934	313.110	0.000	0.8340	0.7147	1
1242	1937	404.687	0.000	0.7513	0.6152	1
1242	1938	-18.010	0.000	0.7884	0.7280	1
1242	1947	109.020	0.000	0.7117	0.5787	1
1242	1995	95.038	0.000	0.7895	0.6900	1
1242	2028	287.094	0.000	0.7017	0.5056	1
1242	2112	166.074	0.000	0.7043	0.6267	1
1242	2145	313.109	0.000	0.7312	0.5253	1
1242	2147	157.020	0.000	0.7193	0.5377	1
1242	2148	182.068	0.000	0.7934	0.6892	1
1242	2150	-203.181	0.000	0.7331	0.6357	1
1242	2191	95.037	0.000	0.7078	0.6758	1
1242	2210	-263.168	0.000	0.7792	0.6948	1
1242	2223	65.026	0.000	0.7035	0.5812	1
1242	2245	182.068	0.000	0.7812	0.6579	1
1242	2300	182.069	0.000	0.8412	0.7182	1
1242	2331	182.069	0.000	0.8307	0.7246	1
1242	2413	166.074	0.000	0.7191	0.6502	1
1243	1256	-260.116	0.000	0.7153	0.4875	1
1243	1259	-189.079	0.000	0.7229	0.4436	1
1243	1350	-30.011	0.000	0.8060	0.6014	1
1243	1478	-128.059	0.000	0.7136	0.5054	1
1244	1624	-186.066	0.000	0.7257	0.5785	1
1244	1830	-23.002	0.000	0.7116	0.5511	1
1245	1546	-3.995	0.000	0.7663	0.6126	1
1245	1585	10.021	0.000	0.7872	0.6035	1
1245	1719	10.021	0.000	0.8599	0.7990	1
1245	1755	-31.006	0.000	0.7422	0.5209	1
1245	1766	-91.027	0.000	0.7914	0.5536	1
1245	1806	-16.990	0.000	0.9040	0.7661	1
1245	2103	-40.006	0.000	0.8115	0.6889	1
1246	1359	14.016	0.000	0.8630	0.7343	1
1246	1397	-58.006	0.000	0.9358	0.8541	1
1246	1398	-15.995	0.000	0.7313	0.6531	1
1246	1458	-58.006	0.000	0.9281	0.8259	1
1246	1531	-57.022	0.000	0.7339	0.7751	1
1246	1689	12.036	0.000	0.7761	0.6166	1
1246	2061	-57.058	0.000	0.7681	0.7327	1
1247	1369	-9.984	0.000	0.8964	0.5773	1
1247	1370	-27.011	0.000	0.8721	0.7417	1
1247	1418	-87.032	0.000	0.7376	0.6528	1
1247	1482	14.016	0.000	0.9486	0.7058	1
1247	1503	-43.006	0.000	0.7624	0.5907	1
1247	1547	16.031	0.000	0.9785	0.7637	1
1247	1740	-202.059	0.000	0.7494	0.3508	1
1247	1880	12.036	0.000	0.8766	0.7062	1
1247	2020	26.052	0.000	0.8775	0.8105	1
1247	2302	-23.975	0.000	0.9196	0.6085	1
1247	2345	-23.975	0.000	0.9008	0.6084	1
1250	1269	0.000	0.000	0.9739	0.8654	1
1250	1484	-147.035	0.000	0.8072	0.7172	1
1250	1569	44.005	0.000	0.7266	0.6187	1
1250	1588	86.995	0.000	0.7864	0.5579	1
1250	1612	184.049	0.000	0.7417	0.5538	1
1250	1677	184.049	0.000	0.7852	0.5736	1
1250	1685	147.069	0.000	0.7989	0.6174	1
1250	1697	145.053	0.000	0.7083	0.5841	1
1250	1840	244.122	0.000	0.7008	0.4359	1
1250	1943	-37.089	0.000	0.7088	0.6561	1
1251	1496	-87.032	0.000	0.8239	0.6949	1
1251	1985	101.011	0.000	0.7599	0.6271	1
1252	1255	336.672	0.000	0.8037	0.7736	1
1252	1265	170.105	0.000	0.8637	0.6334	1
1252	1352	230.106	0.000	0.7985	0.5296	1
1252	1407	331.153	0.000	0.7770	0.4690	1
1252	1437	333.169	0.000	0.7853	0.4735	1
1252	1476	-87.032	0.000	0.8535	0.7471	1
1252	1485	132.057	0.000	0.7060	0.5149	1
1252	1540	-74.020	0.000	0.7097	0.5877	1
1252	1575	84.036	0.000	0.7842	0.4724	1
1252	1588	186.063	0.000	0.7013	0.4747	1
1252	1595	115.078	0.000	0.7350	0.5381	1
1252	1789	333.133	0.000	0.7008	0.4517	1
1252	2147	203.058	0.000	0.7659	0.5079	1
1255	1265	-166.567	0.000	0.7282	0.6003	1
1255	1407	-5.519	0.000	0.7059	0.5119	1
1255	1437	-3.503	0.000	0.7356	0.5052	1
1256	1259	71.037	0.000	0.8168	0.6615	1
1256	1350	230.106	0.000	0.7011	0.5609	1
1256	1478	132.057	0.000	0.7190	0.5410	1
1257	1261	168.090	0.000	0.7514	0.6294	1
1257	1266	-74.037	0.000	0.7466	0.5441	1
1257	1387	168.258	0.000	0.8023	0.5421	1
1257	1403	168.090	0.000	0.7947	0.5024	1
1257	1471	39.047	0.000	0.8515	0.6507	1
1257	1716	-47.985	0.000	0.8649	0.6762	1
1260	1418	14.016	0.000	0.9405	0.8019	1
1260	1454	14.016	0.000	0.8214	0.7973	1
1260	1507	-12.995	0.000	0.8569	0.7145	1
1260	1546	-27.995	0.000	0.7111	0.6803	1
1260	1684	99.068	0.000	0.7103	0.5029	1
1260	1986	-27.047	0.000	0.7537	0.7328	1
1260	2026	-27.047	0.000	0.7598	0.6829	1
1261	1266	-242.127	0.000	0.8214	0.7016	1
1261	1387	0.167	0.000	0.8791	0.6136	1
1261	1403	-0.000	0.000	0.8920	0.6799	1
1261	1407	-14.016	0.000	0.8571	0.7249	1
1261	1471	-129.043	0.000	0.8190	0.6298	1
1261	1551	28.031	0.000	0.8498	0.8277	1
1261	1556	-102.032	0.000	0.7915	0.6127	1
1261	1642	99.068	0.000	0.7097	0.4208	1
1261	1648	28.031	0.000	0.7350	0.6284	1
1261	1681	99.068	0.000	0.7079	0.4062	1
1261	1697	-101.049	0.000	0.7237	0.5671	1
1261	1716	-216.075	0.000	0.7418	0.5407	1
1261	1728	-1.980	0.000	0.7758	0.7195	1
1261	2051	54.994	0.000	0.8586	0.7377	1
1261	2089	54.995	0.000	0.7541	0.6851	1
1261	2404	40.020	0.000	0.7029	0.6314	1
1262	1397	-27.995	0.000	0.7663	0.6401	1
1262	1398	14.016	0.000	0.9181	0.8265	1
1262	1458	-27.995	0.000	0.7841	0.6967	1
1262	1546	14.015	0.000	0.7175	0.7159	1
1262	1894	-15.959	0.000	0.7154	0.7468	1
1263	1282	33.984	0.000	0.9648	0.7926	1
1263	1334	33.984	0.000	0.9574	0.7601	1
1263	1362	50.016	0.000	0.8096	0.6126	1
1263	1486	-23.037	0.000	0.7859	0.5643	1
1263	1511	48.000	0.000	0.9469	0.7561	1
1263	1531	-95.058	0.000	0.7114	0.5884	1
1263	1576	50.015	0.000	0.9450	0.7086	1
1263	1639	-15.995	0.000	0.9469	0.8029	1
1263	1644	36.000	0.000	0.7575	0.6789	1
1263	1684	73.032	0.000	0.7991	0.5792	1
1263	1693	50.015	0.000	0.8166	0.5879	1
1263	1715	19.064	0.000	0.7810	0.6135	1
1263	1773	63.047	0.000	0.7760	0.5396	1
1263	1788	-81.079	0.000	0.7169	0.5521	1
1263	1792	49.979	0.000	0.8627	0.7291	1
1263	1833	76.031	0.000	0.7126	0.5527	1
1263	1845	87.047	0.000	0.8303	0.5737	1
1263	1890	-28.042	0.000	0.7261	0.4566	1
1263	1893	46.021	0.000	0.8750	0.7782	1
1263	1904	47.964	0.000	0.7018	0.6822	1
1263	1928	-11.001	0.000	0.7505	0.5790	1
1263	1935	49.979	0.000	0.8197	0.6629	1
1263	1939	-23.073	0.000	0.7877	0.6787	1
1263	1951	36.036	0.000	0.7386	0.5958	1
1263	1966	-23.074	0.000	0.7212	0.6256	1
1263	1986	-53.084	0.000	0.8045	0.6561	1
1263	2000	33.948	0.000	0.8400	0.7162	1
1263	2007	60.036	0.000	0.9071	0.8115	1
1263	2026	-53.084	0.000	0.8100	0.6377	1
1263	2048	32.041	0.000	0.7341	0.5926	1
1263	2075	-9.058	0.000	0.8448	0.6401	1
1263	2081	-53.084	0.000	0.7025	0.4843	1
1263	2114	47.963	0.000	0.8333	0.6775	1
1263	2136	-39.069	0.000	0.7892	0.5502	1
1263	2141	49.979	0.000	0.8307	0.6505	1
1263	2259	4.957	0.000	0.7359	0.5481	1
1263	2292	18.973	0.000	0.7200	0.5484	1
1263	2299	10.009	0.000	0.8278	0.7315	1
1263	2309	-53.048	0.000	0.7030	0.5338	1
1263	2310	17.978	0.000	0.7058	0.5978	1
1263	2347	17.989	0.000	0.7058	0.5978	1
1263	2464	9.973	0.000	0.7588	0.6472	1
1263	2474	9.973	0.000	0.7297	0.6484	1
1265	1352	60.000	0.000	0.9475	0.7787	1
1265	1357	58.997	0.000	0.7614	0.5671	1
1265	1407	161.048	0.000	0.9172	0.7384	1
1265	1417	-126.079	0.000	0.8023	0.5168	1
1265	1437	163.064	0.000	0.8983	0.6583	1
1265	1485	-38.048	0.000	0.8274	0.5749	1
1265	1520	-41.047	0.000	0.7257	0.5164	1
1265	1521	-40.990	0.000	0.7441	0.5496	1
1265	1540	-244.125	0.000	0.7489	0.5537	1
1265	1575	-86.069	0.000	0.9086	0.6591	1
1265	1588	15.958	0.000	0.8923	0.8083	1
1265	1595	-55.027	0.000	0.8549	0.6296	1
1265	1612	113.011	0.000	0.7416	0.6874	1
1265	1677	113.011	0.000	0.7824	0.6947	1
1265	1789	163.027	0.000	0.8158	0.6757	1
1265	1798	49.943	0.000	0.7207	0.5994	1
1265	1799	58.002	0.000	0.7695	0.6418	1
1265	1905	17.953	0.000	0.7811	0.6743	1
1265	1932	58.002	0.000	0.7772	0.6499	1
1265	1934	189.043	0.000	0.7348	0.6383	1
1265	1947	-15.047	0.000	0.7956	0.5428	1
1265	2004	-175.107	0.000	0.7237	0.5607	1
1265	2028	163.027	0.000	0.8023	0.6484	1
1265	2088	-130.111	0.000	0.7648	0.5263	1
1265	2112	42.007	0.000	0.7540	0.6162	1
1265	2145	189.043	0.000	0.7521	0.6384	1
1265	2147	32.953	0.000	0.8697	0.7183	1
1265	2148	58.002	0.000	0.7326	0.6222	1
1265	2150	-327.248	0.000	0.7592	0.5705	1
1265	2152	102.011	0.000	0.7465	0.6732	1
1265	2190	42.007	0.000	0.7505	0.6165	1
1265	2245	58.002	0.000	0.7280	0.6142	1
1265	2283	75.000	0.000	0.7442	0.6137	1
1265	2288	44.989	0.000	0.7404	0.5397	1
1265	2300	58.002	0.000	0.7458	0.6175	1
1265	2331	58.002	0.000	0.7801	0.7080	1
1265	2376	42.007	0.000	0.7200	0.6220	1
1265	2413	42.008	0.000	0.7377	0.6109	1
1265	2428	42.007	0.000	0.7046	0.5671	1
1265	2430	42.007	0.000	0.7194	0.5871	1
1265	2446	42.007	0.000	0.7289	0.6451	1
1266	1387	242.295	0.000	0.8444	0.5796	1
1266	1403	242.127	0.000	0.8691	0.7270	1
1266	1471	113.085	0.000	0.8192	0.5875	1
1266	1586	83.022	0.000	0.7246	0.4024	1
1266	1716	26.052	0.000	0.7981	0.5776	1
1267	1464	-87.032	0.000	0.7869	0.5970	1
1267	1468	-58.006	0.000	0.8454	0.6656	1
1268	1417	116.030	0.000	0.7027	0.5682	1
1268	1453	127.027	0.000	0.7104	0.5783	1
1268	1492	127.027	0.000	0.7044	0.6036	1
1268	1537	371.166	0.000	0.7011	0.5641	1
1268	1538	371.666	0.000	0.7046	0.5831	1
1268	1540	-2.016	0.000	0.8349	0.6975	1
1268	1541	15.995	0.000	0.7708	0.6607	1
1268	1588	258.067	0.000	0.8269	0.5522	1
1268	1612	355.121	0.000	0.7355	0.5370	1
1268	1677	355.121	0.000	0.7661	0.5370	1
1268	1789	405.137	0.000	0.7562	0.4745	1
1268	1842	111.033	0.000	0.7248	0.6862	1
1268	1862	111.032	0.000	0.7030	0.6302	1
1268	1875	-18.011	0.000	0.8722	0.7537	1
1268	1878	363.668	0.000	0.7926	0.7059	1
1268	1947	227.062	0.000	0.7165	0.5208	1
1268	2028	405.137	0.000	0.7420	0.5061	1
1268	2112	284.116	0.000	0.7159	0.5224	1
1268	2190	284.116	0.000	0.7180	0.5128	1
1268	2210	-145.125	0.000	0.7409	0.4795	1
1268	2245	300.111	0.000	0.7546	0.4881	1
1268	2288	287.098	0.000	0.7060	0.5494	1
1268	2300	300.111	0.000	0.7175	0.4983	1
1268	2331	300.111	0.000	0.7046	0.4502	1
1268	2376	284.117	0.000	0.7054	0.4874	1
1268	2413	284.117	0.000	0.7148	0.5288	1
1268	2430	284.117	0.000	0.7065	0.5028	1
1268	2446	284.117	0.000	0.7089	0.4948	1
1269	1484	-147.036	0.000	0.8127	0.6994	1
1269	1569	44.005	0.000	0.7107	0.6351	1
1269	1588	86.995	0.000	0.7817	0.6034	1
1269	1612	184.049	0.000	0.7520	0.5932	1
1269	1677	184.048	0.000	0.7978	0.6208	1
1269	1685	147.068	0.000	0.7820	0.6233	1
1269	1943	-37.089	0.000	0.7161	0.6359	1
1270	1618	-88.017	0.000	0.7155	0.5152	1
1272	1484	-87.033	0.000	0.8398	0.6782	1
1272	1577	-3.138	0.000	0.7252	0.5606	1
1272	1632	109.945	0.000	0.8292	0.6513	1
1272	1784	109.945	0.000	0.8365	0.6511	1
1272	1798	180.983	0.000	0.7883	0.6446	1
1272	1816	38.909	0.000	0.7215	0.5318	1
1272	1900	22.914	0.000	0.7364	0.5717	1
1273	1276	-46.005	0.000	0.7695	0.6732	1
1273	1374	-64.016	0.000	0.7209	0.4663	1
1273	1399	-50.000	0.000	0.7324	0.6477	1
1273	1482	-22.006	0.000	0.7303	0.6281	1
1273	1613	-17.974	0.000	0.8592	0.7323	1
1273	1853	-57.969	0.000	0.7989	0.6689	1
1273	1887	-16.990	0.000	0.7691	0.6004	1
1273	1924	-61.964	0.000	0.7281	0.4891	1
1273	1954	-33.969	0.000	0.7780	0.5557	1
1273	2005	-72.032	0.000	0.7081	0.6913	1
1274	1276	18.011	0.000	0.9437	0.8600	1
1274	1516	14.016	0.000	0.7181	0.7966	1
1274	1614	28.031	0.000	0.8203	0.7316	1
1274	1769	-1.979	0.000	0.7432	0.6764	1
1274	1854	-11.964	0.000	0.7200	0.7501	1
1274	1923	-15.958	0.000	0.7629	0.6741	1
1274	2264	-37.991	0.000	0.8012	0.7108	1
1275	1277	1.003	0.000	0.7995	0.6842	1
1276	1470	2.016	0.000	0.8813	0.7087	1
1276	1527	-37.991	0.000	0.8717	0.6690	1
1276	1613	28.031	0.000	0.8003	0.8324	1
1276	1773	-1.979	0.000	0.8166	0.7763	1
1276	1853	-11.964	0.000	0.7692	0.8221	1
1276	1924	-15.958	0.000	0.7759	0.6620	1
1276	1954	12.036	0.000	0.8142	0.7372	1
1278	1281	4.961	0.000	0.7022	0.4800	1
1278	1579	-87.032	0.000	0.8234	0.6666	1
1280	1466	-58.006	0.000	0.8246	0.6333	1
1281	1732	99.068	0.000	0.7358	0.7014	1
1281	1838	129.006	0.000	0.7612	0.5959	1
1281	2025	-17.993	0.000	0.8362	0.6559	1
1281	2258	-33.988	0.000	0.7501	0.5694	1
1281	2279	-33.988	0.000	0.7789	0.5712	1
1282	1334	0.000	0.000	0.9671	0.8070	1
1282	1370	14.016	0.000	0.7974	0.7128	1
1282	1486	-57.021	0.000	0.8199	0.4985	1
1282	1511	14.016	0.000	0.9556	0.7591	1
1282	1531	-129.043	0.000	0.8338	0.5327	1
1282	1576	16.031	0.000	0.9300	0.8271	1
1282	1578	-69.022	0.000	0.7054	0.5361	1
1282	1639	-49.979	0.000	0.9225	0.7555	1
1282	1644	2.015	0.000	0.7279	0.6692	1
1282	1678	-87.032	0.000	0.7444	0.4176	1
1282	1693	16.031	0.000	0.7976	0.5621	1
1282	1715	-14.921	0.000	0.7222	0.5708	1
1282	1785	-99.105	0.000	0.7056	0.4142	1
1282	1792	15.995	0.000	0.8278	0.6771	1
1282	1833	42.047	0.000	0.7858	0.6794	1
1282	1893	12.036	0.000	0.8573	0.5890	1
1282	1895	-71.073	0.000	0.7127	0.4413	1
1282	1928	-44.985	0.000	0.7911	0.4806	1
1282	1951	2.052	0.000	0.7031	0.5994	1
1282	2000	-0.036	0.000	0.8453	0.6536	1
1282	2007	26.052	0.000	0.8720	0.6427	1
1282	2009	-71.073	0.000	0.7436	0.5276	1
1282	2043	-57.058	0.000	0.7067	0.4464	1
1282	2048	-1.943	0.000	0.7358	0.5421	1
1282	2061	-129.079	0.000	0.7247	0.4533	1
1282	2114	13.979	0.000	0.8462	0.6716	1
1282	2136	-73.053	0.000	0.7827	0.4618	1
1282	2259	-29.027	0.000	0.7691	0.5638	1
1282	2292	-15.011	0.000	0.7328	0.4807	1
1282	2299	-23.975	0.000	0.7389	0.5324	1
1283	1391	-255.122	0.000	0.7106	0.3461	1
1283	1512	0.984	0.000	0.7361	0.5132	1
1283	1514	-87.032	0.000	0.7158	0.4410	1
1285	1286	-203.962	0.000	0.9371	0.8098	1
1285	1287	-67.987	0.000	0.9210	0.8503	1
1285	1288	-135.975	0.000	0.9597	0.8117	1
1285	1289	-577.894	0.000	0.7964	0.6717	1
1285	1290	-271.950	0.000	0.8742	0.7051	1
1285	1291	-373.931	0.000	0.8594	0.7357	1
1285	1292	-509.906	0.000	0.8339	0.6700	1
1285	1293	169.969	0.000	0.7331	0.5316	1
1285	1294	67.987	0.000	0.9655	0.8272	1
1285	1295	-169.969	0.000	0.9442	0.8007	1
1285	1296	33.994	0.000	0.7940	0.6083	1
1285	1297	101.981	0.000	0.7635	0.6205	1
1285	1298	-101.981	0.000	0.9480	0.8394	1
1285	1300	-441.918	0.000	0.8450	0.7012	1
1285	1301	-237.956	0.000	0.9408	0.7809	1
1285	1302	-33.994	0.000	0.9390	0.8118	1
1285	1303	-305.943	0.000	0.9285	0.7339	1
1285	1310	-34.997	0.000	0.7076	0.5914	1
1286	1287	135.975	0.000	0.9521	0.8159	1
1286	1288	67.987	0.000	0.9474	0.8696	1
1286	1289	-373.931	0.000	0.8727	0.7870	1
1286	1290	-67.987	0.000	0.9670	0.9070	1
1286	1291	-169.969	0.000	0.8774	0.8122	1
1286	1292	-305.944	0.000	0.8749	0.7750	1
1286	1294	271.950	0.000	0.8575	0.6648	1
1286	1295	33.994	0.000	0.9336	0.8407	1
1286	1296	237.956	0.000	0.7365	0.4935	1
1286	1297	305.943	0.000	0.7082	0.5154	1
1286	1298	101.981	0.000	0.9220	0.8202	1
1286	1300	-237.956	0.000	0.8706	0.8174	1
1286	1301	-33.994	0.000	0.9393	0.8696	1
1286	1302	169.969	0.000	0.8957	0.7033	1
1286	1303	-101.981	0.000	0.9328	0.8778	1
1287	1288	-67.987	0.000	0.9754	0.8344	1
1287	1289	-509.906	0.000	0.8419	0.7055	1
1287	1290	-203.962	0.000	0.8809	0.7363	1
1287	1291	-305.943	0.000	0.8707	0.7569	1
1287	1292	-441.919	0.000	0.8653	0.7033	1
1287	1293	237.956	0.000	0.7103	0.4672	1
1287	1294	135.975	0.000	0.9390	0.7955	1
1287	1295	-101.981	0.000	0.9441	0.8317	1
1287	1296	101.981	0.000	0.7778	0.5735	1
1287	1297	169.969	0.000	0.7612	0.6127	1
1287	1298	-33.994	0.000	0.9398	0.8322	1
1287	1300	-373.931	0.000	0.8648	0.7273	1
1287	1301	-169.968	0.000	0.9404	0.8191	1
1287	1302	33.994	0.000	0.9258	0.7776	1
1287	1303	-237.956	0.000	0.9346	0.7892	1
1288	1289	-441.919	0.000	0.8619	0.7588	1
1288	1290	-135.975	0.000	0.9621	0.8722	1
1288	1291	-237.956	0.000	0.8747	0.8027	1
1288	1292	-373.931	0.000	0.8731	0.7535	1
1288	1294	203.962	0.000	0.9287	0.7186	1
1288	1295	-33.994	0.000	0.9461	0.8509	1
1288	1296	169.969	0.000	0.7725	0.5390	1
1288	1297	237.956	0.000	0.7389	0.5409	1
1288	1298	33.994	0.000	0.9385	0.8101	1
1288	1300	-305.944	0.000	0.8700	0.7961	1
1288	1301	-101.981	0.000	0.9442	0.8498	1
1288	1302	101.981	0.000	0.9176	0.7266	1
1288	1303	-169.969	0.000	0.9313	0.8358	1
1289	1290	305.944	0.000	0.8657	0.8219	1
1289	1291	203.963	0.000	0.9387	0.8511	1
1289	1292	67.988	0.000	0.9823	0.9229	1
1289	1293	747.862	0.000	0.7517	0.4361	1
1289	1294	645.881	0.000	0.7370	0.5810	1
1289	1295	407.925	0.000	0.8808	0.6866	1
1289	1296	611.887	0.000	0.7373	0.5274	1
1289	1297	679.875	0.000	0.7573	0.5107	1
1289	1298	475.913	0.000	0.8156	0.6038	1
1289	1299	815.850	0.000	0.7276	0.3883	1
1289	1300	135.975	0.000	0.9536	0.8773	1
1289	1301	339.938	0.000	0.8939	0.7062	1
1289	1302	543.900	0.000	0.8069	0.5984	1
1289	1303	271.950	0.000	0.8761	0.7940	1
1289	1305	610.884	0.000	0.7112	0.6705	1
1290	1291	-101.981	0.000	0.8936	0.8591	1
1290	1292	-237.956	0.000	0.8748	0.8105	1
1290	1294	339.937	0.000	0.8813	0.6522	1
1290	1295	101.981	0.000	0.9224	0.8001	1
1290	1296	305.943	0.000	0.7173	0.4628	1
1290	1298	169.969	0.000	0.9034	0.7479	1
1290	1300	-169.969	0.000	0.8757	0.8381	1
1290	1301	33.994	0.000	0.9352	0.8474	1
1290	1302	237.956	0.000	0.8770	0.6372	1
1290	1303	-33.994	0.000	0.9375	0.8820	1
1291	1292	-135.975	0.000	0.9561	0.8334	1
1291	1293	543.900	0.000	0.7773	0.5035	1
1291	1294	441.918	0.000	0.8301	0.6918	1
1291	1295	203.962	0.000	0.9316	0.7888	1
1291	1296	407.925	0.000	0.7657	0.5752	1
1291	1297	475.912	0.000	0.7670	0.5479	1
1291	1298	271.950	0.000	0.9250	0.7311	1
1291	1299	611.887	0.000	0.7990	0.4672	1
1291	1300	-67.988	0.000	0.9287	0.8791	1
1291	1301	135.975	0.000	0.9405	0.8528	1
1291	1302	339.937	0.000	0.8950	0.7029	1
1291	1303	67.988	0.000	0.9450	0.8905	1
1291	1305	406.922	0.000	0.7113	0.5715	1
1291	1306	679.875	0.000	0.7025	0.4104	1
1292	1293	679.875	0.000	0.7686	0.4392	1
1292	1294	577.894	0.000	0.7834	0.6086	1
1292	1295	339.938	0.000	0.9117	0.7043	1
1292	1296	543.900	0.000	0.7474	0.5120	1
1292	1297	611.887	0.000	0.7777	0.5241	1
1292	1298	407.925	0.000	0.8750	0.6479	1
1292	1299	747.862	0.000	0.7619	0.4059	1
1292	1300	67.988	0.000	0.9740	0.8632	1
1292	1301	271.950	0.000	0.9208	0.7329	1
1292	1302	475.912	0.000	0.8144	0.5539	1
1292	1303	203.963	0.000	0.9057	0.8236	1
1292	1305	542.897	0.000	0.7208	0.6519	1
1293	1294	-101.981	0.000	0.7438	0.5661	1
1293	1295	-339.937	0.000	0.8254	0.5887	1
1293	1296	-135.975	0.000	0.9618	0.8587	1
1293	1297	-67.987	0.000	0.9404	0.8028	1
1293	1298	-271.950	0.000	0.8616	0.6061	1
1293	1299	67.987	0.000	0.9756	0.8444	1
1293	1300	-611.887	0.000	0.7808	0.4742	1
1293	1301	-407.925	0.000	0.7822	0.5373	1
1293	1302	-203.962	0.000	0.8243	0.7099	1
1293	1303	-475.912	0.000	0.7709	0.5066	1
1293	1305	-136.978	0.000	0.8824	0.6267	1
1293	1306	135.975	0.000	0.8289	0.8475	1
1293	1308	271.950	0.000	0.8668	0.6743	1
1293	1310	-204.965	0.000	0.8512	0.4992	1
1294	1295	-237.956	0.000	0.9466	0.7543	1
1294	1296	-33.994	0.000	0.8092	0.6571	1
1294	1297	33.994	0.000	0.7746	0.6571	1
1294	1298	-169.969	0.000	0.9521	0.7824	1
1294	1299	169.969	0.000	0.7155	0.5391	1
1294	1300	-509.906	0.000	0.8045	0.6586	1
1294	1301	-305.943	0.000	0.9388	0.7506	1
1294	1302	-101.981	0.000	0.9506	0.8109	1
1294	1303	-373.931	0.000	0.9172	0.7105	1
1295	1296	203.962	0.000	0.8537	0.6789	1
1295	1297	271.950	0.000	0.8668	0.6269	1
1295	1298	67.987	0.000	0.9586	0.8821	1
1295	1299	407.925	0.000	0.7885	0.5347	1
1295	1300	-271.950	0.000	0.9381	0.7769	1
1295	1301	-67.987	0.000	0.9307	0.8493	1
1295	1302	135.975	0.000	0.9296	0.7491	1
1295	1303	-135.975	0.000	0.9437	0.7942	1
1295	1305	202.959	0.000	0.7788	0.5748	1
1295	1306	475.912	0.000	0.7620	0.5528	1
1295	1310	134.972	0.000	0.7741	0.5571	1
1296	1297	67.987	0.000	0.9807	0.8777	1
1296	1298	-135.975	0.000	0.8187	0.6519	1
1296	1299	203.962	0.000	0.9547	0.8546	1
1296	1300	-475.912	0.000	0.7399	0.5418	1
1296	1301	-271.950	0.000	0.8818	0.6835	1
1296	1302	-67.987	0.000	0.8657	0.8036	1
1296	1303	-339.937	0.000	0.8332	0.5398	1
1296	1305	-1.003	0.000	0.8780	0.6690	1
1296	1306	271.950	0.000	0.8869	0.8500	1
1296	1308	407.925	0.000	0.8017	0.5754	1
1296	1310	-68.990	0.000	0.8657	0.5865	1
1297	1298	-203.962	0.000	0.8331	0.7084	1
1297	1299	135.975	0.000	0.9574	0.8124	1
1297	1300	-543.900	0.000	0.7600	0.5216	1
1297	1301	-339.937	0.000	0.8373	0.6028	1
1297	1302	-135.975	0.000	0.7997	0.7513	1
1297	1303	-407.925	0.000	0.7793	0.5859	1
1297	1305	-68.991	0.000	0.8890	0.7096	1
1297	1306	203.963	0.000	0.8980	0.7891	1
1297	1308	339.938	0.000	0.8355	0.6151	1
1297	1310	-136.978	0.000	0.8854	0.6355	1
1298	1299	339.937	0.000	0.8284	0.5646	1
1298	1300	-339.937	0.000	0.9050	0.7153	1
1298	1301	-135.975	0.000	0.9402	0.8200	1
1298	1302	67.987	0.000	0.9753	0.8212	1
1298	1303	-203.962	0.000	0.9082	0.7532	1
1298	1305	134.972	0.000	0.7924	0.6004	1
1298	1306	407.925	0.000	0.7738	0.5893	1
1298	1310	66.984	0.000	0.7740	0.6185	1
1299	1300	-679.875	0.000	0.7790	0.4352	1
1299	1301	-475.912	0.000	0.7726	0.4993	1
1299	1302	-271.950	0.000	0.8216	0.6019	1
1299	1303	-543.900	0.000	0.7614	0.4487	1
1299	1305	-204.966	0.000	0.8521	0.5313	1
1299	1306	67.988	0.000	0.9232	0.7427	1
1299	1308	203.963	0.000	0.8745	0.6524	1
1299	1310	-272.953	0.000	0.8429	0.4642	1
1300	1301	203.963	0.000	0.8934	0.7731	1
1300	1302	407.925	0.000	0.8409	0.6129	1
1300	1303	135.975	0.000	0.9412	0.8608	1
1300	1305	474.909	0.000	0.7193	0.6070	1
1301	1302	203.962	0.000	0.8953	0.7045	1
1301	1303	-67.987	0.000	0.9794	0.8914	1
1301	1305	270.947	0.000	0.7858	0.6137	1
1301	1306	543.900	0.000	0.7176	0.5113	1
1301	1310	202.959	0.000	0.7516	0.5533	1
1302	1303	-271.950	0.000	0.8946	0.6748	1
1302	1305	66.984	0.000	0.7660	0.5691	1
1302	1306	339.937	0.000	0.8356	0.6975	1
1302	1310	-1.003	0.000	0.7221	0.5146	1
1303	1305	338.934	0.000	0.7931	0.6880	1
1303	1306	611.887	0.000	0.7133	0.4632	1
1303	1310	270.947	0.000	0.7589	0.6247	1
1305	1306	272.953	0.000	0.8320	0.5425	1
1305	1308	408.928	0.000	0.7702	0.3700	1
1305	1310	-67.987	0.000	0.9698	0.8405	1
1306	1308	135.975	0.000	0.9553	0.7055	1
1306	1310	-340.941	0.000	0.8283	0.4842	1
1311	1482	13.953	0.000	0.8187	0.4918	1
1311	1503	-43.068	0.000	0.7410	0.5357	1
1311	1787	33.943	0.000	0.7751	0.4618	1
1312	1346	0.000	0.000	0.7952	0.7436	1
1313	1347	53.997	0.000	0.7537	0.6006	1
1313	1371	-0.000	0.000	0.9184	0.6379	1
1313	1561	14.016	0.000	0.8301	0.6238	1
1313	1823	-1.034	0.000	0.7281	0.4934	1
1313	1871	-1.034	0.000	0.7164	0.4876	1
1314	1316	1.997	0.000	0.9828	0.8561	1
1314	1318	10.029	0.000	0.9216	0.7851	1
1316	1319	10.029	0.000	0.9454	0.8366	1
1317	1379	0.000	0.000	0.7766	0.5622	1
1317	1438	-0.000	0.000	0.7897	0.5552	1
1317	1558	-87.032	0.000	0.7006	0.5275	1
1317	2010	0.947	0.000	0.8497	0.7426	1
1318	1319	1.997	0.000	0.7677	0.8474	1
1319	1328	-47.930	0.000	0.9610	0.7827	1
1319	1332	-105.888	0.000	0.9422	0.7734	1
1319	1333	-107.885	0.000	0.8321	0.5198	1
1319	1336	8.032	0.000	0.8942	0.8224	1
1320	1321	-1.997	0.000	0.9196	0.8346	1
1320	1322	-57.959	0.000	0.8003	0.5130	1
1320	1323	-59.956	0.000	0.8904	0.7862	1
1320	1324	1.997	0.000	0.8724	0.7804	1
1320	1325	-3.994	0.000	0.9119	0.8086	1
1320	1326	173.876	0.000	0.8516	0.6317	1
1320	1327	171.879	0.000	0.7770	0.6138	1
1320	1328	175.873	0.000	0.7796	0.5257	1
1320	1329	55.962	0.000	0.9041	0.7947	1
1320	1330	57.959	0.000	0.9138	0.7374	1
1320	1332	117.915	0.000	0.8545	0.6023	1
1320	1333	115.918	0.000	0.9038	0.7012	1
1320	1335	113.921	0.000	0.8575	0.6943	1
1320	1337	-341.835	0.000	0.7400	0.4627	1
1321	1322	-55.962	0.000	0.7557	0.4615	1
1321	1323	-57.959	0.000	0.9252	0.7818	1
1321	1324	3.994	0.000	0.7356	0.5154	1
1321	1325	-1.997	0.000	0.9331	0.7870	1
1321	1326	175.873	0.000	0.8699	0.6317	1
1321	1327	173.876	0.000	0.8504	0.6635	1
1321	1328	177.870	0.000	0.7097	0.4203	1
1321	1329	57.959	0.000	0.9402	0.8216	1
1321	1330	59.956	0.000	0.9130	0.7075	1
1321	1332	119.911	0.000	0.7200	0.3914	1
1321	1333	117.914	0.000	0.9150	0.6942	1
1321	1335	115.917	0.000	0.9062	0.7245	1
1321	1337	-339.838	0.000	0.7626	0.5151	1
1321	1338	-334.883	0.000	0.7232	0.5333	1
1322	1323	-1.997	0.000	0.7699	0.5148	1
1322	1324	59.956	0.000	0.7629	0.4717	1
1322	1325	53.965	0.000	0.7408	0.4885	1
1322	1329	113.920	0.000	0.7666	0.4877	1
1322	1330	115.917	0.000	0.7682	0.4300	1
1322	1332	175.873	0.000	0.7084	0.3369	1
1322	1333	173.876	0.000	0.7401	0.4022	1
1322	1335	171.879	0.000	0.7324	0.3984	1
1322	1346	0.446	0.000	0.8629	0.8737	1
1323	1324	61.952	0.000	0.7105	0.4888	1
1323	1325	55.962	0.000	0.8703	0.7481	1
1323	1326	233.832	0.000	0.7767	0.4969	1
1323	1327	231.835	0.000	0.7439	0.5011	1
1323	1329	115.917	0.000	0.9525	0.8223	1
1323	1330	117.914	0.000	0.9189	0.6945	1
1323	1333	175.873	0.000	0.8709	0.6793	1
1323	1335	173.876	0.000	0.8416	0.6313	1
1323	1337	-281.880	0.000	0.7929	0.5702	1
1323	1338	-276.924	0.000	0.7801	0.5830	1
1323	1339	-269.972	0.000	0.7020	0.5295	1
1324	1326	171.879	0.000	0.9125	0.6612	1
1324	1328	173.876	0.000	0.8950	0.7232	1
1324	1330	55.962	0.000	0.8761	0.7513	1
1324	1332	115.918	0.000	0.9449	0.7028	1
1324	1333	113.921	0.000	0.9162	0.7345	1
1324	1336	229.838	0.000	0.7252	0.4497	1
1324	2166	-94.643	0.000	0.7266	0.4271	1
1325	1326	177.870	0.000	0.8484	0.5674	1
1325	1327	175.873	0.000	0.8827	0.6638	1
1325	1329	59.956	0.000	0.9281	0.7945	1
1325	1330	61.953	0.000	0.9035	0.7544	1
1325	1333	119.911	0.000	0.8994	0.6845	1
1325	1335	117.914	0.000	0.9402	0.7356	1
1325	1336	235.829	0.000	0.7786	0.3971	1
1325	1337	-337.841	0.000	0.7201	0.5469	1
1326	1327	-1.997	0.000	0.7010	0.8070	1
1326	1328	1.997	0.000	0.8885	0.8802	1
1326	1329	-117.914	0.000	0.8733	0.6532	1
1326	1330	-115.917	0.000	0.8832	0.7086	1
1326	1332	-55.962	0.000	0.9181	0.8242	1
1326	1333	-57.959	0.000	0.9681	0.8296	1
1326	1335	-59.956	0.000	0.9507	0.7374	1
1326	1336	57.959	0.000	0.9344	0.7699	1
1326	1944	-3.376	0.000	0.7244	0.4889	1
1327	1329	-115.917	0.000	0.8799	0.7360	1
1327	1330	-113.920	0.000	0.8281	0.7762	1
1327	1333	-55.961	0.000	0.9211	0.8191	1
1327	1335	-57.959	0.000	0.9443	0.7063	1
1328	1330	-117.914	0.000	0.8053	0.5803	1
1328	1332	-57.959	0.000	0.9794	0.9100	1
1328	1333	-59.956	0.000	0.8702	0.7118	1
1328	1335	-61.953	0.000	0.7231	0.4643	1
1329	1330	1.997	0.000	0.8716	0.7278	1
1329	1333	59.956	0.000	0.8735	0.6854	1
1329	1335	57.959	0.000	0.8793	0.7039	1
1329	1336	175.873	0.000	0.7393	0.4795	1
1329	1337	-397.797	0.000	0.7098	0.4044	1
1330	1332	59.956	0.000	0.8478	0.6212	1
1330	1333	57.959	0.000	0.8973	0.8026	1
1330	1335	55.962	0.000	0.8470	0.7656	1
1330	1337	-399.794	0.000	0.7086	0.3683	1
1332	1333	-1.997	0.000	0.9177	0.8213	1
1332	1335	-3.994	0.000	0.7132	0.4374	1
1333	1335	-1.997	0.000	0.9222	0.7499	1
1334	1362	16.031	0.000	0.7624	0.5866	1
1334	1486	-57.021	0.000	0.8167	0.4869	1
1334	1511	14.016	0.000	0.9794	0.8633	1
1334	1531	-129.043	0.000	0.8306	0.5221	1
1334	1576	16.031	0.000	0.9218	0.8072	1
1334	1639	-49.979	0.000	0.9297	0.7928	1
1334	1678	-87.032	0.000	0.7838	0.5852	1
1334	1693	16.031	0.000	0.7948	0.5972	1
1334	1715	-14.921	0.000	0.7198	0.6331	1
1334	1785	-99.105	0.000	0.7231	0.4842	1
1334	1792	15.995	0.000	0.8294	0.7430	1
1334	1833	42.047	0.000	0.7529	0.6280	1
1334	1893	12.036	0.000	0.8684	0.6750	1
1334	1895	-71.073	0.000	0.7059	0.4249	1
1334	1904	13.979	0.000	0.7240	0.5032	1
1334	1928	-44.985	0.000	0.8067	0.5010	1
1334	1935	15.995	0.000	0.7921	0.6770	1
1334	1939	-57.058	0.000	0.7729	0.5065	1
1334	1963	-28.043	0.000	0.7566	0.4452	1
1334	1966	-57.058	0.000	0.7115	0.4951	1
1334	2000	-0.036	0.000	0.8678	0.7276	1
1334	2007	26.052	0.000	0.8614	0.6643	1
1334	2009	-71.073	0.000	0.7500	0.5467	1
1334	2026	-87.069	0.000	0.7916	0.4912	1
1334	2043	-57.058	0.000	0.7069	0.4486	1
1334	2048	-1.943	0.000	0.7168	0.5389	1
1334	2061	-129.079	0.000	0.7317	0.4714	1
1334	2075	-43.042	0.000	0.8495	0.6505	1
1334	2114	13.979	0.000	0.8667	0.7419	1
1334	2136	-73.053	0.000	0.7837	0.4671	1
1334	2141	15.995	0.000	0.8105	0.7247	1
1334	2259	-29.027	0.000	0.7590	0.5208	1
1334	2292	-15.011	0.000	0.7393	0.4732	1
1334	2299	-23.975	0.000	0.7573	0.6555	1
1334	2309	-87.032	0.000	0.7138	0.4446	1
1335	1336	117.914	0.000	0.8909	0.6075	1
1337	1338	4.955	0.000	0.7711	0.7160	1
1337	1339	11.907	0.000	0.7698	0.6948	1
1337	1340	9.910	0.000	0.7840	0.7198	1
1338	1339	6.952	0.000	0.7244	0.7012	1
1338	1341	11.907	0.000	0.7182	0.6959	1
1338	1342	9.910	0.000	0.7285	0.7286	1
1339	1340	-1.997	0.000	0.9044	0.8132	1
1339	1341	4.955	0.000	0.7858	0.7508	1
1339	1342	2.958	0.000	0.7636	0.7406	1
1339	1343	7.914	0.000	0.7709	0.7044	1
1340	1341	6.952	0.000	0.7814	0.8082	1
1340	1342	4.955	0.000	0.7870	0.8016	1
1340	1343	9.911	0.000	0.7772	0.7298	1
1341	1342	-1.997	0.000	0.8997	0.7953	1
1341	1343	2.958	0.000	0.7545	0.7678	1
1341	1344	7.914	0.000	0.7427	0.6881	1
1342	1343	4.955	0.000	0.7670	0.7672	1
1342	1344	9.911	0.000	0.7315	0.6452	1
1347	1550	-30.011	0.000	0.7960	0.5645	1
1349	1605	-87.033	0.000	0.7844	0.6451	1
1349	1708	-114.044	0.000	0.7324	0.6518	1
1349	2138	-0.960	0.000	0.8282	0.7160	1
1349	2172	-0.959	0.000	0.8137	0.7058	1
1352	1357	-1.003	0.000	0.7917	0.6536	1
1352	1407	101.048	0.000	0.9202	0.7634	1
1352	1417	-186.080	0.000	0.7936	0.4955	1
1352	1437	103.063	0.000	0.8906	0.7002	1
1352	1485	-98.048	0.000	0.8523	0.6062	1
1352	1520	-101.048	0.000	0.7190	0.4861	1
1352	1521	-100.991	0.000	0.7308	0.4746	1
1352	1569	-87.033	0.000	0.8172	0.7078	1
1352	1575	-146.070	0.000	0.9290	0.7343	1
1352	1577	-194.179	0.000	0.7028	0.5310	1
1352	1588	-44.042	0.000	0.8414	0.7106	1
1352	1595	-115.027	0.000	0.8956	0.6512	1
1352	1612	53.011	0.000	0.7423	0.6586	1
1352	1643	-114.044	0.000	0.8238	0.6804	1
1352	1677	53.011	0.000	0.7813	0.6830	1
1352	1789	103.027	0.000	0.7962	0.6862	1
1352	1799	-1.998	0.000	0.7761	0.6267	1
1352	1900	-168.127	0.000	0.7262	0.5432	1
1352	1905	-42.047	0.000	0.8028	0.6712	1
1352	1932	-1.998	0.000	0.7815	0.6897	1
1352	1934	129.043	0.000	0.7211	0.6144	1
1352	1947	-75.048	0.000	0.8003	0.5582	1
1352	2004	-235.107	0.000	0.7140	0.5449	1
1352	2028	103.027	0.000	0.7756	0.6036	1
1352	2088	-190.111	0.000	0.7300	0.4718	1
1352	2112	-17.993	0.000	0.7394	0.5519	1
1352	2145	129.042	0.000	0.7423	0.6404	1
1352	2147	-27.048	0.000	0.8684	0.7020	1
1352	2148	-1.999	0.000	0.7380	0.6302	1
1352	2150	-387.248	0.000	0.7958	0.5828	1
1352	2152	42.011	0.000	0.7464	0.6713	1
1352	2190	-17.993	0.000	0.7319	0.5394	1
1352	2227	0.984	0.000	0.7648	0.7161	1
1352	2245	-1.999	0.000	0.7462	0.6754	1
1352	2283	14.999	0.000	0.7284	0.5935	1
1352	2288	-15.011	0.000	0.7349	0.5513	1
1352	2300	-1.998	0.000	0.7584	0.6682	1
1352	2331	-1.998	0.000	0.7832	0.6905	1
1352	2413	-17.993	0.000	0.7222	0.5484	1
1352	2446	-17.993	0.000	0.7045	0.5458	1
1353	1354	-1.003	0.000	0.7932	0.6834	1
1355	1356	-18.011	0.000	0.7439	0.6712	1
1357	1407	102.051	0.000	0.7441	0.5563	1
1357	1437	104.067	0.000	0.7202	0.4869	1
1357	1569	-86.029	0.000	0.7913	0.6565	1
1357	1575	-145.066	0.000	0.7394	0.5321	1
1357	1588	-43.039	0.000	0.7739	0.6634	1
1357	1595	-114.024	0.000	0.7471	0.5919	1
1357	1612	54.014	0.000	0.7125	0.6899	1
1357	1677	54.014	0.000	0.7426	0.7414	1
1357	1794	-10.057	0.000	0.7037	0.5431	1
1357	1905	-41.044	0.000	0.7218	0.6033	1
1357	1929	-3.991	0.000	0.7626	0.6069	1
1357	2028	104.030	0.000	0.7012	0.5667	1
1357	2139	129.042	0.000	0.7284	0.6564	1
1357	2147	-26.044	0.000	0.7063	0.5296	1
1357	2188	-19.987	0.000	0.7275	0.4753	1
1358	1583	155.095	0.000	0.7722	0.5457	1
1358	1630	157.110	0.000	0.7744	0.5389	1
1358	1680	155.095	0.000	0.7680	0.4715	1
1358	1718	144.079	0.000	0.7342	0.4513	1
1358	1738	-0.959	0.000	0.7389	0.5670	1
1358	1761	14.052	0.000	0.8269	0.6075	1
1358	1814	70.079	0.000	0.7717	0.5177	1
1358	1831	-0.958	0.000	0.7415	0.5280	1
1359	1369	89.047	0.000	0.7110	0.5491	1
1359	1523	-30.011	0.000	0.8020	0.7742	1
1359	1546	-30.011	0.000	0.8258	0.6913	1
1359	1585	-15.995	0.000	0.7018	0.6681	1
1359	1719	-15.995	0.000	0.8141	0.6279	1
1362	1414	-0.984	0.000	0.8583	0.6190	1
1362	1437	-97.053	0.000	0.7380	0.5550	1
1362	1459	13.032	0.000	0.8137	0.5096	1
1362	1472	-30.011	0.000	0.8483	0.6995	1
1362	1498	-71.037	0.000	0.7151	0.5566	1
1362	1511	-2.016	0.000	0.7551	0.6259	1
1362	1547	41.026	0.000	0.8202	0.5287	1
1362	1551	-57.021	0.000	0.8508	0.6126	1
1362	1554	-58.006	0.000	0.8097	0.5987	1
1362	1570	-1.003	0.000	0.7400	0.5864	1
1362	1576	-0.000	0.000	0.8742	0.6428	1
1362	1586	-244.158	0.000	0.8646	0.6673	1
1362	1600	-30.011	0.000	0.7126	0.5457	1
1362	1642	14.015	0.000	0.8888	0.6749	1
1362	1648	-57.022	0.000	0.8964	0.7139	1
1362	1681	14.015	0.000	0.9030	0.7906	1
1362	1693	-0.000	0.000	0.7355	0.5292	1
1362	1699	-57.022	0.000	0.8531	0.6497	1
1362	1713	-88.016	0.000	0.7712	0.4989	1
1362	1715	-30.952	0.000	0.7555	0.5635	1
1362	1717	27.011	0.000	0.7930	0.6204	1
1362	1728	-87.032	0.000	0.7124	0.3940	1
1362	1789	-97.089	0.000	0.7035	0.4960	1
1362	1792	-0.036	0.000	0.7910	0.6156	1
1362	1934	-71.073	0.000	0.7546	0.5924	1
1362	1935	-0.036	0.000	0.7864	0.6966	1
1362	2007	10.021	0.000	0.7132	0.5512	1
1362	2028	-97.089	0.000	0.7195	0.4506	1
1362	2075	-59.074	0.000	0.7233	0.6051	1
1362	2092	-28.043	0.000	0.7212	0.5416	1
1362	2115	-59.074	0.000	0.7549	0.5653	1
1362	2141	-0.037	0.000	0.7720	0.6392	1
1362	2145	-71.074	0.000	0.7747	0.6630	1
1362	2164	-105.101	0.000	0.7337	0.4564	1
1362	2236	-28.043	0.000	0.7117	0.5456	1
1362	2299	-40.006	0.000	0.8004	0.5449	1
1362	2464	-40.043	0.000	0.7753	0.6099	1
1362	2474	-40.042	0.000	0.7481	0.6169	1
1363	1774	-15.995	0.000	0.7973	0.6483	1
1363	1916	-46.005	0.000	0.7437	0.5212	1
1364	1401	-28.031	0.000	0.8445	0.7689	1
1364	1430	-14.016	0.000	0.7842	0.8296	1
1364	2181	-14.027	0.000	0.7410	0.7193	1
1367	1550	14.016	0.000	0.7521	0.6618	1
1367	1589	-13.979	0.000	0.7603	0.7883	1
1368	1372	0.062	0.000	0.9889	0.9684	1
1369	1370	-17.027	0.000	0.8260	0.6818	1
1369	1464	-176.080	0.000	0.7034	0.3539	1
1369	1740	-192.075	0.000	0.7393	0.3467	1
1369	2036	-24.011	0.000	0.8273	0.7400	1
1369	2251	-24.011	0.000	0.8299	0.6923	1
1369	2304	-24.011	0.000	0.8323	0.6627	1
1369	2314	-24.011	0.000	0.8275	0.7041	1
1369	2410	-24.011	0.000	0.8249	0.6791	1
1370	1412	-57.021	0.000	0.7910	0.7574	1
1370	1507	-87.032	0.000	0.7548	0.5281	1
1370	1560	14.016	0.000	0.9796	0.8725	1
1370	1609	-43.006	0.000	0.7921	0.5874	1
1370	1642	16.031	0.000	0.9220	0.7681	1
1370	1681	16.031	0.000	0.9242	0.7681	1
1370	1963	-42.058	0.000	0.7097	0.4710	1
1370	2312	-23.975	0.000	0.7931	0.5169	1
1371	1561	14.016	0.000	0.8457	0.6108	1
1371	1823	-1.034	0.000	0.7209	0.4767	1
1371	1871	-1.034	0.000	0.7026	0.4468	1
1374	1399	14.016	0.000	0.7790	0.5999	1
1374	1414	2.016	0.000	0.7800	0.5322	1
1374	1482	42.011	0.000	0.7692	0.5277	1
1374	1501	-63.995	0.000	0.8104	0.6656	1
1374	1511	0.984	0.000	0.7876	0.6754	1
1374	1515	-87.032	0.000	0.7077	0.5327	1
1374	1557	-28.936	0.000	0.7200	0.5326	1
1374	1560	15.000	0.000	0.8402	0.5624	1
1374	1570	1.996	0.000	0.7334	0.5615	1
1374	1854	-11.964	0.000	0.7666	0.5319	1
1374	1913	12.037	0.000	0.7444	0.5947	1
1376	1383	-30.010	0.000	0.8496	0.8509	1
1376	1497	14.016	0.000	0.8967	0.8890	1
1376	1559	-140.059	0.000	0.7865	0.5796	1
1376	1594	-87.032	0.000	0.7776	0.6222	1
1376	1602	-69.022	0.000	0.7696	0.6228	1
1376	1706	-198.064	0.000	0.7165	0.4786	1
1376	1720	-0.995	0.000	0.7803	0.8934	1
1376	1919	-71.073	0.000	0.7054	0.6077	1
1376	1922	-105.058	0.000	0.7082	0.5721	1
1376	2051	-57.058	0.000	0.7385	0.6803	1
1376	2092	-55.042	0.000	0.7477	0.6883	1
1376	2224	-100.064	0.000	0.7342	0.6008	1
1376	2236	-55.042	0.000	0.7808	0.6851	1
1376	2276	-29.027	0.000	0.8155	0.7641	1
1376	2316	-29.027	0.000	0.7784	0.7272	1
1376	2318	-15.011	0.000	0.8195	0.7411	1
1376	2329	-15.036	0.000	0.8082	0.7400	1
1376	2357	-87.032	0.000	0.7223	0.5995	1
1376	2370	-45.021	0.000	0.8170	0.7294	1
1376	2383	-73.016	0.000	0.7267	0.6491	1
1376	2400	-45.022	0.000	0.7340	0.6652	1
1376	2402	-15.011	0.000	0.7311	0.6970	1
1377	1414	-72.021	0.000	0.9760	0.7293	1
1377	1513	-30.952	0.000	0.9734	0.7793	1
1377	1642	-57.022	0.000	0.9482	0.6354	1
1377	1681	-57.022	0.000	0.9422	0.6053	1
1377	1912	10.021	0.000	0.9839	0.8322	1
1378	1463	-129.043	0.000	0.7188	0.6353	1
1378	1526	-130.026	0.000	0.7125	0.6315	1
1378	1672	114.007	0.000	0.7286	0.4681	1
1378	1861	170.106	0.000	0.7579	0.5825	1
1379	1438	-0.000	0.000	0.9629	0.8845	1
1379	1558	-87.033	0.000	0.7345	0.5801	1
1379	1770	129.006	0.000	0.7339	0.7309	1
1379	1838	129.006	0.000	0.7659	0.7317	1
1379	1847	57.969	0.000	0.7603	0.6209	1
1379	1874	57.969	0.000	0.7753	0.6618	1
1379	2002	-18.010	0.000	0.7876	0.7107	1
1379	2010	0.947	0.000	0.8364	0.6528	1
1379	2025	-17.993	0.000	0.7087	0.6214	1
1379	2082	111.032	0.000	0.7158	0.6616	1
1379	2093	111.021	0.000	0.7220	0.6595	1
1381	1412	14.016	0.000	0.7889	0.6225	1
1381	1447	-30.011	0.000	0.7303	0.5991	1
1381	1507	-15.995	0.000	0.7665	0.6258	1
1381	1648	16.031	0.000	0.7103	0.5297	1
1381	1860	-42.058	0.000	0.7356	0.5850	1
1381	1895	-14.052	0.000	0.7660	0.6934	1
1381	1899	-42.058	0.000	0.7005	0.5725	1
1381	2009	-14.052	0.000	0.7096	0.6316	1
1381	2075	13.979	0.000	0.7230	0.6148	1
1381	2079	-312.180	0.000	0.7794	0.5605	1
1382	1510	-58.005	0.000	0.7056	0.6591	1
1383	1497	44.026	0.000	0.7280	0.5771	1
1383	1602	-39.011	0.000	0.7056	0.6422	1
1383	1720	29.015	0.000	0.7334	0.7464	1
1383	2051	-27.048	0.000	0.7466	0.7816	1
1383	2066	-98.085	0.000	0.7103	0.5653	1
1383	2089	-27.047	0.000	0.7996	0.7108	1
1383	2092	-25.032	0.000	0.7334	0.7476	1
1383	2236	-25.032	0.000	0.7197	0.7187	1
1383	2276	0.984	0.000	0.7601	0.7561	1
1383	2315	-43.006	0.000	0.7007	0.5865	1
1383	2316	0.984	0.000	0.7142	0.7278	1
1383	2318	14.999	0.000	0.7681	0.7703	1
1383	2329	14.974	0.000	0.7547	0.7680	1
1383	2370	-15.011	0.000	0.7200	0.6969	1
1383	2383	-43.006	0.000	0.7066	0.6813	1
1385	1597	127.063	0.000	0.7771	0.6114	1
1385	1668	99.069	0.000	0.8259	0.6862	1
1386	1388	-17.027	0.000	0.9470	0.8613	1
1386	1902	0.984	0.000	0.7577	0.5968	1
1387	1403	-0.168	0.000	0.9685	0.8248	1
1387	1407	-14.183	0.000	0.9312	0.8159	1
1387	1471	-129.210	0.000	0.8851	0.6303	1
1387	1556	-102.199	0.000	0.8319	0.6279	1
1387	1648	27.864	0.000	0.7015	0.6660	1
1387	1697	-101.216	0.000	0.7069	0.4338	1
1387	1716	-216.243	0.000	0.7930	0.4791	1
1387	2051	54.827	0.000	0.7604	0.5478	1
1387	2089	54.827	0.000	0.7681	0.6441	1
1389	1391	-30.011	0.000	0.7459	0.6212	1
1390	1801	-15.995	0.000	0.8478	0.7152	1
1390	2025	111.033	0.000	0.7883	0.6124	1
1392	1517	-129.043	0.000	0.8935	0.7102	1
1392	2152	100.016	0.000	0.7216	0.5783	1
1394	1563	-30.011	0.000	0.7853	0.6631	1
1394	1804	71.037	0.000	0.7341	0.5380	1
1394	2178	72.021	0.000	0.7188	0.4962	1
1396	1495	-129.043	0.000	0.7058	0.6105	1
1397	1398	42.011	0.000	0.7218	0.6549	1
1397	1458	0.000	0.000	0.9455	0.7988	1
1397	1494	-129.043	0.000	0.7244	0.7477	1
1397	1523	42.011	0.000	0.7190	0.5416	1
1397	1531	0.984	0.000	0.8356	0.8378	1
1397	1535	-43.006	0.000	0.7072	0.4502	1
1397	1593	-230.091	0.000	0.7472	0.5511	1
1397	1664	-28.990	0.000	0.7503	0.6618	1
1397	1882	-44.985	0.000	0.7791	0.6593	1
1397	1894	12.036	0.000	0.8355	0.7167	1
1397	1940	-44.985	0.000	0.7701	0.6727	1
1397	1957	-15.958	0.000	0.7397	0.7333	1
1397	1983	26.052	0.000	0.8091	0.7203	1
1397	2061	0.947	0.000	0.8101	0.6769	1
1397	2073	0.971	0.000	0.7392	0.6098	1
1397	2080	-130.986	0.000	0.7389	0.6113	1
1398	1464	-57.022	0.000	0.7084	0.5413	1
1398	1494	-171.054	0.000	0.7425	0.6530	1
1398	1585	14.016	0.000	0.9261	0.8383	1
1398	1719	14.016	0.000	0.7287	0.6805	1
1399	1459	2.015	0.000	0.9331	0.6215	1
1399	1482	27.995	0.000	0.9645	0.7644	1
1399	1499	76.016	0.000	0.8500	0.6712	1
1399	1560	0.984	0.000	0.8072	0.7282	1
1399	1822	-1.979	0.000	0.8676	0.6184	1
1399	1960	12.036	0.000	0.8260	0.6714	1
1399	2280	-37.991	0.000	0.8996	0.6433	1
1400	1684	-73.071	0.000	0.8404	0.6047	1
1400	1758	-29.044	0.000	0.9052	0.7579	1
1400	1773	-83.055	0.000	0.7334	0.5913	1
1400	1880	-59.055	0.000	0.7227	0.5406	1
1401	1430	14.016	0.000	0.7413	0.7221	1
1401	1534	14.016	0.000	0.7907	0.6938	1
1401	1578	-140.059	0.000	0.7804	0.5022	1
1401	1629	-87.032	0.000	0.8226	0.6385	1
1401	1644	-69.022	0.000	0.8824	0.7204	1
1401	1688	-528.255	0.000	0.7408	0.3838	1
1401	1710	-170.143	0.000	0.7747	0.4385	1
1401	1732	-198.064	0.000	0.7389	0.4946	1
1401	1743	-0.995	0.000	0.8125	0.7179	1
1401	1744	-126.043	0.000	0.8562	0.6188	1
1401	1748	-170.070	0.000	0.7336	0.4232	1
1401	1841	-184.048	0.000	0.8111	0.4945	1
1401	1853	-51.958	0.000	0.7508	0.6349	1
1401	1864	-156.126	0.000	0.7671	0.4514	1
1401	1930	-142.110	0.000	0.7241	0.4515	1
1401	1944	-71.073	0.000	0.8939	0.7567	1
1401	1945	-105.058	0.000	0.8744	0.7152	1
1401	1951	-68.985	0.000	0.7899	0.5978	1
1401	1952	-86.996	0.000	0.7963	0.6515	1
1401	1966	-128.095	0.000	0.7397	0.4919	1
1401	1972	-200.116	0.000	0.7777	0.4683	1
1401	2000	-71.073	0.000	0.7783	0.7362	1
1401	2015	-172.121	0.000	0.7572	0.4173	1
1401	2017	-200.116	0.000	0.7452	0.3910	1
1401	2029	-234.100	0.000	0.7235	0.3564	1
1401	2043	-128.095	0.000	0.7147	0.4523	1
1401	2055	-89.030	0.000	0.8579	0.7045	1
1401	2059	-185.567	0.000	0.7038	0.3812	1
1401	2063	-57.058	0.000	0.8867	0.8202	1
1401	2074	-63.011	0.000	0.7451	0.6955	1
1401	2075	-114.079	0.000	0.8054	0.6474	1
1401	2081	-158.106	0.000	0.7118	0.4338	1
1401	2082	-186.101	0.000	0.7084	0.3744	1
1401	2085	27.995	0.000	0.7486	0.5467	1
1401	2097	-185.117	0.000	0.7521	0.4103	1
1401	2104	-144.069	0.000	0.8153	0.5144	1
1401	2113	-128.095	0.000	0.7385	0.4343	1
1401	2114	-57.058	0.000	0.7701	0.6915	1
1401	2115	-114.079	0.000	0.7609	0.5281	1
1401	2116	-158.106	0.000	0.7764	0.4595	1
1401	2117	-186.101	0.000	0.7580	0.4234	1
1401	2123	-73.017	0.000	0.7402	0.6108	1
1401	2142	-185.117	0.000	0.7047	0.3775	1
1401	2159	-73.017	0.000	0.8977	0.6950	1
1401	2161	-144.090	0.000	0.7596	0.4495	1
1401	2170	-186.101	0.000	0.7782	0.4181	1
1401	2203	-114.079	0.000	0.8163	0.5658	1
1401	2209	-55.042	0.000	0.7859	0.6989	1
1401	2212	-144.090	0.000	0.7515	0.4966	1
1401	2225	-186.101	0.000	0.7178	0.3865	1
1401	2235	-121.053	0.000	0.8796	0.7135	1
1401	2237	-171.101	0.000	0.7394	0.4271	1
1401	2239	-185.117	0.000	0.7393	0.3872	1
1401	2243	-157.085	0.000	0.7206	0.4657	1
1401	2250	-157.085	0.000	0.7014	0.4448	1
1401	2259	-100.064	0.000	0.7415	0.5119	1
1401	2265	-171.101	0.000	0.7481	0.3856	1
1401	2278	-188.044	0.000	0.7226	0.3953	1
1401	2285	-201.111	0.000	0.7297	0.4065	1
1401	2286	-100.064	0.000	0.8401	0.5711	1
1401	2292	-86.048	0.000	0.7879	0.6061	1
1401	2293	-216.075	0.000	0.7111	0.4548	1
1401	2295	-130.074	0.000	0.8094	0.4762	1
1401	2310	-87.043	0.000	0.8568	0.6521	1
1401	2317	-160.085	0.000	0.7091	0.4359	1
1401	2320	-73.016	0.000	0.8904	0.6930	1
1401	2324	-29.027	0.000	0.8750	0.8185	1
1401	2327	-116.059	0.000	0.7378	0.4748	1
1401	2333	-59.037	0.000	0.8966	0.7221	1
1401	2334	-60.040	0.000	0.7325	0.6478	1
1401	2339	-105.025	0.000	0.7386	0.4333	1
1401	2344	-158.069	0.000	0.8093	0.4903	1
1401	2347	-87.032	0.000	0.8568	0.6521	1
1401	2349	-173.080	0.000	0.7091	0.4003	1
1401	2350	-15.011	0.000	0.9686	0.8958	1
1401	2353	-188.080	0.000	0.7916	0.4431	1
1401	2356	-72.032	0.000	0.8256	0.6373	1
1401	2362	-87.032	0.000	0.8875	0.7252	1
1401	2363	-45.021	0.000	0.8855	0.7004	1
1401	2365	-116.059	0.000	0.8281	0.5336	1
1401	2373	-145.057	0.000	0.7188	0.4621	1
1401	2381	-174.064	0.000	0.7315	0.5108	1
1401	2385	-146.069	0.000	0.7315	0.3863	1
1401	2387	-45.021	0.000	0.9410	0.8764	1
1401	2393	-160.048	0.000	0.7602	0.5128	1
1401	2394	-102.043	0.000	0.7847	0.5721	1
1401	2397	-86.048	0.000	0.8878	0.7672	1
1401	2401	-45.021	0.000	0.9037	0.8317	1
1401	2403	-72.032	0.000	0.8651	0.6988	1
1401	2405	-15.011	0.000	0.8282	0.8355	1
1401	2414	-173.080	0.000	0.7408	0.3993	1
1401	2417	-201.075	0.000	0.7055	0.3811	1
1401	2437	-328.212	0.000	0.7028	0.3274	1
1401	2459	-185.153	0.000	0.8060	0.5115	1
1402	1474	8.964	0.000	0.7295	0.5652	1
1402	1823	95.001	0.000	0.7237	0.4743	1
1402	1836	37.979	0.000	0.7029	0.4470	1
1402	1871	95.001	0.000	0.7325	0.4688	1
1402	1876	37.979	0.000	0.7309	0.5877	1
1402	1898	7.969	0.000	0.7158	0.4775	1
1402	1964	37.979	0.000	0.7784	0.6419	1
1402	1973	-20.026	0.000	0.7703	0.5416	1
1402	1997	51.995	0.000	0.7663	0.5995	1
1402	2001	7.969	0.000	0.8061	0.5313	1
1402	2005	109.016	0.000	0.7569	0.5582	1
1402	2052	45.022	0.000	0.7338	0.5201	1
1402	2053	21.984	0.000	0.7508	0.5157	1
1402	2103	-20.026	0.000	0.7060	0.4952	1
1402	2122	-17.027	0.000	0.8020	0.5970	1
1402	2198	137.048	0.000	0.7692	0.6706	1
1402	2238	107.037	0.000	0.7355	0.6526	1
1402	2268	-67.994	0.000	0.7029	0.3900	1
1402	2427	104.990	0.000	0.7292	0.6114	1
1402	2431	-154.086	0.000	0.7384	0.5461	1
1402	2439	104.990	0.000	0.7237	0.6060	1
1402	2447	104.534	0.000	0.7197	0.5208	1
1403	1407	-14.016	0.000	0.9305	0.8103	1
1403	1471	-129.043	0.000	0.8761	0.6059	1
1403	1556	-102.032	0.000	0.8209	0.6095	1
1403	1648	28.031	0.000	0.7099	0.7285	1
1403	1697	-101.049	0.000	0.7127	0.4663	1
1403	1716	-216.075	0.000	0.7860	0.4649	1
1403	2051	54.994	0.000	0.7641	0.5709	1
1403	2089	54.995	0.000	0.7676	0.6316	1
1404	1527	-0.984	0.000	0.8214	0.6808	1
1404	1591	-58.006	0.000	0.7870	0.5764	1
1404	1707	-129.043	0.000	0.7530	0.5161	1
1405	1606	-30.011	0.000	0.7462	0.6080	1
1406	1461	-94.053	0.000	0.7102	0.6234	1
1406	1559	-68.038	0.000	0.7077	0.6242	1
1406	1594	-15.011	0.000	0.7474	0.6901	1
1406	1720	71.026	0.000	0.7117	0.5470	1
1406	1919	0.948	0.000	0.8006	0.7740	1
1406	1922	-33.037	0.000	0.7423	0.6730	1
1406	1963	0.948	0.000	0.7167	0.6400	1
1406	2042	-17.009	0.000	0.7532	0.6800	1
1406	2051	14.963	0.000	0.7316	0.6125	1
1406	2066	-56.074	0.000	0.7035	0.6728	1
1406	2089	14.963	0.000	0.7071	0.5835	1
1406	2092	16.979	0.000	0.8276	0.7607	1
1406	2219	-49.032	0.000	0.7680	0.6377	1
1406	2224	-28.043	0.000	0.7584	0.6809	1
1406	2236	16.979	0.000	0.7810	0.6610	1
1406	2276	42.995	0.000	0.7868	0.6363	1
1406	2316	42.995	0.000	0.7704	0.6990	1
1406	2357	-15.011	0.000	0.7347	0.6454	1
1406	2370	27.000	0.000	0.7817	0.6800	1
1406	2383	-0.995	0.000	0.7434	0.6383	1
1406	2400	27.000	0.000	0.7072	0.6333	1
1406	2404	-0.011	0.000	0.7380	0.6636	1
1407	1417	-287.127	0.000	0.8030	0.5224	1
1407	1437	2.016	0.000	0.9223	0.7760	1
1407	1474	-12.000	0.000	0.7479	0.6880	1
1407	1485	-199.096	0.000	0.7813	0.4520	1
1407	1521	-202.038	0.000	0.7102	0.4089	1
1407	1556	-88.016	0.000	0.8076	0.6078	1
1407	1575	-247.117	0.000	0.8480	0.6232	1
1407	1588	-145.090	0.000	0.8209	0.6393	1
1407	1595	-216.075	0.000	0.8433	0.5729	1
1407	1612	-48.037	0.000	0.7944	0.6667	1
1407	1677	-48.037	0.000	0.8428	0.7326	1
1407	1697	-87.033	0.000	0.7559	0.5967	1
1407	1770	-14.052	0.000	0.7931	0.8259	1
1407	1785	-16.068	0.000	0.7176	0.7075	1
1407	1789	1.979	0.000	0.8370	0.7315	1
1407	1799	-103.046	0.000	0.7311	0.5319	1
1407	1861	-16.990	0.000	0.7037	0.5932	1
1407	1905	-143.095	0.000	0.7103	0.5173	1
1407	1932	-103.046	0.000	0.7691	0.5934	1
1407	1934	27.995	0.000	0.8205	0.6886	1
1407	1947	-176.095	0.000	0.7839	0.5868	1
1407	1949	-57.058	0.000	0.7107	0.6985	1
1407	2028	1.979	0.000	0.8141	0.6576	1
1407	2088	-291.159	0.000	0.7356	0.4493	1
1407	2112	-119.041	0.000	0.7205	0.5103	1
1407	2140	-2.016	0.000	0.7299	0.6721	1
1407	2145	27.995	0.000	0.8516	0.7762	1
1407	2147	-128.095	0.000	0.8739	0.7564	1
1407	2148	-103.046	0.000	0.7054	0.5294	1
1407	2150	-488.296	0.000	0.7471	0.5095	1
1407	2152	-59.037	0.000	0.7010	0.5180	1
1407	2190	-119.041	0.000	0.7096	0.4817	1
1407	2194	42.010	0.000	0.7453	0.6953	1
1407	2227	-100.064	0.000	0.7030	0.5590	1
1407	2249	12.000	0.000	0.7495	0.7168	1
1407	2283	-86.048	0.000	0.7291	0.5640	1
1407	2300	-103.046	0.000	0.7203	0.5585	1
1407	2331	-103.046	0.000	0.7524	0.5914	1
1408	2179	-1.032	0.000	0.9989	1.0000	1
1408	2297	-27.011	0.000	0.9478	0.6947	1
1408	2416	-27.011	0.000	0.9203	0.6509	1
1408	2444	-27.011	0.000	0.9160	0.6433	1
1409	1462	0.000	0.000	0.9859	0.8501	1
1409	1513	-57.022	0.000	0.9889	0.8830	1
1409	1635	16.972	0.000	0.9700	0.7781	1
1409	2096	-10.058	0.000	0.8448	0.6934	1
1409	2101	-9.055	0.000	0.9489	0.8681	1
1409	2297	-9.055	0.000	0.9471	0.8514	1
1409	2354	-10.039	0.000	0.8961	0.7296	1
1409	2375	-10.039	0.000	0.8734	0.7180	1
1409	2416	-9.055	0.000	0.9234	0.7833	1
1409	2444	-9.055	0.000	0.9216	0.7794	1
1412	1486	-14.016	0.000	0.7447	0.5705	1
1412	1507	-30.011	0.000	0.9022	0.6451	1
1412	1560	71.037	0.000	0.7999	0.6180	1
1412	1609	14.015	0.000	0.9720	0.8192	1
1412	1836	-23.016	0.000	0.7260	0.4714	1
1412	1876	-23.016	0.000	0.8260	0.5979	1
1412	1920	-42.058	0.000	0.7148	0.5483	1
1412	1939	-14.052	0.000	0.7777	0.6608	1
1412	1964	-23.016	0.000	0.7560	0.5270	1
1413	1469	6.973	0.000	0.7818	0.4417	1
1413	1530	20.005	0.000	0.8928	0.6311	1
1413	1600	163.063	0.000	0.7164	0.5762	1
1413	1624	-115.028	0.000	0.8993	0.6141	1
1413	1761	-109.038	0.000	0.8421	0.4767	1
1413	1830	48.037	0.000	0.9084	0.6122	1
1413	1896	-53.011	0.000	0.8299	0.5199	1
1414	1459	14.016	0.000	0.9768	0.7810	1
1414	1472	-29.026	0.000	0.8186	0.4764	1
1414	1501	-66.010	0.000	0.8747	0.5212	1
1414	1547	42.011	0.000	0.9809	0.8119	1
1414	1554	-57.022	0.000	0.8562	0.5015	1
1414	1557	-30.952	0.000	0.9089	0.6030	1
1414	1576	0.984	0.000	0.8495	0.8206	1
1414	1586	-243.174	0.000	0.7883	0.4852	1
1414	1642	14.999	0.000	0.9712	0.7787	1
1414	1681	14.999	0.000	0.9779	0.8350	1
1414	1693	0.984	0.000	0.7203	0.5432	1
1414	1713	-87.032	0.000	0.8481	0.5911	1
1414	1717	27.995	0.000	0.9128	0.6397	1
1414	1792	0.948	0.000	0.7790	0.6722	1
1414	1795	-14.016	0.000	0.7331	0.5902	1
1414	1854	-13.979	0.000	0.8158	0.6682	1
1414	1935	0.948	0.000	0.7494	0.6375	1
1414	2141	0.947	0.000	0.7525	0.7209	1
1414	2234	-40.006	0.000	0.8839	0.5519	1
1415	1420	-0.001	0.000	0.7230	0.5590	1
1415	1473	-71.038	0.000	0.7051	0.5638	1
1415	1700	-87.033	0.000	0.7171	0.6587	1
1417	1437	289.143	0.000	0.8073	0.5072	1
1417	1453	10.997	0.000	0.7640	0.6404	1
1417	1485	88.031	0.000	0.7324	0.5101	1
1417	1492	10.997	0.000	0.7465	0.5974	1
1417	1540	-118.046	0.000	0.7263	0.5480	1
1417	1575	40.010	0.000	0.7839	0.4512	1
1417	1588	142.037	0.000	0.8418	0.6345	1
1417	1595	71.052	0.000	0.8239	0.6862	1
1417	1612	239.091	0.000	0.7321	0.5028	1
1417	1677	239.091	0.000	0.7823	0.5563	1
1417	1789	289.107	0.000	0.7963	0.5298	1
1417	1799	184.082	0.000	0.7438	0.5386	1
1417	1905	144.033	0.000	0.7107	0.4988	1
1417	1927	113.045	0.000	0.7092	0.5608	1
1417	1932	184.081	0.000	0.7864	0.6033	1
1417	1934	315.122	0.000	0.7569	0.5250	1
1417	1947	111.032	0.000	0.8841	0.6727	1
1417	1995	97.050	0.000	0.7070	0.5297	1
1417	2028	289.107	0.000	0.7760	0.5647	1
1417	2088	-4.032	0.000	0.8023	0.5909	1
1417	2112	168.086	0.000	0.7083	0.5484	1
1417	2145	315.122	0.000	0.7743	0.5048	1
1417	2147	159.032	0.000	0.8632	0.5798	1
1417	2148	184.081	0.000	0.7506	0.5757	1
1417	2150	-201.169	0.000	0.7243	0.4707	1
1417	2152	228.090	0.000	0.7258	0.5364	1
1417	2210	-261.155	0.000	0.7319	0.5013	1
1417	2245	184.081	0.000	0.7723	0.5742	1
1417	2283	201.079	0.000	0.7222	0.5288	1
1417	2288	171.068	0.000	0.7771	0.6156	1
1417	2300	184.081	0.000	0.7548	0.5289	1
1417	2328	144.057	0.000	0.7234	0.5522	1
1417	2331	184.081	0.000	0.7807	0.5820	1
1417	2413	168.087	0.000	0.7064	0.5436	1
1418	1503	44.026	0.000	0.7408	0.6826	1
1418	1507	-27.011	0.000	0.8143	0.7288	1
1418	1986	-41.063	0.000	0.7193	0.6951	1
1418	2026	-41.063	0.000	0.7176	0.6467	1
1418	2345	63.057	0.000	0.7643	0.5687	1
1419	1502	44.026	0.000	0.7536	0.5377	1
1419	1898	-28.045	0.000	0.7447	0.6526	1
1420	1473	-71.038	0.000	0.8154	0.5566	1
1420	1610	325.164	0.000	0.7143	0.5425	1
1420	1611	253.143	0.000	0.7784	0.5219	1
1420	1682	99.068	0.000	0.9153	0.7707	1
1420	1700	-87.032	0.000	0.8592	0.6789	1
1420	1748	223.132	0.000	0.7742	0.5794	1
1420	1864	237.075	0.000	0.7258	0.4901	1
1420	1901	239.091	0.000	0.7049	0.4880	1
1420	1969	207.119	0.000	0.7013	0.4728	1
1420	1972	193.086	0.000	0.7008	0.5274	1
1420	1989	33.022	0.000	0.7389	0.4582	1
1420	2015	221.081	0.000	0.7064	0.4661	1
1420	2029	159.102	0.000	0.7388	0.4893	1
1420	2054	111.032	0.000	0.7912	0.6737	1
1420	2115	279.122	0.000	0.7222	0.5106	1
1420	2117	207.101	0.000	0.7452	0.5262	1
1420	2127	196.085	0.000	0.7076	0.4142	1
1420	2170	207.101	0.000	0.7098	0.5501	1
1420	2212	249.112	0.000	0.7042	0.4381	1
1420	2225	207.101	0.000	0.7132	0.4774	1
1420	2365	277.143	0.000	0.7152	0.4625	1
1420	2417	192.127	0.000	0.7184	0.5393	1
1426	1436	71.037	0.000	0.8237	0.7042	1
1426	1724	12.036	0.000	0.8437	0.7341	1
1427	1456	44.026	0.000	0.8517	0.5122	1
1427	1501	-27.995	0.000	0.9000	0.6813	1
1427	1639	-27.011	0.000	0.7016	0.5412	1
1427	1684	62.016	0.000	0.7638	0.5311	1
1427	1717	66.010	0.000	0.8191	0.5170	1
1427	1843	-64.941	0.000	0.7422	0.4773	1
1427	2057	-479.287	0.000	0.7269	0.4675	1
1427	2146	26.004	0.000	0.7926	0.4036	1
1429	1548	0.984	0.000	0.9085	0.8577	1
1429	1589	14.016	0.000	0.7255	0.6257	1
1430	1539	14.016	0.000	0.9594	0.8344	1
1430	1873	-54.022	0.000	0.8013	0.7462	1
1430	2163	17.999	0.000	0.8567	0.7844	1
1430	2178	17.015	0.000	0.9728	0.9291	1
1430	2400	-87.043	0.000	0.7144	0.6978	1
1430	2402	-57.033	0.000	0.7201	0.6041	1
1431	1729	-31.990	0.000	0.7320	0.6608	1
1431	1779	-31.990	0.000	0.7106	0.7181	1
1431	1829	-17.974	0.000	0.7306	0.7386	1
1431	1834	-87.032	0.000	0.7784	0.7443	1
1433	1485	120.032	0.000	0.7159	0.6219	1
1433	1926	-17.026	0.000	0.7008	0.6284	1
1433	2004	-17.027	0.000	0.7220	0.7046	1
1433	2006	-17.027	0.000	0.7029	0.6550	1
1437	1485	-201.112	0.000	0.7818	0.4516	1
1437	1520	-204.111	0.000	0.7118	0.3758	1
1437	1521	-204.054	0.000	0.7210	0.3917	1
1437	1570	96.049	0.000	0.7331	0.6314	1
1437	1575	-249.133	0.000	0.8864	0.6996	1
1437	1576	97.053	0.000	0.8280	0.5714	1
1437	1586	-147.105	0.000	0.7068	0.4346	1
1437	1588	-147.106	0.000	0.8181	0.5944	1
1437	1595	-218.091	0.000	0.8211	0.5126	1
1437	1612	-50.052	0.000	0.7147	0.5527	1
1437	1677	-50.052	0.000	0.7727	0.6093	1
1437	1681	111.068	0.000	0.7268	0.4899	1
1437	1685	-87.032	0.000	0.7664	0.5979	1
1437	1693	97.053	0.000	0.7372	0.6245	1
1437	1770	-16.068	0.000	0.7125	0.6589	1
1437	1789	-0.036	0.000	0.8910	0.7474	1
1437	1792	97.016	0.000	0.7267	0.5160	1
1437	1798	-113.120	0.000	0.7075	0.5334	1
1437	1799	-105.061	0.000	0.7053	0.4592	1
1437	1932	-105.062	0.000	0.7493	0.5566	1
1437	1934	25.979	0.000	0.7974	0.6660	1
1437	1947	-178.111	0.000	0.8069	0.5485	1
1437	2004	-338.170	0.000	0.7078	0.4238	1
1437	2028	-0.036	0.000	0.8550	0.6285	1
1437	2088	-293.175	0.000	0.7267	0.4323	1
1437	2092	69.010	0.000	0.7313	0.5112	1
1437	2120	96.013	0.000	0.7170	0.6779	1
1437	2141	97.016	0.000	0.7485	0.6626	1
1437	2145	25.979	0.000	0.8222	0.7584	1
1437	2147	-130.111	0.000	0.8618	0.6646	1
1437	2150	-490.312	0.000	0.7344	0.4738	1
1437	2152	-61.053	0.000	0.7127	0.4915	1
1437	2249	9.984	0.000	0.7302	0.6167	1
1437	2283	-88.064	0.000	0.7232	0.5405	1
1437	2288	-118.075	0.000	0.7180	0.4431	1
1437	2300	-105.062	0.000	0.7113	0.4914	1
1437	2331	-105.062	0.000	0.7377	0.5354	1
1438	1558	-87.032	0.000	0.7377	0.5683	1
1438	1651	29.938	0.000	0.7021	0.5907	1
1438	1665	111.068	0.000	0.7077	0.6166	1
1438	1770	129.006	0.000	0.7145	0.7237	1
1438	1838	129.007	0.000	0.7435	0.7331	1
1438	1847	57.969	0.000	0.7759	0.6615	1
1438	1874	57.969	0.000	0.7887	0.6826	1
1438	1905	-0.036	0.000	0.7388	0.6815	1
1438	2002	-18.010	0.000	0.7947	0.7374	1
1438	2010	0.948	0.000	0.8502	0.6835	1
1438	2025	-17.992	0.000	0.7079	0.6157	1
1438	2082	111.032	0.000	0.7084	0.6935	1
1438	2093	111.021	0.000	0.7133	0.6811	1
1441	1604	27.028	0.000	0.8003	0.6617	1
1441	1608	28.031	0.000	0.9214	0.7912	1
1441	1625	99.068	0.000	0.7625	0.6703	1
1441	1627	99.068	0.000	0.7684	0.6141	1
1441	1674	-1.979	0.000	0.9004	0.7684	1
1441	1746	12.036	0.000	0.9254	0.8104	1
1441	1750	-28.991	0.000	0.8355	0.6448	1
1441	1824	99.149	0.000	0.7205	0.6759	1
1441	1834	12.036	0.000	0.7954	0.6827	1
1441	2036	212.153	0.000	0.7333	0.3978	1
1441	2251	212.152	0.000	0.7409	0.4378	1
1441	2304	212.153	0.000	0.7204	0.3727	1
1441	2314	212.153	0.000	0.7274	0.4352	1
1441	2345	222.173	0.000	0.7038	0.4009	1
1441	2410	212.153	0.000	0.7215	0.3912	1
1444	1684	-101.048	0.000	0.7487	0.4587	1
1447	1507	14.016	0.000	0.7148	0.5924	1
1448	1487	-0.984	0.000	0.7680	0.7756	1
1448	1506	0.000	0.000	0.9425	0.8759	1
1450	1628	368.133	0.000	0.7321	0.5687	1
1450	1631	-0.985	0.000	0.8799	0.7901	1
1452	1511	18.977	0.000	0.8208	0.6886	1
1452	1518	2.016	0.000	0.8537	0.7509	1
1452	1560	32.993	0.000	0.7495	0.5735	1
1452	1749	28.031	0.000	0.8305	0.7420	1
1452	1800	-1.979	0.000	0.8310	0.7394	1
1452	1921	12.037	0.000	0.8426	0.8089	1
1452	2114	18.940	0.000	0.7264	0.5923	1
1453	1465	0.001	0.000	0.7818	0.7111	1
1453	1492	0.000	0.000	0.9803	0.9144	1
1453	1540	-129.043	0.000	0.8044	0.6703	1
1453	1541	-111.032	0.000	0.7420	0.6684	1
1453	1588	131.040	0.000	0.8299	0.6798	1
1453	1612	228.094	0.000	0.7315	0.5436	1
1453	1677	228.093	0.000	0.7657	0.5577	1
1453	1789	278.109	0.000	0.7433	0.5025	1
1453	1799	173.084	0.000	0.7729	0.6292	1
1453	1842	-15.994	0.000	0.7752	0.6879	1
1453	1862	-15.995	0.000	0.7520	0.6572	1
1453	1932	173.084	0.000	0.7883	0.6133	1
1453	1934	304.125	0.000	0.7303	0.5333	1
1453	1938	-26.995	0.000	0.7370	0.6357	1
1453	1947	100.035	0.000	0.7780	0.6730	1
1453	2028	278.109	0.000	0.7161	0.4917	1
1453	2147	148.035	0.000	0.7087	0.5198	1
1453	2148	173.084	0.000	0.7469	0.6133	1
1453	2210	-272.153	0.000	0.7147	0.4851	1
1453	2245	173.084	0.000	0.7824	0.6219	1
1453	2288	160.071	0.000	0.7051	0.5416	1
1453	2300	173.084	0.000	0.7797	0.5957	1
1453	2328	133.060	0.000	0.7156	0.5762	1
1453	2331	173.084	0.000	0.7624	0.5697	1
1454	1481	-27.995	0.000	0.8636	0.7003	1
1454	1515	-27.995	0.000	0.7852	0.7516	1
1454	1546	-42.011	0.000	0.8064	0.7304	1
1456	1501	-72.021	0.000	0.9026	0.6624	1
1456	2269	26.004	0.000	0.7982	0.5966	1
1457	1946	85.002	0.000	0.7002	0.5722	1
1458	1494	-129.043	0.000	0.7011	0.6394	1
1458	1523	42.010	0.000	0.7465	0.6148	1
1458	1531	0.984	0.000	0.8323	0.8505	1
1458	1535	-43.006	0.000	0.7263	0.5050	1
1458	1593	-230.091	0.000	0.7553	0.5529	1
1458	1664	-28.990	0.000	0.7800	0.7190	1
1458	1882	-44.986	0.000	0.8046	0.6929	1
1458	1894	12.036	0.000	0.7927	0.6724	1
1458	1940	-44.986	0.000	0.7906	0.6899	1
1458	1957	-15.958	0.000	0.7532	0.7701	1
1458	1983	26.052	0.000	0.7653	0.7078	1
1458	2061	0.947	0.000	0.8360	0.7542	1
1458	2073	0.971	0.000	0.7568	0.6415	1
1458	2080	-130.986	0.000	0.7739	0.6898	1
1459	1472	-43.042	0.000	0.8035	0.5260	1
1459	1554	-71.037	0.000	0.8273	0.4378	1
1459	1570	-14.035	0.000	0.7547	0.4886	1
1459	1576	-13.032	0.000	0.7757	0.6411	1
1459	1642	0.984	0.000	0.9511	0.7489	1
1459	1681	0.984	0.000	0.9517	0.7787	1
1459	1713	-101.048	0.000	0.8057	0.5327	1
1459	1717	13.979	0.000	0.9029	0.5849	1
1459	1822	-3.995	0.000	0.8635	0.5415	1
1459	1960	10.021	0.000	0.8264	0.6726	1
1459	2280	-40.006	0.000	0.9008	0.5213	1
1461	1474	28.006	0.000	0.7803	0.5280	1
1461	1559	26.015	0.000	0.8535	0.7435	1
1461	1594	79.042	0.000	0.7284	0.5756	1
1461	1597	38.027	0.000	0.7114	0.5553	1
1461	1602	97.052	0.000	0.7264	0.6116	1
1461	1668	10.032	0.000	0.7293	0.5685	1
1461	1706	-31.990	0.000	0.7801	0.7044	1
1461	1890	61.017	0.000	0.7329	0.5612	1
1461	1919	95.001	0.000	0.8071	0.6879	1
1461	1922	61.016	0.000	0.7397	0.5888	1
1461	1963	95.001	0.000	0.7266	0.5934	1
1461	1990	-20.026	0.000	0.7114	0.6454	1
1461	2019	37.979	0.000	0.7310	0.6187	1
1461	2038	51.995	0.000	0.7350	0.6154	1
1461	2042	77.044	0.000	0.7273	0.5828	1
1461	2051	109.016	0.000	0.7134	0.5854	1
1461	2092	111.032	0.000	0.7203	0.6169	1
1461	2130	45.021	0.000	0.7540	0.6133	1
1461	2144	54.010	0.000	0.8056	0.6500	1
1461	2219	45.021	0.000	0.7535	0.5919	1
1461	2224	66.011	0.000	0.7496	0.5943	1
1461	2236	111.032	0.000	0.7043	0.5043	1
1461	2262	80.026	0.000	0.7577	0.6124	1
1461	2322	22.021	0.000	0.7349	0.6077	1
1461	2341	20.005	0.000	0.7346	0.6386	1
1461	2348	94.042	0.000	0.7040	0.6069	1
1461	2357	79.042	0.000	0.7510	0.6526	1
1461	2370	121.053	0.000	0.7189	0.5415	1
1461	2383	93.058	0.000	0.7167	0.5364	1
1461	2400	121.053	0.000	0.7637	0.5521	1
1461	2404	94.042	0.000	0.7411	0.6496	1
1462	1513	-57.022	0.000	0.9775	0.8278	1
1462	1557	-129.043	0.000	0.8942	0.5162	1
1462	1715	-128.059	0.000	0.7588	0.3855	1
1462	2096	-10.058	0.000	0.8265	0.6291	1
1462	2101	-9.055	0.000	0.9443	0.7618	1
1462	2297	-9.055	0.000	0.9436	0.7657	1
1462	2416	-9.055	0.000	0.9215	0.7155	1
1462	2444	-9.055	0.000	0.9172	0.7047	1
1463	1526	-0.984	0.000	0.8092	0.7469	1
1464	1605	-58.006	0.000	0.7918	0.7039	1
1464	1734	-58.006	0.000	0.8403	0.7126	1
1464	1740	-15.995	0.000	0.8461	0.6998	1
1465	1492	-0.001	0.000	0.7793	0.6761	1
1465	1540	-129.043	0.000	0.8057	0.6420	1
1465	1541	-111.032	0.000	0.8264	0.6815	1
1465	1932	173.084	0.000	0.7402	0.6964	1
1465	1933	-26.995	0.000	0.7172	0.5289	1
1465	1937	395.702	0.000	0.7086	0.5323	1
1465	2245	173.083	0.000	0.7321	0.6737	1
1465	2300	173.084	0.000	0.7353	0.6634	1
1465	2331	173.084	0.000	0.7264	0.6776	1
1468	1605	-87.032	0.000	0.7319	0.6478	1
1468	1734	-87.032	0.000	0.7703	0.6413	1
1468	2002	-128.095	0.000	0.7396	0.6909	1
1468	2138	-0.960	0.000	0.7404	0.6319	1
1468	2172	-0.959	0.000	0.7417	0.6319	1
1469	1489	-71.037	0.000	0.8218	0.6863	1
1469	1530	13.032	0.000	0.8263	0.5818	1
1469	1624	-122.001	0.000	0.7167	0.4891	1
1469	1752	65.124	0.000	0.7138	0.4664	1
1469	1761	-116.011	0.000	0.7215	0.4095	1
1469	1830	41.063	0.000	0.8115	0.5080	1
1469	1896	-59.985	0.000	0.7254	0.4728	1
1470	1717	9.984	0.000	0.7117	0.7126	1
1470	1773	-3.995	0.000	0.8483	0.5529	1
1470	1853	-13.979	0.000	0.8258	0.7097	1
1470	1854	-31.990	0.000	0.7432	0.5617	1
1470	1924	-17.974	0.000	0.9166	0.7578	1
1470	1954	10.021	0.000	0.9148	0.7148	1
1470	1991	-16.990	0.000	0.7761	0.6324	1
1470	2036	-26.027	0.000	0.7366	0.5848	1
1470	2251	-26.027	0.000	0.7137	0.5384	1
1470	2314	-26.027	0.000	0.7223	0.5086	1
1470	2410	-26.027	0.000	0.7180	0.5095	1
1471	1716	-87.033	0.000	0.8705	0.6310	1
1471	2069	54.994	0.000	0.7400	0.6194	1
1472	1498	-41.026	0.000	0.7625	0.5642	1
1472	1518	11.034	0.000	0.7015	0.4964	1
1472	1551	-27.011	0.000	0.7876	0.5140	1
1472	1554	-27.995	0.000	0.8225	0.6203	1
1472	1576	30.010	0.000	0.7257	0.4306	1
1472	1681	44.026	0.000	0.8222	0.4589	1
1472	1699	-27.011	0.000	0.7529	0.5918	1
1472	1713	-58.006	0.000	0.8715	0.6500	1
1472	1717	57.021	0.000	0.7939	0.5897	1
1472	1792	29.974	0.000	0.7006	0.5325	1
1472	2092	1.968	0.000	0.7098	0.5820	1
1472	2212	-59.074	0.000	0.7309	0.5451	1
1472	2236	1.968	0.000	0.7302	0.5633	1
1472	2263	-40.007	0.000	0.7883	0.5175	1
1473	1682	170.106	0.000	0.7816	0.5395	1
1473	1700	-15.995	0.000	0.9190	0.7675	1
1473	1748	294.170	0.000	0.7176	0.4776	1
1473	1901	310.129	0.000	0.7129	0.4364	1
1473	2039	239.092	0.000	0.7169	0.5356	1
1473	2109	209.081	0.000	0.7117	0.5559	1
1473	2127	267.122	0.000	0.7016	0.3657	1
1474	1570	110.065	0.000	0.7855	0.5893	1
1474	1576	111.068	0.000	0.7204	0.5887	1
1474	1578	26.016	0.000	0.7714	0.7371	1
1474	1586	-133.089	0.000	0.7314	0.5983	1
1474	1588	-133.090	0.000	0.7727	0.7904	1
1474	1597	10.020	0.000	0.7324	0.6469	1
1474	1612	-36.037	0.000	0.8039	0.7407	1
1474	1617	111.068	0.000	0.7387	0.6401	1
1474	1668	-17.974	0.000	0.7474	0.5333	1
1474	1677	-36.037	0.000	0.8364	0.7874	1
1474	1691	10.020	0.000	0.7019	0.6521	1
1474	1693	111.068	0.000	0.8182	0.7091	1
1474	1707	-39.970	0.000	0.7661	0.5976	1
1474	1732	-31.990	0.000	0.7233	0.7055	1
1474	1744	40.031	0.000	0.7195	0.7666	1
1474	1770	-2.052	0.000	0.9257	0.7787	1
1474	1789	13.979	0.000	0.7705	0.7595	1
1474	1792	111.032	0.000	0.8490	0.7461	1
1474	1838	-2.052	0.000	0.7837	0.6950	1
1474	1841	-17.974	0.000	0.7486	0.7261	1
1474	1895	23.964	0.000	0.7188	0.6590	1
1474	1901	11.964	0.000	0.7721	0.7301	1
1474	1932	-91.046	0.000	0.7405	0.7036	1
1474	1934	39.995	0.000	0.8376	0.7254	1
1474	1935	111.032	0.000	0.8337	0.6894	1
1474	1939	37.979	0.000	0.7118	0.6744	1
1474	1991	111.105	0.000	0.7315	0.6708	1
1474	2028	13.979	0.000	0.7527	0.6497	1
1474	2120	110.029	0.000	0.7716	0.5576	1
1474	2136	21.984	0.000	0.7094	0.6537	1
1474	2140	9.984	0.000	0.8527	0.6909	1
1474	2141	111.032	0.000	0.8236	0.6496	1
1474	2145	39.995	0.000	0.8685	0.7601	1
1474	2148	-91.046	0.000	0.7079	0.6424	1
1474	2194	54.010	0.000	0.9083	0.7615	1
1474	2249	24.000	0.000	0.8825	0.7570	1
1474	2252	36.036	0.000	0.7089	0.6352	1
1474	2273	54.010	0.000	0.7527	0.7108	1
1474	2300	-91.046	0.000	0.7061	0.6197	1
1474	2331	-91.046	0.000	0.7094	0.6459	1
1474	2465	-45.069	0.000	0.7320	0.5904	1
1475	1610	0.984	0.000	0.8848	0.8450	1
1475	1617	14.015	0.000	0.7306	0.5771	1
1475	1857	-17.974	0.000	0.7045	0.6175	1
1475	1952	-17.974	0.000	0.8416	0.7310	1
1475	1993	-3.958	0.000	0.8366	0.7339	1
1475	2310	-18.021	0.000	0.7884	0.7214	1
1475	2342	0.948	0.000	0.8325	0.7186	1
1475	2347	-18.011	0.000	0.7884	0.7214	1
1476	1569	230.105	0.000	0.7907	0.6422	1
1476	1685	333.169	0.000	0.7678	0.5949	1
1476	1697	331.153	0.000	0.7816	0.7277	1
1476	2257	203.058	0.000	0.7601	0.5921	1
1476	2284	203.058	0.000	0.7707	0.6164	1
1477	1480	-18.011	0.000	0.8815	0.8620	1
1477	1863	-74.978	0.000	0.7561	0.3958	1
1481	1515	-0.000	0.000	0.7449	0.6316	1
1481	1525	-27.995	0.000	0.7552	0.7142	1
1481	1983	-29.974	0.000	0.7229	0.6690	1
1482	1499	48.021	0.000	0.8664	0.6923	1
1482	1503	-57.021	0.000	0.8089	0.6835	1
1482	1547	2.016	0.000	0.9550	0.7549	1
1482	1560	-27.011	0.000	0.8362	0.7840	1
1482	1880	-1.979	0.000	0.8591	0.6684	1
1482	2020	12.036	0.000	0.8547	0.7133	1
1482	2302	-37.991	0.000	0.9233	0.6608	1
1482	2345	-37.991	0.000	0.8781	0.5298	1
1484	1685	294.104	0.000	0.7075	0.5398	1
1484	1943	109.946	0.000	0.7469	0.6341	1
1485	1500	-2.961	0.000	0.7224	0.6403	1
1485	1520	-2.999	0.000	0.7004	0.5957	1
1485	1521	-2.942	0.000	0.7352	0.6543	1
1485	1575	-48.021	0.000	0.8457	0.5073	1
1485	1588	54.006	0.000	0.7321	0.5278	1
1485	1595	-16.979	0.000	0.8735	0.7343	1
1485	1789	201.075	0.000	0.7294	0.4937	1
1485	1799	96.050	0.000	0.7148	0.5197	1
1485	1905	56.001	0.000	0.7236	0.4691	1
1485	1947	23.001	0.000	0.7247	0.4754	1
1485	2010	56.985	0.000	0.7497	0.5458	1
1485	2028	201.075	0.000	0.7098	0.5158	1
1485	2147	71.001	0.000	0.7788	0.5004	1
1485	2283	113.048	0.000	0.7133	0.5352	1
1486	1511	71.037	0.000	0.8723	0.6728	1
1486	1531	-72.021	0.000	0.7999	0.6505	1
1486	1576	73.052	0.000	0.7476	0.5257	1
1486	1578	-12.000	0.000	0.8185	0.7354	1
1486	1629	41.026	0.000	0.7214	0.6006	1
1486	1639	7.042	0.000	0.7577	0.5642	1
1486	1672	-99.105	0.000	0.7911	0.7109	1
1486	1678	-30.011	0.000	0.7078	0.6433	1
1486	1693	73.052	0.000	0.7204	0.6861	1
1486	1755	-58.006	0.000	0.7901	0.6029	1
1486	1785	-42.083	0.000	0.8023	0.7618	1
1486	1792	73.016	0.000	0.7001	0.6098	1
1486	1833	99.068	0.000	0.7104	0.4213	1
1486	1861	-43.006	0.000	0.7338	0.6043	1
1486	1893	69.058	0.000	0.7309	0.5223	1
1486	1895	-14.052	0.000	0.8103	0.6573	1
1486	1904	71.001	0.000	0.7037	0.6358	1
1486	1910	-28.505	0.000	0.7945	0.6725	1
1486	1914	-28.068	0.000	0.8170	0.7159	1
1486	1920	-28.043	0.000	0.7488	0.6279	1
1486	1928	12.036	0.000	0.7774	0.5702	1
1486	1930	-14.052	0.000	0.7554	0.6757	1
1486	1934	1.979	0.000	0.7762	0.6982	1
1486	1939	-0.036	0.000	0.7685	0.6302	1
1486	1964	-9.000	0.000	0.7649	0.6893	1
1486	1968	-44.063	0.000	0.7197	0.5785	1
1486	1986	-30.047	0.000	0.7232	0.5752	1
1486	1999	-57.058	0.000	0.7623	0.6306	1
1486	2000	56.985	0.000	0.7771	0.6359	1
1486	2007	83.073	0.000	0.7492	0.5982	1
1486	2009	-14.052	0.000	0.8048	0.7852	1
1486	2019	-28.043	0.000	0.7940	0.6087	1
1486	2026	-30.047	0.000	0.7225	0.5113	1
1486	2043	-0.037	0.000	0.8082	0.6819	1
1486	2066	-28.043	0.000	0.7775	0.6870	1
1486	2075	13.979	0.000	0.8867	0.7283	1
1486	2081	-30.047	0.000	0.7262	0.5992	1
1486	2105	-43.042	0.000	0.7966	0.6544	1
1486	2114	71.000	0.000	0.7671	0.4869	1
1486	2136	-16.032	0.000	0.8102	0.6346	1
1486	2145	1.979	0.000	0.8016	0.7165	1
1486	2259	27.994	0.000	0.7688	0.6088	1
1486	2292	42.010	0.000	0.7636	0.5898	1
1486	2309	-30.011	0.000	0.8104	0.6548	1
1486	2327	12.000	0.000	0.7451	0.6731	1
1487	1506	0.984	0.000	0.7726	0.7274	1
1487	1626	1.943	0.000	0.7198	0.6563	1
1487	2125	43.990	0.000	0.7236	0.4544	1
1488	2269	26.004	0.000	0.7800	0.6160	1
1489	2076	-128.095	0.000	0.7392	0.6463	1
1491	1505	-0.022	0.000	0.8120	0.7505	1
1492	1540	-129.043	0.000	0.7972	0.6806	1
1492	1541	-111.032	0.000	0.7350	0.6632	1
1492	1588	131.040	0.000	0.8215	0.6476	1
1492	1612	228.094	0.000	0.7196	0.5070	1
1492	1677	228.093	0.000	0.7547	0.5294	1
1492	1789	278.109	0.000	0.7255	0.4679	1
1492	1799	173.084	0.000	0.7569	0.5976	1
1492	1842	-15.994	0.000	0.7612	0.6719	1
1492	1862	-15.995	0.000	0.7364	0.6278	1
1492	1932	173.084	0.000	0.7778	0.5903	1
1492	1934	304.125	0.000	0.7210	0.5001	1
1492	1938	-26.995	0.000	0.7277	0.6018	1
1492	1947	100.035	0.000	0.7691	0.6509	1
1492	2028	278.109	0.000	0.7025	0.4634	1
1492	2148	173.084	0.000	0.7372	0.5892	1
1492	2210	-272.153	0.000	0.7002	0.4568	1
1492	2245	173.084	0.000	0.7724	0.5943	1
1492	2300	173.084	0.000	0.7617	0.5482	1
1492	2331	173.084	0.000	0.7516	0.5464	1
1493	1523	-0.984	0.000	0.7821	0.7176	1
1493	1728	16.031	0.000	0.9205	0.8338	1
1493	1753	-12.958	0.000	0.7220	0.5893	1
1494	1593	-101.048	0.000	0.8218	0.6456	1
1494	1664	100.053	0.000	0.8216	0.6722	1
1494	1882	84.058	0.000	0.7835	0.6588	1
1494	1940	84.058	0.000	0.7911	0.6973	1
1494	1970	12.037	0.000	0.8724	0.8028	1
1494	2017	129.991	0.000	0.7069	0.6806	1
1494	2024	-0.958	0.000	0.7581	0.5938	1
1494	2061	129.991	0.000	0.7183	0.6356	1
1494	2080	-1.943	0.000	0.8362	0.7481	1
1496	2045	-41.064	0.000	0.7280	0.6151	1
1496	2207	101.011	0.000	0.7558	0.6036	1
1497	1559	-154.074	0.000	0.7042	0.5022	1
1497	1594	-101.048	0.000	0.7684	0.6102	1
1497	1602	-83.037	0.000	0.7493	0.5952	1
1497	1720	-15.011	0.000	0.8774	0.8835	1
1497	1919	-85.089	0.000	0.7979	0.6676	1
1497	1922	-119.073	0.000	0.7857	0.6476	1
1497	1963	-85.089	0.000	0.7276	0.6866	1
1497	2042	-103.046	0.000	0.7389	0.5957	1
1497	2051	-71.074	0.000	0.7942	0.6938	1
1497	2089	-71.073	0.000	0.7112	0.6342	1
1497	2092	-69.058	0.000	0.8134	0.7279	1
1497	2174	27.419	0.000	0.7506	0.6411	1
1497	2177	26.992	0.000	0.7413	0.6227	1
1497	2181	27.995	0.000	0.7218	0.6049	1
1497	2219	-135.068	0.000	0.7633	0.6392	1
1497	2236	-69.058	0.000	0.8588	0.7444	1
1497	2276	-43.042	0.000	0.8288	0.7582	1
1497	2315	-87.032	0.000	0.7268	0.6016	1
1497	2316	-43.042	0.000	0.7766	0.7071	1
1497	2318	-29.027	0.000	0.7967	0.6669	1
1497	2329	-29.052	0.000	0.7892	0.6682	1
1497	2351	-59.037	0.000	0.7213	0.6673	1
1497	2357	-101.048	0.000	0.7564	0.6118	1
1497	2370	-59.037	0.000	0.8398	0.7590	1
1497	2383	-87.032	0.000	0.8001	0.7343	1
1497	2398	-100.064	0.000	0.7251	0.5762	1
1497	2400	-59.037	0.000	0.7973	0.7304	1
1498	1551	14.016	0.000	0.8185	0.6896	1
1498	1554	13.031	0.000	0.7492	0.6420	1
1498	1568	-30.952	0.000	0.7516	0.6033	1
1498	1576	71.037	0.000	0.7696	0.5976	1
1498	1643	-243.123	0.000	0.7044	0.5642	1
1498	1681	85.052	0.000	0.7224	0.4781	1
1498	1685	-113.048	0.000	0.7591	0.5310	1
1498	1691	-30.011	0.000	0.9017	0.7600	1
1498	1699	14.015	0.000	0.9453	0.8498	1
1498	1789	-26.052	0.000	0.7011	0.6776	1
1498	1792	71.001	0.000	0.7964	0.6074	1
1498	1840	-15.995	0.000	0.9581	0.8221	1
1498	1935	71.001	0.000	0.7556	0.5045	1
1498	2141	71.000	0.000	0.7489	0.4844	1
1499	2193	-3.084	0.000	0.7999	0.6036	1
1499	2275	-3.084	0.000	0.7993	0.6036	1
1499	2452	-3.084	0.000	0.8108	0.7074	1
1500	1520	-0.038	0.000	0.8840	0.8335	1
1500	1521	0.019	0.000	0.9146	0.8464	1
1500	1595	-14.018	0.000	0.7608	0.6664	1
1501	1525	-51.032	0.000	0.7101	0.5106	1
1501	1557	35.059	0.000	0.8506	0.6556	1
1501	1570	65.991	0.000	0.7573	0.5428	1
1501	1639	0.984	0.000	0.8331	0.7572	1
1501	1854	52.031	0.000	0.7994	0.5634	1
1501	1913	76.031	0.000	0.7167	0.6353	1
1501	2234	26.004	0.000	0.8025	0.5180	1
1502	1997	-28.045	0.000	0.7037	0.4525	1
1503	1504	18.011	0.000	0.7207	0.6559	1
1503	1547	59.037	0.000	0.7458	0.4688	1
1503	1609	-27.011	0.000	0.8028	0.7399	1
1503	1719	-72.021	0.000	0.8097	0.5554	1
1503	2020	69.058	0.000	0.7499	0.5887	1
1503	2075	-41.063	0.000	0.7422	0.5660	1
1503	2302	19.031	0.000	0.7596	0.5893	1
1503	2345	19.031	0.000	0.7321	0.5114	1
1507	1560	101.048	0.000	0.7549	0.4644	1
1507	1609	44.026	0.000	0.8137	0.5817	1
1507	1898	-23.016	0.000	0.7353	0.5881	1
1507	1986	-14.052	0.000	0.8272	0.7575	1
1507	2001	-23.016	0.000	0.7480	0.5975	1
1507	2026	-14.052	0.000	0.8325	0.7011	1
1507	2049	-42.059	0.000	0.7126	0.5614	1
1507	2081	-14.052	0.000	0.7101	0.6568	1
1507	2138	-43.954	0.000	0.7099	0.5028	1
1508	1659	-87.033	0.000	0.7145	0.6061	1
1509	1658	-87.033	0.000	0.8430	0.7142	1
1509	1896	147.069	0.000	0.8585	0.6715	1
1511	1531	-143.058	0.000	0.7929	0.5880	1
1511	1560	14.016	0.000	0.8565	0.8298	1
1511	1576	2.015	0.000	0.9143	0.8021	1
1511	1578	-83.037	0.000	0.7064	0.5447	1
1511	1639	-63.995	0.000	0.9143	0.7566	1
1511	1672	-170.142	0.000	0.7284	0.5423	1
1511	1693	2.015	0.000	0.7916	0.6010	1
1511	1715	-28.936	0.000	0.7120	0.6674	1
1511	1755	-129.043	0.000	0.7041	0.4229	1
1511	1772	-116.011	0.000	0.7517	0.4684	1
1511	1785	-113.120	0.000	0.7336	0.6885	1
1511	1788	-129.079	0.000	0.7429	0.5324	1
1511	1792	1.979	0.000	0.8264	0.7658	1
1511	1833	28.031	0.000	0.7582	0.6002	1
1511	1861	-114.043	0.000	0.7665	0.5096	1
1511	1893	-1.979	0.000	0.8588	0.6501	1
1511	1895	-85.089	0.000	0.7316	0.5478	1
1511	1904	-0.036	0.000	0.7290	0.6007	1
1511	1910	-99.542	0.000	0.7062	0.5832	1
1511	1914	-99.105	0.000	0.7153	0.5683	1
1511	1928	-59.001	0.000	0.8116	0.5234	1
1511	1935	1.979	0.000	0.7865	0.6770	1
1511	1939	-71.073	0.000	0.8217	0.6579	1
1511	1966	-71.074	0.000	0.7354	0.5818	1
1511	1968	-115.100	0.000	0.7040	0.4965	1
1511	1986	-101.084	0.000	0.8103	0.6186	1
1511	1999	-128.095	0.000	0.7014	0.4739	1
1511	2000	-14.052	0.000	0.8607	0.7435	1
1511	2005	-9.000	0.000	0.7144	0.6047	1
1511	2007	12.036	0.000	0.8748	0.7399	1
1511	2009	-85.089	0.000	0.7006	0.6221	1
1511	2026	-101.084	0.000	0.8127	0.5746	1
1511	2043	-71.074	0.000	0.7310	0.5860	1
1511	2048	-15.959	0.000	0.7262	0.5855	1
1511	2075	-57.058	0.000	0.8659	0.7844	1
1511	2081	-101.084	0.000	0.7171	0.5231	1
1511	2089	-28.043	0.000	0.7791	0.5273	1
1511	2114	-0.037	0.000	0.8539	0.7223	1
1511	2136	-87.069	0.000	0.7888	0.5457	1
1511	2141	1.979	0.000	0.8022	0.7498	1
1511	2259	-43.043	0.000	0.7943	0.6023	1
1511	2292	-29.027	0.000	0.7302	0.4837	1
1511	2299	-37.991	0.000	0.7423	0.6187	1
1511	2309	-101.048	0.000	0.7228	0.4929	1
1511	2327	-59.037	0.000	0.7079	0.5143	1
1512	1835	28.031	0.000	0.8736	0.6607	1
1513	1557	-72.021	0.000	0.9117	0.5525	1
1513	1715	-71.037	0.000	0.7899	0.5070	1
1513	1912	40.973	0.000	0.9683	0.7731	1
1515	1525	-27.995	0.000	0.8857	0.7500	1
1515	1557	58.096	0.000	0.7076	0.5962	1
1515	1713	2.015	0.000	0.7010	0.7204	1
1515	1983	-29.974	0.000	0.7814	0.6285	1
1515	2136	0.947	0.000	0.8365	0.7539	1
1516	1675	-57.022	0.000	0.8169	0.6657	1
1516	1676	14.015	0.000	0.8217	0.7235	1
1516	1769	-15.995	0.000	0.7926	0.7348	1
1516	1852	-43.990	0.000	0.7170	0.6253	1
1516	1854	-25.979	0.000	0.7074	0.6542	1
1516	1923	-29.974	0.000	0.7070	0.5932	1
1518	1570	17.974	0.000	0.7005	0.5458	1
1518	1576	18.977	0.000	0.8195	0.6128	1
1518	1642	32.992	0.000	0.7326	0.4036	1
1518	1693	18.977	0.000	0.7616	0.6456	1
1518	1792	18.941	0.000	0.7720	0.6361	1
1518	1800	-3.995	0.000	0.7544	0.6862	1
1518	1921	10.021	0.000	0.7660	0.7107	1
1518	1935	18.941	0.000	0.7175	0.4935	1
1518	2140	-82.108	0.000	0.7019	0.5370	1
1518	2141	18.940	0.000	0.7327	0.5196	1
1518	2196	-14.033	0.000	0.7945	0.6056	1
1518	2279	-257.138	0.000	0.7166	0.5609	1
1519	1689	157.074	0.000	0.7657	0.6280	1
1519	1894	99.068	0.000	0.8153	0.6845	1
1519	1970	-29.974	0.000	0.8707	0.7914	1
1519	1978	141.079	0.000	0.7314	0.5836	1
1519	2072	-15.959	0.000	0.7715	0.7145	1
1519	2143	-15.959	0.000	0.7031	0.6399	1
1520	1521	0.057	0.000	0.9576	0.8589	1
1520	1575	-45.022	0.000	0.7076	0.4270	1
1520	1595	-13.980	0.000	0.7609	0.6305	1
1521	1575	-45.079	0.000	0.7372	0.4674	1
1521	1595	-14.037	0.000	0.7860	0.6655	1
1522	1649	-129.044	0.000	0.7041	0.5967	1
1522	1734	-13.979	0.000	0.7386	0.6740	1
1523	1678	0.984	0.000	0.7192	0.6464	1
1523	1713	16.031	0.000	0.8014	0.6126	1
1523	1719	14.016	0.000	0.7726	0.6237	1
1524	1553	25.049	0.000	0.8491	0.7594	1
1524	1613	-9.985	0.000	0.8151	0.8087	1
1524	1684	-30.011	0.000	0.8709	0.6248	1
1524	1822	-43.990	0.000	0.9610	0.7631	1
1524	1880	-15.995	0.000	0.9249	0.7027	1
1525	1855	-114.043	0.000	0.7977	0.5848	1
1525	1913	127.064	0.000	0.7038	0.5204	1
1525	1983	-1.979	0.000	0.7246	0.6533	1
1527	1591	-57.022	0.000	0.8108	0.6321	1
1527	1598	-2.005	0.000	0.7886	0.6523	1
1527	1599	-36.036	0.000	0.7742	0.7280	1
1527	1634	-2.052	0.000	0.8155	0.7368	1
1527	1707	-128.059	0.000	0.7271	0.5423	1
1527	1773	36.011	0.000	0.7894	0.7322	1
1527	1823	-2.052	0.000	0.8214	0.7875	1
1527	1848	11.964	0.000	0.8252	0.7861	1
1527	1853	26.027	0.000	0.7417	0.5691	1
1527	1871	-2.052	0.000	0.8023	0.7345	1
1527	1954	50.027	0.000	0.7885	0.7193	1
1527	2005	11.964	0.000	0.8056	0.7745	1
1527	2034	-149.051	0.000	0.7193	0.4731	1
1527	2036	13.979	0.000	0.7395	0.7164	1
1527	2052	-52.031	0.000	0.8212	0.7119	1
1527	2103	-117.079	0.000	0.7169	0.5243	1
1527	2137	39.995	0.000	0.7453	0.7126	1
1527	2146	9.984	0.000	0.7028	0.5884	1
1527	2198	39.995	0.000	0.8579	0.7875	1
1527	2234	-18.011	0.000	0.7465	0.6943	1
1527	2238	9.984	0.000	0.7810	0.7139	1
1527	2251	13.979	0.000	0.7396	0.6674	1
1527	2264	-18.011	0.000	0.8773	0.7486	1
1527	2269	54.010	0.000	0.8352	0.7170	1
1527	2302	24.000	0.000	0.7165	0.7630	1
1527	2304	13.979	0.000	0.7433	0.6821	1
1527	2314	13.979	0.000	0.7392	0.6762	1
1527	2345	24.000	0.000	0.7212	0.7161	1
1527	2410	13.979	0.000	0.7411	0.6668	1
1527	2474	-17.063	0.000	0.7106	0.5844	1
1528	1672	97.053	0.000	0.7131	0.5750	1
1528	1767	99.069	0.000	0.7997	0.6685	1
1528	1825	99.069	0.000	0.7154	0.5990	1
1528	1949	113.085	0.000	0.7688	0.7020	1
1528	1977	69.058	0.000	0.7474	0.6286	1
1528	2140	168.126	0.000	0.7067	0.5804	1
1528	2194	212.153	0.000	0.7261	0.5441	1
1528	2248	111.105	0.000	0.7095	0.6115	1
1529	1643	-87.033	0.000	0.8283	0.7586	1
1529	1665	96.068	0.000	0.7164	0.6174	1
1529	1767	56.985	0.000	0.7047	0.5758	1
1529	1770	114.007	0.000	0.7588	0.6268	1
1529	1794	15.951	0.000	0.7389	0.6132	1
1529	1798	16.954	0.000	0.7717	0.6210	1
1529	1838	114.007	0.000	0.7299	0.6256	1
1529	1907	-113.120	0.000	0.7580	0.6884	1
1529	1962	-242.163	0.000	0.7580	0.6703	1
1529	2216	-101.084	0.000	0.7133	0.6051	1
1529	2257	-87.069	0.000	0.7158	0.6796	1
1530	1600	143.058	0.000	0.7622	0.6292	1
1530	1624	-135.033	0.000	0.7821	0.5365	1
1530	1647	-129.043	0.000	0.8443	0.6079	1
1530	1761	-129.043	0.000	0.8544	0.6050	1
1530	1830	28.031	0.000	0.9331	0.7472	1
1530	1896	-73.016	0.000	0.7975	0.5361	1
1531	1578	60.021	0.000	0.7482	0.7403	1
1531	1629	113.047	0.000	0.7070	0.6800	1
1531	1639	79.063	0.000	0.7022	0.5547	1
1531	1660	-214.023	0.000	0.7700	0.5864	1
1531	1665	14.015	0.000	0.7087	0.6312	1
1531	1678	42.010	0.000	0.8621	0.7375	1
1531	1732	2.016	0.000	0.8341	0.8133	1
1531	1755	14.015	0.000	0.8666	0.7547	1
1531	1770	31.953	0.000	0.7427	0.7407	1
1531	1785	29.938	0.000	0.8613	0.7560	1
1531	1788	13.979	0.000	0.7893	0.7288	1
1531	1796	-73.016	0.000	0.7988	0.7308	1
1531	1895	57.969	0.000	0.7875	0.6586	1
1531	1904	143.022	0.000	0.7467	0.5754	1
1531	1905	-97.089	0.000	0.7192	0.6384	1
1531	1928	84.058	0.000	0.8056	0.6343	1
1531	1930	57.969	0.000	0.7563	0.6636	1
1531	1939	71.985	0.000	0.8403	0.6939	1
1531	1966	71.985	0.000	0.7528	0.6519	1
1531	1968	27.959	0.000	0.7494	0.7123	1
1531	1986	41.974	0.000	0.8087	0.6955	1
1531	1999	14.963	0.000	0.7434	0.6158	1
1531	2000	129.006	0.000	0.8408	0.5991	1
1531	2009	57.969	0.000	0.8497	0.7770	1
1531	2026	41.974	0.000	0.8125	0.6392	1
1531	2037	27.958	0.000	0.8430	0.8185	1
1531	2041	-28.043	0.000	0.7269	0.5458	1
1531	2061	-0.037	0.000	0.8925	0.8170	1
1531	2064	-1.040	0.000	0.7484	0.6582	1
1531	2073	-0.013	0.000	0.7951	0.6962	1
1531	2081	41.974	0.000	0.7380	0.7376	1
1531	2082	13.979	0.000	0.7757	0.7346	1
1531	2086	-13.991	0.000	0.7067	0.6344	1
1531	2093	13.968	0.000	0.7164	0.6621	1
1531	2094	-102.991	0.000	0.7611	0.6570	1
1531	2114	143.022	0.000	0.7071	0.4372	1
1531	2292	114.032	0.000	0.7165	0.5202	1
1531	2293	-15.995	0.000	0.7839	0.8335	1
1531	2309	42.010	0.000	0.8092	0.8122	1
1531	2317	39.995	0.000	0.7091	0.6627	1
1531	2327	84.021	0.000	0.7200	0.6281	1
1531	2381	26.016	0.000	0.8060	0.7925	1
1533	1618	-0.984	0.000	0.7843	0.6640	1
1534	1846	-28.043	0.000	0.7027	0.8122	1
1534	2178	17.015	0.000	0.7028	0.7674	1
1534	2266	-119.060	0.000	0.7229	0.5636	1
1534	2388	-87.032	0.000	0.7259	0.6532	1
1534	2400	-87.043	0.000	0.7459	0.6254	1
1536	1537	-8.975	0.000	0.7145	0.6042	1
1536	1538	-8.475	0.000	0.7411	0.6604	1
1536	1541	-364.146	0.000	0.9020	0.7957	1
1536	1549	1.108	0.000	0.7835	0.6612	1
1536	1588	-122.074	0.000	0.7139	0.5608	1
1536	1789	24.995	0.000	0.7024	0.5417	1
1536	1982	-16.990	0.000	0.7106	0.6671	1
1536	2028	24.995	0.000	0.7335	0.6159	1
1537	1538	0.500	0.000	0.9010	0.8379	1
1537	1540	-373.181	0.000	0.7990	0.6957	1
1537	1541	-355.171	0.000	0.8109	0.6743	1
1537	1549	10.084	0.000	0.7059	0.5785	1
1537	1612	-16.045	0.000	0.7419	0.6286	1
1537	1665	0.001	0.000	0.8228	0.7630	1
1537	1677	-16.045	0.000	0.7164	0.6291	1
1537	1878	-7.497	0.000	0.7205	0.5284	1
1538	1540	-373.682	0.000	0.8246	0.6957	1
1538	1541	-355.671	0.000	0.8675	0.7344	1
1538	1549	9.583	0.000	0.7288	0.6115	1
1538	1665	-0.499	0.000	0.7452	0.7011	1
1538	1878	-7.998	0.000	0.7539	0.5977	1
1539	1873	-68.037	0.000	0.7210	0.5550	1
1540	1541	18.011	0.000	0.8246	0.7040	1
1540	1588	260.083	0.000	0.8375	0.5782	1
1540	1612	357.136	0.000	0.7476	0.5520	1
1540	1665	373.183	0.000	0.7029	0.6249	1
1540	1677	357.136	0.000	0.7855	0.5923	1
1540	1789	407.152	0.000	0.7496	0.4643	1
1540	1875	-15.995	0.000	0.7731	0.5628	1
1540	1905	262.078	0.000	0.7024	0.4831	1
1540	1932	302.127	0.000	0.7090	0.4484	1
1540	1947	229.078	0.000	0.7526	0.5475	1
1540	2028	407.152	0.000	0.7240	0.4740	1
1540	2147	277.078	0.000	0.7155	0.4348	1
1540	2152	346.136	0.000	0.7039	0.5020	1
1540	2210	-143.110	0.000	0.7459	0.4911	1
1540	2245	302.127	0.000	0.7489	0.4885	1
1540	2288	289.114	0.000	0.7256	0.5614	1
1540	2300	302.127	0.000	0.7362	0.5235	1
1540	2331	302.127	0.000	0.7199	0.4598	1
1541	1549	365.254	0.000	0.7773	0.6181	1
1541	1588	242.072	0.000	0.7395	0.4955	1
1541	1612	339.125	0.000	0.7615	0.5714	1
1541	1677	339.125	0.000	0.7639	0.5822	1
1541	1875	-34.006	0.000	0.7014	0.5285	1
1541	1878	347.673	0.000	0.7441	0.6435	1
1541	1947	211.067	0.000	0.7050	0.5834	1
1541	2028	389.141	0.000	0.7066	0.5521	1
1544	1827	111.032	0.000	0.7296	0.6696	1
1546	1585	14.016	0.000	0.7242	0.7316	1
1546	1719	14.016	0.000	0.8657	0.7394	1
1546	1766	-87.032	0.000	0.7560	0.6949	1
1546	1806	-12.995	0.000	0.8108	0.6729	1
1547	1642	-27.011	0.000	0.9611	0.7890	1
1547	1681	-27.011	0.000	0.9610	0.7971	1
1547	1713	-129.043	0.000	0.7993	0.4586	1
1547	1717	-14.016	0.000	0.9320	0.7468	1
1547	2302	-40.006	0.000	0.9330	0.5521	1
1548	1603	14.016	0.000	0.7620	0.7549	1
1548	1662	42.022	0.000	0.7176	0.5882	1
1549	1566	-0.052	0.000	0.8007	0.7751	1
1550	2266	-50.027	0.000	0.7478	0.5554	1
1551	1554	-0.984	0.000	0.7364	0.5516	1
1551	1576	57.021	0.000	0.7796	0.4155	1
1551	1642	71.037	0.000	0.8018	0.4866	1
1551	1648	-0.000	0.000	0.7814	0.5721	1
1551	1681	71.037	0.000	0.8202	0.5805	1
1551	1693	57.021	0.000	0.7392	0.4957	1
1551	1699	-0.000	0.000	0.7093	0.5477	1
1551	1728	-30.011	0.000	0.8914	0.7403	1
1551	1792	56.985	0.000	0.7574	0.5138	1
1551	1935	56.985	0.000	0.7450	0.5300	1
1551	2092	28.979	0.000	0.7616	0.6789	1
1551	2141	56.985	0.000	0.7266	0.4687	1
1551	2202	-14.052	0.000	0.7299	0.7121	1
1551	2236	28.979	0.000	0.7241	0.5606	1
1551	2316	54.995	0.000	0.7496	0.6158	1
1551	2404	11.989	0.000	0.7068	0.6040	1
1553	1684	-55.060	0.000	0.8330	0.6940	1
1553	1758	-11.034	0.000	0.7281	0.7537	1
1553	1822	-69.039	0.000	0.8112	0.6435	1
1553	1880	-41.044	0.000	0.8307	0.6940	1
1554	1570	57.002	0.000	0.7105	0.4610	1
1554	1576	58.005	0.000	0.7474	0.4551	1
1554	1586	-186.152	0.000	0.7119	0.5480	1
1554	1681	72.021	0.000	0.8306	0.4305	1
1554	1699	0.984	0.000	0.7669	0.6895	1
1554	1713	-30.011	0.000	0.9027	0.6963	1
1554	1717	85.016	0.000	0.7897	0.4618	1
1554	1792	57.969	0.000	0.7106	0.4354	1
1554	2194	0.948	0.000	0.7439	0.6535	1
1556	1647	-115.028	0.000	0.8801	0.7985	1
1556	1697	0.983	0.000	0.7554	0.6597	1
1556	1713	99.068	0.000	0.8286	0.6495	1
1556	1775	-244.070	0.000	0.8258	0.6535	1
1556	1858	-244.070	0.000	0.8456	0.6977	1
1556	2051	157.026	0.000	0.7007	0.5087	1
1557	1570	30.932	0.000	0.7987	0.6651	1
1557	1715	0.984	0.000	0.9085	0.8280	1
1557	1795	16.936	0.000	0.8257	0.6477	1
1557	1854	16.973	0.000	0.8203	0.6783	1
1557	2234	-9.055	0.000	0.9103	0.6894	1
1559	1594	53.027	0.000	0.8475	0.6913	1
1559	1602	71.037	0.000	0.7420	0.6541	1
1559	1706	-58.006	0.000	0.8391	0.6889	1
1559	1720	139.063	0.000	0.7353	0.5897	1
1559	1754	-30.083	0.000	0.7210	0.6910	1
1559	1860	-2.052	0.000	0.7768	0.7110	1
1559	1890	35.001	0.000	0.7693	0.6369	1
1559	1899	-2.052	0.000	0.8042	0.7501	1
1559	1919	68.985	0.000	0.8056	0.6760	1
1559	1922	35.001	0.000	0.7449	0.6225	1
1559	1953	11.964	0.000	0.7141	0.6493	1
1559	1963	68.985	0.000	0.7602	0.6231	1
1559	1981	-2.052	0.000	0.7992	0.7469	1
1559	1990	-46.042	0.000	0.7528	0.6570	1
1559	2019	11.964	0.000	0.8255	0.7485	1
1559	2038	25.979	0.000	0.8044	0.7344	1
1559	2041	-60.058	0.000	0.7238	0.6594	1
1559	2042	51.029	0.000	0.7721	0.6455	1
1559	2051	83.001	0.000	0.7131	0.5891	1
1559	2066	11.964	0.000	0.7829	0.7402	1
1559	2069	-46.042	0.000	0.7548	0.6918	1
1559	2089	83.001	0.000	0.7464	0.6035	1
1559	2092	85.017	0.000	0.7753	0.6858	1
1559	2130	19.005	0.000	0.7915	0.6902	1
1559	2144	27.995	0.000	0.7487	0.5959	1
1559	2219	19.006	0.000	0.7933	0.6823	1
1559	2224	39.995	0.000	0.8239	0.6900	1
1559	2236	85.016	0.000	0.7453	0.5725	1
1559	2262	54.011	0.000	0.8103	0.7126	1
1559	2276	111.032	0.000	0.8034	0.6289	1
1559	2315	67.042	0.000	0.7714	0.6636	1
1559	2316	111.032	0.000	0.7212	0.6159	1
1559	2318	125.048	0.000	0.7195	0.5500	1
1559	2322	-3.995	0.000	0.7682	0.6618	1
1559	2329	125.023	0.000	0.7154	0.5309	1
1559	2341	-6.010	0.000	0.7685	0.5801	1
1559	2357	53.027	0.000	0.7324	0.6182	1
1559	2370	95.037	0.000	0.8274	0.6366	1
1559	2383	67.042	0.000	0.7652	0.6694	1
1559	2400	95.037	0.000	0.7946	0.6233	1
1559	2404	68.026	0.000	0.7096	0.6094	1
1560	1609	-57.022	0.000	0.8692	0.7254	1
1560	1642	2.015	0.000	0.8790	0.7581	1
1560	1681	2.015	0.000	0.8820	0.7502	1
1560	1726	-129.043	0.000	0.7108	0.4983	1
1560	1991	-11.964	0.000	0.7329	0.7232	1
1560	2005	-23.016	0.000	0.7736	0.6686	1
1560	2089	-42.058	0.000	0.7375	0.5213	1
1560	2114	-14.052	0.000	0.7239	0.6080	1
1560	2312	-37.991	0.000	0.7378	0.5214	1
1561	2005	-1.034	0.000	0.7085	0.5718	1
1562	1955	113.085	0.000	0.8332	0.6491	1
1564	1673	-0.000	0.000	0.8718	0.8453	1
1564	1793	-87.032	0.000	0.8508	0.7862	1
1564	1948	-243.085	0.000	0.8083	0.6893	1
1564	2027	-243.085	0.000	0.7557	0.6841	1
1564	2072	113.084	0.000	0.8043	0.6797	1
1564	2143	113.084	0.000	0.7369	0.6610	1
1564	2160	113.084	0.000	0.7086	0.6535	1
1565	1638	-101.048	0.000	0.8232	0.5916	1
1566	1567	1.004	0.000	0.7051	0.5727	1
1567	1694	26.016	0.000	0.8733	0.8322	1
1568	1611	16.936	0.000	0.7688	0.6193	1
1568	1715	71.037	0.000	0.7223	0.5597	1
1569	1643	-27.011	0.000	0.9329	0.8086	1
1569	1685	103.064	0.000	0.8564	0.7594	1
1569	1697	101.047	0.000	0.8835	0.8457	1
1569	1840	200.117	0.000	0.7380	0.5874	1
1569	2257	-27.048	0.000	0.8781	0.8065	1
1569	2284	-27.047	0.000	0.8715	0.7596	1
1570	1576	1.003	0.000	0.7767	0.6139	1
1570	1586	-243.154	0.000	0.8636	0.8014	1
1570	1588	-243.155	0.000	0.7165	0.5244	1
1570	1677	-146.102	0.000	0.7151	0.5671	1
1570	1693	1.003	0.000	0.7276	0.5829	1
1570	1699	-56.018	0.000	0.7167	0.4737	1
1570	1713	-87.013	0.000	0.7209	0.5980	1
1570	1717	28.014	0.000	0.7395	0.4573	1
1570	1770	-112.117	0.000	0.8245	0.6381	1
1570	1789	-96.086	0.000	0.7648	0.6016	1
1570	1792	0.967	0.000	0.7870	0.5458	1
1570	1854	-13.960	0.000	0.7357	0.5453	1
1570	1935	0.967	0.000	0.7725	0.5330	1
1570	2028	-96.086	0.000	0.7563	0.5220	1
1570	2120	-0.037	0.000	0.8302	0.7360	1
1570	2139	-71.074	0.000	0.7057	0.5392	1
1570	2140	-100.081	0.000	0.7878	0.5893	1
1570	2141	0.967	0.000	0.8078	0.6760	1
1570	2194	-56.055	0.000	0.7385	0.5640	1
1570	2234	-39.987	0.000	0.7010	0.4709	1
1570	2249	-86.065	0.000	0.8082	0.6737	1
1570	2319	-40.071	0.000	0.7498	0.5283	1
1572	1573	-1.004	0.000	0.7480	0.6233	1
1572	1840	16.031	0.000	0.9320	0.8332	1
1572	2044	12.036	0.000	0.8490	0.6538	1
1572	2106	26.052	0.000	0.8611	0.7212	1
1572	2133	26.052	0.000	0.8425	0.6743	1
1574	1582	-0.012	0.000	0.9795	0.9673	1
1574	1584	17.999	0.000	0.8730	0.7864	1
1575	1588	102.027	0.000	0.7924	0.6150	1
1575	1595	31.042	0.000	0.8949	0.6226	1
1575	1677	199.081	0.000	0.7035	0.5718	1
1575	1789	249.097	0.000	0.7909	0.6108	1
1575	1799	144.072	0.000	0.7432	0.5339	1
1575	1905	104.023	0.000	0.7466	0.5434	1
1575	1932	144.071	0.000	0.7320	0.5603	1
1575	1934	275.112	0.000	0.7102	0.5729	1
1575	1947	71.022	0.000	0.8131	0.5453	1
1575	2010	105.006	0.000	0.7431	0.6149	1
1575	2028	249.096	0.000	0.7800	0.5807	1
1575	2088	-44.042	0.000	0.7502	0.4526	1
1575	2145	275.112	0.000	0.7287	0.6247	1
1575	2147	119.022	0.000	0.8684	0.6507	1
1575	2148	144.071	0.000	0.7010	0.5151	1
1575	2150	-241.179	0.000	0.7760	0.5419	1
1575	2152	188.080	0.000	0.7065	0.5545	1
1575	2283	161.069	0.000	0.7264	0.5171	1
1575	2288	131.058	0.000	0.7062	0.4477	1
1575	2300	144.071	0.000	0.7107	0.5429	1
1575	2331	144.071	0.000	0.7382	0.5722	1
1576	1586	-244.158	0.000	0.9545	0.7615	1
1576	1639	-66.010	0.000	0.8851	0.6232	1
1576	1642	14.016	0.000	0.8961	0.8113	1
1576	1644	-14.016	0.000	0.7201	0.6370	1
1576	1648	-57.021	0.000	0.7344	0.5251	1
1576	1681	14.016	0.000	0.9137	0.8570	1
1576	1693	0.000	0.000	0.8164	0.5464	1
1576	1699	-57.021	0.000	0.7987	0.5973	1
1576	1713	-88.016	0.000	0.8088	0.5294	1
1576	1715	-30.952	0.000	0.8335	0.7255	1
1576	1717	27.011	0.000	0.7750	0.6359	1
1576	1728	-87.032	0.000	0.7535	0.4816	1
1576	1770	-113.120	0.000	0.7483	0.5586	1
1576	1789	-97.089	0.000	0.7929	0.5249	1
1576	1792	-0.036	0.000	0.8798	0.7798	1
1576	1840	-87.032	0.000	0.7420	0.5912	1
1576	1893	-3.995	0.000	0.8213	0.6492	1
1576	1934	-71.073	0.000	0.7033	0.5228	1
1576	1935	-0.036	0.000	0.8343	0.7060	1
1576	1939	-73.089	0.000	0.7514	0.5919	1
1576	1951	-13.979	0.000	0.7418	0.5254	1
1576	1986	-103.099	0.000	0.7699	0.5383	1
1576	2000	-16.067	0.000	0.8128	0.7653	1
1576	2007	10.021	0.000	0.8613	0.6945	1
1576	2026	-103.100	0.000	0.7801	0.5218	1
1576	2028	-97.089	0.000	0.7750	0.4534	1
1576	2075	-59.073	0.000	0.8264	0.6030	1
1576	2081	-103.100	0.000	0.7002	0.5541	1
1576	2092	-28.042	0.000	0.8345	0.5395	1
1576	2114	-2.052	0.000	0.8197	0.8251	1
1576	2115	-59.073	0.000	0.7044	0.4870	1
1576	2120	-1.040	0.000	0.7033	0.6499	1
1576	2136	-89.084	0.000	0.7865	0.5638	1
1576	2140	-101.084	0.000	0.7206	0.5319	1
1576	2141	-0.036	0.000	0.8548	0.8103	1
1576	2145	-71.074	0.000	0.7090	0.5591	1
1576	2236	-28.043	0.000	0.7589	0.4759	1
1576	2249	-87.069	0.000	0.7239	0.5316	1
1576	2299	-40.006	0.000	0.8303	0.4959	1
1576	2464	-40.042	0.000	0.7875	0.5710	1
1576	2474	-40.042	0.000	0.7528	0.5631	1
1577	1632	113.084	0.000	0.9131	0.8065	1
1577	1782	375.251	0.000	0.7940	0.6897	1
1577	1784	113.084	0.000	0.9191	0.7895	1
1577	1794	183.118	0.000	0.7200	0.6847	1
1577	1797	184.122	0.000	0.7512	0.5791	1
1577	1798	184.122	0.000	0.8823	0.7416	1
1577	1816	42.047	0.000	0.9341	0.8321	1
1577	1865	12.036	0.000	0.8408	0.7353	1
1577	1900	26.052	0.000	0.9391	0.8475	1
1577	2028	297.206	0.000	0.7084	0.5784	1
1578	1629	53.026	0.000	0.8522	0.6975	1
1578	1644	71.037	0.000	0.8207	0.6118	1
1578	1672	-87.105	0.000	0.7032	0.6135	1
1578	1677	-62.052	0.000	0.7019	0.7169	1
1578	1688	-388.197	0.000	0.7724	0.5166	1
1578	1710	-30.084	0.000	0.7709	0.6663	1
1578	1732	-58.006	0.000	0.8637	0.7560	1
1578	1743	139.063	0.000	0.8242	0.5533	1
1578	1744	14.016	0.000	0.9015	0.7479	1
1578	1748	-30.011	0.000	0.7712	0.7029	1
1578	1755	-46.006	0.000	0.7087	0.5381	1
1578	1770	-28.068	0.000	0.7313	0.6865	1
1578	1785	-30.083	0.000	0.7939	0.6684	1
1578	1788	-46.042	0.000	0.7877	0.6676	1
1578	1792	85.017	0.000	0.7936	0.6511	1
1578	1838	-28.068	0.000	0.7023	0.6665	1
1578	1841	-43.990	0.000	0.8690	0.7165	1
1578	1864	-16.068	0.000	0.7118	0.6607	1
1578	1893	81.058	0.000	0.7068	0.5755	1
1578	1895	-2.052	0.000	0.8431	0.6765	1
1578	1901	-14.052	0.000	0.7222	0.6612	1
1578	1904	83.001	0.000	0.7646	0.6449	1
1578	1914	-16.067	0.000	0.7137	0.5983	1
1578	1930	-2.052	0.000	0.8374	0.6335	1
1578	1934	13.979	0.000	0.7488	0.5768	1
1578	1935	85.017	0.000	0.7953	0.5877	1
1578	1939	11.964	0.000	0.8385	0.6567	1
1578	1944	68.985	0.000	0.7874	0.5591	1
1578	1945	35.001	0.000	0.7793	0.5557	1
1578	1966	11.964	0.000	0.8585	0.7033	1
1578	1968	-32.062	0.000	0.8478	0.7005	1
1578	1972	-60.057	0.000	0.7311	0.6301	1
1578	1986	-18.047	0.000	0.7169	0.6094	1
1578	1999	-45.058	0.000	0.7567	0.6584	1
1578	2000	68.985	0.000	0.8391	0.5759	1
1578	2002	-175.084	0.000	0.7088	0.5507	1
1578	2009	-2.052	0.000	0.8815	0.7718	1
1578	2014	-46.042	0.000	0.7539	0.5863	1
1578	2015	-32.062	0.000	0.7530	0.6933	1
1578	2017	-60.057	0.000	0.7170	0.5985	1
1578	2026	-18.047	0.000	0.7086	0.5639	1
1578	2029	-94.042	0.000	0.7134	0.5760	1
1578	2037	-32.063	0.000	0.8394	0.7810	1
1578	2043	11.964	0.000	0.8752	0.7221	1
1578	2047	-57.058	0.000	0.7057	0.6491	1
1578	2048	67.078	0.000	0.7272	0.6554	1
1578	2055	51.029	0.000	0.7894	0.6466	1
1578	2061	-60.058	0.000	0.8065	0.7297	1
1578	2063	83.001	0.000	0.7831	0.5867	1
1578	2064	-61.061	0.000	0.7090	0.5991	1
1578	2071	-59.049	0.000	0.7273	0.5336	1
1578	2073	-60.034	0.000	0.8000	0.6835	1
1578	2074	77.048	0.000	0.7188	0.5518	1
1578	2075	25.979	0.000	0.7423	0.5249	1
1578	2081	-18.047	0.000	0.8574	0.7245	1
1578	2082	-46.042	0.000	0.8095	0.6500	1
1578	2093	-46.053	0.000	0.7914	0.6490	1
1578	2102	-32.026	0.000	0.7110	0.5966	1
1578	2104	-4.010	0.000	0.7686	0.6209	1
1578	2113	11.964	0.000	0.8725	0.8100	1
1578	2114	83.001	0.000	0.8410	0.5649	1
1578	2116	-18.047	0.000	0.8161	0.7194	1
1578	2117	-46.042	0.000	0.7072	0.6019	1
1578	2123	67.042	0.000	0.7576	0.6513	1
1578	2136	-4.031	0.000	0.7780	0.6462	1
1578	2140	-16.032	0.000	0.7389	0.6495	1
1578	2141	85.016	0.000	0.7868	0.5434	1
1578	2142	-45.058	0.000	0.7697	0.6451	1
1578	2145	13.979	0.000	0.7545	0.5938	1
1578	2159	67.042	0.000	0.8523	0.6986	1
1578	2161	-4.031	0.000	0.7579	0.6077	1
1578	2170	-46.042	0.000	0.7549	0.5527	1
1578	2209	85.016	0.000	0.7700	0.5483	1
1578	2235	19.006	0.000	0.7910	0.6421	1
1578	2243	-17.027	0.000	0.7369	0.6094	1
1578	2249	-2.016	0.000	0.7469	0.6925	1
1578	2259	39.995	0.000	0.8596	0.6387	1
1578	2265	-31.043	0.000	0.7137	0.5544	1
1578	2278	-47.985	0.000	0.7413	0.5081	1
1578	2286	39.995	0.000	0.8044	0.6425	1
1578	2292	54.011	0.000	0.8328	0.6001	1
1578	2293	-76.016	0.000	0.8131	0.6597	1
1578	2295	9.985	0.000	0.8438	0.6417	1
1578	2309	-18.011	0.000	0.7253	0.5946	1
1578	2310	53.016	0.000	0.8373	0.6539	1
1578	2317	-20.026	0.000	0.8385	0.6984	1
1578	2320	67.042	0.000	0.8555	0.6683	1
1578	2324	111.032	0.000	0.7709	0.6017	1
1578	2327	24.000	0.000	0.8488	0.7055	1
1578	2333	81.022	0.000	0.8476	0.5909	1
1578	2344	-18.010	0.000	0.7148	0.5817	1
1578	2347	53.026	0.000	0.8373	0.6539	1
1578	2349	-33.021	0.000	0.7827	0.5930	1
1578	2350	125.048	0.000	0.8120	0.5294	1
1578	2353	-48.021	0.000	0.7957	0.6133	1
1578	2356	68.026	0.000	0.7550	0.6309	1
1578	2360	-6.010	0.000	0.7533	0.5980	1
1578	2362	53.026	0.000	0.7953	0.6750	1
1578	2363	95.037	0.000	0.8241	0.5501	1
1578	2365	24.000	0.000	0.7807	0.7023	1
1578	2369	-61.016	0.000	0.7656	0.5900	1
1578	2381	-34.005	0.000	0.7754	0.5897	1
1578	2385	-6.010	0.000	0.8072	0.6347	1
1578	2387	95.037	0.000	0.8783	0.6118	1
1578	2393	-19.990	0.000	0.7582	0.5728	1
1578	2394	38.016	0.000	0.7991	0.6323	1
1578	2397	54.011	0.000	0.8227	0.5835	1
1578	2401	95.037	0.000	0.7953	0.5956	1
1578	2403	68.026	0.000	0.7701	0.6865	1
1578	2437	-188.153	0.000	0.7415	0.5275	1
1578	2459	-45.094	0.000	0.8172	0.7133	1
1582	1584	18.011	0.000	0.9061	0.8258	1
1583	1630	2.016	0.000	0.8834	0.6323	1
1583	1680	-0.000	0.000	0.8958	0.6161	1
1583	1718	-11.016	0.000	0.7804	0.5681	1
1583	1738	-156.054	0.000	0.7558	0.4872	1
1583	1814	-85.016	0.000	0.7725	0.4892	1
1583	1831	-156.053	0.000	0.7378	0.4583	1
1583	2068	-641.304	0.000	0.7140	0.4010	1
1585	1719	-0.000	0.000	0.7274	0.6487	1
1585	1766	-101.048	0.000	0.7359	0.6167	1
1585	1806	-27.011	0.000	0.7511	0.6487	1
1585	1973	-50.027	0.000	0.7188	0.6752	1
1585	1978	-1.979	0.000	0.7349	0.6914	1
1585	1990	-69.069	0.000	0.7106	0.5759	1
1586	1588	-0.001	0.000	0.7131	0.4824	1
1586	1617	244.158	0.000	0.7223	0.5918	1
1586	1677	97.053	0.000	0.7324	0.5454	1
1586	1693	244.158	0.000	0.8212	0.5906	1
1586	1770	131.037	0.000	0.7480	0.5170	1
1586	1792	244.121	0.000	0.8890	0.7601	1
1586	1935	244.121	0.000	0.8529	0.7135	1
1586	2002	-15.979	0.000	0.7087	0.5974	1
1586	2028	147.069	0.000	0.7173	0.4383	1
1586	2120	243.118	0.000	0.7228	0.5923	1
1586	2140	143.073	0.000	0.7286	0.5253	1
1586	2141	244.121	0.000	0.8623	0.7278	1
1586	2249	157.089	0.000	0.7475	0.6203	1
1587	2072	111.032	0.000	0.7517	0.6965	1
1587	2143	111.032	0.000	0.7389	0.6922	1
1588	1595	-70.985	0.000	0.8001	0.6443	1
1588	1612	97.054	0.000	0.8378	0.7034	1
1588	1630	85.105	0.000	0.7193	0.6528	1
1588	1651	31.969	0.000	0.7593	0.6290	1
1588	1677	97.053	0.000	0.8865	0.7673	1
1588	1691	143.110	0.000	0.7084	0.6528	1
1588	1767	74.017	0.000	0.7665	0.6268	1
1588	1770	131.038	0.000	0.7831	0.7541	1
1588	1784	-37.053	0.000	0.7138	0.6070	1
1588	1789	147.069	0.000	0.8920	0.7198	1
1588	1792	244.122	0.000	0.7457	0.4711	1
1588	1798	33.985	0.000	0.7871	0.6421	1
1588	1799	42.044	0.000	0.8436	0.6776	1
1588	1838	131.038	0.000	0.8056	0.7858	1
1588	1847	60.001	0.000	0.7125	0.6033	1
1588	1875	-276.078	0.000	0.7188	0.4181	1
1588	1900	-124.084	0.000	0.7716	0.6185	1
1588	1905	1.996	0.000	0.8737	0.7970	1
1588	1927	-28.993	0.000	0.7177	0.5701	1
1588	1929	39.048	0.000	0.7538	0.6380	1
1588	1932	42.044	0.000	0.8806	0.7623	1
1588	1934	173.085	0.000	0.8086	0.6764	1
1588	1935	244.122	0.000	0.7390	0.4837	1
1588	1947	-31.005	0.000	0.8809	0.7248	1
1588	1995	-44.987	0.000	0.7297	0.5704	1
1588	2002	-15.979	0.000	0.8450	0.7630	1
1588	2004	-191.065	0.000	0.7039	0.5098	1
1588	2010	2.979	0.000	0.7320	0.6818	1
1588	2028	147.069	0.000	0.8679	0.7125	1
1588	2088	-146.069	0.000	0.7750	0.5664	1
1588	2112	26.049	0.000	0.8178	0.6435	1
1588	2140	143.074	0.000	0.8034	0.7587	1
1588	2141	244.122	0.000	0.7507	0.4982	1
1588	2145	173.085	0.000	0.8221	0.6561	1
1588	2147	16.995	0.000	0.8589	0.7156	1
1588	2148	42.044	0.000	0.8458	0.7215	1
1588	2150	-343.206	0.000	0.8108	0.6344	1
1588	2152	86.053	0.000	0.8412	0.6744	1
1588	2190	26.049	0.000	0.8211	0.6569	1
1588	2210	-403.193	0.000	0.8412	0.6491	1
1588	2227	45.026	0.000	0.7497	0.6003	1
1588	2230	130.079	0.000	0.7029	0.5044	1
1588	2245	42.044	0.000	0.8667	0.7284	1
1588	2248	86.053	0.000	0.7235	0.6196	1
1588	2249	157.090	0.000	0.8133	0.7754	1
1588	2283	59.042	0.000	0.7843	0.6184	1
1588	2288	29.031	0.000	0.8192	0.5861	1
1588	2300	42.044	0.000	0.8727	0.7454	1
1588	2328	2.020	0.000	0.7676	0.6098	1
1588	2331	42.044	0.000	0.8774	0.7354	1
1588	2376	26.050	0.000	0.8104	0.6786	1
1588	2413	26.050	0.000	0.8136	0.6572	1
1588	2428	26.050	0.000	0.7802	0.6017	1
1588	2430	26.050	0.000	0.8036	0.6350	1
1588	2446	26.050	0.000	0.8105	0.6720	1
1589	1603	0.984	0.000	0.9117	0.8124	1
1590	1623	-0.001	0.000	0.7351	0.5890	1
1590	1755	-14.016	0.000	0.7579	0.6830	1
1590	2040	-29.974	0.000	0.8131	0.7384	1
1590	2103	-23.016	0.000	0.7117	0.6606	1
1590	2138	-15.959	0.000	0.7145	0.6545	1
1590	2172	-15.958	0.000	0.7170	0.6881	1
1591	1707	-71.037	0.000	0.9144	0.7341	1
1591	1742	-2.052	0.000	0.7412	0.5872	1
1591	2264	39.011	0.000	0.8139	0.7333	1
1593	1970	113.084	0.000	0.7476	0.7017	1
1593	2033	29.052	0.000	0.7021	0.6659	1
1593	2060	-128.095	0.000	0.8183	0.7746	1
1594	1602	18.010	0.000	0.7114	0.6666	1
1594	1629	28.006	0.000	0.7360	0.6548	1
1594	1706	-111.032	0.000	0.7526	0.5599	1
1594	1720	86.037	0.000	0.8000	0.5981	1
1594	1754	-83.110	0.000	0.7166	0.6548	1
1594	1860	-55.079	0.000	0.7463	0.6556	1
1594	1890	-18.025	0.000	0.8131	0.7711	1
1594	1899	-55.078	0.000	0.7624	0.6938	1
1594	1919	15.959	0.000	0.8171	0.7369	1
1594	1922	-18.026	0.000	0.7824	0.6959	1
1594	1953	-41.063	0.000	0.7045	0.6405	1
1594	1963	15.959	0.000	0.8080	0.7016	1
1594	1981	-55.078	0.000	0.7525	0.6539	1
1594	1990	-99.068	0.000	0.7181	0.5736	1
1594	2019	-41.063	0.000	0.7944	0.6940	1
1594	2038	-27.047	0.000	0.7921	0.7106	1
1594	2041	-113.084	0.000	0.7165	0.6130	1
1594	2042	-1.998	0.000	0.7989	0.6838	1
1594	2051	29.974	0.000	0.7407	0.6300	1
1594	2066	-41.063	0.000	0.7180	0.6123	1
1594	2069	-99.069	0.000	0.7616	0.6344	1
1594	2089	29.974	0.000	0.7879	0.6659	1
1594	2092	31.990	0.000	0.8348	0.7344	1
1594	2130	-34.021	0.000	0.7746	0.6838	1
1594	2144	-25.032	0.000	0.7421	0.5749	1
1594	2164	-45.069	0.000	0.7107	0.5118	1
1594	2219	-34.021	0.000	0.7967	0.6969	1
1594	2224	-13.032	0.000	0.7784	0.6272	1
1594	2236	31.990	0.000	0.7808	0.6379	1
1594	2262	0.984	0.000	0.7712	0.6579	1
1594	2276	58.005	0.000	0.8148	0.6618	1
1594	2315	14.016	0.000	0.7936	0.7079	1
1594	2316	58.005	0.000	0.7119	0.6035	1
1594	2318	72.021	0.000	0.7064	0.5824	1
1594	2322	-57.022	0.000	0.7721	0.6734	1
1594	2329	71.996	0.000	0.7030	0.5824	1
1594	2341	-59.037	0.000	0.7860	0.5913	1
1594	2348	15.000	0.000	0.7583	0.6494	1
1594	2351	42.011	0.000	0.7305	0.7014	1
1594	2357	-0.000	0.000	0.7395	0.6335	1
1594	2370	42.011	0.000	0.8746	0.7227	1
1594	2383	14.016	0.000	0.7878	0.7181	1
1594	2398	0.984	0.000	0.7226	0.6391	1
1594	2400	42.010	0.000	0.7629	0.6912	1
1594	2404	15.000	0.000	0.7312	0.6718	1
1595	1612	168.039	0.000	0.7233	0.6106	1
1595	1651	102.954	0.000	0.7032	0.6138	1
1595	1677	168.038	0.000	0.7485	0.6361	1
1595	1716	14.016	0.000	0.9040	0.7411	1
1595	1767	145.001	0.000	0.7422	0.6121	1
1595	1784	33.932	0.000	0.7011	0.6361	1
1595	1789	218.054	0.000	0.7938	0.5661	1
1595	1799	113.029	0.000	0.8210	0.6724	1
1595	1816	-37.104	0.000	0.7063	0.6089	1
1595	1825	145.002	0.000	0.7146	0.5932	1
1595	1900	-53.099	0.000	0.7270	0.6665	1
1595	1905	72.981	0.000	0.8232	0.6039	1
1595	1927	41.992	0.000	0.7477	0.6501	1
1595	1932	113.029	0.000	0.7759	0.6402	1
1595	1934	244.070	0.000	0.7360	0.5611	1
1595	1938	-87.050	0.000	0.7180	0.6012	1
1595	1947	39.980	0.000	0.8393	0.6747	1
1595	1971	2.927	0.000	0.7113	0.7120	1
1595	1995	25.998	0.000	0.7080	0.6148	1
1595	2004	-120.080	0.000	0.7120	0.6371	1
1595	2010	73.964	0.000	0.7858	0.6039	1
1595	2028	218.054	0.000	0.8059	0.6610	1
1595	2088	-75.084	0.000	0.7926	0.6531	1
1595	2112	97.034	0.000	0.7081	0.5859	1
1595	2145	244.070	0.000	0.7608	0.5746	1
1595	2147	87.980	0.000	0.8662	0.6061	1
1595	2148	113.029	0.000	0.7800	0.6638	1
1595	2150	-272.221	0.000	0.8218	0.6762	1
1595	2152	157.038	0.000	0.7497	0.6274	1
1595	2210	-332.208	0.000	0.7463	0.6117	1
1595	2227	116.011	0.000	0.7343	0.6050	1
1595	2245	113.029	0.000	0.7498	0.6295	1
1595	2283	130.027	0.000	0.7729	0.6839	1
1595	2288	100.016	0.000	0.7321	0.5637	1
1595	2300	113.029	0.000	0.7601	0.6095	1
1595	2328	73.005	0.000	0.7524	0.6477	1
1595	2331	113.029	0.000	0.7985	0.6878	1
1596	1701	87.032	0.000	0.8219	0.7423	1
1597	1666	-28.998	0.000	0.7166	0.5941	1
1597	1668	-27.995	0.000	0.9404	0.8436	1
1597	2122	-36.011	0.000	0.7884	0.6869	1
1598	1599	-34.032	0.000	0.9311	0.7251	1
1598	1626	17.963	0.000	0.7722	0.7057	1
1598	1634	-0.047	0.000	0.9434	0.7401	1
1598	1729	-129.090	0.000	0.7502	0.5084	1
1598	1742	-57.069	0.000	0.7552	0.5113	1
1598	1779	-129.090	0.000	0.8065	0.6175	1
1598	1810	-71.084	0.000	0.7330	0.6333	1
1598	1823	-0.047	0.000	0.7110	0.6917	1
1598	1829	-115.074	0.000	0.8632	0.7198	1
1598	1836	-57.069	0.000	0.7196	0.6174	1
1598	1848	13.969	0.000	0.9384	0.7557	1
1598	1871	-0.047	0.000	0.7143	0.6674	1
1598	1898	-87.079	0.000	0.7565	0.6279	1
1598	1915	-128.106	0.000	0.7752	0.7271	1
1598	1950	-87.079	0.000	0.7128	0.6432	1
1598	2036	15.984	0.000	0.8775	0.7156	1
1598	2052	-50.026	0.000	0.7553	0.6483	1
1598	2070	-128.106	0.000	0.7651	0.6882	1
1598	2101	113.037	0.000	0.8367	0.4919	1
1598	2137	42.000	0.000	0.9287	0.6829	1
1598	2146	11.989	0.000	0.8955	0.5913	1
1598	2198	42.000	0.000	0.8110	0.7626	1
1598	2213	-15.022	0.000	0.7913	0.6455	1
1598	2234	-16.006	0.000	0.9010	0.7092	1
1598	2238	11.989	0.000	0.7073	0.6135	1
1598	2251	15.984	0.000	0.8794	0.7051	1
1598	2263	-45.033	0.000	0.7102	0.4778	1
1598	2269	56.015	0.000	0.9112	0.6829	1
1598	2280	-1.990	0.000	0.8923	0.6326	1
1598	2297	113.037	0.000	0.8325	0.4741	1
1598	2298	44.015	0.000	0.7666	0.5138	1
1598	2299	-15.022	0.000	0.7929	0.5754	1
1598	2302	26.005	0.000	0.9193	0.7375	1
1598	2304	15.984	0.000	0.8777	0.6689	1
1598	2312	-1.006	0.000	0.8603	0.5801	1
1598	2314	15.984	0.000	0.8556	0.6644	1
1598	2345	26.005	0.000	0.9136	0.7543	1
1598	2410	15.984	0.000	0.8763	0.7198	1
1598	2416	113.037	0.000	0.8015	0.4741	1
1598	2427	9.942	0.000	0.7526	0.5453	1
1598	2439	9.942	0.000	0.7626	0.5422	1
1598	2444	113.037	0.000	0.8035	0.4741	1
1598	2447	9.486	0.000	0.7410	0.4947	1
1598	2464	-15.058	0.000	0.7786	0.5427	1
1598	2474	-15.058	0.000	0.7683	0.5427	1
1599	1626	51.995	0.000	0.7138	0.6587	1
1599	1634	33.984	0.000	0.9603	0.7936	1
1599	1729	-95.058	0.000	0.7053	0.4119	1
1599	1779	-95.058	0.000	0.7642	0.5360	1
1599	1823	33.984	0.000	0.7257	0.7913	1
1599	1829	-81.042	0.000	0.7131	0.4758	1
1599	1848	48.000	0.000	0.9661	0.8359	1
1599	1871	33.984	0.000	0.7382	0.7914	1
1599	2036	50.016	0.000	0.9226	0.7702	1
1599	2052	-15.995	0.000	0.7619	0.7130	1
1599	2101	147.068	0.000	0.8849	0.5415	1
1599	2137	76.031	0.000	0.9726	0.8088	1
1599	2146	46.021	0.000	0.9417	0.6892	1
1599	2196	26.006	0.000	0.8025	0.6936	1
1599	2198	76.031	0.000	0.8093	0.7754	1
1599	2213	19.010	0.000	0.8084	0.5966	1
1599	2234	18.026	0.000	0.9436	0.7347	1
1599	2238	46.021	0.000	0.7354	0.6680	1
1599	2251	50.015	0.000	0.9279	0.7921	1
1599	2263	-11.001	0.000	0.7262	0.4330	1
1599	2264	18.025	0.000	0.7025	0.5375	1
1599	2269	90.047	0.000	0.9376	0.7828	1
1599	2280	32.041	0.000	0.9435	0.7335	1
1599	2297	147.068	0.000	0.8804	0.5415	1
1599	2298	78.047	0.000	0.7818	0.4903	1
1599	2299	19.010	0.000	0.8503	0.6874	1
1599	2302	60.036	0.000	0.9560	0.7908	1
1599	2304	50.016	0.000	0.9226	0.7447	1
1599	2305	36.984	0.000	0.7270	0.6101	1
1599	2312	33.026	0.000	0.9146	0.6746	1
1599	2314	50.016	0.000	0.9060	0.7647	1
1599	2345	60.036	0.000	0.9404	0.7764	1
1599	2410	50.016	0.000	0.9178	0.7876	1
1599	2416	147.068	0.000	0.8493	0.5415	1
1599	2427	43.974	0.000	0.7674	0.5082	1
1599	2431	-215.102	0.000	0.7444	0.4171	1
1599	2439	43.973	0.000	0.7816	0.5287	1
1599	2444	147.068	0.000	0.8491	0.5415	1
1599	2447	43.518	0.000	0.7548	0.4282	1
1599	2464	18.974	0.000	0.8306	0.6385	1
1599	2474	18.974	0.000	0.8216	0.6785	1
1599	2477	-328.222	0.000	0.7294	0.4933	1
1600	1648	-27.011	0.000	0.8003	0.7629	1
1600	1830	-115.027	0.000	0.8141	0.6376	1
1600	1896	-216.075	0.000	0.7439	0.4606	1
1600	1934	-41.063	0.000	0.7339	0.6118	1
1600	2145	-41.063	0.000	0.7822	0.7218	1
1601	1671	-27.995	0.000	0.9003	0.7265	1
1601	1684	-30.011	0.000	0.8237	0.7380	1
1601	1751	-13.979	0.000	0.8330	0.6495	1
1601	1758	14.016	0.000	0.9464	0.9052	1
1601	1769	-58.005	0.000	0.7376	0.5806	1
1601	1773	-39.995	0.000	0.8501	0.7509	1
1601	1845	-15.995	0.000	0.7773	0.6273	1
1601	2198	-36.011	0.000	0.8781	0.7470	1
1602	1706	-129.043	0.000	0.8078	0.6649	1
1602	1890	-36.036	0.000	0.7930	0.7278	1
1602	1919	-2.052	0.000	0.7961	0.7657	1
1602	1922	-36.036	0.000	0.7829	0.7450	1
1602	1963	-2.052	0.000	0.7617	0.6973	1
1602	2042	-20.008	0.000	0.7943	0.7730	1
1602	2051	11.964	0.000	0.7395	0.7590	1
1602	2089	11.964	0.000	0.7368	0.6581	1
1602	2092	13.979	0.000	0.7339	0.7377	1
1602	2130	-52.032	0.000	0.8033	0.7791	1
1602	2219	-52.031	0.000	0.7528	0.6899	1
1602	2236	13.979	0.000	0.7874	0.7164	1
1602	2276	39.995	0.000	0.7844	0.7568	1
1602	2315	-3.995	0.000	0.7283	0.7484	1
1602	2316	39.995	0.000	0.7661	0.7740	1
1602	2318	54.011	0.000	0.9037	0.7966	1
1602	2322	-75.032	0.000	0.7165	0.6756	1
1602	2329	53.986	0.000	0.9007	0.7676	1
1602	2348	-3.011	0.000	0.7092	0.6812	1
1602	2351	24.000	0.000	0.7705	0.7687	1
1602	2357	-18.010	0.000	0.7735	0.8004	1
1602	2370	24.000	0.000	0.8362	0.7708	1
1602	2383	-3.995	0.000	0.7533	0.7202	1
1602	2388	24.011	0.000	0.7788	0.7402	1
1602	2398	-17.026	0.000	0.7698	0.7711	1
1602	2400	24.000	0.000	0.8420	0.7814	1
1602	2402	54.011	0.000	0.7234	0.6587	1
1602	2404	-3.011	0.000	0.7451	0.7110	1
1604	1608	1.003	0.000	0.8482	0.7129	1
1604	1674	-29.007	0.000	0.7651	0.6091	1
1604	1746	-14.992	0.000	0.7946	0.6336	1
1604	2124	56.062	0.000	0.7109	0.6028	1
1605	1708	-27.011	0.000	0.9002	0.8078	1
1605	1734	0.000	0.000	0.7778	0.6665	1
1605	1740	42.011	0.000	0.8082	0.6858	1
1605	2002	-41.062	0.000	0.7024	0.6737	1
1605	2138	86.073	0.000	0.7151	0.6249	1
1605	2172	86.073	0.000	0.7063	0.6295	1
1607	1927	127.028	0.000	0.7447	0.6094	1
1607	1932	198.064	0.000	0.7113	0.5355	1
1607	1934	329.105	0.000	0.7118	0.5176	1
1607	2111	-18.010	0.000	0.7119	0.6199	1
1607	2112	182.069	0.000	0.7929	0.6647	1
1607	2148	198.064	0.000	0.7005	0.5584	1
1607	2156	-18.011	0.000	0.8345	0.6776	1
1607	2190	182.069	0.000	0.7849	0.6585	1
1607	2191	111.032	0.000	0.8079	0.7439	1
1607	2223	81.021	0.000	0.8276	0.7410	1
1607	2267	95.037	0.000	0.7942	0.6563	1
1607	2331	198.064	0.000	0.7208	0.5414	1
1607	2376	182.070	0.000	0.7614	0.5959	1
1607	2413	182.070	0.000	0.7839	0.6437	1
1607	2428	182.070	0.000	0.7424	0.5541	1
1607	2430	182.070	0.000	0.7725	0.6024	1
1607	2446	182.070	0.000	0.7692	0.5923	1
1608	1625	71.037	0.000	0.7561	0.6845	1
1608	1627	71.037	0.000	0.7372	0.6272	1
1608	1674	-30.011	0.000	0.9313	0.8096	1
1608	1746	-15.995	0.000	0.9429	0.8137	1
1608	1750	-57.022	0.000	0.8367	0.6504	1
1608	1824	71.118	0.000	0.7053	0.6584	1
1608	1829	53.064	0.000	0.7414	0.6944	1
1608	1834	-15.995	0.000	0.7860	0.6802	1
1608	2036	184.122	0.000	0.7299	0.4049	1
1608	2251	184.121	0.000	0.7409	0.4668	1
1608	2280	166.147	0.000	0.7571	0.4735	1
1608	2304	184.122	0.000	0.7321	0.4314	1
1608	2312	167.131	0.000	0.7095	0.4410	1
1608	2314	184.122	0.000	0.7278	0.4770	1
1608	2345	194.142	0.000	0.7052	0.4343	1
1608	2410	184.122	0.000	0.7303	0.4473	1
1609	1806	-72.021	0.000	0.7651	0.5632	1
1609	1997	-23.016	0.000	0.8419	0.6388	1
1609	2038	-42.058	0.000	0.7619	0.5220	1
1609	2075	-14.052	0.000	0.8485	0.7833	1
1609	2138	-87.980	0.000	0.7040	0.4769	1
1610	1611	-72.021	0.000	0.7906	0.5437	1
1610	1644	-0.984	0.000	0.7813	0.7020	1
1610	1682	-226.096	0.000	0.7432	0.5397	1
1610	1748	-102.032	0.000	0.7196	0.4779	1
1610	1918	-4.942	0.000	0.7510	0.6562	1
1610	2117	-118.063	0.000	0.7005	0.4313	1
1610	2237	-103.064	0.000	0.7047	0.5114	1
1610	2310	-19.005	0.000	0.7273	0.5819	1
1610	2333	9.001	0.000	0.7105	0.7167	1
1610	2342	-0.036	0.000	0.7736	0.7065	1
1610	2347	-18.995	0.000	0.7273	0.5819	1
1610	2356	-3.995	0.000	0.7249	0.5575	1
1610	2362	-18.995	0.000	0.7132	0.6622	1
1610	2365	-48.021	0.000	0.7103	0.5073	1
1610	2397	-18.010	0.000	0.7504	0.7201	1
1610	2403	-3.995	0.000	0.7583	0.7356	1
1610	2417	-133.037	0.000	0.7181	0.4882	1
1611	1644	71.037	0.000	0.7791	0.5999	1
1611	1682	-154.075	0.000	0.8136	0.5975	1
1611	1700	-340.175	0.000	0.7100	0.4260	1
1611	1710	-30.084	0.000	0.7197	0.5324	1
1611	1732	-58.005	0.000	0.7348	0.7843	1
1611	1748	-30.011	0.000	0.8919	0.7498	1
1611	1864	-16.068	0.000	0.7429	0.5738	1
1611	1930	-2.052	0.000	0.7532	0.6957	1
1611	1972	-60.057	0.000	0.7056	0.5024	1
1611	2015	-32.062	0.000	0.7518	0.5773	1
1611	2017	-60.057	0.000	0.7254	0.5505	1
1611	2029	-94.042	0.000	0.8241	0.6045	1
1611	2113	11.964	0.000	0.8042	0.6389	1
1611	2115	25.979	0.000	0.7046	0.5664	1
1611	2117	-46.042	0.000	0.8432	0.6440	1
1611	2127	-57.058	0.000	0.7160	0.5935	1
1611	2161	-4.031	0.000	0.7213	0.5654	1
1611	2170	-46.042	0.000	0.7992	0.6085	1
1611	2225	-46.042	0.000	0.7317	0.4922	1
1611	2237	-31.042	0.000	0.7078	0.4368	1
1611	2286	39.995	0.000	0.8399	0.6400	1
1611	2295	9.985	0.000	0.7709	0.6842	1
1611	2309	-18.010	0.000	0.7076	0.6876	1
1611	2310	53.016	0.000	0.8167	0.6997	1
1611	2326	-289.128	0.000	0.7534	0.4502	1
1611	2344	-18.010	0.000	0.7979	0.6831	1
1611	2347	53.026	0.000	0.8167	0.6997	1
1611	2353	-48.021	0.000	0.7236	0.6376	1
1611	2362	53.026	0.000	0.7256	0.6747	1
1611	2365	24.000	0.000	0.7732	0.6255	1
1611	2374	-3.995	0.000	0.7065	0.6114	1
1611	2397	54.011	0.000	0.7123	0.5775	1
1611	2409	-75.032	0.000	0.7206	0.5373	1
1611	2417	-61.016	0.000	0.7806	0.5199	1
1611	2437	-188.153	0.000	0.7438	0.5377	1
1611	2459	-45.094	0.000	0.7197	0.5390	1
1612	1651	-65.084	0.000	0.7355	0.5857	1
1612	1665	16.046	0.000	0.7115	0.6293	1
1612	1677	-0.000	0.000	0.9652	0.9011	1
1612	1770	33.984	0.000	0.8078	0.7430	1
1612	1789	50.016	0.000	0.8165	0.7240	1
1612	1792	147.069	0.000	0.7316	0.4979	1
1612	1799	-55.009	0.000	0.8059	0.7064	1
1612	1838	33.985	0.000	0.7810	0.7551	1
1612	1900	-221.138	0.000	0.7362	0.5982	1
1612	1905	-95.058	0.000	0.7917	0.6865	1
1612	1929	-58.005	0.000	0.7583	0.7242	1
1612	1932	-55.009	0.000	0.7915	0.6696	1
1612	1934	76.032	0.000	0.8078	0.6493	1
1612	1935	147.069	0.000	0.7229	0.4751	1
1612	1947	-128.059	0.000	0.7926	0.6554	1
1612	2028	50.016	0.000	0.7846	0.6680	1
1612	2112	-71.004	0.000	0.7196	0.5482	1
1612	2139	75.028	0.000	0.7363	0.7222	1
1612	2140	46.020	0.000	0.8177	0.7273	1
1612	2141	147.068	0.000	0.7310	0.4784	1
1612	2145	76.031	0.000	0.8407	0.6720	1
1612	2147	-80.059	0.000	0.7565	0.6037	1
1612	2148	-55.010	0.000	0.8381	0.7094	1
1612	2150	-440.259	0.000	0.7376	0.6162	1
1612	2152	-11.000	0.000	0.7892	0.6888	1
1612	2190	-71.005	0.000	0.7263	0.5579	1
1612	2194	90.047	0.000	0.7598	0.6593	1
1612	2210	-500.246	0.000	0.7560	0.6379	1
1612	2245	-55.010	0.000	0.8020	0.6738	1
1612	2249	60.036	0.000	0.8199	0.7539	1
1612	2283	-38.012	0.000	0.7151	0.6466	1
1612	2288	-68.022	0.000	0.7364	0.5288	1
1612	2293	-13.964	0.000	0.7352	0.6182	1
1612	2300	-55.009	0.000	0.8070	0.7048	1
1612	2331	-55.009	0.000	0.7978	0.6734	1
1612	2376	-71.004	0.000	0.7184	0.5587	1
1612	2413	-71.004	0.000	0.7205	0.5636	1
1612	2430	-71.004	0.000	0.7196	0.5380	1
1612	2446	-71.004	0.000	0.7204	0.5808	1
1613	1614	-18.011	0.000	0.9408	0.8199	1
1613	1676	-18.011	0.000	0.7870	0.6922	1
1613	1711	24.000	0.000	0.8835	0.7483	1
1613	1773	-30.010	0.000	0.8087	0.6222	1
1613	1853	-39.995	0.000	0.9373	0.8293	1
1613	1854	-58.005	0.000	0.7940	0.7111	1
1613	1887	0.984	0.000	0.7301	0.5572	1
1613	1924	-43.990	0.000	0.8119	0.5084	1
1613	1954	-15.995	0.000	0.8671	0.6810	1
1613	2062	-28.068	0.000	0.7293	0.6904	1
1614	1644	-39.047	0.000	0.7630	0.6306	1
1614	1676	-0.000	0.000	0.7488	0.6564	1
1614	1852	-58.005	0.000	0.7522	0.5868	1
1614	1854	-39.995	0.000	0.8523	0.7275	1
1614	1923	-43.990	0.000	0.8569	0.6945	1
1614	2264	-66.022	0.000	0.7101	0.7449	1
1617	1693	0.000	0.000	0.8695	0.7897	1
1617	1728	-87.032	0.000	0.7202	0.5436	1
1617	1789	-97.089	0.000	0.7132	0.6164	1
1617	1792	-0.036	0.000	0.7487	0.5597	1
1617	1935	-0.036	0.000	0.7403	0.5597	1
1617	1951	-13.979	0.000	0.7035	0.6391	1
1617	2048	-17.974	0.000	0.7062	0.6431	1
1617	2141	-0.036	0.000	0.7466	0.5742	1
1617	2249	-87.069	0.000	0.7136	0.6662	1
1617	2299	-40.006	0.000	0.7232	0.5628	1
1617	2379	-64.029	0.000	0.7028	0.6148	1
1617	2464	-40.042	0.000	0.7093	0.6036	1
1621	1622	1.003	0.000	0.8114	0.5732	1
1621	1625	366.210	0.000	0.7224	0.5180	1
1622	1625	365.207	0.000	0.8264	0.7322	1
1622	1824	365.288	0.000	0.7393	0.6673	1
1622	1879	365.288	0.000	0.7051	0.6318	1
1624	1761	5.990	0.000	0.7146	0.4990	1
1624	1830	163.064	0.000	0.8201	0.6055	1
1624	1896	62.017	0.000	0.7608	0.5214	1
1625	1626	115.064	0.000	0.7142	0.5744	1
1625	1674	-101.048	0.000	0.7528	0.6571	1
1625	1746	-87.032	0.000	0.7597	0.6270	1
1625	1779	-31.989	0.000	0.7175	0.6451	1
1625	1810	26.016	0.000	0.9089	0.8531	1
1625	1824	0.081	0.000	0.8743	0.6844	1
1625	1829	-17.973	0.000	0.7619	0.7265	1
1625	1879	0.081	0.000	0.8199	0.6116	1
1625	1898	10.021	0.000	0.7728	0.7128	1
1625	1915	-31.005	0.000	0.7418	0.7220	1
1625	1950	10.021	0.000	0.9374	0.8498	1
1625	2070	-31.006	0.000	0.7452	0.7005	1
1626	1634	-18.010	0.000	0.7779	0.6912	1
1626	1779	-147.053	0.000	0.7634	0.5278	1
1626	1810	-89.047	0.000	0.7649	0.5910	1
1626	1823	-18.010	0.000	0.7060	0.8047	1
1626	1829	-133.037	0.000	0.7601	0.5653	1
1626	1871	-18.010	0.000	0.7120	0.8071	1
1626	1915	-146.069	0.000	0.7476	0.5679	1
1626	1950	-105.042	0.000	0.7257	0.5689	1
1626	1956	16.058	0.000	0.7084	0.6270	1
1626	2035	16.031	0.000	0.9258	0.7885	1
1626	2101	95.074	0.000	0.7068	0.4490	1
1626	2125	42.047	0.000	0.8978	0.8779	1
1627	1674	-101.048	0.000	0.7425	0.5910	1
1627	1746	-87.032	0.000	0.7351	0.5699	1
1627	1750	-128.059	0.000	0.7052	0.5103	1
1627	1834	-87.032	0.000	0.7338	0.5333	1
1629	1644	18.011	0.000	0.7577	0.6097	1
1629	1660	-327.071	0.000	0.7266	0.4670	1
1629	1678	-71.037	0.000	0.7006	0.7265	1
1629	1688	-441.223	0.000	0.7037	0.4485	1
1629	1710	-83.110	0.000	0.7113	0.6581	1
1629	1732	-111.032	0.000	0.7691	0.6004	1
1629	1743	86.037	0.000	0.7875	0.4830	1
1629	1744	-39.011	0.000	0.7985	0.5982	1
1629	1748	-83.037	0.000	0.7077	0.6350	1
1629	1785	-83.110	0.000	0.7568	0.6912	1
1629	1788	-99.068	0.000	0.7107	0.5757	1
1629	1792	31.990	0.000	0.7440	0.6188	1
1629	1841	-97.016	0.000	0.8070	0.6090	1
1629	1852	-0.947	0.000	0.7907	0.6937	1
1629	1893	28.032	0.000	0.7093	0.5849	1
1629	1895	-55.078	0.000	0.8119	0.7075	1
1629	1914	-69.094	0.000	0.7305	0.6931	1
1629	1923	13.068	0.000	0.7412	0.5967	1
1629	1928	-28.990	0.000	0.7231	0.6079	1
1629	1930	-55.078	0.000	0.7821	0.6560	1
1629	1935	31.990	0.000	0.7377	0.5563	1
1629	1939	-41.062	0.000	0.8051	0.6932	1
1629	1944	15.959	0.000	0.7649	0.6153	1
1629	1945	-18.025	0.000	0.7496	0.5965	1
1629	1952	0.037	0.000	0.7323	0.6478	1
1629	1966	-41.063	0.000	0.8329	0.7330	1
1629	1968	-85.089	0.000	0.7751	0.6187	1
1629	1986	-71.073	0.000	0.7904	0.7084	1
1629	2000	15.959	0.000	0.8408	0.6062	1
1629	2007	42.047	0.000	0.7254	0.7300	1
1629	2009	-55.078	0.000	0.7366	0.6405	1
1629	2026	-71.073	0.000	0.7708	0.6862	1
1629	2037	-85.089	0.000	0.7185	0.5774	1
1629	2043	-41.063	0.000	0.8326	0.7138	1
1629	2048	14.052	0.000	0.7353	0.6452	1
1629	2055	-1.998	0.000	0.7359	0.6070	1
1629	2061	-113.084	0.000	0.7125	0.6049	1
1629	2063	29.974	0.000	0.7456	0.5834	1
1629	2071	-112.076	0.000	0.7060	0.5463	1
1629	2073	-113.060	0.000	0.7414	0.6066	1
1629	2074	24.021	0.000	0.7350	0.6142	1
1629	2075	-27.047	0.000	0.7865	0.5672	1
1629	2081	-71.073	0.000	0.8177	0.7033	1
1629	2082	-99.068	0.000	0.7228	0.5452	1
1629	2093	-99.080	0.000	0.7231	0.5520	1
1629	2104	-57.036	0.000	0.7492	0.6759	1
1629	2113	-41.062	0.000	0.7615	0.6746	1
1629	2114	29.974	0.000	0.8379	0.5886	1
1629	2116	-71.073	0.000	0.8015	0.7448	1
1629	2123	14.016	0.000	0.7746	0.7047	1
1629	2136	-57.058	0.000	0.8161	0.7775	1
1629	2141	31.990	0.000	0.7585	0.5765	1
1629	2145	-39.047	0.000	0.7060	0.6721	1
1629	2159	14.016	0.000	0.8656	0.7439	1
1629	2161	-57.057	0.000	0.7752	0.6677	1
1629	2170	-99.068	0.000	0.7506	0.5902	1
1629	2194	-25.031	0.000	0.7292	0.6774	1
1629	2209	31.990	0.000	0.7199	0.5294	1
1629	2235	-34.020	0.000	0.7390	0.6005	1
1629	2239	-98.085	0.000	0.7330	0.5766	1
1629	2249	-55.042	0.000	0.7948	0.8060	1
1629	2259	-13.032	0.000	0.8294	0.6389	1
1629	2278	-101.011	0.000	0.7253	0.4685	1
1629	2286	-13.031	0.000	0.7477	0.6383	1
1629	2292	0.984	0.000	0.8465	0.6693	1
1629	2293	-129.042	0.000	0.7365	0.5200	1
1629	2295	-43.042	0.000	0.7877	0.5745	1
1629	2309	-71.037	0.000	0.7859	0.5911	1
1629	2310	-0.011	0.000	0.8092	0.6473	1
1629	2317	-73.052	0.000	0.8023	0.5815	1
1629	2320	14.016	0.000	0.8660	0.7242	1
1629	2324	58.006	0.000	0.7212	0.5415	1
1629	2327	-29.026	0.000	0.8238	0.6294	1
1629	2333	27.995	0.000	0.8206	0.6310	1
1629	2344	-71.037	0.000	0.7101	0.5650	1
1629	2347	0.000	0.000	0.8092	0.6473	1
1629	2349	-86.048	0.000	0.7655	0.5604	1
1629	2350	72.021	0.000	0.8019	0.5448	1
1629	2351	14.005	0.000	0.7108	0.6536	1
1629	2353	-101.047	0.000	0.7497	0.5449	1
1629	2356	15.000	0.000	0.7363	0.5970	1
1629	2360	-59.037	0.000	0.7678	0.5702	1
1629	2362	0.000	0.000	0.7568	0.6970	1
1629	2363	42.011	0.000	0.8712	0.7120	1
1629	2365	-29.026	0.000	0.7206	0.5961	1
1629	2369	-114.043	0.000	0.7207	0.5566	1
1629	2381	-87.032	0.000	0.8059	0.5925	1
1629	2385	-59.037	0.000	0.8208	0.6009	1
1629	2387	42.011	0.000	0.8801	0.6520	1
1629	2393	-73.016	0.000	0.8162	0.6269	1
1629	2394	-15.011	0.000	0.8881	0.7515	1
1629	2397	0.984	0.000	0.7567	0.5341	1
1629	2401	42.011	0.000	0.7984	0.7275	1
1629	2403	15.000	0.000	0.7166	0.6426	1
1629	2459	-98.120	0.000	0.7502	0.5795	1
1630	1680	-2.016	0.000	0.9272	0.7758	1
1630	1718	-13.031	0.000	0.8364	0.6278	1
1630	1723	-373.197	0.000	0.7058	0.4062	1
1630	1728	72.021	0.000	0.7111	0.5767	1
1630	1738	-158.069	0.000	0.8494	0.6113	1
1630	1814	-87.032	0.000	0.8513	0.6151	1
1630	1830	14.016	0.000	0.9245	0.6746	1
1630	1831	-158.069	0.000	0.8769	0.6157	1
1630	2068	-643.319	0.000	0.7686	0.4754	1
1630	2322	42.000	0.000	0.7337	0.6196	1
1632	1782	262.167	0.000	0.7566	0.7255	1
1632	1784	0.000	0.000	0.9612	0.8362	1
1632	1789	184.122	0.000	0.7306	0.5597	1
1632	1798	71.038	0.000	0.8562	0.7437	1
1632	1816	-71.037	0.000	0.8894	0.7438	1
1632	1860	166.100	0.000	0.7193	0.6204	1
1632	1865	-101.047	0.000	0.8150	0.6665	1
1632	1900	-87.032	0.000	0.8782	0.7396	1
1632	1943	-87.032	0.000	0.8700	0.7204	1
1632	1971	-31.005	0.000	0.7282	0.6091	1
1632	2028	184.122	0.000	0.7383	0.6229	1
1632	2079	-104.022	0.000	0.7180	0.6070	1
1632	2249	194.142	0.000	0.7521	0.6388	1
1634	1729	-129.043	0.000	0.7548	0.4431	1
1634	1742	-57.021	0.000	0.7525	0.4958	1
1634	1779	-129.043	0.000	0.8129	0.5269	1
1634	1810	-71.037	0.000	0.7653	0.6541	1
1634	1823	0.000	0.000	0.7348	0.8015	1
1634	1829	-115.027	0.000	0.8691	0.6677	1
1634	1836	-57.021	0.000	0.7534	0.6399	1
1634	1848	14.016	0.000	0.9688	0.8183	1
1634	1871	0.000	0.000	0.7365	0.7548	1
1634	1898	-87.032	0.000	0.7557	0.5643	1
1634	1915	-128.058	0.000	0.7711	0.5459	1
1634	1950	-87.032	0.000	0.7045	0.5326	1
1634	2005	14.016	0.000	0.7053	0.7688	1
1634	2036	16.031	0.000	0.8914	0.7459	1
1634	2052	-49.979	0.000	0.7639	0.6472	1
1634	2070	-128.059	0.000	0.7700	0.5420	1
1634	2101	113.084	0.000	0.8603	0.5346	1
1634	2137	42.047	0.000	0.9651	0.8211	1
1634	2146	12.036	0.000	0.9294	0.7153	1
1634	2198	42.047	0.000	0.8140	0.7559	1
1634	2213	-14.974	0.000	0.8056	0.5954	1
1634	2234	-15.959	0.000	0.9295	0.7166	1
1634	2238	12.036	0.000	0.7369	0.6135	1
1634	2251	16.031	0.000	0.8941	0.7088	1
1634	2269	56.063	0.000	0.9452	0.8074	1
1634	2280	-1.943	0.000	0.9234	0.7611	1
1634	2297	113.084	0.000	0.8543	0.5346	1
1634	2298	44.063	0.000	0.7920	0.5659	1
1634	2299	-14.974	0.000	0.7975	0.5724	1
1634	2302	26.052	0.000	0.9448	0.8460	1
1634	2304	16.031	0.000	0.8978	0.7088	1
1634	2312	-0.959	0.000	0.8797	0.6364	1
1634	2314	16.031	0.000	0.8713	0.6264	1
1634	2345	26.052	0.000	0.9338	0.8217	1
1634	2410	16.031	0.000	0.8828	0.6519	1
1634	2416	113.084	0.000	0.8225	0.5346	1
1634	2427	9.990	0.000	0.7363	0.4528	1
1634	2431	-249.087	0.000	0.7120	0.3543	1
1634	2439	9.989	0.000	0.7495	0.4622	1
1634	2444	113.084	0.000	0.8255	0.5346	1
1634	2447	9.534	0.000	0.7296	0.3915	1
1634	2464	-15.011	0.000	0.7920	0.5554	1
1634	2474	-15.011	0.000	0.7830	0.5773	1
1635	1637	-18.010	0.000	0.9304	0.9077	1
1635	1853	-111.032	0.000	0.8317	0.5567	1
1635	1854	-129.042	0.000	0.7657	0.4772	1
1635	2096	-27.030	0.000	0.8360	0.6244	1
1635	2101	-26.027	0.000	0.9306	0.6256	1
1635	2324	-88.100	0.000	0.8676	0.4774	1
1637	1795	-111.068	0.000	0.9123	0.7044	1
1637	1853	-93.021	0.000	0.8072	0.5581	1
1637	1854	-111.032	0.000	0.7820	0.5158	1
1637	1944	-112.136	0.000	0.7731	0.4323	1
1637	2062	-81.094	0.000	0.9004	0.6112	1
1637	2063	-98.121	0.000	0.7943	0.4574	1
1637	2074	-104.074	0.000	0.7165	0.4374	1
1637	2179	17.963	0.000	0.9334	0.9444	1
1637	2196	-129.079	0.000	0.7489	0.5254	1
1637	2203	-155.142	0.000	0.7403	0.3671	1
1637	2323	-53.063	0.000	0.9261	0.7186	1
1637	2324	-70.089	0.000	0.8120	0.4771	1
1637	2333	-100.100	0.000	0.7068	0.3841	1
1637	2362	-128.095	0.000	0.7766	0.3977	1
1637	2401	-86.084	0.000	0.7904	0.4964	1
1637	2405	-56.074	0.000	0.8521	0.5765	1
1639	1644	51.995	0.000	0.7042	0.5986	1
1639	1693	66.010	0.000	0.8229	0.6764	1
1639	1715	35.059	0.000	0.7783	0.7227	1
1639	1788	-65.084	0.000	0.7078	0.4701	1
1639	1792	65.974	0.000	0.8108	0.6734	1
1639	1833	92.026	0.000	0.7131	0.5419	1
1639	1893	62.016	0.000	0.8105	0.5934	1
1639	1928	4.994	0.000	0.7250	0.5161	1
1639	1935	65.974	0.000	0.7801	0.6557	1
1639	1939	-7.079	0.000	0.7352	0.5579	1
1639	1986	-37.089	0.000	0.7644	0.5189	1
1639	2000	49.943	0.000	0.8111	0.6695	1
1639	2007	76.031	0.000	0.8485	0.7173	1
1639	2026	-37.089	0.000	0.7736	0.5290	1
1639	2048	48.036	0.000	0.7158	0.5844	1
1639	2075	6.937	0.000	0.8264	0.7029	1
1639	2105	-50.085	0.000	0.7224	0.5357	1
1639	2114	63.958	0.000	0.8014	0.6384	1
1639	2130	-28.043	0.000	0.7321	0.4389	1
1639	2136	-23.074	0.000	0.7811	0.5412	1
1639	2141	65.974	0.000	0.8002	0.6834	1
1639	2259	20.952	0.000	0.7163	0.5556	1
1639	2292	34.968	0.000	0.7084	0.5783	1
1639	2299	26.004	0.000	0.7856	0.6625	1
1639	2309	-37.053	0.000	0.7029	0.5301	1
1639	2464	25.968	0.000	0.7192	0.5998	1
1640	1671	271.079	0.000	0.9173	0.6935	1
1640	1759	-29.028	0.000	0.7582	0.5247	1
1640	1852	213.074	0.000	0.7286	0.5191	1
1640	1957	84.031	0.000	0.7380	0.4037	1
1641	1702	0.002	0.000	0.7307	0.6518	1
1642	1648	-71.037	0.000	0.7540	0.5526	1
1642	1681	0.000	0.000	0.9854	0.8523	1
1642	1693	-14.016	0.000	0.7832	0.6042	1
1642	1699	-71.037	0.000	0.7259	0.3623	1
1642	1713	-102.032	0.000	0.8374	0.4780	1
1642	1717	12.995	0.000	0.8762	0.5277	1
1642	1728	-101.048	0.000	0.7547	0.4187	1
1642	1792	-14.052	0.000	0.8359	0.7246	1
1642	1935	-14.052	0.000	0.8087	0.7027	1
1642	2092	-42.058	0.000	0.7127	0.5095	1
1642	2141	-14.052	0.000	0.8062	0.7397	1
1642	2209	-14.052	0.000	0.8597	0.7337	1
1642	2312	-40.006	0.000	0.8721	0.5560	1
1644	1676	39.047	0.000	0.7875	0.5641	1
1644	1682	-225.112	0.000	0.7317	0.4713	1
1644	1688	-459.234	0.000	0.7270	0.4299	1
1644	1693	14.016	0.000	0.7509	0.6757	1
1644	1710	-101.121	0.000	0.7570	0.4713	1
1644	1715	-16.936	0.000	0.7494	0.5684	1
1644	1732	-129.042	0.000	0.8838	0.7420	1
1644	1743	68.026	0.000	0.8001	0.6015	1
1644	1744	-57.021	0.000	0.8536	0.6783	1
1644	1748	-101.048	0.000	0.7792	0.5443	1
1644	1773	27.048	0.000	0.7159	0.7153	1
1644	1792	13.980	0.000	0.8555	0.6718	1
1644	1841	-115.027	0.000	0.8253	0.6127	1
1644	1852	-18.958	0.000	0.8047	0.7375	1
1644	1853	17.063	0.000	0.7089	0.6864	1
1644	1854	-0.947	0.000	0.8206	0.7136	1
1644	1864	-87.105	0.000	0.7527	0.5105	1
1644	1893	10.021	0.000	0.7596	0.7051	1
1644	1895	-73.089	0.000	0.7370	0.5137	1
1644	1923	-4.942	0.000	0.7209	0.5456	1
1644	1930	-73.089	0.000	0.7783	0.5485	1
1644	1935	13.980	0.000	0.8573	0.6718	1
1644	1939	-59.073	0.000	0.7444	0.5918	1
1644	1944	-2.052	0.000	0.8522	0.8348	1
1644	1945	-36.036	0.000	0.8311	0.6784	1
1644	1951	0.037	0.000	0.7195	0.6770	1
1644	1952	-17.974	0.000	0.7884	0.7802	1
1644	1966	-59.073	0.000	0.8135	0.6031	1
1644	1968	-103.099	0.000	0.7956	0.5471	1
1644	1972	-131.094	0.000	0.7892	0.5860	1
1644	1986	-89.084	0.000	0.7292	0.5223	1
1644	1991	14.052	0.000	0.7014	0.6816	1
1644	2000	-2.052	0.000	0.8514	0.6706	1
1644	2007	24.037	0.000	0.8066	0.7616	1
1644	2014	-117.079	0.000	0.7336	0.4729	1
1644	2015	-103.099	0.000	0.7724	0.4837	1
1644	2017	-131.094	0.000	0.7718	0.5060	1
1644	2026	-89.084	0.000	0.7120	0.5230	1
1644	2029	-165.079	0.000	0.7559	0.4644	1
1644	2043	-59.073	0.000	0.7768	0.5715	1
1644	2048	-3.958	0.000	0.7160	0.5579	1
1644	2055	-20.008	0.000	0.8156	0.7371	1
1644	2056	-116.095	0.000	0.7078	0.4273	1
1644	2059	-116.545	0.000	0.7187	0.4609	1
1644	2061	-131.095	0.000	0.7091	0.5267	1
1644	2063	11.964	0.000	0.8248	0.7675	1
1644	2074	6.011	0.000	0.7437	0.6643	1
1644	2075	-45.058	0.000	0.7932	0.7458	1
1644	2081	-89.084	0.000	0.8297	0.5874	1
1644	2082	-117.079	0.000	0.7028	0.4484	1
1644	2097	-116.095	0.000	0.7365	0.4935	1
1644	2104	-75.047	0.000	0.7994	0.5996	1
1644	2113	-59.073	0.000	0.7383	0.4807	1
1644	2114	11.964	0.000	0.8553	0.6708	1
1644	2115	-45.058	0.000	0.7288	0.4977	1
1644	2116	-89.084	0.000	0.7609	0.4913	1
1644	2117	-117.079	0.000	0.7782	0.5097	1
1644	2136	-75.068	0.000	0.7406	0.5370	1
1644	2141	13.979	0.000	0.8682	0.6986	1
1644	2159	-3.995	0.000	0.8344	0.7516	1
1644	2161	-75.068	0.000	0.7530	0.4787	1
1644	2170	-117.079	0.000	0.7924	0.5313	1
1644	2203	-45.058	0.000	0.7908	0.6517	1
1644	2209	13.979	0.000	0.8387	0.7016	1
1644	2225	-117.079	0.000	0.7319	0.4893	1
1644	2235	-52.031	0.000	0.8358	0.7713	1
1644	2237	-102.079	0.000	0.7535	0.5096	1
1644	2239	-116.095	0.000	0.7400	0.4963	1
1644	2259	-31.042	0.000	0.7905	0.6330	1
1644	2265	-102.079	0.000	0.7574	0.4910	1
1644	2273	-43.042	0.000	0.7220	0.5207	1
1644	2278	-119.022	0.000	0.7328	0.5150	1
1644	2286	-31.042	0.000	0.8159	0.6171	1
1644	2292	-17.026	0.000	0.7018	0.4850	1
1644	2293	-147.053	0.000	0.8575	0.7022	1
1644	2295	-61.052	0.000	0.8432	0.5900	1
1644	2299	-25.990	0.000	0.7271	0.6678	1
1644	2301	-9.020	0.000	0.7182	0.7360	1
1644	2309	-89.048	0.000	0.8262	0.6612	1
1644	2310	-18.021	0.000	0.9427	0.8233	1
1644	2317	-91.063	0.000	0.7620	0.5619	1
1644	2320	-3.995	0.000	0.9110	0.8460	1
1644	2324	39.995	0.000	0.8110	0.7795	1
1644	2327	-47.037	0.000	0.7966	0.5724	1
1644	2333	9.985	0.000	0.9102	0.8556	1
1644	2339	-36.003	0.000	0.7394	0.6153	1
1644	2344	-89.047	0.000	0.8106	0.6185	1
1644	2347	-18.011	0.000	0.9427	0.8233	1
1644	2350	54.011	0.000	0.8641	0.6762	1
1644	2353	-119.058	0.000	0.8153	0.5774	1
1644	2356	-3.011	0.000	0.8480	0.7879	1
1644	2359	-146.069	0.000	0.7322	0.5409	1
1644	2362	-18.011	0.000	0.8624	0.8020	1
1644	2363	24.000	0.000	0.9051	0.8106	1
1644	2365	-47.037	0.000	0.8056	0.5796	1
1644	2373	-76.035	0.000	0.7064	0.5459	1
1644	2381	-105.042	0.000	0.7182	0.4709	1
1644	2385	-77.047	0.000	0.7692	0.4725	1
1644	2387	24.000	0.000	0.9259	0.8194	1
1644	2393	-91.027	0.000	0.7833	0.5882	1
1644	2394	-33.021	0.000	0.7397	0.4818	1
1644	2397	-17.026	0.000	0.8589	0.7506	1
1644	2401	24.000	0.000	0.8641	0.8294	1
1644	2403	-3.011	0.000	0.8207	0.7870	1
1644	2405	54.011	0.000	0.7629	0.7330	1
1644	2409	-146.069	0.000	0.7429	0.5113	1
1644	2414	-104.058	0.000	0.7366	0.5134	1
1644	2417	-132.053	0.000	0.7705	0.5136	1
1644	2437	-259.190	0.000	0.7119	0.4025	1
1644	2459	-116.131	0.000	0.7756	0.5597	1
1644	2464	-26.027	0.000	0.8212	0.7188	1
1644	2474	-26.027	0.000	0.8263	0.7266	1
1645	1646	-1.006	0.000	0.8057	0.8330	1
1645	1653	0.031	0.000	0.9806	0.8403	1
1645	1663	-257.071	0.000	0.7269	0.4964	1
1645	1851	42.079	0.000	0.7778	0.6398	1
1646	1653	1.037	0.000	0.7570	0.5366	1
1646	1656	-257.102	0.000	0.7265	0.5693	1
1646	1741	0.076	0.000	0.8103	0.6619	1
1647	1713	214.096	0.000	0.7193	0.5510	1
1647	1775	-129.042	0.000	0.8328	0.5815	1
1647	1858	-129.042	0.000	0.8964	0.6964	1
1648	1681	71.037	0.000	0.7561	0.6992	1
1648	1693	57.021	0.000	0.7087	0.5614	1
1648	1792	56.985	0.000	0.7552	0.5440	1
1648	1935	56.985	0.000	0.7855	0.6380	1
1648	2092	28.979	0.000	0.7433	0.6249	1
1648	2141	56.985	0.000	0.7540	0.5447	1
1648	2145	-14.052	0.000	0.7255	0.6904	1
1648	2236	28.979	0.000	0.7138	0.5580	1
1648	2313	-199.132	0.000	0.7174	0.3898	1
1650	1859	-129.042	0.000	0.8415	0.7345	1
1651	1665	81.131	0.000	0.7011	0.5957	1
1651	1672	40.031	0.000	0.7068	0.6465	1
1651	1677	65.084	0.000	0.7279	0.5390	1
1651	1767	42.047	0.000	0.7185	0.5188	1
1651	1770	99.069	0.000	0.8163	0.6738	1
1651	1789	115.100	0.000	0.7068	0.4508	1
1651	1798	2.016	0.000	0.7298	0.6428	1
1651	1799	10.075	0.000	0.7707	0.6185	1
1651	1838	99.069	0.000	0.8381	0.6779	1
1651	1847	28.032	0.000	0.7989	0.6978	1
1651	1874	28.032	0.000	0.8055	0.7481	1
1651	1901	113.085	0.000	0.7961	0.6908	1
1651	1905	-29.974	0.000	0.7602	0.5869	1
1651	1934	141.116	0.000	0.7104	0.5001	1
1651	1949	56.063	0.000	0.7836	0.6729	1
1651	1977	12.036	0.000	0.7555	0.6169	1
1651	1984	42.048	0.000	0.7055	0.6782	1
1651	2028	115.100	0.000	0.7009	0.4830	1
1651	2140	111.105	0.000	0.7101	0.5584	1
1651	2145	141.116	0.000	0.7019	0.4535	1
1651	2147	-14.974	0.000	0.7199	0.6015	1
1651	2148	10.075	0.000	0.7434	0.5912	1
1651	2152	54.084	0.000	0.7166	0.5276	1
1651	2245	10.075	0.000	0.7174	0.5009	1
1651	2248	54.084	0.000	0.7245	0.6344	1
1651	2300	10.075	0.000	0.7049	0.4855	1
1651	2331	10.075	0.000	0.7204	0.5088	1
1652	2232	-0.000	0.000	0.8870	0.6594	1
1653	1655	-257.136	0.000	0.7037	0.4493	1
1653	1851	42.047	0.000	0.7774	0.6452	1
1655	1656	-1.004	0.000	0.7994	0.6708	1
1655	1657	-108.070	0.000	0.9538	0.7072	1
1655	1663	0.033	0.000	0.9686	0.7485	1
1656	1657	-107.066	0.000	0.7982	0.6767	1
1656	1663	1.037	0.000	0.8260	0.7984	1
1657	1663	108.103	0.000	0.9586	0.7202	1
1658	1896	234.101	0.000	0.7240	0.5180	1
1660	1732	216.039	0.000	0.7209	0.5673	1
1660	1755	228.039	0.000	0.7058	0.5560	1
1660	1796	141.007	0.000	0.7604	0.6610	1
1660	1952	327.108	0.000	0.7128	0.4562	1
1660	2061	213.987	0.000	0.7108	0.6167	1
1660	2086	200.033	0.000	0.7034	0.5561	1
1660	2094	111.033	0.000	0.8089	0.6759	1
1660	2183	-17.026	0.000	0.7312	0.6980	1
1660	2293	198.028	0.000	0.7690	0.6195	1
1660	2309	256.034	0.000	0.7536	0.5685	1
1660	2359	199.012	0.000	0.7169	0.6598	1
1660	2381	240.039	0.000	0.7091	0.5296	1
1662	2342	-14.052	0.000	0.7642	0.6778	1
1664	1882	-15.995	0.000	0.9454	0.8658	1
1664	1940	-15.995	0.000	0.9272	0.8109	1
1664	1957	13.032	0.000	0.7184	0.7112	1
1664	1970	-88.016	0.000	0.8256	0.6043	1
1664	2024	-101.011	0.000	0.7871	0.5635	1
1664	2080	-101.996	0.000	0.8826	0.7213	1
1664	2259	129.990	0.000	0.7204	0.5080	1
1665	1678	27.995	0.000	0.7075	0.6333	1
1665	1693	131.059	0.000	0.7096	0.5560	1
1665	1755	0.000	0.000	0.7147	0.6389	1
1665	1770	17.938	0.000	0.7047	0.5439	1
1665	1785	15.923	0.000	0.7174	0.5709	1
1665	1919	86.985	0.000	0.7079	0.6380	1
1665	2009	43.954	0.000	0.7251	0.6593	1
1665	2061	-14.052	0.000	0.7404	0.6243	1
1665	2069	-28.042	0.000	0.7494	0.6877	1
1665	2073	-14.028	0.000	0.7114	0.5894	1
1665	2082	-0.036	0.000	0.7198	0.7052	1
1665	2278	-1.979	0.000	0.7148	0.6928	1
1666	1668	1.004	0.000	0.8081	0.7323	1
1668	1946	-57.073	0.000	0.7022	0.6678	1
1668	2122	-8.017	0.000	0.7717	0.6622	1
1670	1735	-101.048	0.000	0.8887	0.7405	1
1671	1749	-17.993	0.000	0.7452	0.6669	1
1671	1751	14.016	0.000	0.8758	0.7307	1
1671	1790	61.964	0.000	0.7341	0.4099	1
1671	1826	14.016	0.000	0.8924	0.8545	1
1671	1833	0.984	0.000	0.8901	0.7743	1
1671	1854	-39.995	0.000	0.7430	0.7307	1
1671	1877	15.000	0.000	0.7711	0.5656	1
1671	1913	-15.995	0.000	0.7438	0.5503	1
1671	1957	-187.048	0.000	0.7032	0.4225	1
1671	2198	-8.016	0.000	0.8252	0.7318	1
1672	1710	57.021	0.000	0.7013	0.6997	1
1672	1755	41.099	0.000	0.7731	0.6814	1
1672	1767	2.016	0.000	0.7446	0.6473	1
1672	1785	57.022	0.000	0.8449	0.7562	1
1672	1797	-38.015	0.000	0.7166	0.6764	1
1672	1895	85.053	0.000	0.7711	0.6982	1
1672	1901	73.053	0.000	0.7149	0.7432	1
1672	1904	170.106	0.000	0.7567	0.6298	1
1672	1910	70.600	0.000	0.8461	0.6858	1
1672	1914	71.038	0.000	0.9124	0.7999	1
1672	1920	71.063	0.000	0.8311	0.7587	1
1672	1930	85.053	0.000	0.7138	0.5639	1
1672	1939	99.069	0.000	0.7731	0.6540	1
1672	1949	16.032	0.000	0.7853	0.8045	1
1672	1966	99.069	0.000	0.7474	0.6648	1
1672	1968	55.043	0.000	0.7168	0.6768	1
1672	2000	156.090	0.000	0.7473	0.5713	1
1672	2009	85.053	0.000	0.7538	0.6012	1
1672	2014	41.063	0.000	0.7482	0.7243	1
1672	2037	55.042	0.000	0.7339	0.6355	1
1672	2043	99.069	0.000	0.8300	0.7136	1
1672	2056	42.047	0.000	0.7000	0.6467	1
1672	2059	41.597	0.000	0.7057	0.6565	1
1672	2065	12.037	0.000	0.8380	0.6426	1
1672	2071	28.056	0.000	0.7172	0.5811	1
1672	2073	27.071	0.000	0.7295	0.6135	1
1672	2075	113.084	0.000	0.7767	0.5299	1
1672	2081	69.058	0.000	0.7038	0.6704	1
1672	2082	41.063	0.000	0.7397	0.6219	1
1672	2093	41.052	0.000	0.7068	0.5921	1
1672	2097	42.047	0.000	0.7031	0.7071	1
1672	2105	56.063	0.000	0.7227	0.6864	1
1672	2113	99.069	0.000	0.8229	0.7944	1
1672	2114	170.106	0.000	0.7653	0.4383	1
1672	2116	69.058	0.000	0.7142	0.6399	1
1672	2140	71.073	0.000	0.7084	0.6542	1
1672	2142	42.047	0.000	0.7088	0.6454	1
1672	2239	42.047	0.000	0.7424	0.7051	1
1672	2349	54.084	0.000	0.7123	0.6232	1
1672	2459	42.011	0.000	0.7958	0.7786	1
1673	1793	-87.032	0.000	0.7738	0.7405	1
1673	1948	-243.085	0.000	0.7221	0.6507	1
1673	2027	-243.085	0.000	0.8130	0.7126	1
1673	2072	113.084	0.000	0.7194	0.6249	1
1673	2143	113.084	0.000	0.7828	0.7226	1
1673	2160	113.084	0.000	0.7472	0.6771	1
1674	1746	14.016	0.000	0.9421	0.8392	1
1674	1750	-27.011	0.000	0.8343	0.6718	1
1674	1824	101.129	0.000	0.7126	0.6329	1
1674	1834	14.016	0.000	0.8192	0.7374	1
1674	2036	214.132	0.000	0.7173	0.3845	1
1674	2251	214.132	0.000	0.7211	0.4130	1
1674	2280	196.158	0.000	0.7033	0.3806	1
1674	2304	214.132	0.000	0.7109	0.3736	1
1674	2312	197.142	0.000	0.7144	0.4517	1
1674	2314	214.132	0.000	0.7097	0.4307	1
1674	2410	214.132	0.000	0.7136	0.4061	1
1675	2449	-17.956	0.000	0.8080	0.6537	1
1676	1832	18.011	0.000	0.7157	0.6461	1
1676	1853	-21.984	0.000	0.7249	0.7739	1
1676	1854	-39.995	0.000	0.7431	0.5781	1
1676	1951	-39.011	0.000	0.7699	0.7002	1
1676	2074	-33.037	0.000	0.7495	0.6581	1
1677	1691	46.057	0.000	0.7203	0.6114	1
1677	1767	-23.037	0.000	0.7339	0.6252	1
1677	1770	33.984	0.000	0.8291	0.7513	1
1677	1789	50.016	0.000	0.8713	0.7984	1
1677	1792	147.069	0.000	0.7548	0.4797	1
1677	1798	-63.068	0.000	0.7183	0.6327	1
1677	1799	-55.009	0.000	0.8120	0.6537	1
1677	1838	33.985	0.000	0.8046	0.7507	1
1677	1900	-221.138	0.000	0.7619	0.6117	1
1677	1901	48.000	0.000	0.7014	0.6645	1
1677	1905	-95.058	0.000	0.8144	0.6865	1
1677	1922	69.047	0.000	0.7144	0.6213	1
1677	1929	-58.005	0.000	0.7503	0.6410	1
1677	1932	-55.009	0.000	0.8351	0.6816	1
1677	1934	76.032	0.000	0.8494	0.7205	1
1677	1935	147.069	0.000	0.7485	0.4797	1
1677	1947	-128.059	0.000	0.8364	0.7179	1
1677	2028	50.016	0.000	0.8417	0.7538	1
1677	2112	-71.004	0.000	0.7716	0.5944	1
1677	2139	75.028	0.000	0.7353	0.7074	1
1677	2140	46.021	0.000	0.8246	0.7037	1
1677	2141	147.069	0.000	0.7634	0.5027	1
1677	2145	76.031	0.000	0.8746	0.7205	1
1677	2147	-80.059	0.000	0.7940	0.6305	1
1677	2148	-55.010	0.000	0.8497	0.7032	1
1677	2150	-440.259	0.000	0.7648	0.6046	1
1677	2152	-11.000	0.000	0.8170	0.6992	1
1677	2190	-71.005	0.000	0.7766	0.5995	1
1677	2194	90.047	0.000	0.7768	0.6741	1
1677	2210	-500.246	0.000	0.7849	0.6491	1
1677	2230	33.026	0.000	0.7321	0.6003	1
1677	2245	-55.010	0.000	0.8381	0.6915	1
1677	2248	-11.001	0.000	0.7038	0.6066	1
1677	2249	60.036	0.000	0.8392	0.7458	1
1677	2283	-38.012	0.000	0.7265	0.5847	1
1677	2288	-68.022	0.000	0.7699	0.5288	1
1677	2293	-13.964	0.000	0.7636	0.6461	1
1677	2300	-55.009	0.000	0.8454	0.7188	1
1677	2328	-95.034	0.000	0.7109	0.5158	1
1677	2331	-55.009	0.000	0.8351	0.6796	1
1677	2376	-71.004	0.000	0.7660	0.5947	1
1677	2413	-71.004	0.000	0.7732	0.6010	1
1677	2428	-71.004	0.000	0.7298	0.5159	1
1677	2430	-71.004	0.000	0.7577	0.5562	1
1677	2446	-71.004	0.000	0.7596	0.5808	1
1678	1785	-12.073	0.000	0.7825	0.6911	1
1678	2000	86.996	0.000	0.7424	0.4919	1
1678	2009	15.959	0.000	0.8184	0.7352	1
1678	2037	-14.052	0.000	0.7803	0.6865	1
1678	2061	-42.047	0.000	0.7955	0.7050	1
1678	2082	-28.031	0.000	0.7808	0.7297	1
1678	2091	-117.006	0.000	0.8031	0.6419	1
1678	2093	-28.043	0.000	0.7546	0.7281	1
1678	2142	-27.048	0.000	0.7011	0.7524	1
1678	2249	15.995	0.000	0.7552	0.7279	1
1680	1718	-11.016	0.000	0.8329	0.5997	1
1680	1738	-156.053	0.000	0.7874	0.4898	1
1680	1814	-85.016	0.000	0.7798	0.4923	1
1680	1831	-156.053	0.000	0.7851	0.4743	1
1680	2068	-641.304	0.000	0.7197	0.3707	1
1681	1693	-14.016	0.000	0.7837	0.6110	1
1681	1699	-71.037	0.000	0.7486	0.4517	1
1681	1713	-102.032	0.000	0.8423	0.4999	1
1681	1717	12.995	0.000	0.8781	0.5582	1
1681	1728	-101.048	0.000	0.7850	0.5263	1
1681	1792	-14.052	0.000	0.8473	0.8140	1
1681	1873	0.984	0.000	0.7048	0.6516	1
1681	1916	-93.031	0.000	0.7163	0.4363	1
1681	1935	-14.052	0.000	0.8212	0.8230	1
1681	2092	-42.058	0.000	0.7237	0.5509	1
1681	2141	-14.052	0.000	0.8198	0.8461	1
1681	2209	-14.052	0.000	0.8744	0.8288	1
1681	2236	-42.058	0.000	0.7354	0.4945	1
1681	2312	-40.006	0.000	0.8718	0.5020	1
1682	1700	-186.101	0.000	0.8064	0.5619	1
1682	1710	123.991	0.000	0.7268	0.4974	1
1682	1748	124.064	0.000	0.8109	0.6368	1
1682	1841	110.085	0.000	0.7009	0.5734	1
1682	1864	138.007	0.000	0.7596	0.5714	1
1682	1901	140.023	0.000	0.7533	0.6277	1
1682	1969	108.051	0.000	0.8196	0.6394	1
1682	1972	94.018	0.000	0.7344	0.5087	1
1682	1987	108.023	0.000	0.7966	0.6394	1
1682	2014	108.033	0.000	0.7355	0.6125	1
1682	2015	122.012	0.000	0.7547	0.5041	1
1682	2017	94.018	0.000	0.7107	0.4856	1
1682	2029	60.033	0.000	0.7739	0.5067	1
1682	2059	108.567	0.000	0.7125	0.5410	1
1682	2097	109.017	0.000	0.7586	0.5732	1
1682	2115	180.054	0.000	0.7030	0.4340	1
1682	2117	108.033	0.000	0.8075	0.5992	1
1682	2161	150.044	0.000	0.7157	0.4746	1
1682	2170	108.033	0.000	0.7621	0.5712	1
1682	2203	180.054	0.000	0.7086	0.5408	1
1682	2212	150.044	0.000	0.7148	0.4441	1
1682	2225	108.033	0.000	0.7745	0.5213	1
1682	2237	123.032	0.000	0.7462	0.4827	1
1682	2239	109.017	0.000	0.7078	0.5897	1
1682	2273	182.070	0.000	0.7005	0.6257	1
1682	2310	207.091	0.000	0.7446	0.5682	1
1682	2344	136.064	0.000	0.7555	0.5206	1
1682	2347	207.101	0.000	0.7446	0.5682	1
1682	2353	106.054	0.000	0.7406	0.5752	1
1682	2362	207.101	0.000	0.7202	0.5502	1
1682	2365	178.075	0.000	0.7526	0.4922	1
1682	2397	208.086	0.000	0.7081	0.5053	1
1682	2403	222.101	0.000	0.7064	0.5072	1
1682	2417	93.058	0.000	0.8025	0.6436	1
1682	2459	108.981	0.000	0.7663	0.6045	1
1684	1717	3.995	0.000	0.7797	0.6469	1
1684	1758	44.026	0.000	0.8956	0.7625	1
1684	1769	-27.995	0.000	0.7651	0.7161	1
1684	1773	-9.984	0.000	0.8644	0.8713	1
1684	1800	-45.988	0.000	0.7143	0.6800	1
1684	1822	-13.979	0.000	0.9157	0.8090	1
1684	1845	14.016	0.000	0.9011	0.8718	1
1684	1880	14.016	0.000	0.9271	0.8808	1
1684	1893	-27.011	0.000	0.7582	0.6456	1
1684	2146	-36.011	0.000	0.8884	0.7032	1
1684	2238	-36.011	0.000	0.8351	0.6454	1
1685	1691	83.037	0.000	0.7118	0.5781	1
1685	1697	-2.016	0.000	0.8442	0.7114	1
1685	1699	127.064	0.000	0.7483	0.5327	1
1685	1789	86.996	0.000	0.8368	0.6327	1
1685	1840	97.053	0.000	0.8533	0.6510	1
1685	2028	86.996	0.000	0.8189	0.6580	1
1685	2257	-130.111	0.000	0.8271	0.7076	1
1685	2284	-130.111	0.000	0.8311	0.6956	1
1686	1881	-87.033	0.000	0.8234	0.7267	1
1686	1941	-114.043	0.000	0.8006	0.6898	1
1688	1710	358.113	0.000	0.7166	0.5799	1
1688	1732	330.191	0.000	0.7657	0.5856	1
1688	1743	527.260	0.000	0.7537	0.3716	1
1688	1744	402.212	0.000	0.7407	0.4281	1
1688	1785	358.114	0.000	0.7109	0.5184	1
1688	1841	344.207	0.000	0.7432	0.5194	1
1688	1895	386.145	0.000	0.7534	0.5345	1
1688	1930	386.145	0.000	0.7597	0.5351	1
1688	1939	400.161	0.000	0.7192	0.4663	1
1688	1944	457.182	0.000	0.7226	0.4164	1
1688	1966	400.161	0.000	0.7482	0.4900	1
1688	1968	356.134	0.000	0.7033	0.5225	1
1688	2000	457.182	0.000	0.7634	0.4793	1
1688	2009	386.145	0.000	0.7246	0.5487	1
1688	2015	356.134	0.000	0.7302	0.6095	1
1688	2037	356.134	0.000	0.7695	0.6284	1
1688	2043	400.160	0.000	0.7038	0.5151	1
1688	2055	439.226	0.000	0.7049	0.4480	1
1688	2075	414.176	0.000	0.7164	0.4241	1
1688	2082	342.155	0.000	0.7039	0.5058	1
1688	2116	370.150	0.000	0.7425	0.5578	1
1688	2159	455.239	0.000	0.7650	0.4826	1
1688	2278	340.212	0.000	0.7445	0.5898	1
1688	2292	442.207	0.000	0.7106	0.4326	1
1688	2293	312.181	0.000	0.7152	0.5477	1
1688	2295	398.181	0.000	0.7740	0.5851	1
1688	2310	441.213	0.000	0.7386	0.4835	1
1688	2317	368.171	0.000	0.7857	0.6242	1
1688	2320	455.239	0.000	0.7508	0.4709	1
1688	2324	499.229	0.000	0.7017	0.4336	1
1688	2327	412.197	0.000	0.7428	0.5523	1
1688	2333	469.218	0.000	0.7905	0.5082	1
1688	2347	441.223	0.000	0.7386	0.4835	1
1688	2349	355.175	0.000	0.7414	0.5281	1
1688	2350	513.245	0.000	0.7729	0.4247	1
1688	2353	340.176	0.000	0.7574	0.5592	1
1688	2360	382.186	0.000	0.7191	0.5518	1
1688	2362	441.223	0.000	0.7179	0.4835	1
1688	2363	483.234	0.000	0.7528	0.4580	1
1688	2365	412.197	0.000	0.7311	0.5553	1
1688	2385	382.186	0.000	0.7363	0.5491	1
1688	2387	483.234	0.000	0.7408	0.4004	1
1688	2392	341.160	0.000	0.7111	0.5940	1
1688	2397	442.207	0.000	0.7251	0.4195	1
1688	2459	343.103	0.000	0.7274	0.4811	1
1689	1733	42.011	0.000	0.7812	0.6963	1
1689	1894	-58.006	0.000	0.9637	0.8843	1
1689	1970	-187.048	0.000	0.7810	0.6766	1
1689	1978	-15.995	0.000	0.9433	0.8252	1
1689	2072	-173.033	0.000	0.7861	0.6224	1
1689	2143	-173.033	0.000	0.7162	0.5760	1
1690	1992	58.005	0.000	0.7618	0.5160	1
1690	1998	57.981	0.000	0.7847	0.5853	1
1690	2174	71.445	0.000	0.7242	0.5988	1
1690	2177	71.018	0.000	0.7138	0.5323	1
1690	2181	72.021	0.000	0.8336	0.6203	1
1691	1699	44.027	0.000	0.8907	0.7558	1
1691	1728	14.016	0.000	0.8717	0.7664	1
1691	1789	3.959	0.000	0.7183	0.6791	1
1691	1792	101.012	0.000	0.7302	0.5008	1
1691	1840	14.016	0.000	0.9159	0.8168	1
1691	2141	101.012	0.000	0.7068	0.4673	1
1691	2216	-227.163	0.000	0.7576	0.6200	1
1692	1803	14.016	0.000	0.8768	0.7301	1
1692	2123	-72.021	0.000	0.7073	0.4952	1
1693	1699	-57.021	0.000	0.7389	0.5324	1
1693	1713	-88.016	0.000	0.7280	0.5779	1
1693	1715	-30.952	0.000	0.7561	0.6181	1
1693	1728	-87.032	0.000	0.7529	0.5533	1
1693	1789	-97.089	0.000	0.7905	0.5906	1
1693	1792	-0.036	0.000	0.8749	0.6806	1
1693	1840	-87.032	0.000	0.7173	0.5464	1
1693	1893	-3.995	0.000	0.7596	0.5956	1
1693	1895	-87.104	0.000	0.7126	0.6146	1
1693	1904	-2.052	0.000	0.7221	0.6535	1
1693	1934	-71.073	0.000	0.7318	0.5991	1
1693	1935	-0.036	0.000	0.8539	0.6384	1
1693	1939	-73.089	0.000	0.7546	0.6099	1
1693	1951	-13.979	0.000	0.7583	0.6935	1
1693	1966	-73.089	0.000	0.7344	0.5903	1
1693	1986	-103.099	0.000	0.7548	0.5758	1
1693	2000	-16.068	0.000	0.8379	0.7166	1
1693	2007	10.021	0.000	0.7790	0.6159	1
1693	2026	-103.100	0.000	0.7672	0.5879	1
1693	2028	-97.089	0.000	0.7405	0.4765	1
1693	2043	-73.089	0.000	0.7680	0.7041	1
1693	2048	-17.974	0.000	0.7626	0.6687	1
1693	2075	-59.073	0.000	0.8375	0.7173	1
1693	2081	-103.100	0.000	0.7591	0.6103	1
1693	2092	-28.042	0.000	0.8191	0.7003	1
1693	2105	-116.095	0.000	0.7271	0.6129	1
1693	2114	-2.052	0.000	0.8130	0.6372	1
1693	2115	-59.074	0.000	0.7307	0.5324	1
1693	2120	-1.040	0.000	0.7543	0.6865	1
1693	2136	-89.084	0.000	0.7881	0.6288	1
1693	2140	-101.084	0.000	0.7001	0.4680	1
1693	2141	-0.036	0.000	0.8530	0.6070	1
1693	2145	-71.074	0.000	0.7372	0.6632	1
1693	2236	-28.043	0.000	0.8009	0.7249	1
1693	2249	-87.069	0.000	0.7495	0.5507	1
1693	2259	-45.058	0.000	0.7726	0.7091	1
1693	2292	-31.042	0.000	0.7513	0.6330	1
1693	2299	-40.006	0.000	0.7832	0.5917	1
1693	2309	-103.063	0.000	0.7123	0.5684	1
1693	2320	-18.011	0.000	0.7320	0.7112	1
1693	2333	-4.031	0.000	0.7035	0.7896	1
1693	2356	-17.027	0.000	0.7092	0.7295	1
1693	2379	-64.029	0.000	0.7018	0.6263	1
1693	2387	9.985	0.000	0.7465	0.7550	1
1693	2464	-40.042	0.000	0.7865	0.6542	1
1693	2474	-40.042	0.000	0.7579	0.6241	1
1695	1776	28.049	0.000	0.8293	0.6240	1
1695	1828	0.001	0.000	0.9167	0.8468	1
1695	1868	156.054	0.000	0.7381	0.6209	1
1697	1840	99.069	0.000	0.7735	0.5901	1
1697	2248	27.996	0.000	0.7292	0.6591	1
1697	2257	-128.095	0.000	0.8745	0.8075	1
1697	2284	-128.095	0.000	0.8593	0.7694	1
1699	1728	-30.011	0.000	0.7209	0.5127	1
1699	1744	-14.016	0.000	0.7213	0.6301	1
1699	1789	-40.068	0.000	0.7490	0.6839	1
1699	1792	56.985	0.000	0.8366	0.6119	1
1699	1840	-30.010	0.000	0.9451	0.8489	1
1699	1847	-127.136	0.000	0.7138	0.6416	1
1699	1874	-127.136	0.000	0.7027	0.6477	1
1699	1935	56.985	0.000	0.8309	0.6095	1
1699	2028	-40.068	0.000	0.7496	0.6442	1
1699	2092	28.979	0.000	0.7044	0.6028	1
1699	2120	55.982	0.000	0.7127	0.5307	1
1699	2140	-44.063	0.000	0.7010	0.6544	1
1699	2141	56.985	0.000	0.8020	0.5248	1
1699	2202	-14.052	0.000	0.7035	0.6330	1
1699	2236	28.979	0.000	0.7070	0.6082	1
1699	2248	-101.084	0.000	0.7101	0.6903	1
1699	2249	-30.047	0.000	0.7317	0.7621	1
1699	2316	54.995	0.000	0.7035	0.5353	1
1699	2364	-40.006	0.000	0.8587	0.6902	1
1700	1748	310.165	0.000	0.7436	0.5324	1
1700	1901	326.123	0.000	0.7162	0.4483	1
1700	2097	295.118	0.000	0.7028	0.4630	1
1700	2207	239.091	0.000	0.7573	0.5745	1
1700	2285	279.123	0.000	0.7392	0.5630	1
1704	2101	26.016	0.000	0.7157	0.7471	1
1705	1799	152.150	0.000	0.7084	0.6382	1
1705	1905	112.101	0.000	0.7580	0.6684	1
1705	1971	42.047	0.000	0.8693	0.7272	1
1705	2002	94.126	0.000	0.7129	0.6995	1
1705	2008	355.235	0.000	0.7113	0.6162	1
1705	2010	113.084	0.000	0.8002	0.7485	1
1705	2050	-14.975	0.000	0.7441	0.6893	1
1705	2328	112.125	0.000	0.7302	0.6880	1
1706	1732	28.006	0.000	0.7270	0.5660	1
1706	1754	27.922	0.000	0.7174	0.6605	1
1706	1860	55.954	0.000	0.7324	0.6375	1
1706	1919	126.991	0.000	0.7306	0.5966	1
1706	1990	11.964	0.000	0.8205	0.7633	1
1706	2019	69.970	0.000	0.7268	0.6195	1
1706	2038	83.985	0.000	0.7473	0.6470	1
1706	2041	-2.052	0.000	0.8050	0.7370	1
1706	2066	69.969	0.000	0.7152	0.6323	1
1706	2069	11.964	0.000	0.7080	0.6363	1
1706	2092	143.022	0.000	0.7322	0.5692	1
1706	2144	86.001	0.000	0.7275	0.5792	1
1706	2219	77.012	0.000	0.7066	0.5514	1
1706	2224	98.001	0.000	0.7886	0.6057	1
1706	2236	143.022	0.000	0.7374	0.5441	1
1706	2262	112.016	0.000	0.7916	0.6046	1
1706	2276	169.038	0.000	0.7195	0.5230	1
1706	2294	82.006	0.000	0.7706	0.6892	1
1706	2315	125.048	0.000	0.7089	0.5815	1
1706	2318	183.054	0.000	0.7385	0.5341	1
1706	2322	54.011	0.000	0.8862	0.7499	1
1706	2329	183.028	0.000	0.7421	0.5204	1
1706	2341	51.995	0.000	0.7938	0.6521	1
1706	2348	126.032	0.000	0.7071	0.5773	1
1706	2351	153.043	0.000	0.7104	0.5322	1
1706	2357	111.032	0.000	0.7433	0.6669	1
1706	2370	153.043	0.000	0.7433	0.5468	1
1706	2388	153.054	0.000	0.7448	0.5304	1
1706	2398	112.016	0.000	0.7272	0.6398	1
1706	2400	153.043	0.000	0.7716	0.5714	1
1707	1906	-3.054	0.000	0.7059	0.5217	1
1707	1915	-2.052	0.000	0.8937	0.7472	1
1707	2070	-2.052	0.000	0.8456	0.7234	1
1707	2264	110.048	0.000	0.7797	0.6820	1
1707	2299	111.032	0.000	0.7474	0.6737	1
1708	1734	27.011	0.000	0.7560	0.6344	1
1708	1781	0.984	0.000	0.7364	0.6298	1
1708	2002	-14.052	0.000	0.7644	0.7378	1
1708	2097	115.975	0.000	0.7127	0.6542	1
1710	1744	44.099	0.000	0.7454	0.5362	1
1710	1748	0.073	0.000	0.8534	0.6894	1
1710	1765	-216.075	0.000	0.7880	0.5960	1
1710	1785	0.001	0.000	0.7561	0.7256	1
1710	1838	2.016	0.000	0.7762	0.7431	1
1710	1841	-13.906	0.000	0.7153	0.5660	1
1710	1864	14.016	0.000	0.9162	0.7381	1
1710	1895	28.032	0.000	0.7400	0.7080	1
1710	1901	16.032	0.000	0.8671	0.7805	1
1710	1914	14.016	0.000	0.7167	0.6683	1
1710	1930	28.032	0.000	0.8321	0.7237	1
1710	1944	99.069	0.000	0.8133	0.6002	1
1710	1945	65.085	0.000	0.8049	0.5594	1
1710	1966	42.048	0.000	0.8038	0.7566	1
1710	1968	-1.979	0.000	0.8001	0.7851	1
1710	1969	-15.940	0.000	0.7047	0.5549	1
1710	1972	-29.973	0.000	0.9124	0.7701	1
1710	1985	16.032	0.000	0.7151	0.6774	1
1710	1987	-15.968	0.000	0.7370	0.6073	1
1710	2000	99.069	0.000	0.7324	0.6191	1
1710	2009	28.032	0.000	0.7308	0.6986	1
1710	2014	-15.958	0.000	0.7989	0.7320	1
1710	2015	-1.979	0.000	0.9609	0.8744	1
1710	2016	42.048	0.000	0.8129	0.6473	1
1710	2017	-29.973	0.000	0.9186	0.7511	1
1710	2029	-63.958	0.000	0.7565	0.4533	1
1710	2030	-59.000	0.000	0.7220	0.5090	1
1710	2037	-1.979	0.000	0.7799	0.7616	1
1710	2043	42.047	0.000	0.7689	0.7357	1
1710	2055	81.113	0.000	0.7887	0.5270	1
1710	2056	-14.974	0.000	0.8261	0.6309	1
1710	2059	-15.424	0.000	0.8406	0.6610	1
1710	2061	-29.974	0.000	0.7509	0.7435	1
1710	2063	113.085	0.000	0.7922	0.5538	1
1710	2065	-44.985	0.000	0.7495	0.6554	1
1710	2071	-28.966	0.000	0.8153	0.6508	1
1710	2073	-29.950	0.000	0.7709	0.7174	1
1710	2075	56.063	0.000	0.7317	0.5022	1
1710	2081	12.037	0.000	0.7931	0.7785	1
1710	2082	-15.958	0.000	0.8052	0.7314	1
1710	2093	-15.970	0.000	0.7827	0.7215	1
1710	2097	-14.974	0.000	0.9132	0.7696	1
1710	2102	-1.943	0.000	0.8331	0.7211	1
1710	2104	26.074	0.000	0.8167	0.6423	1
1710	2113	42.048	0.000	0.8486	0.7275	1
1710	2115	56.063	0.000	0.8330	0.6971	1
1710	2116	12.037	0.000	0.9056	0.8011	1
1710	2117	-15.958	0.000	0.9130	0.8083	1
1710	2142	-14.974	0.000	0.8093	0.6399	1
1710	2159	97.126	0.000	0.7022	0.4919	1
1710	2161	26.053	0.000	0.8408	0.7195	1
1710	2170	-15.958	0.000	0.8876	0.7504	1
1710	2203	56.063	0.000	0.8404	0.6324	1
1710	2209	115.100	0.000	0.7520	0.4848	1
1710	2212	26.053	0.000	0.8812	0.7775	1
1710	2225	-15.958	0.000	0.8538	0.7176	1
1710	2235	49.090	0.000	0.7891	0.5133	1
1710	2237	-0.959	0.000	0.8791	0.7105	1
1710	2239	-14.974	0.000	0.8286	0.6805	1
1710	2265	-0.959	0.000	0.8593	0.6874	1
1710	2273	58.079	0.000	0.7265	0.6190	1
1710	2285	-30.969	0.000	0.7723	0.4947	1
1710	2286	70.079	0.000	0.8220	0.5969	1
1710	2295	40.068	0.000	0.7544	0.5118	1
1710	2306	-71.996	0.000	0.7641	0.5805	1
1710	2310	83.100	0.000	0.7296	0.4977	1
1710	2320	97.126	0.000	0.7214	0.4953	1
1710	2324	141.116	0.000	0.7759	0.5150	1
1710	2333	111.106	0.000	0.7732	0.4690	1
1710	2339	65.118	0.000	0.7236	0.4940	1
1710	2344	12.073	0.000	0.7886	0.5556	1
1710	2347	83.110	0.000	0.7296	0.4977	1
1710	2350	155.132	0.000	0.7644	0.4279	1
1710	2353	-17.937	0.000	0.7775	0.5655	1
1710	2356	98.110	0.000	0.7100	0.5215	1
1710	2362	83.110	0.000	0.8064	0.5704	1
1710	2363	125.121	0.000	0.7422	0.4730	1
1710	2365	54.084	0.000	0.7996	0.5227	1
1710	2387	125.121	0.000	0.7619	0.4682	1
1710	2397	84.095	0.000	0.7974	0.4848	1
1710	2401	125.121	0.000	0.8051	0.5353	1
1710	2403	98.110	0.000	0.8251	0.5973	1
1710	2405	155.132	0.000	0.7432	0.4401	1
1710	2414	-2.938	0.000	0.7511	0.5182	1
1710	2417	-30.933	0.000	0.7433	0.4941	1
1710	2437	-158.069	0.000	0.7763	0.5321	1
1710	2459	-15.010	0.000	0.8744	0.6624	1
1711	1912	14.016	0.000	0.9455	0.8338	1
1711	1960	-43.990	0.000	0.8996	0.6370	1
1711	2020	-15.995	0.000	0.9293	0.7549	1
1713	1717	115.027	0.000	0.7883	0.5710	1
1713	1728	0.984	0.000	0.7530	0.6198	1
1713	1775	-343.138	0.000	0.7130	0.5154	1
1713	1792	87.980	0.000	0.7570	0.5052	1
1713	1935	87.980	0.000	0.7228	0.4679	1
1713	2092	59.974	0.000	0.7282	0.5702	1
1713	2141	87.980	0.000	0.7358	0.4983	1
1713	2249	0.948	0.000	0.8048	0.7804	1
1714	1805	-27.010	0.000	0.7256	0.6675	1
1714	1979	-1.979	0.000	0.7189	0.7177	1
1715	1792	30.915	0.000	0.8568	0.7328	1
1715	1893	26.957	0.000	0.7275	0.6700	1
1715	1935	30.915	0.000	0.8116	0.6115	1
1715	1951	16.972	0.000	0.7593	0.6498	1
1715	1986	-72.148	0.000	0.7021	0.5722	1
1715	2000	14.884	0.000	0.7443	0.6356	1
1715	2007	40.973	0.000	0.7793	0.6377	1
1715	2075	-28.122	0.000	0.7165	0.5476	1
1715	2114	28.900	0.000	0.7263	0.5582	1
1715	2141	30.915	0.000	0.8195	0.6217	1
1715	2164	-74.150	0.000	0.7185	0.4638	1
1715	2213	-9.054	0.000	0.7096	0.5151	1
1715	2299	-9.054	0.000	0.8850	0.7731	1
1715	2464	-9.091	0.000	0.8671	0.7425	1
1715	2474	-9.091	0.000	0.8464	0.7137	1
1717	1773	-13.979	0.000	0.7351	0.7629	1
1717	1792	-27.047	0.000	0.7733	0.6601	1
1717	1935	-27.047	0.000	0.7561	0.6433	1
1717	2141	-27.047	0.000	0.7476	0.6293	1
1717	2146	-40.006	0.000	0.8504	0.5504	1
1718	1723	-360.165	0.000	0.8246	0.5382	1
1718	1738	-145.038	0.000	0.7533	0.4937	1
1718	1814	-74.000	0.000	0.7685	0.5223	1
1718	1831	-145.037	0.000	0.7543	0.4378	1
1718	2047	29.974	0.000	0.7646	0.5964	1
1718	2068	-630.288	0.000	0.7009	0.4331	1
1718	2131	29.974	0.000	0.7676	0.5460	1
1718	2200	29.974	0.000	0.7712	0.5507	1
1719	1766	-101.048	0.000	0.8170	0.6835	1
1719	1806	-27.011	0.000	0.9290	0.8028	1
1719	1978	-1.979	0.000	0.7959	0.6014	1
1720	1860	-141.115	0.000	0.7014	0.5350	1
1720	1890	-104.062	0.000	0.7453	0.6101	1
1720	1899	-141.115	0.000	0.7010	0.5582	1
1720	1919	-70.078	0.000	0.8160	0.6579	1
1720	1922	-104.062	0.000	0.7892	0.6065	1
1720	1963	-70.078	0.000	0.7875	0.6441	1
1720	1981	-141.115	0.000	0.7389	0.5890	1
1720	2042	-88.035	0.000	0.7775	0.5703	1
1720	2051	-56.062	0.000	0.8229	0.7237	1
1720	2069	-185.105	0.000	0.7697	0.5394	1
1720	2089	-56.062	0.000	0.8149	0.7096	1
1720	2092	-54.047	0.000	0.8880	0.7375	1
1720	2130	-120.058	0.000	0.7243	0.5392	1
1720	2144	-111.068	0.000	0.7129	0.4903	1
1720	2164	-131.106	0.000	0.8969	0.7178	1
1720	2166	-305.218	0.000	0.7295	0.4491	1
1720	2167	-479.329	0.000	0.7405	0.5487	1
1720	2219	-120.057	0.000	0.7962	0.6612	1
1720	2224	-99.068	0.000	0.8316	0.7117	1
1720	2236	-54.047	0.000	0.7947	0.7073	1
1720	2262	-85.053	0.000	0.7345	0.6117	1
1720	2276	-28.031	0.000	0.8771	0.8144	1
1720	2315	-72.021	0.000	0.8093	0.6609	1
1720	2316	-28.031	0.000	0.8120	0.8132	1
1720	2318	-14.015	0.000	0.7144	0.6931	1
1720	2322	-143.058	0.000	0.7462	0.5755	1
1720	2329	-14.041	0.000	0.7113	0.7005	1
1720	2341	-145.074	0.000	0.7031	0.4717	1
1720	2348	-71.037	0.000	0.7275	0.5428	1
1720	2351	-44.026	0.000	0.7160	0.6480	1
1720	2357	-86.037	0.000	0.7710	0.6234	1
1720	2370	-44.026	0.000	0.8451	0.7252	1
1720	2383	-72.021	0.000	0.7920	0.7079	1
1720	2398	-85.053	0.000	0.7450	0.6019	1
1720	2400	-44.026	0.000	0.7836	0.7561	1
1720	2404	-71.037	0.000	0.7123	0.5932	1
1721	1726	333.154	0.000	0.7704	0.6935	1
1721	1727	-27.011	0.000	0.9312	0.8408	1
1722	2162	147.069	0.000	0.7308	0.5998	1
1723	1814	286.165	0.000	0.7172	0.5144	1
1726	1727	-360.165	0.000	0.7985	0.7488	1
1726	1772	-0.984	0.000	0.7008	0.6405	1
1726	1861	0.984	0.000	0.8134	0.7961	1
1728	1792	86.996	0.000	0.7557	0.4947	1
1728	1935	86.996	0.000	0.7203	0.4164	1
1728	2092	58.990	0.000	0.7171	0.6275	1
1728	2140	-14.052	0.000	0.7119	0.7387	1
1728	2141	86.996	0.000	0.7087	0.3819	1
1729	1742	72.021	0.000	0.7763	0.6344	1
1729	1779	0.000	0.000	0.8282	0.6702	1
1729	1810	58.006	0.000	0.7166	0.6523	1
1729	1829	14.016	0.000	0.8461	0.6535	1
1729	1850	27.995	0.000	0.7109	0.6531	1
1729	1915	0.984	0.000	0.8022	0.6268	1
1729	1950	42.011	0.000	0.7046	0.5707	1
1729	2070	0.984	0.000	0.8083	0.6659	1
1729	2234	113.084	0.000	0.7656	0.5535	1
1729	2251	145.074	0.000	0.7018	0.4093	1
1729	2314	145.074	0.000	0.7049	0.4251	1
1729	2345	155.095	0.000	0.7083	0.3797	1
1729	2427	139.032	0.000	0.7052	0.4910	1
1732	1744	72.021	0.000	0.8573	0.6670	1
1732	1748	27.995	0.000	0.7782	0.7631	1
1732	1755	12.000	0.000	0.7962	0.6336	1
1732	1796	-75.032	0.000	0.7680	0.7199	1
1732	1841	14.016	0.000	0.9077	0.8172	1
1732	1852	110.085	0.000	0.7128	0.6466	1
1732	1853	146.106	0.000	0.7173	0.5954	1
1732	1854	128.095	0.000	0.7316	0.6313	1
1732	1895	55.954	0.000	0.7311	0.5706	1
1732	1930	55.954	0.000	0.7180	0.5464	1
1732	1939	69.969	0.000	0.7147	0.5527	1
1732	1944	126.991	0.000	0.7369	0.5506	1
1732	1951	129.079	0.000	0.7369	0.6583	1
1732	1952	111.069	0.000	0.7842	0.6456	1
1732	1957	-18.958	0.000	0.7374	0.7058	1
1732	1966	69.969	0.000	0.7297	0.5497	1
1732	1968	25.943	0.000	0.7366	0.6284	1
1732	1972	-2.052	0.000	0.7887	0.7822	1
1732	2000	126.991	0.000	0.7463	0.5443	1
1732	2009	55.954	0.000	0.7030	0.6333	1
1732	2014	11.964	0.000	0.7917	0.6826	1
1732	2017	-2.052	0.000	0.7764	0.7056	1
1732	2025	-117.061	0.000	0.7289	0.6075	1
1732	2029	-36.036	0.000	0.7380	0.6655	1
1732	2037	25.943	0.000	0.7273	0.6781	1
1732	2043	69.969	0.000	0.7276	0.5614	1
1732	2055	109.034	0.000	0.7286	0.6064	1
1732	2059	12.497	0.000	0.7116	0.6048	1
1732	2061	-2.052	0.000	0.8746	0.7416	1
1732	2063	141.006	0.000	0.7251	0.5412	1
1732	2065	-17.063	0.000	0.7222	0.6338	1
1732	2071	-1.044	0.000	0.7478	0.7050	1
1732	2073	-2.028	0.000	0.8809	0.7571	1
1732	2075	83.985	0.000	0.7482	0.6024	1
1732	2081	39.959	0.000	0.7421	0.6509	1
1732	2082	11.964	0.000	0.7224	0.6218	1
1732	2086	-16.006	0.000	0.7465	0.6013	1
1732	2093	11.952	0.000	0.7056	0.6228	1
1732	2094	-105.006	0.000	0.7156	0.6015	1
1732	2113	69.969	0.000	0.7071	0.6297	1
1732	2114	141.006	0.000	0.7221	0.4294	1
1732	2116	39.958	0.000	0.7328	0.6693	1
1732	2117	11.963	0.000	0.7538	0.6941	1
1732	2159	125.048	0.000	0.7616	0.6119	1
1732	2170	11.964	0.000	0.8439	0.7884	1
1732	2225	11.964	0.000	0.7477	0.7162	1
1732	2239	12.947	0.000	0.7414	0.6267	1
1732	2243	40.979	0.000	0.7407	0.6682	1
1732	2259	98.000	0.000	0.7364	0.5396	1
1732	2278	10.021	0.000	0.7502	0.5727	1
1732	2292	112.016	0.000	0.7380	0.5019	1
1732	2293	-18.011	0.000	0.9427	0.8556	1
1732	2295	67.990	0.000	0.7608	0.6162	1
1732	2309	39.995	0.000	0.8751	0.8229	1
1732	2310	111.021	0.000	0.9018	0.7883	1
1732	2317	37.979	0.000	0.7890	0.6906	1
1732	2320	125.048	0.000	0.7855	0.6162	1
1732	2324	169.038	0.000	0.7116	0.5219	1
1732	2327	82.006	0.000	0.7738	0.6443	1
1732	2333	139.027	0.000	0.8200	0.6764	1
1732	2344	39.995	0.000	0.7317	0.7188	1
1732	2347	111.032	0.000	0.9018	0.7883	1
1732	2349	24.984	0.000	0.7066	0.5288	1
1732	2350	183.053	0.000	0.7545	0.4670	1
1732	2353	9.985	0.000	0.7980	0.6748	1
1732	2359	-17.027	0.000	0.8704	0.7773	1
1732	2360	51.995	0.000	0.7279	0.6166	1
1732	2362	111.032	0.000	0.8000	0.7726	1
1732	2363	153.043	0.000	0.7446	0.4734	1
1732	2365	82.006	0.000	0.7212	0.6495	1
1732	2369	-3.011	0.000	0.7699	0.6057	1
1732	2381	24.000	0.000	0.8185	0.7197	1
1732	2385	51.995	0.000	0.7405	0.5702	1
1732	2387	153.043	0.000	0.7666	0.5181	1
1732	2392	10.968	0.000	0.7652	0.6147	1
1732	2393	38.016	0.000	0.7385	0.6046	1
1732	2394	96.021	0.000	0.7352	0.5399	1
1732	2397	112.016	0.000	0.7772	0.5796	1
1732	2401	153.043	0.000	0.7458	0.5603	1
1732	2403	126.032	0.000	0.7151	0.6449	1
1732	2417	-3.011	0.000	0.7212	0.6530	1
1732	2437	-130.147	0.000	0.7579	0.6760	1
1732	2459	12.911	0.000	0.7751	0.6447	1
1732	2465	-13.079	0.000	0.7182	0.7180	1
1734	1740	42.011	0.000	0.7958	0.6634	1
1734	2002	-41.062	0.000	0.7164	0.6135	1
1737	1903	-18.009	0.000	0.8667	0.7448	1
1737	2100	-97.977	0.000	0.7536	0.5865	1
1737	2121	-97.977	0.000	0.7921	0.6611	1
1738	1814	71.037	0.000	0.8331	0.6553	1
1738	1831	0.000	0.000	0.8856	0.7606	1
1738	2068	-485.250	0.000	0.7487	0.5205	1
1742	1779	-72.021	0.000	0.8118	0.6624	1
1742	1829	-58.005	0.000	0.8101	0.5975	1
1742	1915	-71.037	0.000	0.7609	0.5264	1
1742	2070	-71.037	0.000	0.7965	0.6479	1
1742	2213	42.047	0.000	0.7079	0.6435	1
1742	2263	12.036	0.000	0.7439	0.6389	1
1743	1744	-125.048	0.000	0.8381	0.5429	1
1743	1745	17.027	0.000	0.7925	0.7529	1
1743	1803	14.016	0.000	0.7644	0.7737	1
1743	1833	-27.995	0.000	0.7258	0.7188	1
1743	1841	-183.053	0.000	0.8150	0.4347	1
1743	1853	-50.963	0.000	0.8118	0.6312	1
1743	1930	-141.115	0.000	0.7240	0.4862	1
1743	1944	-70.078	0.000	0.8827	0.7471	1
1743	1945	-104.062	0.000	0.8675	0.7619	1
1743	1951	-67.990	0.000	0.8203	0.5959	1
1743	1952	-86.000	0.000	0.8175	0.6231	1
1743	1966	-127.100	0.000	0.7409	0.4687	1
1743	2000	-70.078	0.000	0.7922	0.6755	1
1743	2012	14.975	0.000	0.8000	0.6544	1
1743	2043	-127.100	0.000	0.7342	0.4932	1
1743	2055	-88.035	0.000	0.8632	0.7612	1
1743	2063	-56.063	0.000	0.8860	0.8295	1
1743	2075	-113.084	0.000	0.7890	0.6193	1
1743	2081	-157.110	0.000	0.7416	0.5075	1
1743	2082	-185.105	0.000	0.7010	0.3769	1
1743	2085	28.990	0.000	0.8158	0.5386	1
1743	2104	-143.073	0.000	0.7999	0.5469	1
1743	2114	-56.063	0.000	0.7916	0.7063	1
1743	2116	-157.111	0.000	0.7240	0.4511	1
1743	2123	-72.022	0.000	0.7744	0.5779	1
1743	2159	-72.021	0.000	0.8615	0.5959	1
1743	2170	-185.105	0.000	0.7286	0.4007	1
1743	2196	-87.021	0.000	0.7207	0.5012	1
1743	2203	-113.084	0.000	0.7347	0.5703	1
1743	2209	-54.047	0.000	0.8077	0.7057	1
1743	2235	-120.057	0.000	0.8665	0.7200	1
1743	2239	-184.122	0.000	0.7255	0.4592	1
1743	2243	-156.090	0.000	0.7316	0.4786	1
1743	2250	-156.090	0.000	0.7074	0.4577	1
1743	2259	-99.069	0.000	0.7770	0.5264	1
1743	2265	-170.106	0.000	0.7272	0.4584	1
1743	2278	-187.048	0.000	0.7352	0.3778	1
1743	2286	-99.068	0.000	0.7943	0.6063	1
1743	2292	-85.053	0.000	0.8026	0.5783	1
1743	2295	-129.079	0.000	0.7833	0.4721	1
1743	2309	-157.074	0.000	0.7371	0.4755	1
1743	2310	-86.048	0.000	0.7942	0.5634	1
1743	2317	-159.089	0.000	0.7528	0.4508	1
1743	2320	-72.021	0.000	0.8764	0.6417	1
1743	2324	-28.031	0.000	0.8858	0.8311	1
1743	2327	-115.063	0.000	0.7422	0.4543	1
1743	2333	-58.042	0.000	0.8892	0.7032	1
1743	2334	-59.045	0.000	0.7390	0.6621	1
1743	2339	-104.029	0.000	0.7426	0.5004	1
1743	2344	-157.074	0.000	0.7461	0.4935	1
1743	2347	-86.037	0.000	0.7942	0.5634	1
1743	2350	-14.016	0.000	0.9378	0.8514	1
1743	2353	-187.084	0.000	0.7691	0.4524	1
1743	2356	-71.037	0.000	0.7585	0.5517	1
1743	2362	-86.037	0.000	0.8550	0.6937	1
1743	2363	-44.026	0.000	0.8496	0.6329	1
1743	2365	-115.063	0.000	0.7707	0.5610	1
1743	2385	-145.074	0.000	0.7336	0.4226	1
1743	2387	-44.026	0.000	0.9014	0.7661	1
1743	2393	-159.053	0.000	0.7570	0.4577	1
1743	2394	-101.048	0.000	0.7690	0.4695	1
1743	2397	-85.053	0.000	0.8809	0.7568	1
1743	2401	-44.026	0.000	0.8740	0.7617	1
1743	2403	-71.037	0.000	0.8498	0.7333	1
1743	2405	-14.016	0.000	0.8211	0.8480	1
1743	2459	-184.158	0.000	0.7784	0.5286	1
1744	1748	-44.027	0.000	0.7264	0.5862	1
1744	1792	71.001	0.000	0.7363	0.7224	1
1744	1841	-58.005	0.000	0.8791	0.6309	1
1744	1853	74.085	0.000	0.7136	0.5318	1
1744	1854	56.074	0.000	0.7115	0.5348	1
1744	1864	-30.083	0.000	0.7195	0.5592	1
1744	1895	-16.067	0.000	0.7686	0.6576	1
1744	1928	10.021	0.000	0.7051	0.6377	1
1744	1930	-16.067	0.000	0.8011	0.6806	1
1744	1935	71.001	0.000	0.7563	0.6859	1
1744	1939	-2.052	0.000	0.8395	0.7627	1
1744	1944	54.970	0.000	0.8361	0.6337	1
1744	1945	20.985	0.000	0.8250	0.6026	1
1744	1951	57.058	0.000	0.7285	0.6043	1
1744	1952	39.047	0.000	0.7337	0.6438	1
1744	1966	-2.052	0.000	0.8539	0.7254	1
1744	1968	-46.078	0.000	0.8048	0.7282	1
1744	1972	-74.073	0.000	0.7657	0.6429	1
1744	2000	54.970	0.000	0.8158	0.6557	1
1744	2009	-16.067	0.000	0.7394	0.6304	1
1744	2014	-60.057	0.000	0.7507	0.5659	1
1744	2015	-46.078	0.000	0.7437	0.5915	1
1744	2016	-2.052	0.000	0.7788	0.7277	1
1744	2017	-74.073	0.000	0.7287	0.5580	1
1744	2030	-103.100	0.000	0.7066	0.5372	1
1744	2037	-46.078	0.000	0.7347	0.5810	1
1744	2043	-2.052	0.000	0.8249	0.7396	1
1744	2055	37.013	0.000	0.8548	0.7921	1
1744	2059	-59.524	0.000	0.7136	0.5162	1
1744	2063	68.985	0.000	0.8269	0.6337	1
1744	2071	-73.065	0.000	0.7608	0.6202	1
1744	2074	63.032	0.000	0.7572	0.6171	1
1744	2075	11.964	0.000	0.8585	0.6433	1
1744	2081	-32.063	0.000	0.7903	0.6565	1
1744	2082	-60.058	0.000	0.7279	0.5008	1
1744	2097	-59.074	0.000	0.7248	0.5488	1
1744	2102	-46.042	0.000	0.7112	0.5492	1
1744	2104	-18.026	0.000	0.7999	0.6175	1
1744	2113	-2.052	0.000	0.8057	0.6703	1
1744	2114	68.985	0.000	0.7990	0.5577	1
1744	2115	11.964	0.000	0.8362	0.7540	1
1744	2116	-32.063	0.000	0.7650	0.5388	1
1744	2117	-60.058	0.000	0.7356	0.5427	1
1744	2123	53.026	0.000	0.7045	0.6533	1
1744	2141	71.001	0.000	0.7470	0.6302	1
1744	2142	-59.074	0.000	0.7095	0.4946	1
1744	2159	53.027	0.000	0.8346	0.6890	1
1744	2161	-18.047	0.000	0.7156	0.4701	1
1744	2170	-60.058	0.000	0.7870	0.5568	1
1744	2194	13.979	0.000	0.7853	0.7281	1
1744	2203	11.964	0.000	0.8467	0.7917	1
1744	2209	71.001	0.000	0.8167	0.6511	1
1744	2235	4.990	0.000	0.8268	0.6438	1
1744	2239	-59.074	0.000	0.7984	0.6067	1
1744	2243	-31.042	0.000	0.7771	0.6169	1
1744	2250	-31.042	0.000	0.7547	0.6294	1
1744	2252	-3.995	0.000	0.7890	0.7281	1
1744	2259	25.979	0.000	0.8117	0.6692	1
1744	2265	-45.058	0.000	0.7284	0.5117	1
1744	2273	13.979	0.000	0.8324	0.7627	1
1744	2278	-62.000	0.000	0.7572	0.4999	1
1744	2285	-75.068	0.000	0.7282	0.5147	1
1744	2286	25.979	0.000	0.8014	0.6667	1
1744	2292	39.995	0.000	0.8666	0.7508	1
1744	2293	-90.032	0.000	0.7901	0.5503	1
1744	2295	-4.031	0.000	0.8828	0.7404	1
1744	2306	-116.095	0.000	0.7483	0.5839	1
1744	2309	-32.026	0.000	0.7892	0.6276	1
1744	2310	39.000	0.000	0.8516	0.6879	1
1744	2317	-34.042	0.000	0.7845	0.6188	1
1744	2320	53.027	0.000	0.8455	0.6466	1
1744	2324	97.016	0.000	0.8105	0.5911	1
1744	2327	9.985	0.000	0.9199	0.8049	1
1744	2333	67.006	0.000	0.9026	0.7720	1
1744	2339	21.018	0.000	0.7157	0.5938	1
1744	2344	-32.026	0.000	0.7777	0.5820	1
1744	2347	39.011	0.000	0.8516	0.6879	1
1744	2349	-47.037	0.000	0.7708	0.5757	1
1744	2350	111.032	0.000	0.9044	0.6536	1
1744	2353	-62.037	0.000	0.8275	0.6141	1
1744	2356	54.011	0.000	0.7391	0.5984	1
1744	2359	-89.048	0.000	0.7038	0.5258	1
1744	2360	-20.026	0.000	0.7369	0.6041	1
1744	2362	39.011	0.000	0.8591	0.7689	1
1744	2363	81.022	0.000	0.8292	0.5835	1
1744	2365	9.984	0.000	0.8606	0.7288	1
1744	2369	-75.032	0.000	0.7104	0.4634	1
1744	2373	-19.014	0.000	0.7686	0.6712	1
1744	2374	-18.010	0.000	0.7144	0.6966	1
1744	2381	-48.021	0.000	0.7365	0.5393	1
1744	2385	-20.026	0.000	0.7834	0.5924	1
1744	2387	81.022	0.000	0.8721	0.6337	1
1744	2393	-34.005	0.000	0.7448	0.5170	1
1744	2394	24.000	0.000	0.8753	0.7023	1
1744	2397	39.995	0.000	0.8732	0.6696	1
1744	2401	81.022	0.000	0.8368	0.6337	1
1744	2403	54.011	0.000	0.8245	0.7339	1
1744	2405	111.032	0.000	0.7635	0.6169	1
1744	2409	-89.048	0.000	0.7080	0.5750	1
1744	2414	-47.037	0.000	0.7266	0.5841	1
1744	2417	-75.032	0.000	0.7178	0.4976	1
1744	2437	-202.169	0.000	0.7203	0.4835	1
1744	2459	-59.110	0.000	0.8373	0.6840	1
1745	1757	14.016	0.000	0.8420	0.7336	1
1745	1832	-27.995	0.000	0.7769	0.5823	1
1745	1853	-67.990	0.000	0.8352	0.7200	1
1745	1854	-86.000	0.000	0.7571	0.5465	1
1745	1951	-85.016	0.000	0.7095	0.5550	1
1745	1992	-16.043	0.000	0.7924	0.6731	1
1745	1998	-16.068	0.000	0.8281	0.7270	1
1745	2012	-2.052	0.000	0.8873	0.8167	1
1745	2074	-79.042	0.000	0.8699	0.7439	1
1745	2085	11.964	0.000	0.8573	0.8061	1
1745	2196	-104.047	0.000	0.7695	0.5797	1
1746	1750	-41.027	0.000	0.8538	0.7054	1
1746	1824	87.113	0.000	0.7092	0.5949	1
1746	1834	0.000	0.000	0.8235	0.7355	1
1746	1898	97.053	0.000	0.7324	0.6469	1
1746	2036	200.117	0.000	0.7111	0.3573	1
1746	2251	200.116	0.000	0.7210	0.4077	1
1746	2280	182.142	0.000	0.7149	0.3894	1
1746	2304	200.116	0.000	0.7103	0.3721	1
1746	2314	200.117	0.000	0.7221	0.4541	1
1746	2410	200.117	0.000	0.7213	0.4263	1
1748	1765	-216.148	0.000	0.7620	0.5932	1
1748	1785	-0.072	0.000	0.7336	0.6347	1
1748	1841	-13.979	0.000	0.7044	0.5916	1
1748	1864	13.943	0.000	0.8172	0.6014	1
1748	1895	27.959	0.000	0.7199	0.6324	1
1748	1901	15.959	0.000	0.7667	0.5928	1
1748	1930	27.959	0.000	0.7740	0.6025	1
1748	1944	98.996	0.000	0.7175	0.5164	1
1748	1945	65.012	0.000	0.7104	0.4661	1
1748	1966	41.975	0.000	0.7486	0.6122	1
1748	1968	-2.051	0.000	0.7927	0.7310	1
1748	1969	-16.013	0.000	0.7099	0.5191	1
1748	1972	-30.046	0.000	0.8190	0.6724	1
1748	1987	-16.041	0.000	0.7296	0.5862	1
1748	2000	98.996	0.000	0.7035	0.5485	1
1748	2009	27.959	0.000	0.7060	0.6385	1
1748	2014	-16.031	0.000	0.7918	0.6846	1
1748	2015	-2.051	0.000	0.8961	0.7822	1
1748	2016	41.975	0.000	0.7825	0.6363	1
1748	2017	-30.046	0.000	0.8417	0.6975	1
1748	2029	-64.031	0.000	0.8184	0.6296	1
1748	2030	-59.073	0.000	0.7779	0.5836	1
1748	2037	-2.052	0.000	0.7555	0.7439	1
1748	2043	41.974	0.000	0.7199	0.6089	1
1748	2055	81.040	0.000	0.7154	0.5707	1
1748	2056	-15.047	0.000	0.7901	0.6551	1
1748	2059	-15.497	0.000	0.8080	0.6767	1
1748	2061	-30.047	0.000	0.7667	0.7785	1
1748	2065	-45.058	0.000	0.7800	0.6979	1
1748	2071	-29.039	0.000	0.8055	0.6925	1
1748	2073	-30.023	0.000	0.7823	0.7493	1
1748	2075	55.990	0.000	0.7353	0.5368	1
1748	2081	11.964	0.000	0.7541	0.6853	1
1748	2082	-16.031	0.000	0.7579	0.6239	1
1748	2093	-16.042	0.000	0.7241	0.6126	1
1748	2097	-15.047	0.000	0.8254	0.6762	1
1748	2102	-2.016	0.000	0.7184	0.6129	1
1748	2104	26.001	0.000	0.7254	0.5329	1
1748	2113	41.975	0.000	0.8313	0.6919	1
1748	2115	55.990	0.000	0.8223	0.6713	1
1748	2116	11.964	0.000	0.8638	0.7238	1
1748	2117	-16.031	0.000	0.9055	0.8035	1
1748	2140	13.979	0.000	0.7140	0.6538	1
1748	2142	-15.047	0.000	0.7306	0.5811	1
1748	2159	97.053	0.000	0.7017	0.5246	1
1748	2161	25.980	0.000	0.8244	0.7047	1
1748	2170	-16.031	0.000	0.8933	0.7939	1
1748	2203	55.990	0.000	0.7552	0.6207	1
1748	2212	25.980	0.000	0.8272	0.6667	1
1748	2225	-16.031	0.000	0.8400	0.7447	1
1748	2235	49.017	0.000	0.7058	0.4722	1
1748	2237	-1.032	0.000	0.7704	0.5699	1
1748	2239	-15.047	0.000	0.7677	0.6439	1
1748	2265	-1.032	0.000	0.7609	0.6313	1
1748	2285	-31.042	0.000	0.7375	0.5297	1
1748	2286	70.006	0.000	0.7550	0.5113	1
1748	2295	39.995	0.000	0.7518	0.5651	1
1748	2309	12.000	0.000	0.7013	0.7185	1
1748	2310	83.027	0.000	0.8498	0.6818	1
1748	2317	9.985	0.000	0.7106	0.7065	1
1748	2320	97.053	0.000	0.7127	0.5281	1
1748	2326	-259.117	0.000	0.7375	0.4734	1
1748	2327	54.011	0.000	0.7411	0.6680	1
1748	2333	111.033	0.000	0.7236	0.4753	1
1748	2344	12.000	0.000	0.7803	0.5823	1
1748	2347	83.037	0.000	0.8498	0.6818	1
1748	2350	155.059	0.000	0.7432	0.4910	1
1748	2353	-18.010	0.000	0.7484	0.6111	1
1748	2356	98.037	0.000	0.7219	0.5647	1
1748	2362	83.037	0.000	0.7888	0.7028	1
1748	2363	125.048	0.000	0.7236	0.4791	1
1748	2365	54.011	0.000	0.8204	0.6166	1
1748	2385	24.001	0.000	0.7489	0.6253	1
1748	2387	125.048	0.000	0.7421	0.4867	1
1748	2392	-17.026	0.000	0.7094	0.6004	1
1748	2397	84.022	0.000	0.7569	0.5414	1
1748	2401	125.048	0.000	0.7222	0.4943	1
1748	2403	98.037	0.000	0.7360	0.5378	1
1748	2414	-3.010	0.000	0.7118	0.5265	1
1748	2417	-31.006	0.000	0.7570	0.5203	1
1748	2437	-158.142	0.000	0.7855	0.5855	1
1748	2459	-15.083	0.000	0.8018	0.5706	1
1749	1800	-30.011	0.000	0.7591	0.6239	1
1749	1921	-15.995	0.000	0.8621	0.7159	1
1750	1834	41.027	0.000	0.7850	0.6430	1
1750	2251	241.143	0.000	0.7098	0.4146	1
1750	2304	241.143	0.000	0.7037	0.3625	1
1750	2314	241.143	0.000	0.7056	0.3982	1
1750	2410	241.143	0.000	0.7057	0.3944	1
1751	1835	-35.013	0.000	0.7014	0.5399	1
1751	1877	0.984	0.000	0.8863	0.7095	1
1751	1924	-39.995	0.000	0.7165	0.5937	1
1751	2067	-43.990	0.000	0.8038	0.6759	1
1751	2198	-22.032	0.000	0.8058	0.6109	1
1753	1763	-0.037	0.000	0.9219	0.8830	1
1754	1785	28.006	0.000	0.8060	0.6477	1
1754	1860	28.031	0.000	0.9164	0.8559	1
1754	1883	14.016	0.000	0.8031	0.7197	1
1754	1890	65.085	0.000	0.7093	0.6072	1
1754	1899	28.032	0.000	0.9042	0.8655	1
1754	1919	99.069	0.000	0.7506	0.6875	1
1754	1920	42.047	0.000	0.8539	0.7947	1
1754	1953	42.047	0.000	0.7837	0.7237	1
1754	1963	99.069	0.000	0.8014	0.6367	1
1754	1981	28.032	0.000	0.8977	0.8545	1
1754	1990	-15.958	0.000	0.8111	0.7687	1
1754	2019	42.047	0.000	0.8500	0.7829	1
1754	2038	56.063	0.000	0.8591	0.7994	1
1754	2041	-29.974	0.000	0.8369	0.7608	1
1754	2049	12.036	0.000	0.8271	0.7619	1
1754	2066	42.047	0.000	0.8481	0.7953	1
1754	2069	-15.959	0.000	0.8383	0.7770	1
1754	2071	-0.960	0.000	0.7394	0.7159	1
1754	2089	113.084	0.000	0.7073	0.5124	1
1754	2095	26.052	0.000	0.7723	0.7205	1
1754	2144	58.078	0.000	0.7102	0.6185	1
1754	2224	70.078	0.000	0.7634	0.7019	1
1754	2262	84.094	0.000	0.7179	0.6143	1
1754	2294	54.084	0.000	0.7118	0.6802	1
1754	2315	97.126	0.000	0.7000	0.6161	1
1754	2322	26.089	0.000	0.7744	0.6604	1
1754	2341	24.073	0.000	0.7082	0.6385	1
1754	2351	125.121	0.000	0.7404	0.6453	1
1755	1770	17.938	0.000	0.7101	0.6064	1
1755	1785	15.923	0.000	0.7903	0.6037	1
1755	1806	14.016	0.000	0.7094	0.5779	1
1755	1895	43.954	0.000	0.7484	0.6050	1
1755	1910	29.501	0.000	0.7687	0.6223	1
1755	1914	29.938	0.000	0.7782	0.5797	1
1755	1930	43.954	0.000	0.7042	0.5200	1
1755	1934	59.985	0.000	0.7061	0.5411	1
1755	1939	57.970	0.000	0.7193	0.4954	1
1755	1949	-25.067	0.000	0.7472	0.6496	1
1755	1968	13.943	0.000	0.7027	0.5493	1
1755	2000	114.991	0.000	0.7139	0.4894	1
1755	2009	43.954	0.000	0.7301	0.6198	1
1755	2014	-0.036	0.000	0.7104	0.6687	1
1755	2037	13.943	0.000	0.7234	0.6754	1
1755	2043	57.969	0.000	0.7745	0.5631	1
1755	2061	-14.052	0.000	0.8406	0.7100	1
1755	2064	-15.055	0.000	0.7676	0.7098	1
1755	2065	-29.063	0.000	0.7434	0.6348	1
1755	2073	-14.028	0.000	0.7812	0.6399	1
1755	2075	71.985	0.000	0.7273	0.4677	1
1755	2081	27.959	0.000	0.7554	0.6306	1
1755	2105	14.964	0.000	0.7197	0.5641	1
1755	2113	57.970	0.000	0.7447	0.6815	1
1755	2114	129.006	0.000	0.7135	0.3633	1
1755	2136	41.974	0.000	0.7498	0.4932	1
1755	2140	29.974	0.000	0.7153	0.6653	1
1755	2145	59.985	0.000	0.7039	0.4748	1
1755	2171	-101.047	0.000	0.7146	0.6790	1
1755	2278	-1.979	0.000	0.7249	0.6729	1
1755	2293	-30.010	0.000	0.8056	0.6877	1
1755	2309	27.995	0.000	0.8146	0.7576	1
1755	2381	12.000	0.000	0.7638	0.6148	1
1757	1758	-18.011	0.000	0.7371	0.7953	1
1757	1826	-46.005	0.000	0.7681	0.6163	1
1757	1832	-42.011	0.000	0.7974	0.6458	1
1757	1853	-82.005	0.000	0.8119	0.7237	1
1757	1854	-100.016	0.000	0.7535	0.5703	1
1757	1992	-30.058	0.000	0.7449	0.6168	1
1757	1998	-30.083	0.000	0.7505	0.6357	1
1757	2012	-16.068	0.000	0.8258	0.7447	1
1757	2074	-93.058	0.000	0.7785	0.6470	1
1757	2085	-2.052	0.000	0.7653	0.6081	1
1758	1769	-72.021	0.000	0.7995	0.6136	1
1758	1773	-54.011	0.000	0.8871	0.8058	1
1758	1826	-27.995	0.000	0.7855	0.7250	1
1758	1845	-30.011	0.000	0.7512	0.6598	1
1758	1880	-30.011	0.000	0.7147	0.6790	1
1758	2269	-36.011	0.000	0.7925	0.7075	1
1761	1775	-129.043	0.000	0.8266	0.6003	1
1761	1830	157.074	0.000	0.8456	0.6030	1
1761	1858	-129.043	0.000	0.8772	0.6825	1
1761	1896	56.026	0.000	0.8323	0.6453	1
1762	1780	-0.077	0.000	0.9495	0.8632	1
1764	1859	-129.043	0.000	0.7504	0.6703	1
1765	1847	147.054	0.000	0.7235	0.6342	1
1765	1874	147.054	0.000	0.7277	0.6527	1
1765	1895	244.107	0.000	0.7350	0.6495	1
1765	1930	244.107	0.000	0.7758	0.5900	1
1765	1969	200.134	0.000	0.7461	0.5607	1
1765	1972	186.101	0.000	0.7958	0.6295	1
1765	1987	200.106	0.000	0.7984	0.6009	1
1765	2002	71.074	0.000	0.7031	0.5627	1
1765	2014	200.117	0.000	0.7220	0.5755	1
1765	2015	214.096	0.000	0.7945	0.5973	1
1765	2016	258.122	0.000	0.7058	0.5136	1
1765	2017	186.101	0.000	0.7856	0.6177	1
1765	2030	157.075	0.000	0.7485	0.5493	1
1765	2049	200.105	0.000	0.7674	0.6967	1
1765	2056	201.100	0.000	0.7835	0.6429	1
1765	2059	200.650	0.000	0.7976	0.6138	1
1765	2071	187.109	0.000	0.7755	0.6441	1
1765	2073	186.125	0.000	0.7391	0.6589	1
1765	2082	200.117	0.000	0.7432	0.6077	1
1765	2093	200.105	0.000	0.7459	0.6402	1
1765	2097	201.101	0.000	0.7982	0.5986	1
1765	2117	200.116	0.000	0.7154	0.5599	1
1765	2142	201.100	0.000	0.7172	0.5228	1
1765	2148	129.097	0.000	0.7044	0.5717	1
1765	2225	200.117	0.000	0.7024	0.5041	1
1766	1806	74.037	0.000	0.7677	0.5441	1
1767	1789	73.053	0.000	0.7780	0.5683	1
1767	1797	-40.031	0.000	0.7163	0.6280	1
1767	1798	-40.031	0.000	0.8330	0.7975	1
1767	1799	-31.972	0.000	0.7908	0.6621	1
1767	1825	0.000	0.000	0.8187	0.6398	1
1767	1838	57.022	0.000	0.7437	0.6541	1
1767	1847	-14.016	0.000	0.7624	0.6231	1
1767	1874	-14.016	0.000	0.7599	0.6522	1
1767	1905	-72.021	0.000	0.7936	0.6629	1
1767	1927	-103.009	0.000	0.7362	0.6254	1
1767	1932	-31.972	0.000	0.7533	0.5895	1
1767	1934	99.069	0.000	0.7475	0.6005	1
1767	1947	-105.022	0.000	0.7859	0.7073	1
1767	1949	14.016	0.000	0.8790	0.7752	1
1767	2010	-71.037	0.000	0.7390	0.6194	1
1767	2028	73.053	0.000	0.8219	0.7099	1
1767	2082	39.047	0.000	0.7387	0.6949	1
1767	2093	39.036	0.000	0.7372	0.6580	1
1767	2112	-47.967	0.000	0.7437	0.6177	1
1767	2140	69.057	0.000	0.8090	0.7747	1
1767	2142	40.031	0.000	0.7595	0.7992	1
1767	2145	99.068	0.000	0.7328	0.5736	1
1767	2147	-57.022	0.000	0.7493	0.5714	1
1767	2148	-31.973	0.000	0.7745	0.6395	1
1767	2150	-417.222	0.000	0.7552	0.6078	1
1767	2152	12.037	0.000	0.9147	0.7765	1
1767	2190	-47.968	0.000	0.7326	0.5985	1
1767	2194	113.084	0.000	0.7883	0.6112	1
1767	2210	-477.209	0.000	0.7236	0.5812	1
1767	2227	-28.991	0.000	0.7033	0.6182	1
1767	2230	56.063	0.000	0.7440	0.6401	1
1767	2245	-31.973	0.000	0.7628	0.6481	1
1767	2248	12.036	0.000	0.7347	0.6289	1
1767	2249	83.073	0.000	0.7042	0.6462	1
1767	2261	-15.959	0.000	0.7077	0.6660	1
1767	2283	-14.975	0.000	0.7342	0.6420	1
1767	2300	-31.972	0.000	0.7587	0.5922	1
1767	2328	-71.997	0.000	0.7409	0.6237	1
1767	2331	-31.972	0.000	0.7798	0.6252	1
1767	2376	-47.967	0.000	0.7509	0.6368	1
1767	2413	-47.967	0.000	0.7493	0.6440	1
1767	2428	-47.967	0.000	0.7004	0.5409	1
1767	2430	-47.967	0.000	0.7298	0.5971	1
1767	2446	-47.967	0.000	0.7362	0.5991	1
1769	1773	18.011	0.000	0.8788	0.8151	1
1769	1822	14.016	0.000	0.7269	0.7204	1
1769	1845	42.011	0.000	0.7433	0.8103	1
1769	1852	-27.995	0.000	0.7581	0.6586	1
1769	1854	-9.984	0.000	0.8443	0.7668	1
1769	1880	42.010	0.000	0.7687	0.7424	1
1769	1893	0.984	0.000	0.8603	0.8344	1
1769	1913	14.016	0.000	0.8670	0.8364	1
1769	1923	-13.979	0.000	0.7532	0.6493	1
1769	1961	-13.979	0.000	0.7427	0.6819	1
1769	2234	-36.011	0.000	0.7026	0.7143	1
1769	2264	-36.012	0.000	0.7927	0.7154	1
1769	2310	-27.058	0.000	0.7134	0.6818	1
1769	2347	-27.048	0.000	0.7134	0.6818	1
1770	1785	-2.016	0.000	0.7998	0.7712	1
1770	1788	-17.974	0.000	0.7779	0.7589	1
1770	1789	16.031	0.000	0.7805	0.7374	1
1770	1792	113.084	0.000	0.7751	0.5371	1
1770	1794	-98.056	0.000	0.7375	0.6062	1
1770	1798	-97.053	0.000	0.8285	0.7435	1
1770	1838	0.000	0.000	0.7872	0.7996	1
1770	1874	-71.037	0.000	0.7131	0.7375	1
1770	1895	26.016	0.000	0.8176	0.7614	1
1770	1901	14.016	0.000	0.8080	0.8376	1
1770	1915	-39.970	0.000	0.7886	0.5928	1
1770	1930	26.016	0.000	0.7696	0.7824	1
1770	1932	-88.994	0.000	0.7091	0.6893	1
1770	1934	42.047	0.000	0.8330	0.7212	1
1770	1935	113.084	0.000	0.7662	0.5223	1
1770	1939	40.032	0.000	0.8228	0.7854	1
1770	1949	-43.006	0.000	0.7213	0.6242	1
1770	1966	40.031	0.000	0.7618	0.7950	1
1770	1968	-3.995	0.000	0.7912	0.7737	1
1770	1986	10.021	0.000	0.8171	0.7713	1
1770	1999	-16.990	0.000	0.7605	0.6587	1
1770	2009	26.016	0.000	0.7633	0.8431	1
1770	2026	10.021	0.000	0.8053	0.7471	1
1770	2028	16.031	0.000	0.7920	0.6864	1
1770	2037	-3.995	0.000	0.7413	0.7562	1
1770	2061	-31.990	0.000	0.7594	0.7598	1
1770	2070	-39.970	0.000	0.7619	0.5427	1
1770	2073	-31.966	0.000	0.7629	0.6962	1
1770	2081	10.021	0.000	0.7101	0.7032	1
1770	2082	-17.974	0.000	0.7439	0.7640	1
1770	2093	-17.986	0.000	0.7434	0.7184	1
1770	2120	112.081	0.000	0.8345	0.6353	1
1770	2136	24.036	0.000	0.7197	0.6588	1
1770	2139	41.044	0.000	0.7323	0.5831	1
1770	2140	12.036	0.000	0.9013	0.7856	1
1770	2141	113.084	0.000	0.7934	0.6061	1
1770	2145	42.047	0.000	0.8656	0.7380	1
1770	2147	-114.043	0.000	0.7055	0.6355	1
1770	2194	56.063	0.000	0.8926	0.7493	1
1770	2248	-44.985	0.000	0.7123	0.6161	1
1770	2249	26.052	0.000	0.9219	0.8491	1
1770	2273	56.062	0.000	0.7570	0.8245	1
1770	2465	-43.017	0.000	0.7138	0.6946	1
1772	2143	-131.022	0.000	0.7060	0.5386	1
1773	1845	24.000	0.000	0.9370	0.8009	1
1773	1853	-9.984	0.000	0.8152	0.7214	1
1773	1854	-27.995	0.000	0.8298	0.7618	1
1773	1880	24.000	0.000	0.7008	0.8396	1
1773	1924	-13.979	0.000	0.8736	0.6922	1
1773	1954	14.016	0.000	0.9329	0.8382	1
1774	1803	117.031	0.000	0.7286	0.4912	1
1774	1804	134.058	0.000	0.7085	0.5011	1
1774	1873	64.005	0.000	0.7300	0.4422	1
1774	1916	-30.010	0.000	0.8707	0.7096	1
1774	2181	118.015	0.000	0.7609	0.5456	1
1774	2383	2.988	0.000	0.7192	0.5291	1
1775	1858	0.000	0.000	0.9259	0.7799	1
1776	1828	-28.049	0.000	0.8146	0.6221	1
1777	1926	-128.059	0.000	0.9134	0.8421	1
1777	2006	-128.059	0.000	0.9178	0.8507	1
1777	2364	210.137	0.000	0.7425	0.5565	1
1778	2117	225.075	0.000	0.7091	0.5677	1
1778	2326	-18.011	0.000	0.8769	0.7897	1
1779	1807	-0.018	0.000	0.8285	0.7619	1
1779	1810	58.006	0.000	0.7579	0.6844	1
1779	1829	14.016	0.000	0.9399	0.7931	1
1779	1898	42.011	0.000	0.7002	0.6698	1
1779	1906	-0.018	0.000	0.7274	0.5987	1
1779	1915	0.984	0.000	0.9043	0.7154	1
1779	1950	42.011	0.000	0.7275	0.6082	1
1779	1982	15.000	0.000	0.7376	0.5559	1
1779	2070	0.984	0.000	0.8779	0.7340	1
1779	2234	113.084	0.000	0.7305	0.5318	1
1779	2345	155.095	0.000	0.7081	0.3947	1
1782	1784	-262.167	0.000	0.7623	0.7848	1
1782	1797	-191.129	0.000	0.8299	0.7110	1
1782	1815	-263.088	0.000	0.8574	0.7410	1
1782	1816	-333.204	0.000	0.7326	0.6211	1
1782	1895	-68.060	0.000	0.7184	0.5951	1
1782	1900	-349.199	0.000	0.7214	0.6512	1
1782	2079	-366.189	0.000	0.7411	0.5387	1
1783	1786	1.003	0.000	0.8598	0.7252	1
1783	1807	129.122	0.000	0.8216	0.6713	1
1783	1808	130.125	0.000	0.7304	0.4953	1
1783	1818	1.082	0.000	0.8390	0.7216	1
1783	1819	0.080	0.000	0.9543	0.8455	1
1783	1872	72.119	0.000	0.7035	0.5458	1
1784	1789	184.122	0.000	0.7583	0.6252	1
1784	1798	71.038	0.000	0.8778	0.8440	1
1784	1816	-71.037	0.000	0.9021	0.7467	1
1784	1860	166.100	0.000	0.7129	0.6204	1
1784	1865	-101.047	0.000	0.8341	0.6820	1
1784	1900	-87.032	0.000	0.9010	0.7696	1
1784	1943	-87.032	0.000	0.8788	0.7200	1
1784	1971	-31.005	0.000	0.7567	0.6472	1
1784	2028	184.122	0.000	0.7424	0.6502	1
1784	2079	-104.022	0.000	0.7202	0.6054	1
1784	2249	194.142	0.000	0.7471	0.6455	1
1784	2288	66.084	0.000	0.7102	0.6048	1
1785	1788	-15.958	0.000	0.8614	0.7323	1
1785	1792	115.100	0.000	0.7366	0.6656	1
1785	1838	2.016	0.000	0.7315	0.6550	1
1785	1895	28.031	0.000	0.8916	0.7404	1
1785	1901	16.031	0.000	0.8471	0.8248	1
1785	1904	113.084	0.000	0.7730	0.6330	1
1785	1910	13.579	0.000	0.8341	0.6852	1
1785	1914	14.016	0.000	0.8695	0.7620	1
1785	1930	28.032	0.000	0.8709	0.7270	1
1785	1935	115.100	0.000	0.7272	0.5939	1
1785	1939	42.047	0.000	0.8939	0.7535	1
1785	1949	-40.990	0.000	0.7564	0.6715	1
1785	1966	42.047	0.000	0.8706	0.7690	1
1785	1968	-1.979	0.000	0.8604	0.7165	1
1785	1986	12.037	0.000	0.8843	0.7707	1
1785	1999	-14.975	0.000	0.8254	0.6079	1
1785	2000	99.068	0.000	0.8400	0.6625	1
1785	2002	-145.001	0.000	0.7540	0.5790	1
1785	2009	28.031	0.000	0.9072	0.8177	1
1785	2014	-15.958	0.000	0.7917	0.7246	1
1785	2015	-1.979	0.000	0.7077	0.6748	1
1785	2026	12.036	0.000	0.8642	0.7541	1
1785	2037	-1.979	0.000	0.8879	0.7221	1
1785	2043	42.047	0.000	0.8708	0.8298	1
1785	2056	-14.975	0.000	0.7274	0.6061	1
1785	2059	-15.425	0.000	0.7238	0.5916	1
1785	2061	-29.975	0.000	0.9101	0.7106	1
1785	2064	-30.978	0.000	0.7407	0.5287	1
1785	2065	-44.985	0.000	0.7697	0.5755	1
1785	2071	-28.966	0.000	0.7460	0.5887	1
1785	2073	-29.950	0.000	0.8646	0.6647	1
1785	2075	56.062	0.000	0.7655	0.5706	1
1785	2081	12.036	0.000	0.8458	0.7138	1
1785	2082	-15.959	0.000	0.8820	0.7692	1
1785	2093	-15.970	0.000	0.8221	0.6983	1
1785	2105	-0.959	0.000	0.7102	0.5577	1
1785	2113	42.047	0.000	0.8542	0.8819	1
1785	2114	113.084	0.000	0.7644	0.5086	1
1785	2116	12.036	0.000	0.8086	0.7251	1
1785	2136	26.052	0.000	0.8432	0.7391	1
1785	2140	14.052	0.000	0.7001	0.5545	1
1785	2141	115.100	0.000	0.7090	0.5107	1
1785	2142	-14.975	0.000	0.7716	0.6681	1
1785	2161	26.052	0.000	0.7181	0.6093	1
1785	2170	-15.959	0.000	0.7161	0.6473	1
1785	2171	-116.969	0.000	0.7017	0.5786	1
1785	2239	-14.975	0.000	0.7372	0.5980	1
1785	2259	70.078	0.000	0.7165	0.5212	1
1785	2292	84.094	0.000	0.7266	0.5606	1
1785	2309	12.073	0.000	0.7306	0.5714	1
1785	2327	54.083	0.000	0.7555	0.5912	1
1785	2387	125.120	0.000	0.7138	0.4656	1
1785	2459	-15.011	0.000	0.7648	0.7128	1
1786	1807	128.119	0.000	0.7003	0.5686	1
1786	1808	129.122	0.000	0.8184	0.6019	1
1786	1810	186.143	0.000	0.7738	0.5736	1
1786	1818	0.079	0.000	0.9506	0.8894	1
1786	1819	-0.923	0.000	0.8527	0.7370	1
1786	1872	71.116	0.000	0.8451	0.7209	1
1786	2263	212.195	0.000	0.7266	0.5546	1
1786	2345	283.232	0.000	0.7060	0.3628	1
1787	1790	27.995	0.000	0.9296	0.7289	1
1788	1792	131.058	0.000	0.7542	0.5335	1
1788	1841	2.052	0.000	0.7658	0.6919	1
1788	1895	43.990	0.000	0.7404	0.5949	1
1788	1901	31.990	0.000	0.7192	0.7601	1
1788	1904	129.043	0.000	0.7699	0.5770	1
1788	1928	70.078	0.000	0.7349	0.6349	1
1788	1930	43.990	0.000	0.7590	0.6273	1
1788	1935	131.058	0.000	0.7575	0.5335	1
1788	1939	58.006	0.000	0.8801	0.7141	1
1788	1966	58.005	0.000	0.8477	0.7056	1
1788	1968	13.979	0.000	0.8426	0.7036	1
1788	1986	27.995	0.000	0.8947	0.7700	1
1788	1999	0.984	0.000	0.8352	0.7137	1
1788	2000	115.027	0.000	0.7736	0.4642	1
1788	2002	-129.043	0.000	0.8063	0.7014	1
1788	2014	0.000	0.000	0.7508	0.6231	1
1788	2026	27.995	0.000	0.8906	0.7628	1
1788	2037	13.979	0.000	0.7922	0.7147	1
1788	2043	58.005	0.000	0.7523	0.6508	1
1788	2061	-14.016	0.000	0.8078	0.7329	1
1788	2073	-13.992	0.000	0.7753	0.6651	1
1788	2081	27.995	0.000	0.7940	0.6736	1
1788	2082	-0.000	0.000	0.7896	0.6806	1
1788	2093	-0.012	0.000	0.7305	0.6012	1
1788	2114	129.042	0.000	0.7784	0.4866	1
1788	2136	42.010	0.000	0.7537	0.5632	1
1788	2141	131.058	0.000	0.7514	0.4940	1
1788	2259	86.036	0.000	0.7384	0.5716	1
1788	2278	-1.943	0.000	0.8506	0.7325	1
1788	2292	100.052	0.000	0.7476	0.6331	1
1788	2309	28.031	0.000	0.7465	0.6463	1
1788	2317	26.016	0.000	0.7418	0.5731	1
1788	2320	113.084	0.000	0.7192	0.5358	1
1788	2327	70.042	0.000	0.7386	0.5852	1
1788	2353	-1.979	0.000	0.7060	0.6018	1
1788	2360	40.031	0.000	0.7284	0.6055	1
1788	2381	12.036	0.000	0.7288	0.6132	1
1788	2387	141.079	0.000	0.7250	0.4501	1
1788	2393	26.052	0.000	0.7931	0.7377	1
1789	1792	97.053	0.000	0.8300	0.5652	1
1789	1798	-113.084	0.000	0.7569	0.6067	1
1789	1799	-105.025	0.000	0.8133	0.5875	1
1789	1816	-255.159	0.000	0.7015	0.4972	1
1789	1825	-73.053	0.000	0.7055	0.5021	1
1789	1838	-16.031	0.000	0.8165	0.7412	1
1789	1900	-271.154	0.000	0.7461	0.5276	1
1789	1901	-2.016	0.000	0.7515	0.7918	1
1789	1905	-145.074	0.000	0.7912	0.5847	1
1789	1927	-176.062	0.000	0.7409	0.5701	1
1789	1929	-108.021	0.000	0.7141	0.5349	1
1789	1932	-105.025	0.000	0.8557	0.6659	1
1789	1934	26.016	0.000	0.8832	0.7741	1
1789	1935	97.053	0.000	0.8166	0.5652	1
1789	1947	-178.075	0.000	0.8592	0.6568	1
1789	1995	-192.057	0.000	0.7429	0.5315	1
1789	2010	-144.090	0.000	0.7125	0.5205	1
1789	2028	-0.000	0.000	0.9222	0.7243	1
1789	2088	-293.138	0.000	0.7721	0.4837	1
1789	2092	69.047	0.000	0.7913	0.6549	1
1789	2112	-121.020	0.000	0.7744	0.5652	1
1789	2120	96.049	0.000	0.7993	0.6572	1
1789	2139	25.012	0.000	0.7022	0.6190	1
1789	2140	-3.995	0.000	0.8068	0.6440	1
1789	2141	97.053	0.000	0.8606	0.6670	1
1789	2145	26.015	0.000	0.9136	0.8377	1
1789	2147	-130.075	0.000	0.8807	0.7743	1
1789	2148	-105.026	0.000	0.8265	0.6377	1
1789	2150	-490.275	0.000	0.8217	0.5889	1
1789	2152	-61.016	0.000	0.8193	0.6079	1
1789	2190	-121.021	0.000	0.7733	0.5756	1
1789	2194	40.031	0.000	0.7745	0.7441	1
1789	2202	26.016	0.000	0.7147	0.7647	1
1789	2210	-550.262	0.000	0.7965	0.5848	1
1789	2227	-102.043	0.000	0.7669	0.5887	1
1789	2230	-16.990	0.000	0.7340	0.5701	1
1789	2236	69.046	0.000	0.7735	0.6493	1
1789	2245	-105.026	0.000	0.8112	0.5826	1
1789	2248	-61.017	0.000	0.7040	0.5273	1
1789	2249	10.020	0.000	0.8540	0.7418	1
1789	2273	40.031	0.000	0.7710	0.8260	1
1789	2283	-88.028	0.000	0.7929	0.6072	1
1789	2288	-118.038	0.000	0.8351	0.5848	1
1789	2300	-105.025	0.000	0.8439	0.6436	1
1789	2328	-145.049	0.000	0.7513	0.5054	1
1789	2331	-105.025	0.000	0.8482	0.6358	1
1789	2376	-121.020	0.000	0.7603	0.5704	1
1789	2413	-121.020	0.000	0.7647	0.5586	1
1789	2428	-121.020	0.000	0.7268	0.4897	1
1789	2430	-121.020	0.000	0.7675	0.5486	1
1789	2446	-121.020	0.000	0.7583	0.5506	1
1789	2465	-59.048	0.000	0.7192	0.6964	1
1789	2466	-59.048	0.000	0.7349	0.6027	1
1789	2473	-59.048	0.000	0.7137	0.5728	1
1791	1867	-27.995	0.000	0.8254	0.7412	1
1791	2356	-27.048	0.000	0.7034	0.8185	1
1792	1799	-202.078	0.000	0.7064	0.5079	1
1792	1838	-113.084	0.000	0.7893	0.6097	1
1792	1840	-86.996	0.000	0.7641	0.5594	1
1792	1847	-184.121	0.000	0.7066	0.4532	1
1792	1893	-3.959	0.000	0.8221	0.7127	1
1792	1895	-87.068	0.000	0.7864	0.6510	1
1792	1901	-99.069	0.000	0.7312	0.6370	1
1792	1904	-2.016	0.000	0.7862	0.7250	1
1792	1914	-101.084	0.000	0.7122	0.6529	1
1792	1930	-87.068	0.000	0.7969	0.7007	1
1792	1932	-202.078	0.000	0.7302	0.4846	1
1792	1934	-71.037	0.000	0.7512	0.4917	1
1792	1935	0.000	0.000	0.9782	0.8997	1
1792	1939	-73.053	0.000	0.8399	0.7001	1
1792	1944	-16.031	0.000	0.7105	0.7691	1
1792	1945	-50.016	0.000	0.7117	0.7668	1
1792	1947	-275.127	0.000	0.7071	0.4750	1
1792	1951	-13.943	0.000	0.7652	0.6543	1
1792	1966	-73.053	0.000	0.8575	0.7212	1
1792	1968	-117.079	0.000	0.8297	0.6309	1
1792	1986	-103.063	0.000	0.8229	0.5914	1
1792	1999	-130.074	0.000	0.7110	0.4563	1
1792	2000	-16.031	0.000	0.9109	0.8503	1
1792	2007	10.057	0.000	0.8116	0.7177	1
1792	2025	-260.083	0.000	0.7322	0.4810	1
1792	2026	-103.063	0.000	0.8268	0.6151	1
1792	2028	-97.053	0.000	0.7991	0.4738	1
1792	2043	-73.053	0.000	0.8280	0.6796	1
1792	2048	-17.938	0.000	0.7259	0.6099	1
1792	2075	-59.037	0.000	0.8359	0.7475	1
1792	2081	-103.064	0.000	0.8507	0.6397	1
1792	2092	-28.006	0.000	0.8049	0.6342	1
1792	2093	-131.070	0.000	0.7317	0.5565	1
1792	2104	-89.027	0.000	0.7017	0.6791	1
1792	2105	-116.059	0.000	0.7317	0.5517	1
1792	2114	-2.016	0.000	0.9040	0.8058	1
1792	2115	-59.037	0.000	0.7573	0.5274	1
1792	2120	-1.004	0.000	0.7734	0.6288	1
1792	2127	-142.075	0.000	0.7867	0.5797	1
1792	2136	-89.048	0.000	0.8394	0.6134	1
1792	2140	-101.048	0.000	0.8062	0.5657	1
1792	2141	-0.000	0.000	0.9739	0.8548	1
1792	2145	-71.037	0.000	0.7584	0.5509	1
1792	2147	-227.127	0.000	0.7085	0.5656	1
1792	2148	-202.079	0.000	0.7111	0.5053	1
1792	2152	-158.069	0.000	0.7682	0.5492	1
1792	2159	-17.974	0.000	0.7262	0.6795	1
1792	2181	69.047	0.000	0.7258	0.5306	1
1792	2194	-57.022	0.000	0.7141	0.4987	1
1792	2202	-71.037	0.000	0.7132	0.6007	1
1792	2209	-0.000	0.000	0.7862	0.8284	1
1792	2236	-28.006	0.000	0.7849	0.5691	1
1792	2245	-202.079	0.000	0.7290	0.4644	1
1792	2248	-158.069	0.000	0.7083	0.4067	1
1792	2249	-87.033	0.000	0.8104	0.5435	1
1792	2252	-74.996	0.000	0.7106	0.5871	1
1792	2259	-45.022	0.000	0.8028	0.6004	1
1792	2273	-57.022	0.000	0.7793	0.6492	1
1792	2292	-31.006	0.000	0.7759	0.5628	1
1792	2295	-75.032	0.000	0.7476	0.5799	1
1792	2299	-39.970	0.000	0.8145	0.6825	1
1792	2300	-202.078	0.000	0.7498	0.5156	1
1792	2309	-103.027	0.000	0.7637	0.5340	1
1792	2310	-32.001	0.000	0.7206	0.6382	1
1792	2320	-17.974	0.000	0.7783	0.6732	1
1792	2327	-61.016	0.000	0.7439	0.5353	1
1792	2331	-202.078	0.000	0.7494	0.5044	1
1792	2333	-3.995	0.000	0.7830	0.7462	1
1792	2347	-31.990	0.000	0.7206	0.6382	1
1792	2350	40.031	0.000	0.7068	0.8467	1
1792	2363	10.021	0.000	0.7910	0.7042	1
1792	2381	-119.022	0.000	0.7035	0.4457	1
1792	2387	10.021	0.000	0.8405	0.8187	1
1792	2397	-31.006	0.000	0.7627	0.8062	1
1792	2459	-130.111	0.000	0.7235	0.7060	1
1792	2464	-40.006	0.000	0.8799	0.7554	1
1792	2465	-156.101	0.000	0.7484	0.5098	1
1792	2474	-40.006	0.000	0.8592	0.7564	1
1793	1948	-156.053	0.000	0.8800	0.7933	1
1793	2027	-156.054	0.000	0.7965	0.7633	1
1794	1798	1.003	0.000	0.8658	0.7601	1
1794	1905	-30.987	0.000	0.7225	0.6444	1
1794	2028	114.087	0.000	0.7280	0.6332	1
1795	1854	0.036	0.000	0.7023	0.6953	1
1795	2062	29.974	0.000	0.7232	0.6502	1
1795	2196	-18.011	0.000	0.8440	0.7353	1
1795	2234	-25.991	0.000	0.7631	0.5925	1
1795	2339	-35.019	0.000	0.7258	0.5366	1
1796	2061	72.979	0.000	0.7984	0.7057	1
1796	2073	73.004	0.000	0.7412	0.6428	1
1796	2094	-29.975	0.000	0.8940	0.7982	1
1796	2136	129.006	0.000	0.8046	0.6039	1
1796	2293	57.021	0.000	0.7184	0.6717	1
1796	2359	58.005	0.000	0.7072	0.7872	1
1797	1798	-0.000	0.000	0.7304	0.6722	1
1797	1815	-71.959	0.000	0.7117	0.6023	1
1797	1816	-142.075	0.000	0.7710	0.5878	1
1797	1900	-158.070	0.000	0.7677	0.5889	1
1797	2008	211.144	0.000	0.7733	0.5702	1
1797	2009	123.068	0.000	0.7323	0.7246	1
1797	2082	79.078	0.000	0.7101	0.6542	1
1797	2093	79.067	0.000	0.7258	0.6112	1
1798	1799	8.059	0.000	0.7216	0.6577	1
1798	1816	-142.075	0.000	0.8455	0.6849	1
1798	1865	-172.085	0.000	0.7676	0.6249	1
1798	1900	-158.069	0.000	0.8649	0.7211	1
1798	1905	-31.990	0.000	0.7747	0.7441	1
1798	2028	113.084	0.000	0.7643	0.6828	1
1798	2148	8.058	0.000	0.7068	0.6643	1
1798	2152	52.068	0.000	0.7386	0.6897	1
1798	2288	-4.954	0.000	0.7045	0.6038	1
1798	2300	8.059	0.000	0.7039	0.6377	1
1798	2331	8.059	0.000	0.7115	0.6583	1
1799	1825	31.972	0.000	0.7494	0.6029	1
1799	1838	88.994	0.000	0.7384	0.6356	1
1799	1847	17.957	0.000	0.7278	0.6261	1
1799	1860	87.003	0.000	0.7045	0.6446	1
1799	1900	-166.129	0.000	0.7585	0.6092	1
1799	1905	-40.049	0.000	0.8577	0.6866	1
1799	1920	101.019	0.000	0.7143	0.5998	1
1799	1927	-71.037	0.000	0.8372	0.7516	1
1799	1932	-0.000	0.000	0.9095	0.7456	1
1799	1933	-200.079	0.000	0.7186	0.5549	1
1799	1934	131.041	0.000	0.8075	0.6180	1
1799	1935	202.078	0.000	0.7002	0.4592	1
1799	1937	222.618	0.000	0.7278	0.6636	1
1799	1938	-200.080	0.000	0.8025	0.7243	1
1799	1947	-73.050	0.000	0.8109	0.6355	1
1799	1949	45.988	0.000	0.7578	0.7618	1
1799	1977	1.961	0.000	0.7064	0.5690	1
1799	1995	-87.031	0.000	0.8217	0.7276	1
1799	2010	-39.065	0.000	0.7882	0.6596	1
1799	2014	71.020	0.000	0.7121	0.7681	1
1799	2028	105.025	0.000	0.8067	0.6688	1
1799	2049	71.008	0.000	0.7344	0.6052	1
1799	2058	2.015	0.000	0.7069	0.6142	1
1799	2071	58.012	0.000	0.7342	0.6735	1
1799	2082	71.019	0.000	0.7363	0.7149	1
1799	2088	-188.113	0.000	0.7927	0.5633	1
1799	2093	71.008	0.000	0.7362	0.6716	1
1799	2112	-15.995	0.000	0.7953	0.6680	1
1799	2140	101.030	0.000	0.7417	0.6225	1
1799	2145	131.040	0.000	0.7828	0.5586	1
1799	2147	-25.050	0.000	0.8245	0.6702	1
1799	2148	-0.001	0.000	0.9249	0.8355	1
1799	2150	-385.250	0.000	0.8551	0.6877	1
1799	2152	44.009	0.000	0.8278	0.7140	1
1799	2190	-15.995	0.000	0.8066	0.7033	1
1799	2210	-445.237	0.000	0.8750	0.7688	1
1799	2227	2.982	0.000	0.7339	0.5942	1
1799	2245	-0.001	0.000	0.8816	0.7620	1
1799	2248	44.008	0.000	0.7095	0.5960	1
1799	2283	16.997	0.000	0.8011	0.7088	1
1799	2288	-13.013	0.000	0.7826	0.5899	1
1799	2300	-0.000	0.000	0.9138	0.7692	1
1799	2328	-40.024	0.000	0.7615	0.5885	1
1799	2331	-0.000	0.000	0.9202	0.7947	1
1799	2351	184.092	0.000	0.7044	0.6082	1
1799	2376	-15.995	0.000	0.7781	0.6574	1
1799	2413	-15.995	0.000	0.7923	0.6754	1
1799	2428	-15.995	0.000	0.7636	0.6293	1
1799	2430	-15.995	0.000	0.7743	0.6209	1
1799	2446	-15.995	0.000	0.7874	0.6755	1
1800	1921	14.016	0.000	0.8835	0.8588	1
1801	2258	111.031	0.000	0.8590	0.6243	1
1801	2279	111.032	0.000	0.8983	0.7136	1
1803	1804	17.027	0.000	0.9554	0.8618	1
1803	1873	-53.027	0.000	0.8519	0.7232	1
1803	1916	-147.042	0.000	0.7186	0.5036	1
1804	1873	-70.053	0.000	0.7078	0.7358	1
1804	1916	-164.068	0.000	0.7228	0.5067	1
1804	2163	1.968	0.000	0.8943	0.7378	1
1804	2178	0.984	0.000	0.9065	0.8013	1
1806	1811	-1.004	0.000	0.8261	0.6734	1
1806	1855	-115.027	0.000	0.7604	0.6843	1
1806	1941	-216.075	0.000	0.7135	0.5020	1
1806	2078	-14.975	0.000	0.7609	0.6387	1
1806	2103	-23.016	0.000	0.7131	0.7756	1
1806	2138	-15.960	0.000	0.7753	0.7137	1
1806	2172	-15.959	0.000	0.7720	0.7334	1
1807	1808	1.003	0.000	0.7829	0.6128	1
1807	1810	58.024	0.000	0.7099	0.5507	1
1807	1819	-129.042	0.000	0.8052	0.6703	1
1807	1829	14.034	0.000	0.7304	0.5418	1
1807	1836	72.040	0.000	0.7059	0.6150	1
1808	1810	57.021	0.000	0.8489	0.7516	1
1808	1817	-111.032	0.000	0.7014	0.5786	1
1808	1818	-129.043	0.000	0.7582	0.5399	1
1808	1819	-130.045	0.000	0.7143	0.4766	1
1808	1836	71.037	0.000	0.8242	0.7160	1
1808	1848	142.074	0.000	0.7241	0.5322	1
1808	1876	71.037	0.000	0.8217	0.6133	1
1808	1964	71.037	0.000	0.7942	0.7014	1
1808	2137	170.105	0.000	0.7310	0.5014	1
1808	2213	113.084	0.000	0.7165	0.5848	1
1808	2263	83.073	0.000	0.7728	0.7046	1
1808	2280	126.116	0.000	0.7073	0.4245	1
1809	1812	-0.001	0.000	0.7659	0.5985	1
1809	2192	242.125	0.000	0.7159	0.5033	1
1810	1818	-186.065	0.000	0.7393	0.5397	1
1810	1823	71.037	0.000	0.7860	0.6521	1
1810	1824	-25.935	0.000	0.8160	0.6902	1
1810	1829	-43.990	0.000	0.7653	0.6693	1
1810	1871	71.037	0.000	0.7882	0.6708	1
1810	1879	-25.935	0.000	0.7614	0.5846	1
1810	1915	-57.021	0.000	0.7592	0.6617	1
1810	1950	-15.995	0.000	0.9551	0.8675	1
1810	2070	-57.022	0.000	0.7819	0.6330	1
1810	2137	113.084	0.000	0.7011	0.5345	1
1810	2213	56.062	0.000	0.7524	0.7114	1
1810	2263	26.052	0.000	0.8224	0.7568	1
1811	2138	-14.956	0.000	0.7402	0.6630	1
1811	2172	-14.955	0.000	0.7265	0.6599	1
1812	2192	242.126	0.000	0.7781	0.6460	1
1814	1831	-71.037	0.000	0.8232	0.6402	1
1814	2068	-556.287	0.000	0.7826	0.5296	1
1814	2248	87.980	0.000	0.7050	0.5289	1
1815	1895	195.028	0.000	0.7227	0.5905	1
1815	2079	-103.101	0.000	0.7629	0.5095	1
1815	2287	-426.152	0.000	0.7167	0.4550	1
1816	1865	-30.011	0.000	0.8584	0.7587	1
1816	1900	-15.995	0.000	0.9455	0.8600	1
1816	2010	111.068	0.000	0.7033	0.5182	1
1816	2028	255.159	0.000	0.7158	0.5925	1
1817	2415	-146.106	0.000	0.7577	0.4827	1
1818	1819	-1.002	0.000	0.8289	0.7256	1
1818	1872	71.037	0.000	0.8247	0.6949	1
1822	1880	27.995	0.000	0.9550	0.8480	1
1822	1885	101.047	0.000	0.7582	0.4695	1
1822	1924	-9.984	0.000	0.7644	0.7166	1
1822	1960	14.016	0.000	0.8863	0.6618	1
1822	2067	-13.980	0.000	0.7142	0.5759	1
1822	2280	-36.011	0.000	0.8197	0.5724	1
1823	1836	-57.021	0.000	0.8562	0.5974	1
1823	1848	14.016	0.000	0.7175	0.7648	1
1823	1871	-0.000	0.000	0.9788	0.8544	1
1823	1872	-186.064	0.000	0.8170	0.4358	1
1823	1873	40.031	0.000	0.7561	0.6249	1
1823	1876	-57.022	0.000	0.8829	0.6351	1
1823	1898	-87.032	0.000	0.8560	0.5411	1
1823	1950	-87.032	0.000	0.7044	0.6052	1
1823	1964	-57.021	0.000	0.8659	0.5415	1
1823	1973	-115.027	0.000	0.7669	0.3858	1
1823	1997	-43.006	0.000	0.8877	0.6159	1
1823	2001	-87.032	0.000	0.8117	0.4420	1
1823	2005	14.016	0.000	0.9714	0.8205	1
1823	2034	-146.999	0.000	0.7958	0.4361	1
1823	2036	16.031	0.000	0.7650	0.7398	1
1823	2052	-49.979	0.000	0.9413	0.7191	1
1823	2053	-73.017	0.000	0.7662	0.4427	1
1823	2103	-115.027	0.000	0.8031	0.5159	1
1823	2146	12.036	0.000	0.7158	0.6564	1
1823	2198	42.047	0.000	0.9363	0.8104	1
1823	2213	-14.975	0.000	0.8117	0.6551	1
1823	2238	12.036	0.000	0.8990	0.6858	1
1823	2251	16.031	0.000	0.7703	0.7033	1
1823	2264	-15.959	0.000	0.7501	0.5838	1
1823	2268	-162.995	0.000	0.7263	0.3208	1
1823	2269	56.062	0.000	0.8264	0.7809	1
1823	2302	26.052	0.000	0.7014	0.7796	1
1823	2304	16.031	0.000	0.7639	0.7246	1
1823	2312	-0.959	0.000	0.7115	0.6487	1
1823	2314	16.031	0.000	0.7403	0.6350	1
1823	2345	26.052	0.000	0.7156	0.7796	1
1823	2410	16.031	0.000	0.7529	0.6989	1
1823	2432	-128.095	0.000	0.7501	0.4205	1
1823	2474	-15.011	0.000	0.7286	0.5773	1
1824	1829	-18.055	0.000	0.7176	0.6032	1
1824	1879	-0.000	0.000	0.7930	0.7282	1
1824	1898	9.940	0.000	0.7058	0.6363	1
1824	1915	-31.086	0.000	0.7041	0.6460	1
1824	1950	9.940	0.000	0.8368	0.6780	1
1824	2070	-31.087	0.000	0.7054	0.6481	1
1825	1847	-14.016	0.000	0.7076	0.6198	1
1825	1905	-72.021	0.000	0.7214	0.5940	1
1825	1917	-13.991	0.000	0.7083	0.6149	1
1825	1927	-103.009	0.000	0.7002	0.4950	1
1825	1932	-31.973	0.000	0.7056	0.4962	1
1825	1949	14.016	0.000	0.7531	0.5579	1
1825	2028	73.053	0.000	0.7178	0.5622	1
1825	2140	69.057	0.000	0.7542	0.6839	1
1825	2148	-31.973	0.000	0.7407	0.5970	1
1825	2152	12.036	0.000	0.8048	0.6002	1
1825	2194	113.084	0.000	0.7103	0.5075	1
1825	2245	-31.973	0.000	0.7199	0.5682	1
1825	2283	-14.975	0.000	0.7218	0.5853	1
1825	2300	-31.973	0.000	0.7098	0.4930	1
1825	2331	-31.973	0.000	0.7274	0.5306	1
1826	1854	-54.011	0.000	0.7666	0.6795	1
1826	1857	-71.037	0.000	0.7587	0.5776	1
1826	1913	-30.010	0.000	0.7785	0.7463	1
1826	1961	-58.005	0.000	0.7346	0.5836	1
1826	2350	0.948	0.000	0.7781	0.7241	1
1828	1868	156.053	0.000	0.7115	0.6033	1
1829	1836	58.005	0.000	0.7111	0.7318	1
1829	1898	27.995	0.000	0.7819	0.7813	1
1829	1906	-14.034	0.000	0.7265	0.5930	1
1829	1915	-13.032	0.000	0.9050	0.7446	1
1829	1950	27.995	0.000	0.7806	0.6700	1
1829	1982	0.984	0.000	0.7269	0.5266	1
1829	2036	131.058	0.000	0.7205	0.4681	1
1829	2070	-13.032	0.000	0.8815	0.6718	1
1829	2251	131.058	0.000	0.7192	0.4553	1
1829	2280	113.084	0.000	0.7644	0.5192	1
1829	2302	141.079	0.000	0.7473	0.5712	1
1829	2304	131.058	0.000	0.7053	0.4017	1
1829	2314	131.058	0.000	0.7088	0.4553	1
1829	2345	141.079	0.000	0.7432	0.5211	1
1829	2410	131.058	0.000	0.7108	0.4501	1
1830	1896	-101.048	0.000	0.8730	0.7576	1
1831	2068	-485.251	0.000	0.7020	0.4440	1
1832	1853	-39.995	0.000	0.7911	0.6229	1
1832	1854	-58.005	0.000	0.7654	0.5310	1
1832	1951	-57.022	0.000	0.7293	0.6116	1
1832	1992	11.952	0.000	0.7781	0.5268	1
1832	1998	11.927	0.000	0.7938	0.6037	1
1832	2012	25.943	0.000	0.7991	0.5577	1
1832	2074	-51.048	0.000	0.7898	0.5734	1
1832	2198	-26.027	0.000	0.7550	0.4954	1
1833	1877	14.016	0.000	0.7186	0.6226	1
1833	1889	-83.037	0.000	0.7339	0.5858	1
1833	1893	-30.011	0.000	0.7231	0.5454	1
1833	1928	-87.032	0.000	0.7449	0.4419	1
1833	2007	-15.995	0.000	0.7275	0.6159	1
1833	2048	-43.990	0.000	0.7266	0.5775	1
1833	2114	-28.068	0.000	0.7204	0.6147	1
1834	2330	-41.063	0.000	0.7602	0.6558	1
1834	2442	-41.063	0.000	0.7333	0.6229	1
1834	2460	-41.063	0.000	0.7016	0.5775	1
1834	2477	-178.121	0.000	0.7083	0.5461	1
1836	1850	-44.026	0.000	0.7193	0.6882	1
1836	1871	57.021	0.000	0.8798	0.6727	1
1836	1872	-129.043	0.000	0.8374	0.6326	1
1836	1876	-0.000	0.000	0.9006	0.7461	1
1836	1898	-30.011	0.000	0.8924	0.7429	1
1836	1964	0.000	0.000	0.8082	0.6296	1
1836	1973	-58.005	0.000	0.7909	0.5823	1
1836	1997	14.016	0.000	0.9194	0.7877	1
1836	2001	-30.010	0.000	0.8082	0.6254	1
1836	2005	71.037	0.000	0.8100	0.4924	1
1836	2034	-89.978	0.000	0.7605	0.4760	1
1836	2052	7.042	0.000	0.7678	0.4244	1
1836	2053	-15.995	0.000	0.7489	0.5220	1
1836	2070	-71.038	0.000	0.7083	0.6450	1
1836	2103	-58.006	0.000	0.7325	0.5515	1
1836	2198	99.068	0.000	0.7746	0.4544	1
1836	2213	42.047	0.000	0.9012	0.7933	1
1836	2238	69.058	0.000	0.8718	0.6453	1
1836	2251	73.052	0.000	0.7108	0.4646	1
1836	2263	12.036	0.000	0.7547	0.7361	1
1836	2268	-105.973	0.000	0.7166	0.4373	1
1836	2269	113.084	0.000	0.8043	0.5956	1
1836	2345	83.073	0.000	0.7252	0.5611	1
1836	2432	-71.074	0.000	0.7477	0.6116	1
1838	1841	-15.922	0.000	0.7227	0.8007	1
1838	1847	-71.037	0.000	0.7893	0.6763	1
1838	1874	-71.037	0.000	0.8008	0.7225	1
1838	1901	14.016	0.000	0.7870	0.7228	1
1838	1905	-129.043	0.000	0.7529	0.6770	1
1838	1919	69.047	0.000	0.7410	0.6959	1
1838	1932	-88.994	0.000	0.7611	0.6572	1
1838	1934	42.047	0.000	0.7949	0.7473	1
1838	1935	113.084	0.000	0.8024	0.5902	1
1838	1946	-72.996	0.000	0.8346	0.6620	1
1838	1947	-162.043	0.000	0.7641	0.6714	1
1838	1949	-43.006	0.000	0.7399	0.7188	1
1838	1972	-31.990	0.000	0.7253	0.6981	1
1838	1977	-87.033	0.000	0.7255	0.5897	1
1838	1984	-57.021	0.000	0.7076	0.6030	1
1838	1985	14.016	0.000	0.8948	0.8148	1
1838	2009	26.016	0.000	0.7143	0.7621	1
1838	2015	-3.995	0.000	0.7619	0.8068	1
1838	2017	-31.990	0.000	0.7242	0.7030	1
1838	2028	16.031	0.000	0.8183	0.7967	1
1838	2037	-3.995	0.000	0.7543	0.7927	1
1838	2039	-57.022	0.000	0.7242	0.5659	1
1838	2061	-31.990	0.000	0.7353	0.7899	1
1838	2071	-30.982	0.000	0.7494	0.7168	1
1838	2073	-31.966	0.000	0.7556	0.7346	1
1838	2082	-17.974	0.000	0.7740	0.7424	1
1838	2093	-17.986	0.000	0.7576	0.6884	1
1838	2097	-16.990	0.000	0.7820	0.8024	1
1838	2109	-87.032	0.000	0.7672	0.5830	1
1838	2116	10.020	0.000	0.7185	0.6988	1
1838	2127	-28.991	0.000	0.7581	0.5591	1
1838	2134	14.126	0.000	0.7233	0.5970	1
1838	2140	12.036	0.000	0.8337	0.8306	1
1838	2141	113.084	0.000	0.7997	0.5696	1
1838	2142	-16.991	0.000	0.7711	0.7219	1
1838	2145	42.047	0.000	0.8138	0.7604	1
1838	2147	-114.043	0.000	0.7208	0.7320	1
1838	2148	-88.994	0.000	0.7595	0.6802	1
1838	2150	-474.244	0.000	0.7089	0.6172	1
1838	2194	56.062	0.000	0.7720	0.7606	1
1838	2202	42.047	0.000	0.8994	0.7714	1
1838	2207	-73.017	0.000	0.7051	0.5485	1
1838	2209	113.084	0.000	0.7661	0.5618	1
1838	2210	-534.231	0.000	0.7097	0.5990	1
1838	2216	-215.091	0.000	0.7097	0.5544	1
1838	2230	-0.959	0.000	0.7089	0.7095	1
1838	2239	-16.991	0.000	0.7360	0.7066	1
1838	2242	-28.991	0.000	0.7063	0.4941	1
1838	2245	-88.994	0.000	0.7283	0.5482	1
1838	2249	26.052	0.000	0.8687	0.8938	1
1838	2261	-72.980	0.000	0.7449	0.6080	1
1838	2265	-2.975	0.000	0.7537	0.7018	1
1838	2273	56.062	0.000	0.9226	0.8251	1
1838	2288	-102.007	0.000	0.7085	0.5792	1
1838	2300	-88.994	0.000	0.7813	0.6608	1
1838	2303	-59.001	0.000	0.7608	0.6171	1
1838	2328	-129.018	0.000	0.7202	0.6438	1
1838	2331	-88.994	0.000	0.7659	0.6086	1
1838	2353	-19.953	0.000	0.7115	0.6625	1
1838	2358	-44.985	0.000	0.7529	0.5965	1
1838	2369	-32.949	0.000	0.7396	0.6688	1
1838	2376	-104.989	0.000	0.7071	0.6030	1
1838	2403	96.094	0.000	0.7035	0.6674	1
1838	2432	-40.006	0.000	0.7394	0.7297	1
1838	2437	-160.086	0.000	0.7020	0.6617	1
1838	2459	-17.027	0.000	0.7796	0.6943	1
1838	2465	-43.017	0.000	0.7176	0.6218	1
1839	1843	0.070	0.000	0.9586	0.9013	1
1839	1869	0.070	0.000	0.9825	0.9527	1
1839	1974	0.070	0.000	0.7386	0.4269	1
1839	2197	24.081	0.000	0.7359	0.4513	1
1839	2241	24.081	0.000	0.7157	0.3109	1
1839	2260	-15.926	0.000	0.7363	0.4613	1
1839	2380	-15.925	0.000	0.7244	0.3781	1
1840	1935	86.996	0.000	0.7237	0.4567	1
1840	2044	-3.995	0.000	0.8598	0.6975	1
1840	2106	10.021	0.000	0.8274	0.7311	1
1840	2133	10.020	0.000	0.8128	0.7153	1
1840	2140	-14.053	0.000	0.7144	0.7120	1
1840	2141	86.995	0.000	0.7277	0.4634	1
1840	2257	-227.164	0.000	0.7930	0.6482	1
1840	2284	-227.164	0.000	0.7940	0.6366	1
1841	1895	41.938	0.000	0.7414	0.5925	1
1841	1930	41.938	0.000	0.7481	0.5667	1
1841	1935	129.006	0.000	0.7126	0.5970	1
1841	1939	55.954	0.000	0.7184	0.5521	1
1841	1944	112.975	0.000	0.8056	0.5502	1
1841	1945	78.991	0.000	0.7786	0.4874	1
1841	1966	55.953	0.000	0.7629	0.5930	1
1841	1968	11.927	0.000	0.7856	0.6968	1
1841	1972	-16.068	0.000	0.7915	0.7119	1
1841	2000	112.975	0.000	0.7638	0.5097	1
1841	2002	-131.095	0.000	0.7097	0.6748	1
1841	2009	41.938	0.000	0.7163	0.6436	1
1841	2014	-2.052	0.000	0.7201	0.5487	1
1841	2015	11.927	0.000	0.7223	0.6412	1
1841	2017	-16.068	0.000	0.7687	0.6788	1
1841	2029	-50.052	0.000	0.7015	0.5386	1
1841	2037	11.927	0.000	0.7169	0.6343	1
1841	2043	55.953	0.000	0.7253	0.5232	1
1841	2048	111.068	0.000	0.7072	0.6371	1
1841	2055	95.018	0.000	0.8004	0.5821	1
1841	2056	-1.068	0.000	0.7233	0.6108	1
1841	2059	-1.518	0.000	0.7069	0.5745	1
1841	2061	-16.068	0.000	0.7117	0.6598	1
1841	2063	126.990	0.000	0.7816	0.4860	1
1841	2073	-16.044	0.000	0.7051	0.6039	1
1841	2074	121.037	0.000	0.7238	0.4413	1
1841	2075	69.969	0.000	0.7668	0.6144	1
1841	2081	25.943	0.000	0.7605	0.6746	1
1841	2082	-2.052	0.000	0.8747	0.7558	1
1841	2093	-2.064	0.000	0.8343	0.7023	1
1841	2097	-1.068	0.000	0.7280	0.6266	1
1841	2104	39.980	0.000	0.7730	0.5882	1
1841	2114	126.990	0.000	0.7605	0.4857	1
1841	2116	25.943	0.000	0.7564	0.6308	1
1841	2117	-2.053	0.000	0.7391	0.6010	1
1841	2123	111.032	0.000	0.7734	0.6792	1
1841	2141	129.006	0.000	0.7088	0.5596	1
1841	2142	-1.069	0.000	0.7696	0.6938	1
1841	2159	111.032	0.000	0.8973	0.7329	1
1841	2170	-2.052	0.000	0.7785	0.6149	1
1841	2171	-103.063	0.000	0.7566	0.6154	1
1841	2209	129.006	0.000	0.7808	0.5490	1
1841	2225	-2.052	0.000	0.7095	0.5899	1
1841	2235	62.996	0.000	0.7849	0.5279	1
1841	2239	-1.069	0.000	0.7774	0.6860	1
1841	2243	26.963	0.000	0.7651	0.6791	1
1841	2250	26.963	0.000	0.7151	0.5504	1
1841	2259	83.984	0.000	0.7735	0.5730	1
1841	2265	12.947	0.000	0.7407	0.6008	1
1841	2278	-3.995	0.000	0.9126	0.8071	1
1841	2286	83.985	0.000	0.7545	0.5366	1
1841	2292	98.000	0.000	0.7458	0.4728	1
1841	2293	-32.026	0.000	0.8443	0.7253	1
1841	2295	53.974	0.000	0.8074	0.6234	1
1841	2309	25.979	0.000	0.7834	0.6794	1
1841	2310	97.005	0.000	0.8156	0.5699	1
1841	2317	23.964	0.000	0.7975	0.6740	1
1841	2320	111.032	0.000	0.9128	0.7434	1
1841	2324	155.022	0.000	0.7841	0.5291	1
1841	2327	67.990	0.000	0.8136	0.6739	1
1841	2333	125.011	0.000	0.8672	0.6194	1
1841	2334	124.008	0.000	0.7268	0.5375	1
1841	2344	25.979	0.000	0.7653	0.6531	1
1841	2346	-132.054	0.000	0.7074	0.5393	1
1841	2347	97.016	0.000	0.8156	0.5699	1
1841	2349	10.968	0.000	0.7182	0.5355	1
1841	2350	169.037	0.000	0.8240	0.4864	1
1841	2353	-4.031	0.000	0.8733	0.7589	1
1841	2356	112.016	0.000	0.8266	0.6653	1
1841	2359	-31.042	0.000	0.7571	0.6364	1
1841	2360	37.979	0.000	0.7409	0.6020	1
1841	2362	97.016	0.000	0.8165	0.6078	1
1841	2363	139.027	0.000	0.7740	0.4545	1
1841	2365	67.990	0.000	0.7563	0.5896	1
1841	2369	-17.026	0.000	0.8143	0.7014	1
1841	2379	65.013	0.000	0.7975	0.6589	1
1841	2381	9.984	0.000	0.7338	0.5671	1
1841	2385	37.979	0.000	0.7619	0.5840	1
1841	2387	139.027	0.000	0.8465	0.6079	1
1841	2393	24.000	0.000	0.9403	0.8485	1
1841	2394	82.005	0.000	0.7622	0.5214	1
1841	2397	98.000	0.000	0.8158	0.5145	1
1841	2401	139.027	0.000	0.7889	0.4994	1
1841	2403	112.016	0.000	0.8226	0.6490	1
1841	2405	169.037	0.000	0.7181	0.4601	1
1841	2414	10.968	0.000	0.7471	0.6436	1
1841	2437	-144.163	0.000	0.7174	0.5369	1
1841	2459	-1.104	0.000	0.8126	0.6230	1
1842	1862	-0.000	0.000	0.9577	0.9018	1
1843	1869	-0.000	0.000	0.9197	0.8523	1
1843	1974	0.000	0.000	0.8540	0.5452	1
1843	2197	24.011	0.000	0.8443	0.5544	1
1843	2241	24.011	0.000	0.8322	0.4178	1
1843	2260	-15.995	0.000	0.8518	0.6075	1
1843	2380	-15.995	0.000	0.8318	0.4734	1
1844	2158	-4.492	0.000	0.7079	0.4939	1
1845	1913	-27.995	0.000	0.8612	0.7277	1
1845	1960	-13.979	0.000	0.8909	0.8418	1
1845	2007	-27.011	0.000	0.7987	0.6239	1
1845	2020	14.016	0.000	0.9111	0.9097	1
1845	2363	-27.047	0.000	0.7383	0.8048	1
1845	2387	-27.047	0.000	0.7326	0.7655	1
1846	1873	-25.979	0.000	0.8381	0.6936	1
1846	2107	-43.990	0.000	0.8995	0.7829	1
1846	2181	28.031	0.000	0.9212	0.7937	1
1846	2315	-86.995	0.000	0.7035	0.4712	1
1847	1874	-0.000	0.000	0.9707	0.9116	1
1847	1905	-58.005	0.000	0.7718	0.6496	1
1847	1932	-17.957	0.000	0.7486	0.5996	1
1847	1934	113.084	0.000	0.7531	0.6067	1
1847	1935	184.121	0.000	0.7103	0.4332	1
1847	1968	67.042	0.000	0.7140	0.6510	1
1847	1977	-15.995	0.000	0.7059	0.5607	1
1847	1984	14.016	0.000	0.7024	0.6234	1
1847	1989	-121.017	0.000	0.7027	0.4757	1
1847	2028	87.068	0.000	0.7110	0.5438	1
1847	2047	42.047	0.000	0.7700	0.4986	1
1847	2071	40.055	0.000	0.7398	0.6558	1
1847	2097	54.047	0.000	0.7179	0.6841	1
1847	2127	42.046	0.000	0.7281	0.4577	1
1847	2131	42.047	0.000	0.7258	0.4053	1
1847	2139	112.081	0.000	0.7333	0.6695	1
1847	2145	113.084	0.000	0.7761	0.6057	1
1847	2148	-17.957	0.000	0.7629	0.6631	1
1847	2150	-403.207	0.000	0.7013	0.6227	1
1847	2200	42.047	0.000	0.7727	0.4544	1
1847	2202	113.084	0.000	0.7869	0.5754	1
1847	2227	-14.975	0.000	0.7465	0.5766	1
1847	2242	42.046	0.000	0.7584	0.5440	1
1847	2245	-17.957	0.000	0.7302	0.5290	1
1847	2248	26.052	0.000	0.8484	0.7617	1
1847	2273	127.100	0.000	0.7276	0.6223	1
1847	2300	-17.957	0.000	0.7415	0.5417	1
1847	2331	-17.957	0.000	0.7394	0.5529	1
1848	1871	-14.016	0.000	0.7284	0.7780	1
1848	1973	-129.043	0.000	0.7177	0.4756	1
1848	2036	2.016	0.000	0.8948	0.7835	1
1848	2052	-63.995	0.000	0.7573	0.6890	1
1848	2053	-87.032	0.000	0.7293	0.5514	1
1848	2062	25.990	0.000	0.8544	0.6110	1
1848	2101	99.068	0.000	0.8678	0.5769	1
1848	2137	28.031	0.000	0.9661	0.7940	1
1848	2146	-1.979	0.000	0.9282	0.6976	1
1848	2198	28.031	0.000	0.8227	0.7863	1
1848	2213	-28.990	0.000	0.8310	0.6871	1
1848	2234	-29.974	0.000	0.9344	0.7128	1
1848	2238	-1.979	0.000	0.7257	0.5785	1
1848	2251	2.015	0.000	0.9086	0.8122	1
1848	2263	-59.001	0.000	0.7397	0.5044	1
1848	2264	-29.975	0.000	0.7111	0.5818	1
1848	2269	42.047	0.000	0.9368	0.7940	1
1848	2280	-15.959	0.000	0.9341	0.7747	1
1848	2297	99.068	0.000	0.8751	0.5955	1
1848	2298	30.047	0.000	0.7948	0.5479	1
1848	2299	-28.990	0.000	0.7987	0.5616	1
1848	2302	12.036	0.000	0.9477	0.8406	1
1848	2304	2.016	0.000	0.9093	0.7940	1
1848	2312	-14.975	0.000	0.8844	0.6758	1
1848	2314	2.016	0.000	0.8855	0.7296	1
1848	2345	12.036	0.000	0.9288	0.8003	1
1848	2410	2.016	0.000	0.8975	0.7650	1
1848	2416	99.068	0.000	0.8525	0.5955	1
1848	2427	-4.026	0.000	0.7445	0.4769	1
1848	2431	-263.103	0.000	0.7236	0.3948	1
1848	2439	-4.027	0.000	0.7613	0.5146	1
1848	2444	99.068	0.000	0.8558	0.5955	1
1848	2447	-4.482	0.000	0.7313	0.4047	1
1848	2464	-29.027	0.000	0.8039	0.5933	1
1848	2474	-29.026	0.000	0.7963	0.5989	1
1848	2477	-376.222	0.000	0.7023	0.4365	1
1850	2238	113.084	0.000	0.7072	0.6387	1
1852	1853	36.021	0.000	0.8268	0.7014	1
1852	1854	18.011	0.000	0.8969	0.8056	1
1852	1857	0.984	0.000	0.8835	0.7941	1
1852	1923	14.016	0.000	0.8503	0.7116	1
1852	1951	18.994	0.000	0.7677	0.6778	1
1852	1952	0.984	0.000	0.9248	0.8785	1
1852	1957	-129.042	0.000	0.8815	0.7573	1
1852	1998	87.943	0.000	0.7755	0.5190	1
1852	2012	101.959	0.000	0.7184	0.4125	1
1852	2074	24.969	0.000	0.8156	0.7129	1
1852	2196	-0.036	0.000	0.7678	0.6365	1
1852	2293	-128.095	0.000	0.7143	0.6240	1
1852	2310	0.937	0.000	0.8275	0.7685	1
1852	2333	28.943	0.000	0.7023	0.6952	1
1852	2347	0.947	0.000	0.8275	0.7685	1
1852	2362	0.947	0.000	0.8603	0.7624	1
1853	1854	-18.011	0.000	0.9172	0.7814	1
1853	1857	-35.037	0.000	0.7281	0.5096	1
1853	1924	-3.995	0.000	0.8345	0.7240	1
1853	1944	-19.115	0.000	0.7909	0.6219	1
1853	1945	-53.099	0.000	0.7670	0.5672	1
1853	1951	-17.027	0.000	0.8091	0.5866	1
1853	1952	-35.037	0.000	0.7851	0.6136	1
1853	1954	24.000	0.000	0.8175	0.7083	1
1853	1991	-3.011	0.000	0.7007	0.5477	1
1853	1998	51.922	0.000	0.8395	0.6414	1
1853	2055	-37.071	0.000	0.8003	0.7059	1
1853	2062	11.927	0.000	0.8434	0.7743	1
1853	2063	-5.100	0.000	0.8003	0.6458	1
1853	2074	-11.053	0.000	0.9254	0.7303	1
1853	2085	79.953	0.000	0.9346	0.6691	1
1853	2196	-36.058	0.000	0.8882	0.7286	1
1853	2209	-3.084	0.000	0.7216	0.5953	1
1853	2235	-69.094	0.000	0.7757	0.5666	1
1853	2310	-35.084	0.000	0.7032	0.6493	1
1853	2323	39.958	0.000	0.8330	0.7320	1
1853	2324	22.932	0.000	0.8315	0.7200	1
1853	2333	-7.079	0.000	0.7945	0.6334	1
1853	2347	-35.074	0.000	0.7032	0.6493	1
1853	2350	36.948	0.000	0.7522	0.6489	1
1853	2353	-136.121	0.000	0.7020	0.4833	1
1853	2362	-35.074	0.000	0.8071	0.6633	1
1853	2397	-34.090	0.000	0.7557	0.5673	1
1853	2401	6.937	0.000	0.8020	0.6499	1
1853	2403	-20.074	0.000	0.7537	0.5891	1
1853	2405	36.948	0.000	0.8162	0.7076	1
1854	1857	-17.027	0.000	0.8042	0.6374	1
1854	1913	24.000	0.000	0.8319	0.7004	1
1854	1923	-3.995	0.000	0.7771	0.6633	1
1854	1924	14.016	0.000	0.8761	0.7631	1
1854	1944	-1.104	0.000	0.7332	0.6336	1
1854	1951	0.984	0.000	0.8519	0.7372	1
1854	1952	-17.026	0.000	0.7694	0.6485	1
1854	1954	42.011	0.000	0.7727	0.6911	1
1854	1957	-147.053	0.000	0.8133	0.7148	1
1854	2055	-19.061	0.000	0.7343	0.5801	1
1854	2062	29.938	0.000	0.7512	0.5762	1
1854	2063	12.911	0.000	0.7382	0.5943	1
1854	2074	6.958	0.000	0.8316	0.6120	1
1854	2085	97.964	0.000	0.8250	0.4847	1
1854	2196	-18.047	0.000	0.8608	0.7475	1
1854	2234	-26.027	0.000	0.8216	0.7035	1
1854	2235	-51.084	0.000	0.7102	0.5029	1
1854	2264	-26.027	0.000	0.7820	0.6967	1
1854	2323	57.969	0.000	0.7596	0.5512	1
1854	2324	40.943	0.000	0.7694	0.6308	1
1854	2333	10.932	0.000	0.7635	0.6958	1
1854	2339	-35.056	0.000	0.7016	0.5664	1
1854	2362	-17.063	0.000	0.8168	0.7364	1
1854	2397	-16.079	0.000	0.7088	0.5426	1
1854	2401	24.948	0.000	0.7636	0.6666	1
1854	2403	-2.063	0.000	0.7027	0.5753	1
1854	2405	54.958	0.000	0.7669	0.6384	1
1855	1941	-101.048	0.000	0.7039	0.6739	1
1855	2126	70.042	0.000	0.7633	0.7650	1
1856	1942	-101.048	0.000	0.7604	0.5759	1
1857	1918	14.016	0.000	0.8721	0.8019	1
1857	1945	-18.062	0.000	0.7282	0.6561	1
1857	1951	18.011	0.000	0.7012	0.5650	1
1857	1952	0.000	0.000	0.8139	0.6990	1
1857	1957	-130.026	0.000	0.8652	0.7832	1
1857	1993	14.016	0.000	0.7021	0.7119	1
1857	2196	-1.020	0.000	0.7268	0.6405	1
1857	2209	31.954	0.000	0.7437	0.5949	1
1857	2333	27.959	0.000	0.7082	0.6601	1
1857	2339	-18.029	0.000	0.7518	0.6973	1
1857	2359	-128.095	0.000	0.7206	0.6839	1
1857	2362	-0.036	0.000	0.7074	0.7044	1
1857	2397	0.948	0.000	0.7658	0.5854	1
1857	2403	14.963	0.000	0.7085	0.6854	1
1857	2409	-128.095	0.000	0.7284	0.5767	1
1857	2417	-114.079	0.000	0.7002	0.6328	1
1860	1890	37.053	0.000	0.7754	0.6772	1
1860	1895	28.006	0.000	0.7848	0.6800	1
1860	1899	0.000	0.000	0.9673	0.9206	1
1860	1917	-69.022	0.000	0.7052	0.5461	1
1860	1919	71.037	0.000	0.8380	0.7569	1
1860	1920	14.016	0.000	0.8415	0.8317	1
1860	1930	28.006	0.000	0.7388	0.5809	1
1860	1953	14.016	0.000	0.8376	0.7858	1
1860	1963	71.037	0.000	0.8617	0.6987	1
1860	1981	0.000	0.000	0.8897	0.8259	1
1860	1988	-58.005	0.000	0.7218	0.6412	1
1860	2009	28.006	0.000	0.7605	0.6332	1
1860	2019	14.016	0.000	0.9434	0.8580	1
1860	2038	28.031	0.000	0.8454	0.7833	1
1860	2041	-58.006	0.000	0.8279	0.7207	1
1860	2042	53.081	0.000	0.7215	0.5767	1
1860	2049	-15.996	0.000	0.8739	0.8425	1
1860	2066	14.016	0.000	0.8503	0.8110	1
1860	2069	-43.990	0.000	0.8333	0.7505	1
1860	2079	-270.122	0.000	0.7501	0.5837	1
1860	2089	85.053	0.000	0.7394	0.5629	1
1860	2092	87.068	0.000	0.7253	0.6220	1
1860	2095	-1.979	0.000	0.7216	0.6597	1
1860	2130	21.057	0.000	0.7444	0.6163	1
1860	2144	30.047	0.000	0.7423	0.6346	1
1860	2219	21.058	0.000	0.7234	0.6277	1
1860	2224	42.047	0.000	0.8793	0.8142	1
1860	2262	56.063	0.000	0.7728	0.6750	1
1860	2276	113.084	0.000	0.7190	0.6482	1
1860	2277	12.037	0.000	0.7449	0.7612	1
1860	2294	26.052	0.000	0.7341	0.6743	1
1860	2315	69.094	0.000	0.7076	0.5850	1
1860	2322	-1.943	0.000	0.7610	0.6605	1
1860	2341	-3.958	0.000	0.7187	0.6258	1
1860	2351	97.089	0.000	0.7421	0.6376	1
1860	2370	97.089	0.000	0.7502	0.6027	1
1860	2388	97.100	0.000	0.7088	0.6463	1
1860	2400	97.089	0.000	0.7312	0.6239	1
1864	1901	2.016	0.000	0.8265	0.7073	1
1864	1944	85.053	0.000	0.7647	0.5230	1
1864	1945	51.069	0.000	0.7779	0.5204	1
1864	1972	-43.989	0.000	0.8278	0.6688	1
1864	1985	2.016	0.000	0.7355	0.7277	1
1864	1987	-29.984	0.000	0.7058	0.5234	1
1864	2014	-29.974	0.000	0.7638	0.6469	1
1864	2015	-15.995	0.000	0.8191	0.5961	1
1864	2017	-43.990	0.000	0.7865	0.5841	1
1864	2029	-77.974	0.000	0.7656	0.4853	1
1864	2043	28.031	0.000	0.7329	0.7112	1
1864	2055	67.097	0.000	0.7866	0.5761	1
1864	2056	-28.990	0.000	0.7237	0.5121	1
1864	2059	-29.440	0.000	0.7378	0.5639	1
1864	2063	99.068	0.000	0.8101	0.6475	1
1864	2071	-42.982	0.000	0.7379	0.5760	1
1864	2075	42.047	0.000	0.7320	0.5514	1
1864	2097	-28.990	0.000	0.8311	0.6493	1
1864	2102	-15.959	0.000	0.8586	0.6883	1
1864	2104	12.058	0.000	0.8184	0.6777	1
1864	2113	28.032	0.000	0.8451	0.7617	1
1864	2114	99.068	0.000	0.7015	0.6020	1
1864	2115	42.047	0.000	0.8793	0.7423	1
1864	2116	-1.979	0.000	0.8312	0.6739	1
1864	2117	-29.975	0.000	0.9272	0.7759	1
1864	2142	-28.991	0.000	0.7596	0.5684	1
1864	2161	12.037	0.000	0.8497	0.6879	1
1864	2170	-29.974	0.000	0.9000	0.7620	1
1864	2203	42.047	0.000	0.9060	0.8100	1
1864	2209	101.084	0.000	0.7531	0.5409	1
1864	2212	12.037	0.000	0.9052	0.7505	1
1864	2225	-29.974	0.000	0.9043	0.7435	1
1864	2235	35.074	0.000	0.7902	0.5617	1
1864	2237	-14.975	0.000	0.9352	0.7642	1
1864	2239	-28.991	0.000	0.8533	0.7143	1
1864	2265	-14.975	0.000	0.8854	0.7069	1
1864	2273	44.062	0.000	0.7077	0.5892	1
1864	2285	-44.985	0.000	0.7981	0.5359	1
1864	2286	56.063	0.000	0.8574	0.6972	1
1864	2295	26.052	0.000	0.7399	0.5674	1
1864	2306	-86.012	0.000	0.7877	0.5758	1
1864	2310	69.083	0.000	0.7227	0.5508	1
1864	2321	-143.865	0.000	0.7355	0.4540	1
1864	2324	127.100	0.000	0.7826	0.5832	1
1864	2333	97.089	0.000	0.7508	0.5138	1
1864	2336	-144.017	0.000	0.7043	0.4522	1
1864	2339	51.102	0.000	0.7414	0.5648	1
1864	2344	-1.943	0.000	0.8254	0.6169	1
1864	2347	69.094	0.000	0.7227	0.5508	1
1864	2350	141.115	0.000	0.7570	0.4649	1
1864	2353	-31.953	0.000	0.7658	0.5861	1
1864	2362	69.094	0.000	0.8011	0.5747	1
1864	2363	111.105	0.000	0.7037	0.4817	1
1864	2365	40.068	0.000	0.8081	0.5409	1
1864	2387	111.105	0.000	0.7210	0.4831	1
1864	2397	70.078	0.000	0.7947	0.5076	1
1864	2401	111.105	0.000	0.7973	0.5661	1
1864	2403	84.094	0.000	0.8173	0.5937	1
1864	2405	141.115	0.000	0.7585	0.4891	1
1864	2414	-16.954	0.000	0.7727	0.5543	1
1864	2417	-44.949	0.000	0.7501	0.4674	1
1864	2437	-172.085	0.000	0.7103	0.4952	1
1864	2459	-29.026	0.000	0.9048	0.7931	1
1865	1900	14.016	0.000	0.8200	0.6754	1
1865	1943	14.016	0.000	0.8763	0.7900	1
1867	1961	-0.984	0.000	0.8821	0.8781	1
1867	1965	0.984	0.000	0.7751	0.7454	1
1870	1925	0.001	0.000	0.9601	0.8742	1
1870	2419	-384.151	0.000	0.7038	0.5733	1
1870	2425	-384.151	0.000	0.7144	0.5994	1
1870	2453	-384.151	0.000	0.7102	0.6107	1
1871	1872	-186.064	0.000	0.8353	0.4830	1
1871	1873	40.031	0.000	0.7610	0.6120	1
1871	1876	-57.021	0.000	0.9078	0.7215	1
1871	1898	-87.032	0.000	0.8788	0.6254	1
1871	1950	-87.032	0.000	0.7033	0.6317	1
1871	1964	-57.021	0.000	0.8825	0.5929	1
1871	1973	-115.027	0.000	0.7859	0.4284	1
1871	1997	-43.006	0.000	0.9095	0.6869	1
1871	2001	-87.032	0.000	0.8383	0.5099	1
1871	2005	14.016	0.000	0.9790	0.8634	1
1871	2034	-146.999	0.000	0.8064	0.4542	1
1871	2036	16.031	0.000	0.7835	0.7561	1
1871	2052	-49.979	0.000	0.9496	0.7667	1
1871	2053	-73.017	0.000	0.7855	0.4862	1
1871	2103	-115.027	0.000	0.8035	0.4722	1
1871	2146	12.036	0.000	0.7294	0.6425	1
1871	2198	42.047	0.000	0.9211	0.7617	1
1871	2213	-14.975	0.000	0.8214	0.6550	1
1871	2234	-15.959	0.000	0.7029	0.6643	1
1871	2238	12.036	0.000	0.8952	0.6757	1
1871	2251	16.031	0.000	0.7937	0.7415	1
1871	2264	-15.959	0.000	0.7458	0.5181	1
1871	2268	-162.994	0.000	0.7375	0.3484	1
1871	2269	56.062	0.000	0.8181	0.7408	1
1871	2302	26.052	0.000	0.7111	0.7379	1
1871	2304	16.031	0.000	0.7861	0.7664	1
1871	2312	-0.959	0.000	0.7198	0.6220	1
1871	2314	16.031	0.000	0.7704	0.7138	1
1871	2345	26.052	0.000	0.7304	0.7536	1
1871	2410	16.031	0.000	0.7738	0.7260	1
1871	2432	-128.095	0.000	0.7755	0.5459	1
1871	2464	-15.011	0.000	0.7272	0.6852	1
1871	2474	-15.011	0.000	0.7691	0.6852	1
1872	1876	129.043	0.000	0.8293	0.5490	1
1872	1898	99.032	0.000	0.8215	0.6065	1
1872	1964	129.043	0.000	0.7809	0.6102	1
1872	1973	71.037	0.000	0.7972	0.6549	1
1872	1997	143.059	0.000	0.7425	0.4915	1
1872	2001	99.033	0.000	0.7519	0.5293	1
1872	2034	39.065	0.000	0.7427	0.5264	1
1872	2052	136.085	0.000	0.7217	0.4282	1
1872	2053	113.048	0.000	0.7039	0.4936	1
1872	2103	71.037	0.000	0.7193	0.4990	1
1872	2198	228.111	0.000	0.7286	0.3751	1
1872	2432	57.969	0.000	0.8119	0.6126	1
1873	2107	-18.011	0.000	0.7718	0.6467	1
1873	2181	54.011	0.000	0.9413	0.7645	1
1874	1905	-58.005	0.000	0.7690	0.6656	1
1874	1934	113.084	0.000	0.7557	0.6514	1
1874	1968	67.042	0.000	0.7318	0.6804	1
1874	1977	-15.995	0.000	0.7082	0.6186	1
1874	1984	14.016	0.000	0.7170	0.6604	1
1874	1989	-121.017	0.000	0.7121	0.4999	1
1874	2010	-57.022	0.000	0.7196	0.6041	1
1874	2015	67.042	0.000	0.7011	0.7342	1
1874	2028	87.068	0.000	0.7141	0.5808	1
1874	2047	42.047	0.000	0.7944	0.5471	1
1874	2071	40.055	0.000	0.7319	0.6789	1
1874	2097	54.047	0.000	0.7313	0.7212	1
1874	2127	42.046	0.000	0.7056	0.4481	1
1874	2131	42.047	0.000	0.7494	0.4337	1
1874	2139	112.081	0.000	0.7546	0.7154	1
1874	2145	113.084	0.000	0.7768	0.6377	1
1874	2148	-17.957	0.000	0.7125	0.6297	1
1874	2200	42.047	0.000	0.7905	0.4858	1
1874	2202	113.084	0.000	0.7944	0.6078	1
1874	2227	-14.975	0.000	0.7516	0.6236	1
1874	2242	42.047	0.000	0.7763	0.6021	1
1874	2248	26.052	0.000	0.8569	0.7951	1
1874	2273	127.100	0.000	0.7173	0.6237	1
1875	1878	381.679	0.000	0.8488	0.7504	1
1876	1898	-30.010	0.000	0.8859	0.7062	1
1876	1964	0.000	0.000	0.8584	0.5846	1
1876	1973	-58.005	0.000	0.7715	0.4570	1
1876	1997	14.016	0.000	0.9590	0.8331	1
1876	2001	-30.010	0.000	0.8176	0.5132	1
1876	2005	71.037	0.000	0.8609	0.5417	1
1876	2034	-89.978	0.000	0.7942	0.4932	1
1876	2036	73.053	0.000	0.7129	0.5007	1
1876	2052	7.042	0.000	0.8408	0.5530	1
1876	2053	-15.995	0.000	0.7450	0.4711	1
1876	2103	-58.005	0.000	0.7572	0.4672	1
1876	2198	99.068	0.000	0.7938	0.4782	1
1876	2213	42.047	0.000	0.8146	0.7236	1
1876	2238	69.058	0.000	0.8526	0.6558	1
1876	2251	73.052	0.000	0.7284	0.5374	1
1876	2264	41.063	0.000	0.7094	0.5880	1
1876	2268	-105.973	0.000	0.7250	0.3982	1
1876	2269	113.084	0.000	0.7498	0.5522	1
1876	2314	73.053	0.000	0.7068	0.5374	1
1876	2410	73.053	0.000	0.7001	0.5007	1
1876	2432	-71.073	0.000	0.7226	0.5345	1
1876	2474	42.011	0.000	0.7239	0.5421	1
1877	2198	-23.016	0.000	0.8155	0.6378	1
1879	1898	9.941	0.000	0.7144	0.6244	1
1879	1950	9.941	0.000	0.8213	0.6543	1
1880	1954	-9.984	0.000	0.7482	0.7178	1
1880	2020	14.016	0.000	0.8742	0.6677	1
1880	2302	-36.011	0.000	0.8559	0.6336	1
1880	2345	-36.011	0.000	0.8431	0.6178	1
1881	1941	-27.010	0.000	0.8792	0.8190	1
1882	1940	0.000	0.000	0.9704	0.9125	1
1882	1957	29.027	0.000	0.7020	0.6617	1
1882	1970	-72.021	0.000	0.8357	0.6586	1
1882	2024	-85.016	0.000	0.7952	0.5932	1
1882	2080	-86.001	0.000	0.8704	0.7336	1
1883	1920	28.032	0.000	0.7008	0.5792	1
1883	1990	-29.974	0.000	0.7663	0.6912	1
1883	2019	28.032	0.000	0.7533	0.5767	1
1883	2038	42.047	0.000	0.7278	0.5613	1
1883	2049	-1.980	0.000	0.7269	0.6879	1
1883	2066	28.032	0.000	0.7408	0.5843	1
1883	2095	12.037	0.000	0.7252	0.6199	1
1883	2144	44.063	0.000	0.7141	0.5755	1
1883	2341	10.058	0.000	0.7175	0.6532	1
1883	2351	111.105	0.000	0.7105	0.5631	1
1886	1888	318.155	0.000	0.7036	0.6240	1
1890	1899	-37.053	0.000	0.7959	0.7010	1
1890	1919	33.984	0.000	0.8947	0.8179	1
1890	1922	-0.000	0.000	0.8384	0.7543	1
1890	1963	33.984	0.000	0.9531	0.8441	1
1890	1981	-37.053	0.000	0.7225	0.6591	1
1890	1990	-81.043	0.000	0.7185	0.5706	1
1890	2019	-23.037	0.000	0.8042	0.6803	1
1890	2038	-9.022	0.000	0.8391	0.7064	1
1890	2042	16.028	0.000	0.9117	0.8006	1
1890	2051	48.000	0.000	0.7692	0.7759	1
1890	2066	-23.038	0.000	0.7037	0.6283	1
1890	2089	48.000	0.000	0.9392	0.8338	1
1890	2092	50.015	0.000	0.8983	0.8304	1
1890	2130	-15.996	0.000	0.9354	0.7591	1
1890	2144	-7.006	0.000	0.7788	0.5841	1
1890	2219	-15.995	0.000	0.8189	0.7784	1
1890	2224	4.994	0.000	0.7978	0.6949	1
1890	2236	50.015	0.000	0.7990	0.6612	1
1890	2262	19.009	0.000	0.7122	0.6051	1
1890	2276	76.031	0.000	0.8243	0.7523	1
1890	2315	32.041	0.000	0.8202	0.7319	1
1890	2316	76.031	0.000	0.7182	0.6953	1
1890	2318	90.047	0.000	0.7148	0.6576	1
1890	2322	-38.996	0.000	0.7357	0.5721	1
1890	2329	90.021	0.000	0.7096	0.6576	1
1890	2341	-41.011	0.000	0.7159	0.5276	1
1890	2348	33.025	0.000	0.7688	0.6469	1
1890	2351	60.036	0.000	0.7378	0.6423	1
1890	2357	18.025	0.000	0.7314	0.7175	1
1890	2370	60.036	0.000	0.9018	0.8255	1
1890	2383	32.041	0.000	0.7812	0.7757	1
1890	2400	60.036	0.000	0.7832	0.7205	1
1890	2404	33.025	0.000	0.7331	0.7013	1
1892	1902	40.006	0.000	0.9371	0.6619	1
1892	2260	-18.011	0.000	0.9530	0.7055	1
1892	2380	-18.010	0.000	0.9436	0.7186	1
1893	1928	-57.021	0.000	0.7692	0.5632	1
1893	1935	3.959	0.000	0.7904	0.6477	1
1893	1939	-69.094	0.000	0.7368	0.5918	1
1893	1951	-9.984	0.000	0.7022	0.6726	1
1893	1966	-69.094	0.000	0.7019	0.5946	1
1893	1986	-99.105	0.000	0.7091	0.5167	1
1893	2000	-12.073	0.000	0.8138	0.6124	1
1893	2007	14.016	0.000	0.9231	0.7872	1
1893	2026	-99.105	0.000	0.7154	0.5308	1
1893	2048	-13.979	0.000	0.7986	0.7407	1
1893	2075	-55.079	0.000	0.7771	0.5997	1
1893	2114	1.943	0.000	0.8127	0.6124	1
1893	2136	-85.089	0.000	0.7534	0.5949	1
1893	2141	3.958	0.000	0.8103	0.6763	1
1893	2159	-14.016	0.000	0.7269	0.7656	1
1893	2259	-41.063	0.000	0.7320	0.6091	1
1893	2292	-27.047	0.000	0.7405	0.6620	1
1893	2299	-36.011	0.000	0.7665	0.7939	1
1893	2309	-99.068	0.000	0.7193	0.5856	1
1893	2317	-101.084	0.000	0.7045	0.5758	1
1893	2320	-14.016	0.000	0.7625	0.7754	1
1893	2327	-57.058	0.000	0.7036	0.5930	1
1893	2363	13.979	0.000	0.7359	0.7661	1
1893	2387	13.979	0.000	0.7430	0.7057	1
1893	2464	-36.048	0.000	0.7332	0.7940	1
1893	2474	-36.048	0.000	0.7302	0.8206	1
1894	1957	-27.994	0.000	0.7326	0.8042	1
1894	1970	-129.043	0.000	0.8656	0.7487	1
1894	1978	42.011	0.000	0.9564	0.9001	1
1894	1983	14.016	0.000	0.9366	0.8681	1
1894	2072	-115.027	0.000	0.8195	0.6726	1
1894	2143	-115.027	0.000	0.7710	0.6434	1
1894	2160	-115.027	0.000	0.7169	0.5783	1
1895	1899	-28.006	0.000	0.8094	0.7018	1
1895	1901	-12.000	0.000	0.7151	0.7008	1
1895	1904	85.053	0.000	0.7711	0.5828	1
1895	1910	-14.453	0.000	0.7695	0.6367	1
1895	1914	-14.016	0.000	0.8019	0.7327	1
1895	1920	-13.991	0.000	0.7005	0.6319	1
1895	1930	0.000	0.000	0.9163	0.7611	1
1895	1934	16.031	0.000	0.8362	0.7134	1
1895	1935	87.068	0.000	0.7777	0.5881	1
1895	1939	14.016	0.000	0.9300	0.7450	1
1895	1949	-69.021	0.000	0.7166	0.6338	1
1895	1966	14.016	0.000	0.9138	0.8060	1
1895	1968	-30.011	0.000	0.8929	0.7987	1
1895	1981	-28.006	0.000	0.7250	0.5652	1
1895	1986	-15.995	0.000	0.8690	0.7146	1
1895	1999	-43.006	0.000	0.8144	0.5685	1
1895	2000	71.037	0.000	0.8391	0.5867	1
1895	2002	-173.033	0.000	0.7628	0.6065	1
1895	2008	88.076	0.000	0.7054	0.5886	1
1895	2009	0.000	0.000	0.8570	0.7131	1
1895	2014	-43.990	0.000	0.7062	0.5783	1
1895	2017	-58.006	0.000	0.7035	0.6404	1
1895	2026	-15.995	0.000	0.8500	0.6827	1
1895	2030	-87.032	0.000	0.7333	0.5336	1
1895	2037	-30.011	0.000	0.8096	0.6257	1
1895	2043	14.015	0.000	0.9276	0.7542	1
1895	2048	69.130	0.000	0.7115	0.6203	1
1895	2061	-58.006	0.000	0.8022	0.5717	1
1895	2064	-59.009	0.000	0.7112	0.5338	1
1895	2065	-73.017	0.000	0.7005	0.5786	1
1895	2071	-56.998	0.000	0.7414	0.6150	1
1895	2073	-57.982	0.000	0.8182	0.6291	1
1895	2075	28.031	0.000	0.7504	0.5448	1
1895	2079	-298.128	0.000	0.7434	0.4968	1
1895	2081	-15.995	0.000	0.8421	0.7632	1
1895	2082	-43.990	0.000	0.8354	0.6436	1
1895	2093	-44.002	0.000	0.7941	0.6007	1
1895	2105	-28.990	0.000	0.7007	0.6088	1
1895	2113	14.016	0.000	0.8223	0.7143	1
1895	2114	85.052	0.000	0.8044	0.5025	1
1895	2116	-15.995	0.000	0.7667	0.6618	1
1895	2136	-1.980	0.000	0.7937	0.6276	1
1895	2139	15.028	0.000	0.7555	0.7210	1
1895	2140	-13.980	0.000	0.7529	0.6755	1
1895	2141	87.068	0.000	0.7724	0.5533	1
1895	2145	16.031	0.000	0.8623	0.7216	1
1895	2159	69.094	0.000	0.7502	0.5987	1
1895	2170	-43.990	0.000	0.7059	0.5981	1
1895	2194	30.047	0.000	0.7243	0.6623	1
1895	2243	-14.975	0.000	0.7403	0.5689	1
1895	2249	0.036	0.000	0.7426	0.7358	1
1895	2250	-14.975	0.000	0.7289	0.5537	1
1895	2259	42.047	0.000	0.8348	0.6471	1
1895	2278	-45.933	0.000	0.7477	0.6884	1
1895	2286	42.047	0.000	0.7412	0.6748	1
1895	2292	56.062	0.000	0.8200	0.6158	1
1895	2295	12.036	0.000	0.8370	0.7094	1
1895	2309	-15.959	0.000	0.8825	0.7275	1
1895	2310	55.068	0.000	0.7237	0.5835	1
1895	2317	-17.974	0.000	0.7600	0.5776	1
1895	2320	69.094	0.000	0.7754	0.6070	1
1895	2327	26.052	0.000	0.8011	0.6079	1
1895	2333	83.073	0.000	0.7590	0.6005	1
1895	2347	55.078	0.000	0.7237	0.5835	1
1895	2349	-30.970	0.000	0.7148	0.5615	1
1895	2350	127.100	0.000	0.7413	0.5607	1
1895	2356	70.078	0.000	0.7255	0.6405	1
1895	2360	-3.959	0.000	0.7223	0.6022	1
1895	2363	97.089	0.000	0.7546	0.5211	1
1895	2381	-31.954	0.000	0.7259	0.5508	1
1895	2385	-3.959	0.000	0.7445	0.6177	1
1895	2387	97.089	0.000	0.7840	0.5048	1
1895	2393	-17.938	0.000	0.7736	0.6296	1
1895	2394	40.068	0.000	0.7454	0.5946	1
1895	2397	56.062	0.000	0.7133	0.5388	1
1895	2459	-43.042	0.000	0.7429	0.6120	1
1898	1964	30.011	0.000	0.8163	0.6182	1
1898	1973	-27.995	0.000	0.8081	0.5645	1
1898	1997	44.026	0.000	0.8159	0.5819	1
1898	2001	0.000	0.000	0.8203	0.6255	1
1898	2005	101.048	0.000	0.8086	0.4625	1
1898	2034	-59.967	0.000	0.7694	0.5727	1
1898	2036	103.063	0.000	0.7472	0.4982	1
1898	2052	37.053	0.000	0.8028	0.4855	1
1898	2053	14.015	0.000	0.9618	0.8656	1
1898	2070	-41.027	0.000	0.7918	0.7514	1
1898	2103	-27.995	0.000	0.7242	0.5026	1
1898	2176	-40.990	0.000	0.7903	0.6715	1
1898	2198	129.079	0.000	0.7590	0.4205	1
1898	2213	72.057	0.000	0.7603	0.5401	1
1898	2238	99.068	0.000	0.7833	0.5182	1
1898	2251	103.063	0.000	0.7597	0.5290	1
1898	2269	143.094	0.000	0.7387	0.4582	1
1898	2280	85.089	0.000	0.7148	0.4713	1
1898	2302	113.084	0.000	0.7185	0.5515	1
1898	2304	103.063	0.000	0.7303	0.4424	1
1898	2314	103.063	0.000	0.7390	0.5175	1
1898	2345	113.084	0.000	0.7388	0.5694	1
1898	2410	103.063	0.000	0.7408	0.5208	1
1898	2432	-41.063	0.000	0.7996	0.6952	1
1898	2464	72.021	0.000	0.7046	0.4713	1
1898	2474	72.021	0.000	0.7388	0.4943	1
1899	1919	71.037	0.000	0.8393	0.7668	1
1899	1920	14.015	0.000	0.7953	0.7867	1
1899	1930	28.006	0.000	0.7851	0.6552	1
1899	1953	14.016	0.000	0.8396	0.7802	1
1899	1963	71.037	0.000	0.8588	0.7059	1
1899	1981	-0.000	0.000	0.8907	0.8505	1
1899	1988	-58.006	0.000	0.7888	0.7381	1
1899	1990	-43.990	0.000	0.7084	0.6349	1
1899	2009	28.006	0.000	0.7522	0.6196	1
1899	2019	14.016	0.000	0.9460	0.8581	1
1899	2038	28.031	0.000	0.8193	0.7323	1
1899	2041	-58.006	0.000	0.8296	0.7292	1
1899	2042	53.080	0.000	0.7383	0.5868	1
1899	2049	-15.996	0.000	0.8456	0.8295	1
1899	2066	14.015	0.000	0.8630	0.8257	1
1899	2069	-43.990	0.000	0.8336	0.7547	1
1899	2079	-270.122	0.000	0.7142	0.5052	1
1899	2089	85.053	0.000	0.7550	0.5792	1
1899	2092	87.068	0.000	0.7494	0.6642	1
1899	2130	21.057	0.000	0.7597	0.6231	1
1899	2144	30.047	0.000	0.7595	0.6640	1
1899	2219	21.058	0.000	0.7351	0.6282	1
1899	2224	42.047	0.000	0.8662	0.8051	1
1899	2262	56.062	0.000	0.7622	0.6664	1
1899	2276	113.084	0.000	0.7421	0.6714	1
1899	2277	12.036	0.000	0.7800	0.8118	1
1899	2294	26.052	0.000	0.7022	0.6993	1
1899	2315	69.094	0.000	0.7404	0.6355	1
1899	2322	-1.943	0.000	0.7608	0.6813	1
1899	2341	-3.959	0.000	0.7049	0.6210	1
1899	2370	97.089	0.000	0.7656	0.6215	1
1899	2400	97.089	0.000	0.7392	0.6279	1
1900	1905	126.080	0.000	0.7822	0.6106	1
1900	2010	127.063	0.000	0.7236	0.5279	1
1900	2028	271.154	0.000	0.7528	0.6046	1
1900	2148	166.128	0.000	0.7240	0.5831	1
1900	2152	210.137	0.000	0.7093	0.5797	1
1900	2245	166.128	0.000	0.7060	0.5980	1
1900	2300	166.128	0.000	0.7167	0.5812	1
1900	2331	166.128	0.000	0.7235	0.5830	1
1901	1910	-2.453	0.000	0.7726	0.6910	1
1901	1914	-2.015	0.000	0.8278	0.7740	1
1901	1930	12.000	0.000	0.7161	0.6040	1
1901	1935	99.069	0.000	0.7614	0.6641	1
1901	1966	26.016	0.000	0.7200	0.6452	1
1901	1968	-18.010	0.000	0.7428	0.7163	1
1901	1969	-31.972	0.000	0.8539	0.7701	1
1901	1984	-71.037	0.000	0.7215	0.5546	1
1901	1987	-32.000	0.000	0.8509	0.7094	1
1901	2014	-31.990	0.000	0.8805	0.7430	1
1901	2015	-18.010	0.000	0.7183	0.6135	1
1901	2028	2.016	0.000	0.7064	0.6904	1
1901	2043	26.016	0.000	0.7898	0.8153	1
1901	2049	-32.002	0.000	0.7085	0.5211	1
1901	2071	-44.997	0.000	0.7564	0.6236	1
1901	2073	-45.982	0.000	0.7248	0.6900	1
1901	2075	40.031	0.000	0.7092	0.5232	1
1901	2081	-3.995	0.000	0.7592	0.6773	1
1901	2082	-31.990	0.000	0.7522	0.6772	1
1901	2097	-31.006	0.000	0.7412	0.6505	1
1901	2102	-17.974	0.000	0.7948	0.6831	1
1901	2109	-101.048	0.000	0.7212	0.5528	1
1901	2113	26.016	0.000	0.8408	0.7665	1
1901	2115	40.031	0.000	0.7662	0.6964	1
1901	2116	-3.995	0.000	0.7659	0.6946	1
1901	2117	-31.990	0.000	0.7846	0.6582	1
1901	2120	98.065	0.000	0.8079	0.7354	1
1901	2127	-43.006	0.000	0.7344	0.5553	1
1901	2140	-1.980	0.000	0.8246	0.7853	1
1901	2141	99.068	0.000	0.7446	0.5838	1
1901	2145	28.031	0.000	0.7269	0.7676	1
1901	2147	-128.059	0.000	0.7292	0.7809	1
1901	2161	10.021	0.000	0.7594	0.6221	1
1901	2170	-31.990	0.000	0.7696	0.6678	1
1901	2194	42.047	0.000	0.7507	0.7482	1
1901	2212	10.021	0.000	0.7246	0.6459	1
1901	2225	-31.990	0.000	0.8156	0.6571	1
1901	2237	-16.991	0.000	0.8284	0.7635	1
1901	2239	-31.006	0.000	0.8107	0.6831	1
1901	2249	12.036	0.000	0.8606	0.8421	1
1901	2252	24.073	0.000	0.7879	0.6797	1
1901	2265	-16.991	0.000	0.7047	0.6286	1
1901	2273	42.047	0.000	0.8500	0.8116	1
1901	2285	-47.001	0.000	0.7202	0.5947	1
1901	2286	54.047	0.000	0.7365	0.6624	1
1901	2295	24.037	0.000	0.7473	0.6215	1
1901	2353	-33.969	0.000	0.7425	0.6201	1
1901	2365	38.052	0.000	0.7020	0.5792	1
1901	2459	-31.042	0.000	0.8352	0.7155	1
1902	2197	-18.011	0.000	0.9326	0.5866	1
1902	2241	-18.011	0.000	0.9393	0.6160	1
1902	2463	-306.026	0.000	0.8832	0.4666	1
1903	2100	-79.967	0.000	0.7776	0.6370	1
1903	2121	-79.967	0.000	0.8028	0.6980	1
1904	1930	-85.053	0.000	0.7628	0.6145	1
1904	1935	2.016	0.000	0.7981	0.7394	1
1904	1939	-71.037	0.000	0.8401	0.7047	1
1904	1966	-71.037	0.000	0.7670	0.6260	1
1904	1968	-115.063	0.000	0.7055	0.5087	1
1904	1986	-101.048	0.000	0.7727	0.6024	1
1904	1999	-128.059	0.000	0.7680	0.5062	1
1904	2000	-14.016	0.000	0.7934	0.7338	1
1904	2009	-85.053	0.000	0.7509	0.5981	1
1904	2026	-101.048	0.000	0.7784	0.6127	1
1904	2037	-115.064	0.000	0.7042	0.5334	1
1904	2061	-143.059	0.000	0.7327	0.4989	1
1904	2065	-158.069	0.000	0.7078	0.5213	1
1904	2114	-0.000	0.000	0.7238	0.5607	1
1904	2141	2.015	0.000	0.7784	0.6594	1
1904	2209	2.015	0.000	0.7365	0.7005	1
1904	2259	-43.006	0.000	0.7800	0.5917	1
1904	2286	-43.006	0.000	0.7188	0.5771	1
1905	1932	40.049	0.000	0.8117	0.6474	1
1905	1934	171.090	0.000	0.7374	0.5803	1
1905	1947	-33.001	0.000	0.7999	0.6247	1
1905	1971	-70.053	0.000	0.7268	0.5551	1
1905	1995	-46.983	0.000	0.7179	0.5727	1
1905	2010	0.984	0.000	0.8481	0.7044	1
1905	2028	145.074	0.000	0.7999	0.6512	1
1905	2041	69.046	0.000	0.7321	0.6048	1
1905	2073	97.076	0.000	0.7580	0.6514	1
1905	2082	111.068	0.000	0.7277	0.7525	1
1905	2088	-148.064	0.000	0.7253	0.4907	1
1905	2093	111.057	0.000	0.7296	0.7070	1
1905	2112	24.054	0.000	0.7227	0.5345	1
1905	2140	141.078	0.000	0.7232	0.6142	1
1905	2142	112.052	0.000	0.7085	0.7192	1
1905	2145	171.089	0.000	0.7476	0.5558	1
1905	2147	14.999	0.000	0.8004	0.6321	1
1905	2148	40.048	0.000	0.8513	0.7008	1
1905	2150	-345.202	0.000	0.7967	0.5924	1
1905	2152	84.057	0.000	0.7982	0.6756	1
1905	2190	24.053	0.000	0.7235	0.5486	1
1905	2210	-405.188	0.000	0.7812	0.6519	1
1905	2227	43.030	0.000	0.7050	0.5707	1
1905	2245	40.048	0.000	0.8041	0.6644	1
1905	2249	155.094	0.000	0.7076	0.6222	1
1905	2283	57.046	0.000	0.7589	0.6226	1
1905	2288	27.035	0.000	0.7669	0.5864	1
1905	2300	40.049	0.000	0.8210	0.6758	1
1905	2328	0.024	0.000	0.7947	0.6026	1
1905	2331	40.049	0.000	0.8383	0.6981	1
1905	2376	24.054	0.000	0.7066	0.5410	1
1905	2413	24.054	0.000	0.7293	0.5611	1
1905	2430	24.054	0.000	0.7177	0.5362	1
1905	2446	24.054	0.000	0.7203	0.5681	1
1906	1915	1.003	0.000	0.8237	0.7166	1
1906	2070	1.002	0.000	0.7258	0.5479	1
1907	1962	-129.043	0.000	0.8736	0.7607	1
1907	2147	113.084	0.000	0.7831	0.6995	1
1907	2149	42.046	0.000	0.8114	0.6147	1
1907	2216	12.036	0.000	0.9155	0.8047	1
1907	2257	26.051	0.000	0.9353	0.8170	1
1907	2284	26.051	0.000	0.9432	0.8412	1
1910	1914	0.437	0.000	0.9292	0.8402	1
1910	1920	0.462	0.000	0.7797	0.7509	1
1910	1930	14.453	0.000	0.7619	0.6314	1
1910	1939	28.469	0.000	0.7476	0.5525	1
1910	1966	28.468	0.000	0.7809	0.7351	1
1910	1968	-15.558	0.000	0.8042	0.7261	1
1910	1986	-1.542	0.000	0.7011	0.5361	1
1910	2000	85.490	0.000	0.7160	0.5133	1
1910	2014	-29.537	0.000	0.7287	0.6167	1
1910	2037	-15.558	0.000	0.7053	0.6136	1
1910	2043	28.468	0.000	0.8471	0.6914	1
1910	2065	-58.564	0.000	0.7319	0.5305	1
1910	2071	-42.545	0.000	0.7484	0.6667	1
1910	2073	-43.529	0.000	0.7200	0.6556	1
1910	2075	42.484	0.000	0.7635	0.4938	1
1910	2081	-1.542	0.000	0.7664	0.6225	1
1910	2082	-29.537	0.000	0.7141	0.6113	1
1910	2093	-29.549	0.000	0.7161	0.7042	1
1910	2102	-15.522	0.000	0.7159	0.6938	1
1910	2105	-14.538	0.000	0.7467	0.5865	1
1910	2113	28.469	0.000	0.8448	0.7498	1
1910	2114	99.505	0.000	0.7535	0.4346	1
1910	2116	-1.542	0.000	0.7053	0.6051	1
1910	2136	12.473	0.000	0.7527	0.5846	1
1910	2161	12.474	0.000	0.7045	0.6554	1
1910	2170	-29.537	0.000	0.7001	0.6275	1
1910	2171	-130.548	0.000	0.7179	0.6251	1
1910	2225	-29.537	0.000	0.7117	0.7115	1
1912	1960	-58.006	0.000	0.8563	0.6511	1
1912	2020	-30.011	0.000	0.8864	0.8086	1
1913	1921	-17.993	0.000	0.7434	0.7138	1
1913	1957	-171.053	0.000	0.7201	0.5795	1
1913	1960	14.015	0.000	0.8725	0.8174	1
1913	1961	-27.995	0.000	0.7763	0.7104	1
1913	1983	-129.043	0.000	0.7492	0.6551	1
1913	2007	0.984	0.000	0.8834	0.8237	1
1913	2020	42.010	0.000	0.8004	0.6716	1
1913	2084	14.015	0.000	0.7556	0.7853	1
1913	2363	0.947	0.000	0.7299	0.7109	1
1913	2387	0.947	0.000	0.7210	0.6410	1
1914	1920	0.025	0.000	0.8570	0.8624	1
1914	1930	14.016	0.000	0.7695	0.6409	1
1914	1939	28.031	0.000	0.7667	0.6196	1
1914	1949	-55.006	0.000	0.7087	0.6409	1
1914	1966	28.031	0.000	0.7928	0.7417	1
1914	1968	-15.995	0.000	0.8341	0.7705	1
1914	1986	-1.979	0.000	0.7114	0.5562	1
1914	2000	85.053	0.000	0.7500	0.5940	1
1914	2009	14.016	0.000	0.7180	0.6003	1
1914	2014	-29.974	0.000	0.7678	0.6237	1
1914	2037	-15.995	0.000	0.7141	0.6108	1
1914	2038	14.040	0.000	0.7216	0.6457	1
1914	2043	28.031	0.000	0.8843	0.7554	1
1914	2049	-29.986	0.000	0.7125	0.6351	1
1914	2065	-59.001	0.000	0.7765	0.5637	1
1914	2071	-42.982	0.000	0.7948	0.6632	1
1914	2073	-43.966	0.000	0.7272	0.5990	1
1914	2075	42.047	0.000	0.8105	0.5630	1
1914	2081	-1.980	0.000	0.8123	0.7124	1
1914	2082	-29.975	0.000	0.7370	0.6939	1
1914	2093	-29.986	0.000	0.7316	0.7260	1
1914	2095	-15.970	0.000	0.7005	0.6733	1
1914	2097	-28.991	0.000	0.7094	0.6786	1
1914	2102	-15.959	0.000	0.7801	0.7466	1
1914	2105	-14.975	0.000	0.7814	0.6067	1
1914	2113	28.031	0.000	0.8822	0.7993	1
1914	2114	99.068	0.000	0.7894	0.4808	1
1914	2116	-1.980	0.000	0.7416	0.6607	1
1914	2136	12.036	0.000	0.7994	0.6830	1
1914	2142	-28.991	0.000	0.7028	0.6124	1
1914	2161	12.036	0.000	0.7386	0.6523	1
1914	2170	-29.975	0.000	0.7477	0.6577	1
1914	2171	-130.985	0.000	0.7306	0.6048	1
1914	2225	-29.975	0.000	0.7541	0.7136	1
1914	2239	-28.991	0.000	0.7356	0.6248	1
1914	2265	-14.975	0.000	0.7025	0.6415	1
1914	2349	-16.954	0.000	0.7059	0.5836	1
1914	2387	111.105	0.000	0.7121	0.4438	1
1914	2459	-29.027	0.000	0.7419	0.6301	1
1915	1950	41.027	0.000	0.7380	0.6499	1
1915	1982	14.016	0.000	0.7440	0.5683	1
1915	2070	-0.000	0.000	0.8750	0.6623	1
1917	1927	-89.019	0.000	0.7152	0.4993	1
1917	1949	28.006	0.000	0.8122	0.5960	1
1917	2049	53.026	0.000	0.7220	0.6799	1
1917	2066	83.037	0.000	0.7097	0.5988	1
1917	2144	99.069	0.000	0.7904	0.6114	1
1917	2194	127.075	0.000	0.7588	0.5389	1
1917	2322	67.079	0.000	0.7352	0.5793	1
1918	1923	-0.984	0.000	0.8455	0.6679	1
1918	1924	17.027	0.000	0.7864	0.5762	1
1918	2397	-13.068	0.000	0.7033	0.5635	1
1919	1922	-33.984	0.000	0.9490	0.8505	1
1919	1953	-57.022	0.000	0.8045	0.6818	1
1919	1958	-83.037	0.000	0.7157	0.6022	1
1919	1963	-0.000	0.000	0.8972	0.8193	1
1919	1981	-71.037	0.000	0.8533	0.7780	1
1919	1988	-129.043	0.000	0.7491	0.5609	1
1919	1990	-115.027	0.000	0.7214	0.5733	1
1919	2019	-57.022	0.000	0.8063	0.7360	1
1919	2022	-129.043	0.000	0.7405	0.5512	1
1919	2038	-43.006	0.000	0.7952	0.7165	1
1919	2041	-129.043	0.000	0.7999	0.6500	1
1919	2042	-17.957	0.000	0.9152	0.8115	1
1919	2051	14.015	0.000	0.9339	0.8651	1
1919	2066	-57.022	0.000	0.7667	0.6745	1
1919	2069	-115.028	0.000	0.8189	0.6283	1
1919	2089	14.016	0.000	0.8840	0.8081	1
1919	2092	16.031	0.000	0.9168	0.8797	1
1919	2130	-49.980	0.000	0.8876	0.7924	1
1919	2144	-40.990	0.000	0.8127	0.6304	1
1919	2164	-61.028	0.000	0.7155	0.5343	1
1919	2219	-49.979	0.000	0.9678	0.9095	1
1919	2224	-28.990	0.000	0.8197	0.7352	1
1919	2236	16.031	0.000	0.8630	0.7236	1
1919	2256	-48.969	0.000	0.7261	0.6392	1
1919	2262	-14.975	0.000	0.7859	0.7583	1
1919	2276	42.047	0.000	0.8714	0.8223	1
1919	2308	28.031	0.000	0.7253	0.6401	1
1919	2315	-1.943	0.000	0.8263	0.7265	1
1919	2316	42.047	0.000	0.8963	0.7997	1
1919	2318	56.062	0.000	0.7958	0.7101	1
1919	2322	-72.980	0.000	0.7717	0.6584	1
1919	2329	56.037	0.000	0.7948	0.7101	1
1919	2341	-74.996	0.000	0.7564	0.6261	1
1919	2348	-0.959	0.000	0.7934	0.7024	1
1919	2351	26.052	0.000	0.7629	0.7611	1
1919	2357	-15.959	0.000	0.9065	0.8455	1
1919	2370	26.052	0.000	0.9015	0.8520	1
1919	2383	-1.943	0.000	0.9127	0.8252	1
1919	2388	26.063	0.000	0.7195	0.7691	1
1919	2398	-14.975	0.000	0.7966	0.6964	1
1919	2400	26.052	0.000	0.8778	0.8154	1
1919	2402	56.062	0.000	0.7635	0.6522	1
1919	2404	-0.959	0.000	0.8485	0.7751	1
1920	1939	28.006	0.000	0.7555	0.5456	1
1920	1953	0.000	0.000	0.7254	0.7040	1
1920	1963	57.021	0.000	0.7004	0.6339	1
1920	1964	19.042	0.000	0.7095	0.6862	1
1920	1966	28.006	0.000	0.7724	0.6983	1
1920	1981	-14.016	0.000	0.7567	0.7456	1
1920	2019	0.000	0.000	0.7575	0.6746	1
1920	2038	14.016	0.000	0.8365	0.7837	1
1920	2043	28.006	0.000	0.7844	0.6738	1
1920	2049	-30.011	0.000	0.8450	0.7159	1
1920	2066	-0.000	0.000	0.7858	0.7668	1
1920	2071	-43.007	0.000	0.7975	0.6702	1
1920	2093	-30.011	0.000	0.7171	0.7276	1
1920	2095	-15.995	0.000	0.8147	0.7192	1
1920	2102	-15.984	0.000	0.7923	0.7318	1
1920	2113	28.006	0.000	0.7631	0.6710	1
1920	2144	16.031	0.000	0.7925	0.7712	1
1920	2224	28.031	0.000	0.7618	0.7369	1
1920	2245	-101.020	0.000	0.7022	0.6221	1
1920	2262	42.047	0.000	0.7619	0.7009	1
1920	2294	12.036	0.000	0.8097	0.7491	1
1920	2322	-15.959	0.000	0.7583	0.6922	1
1920	2351	83.073	0.000	0.7576	0.6528	1
1920	2388	83.084	0.000	0.7007	0.5889	1
1922	1963	33.984	0.000	0.8136	0.6889	1
1922	1988	-95.058	0.000	0.7351	0.6200	1
1922	2038	-9.022	0.000	0.7029	0.6232	1
1922	2042	16.028	0.000	0.8800	0.7899	1
1922	2051	48.000	0.000	0.9577	0.8721	1
1922	2089	48.000	0.000	0.8074	0.6889	1
1922	2092	50.016	0.000	0.8767	0.7391	1
1922	2130	-15.996	0.000	0.8334	0.7660	1
1922	2144	-7.006	0.000	0.7439	0.5502	1
1922	2219	-15.995	0.000	0.9151	0.7695	1
1922	2224	4.994	0.000	0.7144	0.6294	1
1922	2236	50.015	0.000	0.8665	0.6911	1
1922	2276	76.031	0.000	0.8190	0.6955	1
1922	2315	32.042	0.000	0.7655	0.6746	1
1922	2316	76.031	0.000	0.9107	0.7545	1
1922	2318	90.047	0.000	0.7631	0.6486	1
1922	2329	90.022	0.000	0.7598	0.6486	1
1922	2348	33.025	0.000	0.7688	0.6956	1
1922	2357	18.026	0.000	0.9391	0.8839	1
1922	2370	60.036	0.000	0.8467	0.7531	1
1922	2383	32.041	0.000	0.9262	0.7964	1
1922	2398	19.010	0.000	0.8562	0.7826	1
1922	2400	60.036	0.000	0.8511	0.7331	1
1922	2402	90.047	0.000	0.8188	0.6701	1
1922	2404	33.025	0.000	0.8634	0.7627	1
1923	1924	18.011	0.000	0.9121	0.8065	1
1923	1993	0.984	0.000	0.8836	0.8711	1
1923	2264	-22.032	0.000	0.7474	0.7053	1
1923	2310	-13.079	0.000	0.7164	0.6334	1
1923	2347	-13.068	0.000	0.7164	0.6334	1
1923	2362	-13.068	0.000	0.7382	0.7195	1
1924	1954	27.995	0.000	0.8658	0.6828	1
1924	1960	24.000	0.000	0.9179	0.8269	1
1924	1991	0.984	0.000	0.8093	0.7562	1
1924	2067	-3.995	0.000	0.7498	0.5788	1
1924	2396	-107.041	0.000	0.7716	0.6255	1
1925	2425	-384.152	0.000	0.7094	0.5893	1
1926	2004	-0.000	0.000	0.7959	0.7440	1
1926	2006	-0.000	0.000	0.9757	0.9300	1
1927	1932	71.037	0.000	0.8792	0.8490	1
1927	1934	202.078	0.000	0.7537	0.6166	1
1927	1947	-2.013	0.000	0.7644	0.6616	1
1927	1995	-15.995	0.000	0.9517	0.8473	1
1927	2028	176.062	0.000	0.7102	0.5513	1
1927	2088	-117.076	0.000	0.7280	0.5631	1
1927	2112	55.042	0.000	0.7731	0.6713	1
1927	2145	202.077	0.000	0.7649	0.5872	1
1927	2147	45.987	0.000	0.7459	0.5941	1
1927	2148	71.036	0.000	0.8245	0.7247	1
1927	2150	-314.213	0.000	0.7554	0.6357	1
1927	2152	115.046	0.000	0.7531	0.6304	1
1927	2190	55.042	0.000	0.7704	0.6810	1
1927	2191	-15.995	0.000	0.7702	0.6435	1
1927	2194	216.093	0.000	0.7296	0.6158	1
1927	2210	-374.200	0.000	0.7631	0.6682	1
1927	2223	-46.006	0.000	0.7287	0.5684	1
1927	2230	159.072	0.000	0.7097	0.5728	1
1927	2245	71.036	0.000	0.8020	0.7073	1
1927	2283	88.034	0.000	0.7183	0.6410	1
1927	2300	71.037	0.000	0.8427	0.7710	1
1927	2331	71.037	0.000	0.8552	0.7930	1
1927	2376	55.042	0.000	0.7601	0.6786	1
1927	2413	55.042	0.000	0.7750	0.6907	1
1927	2428	55.042	0.000	0.7396	0.6381	1
1927	2430	55.042	0.000	0.7543	0.6516	1
1927	2446	55.042	0.000	0.7897	0.7167	1
1928	1939	-12.073	0.000	0.7932	0.7358	1
1928	1966	-12.073	0.000	0.7045	0.6421	1
1928	1968	-56.099	0.000	0.7115	0.5979	1
1928	1986	-42.083	0.000	0.7162	0.6146	1
1928	2000	44.949	0.000	0.7516	0.5635	1
1928	2007	71.037	0.000	0.7339	0.5825	1
1928	2026	-42.083	0.000	0.7136	0.5267	1
1928	2037	-56.099	0.000	0.7355	0.6723	1
1928	2075	1.943	0.000	0.8242	0.7315	1
1928	2114	58.964	0.000	0.7385	0.5256	1
1928	2136	-28.068	0.000	0.7369	0.5372	1
1928	2259	15.958	0.000	0.7051	0.5065	1
1928	2292	29.974	0.000	0.7640	0.6564	1
1928	2309	-42.047	0.000	0.7258	0.5854	1
1928	2317	-44.063	0.000	0.7909	0.6157	1
1928	2327	-0.036	0.000	0.7704	0.6311	1
1928	2360	-30.047	0.000	0.7640	0.5909	1
1928	2381	-58.042	0.000	0.7007	0.5182	1
1928	2394	13.979	0.000	0.7115	0.6185	1
1929	1932	2.996	0.000	0.7499	0.6390	1
1929	1947	-70.054	0.000	0.7195	0.6056	1
1929	2028	108.021	0.000	0.7297	0.6170	1
1929	2120	204.070	0.000	0.7226	0.5250	1
1929	2139	133.033	0.000	0.8213	0.7125	1
1929	2145	134.036	0.000	0.7046	0.5103	1
1929	2147	-22.054	0.000	0.7087	0.5224	1
1929	2148	2.995	0.000	0.7084	0.5630	1
1929	2188	-15.996	0.000	0.8071	0.6396	1
1929	2245	2.995	0.000	0.7101	0.5354	1
1929	2300	2.996	0.000	0.7285	0.5464	1
1929	2331	2.996	0.000	0.7630	0.6438	1
1930	1934	16.031	0.000	0.8430	0.7666	1
1930	1935	87.068	0.000	0.8115	0.6890	1
1930	1939	14.016	0.000	0.9099	0.7774	1
1930	1944	71.037	0.000	0.7682	0.6275	1
1930	1945	37.053	0.000	0.7553	0.5955	1
1930	1966	14.015	0.000	0.9551	0.8736	1
1930	1968	-30.011	0.000	0.9083	0.7616	1
1930	1972	-58.005	0.000	0.8275	0.8342	1
1930	1986	-15.995	0.000	0.8547	0.7119	1
1930	1999	-43.006	0.000	0.8014	0.5758	1
1930	2000	71.037	0.000	0.8603	0.6579	1
1930	2002	-173.033	0.000	0.7580	0.6204	1
1930	2009	-0.000	0.000	0.8501	0.7013	1
1930	2014	-43.990	0.000	0.7281	0.5465	1
1930	2015	-30.011	0.000	0.8086	0.7096	1
1930	2017	-58.006	0.000	0.8425	0.7771	1
1930	2026	-15.995	0.000	0.8425	0.7350	1
1930	2030	-87.032	0.000	0.7552	0.5241	1
1930	2037	-30.011	0.000	0.8161	0.5893	1
1930	2043	14.015	0.000	0.9501	0.8130	1
1930	2055	53.081	0.000	0.7284	0.5742	1
1930	2056	-43.006	0.000	0.7559	0.5322	1
1930	2059	-43.456	0.000	0.7953	0.6308	1
1930	2061	-58.006	0.000	0.8312	0.6156	1
1930	2063	85.052	0.000	0.7294	0.5759	1
1930	2064	-59.009	0.000	0.7088	0.4837	1
1930	2071	-56.998	0.000	0.7593	0.6020	1
1930	2073	-57.982	0.000	0.8118	0.5785	1
1930	2075	28.031	0.000	0.7477	0.5739	1
1930	2079	-298.129	0.000	0.7155	0.4960	1
1930	2081	-15.995	0.000	0.8630	0.7062	1
1930	2082	-43.990	0.000	0.8329	0.6462	1
1930	2093	-44.002	0.000	0.7812	0.5871	1
1930	2097	-43.006	0.000	0.8171	0.7378	1
1930	2104	-1.958	0.000	0.7695	0.7271	1
1930	2113	14.016	0.000	0.8786	0.7477	1
1930	2114	85.052	0.000	0.8123	0.5552	1
1930	2116	-15.995	0.000	0.8112	0.6421	1
1930	2136	-1.980	0.000	0.7551	0.6356	1
1930	2139	15.028	0.000	0.7135	0.6747	1
1930	2140	-13.980	0.000	0.7036	0.6231	1
1930	2141	87.068	0.000	0.7926	0.5876	1
1930	2142	-43.007	0.000	0.7959	0.6162	1
1930	2145	16.031	0.000	0.8582	0.7558	1
1930	2159	69.094	0.000	0.7265	0.5495	1
1930	2161	-1.979	0.000	0.7137	0.5821	1
1930	2170	-43.990	0.000	0.7620	0.6136	1
1930	2202	16.031	0.000	0.7602	0.8221	1
1930	2209	87.068	0.000	0.7516	0.5620	1
1930	2235	21.058	0.000	0.7367	0.5876	1
1930	2239	-43.007	0.000	0.7632	0.6293	1
1930	2243	-14.975	0.000	0.7573	0.6166	1
1930	2250	-14.975	0.000	0.7475	0.5921	1
1930	2259	42.046	0.000	0.8288	0.6780	1
1930	2265	-28.991	0.000	0.7381	0.6728	1
1930	2278	-45.933	0.000	0.7008	0.5787	1
1930	2286	42.047	0.000	0.8335	0.7663	1
1930	2292	56.062	0.000	0.8193	0.6709	1
1930	2295	12.036	0.000	0.8988	0.7632	1
1930	2309	-15.959	0.000	0.9002	0.7423	1
1930	2310	55.067	0.000	0.7289	0.5607	1
1930	2320	69.094	0.000	0.7836	0.5937	1
1930	2327	26.052	0.000	0.7917	0.5684	1
1930	2333	83.073	0.000	0.7954	0.6020	1
1930	2344	-15.959	0.000	0.7729	0.7531	1
1930	2347	55.078	0.000	0.7289	0.5607	1
1930	2350	127.099	0.000	0.7784	0.6011	1
1930	2353	-45.969	0.000	0.7331	0.5935	1
1930	2356	70.078	0.000	0.7490	0.6256	1
1930	2362	55.078	0.000	0.7289	0.6224	1
1930	2363	97.089	0.000	0.7687	0.5234	1
1930	2365	26.052	0.000	0.7322	0.6318	1
1930	2385	-3.959	0.000	0.7191	0.5310	1
1930	2387	97.089	0.000	0.8126	0.5405	1
1930	2394	40.068	0.000	0.7320	0.5884	1
1930	2397	56.062	0.000	0.7770	0.5824	1
1930	2401	97.089	0.000	0.7225	0.5234	1
1930	2403	70.078	0.000	0.7428	0.6906	1
1930	2437	-186.101	0.000	0.7664	0.5673	1
1930	2459	-43.042	0.000	0.7835	0.6657	1
1931	2067	-13.980	0.000	0.7111	0.7018	1
1931	2084	14.015	0.000	0.9178	0.8249	1
1932	1933	-200.079	0.000	0.7199	0.5005	1
1932	1934	131.041	0.000	0.8552	0.7319	1
1932	1935	202.078	0.000	0.7224	0.4586	1
1932	1937	222.618	0.000	0.7851	0.7023	1
1932	1938	-200.079	0.000	0.7623	0.6021	1
1932	1947	-73.049	0.000	0.8250	0.6452	1
1932	1995	-87.031	0.000	0.8365	0.7334	1
1932	2010	-39.065	0.000	0.7023	0.5735	1
1932	2028	105.025	0.000	0.8170	0.6431	1
1932	2058	2.015	0.000	0.7143	0.6121	1
1932	2071	58.012	0.000	0.7209	0.5966	1
1932	2088	-188.113	0.000	0.8073	0.5764	1
1932	2112	-15.995	0.000	0.8228	0.6701	1
1932	2127	60.003	0.000	0.7027	0.5601	1
1932	2140	101.030	0.000	0.7388	0.6170	1
1932	2141	202.078	0.000	0.7390	0.4927	1
1932	2145	131.041	0.000	0.8202	0.6547	1
1932	2147	-25.049	0.000	0.8491	0.7005	1
1932	2148	-0.000	0.000	0.9260	0.7847	1
1932	2150	-385.250	0.000	0.8380	0.6627	1
1932	2152	44.009	0.000	0.8382	0.6910	1
1932	2190	-15.995	0.000	0.8334	0.6820	1
1932	2191	-87.032	0.000	0.7046	0.5339	1
1932	2210	-445.237	0.000	0.9012	0.7544	1
1932	2227	2.982	0.000	0.7544	0.6016	1
1932	2230	88.035	0.000	0.7259	0.5728	1
1932	2245	-0.000	0.000	0.9142	0.7802	1
1932	2248	44.009	0.000	0.7310	0.5796	1
1932	2249	115.045	0.000	0.7296	0.6236	1
1932	2283	16.998	0.000	0.8148	0.7285	1
1932	2288	-13.013	0.000	0.8334	0.6628	1
1932	2300	-0.000	0.000	0.9518	0.8254	1
1932	2328	-40.024	0.000	0.7593	0.6046	1
1932	2331	-0.000	0.000	0.9567	0.8489	1
1932	2351	184.093	0.000	0.7716	0.6991	1
1932	2376	-15.995	0.000	0.8121	0.6946	1
1932	2413	-15.995	0.000	0.8214	0.6893	1
1932	2428	-15.995	0.000	0.7737	0.5979	1
1932	2430	-15.995	0.000	0.8090	0.6497	1
1932	2446	-15.995	0.000	0.8174	0.7060	1
1933	1934	331.120	0.000	0.7630	0.6357	1
1933	1937	422.698	0.000	0.7245	0.5112	1
1933	1938	-0.000	0.000	0.8064	0.7334	1
1933	2156	-15.996	0.000	0.7084	0.5724	1
1933	2157	-15.995	0.000	0.7564	0.7549	1
1933	2158	323.666	0.000	0.7128	0.5997	1
1933	2245	200.079	0.000	0.7040	0.5418	1
1933	2300	200.079	0.000	0.7090	0.4592	1
1933	2331	200.079	0.000	0.7296	0.5390	1
1934	1935	71.037	0.000	0.7656	0.5467	1
1934	1937	91.577	0.000	0.7521	0.6298	1
1934	1938	-331.120	0.000	0.7365	0.5918	1
1934	1939	-2.016	0.000	0.7198	0.7068	1
1934	1947	-204.090	0.000	0.8079	0.6895	1
1934	1949	-85.053	0.000	0.7068	0.6016	1
1934	1995	-218.072	0.000	0.7392	0.5599	1
1934	2009	-16.031	0.000	0.7623	0.6672	1
1934	2028	-26.016	0.000	0.8611	0.7383	1
1934	2043	-2.016	0.000	0.8538	0.7493	1
1934	2088	-319.154	0.000	0.7135	0.4720	1
1934	2112	-147.036	0.000	0.7358	0.5613	1
1934	2113	-2.016	0.000	0.7387	0.7062	1
1934	2120	70.033	0.000	0.7010	0.5001	1
1934	2127	-71.038	0.000	0.7114	0.5813	1
1934	2139	-1.004	0.000	0.8095	0.6759	1
1934	2140	-30.011	0.000	0.8412	0.6724	1
1934	2141	71.037	0.000	0.7791	0.5881	1
1934	2142	-59.038	0.000	0.7131	0.6501	1
1934	2145	-0.000	0.000	0.9502	0.8223	1
1934	2147	-156.090	0.000	0.8174	0.6815	1
1934	2148	-131.041	0.000	0.8121	0.6550	1
1934	2150	-516.291	0.000	0.7881	0.6214	1
1934	2152	-87.032	0.000	0.7724	0.6204	1
1934	2190	-147.036	0.000	0.7298	0.5464	1
1934	2191	-218.073	0.000	0.7057	0.5205	1
1934	2194	14.015	0.000	0.8754	0.7859	1
1934	2210	-576.278	0.000	0.7893	0.6265	1
1934	2227	-128.059	0.000	0.8217	0.6911	1
1934	2230	-43.006	0.000	0.7272	0.5339	1
1934	2239	-59.038	0.000	0.7108	0.6270	1
1934	2245	-131.041	0.000	0.8061	0.6560	1
1934	2248	-87.032	0.000	0.7339	0.6000	1
1934	2249	-15.995	0.000	0.8680	0.7594	1
1934	2259	26.015	0.000	0.7769	0.6738	1
1934	2273	14.015	0.000	0.7357	0.7508	1
1934	2283	-114.043	0.000	0.8082	0.6725	1
1934	2286	26.016	0.000	0.7149	0.8184	1
1934	2288	-144.054	0.000	0.7635	0.5462	1
1934	2292	40.031	0.000	0.7778	0.7522	1
1934	2295	-3.995	0.000	0.7456	0.7331	1
1934	2300	-131.041	0.000	0.8386	0.7058	1
1934	2309	-31.990	0.000	0.8524	0.7745	1
1934	2331	-131.041	0.000	0.8616	0.7341	1
1934	2376	-147.036	0.000	0.7102	0.5287	1
1934	2413	-147.036	0.000	0.7375	0.5700	1
1934	2430	-147.036	0.000	0.7418	0.5802	1
1934	2446	-147.036	0.000	0.7130	0.5557	1
1934	2459	-59.074	0.000	0.7566	0.6918	1
1935	1939	-73.053	0.000	0.8430	0.6989	1
1935	1944	-16.031	0.000	0.7422	0.7691	1
1935	1945	-50.016	0.000	0.7460	0.7869	1
1935	1946	-186.080	0.000	0.7108	0.5310	1
1935	1947	-275.127	0.000	0.7089	0.4852	1
1935	1951	-13.943	0.000	0.7382	0.6100	1
1935	1966	-73.053	0.000	0.8715	0.7201	1
1935	1968	-117.079	0.000	0.8239	0.5731	1
1935	1985	-99.068	0.000	0.7197	0.5789	1
1935	1986	-103.063	0.000	0.8201	0.5914	1
1935	1999	-130.074	0.000	0.7105	0.4431	1
1935	2000	-16.031	0.000	0.9015	0.8034	1
1935	2007	10.057	0.000	0.7640	0.6408	1
1935	2025	-260.083	0.000	0.7409	0.4702	1
1935	2026	-103.063	0.000	0.8218	0.6151	1
1935	2028	-97.053	0.000	0.7951	0.4923	1
1935	2043	-73.053	0.000	0.8099	0.5867	1
1935	2055	-33.988	0.000	0.7196	0.7896	1
1935	2063	-2.016	0.000	0.7067	0.7871	1
1935	2075	-59.037	0.000	0.7994	0.6474	1
1935	2081	-103.064	0.000	0.8454	0.5997	1
1935	2092	-28.006	0.000	0.7696	0.5658	1
1935	2093	-131.070	0.000	0.7350	0.5119	1
1935	2104	-89.027	0.000	0.7316	0.6624	1
1935	2105	-116.059	0.000	0.7117	0.4871	1
1935	2109	-200.116	0.000	0.7013	0.4716	1
1935	2114	-2.016	0.000	0.8955	0.7695	1
1935	2115	-59.037	0.000	0.7521	0.4906	1
1935	2120	-1.004	0.000	0.7732	0.6132	1
1935	2127	-142.075	0.000	0.7957	0.5406	1
1935	2136	-89.048	0.000	0.8121	0.5435	1
1935	2140	-101.048	0.000	0.7882	0.4843	1
1935	2141	-0.000	0.000	0.9683	0.8217	1
1935	2145	-71.037	0.000	0.7747	0.6210	1
1935	2148	-202.079	0.000	0.7123	0.4715	1
1935	2152	-158.069	0.000	0.7649	0.5186	1
1935	2159	-17.974	0.000	0.7362	0.6736	1
1935	2194	-57.022	0.000	0.7201	0.5171	1
1935	2202	-71.037	0.000	0.7438	0.6241	1
1935	2203	-59.037	0.000	0.7253	0.5690	1
1935	2209	-0.000	0.000	0.8166	0.8138	1
1935	2235	-66.011	0.000	0.7232	0.7653	1
1935	2236	-28.006	0.000	0.7638	0.5167	1
1935	2243	-102.043	0.000	0.7173	0.6196	1
1935	2245	-202.079	0.000	0.7216	0.4283	1
1935	2248	-158.069	0.000	0.7189	0.4087	1
1935	2249	-87.033	0.000	0.8004	0.5081	1
1935	2252	-74.996	0.000	0.7152	0.5327	1
1935	2259	-45.022	0.000	0.8047	0.6004	1
1935	2273	-57.022	0.000	0.8146	0.6747	1
1935	2292	-31.006	0.000	0.7870	0.5966	1
1935	2295	-75.032	0.000	0.7667	0.5674	1
1935	2299	-39.970	0.000	0.7740	0.6233	1
1935	2300	-202.078	0.000	0.7456	0.4898	1
1935	2309	-103.027	0.000	0.7653	0.5197	1
1935	2310	-32.001	0.000	0.7376	0.6085	1
1935	2317	-105.043	0.000	0.7031	0.4728	1
1935	2320	-17.974	0.000	0.7948	0.6876	1
1935	2327	-61.016	0.000	0.7587	0.5515	1
1935	2331	-202.078	0.000	0.7505	0.4833	1
1935	2333	-3.995	0.000	0.8121	0.7613	1
1935	2347	-31.990	0.000	0.7376	0.6085	1
1935	2350	40.031	0.000	0.7198	0.7818	1
1935	2356	-16.990	0.000	0.7086	0.6088	1
1935	2363	10.021	0.000	0.8110	0.7460	1
1935	2381	-119.022	0.000	0.7021	0.4259	1
1935	2387	10.021	0.000	0.8579	0.8346	1
1935	2397	-31.006	0.000	0.7961	0.8062	1
1935	2401	10.021	0.000	0.7306	0.8320	1
1935	2459	-130.111	0.000	0.7437	0.6649	1
1935	2464	-40.006	0.000	0.8692	0.7365	1
1935	2465	-156.101	0.000	0.7430	0.4527	1
1935	2474	-40.006	0.000	0.8513	0.7369	1
1936	2058	-45.988	0.000	0.7533	0.7362	1
1936	2186	-0.000	0.000	0.9900	0.9523	1
1936	2187	-63.999	0.000	0.8120	0.7177	1
1937	2148	-222.619	0.000	0.7347	0.6593	1
1937	2245	-222.619	0.000	0.7661	0.7090	1
1937	2300	-222.618	0.000	0.7595	0.6176	1
1937	2331	-222.618	0.000	0.7647	0.6857	1
1938	2148	200.079	0.000	0.7330	0.6112	1
1938	2150	-185.171	0.000	0.7023	0.5727	1
1938	2156	-15.996	0.000	0.8150	0.6731	1
1938	2210	-245.157	0.000	0.7163	0.5843	1
1938	2245	200.079	0.000	0.7137	0.5672	1
1938	2300	200.079	0.000	0.7512	0.5721	1
1938	2331	200.079	0.000	0.7576	0.6170	1
1939	1966	-0.000	0.000	0.9129	0.7503	1
1939	1968	-44.026	0.000	0.8030	0.7404	1
1939	1986	-30.010	0.000	0.9117	0.7137	1
1939	1999	-57.022	0.000	0.8530	0.5912	1
1939	2000	57.021	0.000	0.8551	0.6298	1
1939	2002	-187.048	0.000	0.7150	0.5508	1
1939	2007	83.110	0.000	0.7358	0.5773	1
1939	2009	-14.016	0.000	0.8638	0.7466	1
1939	2014	-58.005	0.000	0.7153	0.6185	1
1939	2026	-30.011	0.000	0.8960	0.6811	1
1939	2037	-44.026	0.000	0.8258	0.7133	1
1939	2043	-0.000	0.000	0.8145	0.6957	1
1939	2061	-72.022	0.000	0.8290	0.6033	1
1939	2064	-73.025	0.000	0.7029	0.4468	1
1939	2073	-71.998	0.000	0.8052	0.6019	1
1939	2075	14.015	0.000	0.9123	0.7032	1
1939	2081	-30.011	0.000	0.8350	0.6716	1
1939	2082	-58.006	0.000	0.8224	0.7306	1
1939	2093	-58.017	0.000	0.7669	0.6344	1
1939	2105	-43.006	0.000	0.7074	0.4976	1
1939	2113	-0.000	0.000	0.7072	0.6167	1
1939	2114	71.037	0.000	0.8514	0.6038	1
1939	2116	-30.011	0.000	0.7290	0.6460	1
1939	2136	-15.995	0.000	0.8085	0.6722	1
1939	2140	-27.996	0.000	0.7333	0.6425	1
1939	2141	73.052	0.000	0.8312	0.6459	1
1939	2145	2.015	0.000	0.7375	0.7682	1
1939	2159	55.078	0.000	0.7077	0.6359	1
1939	2194	16.031	0.000	0.8682	0.7568	1
1939	2249	-13.980	0.000	0.7123	0.6307	1
1939	2259	28.031	0.000	0.8118	0.6423	1
1939	2273	16.031	0.000	0.7019	0.6721	1
1939	2292	42.047	0.000	0.8503	0.7399	1
1939	2295	-1.979	0.000	0.7464	0.6817	1
1939	2309	-29.974	0.000	0.7924	0.6067	1
1939	2310	41.052	0.000	0.7054	0.6136	1
1939	2317	-31.990	0.000	0.7716	0.5700	1
1939	2320	55.078	0.000	0.7583	0.6180	1
1939	2327	12.036	0.000	0.8646	0.7314	1
1939	2333	69.058	0.000	0.7595	0.6697	1
1939	2347	41.062	0.000	0.7054	0.6136	1
1939	2349	-44.985	0.000	0.7048	0.5408	1
1939	2356	56.062	0.000	0.7023	0.6061	1
1939	2360	-17.974	0.000	0.7178	0.5822	1
1939	2363	83.073	0.000	0.7650	0.6322	1
1939	2381	-45.969	0.000	0.7377	0.5384	1
1939	2385	-17.974	0.000	0.7071	0.5510	1
1939	2387	83.073	0.000	0.8134	0.6466	1
1939	2393	-31.954	0.000	0.7053	0.5521	1
1939	2394	26.052	0.000	0.8467	0.7567	1
1939	2397	42.047	0.000	0.7090	0.5918	1
1939	2464	33.046	0.000	0.7050	0.6413	1
1940	1970	-72.021	0.000	0.8515	0.7009	1
1940	2024	-85.016	0.000	0.7971	0.6260	1
1940	2080	-86.001	0.000	0.8683	0.7476	1
1943	2248	210.137	0.000	0.7269	0.6604	1
1943	2249	281.174	0.000	0.7560	0.5888	1
1944	1945	-33.984	0.000	0.9592	0.7767	1
1944	1951	2.088	0.000	0.7872	0.6563	1
1944	1952	-15.922	0.000	0.7772	0.7234	1
1944	1966	-57.021	0.000	0.7740	0.6171	1
1944	1968	-101.048	0.000	0.7399	0.5411	1
1944	1972	-129.042	0.000	0.8531	0.6604	1
1944	2000	0.000	0.000	0.7803	0.7431	1
1944	2012	85.053	0.000	0.7191	0.5556	1
1944	2015	-101.048	0.000	0.7903	0.5662	1
1944	2017	-129.043	0.000	0.8029	0.5918	1
1944	2029	-163.027	0.000	0.7473	0.4298	1
1944	2043	-57.022	0.000	0.7380	0.5790	1
1944	2055	-17.956	0.000	0.9651	0.8116	1
1944	2056	-114.043	0.000	0.7530	0.5675	1
1944	2059	-114.493	0.000	0.7574	0.5497	1
1944	2062	31.042	0.000	0.8514	0.7090	1
1944	2063	14.015	0.000	0.9893	0.9085	1
1944	2071	-128.035	0.000	0.7055	0.4754	1
1944	2074	8.062	0.000	0.7563	0.6207	1
1944	2075	-43.006	0.000	0.7100	0.6348	1
1944	2081	-87.032	0.000	0.7535	0.6006	1
1944	2082	-115.027	0.000	0.7363	0.4797	1
1944	2085	99.068	0.000	0.7679	0.4725	1
1944	2093	-115.039	0.000	0.7324	0.5009	1
1944	2097	-114.043	0.000	0.8238	0.6265	1
1944	2102	-101.012	0.000	0.7095	0.4248	1
1944	2104	-72.995	0.000	0.9089	0.6326	1
1944	2113	-57.021	0.000	0.7018	0.4807	1
1944	2114	14.015	0.000	0.7742	0.7335	1
1944	2116	-87.032	0.000	0.7822	0.5197	1
1944	2117	-115.027	0.000	0.7555	0.4825	1
1944	2123	-1.943	0.000	0.7380	0.6575	1
1944	2141	16.031	0.000	0.7488	0.7516	1
1944	2142	-114.044	0.000	0.7761	0.5228	1
1944	2159	-1.943	0.000	0.8612	0.7458	1
1944	2170	-115.027	0.000	0.8025	0.4901	1
1944	2203	-43.006	0.000	0.8680	0.6290	1
1944	2209	16.031	0.000	0.9183	0.7576	1
1944	2222	113.084	0.000	0.8130	0.4001	1
1944	2235	-49.979	0.000	0.9604	0.7905	1
1944	2237	-100.028	0.000	0.7620	0.4946	1
1944	2239	-114.043	0.000	0.7416	0.4541	1
1944	2259	-28.990	0.000	0.7372	0.6009	1
1944	2265	-100.028	0.000	0.8123	0.5092	1
1944	2278	-116.970	0.000	0.7172	0.4718	1
1944	2285	-130.038	0.000	0.7750	0.4289	1
1944	2286	-28.990	0.000	0.8058	0.5774	1
1944	2292	-14.975	0.000	0.7451	0.6025	1
1944	2293	-145.001	0.000	0.7178	0.5663	1
1944	2295	-59.001	0.000	0.8332	0.5796	1
1944	2306	-171.065	0.000	0.7052	0.3102	1
1944	2309	-86.996	0.000	0.7297	0.6267	1
1944	2310	-15.969	0.000	0.8093	0.7162	1
1944	2320	-1.943	0.000	0.8661	0.7219	1
1944	2323	59.073	0.000	0.8169	0.5138	1
1944	2324	42.047	0.000	0.9699	0.8253	1
1944	2327	-44.985	0.000	0.7257	0.5408	1
1944	2333	12.036	0.000	0.9588	0.8539	1
1944	2334	11.033	0.000	0.7367	0.6785	1
1944	2339	-33.951	0.000	0.8061	0.4779	1
1944	2344	-86.996	0.000	0.8592	0.6376	1
1944	2347	-15.959	0.000	0.8093	0.7162	1
1944	2350	56.063	0.000	0.8911	0.7036	1
1944	2353	-117.006	0.000	0.8331	0.5331	1
1944	2356	-0.959	0.000	0.7566	0.5936	1
1944	2362	-15.959	0.000	0.9491	0.7790	1
1944	2363	26.052	0.000	0.8610	0.7655	1
1944	2365	-44.985	0.000	0.8383	0.5614	1
1944	2385	-74.996	0.000	0.7018	0.4109	1
1944	2387	26.052	0.000	0.8988	0.8391	1
1944	2393	-88.975	0.000	0.7233	0.4883	1
1944	2394	-30.969	0.000	0.7186	0.4818	1
1944	2397	-14.975	0.000	0.9629	0.8164	1
1944	2401	26.052	0.000	0.9676	0.8356	1
1944	2403	-0.959	0.000	0.9344	0.7564	1
1944	2405	56.063	0.000	0.9419	0.8077	1
1944	2414	-102.007	0.000	0.7799	0.4451	1
1944	2417	-130.002	0.000	0.7615	0.4510	1
1944	2437	-257.138	0.000	0.7565	0.4381	1
1944	2459	-114.079	0.000	0.8080	0.5638	1
1945	1951	36.073	0.000	0.7669	0.6186	1
1945	1952	18.062	0.000	0.7737	0.6869	1
1945	1966	-23.037	0.000	0.7727	0.6146	1
1945	1968	-67.063	0.000	0.7401	0.5373	1
1945	1972	-95.058	0.000	0.8463	0.5555	1
1945	2000	33.984	0.000	0.7642	0.7590	1
1945	2015	-67.063	0.000	0.7957	0.5435	1
1945	2017	-95.058	0.000	0.8092	0.5349	1
1945	2029	-129.043	0.000	0.8277	0.5169	1
1945	2043	-23.037	0.000	0.7466	0.6161	1
1945	2055	16.028	0.000	0.9693	0.8145	1
1945	2063	48.000	0.000	0.9705	0.8518	1
1945	2081	-53.048	0.000	0.7427	0.5710	1
1945	2082	-81.043	0.000	0.7107	0.4656	1
1945	2097	-80.059	0.000	0.7755	0.4844	1
1945	2102	-67.027	0.000	0.7283	0.4265	1
1945	2104	-39.011	0.000	0.9307	0.6786	1
1945	2113	-23.037	0.000	0.7136	0.5168	1
1945	2114	48.000	0.000	0.7652	0.7587	1
1945	2116	-53.048	0.000	0.7704	0.5031	1
1945	2117	-81.043	0.000	0.7744	0.4944	1
1945	2141	50.015	0.000	0.7663	0.8230	1
1945	2142	-80.059	0.000	0.7402	0.4948	1
1945	2159	32.041	0.000	0.8148	0.6184	1
1945	2161	-39.032	0.000	0.7025	0.4467	1
1945	2170	-81.043	0.000	0.8139	0.4864	1
1945	2196	17.042	0.000	0.7412	0.5478	1
1945	2203	-9.022	0.000	0.8740	0.5745	1
1945	2209	50.015	0.000	0.9374	0.7733	1
1945	2225	-81.043	0.000	0.7283	0.4628	1
1945	2235	-15.995	0.000	0.9632	0.7734	1
1945	2237	-66.043	0.000	0.8062	0.5877	1
1945	2239	-80.059	0.000	0.7490	0.4853	1
1945	2243	-52.028	0.000	0.7140	0.5730	1
1945	2250	-52.028	0.000	0.7081	0.5941	1
1945	2259	4.994	0.000	0.7453	0.6272	1
1945	2265	-66.043	0.000	0.8300	0.5153	1
1945	2273	-7.006	0.000	0.7030	0.4822	1
1945	2285	-96.054	0.000	0.7555	0.3673	1
1945	2286	4.994	0.000	0.8497	0.6461	1
1945	2292	19.010	0.000	0.7468	0.6611	1
1945	2295	-25.016	0.000	0.8388	0.5792	1
1945	2310	18.015	0.000	0.7889	0.6021	1
1945	2320	32.041	0.000	0.8400	0.6527	1
1945	2324	76.031	0.000	0.9552	0.7820	1
1945	2327	-11.001	0.000	0.7034	0.4978	1
1945	2333	46.021	0.000	0.9352	0.7500	1
1945	2334	45.018	0.000	0.7406	0.5854	1
1945	2339	0.033	0.000	0.8341	0.5369	1
1945	2344	-53.011	0.000	0.8599	0.5320	1
1945	2347	18.025	0.000	0.7889	0.6021	1
1945	2350	90.047	0.000	0.8801	0.6970	1
1945	2353	-83.022	0.000	0.8388	0.5275	1
1945	2356	33.025	0.000	0.7600	0.5968	1
1945	2362	18.025	0.000	0.9491	0.7317	1
1945	2363	60.036	0.000	0.8541	0.7454	1
1945	2365	-11.001	0.000	0.8508	0.5448	1
1945	2374	-38.996	0.000	0.7148	0.5842	1
1945	2387	60.036	0.000	0.8850	0.7949	1
1945	2393	-54.991	0.000	0.7139	0.5057	1
1945	2394	3.015	0.000	0.7247	0.5480	1
1945	2397	19.010	0.000	0.9571	0.8019	1
1945	2399	-97.001	0.000	0.7109	0.4013	1
1945	2401	60.036	0.000	0.9548	0.7949	1
1945	2403	33.025	0.000	0.9476	0.7812	1
1945	2405	90.047	0.000	0.9340	0.7314	1
1945	2409	-110.033	0.000	0.7573	0.5072	1
1945	2414	-68.022	0.000	0.8106	0.4789	1
1945	2417	-96.017	0.000	0.7663	0.3911	1
1945	2437	-223.154	0.000	0.7161	0.3583	1
1945	2459	-80.095	0.000	0.8195	0.6326	1
1946	1985	87.011	0.000	0.9321	0.8154	1
1946	2039	15.974	0.000	0.7352	0.5609	1
1946	2127	44.005	0.000	0.7016	0.4633	1
1946	2141	186.079	0.000	0.7036	0.4918	1
1946	2202	115.042	0.000	0.8802	0.6921	1
1946	2207	-0.021	0.000	0.7505	0.6352	1
1946	2242	44.005	0.000	0.7850	0.6677	1
1946	2273	129.058	0.000	0.7915	0.5876	1
1946	2303	13.995	0.000	0.7544	0.6192	1
1946	2358	28.010	0.000	0.7899	0.6889	1
1947	1995	-13.982	0.000	0.7440	0.6077	1
1947	2010	33.984	0.000	0.7454	0.6346	1
1947	2028	178.074	0.000	0.8738	0.7780	1
1947	2088	-115.064	0.000	0.8326	0.5671	1
1947	2109	75.011	0.000	0.7160	0.5087	1
1947	2112	57.054	0.000	0.7661	0.6235	1
1947	2141	275.127	0.000	0.7091	0.4558	1
1947	2145	204.090	0.000	0.8166	0.6608	1
1947	2147	48.000	0.000	0.9331	0.7503	1
1947	2148	73.049	0.000	0.8062	0.6345	1
1947	2150	-312.201	0.000	0.8145	0.6092	1
1947	2152	117.058	0.000	0.7944	0.6271	1
1947	2190	57.054	0.000	0.7558	0.6263	1
1947	2210	-372.187	0.000	0.7988	0.5952	1
1947	2227	76.031	0.000	0.7969	0.6176	1
1947	2230	161.084	0.000	0.7297	0.6282	1
1947	2245	73.049	0.000	0.8284	0.6779	1
1947	2249	188.095	0.000	0.7237	0.5942	1
1947	2261	89.063	0.000	0.7113	0.6553	1
1947	2283	90.047	0.000	0.7911	0.6589	1
1947	2288	60.036	0.000	0.7837	0.5602	1
1947	2300	73.049	0.000	0.8333	0.6906	1
1947	2328	33.025	0.000	0.7862	0.6844	1
1947	2331	73.049	0.000	0.8423	0.6854	1
1947	2376	57.055	0.000	0.7620	0.6256	1
1947	2413	57.055	0.000	0.7595	0.6110	1
1947	2428	57.055	0.000	0.7320	0.5753	1
1947	2430	57.055	0.000	0.7481	0.6174	1
1947	2446	57.055	0.000	0.7403	0.6171	1
1948	2027	-0.000	0.000	0.8360	0.7823	1
1949	1977	-44.027	0.000	0.7654	0.6210	1
1949	2028	59.037	0.000	0.7083	0.6418	1
1949	2140	55.042	0.000	0.7901	0.7660	1
1949	2145	85.052	0.000	0.7052	0.6016	1
1949	2152	-1.979	0.000	0.8477	0.7736	1
1949	2194	99.068	0.000	0.8886	0.7357	1
1949	2248	-1.980	0.000	0.7176	0.6211	1
1949	2249	69.057	0.000	0.7145	0.6574	1
1949	2261	-29.974	0.000	0.7316	0.7058	1
1949	2376	-61.983	0.000	0.7110	0.6149	1
1949	2413	-61.983	0.000	0.7096	0.6231	1
1949	2459	25.979	0.000	0.7343	0.6792	1
1950	2070	-41.027	0.000	0.7470	0.6248	1
1951	1952	-18.010	0.000	0.8301	0.7549	1
1951	1992	68.974	0.000	0.7435	0.4941	1
1951	1998	68.949	0.000	0.7658	0.4682	1
1951	2007	24.000	0.000	0.7806	0.6970	1
1951	2012	82.964	0.000	0.7715	0.4851	1
1951	2055	-20.045	0.000	0.8016	0.7274	1
1951	2063	11.927	0.000	0.7853	0.6537	1
1951	2074	5.974	0.000	0.8041	0.5636	1
1951	2085	96.980	0.000	0.7951	0.4656	1
1951	2104	-75.083	0.000	0.7123	0.5868	1
1951	2123	-4.032	0.000	0.7166	0.6245	1
1951	2141	13.943	0.000	0.7308	0.5953	1
1951	2159	-4.031	0.000	0.7449	0.6245	1
1951	2196	-19.031	0.000	0.7829	0.6112	1
1951	2203	-45.094	0.000	0.7042	0.5878	1
1951	2209	13.943	0.000	0.7538	0.5539	1
1951	2213	-26.027	0.000	0.7816	0.5741	1
1951	2235	-52.068	0.000	0.7703	0.6357	1
1951	2299	-26.027	0.000	0.8559	0.6773	1
1951	2310	-18.058	0.000	0.7218	0.6607	1
1951	2320	-4.031	0.000	0.7514	0.6214	1
1951	2324	39.959	0.000	0.7932	0.6506	1
1951	2333	9.948	0.000	0.7918	0.6929	1
1951	2339	-36.039	0.000	0.7657	0.6270	1
1951	2347	-18.047	0.000	0.7218	0.6607	1
1951	2350	53.974	0.000	0.7999	0.5605	1
1951	2356	-3.047	0.000	0.7139	0.7106	1
1951	2362	-18.047	0.000	0.7595	0.6441	1
1951	2363	23.964	0.000	0.7969	0.7378	1
1951	2365	-47.073	0.000	0.7096	0.5509	1
1951	2387	23.964	0.000	0.7884	0.6542	1
1951	2397	-17.063	0.000	0.7622	0.5368	1
1951	2401	23.964	0.000	0.8188	0.7126	1
1951	2403	-3.047	0.000	0.7792	0.7424	1
1951	2405	53.974	0.000	0.7445	0.5623	1
1951	2464	-26.063	0.000	0.8399	0.6959	1
1951	2474	-26.063	0.000	0.8363	0.7168	1
1952	1957	-130.027	0.000	0.7650	0.6643	1
1952	1993	14.016	0.000	0.8566	0.8076	1
1952	2000	15.922	0.000	0.7366	0.6753	1
1952	2055	-2.034	0.000	0.7684	0.7676	1
1952	2063	29.938	0.000	0.7761	0.7091	1
1952	2074	23.984	0.000	0.7473	0.5458	1
1952	2104	-57.073	0.000	0.7269	0.6431	1
1952	2114	29.938	0.000	0.7360	0.7030	1
1952	2123	13.979	0.000	0.7455	0.7152	1
1952	2141	31.953	0.000	0.7061	0.6752	1
1952	2159	13.979	0.000	0.8616	0.8211	1
1952	2170	-99.105	0.000	0.7285	0.5854	1
1952	2196	-1.021	0.000	0.7369	0.5900	1
1952	2209	31.953	0.000	0.7807	0.7061	1
1952	2235	-34.057	0.000	0.7780	0.7503	1
1952	2259	-13.068	0.000	0.7167	0.6616	1
1952	2292	0.948	0.000	0.7345	0.6994	1
1952	2293	-129.079	0.000	0.7608	0.6070	1
1952	2295	-43.079	0.000	0.7188	0.6335	1
1952	2310	-0.047	0.000	0.7951	0.6790	1
1952	2320	13.979	0.000	0.8632	0.7593	1
1952	2324	57.969	0.000	0.7680	0.6630	1
1952	2327	-29.063	0.000	0.7015	0.6057	1
1952	2333	27.959	0.000	0.8425	0.8351	1
1952	2339	-18.029	0.000	0.7139	0.6828	1
1952	2344	-71.074	0.000	0.7565	0.6404	1
1952	2347	-0.037	0.000	0.7951	0.6790	1
1952	2350	71.985	0.000	0.8180	0.6515	1
1952	2356	14.963	0.000	0.7592	0.7011	1
1952	2359	-128.095	0.000	0.7064	0.5873	1
1952	2362	-0.037	0.000	0.7718	0.7072	1
1952	2363	41.974	0.000	0.8116	0.7814	1
1952	2387	41.974	0.000	0.8539	0.8465	1
1952	2394	-15.047	0.000	0.7057	0.5396	1
1952	2397	0.948	0.000	0.7976	0.6905	1
1952	2401	41.974	0.000	0.7990	0.7695	1
1952	2403	14.963	0.000	0.7658	0.7112	1
1952	2405	71.985	0.000	0.7154	0.6189	1
1952	2409	-128.095	0.000	0.7029	0.4861	1
1952	2417	-114.079	0.000	0.7166	0.5207	1
1953	1963	57.021	0.000	0.7731	0.6501	1
1953	1981	-14.016	0.000	0.8294	0.7792	1
1953	1988	-72.021	0.000	0.8237	0.7095	1
1953	2038	14.016	0.000	0.7713	0.6885	1
1953	2041	-72.021	0.000	0.7657	0.6888	1
1953	2049	-30.011	0.000	0.8295	0.7705	1
1953	2066	-0.000	0.000	0.7390	0.7048	1
1953	2069	-58.006	0.000	0.8252	0.7545	1
1953	2144	16.031	0.000	0.7096	0.6499	1
1953	2219	7.042	0.000	0.7074	0.5596	1
1953	2224	28.031	0.000	0.7028	0.6736	1
1953	2294	12.036	0.000	0.7114	0.6848	1
1953	2322	-15.959	0.000	0.7534	0.6888	1
1953	2400	83.073	0.000	0.7112	0.5372	1
1954	2020	24.000	0.000	0.8556	0.7579	1
1954	2084	-3.995	0.000	0.7420	0.6676	1
1956	2264	-50.027	0.000	0.7558	0.6877	1
1957	1970	-101.048	0.000	0.7264	0.6773	1
1957	1983	42.011	0.000	0.7135	0.7200	1
1957	2040	14.999	0.000	0.7344	0.6073	1
1957	2080	-115.028	0.000	0.7444	0.7292	1
1957	2195	-73.016	0.000	0.7427	0.5886	1
1957	2293	0.947	0.000	0.8463	0.8859	1
1958	1985	28.006	0.000	0.7559	0.5496	1
1958	2051	97.053	0.000	0.7834	0.5673	1
1958	2066	26.016	0.000	0.7023	0.6889	1
1958	2092	99.069	0.000	0.7419	0.6052	1
1958	2219	33.058	0.000	0.7025	0.5380	1
1958	2236	99.068	0.000	0.8150	0.6189	1
1958	2277	24.037	0.000	0.7328	0.6272	1
1958	2281	-117.006	0.000	0.7332	0.5921	1
1958	2325	-14.975	0.000	0.7094	0.6403	1
1958	2357	67.079	0.000	0.7004	0.4848	1
1958	2398	68.063	0.000	0.7438	0.5745	1
1958	2404	82.078	0.000	0.7912	0.6794	1
1958	2466	-29.026	0.000	0.8627	0.7817	1
1958	2473	-29.026	0.000	0.8500	0.7417	1
1959	2045	8.963	0.000	0.7758	0.7461	1
1960	2007	-13.032	0.000	0.7348	0.5732	1
1960	2020	27.995	0.000	0.9673	0.8170	1
1960	2067	-27.995	0.000	0.7625	0.5597	1
1960	2280	-50.027	0.000	0.7926	0.5672	1
1961	2048	0.984	0.000	0.8953	0.8806	1
1961	2067	14.015	0.000	0.8010	0.7645	1
1961	2084	42.010	0.000	0.7627	0.6427	1
1961	2320	0.947	0.000	0.7096	0.7308	1
1962	2216	141.079	0.000	0.8123	0.6440	1
1962	2257	155.094	0.000	0.8361	0.6754	1
1962	2284	155.094	0.000	0.8296	0.6601	1
1963	1981	-71.037	0.000	0.8795	0.7383	1
1963	1990	-115.027	0.000	0.7270	0.5337	1
1963	2000	28.006	0.000	0.7264	0.5191	1
1963	2019	-57.021	0.000	0.8237	0.7125	1
1963	2038	-43.006	0.000	0.8359	0.6840	1
1963	2041	-129.043	0.000	0.8369	0.6050	1
1963	2042	-17.957	0.000	0.8956	0.7530	1
1963	2051	14.015	0.000	0.7629	0.7381	1
1963	2066	-57.022	0.000	0.7361	0.6598	1
1963	2069	-115.027	0.000	0.8296	0.5870	1
1963	2089	14.016	0.000	0.9694	0.8873	1
1963	2092	16.031	0.000	0.9278	0.8573	1
1963	2130	-49.980	0.000	0.9386	0.7642	1
1963	2144	-40.990	0.000	0.7853	0.5861	1
1963	2164	-61.028	0.000	0.7498	0.5867	1
1963	2219	-49.979	0.000	0.8439	0.8123	1
1963	2224	-28.990	0.000	0.8459	0.7122	1
1963	2236	16.031	0.000	0.8117	0.7107	1
1963	2262	-14.975	0.000	0.8099	0.7583	1
1963	2276	42.047	0.000	0.8685	0.8922	1
1963	2315	-1.943	0.000	0.8268	0.6990	1
1963	2316	42.047	0.000	0.7116	0.7453	1
1963	2318	56.062	0.000	0.7103	0.6985	1
1963	2322	-72.980	0.000	0.7573	0.6083	1
1963	2329	56.037	0.000	0.7072	0.6985	1
1963	2341	-74.996	0.000	0.7220	0.5349	1
1963	2348	-0.959	0.000	0.7568	0.5677	1
1963	2351	26.052	0.000	0.7630	0.6947	1
1963	2357	-15.959	0.000	0.7139	0.6695	1
1963	2370	26.052	0.000	0.9098	0.8524	1
1963	2383	-1.943	0.000	0.7599	0.7256	1
1963	2400	26.052	0.000	0.7855	0.7709	1
1963	2404	-0.959	0.000	0.7052	0.6238	1
1964	1973	-58.006	0.000	0.8678	0.6571	1
1964	1997	14.016	0.000	0.9573	0.7849	1
1964	2001	-30.010	0.000	0.9023	0.7681	1
1964	2005	71.037	0.000	0.8896	0.5866	1
1964	2034	-89.978	0.000	0.7741	0.5014	1
1964	2036	73.053	0.000	0.7376	0.5905	1
1964	2052	7.042	0.000	0.8724	0.6503	1
1964	2053	-15.995	0.000	0.8576	0.7242	1
1964	2103	-58.006	0.000	0.8868	0.7275	1
1964	2198	99.068	0.000	0.8283	0.5469	1
1964	2213	42.047	0.000	0.8264	0.6983	1
1964	2238	69.058	0.000	0.8388	0.6284	1
1964	2251	73.052	0.000	0.7409	0.5544	1
1964	2264	41.062	0.000	0.7167	0.6130	1
1964	2268	-105.973	0.000	0.7357	0.4541	1
1964	2269	113.084	0.000	0.7125	0.4441	1
1964	2304	73.053	0.000	0.7258	0.5134	1
1964	2314	73.053	0.000	0.7218	0.5397	1
1964	2410	73.053	0.000	0.7207	0.5275	1
1964	2432	-71.074	0.000	0.7342	0.5455	1
1964	2464	42.010	0.000	0.7108	0.5373	1
1964	2474	42.010	0.000	0.7475	0.5373	1
1965	2048	-0.984	0.000	0.7830	0.7304	1
1966	1968	-44.026	0.000	0.9091	0.7569	1
1966	1972	-72.021	0.000	0.7683	0.7594	1
1966	1986	-30.010	0.000	0.8680	0.7111	1
1966	1999	-57.022	0.000	0.7908	0.5603	1
1966	2000	57.021	0.000	0.8868	0.6782	1
1966	2009	-14.016	0.000	0.8309	0.7121	1
1966	2014	-58.005	0.000	0.7382	0.5727	1
1966	2015	-44.026	0.000	0.7545	0.6764	1
1966	2017	-72.021	0.000	0.7809	0.7005	1
1966	2026	-30.011	0.000	0.8685	0.7413	1
1966	2037	-44.026	0.000	0.8087	0.6279	1
1966	2043	-0.000	0.000	0.8481	0.7383	1
1966	2055	39.065	0.000	0.7425	0.6004	1
1966	2059	-57.472	0.000	0.7357	0.6120	1
1966	2061	-72.022	0.000	0.8059	0.5811	1
1966	2063	71.037	0.000	0.7363	0.5642	1
1966	2064	-73.025	0.000	0.7073	0.4650	1
1966	2071	-71.013	0.000	0.7313	0.5895	1
1966	2073	-71.997	0.000	0.7844	0.5768	1
1966	2075	14.016	0.000	0.8380	0.6477	1
1966	2081	-30.011	0.000	0.8866	0.7260	1
1966	2082	-58.006	0.000	0.8142	0.6798	1
1966	2093	-58.017	0.000	0.7597	0.6226	1
1966	2097	-57.022	0.000	0.7634	0.7095	1
1966	2104	-15.974	0.000	0.7644	0.6635	1
1966	2105	-43.006	0.000	0.7005	0.5494	1
1966	2113	0.000	0.000	0.7674	0.6628	1
1966	2114	71.037	0.000	0.8625	0.5763	1
1966	2116	-30.011	0.000	0.7880	0.6224	1
1966	2136	-15.995	0.000	0.7942	0.6387	1
1966	2141	73.053	0.000	0.8516	0.6179	1
1966	2142	-57.022	0.000	0.7232	0.5759	1
1966	2159	55.078	0.000	0.7643	0.6224	1
1966	2161	-15.995	0.000	0.7089	0.5937	1
1966	2170	-58.006	0.000	0.7460	0.6252	1
1966	2194	16.031	0.000	0.8457	0.8049	1
1966	2209	73.053	0.000	0.7813	0.5934	1
1966	2235	7.042	0.000	0.7547	0.6249	1
1966	2239	-57.022	0.000	0.7329	0.5907	1
1966	2259	28.031	0.000	0.8194	0.6264	1
1966	2265	-43.006	0.000	0.7090	0.6417	1
1966	2273	16.031	0.000	0.7697	0.7413	1
1966	2278	-59.949	0.000	0.7041	0.5608	1
1966	2286	28.031	0.000	0.7675	0.6920	1
1966	2292	42.047	0.000	0.8411	0.6764	1
1966	2295	-1.979	0.000	0.8036	0.6390	1
1966	2309	-29.974	0.000	0.8043	0.6409	1
1966	2310	41.052	0.000	0.7560	0.6066	1
1966	2317	-31.990	0.000	0.7496	0.5097	1
1966	2320	55.078	0.000	0.8148	0.6053	1
1966	2327	12.036	0.000	0.8515	0.6940	1
1966	2333	69.058	0.000	0.8214	0.6032	1
1966	2347	41.063	0.000	0.7560	0.6066	1
1966	2349	-44.985	0.000	0.7249	0.5725	1
1966	2350	113.084	0.000	0.7769	0.5204	1
1966	2353	-59.985	0.000	0.7330	0.5918	1
1966	2356	56.062	0.000	0.7617	0.6686	1
1966	2362	41.063	0.000	0.7353	0.6363	1
1966	2363	83.073	0.000	0.8228	0.6075	1
1966	2365	12.036	0.000	0.7760	0.7186	1
1966	2381	-45.969	0.000	0.7177	0.4691	1
1966	2385	-17.974	0.000	0.7195	0.4820	1
1966	2387	83.073	0.000	0.8639	0.5933	1
1966	2393	-31.954	0.000	0.7374	0.5956	1
1966	2394	26.052	0.000	0.8356	0.6991	1
1966	2397	42.047	0.000	0.7996	0.5813	1
1966	2401	83.073	0.000	0.7576	0.6103	1
1966	2403	56.062	0.000	0.7536	0.7260	1
1966	2437	-200.117	0.000	0.7049	0.5426	1
1966	2459	-57.058	0.000	0.7479	0.6104	1
1966	2464	33.047	0.000	0.7073	0.6103	1
1967	1984	-0.144	0.000	0.7919	0.7123	1
1967	2118	-128.059	0.000	0.7469	0.6573	1
1968	1972	-27.995	0.000	0.7756	0.8121	1
1968	1986	14.016	0.000	0.9064	0.7657	1
1968	1999	-12.995	0.000	0.7883	0.6203	1
1968	2000	101.048	0.000	0.8416	0.5910	1
1968	2002	-143.022	0.000	0.7031	0.6270	1
1968	2009	30.011	0.000	0.7878	0.6760	1
1968	2014	-13.979	0.000	0.8004	0.7415	1
1968	2015	-0.000	0.000	0.7532	0.7099	1
1968	2017	-27.995	0.000	0.7663	0.7187	1
1968	2026	14.015	0.000	0.8840	0.7056	1
1968	2030	-57.022	0.000	0.7042	0.6070	1
1968	2037	-0.000	0.000	0.8240	0.7007	1
1968	2043	44.026	0.000	0.8670	0.7274	1
1968	2049	-13.991	0.000	0.7134	0.6494	1
1968	2055	83.091	0.000	0.7302	0.6034	1
1968	2056	-12.996	0.000	0.7140	0.5622	1
1968	2059	-13.446	0.000	0.7707	0.6331	1
1968	2061	-27.995	0.000	0.7950	0.6521	1
1968	2063	115.063	0.000	0.7069	0.5193	1
1968	2065	-43.006	0.000	0.7322	0.6780	1
1968	2071	-26.987	0.000	0.7828	0.6977	1
1968	2073	-27.971	0.000	0.8035	0.6935	1
1968	2075	58.042	0.000	0.7489	0.5191	1
1968	2081	14.015	0.000	0.9207	0.8056	1
1968	2082	-13.980	0.000	0.7813	0.6183	1
1968	2093	-13.991	0.000	0.7464	0.6104	1
1968	2097	-12.996	0.000	0.7526	0.6892	1
1968	2102	0.036	0.000	0.7042	0.6521	1
1968	2104	28.052	0.000	0.7450	0.6432	1
1968	2105	1.020	0.000	0.7498	0.6430	1
1968	2113	44.026	0.000	0.7701	0.6730	1
1968	2114	115.063	0.000	0.8255	0.5026	1
1968	2116	14.015	0.000	0.8025	0.6796	1
1968	2136	28.031	0.000	0.8358	0.6816	1
1968	2140	16.031	0.000	0.8258	0.7794	1
1968	2141	117.079	0.000	0.8218	0.5343	1
1968	2142	-12.996	0.000	0.7340	0.5974	1
1968	2159	99.104	0.000	0.7311	0.5318	1
1968	2170	-13.980	0.000	0.7454	0.6240	1
1968	2194	60.057	0.000	0.7375	0.6030	1
1968	2209	117.079	0.000	0.7478	0.5115	1
1968	2235	51.068	0.000	0.7265	0.5566	1
1968	2239	-12.996	0.000	0.7726	0.7107	1
1968	2259	72.057	0.000	0.7829	0.5448	1
1968	2273	60.057	0.000	0.7455	0.6966	1
1968	2278	-15.922	0.000	0.7675	0.7104	1
1968	2286	72.057	0.000	0.7331	0.6040	1
1968	2292	86.073	0.000	0.7852	0.5832	1
1968	2295	42.047	0.000	0.8384	0.7037	1
1968	2309	14.052	0.000	0.7723	0.5973	1
1968	2310	85.078	0.000	0.7555	0.5932	1
1968	2317	12.036	0.000	0.8474	0.7681	1
1968	2320	99.105	0.000	0.7620	0.4969	1
1968	2327	56.062	0.000	0.8615	0.7299	1
1968	2333	113.084	0.000	0.8141	0.6084	1
1968	2347	85.089	0.000	0.7555	0.5932	1
1968	2349	-0.959	0.000	0.7775	0.6583	1
1968	2350	157.110	0.000	0.7230	0.4350	1
1968	2353	-15.959	0.000	0.8105	0.7591	1
1968	2356	100.089	0.000	0.7137	0.5608	1
1968	2360	26.052	0.000	0.8046	0.7411	1
1968	2362	85.089	0.000	0.7149	0.5892	1
1968	2363	127.100	0.000	0.8181	0.5879	1
1968	2365	56.062	0.000	0.7334	0.6536	1
1968	2373	27.064	0.000	0.7223	0.6075	1
1968	2381	-1.943	0.000	0.7130	0.5342	1
1968	2385	26.052	0.000	0.8389	0.7229	1
1968	2387	127.100	0.000	0.8136	0.4983	1
1968	2393	12.073	0.000	0.7452	0.6097	1
1968	2394	70.078	0.000	0.7066	0.5038	1
1968	2397	86.073	0.000	0.7604	0.5188	1
1968	2401	127.100	0.000	0.7281	0.5464	1
1968	2403	100.089	0.000	0.7020	0.5881	1
1968	2459	-13.032	0.000	0.7675	0.6346	1
1969	1972	-14.033	0.000	0.7255	0.6107	1
1969	1987	-0.028	0.000	0.9378	0.8234	1
1969	2014	-0.017	0.000	0.8206	0.6715	1
1969	2015	13.962	0.000	0.7648	0.6434	1
1969	2016	57.988	0.000	0.7168	0.5729	1
1969	2017	-14.033	0.000	0.7202	0.5383	1
1969	2097	0.966	0.000	0.7070	0.5680	1
1969	2117	-0.018	0.000	0.7057	0.4715	1
1969	2159	113.066	0.000	0.7135	0.5397	1
1969	2161	41.993	0.000	0.7033	0.4650	1
1969	2225	-0.018	0.000	0.7337	0.4836	1
1969	2237	14.982	0.000	0.7164	0.5616	1
1969	2320	113.066	0.000	0.7025	0.5201	1
1969	2353	-1.997	0.000	0.7116	0.6246	1
1970	1978	171.054	0.000	0.7163	0.5805	1
1970	2024	-12.995	0.000	0.7978	0.6376	1
1970	2072	14.015	0.000	0.8822	0.8072	1
1970	2080	-13.980	0.000	0.9021	0.7680	1
1970	2143	14.016	0.000	0.8327	0.7833	1
1970	2151	13.919	0.000	0.7227	0.6282	1
1970	2160	14.016	0.000	0.7983	0.7424	1
1970	2353	129.991	0.000	0.7081	0.5973	1
1971	2010	71.037	0.000	0.7135	0.5815	1
1971	2045	-15.995	0.000	0.7497	0.6385	1
1971	2050	-57.022	0.000	0.7623	0.6809	1
1971	2079	-73.017	0.000	0.7339	0.6497	1
1971	2249	225.148	0.000	0.7090	0.5586	1
1971	2328	70.078	0.000	0.7375	0.6245	1
1971	2331	110.102	0.000	0.7010	0.5678	1
1972	1987	14.005	0.000	0.7563	0.6824	1
1972	2014	14.016	0.000	0.7538	0.6821	1
1972	2015	27.995	0.000	0.9079	0.7389	1
1972	2016	72.021	0.000	0.7009	0.5205	1
1972	2017	-0.000	0.000	0.9559	0.8290	1
1972	2029	-33.984	0.000	0.8506	0.5589	1
1972	2030	-29.027	0.000	0.7197	0.5076	1
1972	2055	111.086	0.000	0.8244	0.5511	1
1972	2056	14.999	0.000	0.8121	0.6305	1
1972	2059	14.549	0.000	0.8559	0.7316	1
1972	2063	143.058	0.000	0.8030	0.5092	1
1972	2071	1.008	0.000	0.8008	0.6563	1
1972	2081	42.010	0.000	0.7027	0.6837	1
1972	2082	14.015	0.000	0.7544	0.6575	1
1972	2093	14.004	0.000	0.7321	0.6045	1
1972	2097	14.999	0.000	0.9417	0.8084	1
1972	2102	28.031	0.000	0.7590	0.5866	1
1972	2104	56.047	0.000	0.8323	0.6145	1
1972	2116	42.010	0.000	0.7981	0.6337	1
1972	2117	14.015	0.000	0.9170	0.8062	1
1972	2142	14.999	0.000	0.8041	0.6327	1
1972	2159	127.099	0.000	0.7084	0.5390	1
1972	2170	14.015	0.000	0.8556	0.7104	1
1972	2203	86.037	0.000	0.8263	0.5721	1
1972	2209	145.074	0.000	0.7950	0.5258	1
1972	2212	56.026	0.000	0.7138	0.4770	1
1972	2225	14.015	0.000	0.8693	0.7122	1
1972	2235	79.063	0.000	0.8223	0.5365	1
1972	2237	29.015	0.000	0.8087	0.5889	1
1972	2239	14.999	0.000	0.7728	0.6172	1
1972	2265	29.015	0.000	0.7977	0.5622	1
1972	2273	88.052	0.000	0.7285	0.5937	1
1972	2285	-0.996	0.000	0.7691	0.4988	1
1972	2286	100.052	0.000	0.7845	0.5473	1
1972	2293	-15.959	0.000	0.7605	0.7819	1
1972	2295	70.042	0.000	0.7532	0.5638	1
1972	2310	113.073	0.000	0.7677	0.6201	1
1972	2320	127.099	0.000	0.7160	0.5428	1
1972	2321	-99.876	0.000	0.7148	0.4943	1
1972	2324	171.089	0.000	0.7957	0.4753	1
1972	2333	141.079	0.000	0.8126	0.5872	1
1972	2336	-100.028	0.000	0.7013	0.5212	1
1972	2339	95.091	0.000	0.7760	0.5489	1
1972	2344	42.047	0.000	0.8567	0.6661	1
1972	2347	113.084	0.000	0.7677	0.6201	1
1972	2350	185.105	0.000	0.7677	0.4786	1
1972	2353	12.036	0.000	0.8802	0.7674	1
1972	2362	113.084	0.000	0.8674	0.6650	1
1972	2363	155.094	0.000	0.7142	0.4648	1
1972	2365	84.057	0.000	0.8207	0.5597	1
1972	2373	55.059	0.000	0.7178	0.6480	1
1972	2374	56.062	0.000	0.7924	0.6626	1
1972	2387	155.094	0.000	0.7383	0.4879	1
1972	2397	114.068	0.000	0.8325	0.5262	1
1972	2399	-1.943	0.000	0.7527	0.6793	1
1972	2401	155.094	0.000	0.8216	0.5092	1
1972	2403	128.083	0.000	0.8594	0.6363	1
1972	2405	185.105	0.000	0.8036	0.4964	1
1972	2408	-15.978	0.000	0.7187	0.5819	1
1972	2409	-14.975	0.000	0.7780	0.5896	1
1972	2414	27.036	0.000	0.7734	0.4878	1
1972	2417	-0.959	0.000	0.7972	0.5184	1
1972	2437	-128.096	0.000	0.8617	0.6932	1
1972	2459	14.963	0.000	0.8281	0.6686	1
1973	1997	72.021	0.000	0.8509	0.6091	1
1973	2001	27.995	0.000	0.8643	0.7076	1
1973	2005	129.043	0.000	0.7900	0.4264	1
1973	2034	-31.972	0.000	0.8032	0.5858	1
1973	2036	131.058	0.000	0.7122	0.3942	1
1973	2052	65.048	0.000	0.7889	0.4861	1
1973	2053	42.010	0.000	0.8651	0.6366	1
1973	2103	-0.000	0.000	0.7939	0.5570	1
1973	2198	157.074	0.000	0.7485	0.3880	1
1973	2213	100.052	0.000	0.7634	0.4878	1
1973	2238	127.063	0.000	0.7592	0.4667	1
1973	2251	131.058	0.000	0.7278	0.4173	1
1973	2264	99.068	0.000	0.7137	0.5369	1
1973	2268	-47.968	0.000	0.7322	0.4782	1
1973	2269	171.089	0.000	0.7093	0.3549	1
1973	2280	113.084	0.000	0.7035	0.4810	1
1973	2302	141.079	0.000	0.7101	0.4707	1
1973	2304	131.058	0.000	0.7138	0.3656	1
1973	2314	131.058	0.000	0.7177	0.4406	1
1973	2345	141.079	0.000	0.7234	0.4584	1
1973	2410	131.058	0.000	0.7153	0.4053	1
1973	2432	-13.068	0.000	0.7195	0.4952	1
1973	2464	100.016	0.000	0.7032	0.4196	1
1973	2474	100.016	0.000	0.7416	0.4648	1
1973	2477	-247.180	0.000	0.7005	0.4905	1
1974	2197	24.011	0.000	0.9529	0.6619	1
1974	2241	24.011	0.000	0.9780	0.8040	1
1974	2260	-15.995	0.000	0.9474	0.6404	1
1974	2380	-15.995	0.000	0.9578	0.6709	1
1977	2140	99.068	0.000	0.7823	0.5928	1
1977	2152	42.047	0.000	0.7452	0.5106	1
1977	2245	-1.962	0.000	0.7205	0.5431	1
1977	2248	42.047	0.000	0.7456	0.5803	1
1977	2249	113.084	0.000	0.7275	0.5782	1
1978	1980	-335.133	0.000	0.7534	0.5996	1
1978	2072	-157.038	0.000	0.7780	0.6030	1
1978	2143	-157.038	0.000	0.7284	0.5847	1
1978	2185	-215.091	0.000	0.7091	0.6210	1
1980	2185	120.042	0.000	0.7223	0.5823	1
1981	2009	28.006	0.000	0.7778	0.6675	1
1981	2019	14.016	0.000	0.8805	0.7958	1
1981	2038	28.031	0.000	0.7588	0.7023	1
1981	2041	-58.006	0.000	0.8725	0.7550	1
1981	2042	53.081	0.000	0.7305	0.6363	1
1981	2049	-15.996	0.000	0.8094	0.8002	1
1981	2066	14.015	0.000	0.9166	0.8570	1
1981	2069	-43.990	0.000	0.9329	0.8303	1
1981	2089	85.053	0.000	0.7162	0.5764	1
1981	2092	87.068	0.000	0.7383	0.6307	1
1981	2144	30.047	0.000	0.7185	0.6288	1
1981	2224	42.047	0.000	0.8720	0.8126	1
1981	2262	56.062	0.000	0.7308	0.6344	1
1981	2276	113.084	0.000	0.7977	0.6845	1
1981	2322	-1.943	0.000	0.7029	0.5724	1
1981	2341	-3.958	0.000	0.7088	0.6399	1
1981	2370	97.089	0.000	0.7321	0.5829	1
1982	2070	-14.016	0.000	0.7431	0.5872	1
1983	2094	-128.059	0.000	0.7236	0.6194	1
1983	2381	0.948	0.000	0.8210	0.8298	1
1984	2039	-0.000	0.000	0.7901	0.7351	1
1985	2039	-71.037	0.000	0.8197	0.7342	1
1985	2109	-101.048	0.000	0.7541	0.6179	1
1985	2127	-43.007	0.000	0.7114	0.5168	1
1985	2141	99.068	0.000	0.7234	0.5863	1
1985	2202	28.031	0.000	0.9553	0.8172	1
1985	2203	40.031	0.000	0.7007	0.7333	1
1985	2207	-87.032	0.000	0.8376	0.7899	1
1985	2209	99.068	0.000	0.7814	0.5855	1
1985	2242	-43.006	0.000	0.8221	0.7080	1
1985	2265	-16.991	0.000	0.7329	0.6977	1
1985	2273	42.047	0.000	0.8564	0.6817	1
1985	2303	-73.016	0.000	0.7985	0.6614	1
1985	2358	-59.001	0.000	0.8248	0.6928	1
1985	2414	-18.969	0.000	0.7103	0.6637	1
1986	1999	-27.011	0.000	0.8499	0.6224	1
1986	2000	87.032	0.000	0.8322	0.5641	1
1986	2009	15.995	0.000	0.8087	0.7555	1
1986	2014	-27.995	0.000	0.7087	0.6406	1
1986	2026	-0.000	0.000	0.9653	0.8585	1
1986	2037	-14.016	0.000	0.8285	0.7922	1
1986	2043	30.010	0.000	0.7734	0.6042	1
1986	2049	-28.007	0.000	0.7597	0.6139	1
1986	2061	-42.011	0.000	0.8024	0.6305	1
1986	2064	-43.014	0.000	0.7273	0.5607	1
1986	2073	-41.987	0.000	0.7472	0.5903	1
1986	2075	44.026	0.000	0.7620	0.5248	1
1986	2081	-0.000	0.000	0.8200	0.6344	1
1986	2082	-27.995	0.000	0.7593	0.6689	1
1986	2093	-28.007	0.000	0.7246	0.6470	1
1986	2105	-12.996	0.000	0.7211	0.5079	1
1986	2136	14.015	0.000	0.9647	0.8745	1
1986	2141	103.063	0.000	0.8133	0.5489	1
1986	2249	16.031	0.000	0.8136	0.7191	1
1986	2259	58.041	0.000	0.7845	0.6267	1
1986	2292	72.057	0.000	0.7883	0.6514	1
1986	2309	0.036	0.000	0.7557	0.5721	1
1986	2317	-1.979	0.000	0.7312	0.6047	1
1986	2320	85.089	0.000	0.7119	0.5483	1
1986	2327	42.047	0.000	0.8053	0.6890	1
1986	2360	12.036	0.000	0.7916	0.7089	1
1986	2381	-15.959	0.000	0.8359	0.7121	1
1986	2385	12.036	0.000	0.7798	0.6612	1
1986	2387	113.084	0.000	0.7479	0.5375	1
1986	2393	-1.943	0.000	0.7878	0.7261	1
1986	2394	56.062	0.000	0.7598	0.6786	1
1987	2014	0.011	0.000	0.8715	0.8139	1
1987	2015	13.990	0.000	0.7519	0.5987	1
1987	2016	58.016	0.000	0.7151	0.5317	1
1987	2017	-14.005	0.000	0.7528	0.6324	1
1987	2030	-43.032	0.000	0.7074	0.5171	1
1987	2049	-0.001	0.000	0.7493	0.6708	1
1987	2059	0.544	0.000	0.7304	0.6243	1
1987	2071	-12.997	0.000	0.7786	0.6644	1
1987	2081	28.005	0.000	0.7022	0.6361	1
1987	2082	0.010	0.000	0.7370	0.7039	1
1987	2095	14.015	0.000	0.7856	0.7252	1
1987	2097	0.994	0.000	0.7358	0.6237	1
1987	2102	14.026	0.000	0.8111	0.7206	1
1987	2116	28.005	0.000	0.7218	0.5253	1
1987	2117	0.010	0.000	0.7375	0.5707	1
1987	2148	-71.010	0.000	0.7114	0.6629	1
1987	2161	42.021	0.000	0.7188	0.5686	1
1987	2225	0.010	0.000	0.7698	0.6068	1
1987	2237	15.010	0.000	0.7200	0.5519	1
1987	2252	56.073	0.000	0.7525	0.6932	1
1987	2265	15.010	0.000	0.7044	0.6396	1
1987	2273	74.047	0.000	0.7649	0.7080	1
1987	2278	-1.933	0.000	0.7066	0.6536	1
1987	2294	42.046	0.000	0.7037	0.6215	1
1987	2295	56.037	0.000	0.7009	0.5815	1
1987	2353	-1.969	0.000	0.7125	0.5767	1
1988	1990	14.016	0.000	0.7556	0.7200	1
1988	2090	14.015	0.000	0.8791	0.7811	1
1988	2357	113.084	0.000	0.7387	0.5647	1
1988	2404	128.084	0.000	0.7094	0.5693	1
1989	2047	163.063	0.000	0.7450	0.6248	1
1989	2127	163.063	0.000	0.7265	0.4955	1
1989	2131	163.063	0.000	0.7469	0.6075	1
1989	2200	163.064	0.000	0.7715	0.5935	1
1990	2019	58.006	0.000	0.8353	0.7131	1
1990	2038	72.021	0.000	0.7798	0.6137	1
1990	2041	-14.016	0.000	0.7397	0.6296	1
1990	2042	97.070	0.000	0.7004	0.5868	1
1990	2066	58.005	0.000	0.7235	0.6200	1
1990	2089	129.043	0.000	0.7360	0.5106	1
1990	2095	42.010	0.000	0.7144	0.6906	1
1990	2130	65.047	0.000	0.7431	0.6450	1
1990	2224	86.037	0.000	0.7353	0.5931	1
1990	2262	100.052	0.000	0.7392	0.6042	1
1990	2322	42.047	0.000	0.7542	0.6334	1
1990	2341	40.031	0.000	0.7579	0.6528	1
1990	2370	141.079	0.000	0.7107	0.5320	1
1991	1993	-18.011	0.000	0.8197	0.7937	1
1992	1998	-0.025	0.000	0.9783	0.9102	1
1992	2012	13.991	0.000	0.8290	0.6009	1
1992	2074	-63.000	0.000	0.8810	0.6972	1
1992	2174	13.440	0.000	0.7849	0.7662	1
1992	2177	13.013	0.000	0.8945	0.8159	1
1992	2181	14.016	0.000	0.8791	0.6511	1
1992	2196	-88.005	0.000	0.7434	0.4912	1
1992	2388	-73.005	0.000	0.7009	0.5086	1
1994	2003	0.991	0.000	0.8019	0.7963	1
1995	2028	192.056	0.000	0.7244	0.5424	1
1995	2088	-101.082	0.000	0.7265	0.5413	1
1995	2112	71.036	0.000	0.7661	0.6126	1
1995	2145	218.072	0.000	0.7576	0.5461	1
1995	2147	61.982	0.000	0.7341	0.5464	1
1995	2148	87.031	0.000	0.8256	0.7417	1
1995	2150	-298.219	0.000	0.7401	0.5932	1
1995	2190	71.036	0.000	0.7529	0.6002	1
1995	2191	-0.001	0.000	0.7196	0.6085	1
1995	2210	-358.205	0.000	0.7236	0.5896	1
1995	2227	90.013	0.000	0.7037	0.5389	1
1995	2245	87.031	0.000	0.7954	0.6905	1
1995	2267	-15.996	0.000	0.7466	0.5877	1
1995	2283	104.029	0.000	0.7154	0.5904	1
1995	2288	74.018	0.000	0.7153	0.5778	1
1995	2300	87.031	0.000	0.8258	0.6975	1
1995	2331	87.031	0.000	0.8418	0.7571	1
1995	2376	71.037	0.000	0.7496	0.6218	1
1995	2413	71.037	0.000	0.7769	0.6472	1
1995	2428	71.037	0.000	0.7488	0.6155	1
1995	2430	71.037	0.000	0.7572	0.6234	1
1995	2446	71.037	0.000	0.7592	0.6527	1
1997	2001	-44.026	0.000	0.8801	0.6602	1
1997	2005	57.021	0.000	0.8973	0.6370	1
1997	2034	-103.993	0.000	0.8013	0.5006	1
1997	2036	59.037	0.000	0.7352	0.6023	1
1997	2038	-19.042	0.000	0.7149	0.5843	1
1997	2052	-6.973	0.000	0.8752	0.6285	1
1997	2053	-30.011	0.000	0.8781	0.7721	1
1997	2103	-72.021	0.000	0.8672	0.6278	1
1997	2198	85.053	0.000	0.8091	0.5184	1
1997	2213	28.031	0.000	0.8332	0.7561	1
1997	2238	55.042	0.000	0.8664	0.6881	1
1997	2251	59.037	0.000	0.7334	0.5352	1
1997	2264	27.047	0.000	0.7511	0.6992	1
1997	2268	-119.989	0.000	0.7636	0.4964	1
1997	2269	99.068	0.000	0.7693	0.5610	1
1997	2301	45.002	0.000	0.7279	0.5964	1
1997	2304	59.037	0.000	0.7176	0.5007	1
1997	2314	59.037	0.000	0.7131	0.5397	1
1997	2410	59.037	0.000	0.7122	0.5235	1
1997	2432	-85.089	0.000	0.7736	0.5424	1
1997	2464	27.995	0.000	0.7693	0.5866	1
1997	2474	27.995	0.000	0.7962	0.5866	1
1997	2477	-319.201	0.000	0.7366	0.5620	1
1998	2012	14.016	0.000	0.8601	0.6577	1
1998	2074	-62.975	0.000	0.9185	0.7380	1
1998	2085	28.031	0.000	0.8411	0.5887	1
1998	2174	13.465	0.000	0.7498	0.7662	1
1998	2177	13.038	0.000	0.8785	0.8622	1
1998	2196	-87.980	0.000	0.7795	0.5351	1
1998	2333	-59.001	0.000	0.7203	0.5697	1
1998	2362	-86.996	0.000	0.7132	0.4733	1
1998	2388	-72.980	0.000	0.7029	0.5764	1
1999	2000	114.043	0.000	0.7298	0.4414	1
1999	2009	43.006	0.000	0.7808	0.6925	1
1999	2026	27.011	0.000	0.8480	0.5904	1
1999	2037	12.995	0.000	0.7503	0.6175	1
1999	2043	57.021	0.000	0.7045	0.5690	1
1999	2061	-15.000	0.000	0.7548	0.5910	1
1999	2064	-16.003	0.000	0.7026	0.5999	1
1999	2073	-14.976	0.000	0.7216	0.5654	1
1999	2081	27.011	0.000	0.7461	0.6019	1
1999	2082	-0.984	0.000	0.7355	0.6406	1
1999	2105	14.016	0.000	0.9523	0.8177	1
1999	2114	128.058	0.000	0.7214	0.4100	1
1999	2136	41.026	0.000	0.7315	0.5037	1
1999	2259	85.052	0.000	0.7069	0.5347	1
1999	2292	99.068	0.000	0.7147	0.5578	1
1999	2309	27.047	0.000	0.7307	0.6678	1
1999	2349	12.036	0.000	0.7928	0.7122	1
2000	2002	-244.070	0.000	0.7712	0.4641	1
2000	2007	26.088	0.000	0.7631	0.6041	1
2000	2009	-71.037	0.000	0.8456	0.5774	1
2000	2014	-115.027	0.000	0.7027	0.4480	1
2000	2026	-87.032	0.000	0.8297	0.5669	1
2000	2030	-158.069	0.000	0.7060	0.3933	1
2000	2037	-101.048	0.000	0.8105	0.5753	1
2000	2043	-57.022	0.000	0.8756	0.7087	1
2000	2048	-1.907	0.000	0.7351	0.5563	1
2000	2055	-17.956	0.000	0.7380	0.7425	1
2000	2056	-114.043	0.000	0.7094	0.4543	1
2000	2059	-114.493	0.000	0.7553	0.5027	1
2000	2061	-129.043	0.000	0.8262	0.5379	1
2000	2063	14.015	0.000	0.7503	0.7871	1
2000	2064	-130.046	0.000	0.7126	0.4058	1
2000	2065	-144.054	0.000	0.7053	0.4729	1
2000	2073	-129.019	0.000	0.7711	0.4731	1
2000	2075	-43.006	0.000	0.8213	0.7179	1
2000	2081	-87.032	0.000	0.8769	0.6313	1
2000	2082	-115.027	0.000	0.8060	0.4719	1
2000	2093	-115.039	0.000	0.7664	0.4418	1
2000	2097	-114.043	0.000	0.7389	0.5664	1
2000	2104	-72.995	0.000	0.7284	0.6021	1
2000	2105	-100.027	0.000	0.7779	0.5926	1
2000	2113	-57.021	0.000	0.7502	0.6139	1
2000	2114	14.015	0.000	0.9847	0.8863	1
2000	2116	-87.032	0.000	0.7839	0.6185	1
2000	2123	-1.943	0.000	0.7083	0.6381	1
2000	2136	-73.017	0.000	0.8638	0.6712	1
2000	2141	16.031	0.000	0.9196	0.8611	1
2000	2142	-114.044	0.000	0.7743	0.5105	1
2000	2159	-1.943	0.000	0.8204	0.6954	1
2000	2161	-73.016	0.000	0.7082	0.5223	1
2000	2209	16.031	0.000	0.7817	0.8271	1
2000	2235	-49.979	0.000	0.7385	0.6863	1
2000	2239	-114.043	0.000	0.7207	0.5364	1
2000	2243	-86.012	0.000	0.7288	0.5315	1
2000	2250	-86.012	0.000	0.7185	0.5355	1
2000	2259	-28.990	0.000	0.8876	0.6538	1
2000	2278	-116.970	0.000	0.7322	0.4538	1
2000	2286	-28.990	0.000	0.7424	0.6197	1
2000	2292	-14.975	0.000	0.8830	0.6450	1
2000	2293	-145.001	0.000	0.7228	0.4609	1
2000	2295	-59.001	0.000	0.8202	0.6302	1
2000	2309	-86.996	0.000	0.8372	0.5706	1
2000	2310	-15.969	0.000	0.8068	0.6407	1
2000	2317	-89.011	0.000	0.8046	0.5399	1
2000	2320	-1.943	0.000	0.8663	0.6599	1
2000	2327	-44.985	0.000	0.8262	0.5596	1
2000	2333	12.036	0.000	0.8499	0.7760	1
2000	2347	-15.959	0.000	0.8068	0.6407	1
2000	2349	-102.007	0.000	0.7785	0.5827	1
2000	2350	56.063	0.000	0.8086	0.6755	1
2000	2353	-117.006	0.000	0.7266	0.5475	1
2000	2356	-0.959	0.000	0.7644	0.5907	1
2000	2360	-74.996	0.000	0.7486	0.5033	1
2000	2362	-15.959	0.000	0.7208	0.6896	1
2000	2363	26.052	0.000	0.8702	0.7131	1
2000	2381	-102.991	0.000	0.7933	0.5050	1
2000	2385	-74.996	0.000	0.7572	0.4693	1
2000	2387	26.052	0.000	0.9182	0.8187	1
2000	2393	-88.975	0.000	0.7672	0.4751	1
2000	2394	-30.969	0.000	0.7968	0.5299	1
2000	2397	-14.975	0.000	0.8251	0.7905	1
2000	2401	26.052	0.000	0.7562	0.8038	1
2000	2403	-0.959	0.000	0.7121	0.7459	1
2000	2459	-114.079	0.000	0.7611	0.6780	1
2000	2464	-23.975	0.000	0.7611	0.7471	1
2000	2474	-23.975	0.000	0.7337	0.7223	1
2001	2005	101.047	0.000	0.8130	0.4149	1
2001	2034	-59.967	0.000	0.7814	0.5344	1
2001	2049	-19.043	0.000	0.7343	0.6194	1
2001	2052	37.053	0.000	0.8259	0.5476	1
2001	2053	14.015	0.000	0.8720	0.7564	1
2001	2081	8.964	0.000	0.7083	0.7628	1
2001	2103	-27.995	0.000	0.8317	0.6685	1
2001	2176	-40.991	0.000	0.7270	0.5703	1
2001	2198	129.079	0.000	0.7636	0.4246	1
2001	2213	72.057	0.000	0.7420	0.5373	1
2001	2238	99.068	0.000	0.7870	0.5621	1
2001	2251	103.063	0.000	0.7118	0.5062	1
2001	2268	-75.963	0.000	0.7312	0.4428	1
2001	2432	-41.063	0.000	0.7735	0.5778	1
2001	2439	97.021	0.000	0.7005	0.5123	1
2001	2464	72.021	0.000	0.7022	0.5114	1
2001	2474	72.021	0.000	0.7347	0.5016	1
2002	2009	173.033	0.000	0.7290	0.6267	1
2002	2014	129.043	0.000	0.7580	0.6846	1
2002	2025	0.018	0.000	0.7368	0.6863	1
2002	2059	129.576	0.000	0.7041	0.5685	1
2002	2061	115.027	0.000	0.7044	0.5498	1
2002	2073	115.051	0.000	0.7239	0.6036	1
2002	2082	129.042	0.000	0.7857	0.6781	1
2002	2093	129.031	0.000	0.7622	0.6311	1
2004	2006	-0.000	0.000	0.7986	0.7625	1
2004	2028	338.134	0.000	0.7750	0.6684	1
2005	2034	-161.015	0.000	0.7737	0.3660	1
2005	2036	2.016	0.000	0.7630	0.8011	1
2005	2052	-63.995	0.000	0.9408	0.7378	1
2005	2053	-87.032	0.000	0.8173	0.5355	1
2005	2103	-129.043	0.000	0.8769	0.6198	1
2005	2198	28.031	0.000	0.9086	0.7508	1
2005	2213	-28.990	0.000	0.8131	0.5948	1
2005	2238	-1.979	0.000	0.8862	0.6761	1
2005	2251	2.015	0.000	0.7726	0.7590	1
2005	2264	-29.975	0.000	0.7397	0.5557	1
2005	2268	-177.010	0.000	0.7204	0.2983	1
2005	2269	42.047	0.000	0.7863	0.7161	1
2005	2304	2.016	0.000	0.7643	0.7672	1
2005	2314	2.016	0.000	0.7388	0.6593	1
2005	2410	2.016	0.000	0.7452	0.6842	1
2005	2474	-29.026	0.000	0.7288	0.6175	1
2006	2364	338.196	0.000	0.7057	0.5641	1
2007	2020	41.026	0.000	0.7233	0.5137	1
2007	2026	-113.121	0.000	0.7267	0.5323	1
2007	2048	-27.995	0.000	0.8232	0.7321	1
2007	2075	-69.094	0.000	0.7911	0.6990	1
2007	2114	-12.073	0.000	0.7749	0.6777	1
2007	2123	-28.032	0.000	0.7047	0.7497	1
2007	2136	-99.105	0.000	0.7166	0.5202	1
2007	2141	-10.057	0.000	0.7817	0.6492	1
2007	2299	-50.027	0.000	0.8071	0.6763	1
2008	2010	-242.151	0.000	0.7762	0.6580	1
2009	2015	-30.011	0.000	0.7168	0.7104	1
2009	2016	14.016	0.000	0.7079	0.7332	1
2009	2026	-15.995	0.000	0.7842	0.6506	1
2009	2030	-87.032	0.000	0.7519	0.6535	1
2009	2037	-30.011	0.000	0.9275	0.7879	1
2009	2043	14.015	0.000	0.8668	0.7186	1
2009	2061	-58.006	0.000	0.9102	0.7458	1
2009	2064	-59.009	0.000	0.7729	0.5730	1
2009	2073	-57.982	0.000	0.8561	0.6832	1
2009	2075	28.031	0.000	0.7072	0.5456	1
2009	2081	-15.995	0.000	0.8035	0.7280	1
2009	2082	-43.990	0.000	0.9124	0.7627	1
2009	2093	-44.002	0.000	0.8488	0.7211	1
2009	2113	14.016	0.000	0.8964	0.8404	1
2009	2114	85.052	0.000	0.7513	0.4862	1
2009	2116	-15.995	0.000	0.8426	0.7490	1
2009	2136	-1.980	0.000	0.7042	0.5961	1
2009	2142	-43.007	0.000	0.7261	0.6459	1
2009	2145	16.031	0.000	0.7829	0.6685	1
2009	2243	-14.975	0.000	0.8274	0.6699	1
2009	2250	-14.975	0.000	0.8306	0.6830	1
2009	2259	42.047	0.000	0.8491	0.6831	1
2009	2286	42.047	0.000	0.7608	0.6934	1
2009	2292	56.062	0.000	0.8095	0.6885	1
2009	2295	12.036	0.000	0.8272	0.7552	1
2009	2309	-15.959	0.000	0.8394	0.7423	1
2009	2317	-17.974	0.000	0.7322	0.6357	1
2009	2320	69.094	0.000	0.7290	0.5611	1
2009	2327	26.052	0.000	0.7999	0.6612	1
2009	2333	83.073	0.000	0.7037	0.5377	1
2009	2350	127.100	0.000	0.7010	0.4904	1
2009	2387	97.089	0.000	0.7344	0.4915	1
2009	2393	-17.938	0.000	0.7073	0.5863	1
2009	2394	40.068	0.000	0.7130	0.5888	1
2009	2459	-43.042	0.000	0.7400	0.6521	1
2010	2028	144.090	0.000	0.7311	0.6299	1
2010	2050	-128.059	0.000	0.7111	0.6276	1
2010	2147	14.016	0.000	0.7465	0.6744	1
2010	2148	39.065	0.000	0.7743	0.6798	1
2010	2150	-346.185	0.000	0.7267	0.5774	1
2010	2152	83.074	0.000	0.7481	0.6602	1
2010	2245	39.065	0.000	0.7084	0.6150	1
2010	2283	56.063	0.000	0.8363	0.7971	1
2010	2300	39.065	0.000	0.7131	0.6150	1
2010	2328	-0.959	0.000	0.7897	0.7495	1
2010	2331	39.065	0.000	0.7463	0.6703	1
2011	2023	-0.482	0.000	0.7131	0.5714	1
2012	2063	-71.037	0.000	0.7291	0.5908	1
2012	2074	-76.990	0.000	0.9251	0.6860	1
2012	2085	14.016	0.000	0.9429	0.8096	1
2012	2196	-101.995	0.000	0.8378	0.5687	1
2012	2235	-135.032	0.000	0.7216	0.5573	1
2012	2323	-25.979	0.000	0.7613	0.7472	1
2012	2333	-73.016	0.000	0.7266	0.5042	1
2012	2401	-59.001	0.000	0.7403	0.6329	1
2012	2405	-28.990	0.000	0.7399	0.7028	1
2014	2015	13.979	0.000	0.7381	0.6108	1
2014	2017	-14.016	0.000	0.7485	0.6006	1
2014	2037	13.979	0.000	0.7181	0.6502	1
2014	2043	58.005	0.000	0.7170	0.5965	1
2014	2049	-0.012	0.000	0.7304	0.6258	1
2014	2056	0.983	0.000	0.7365	0.6269	1
2014	2059	0.533	0.000	0.7513	0.6698	1
2014	2061	-14.016	0.000	0.7151	0.6161	1
2014	2065	-29.027	0.000	0.7984	0.7077	1
2014	2071	-13.008	0.000	0.8050	0.6844	1
2014	2073	-13.992	0.000	0.7367	0.6648	1
2014	2075	72.021	0.000	0.7722	0.5454	1
2014	2081	27.995	0.000	0.8093	0.7530	1
2014	2082	-0.000	0.000	0.7809	0.6778	1
2014	2093	-0.012	0.000	0.7020	0.5934	1
2014	2097	0.984	0.000	0.7612	0.7020	1
2014	2102	14.015	0.000	0.7686	0.6566	1
2014	2113	58.005	0.000	0.7447	0.6013	1
2014	2114	129.042	0.000	0.7046	0.4124	1
2014	2115	72.021	0.000	0.7095	0.5445	1
2014	2116	27.994	0.000	0.7641	0.6081	1
2014	2117	-0.001	0.000	0.7810	0.6739	1
2014	2140	30.010	0.000	0.7284	0.7387	1
2014	2161	42.010	0.000	0.7994	0.6902	1
2014	2170	-0.000	0.000	0.7740	0.6552	1
2014	2225	-0.000	0.000	0.7858	0.6815	1
2014	2237	14.999	0.000	0.7405	0.5969	1
2014	2239	0.983	0.000	0.7887	0.6827	1
2014	2249	44.026	0.000	0.7178	0.7096	1
2014	2252	56.062	0.000	0.7553	0.6206	1
2014	2265	14.999	0.000	0.7511	0.7025	1
2014	2273	74.036	0.000	0.7441	0.7153	1
2014	2278	-1.943	0.000	0.8310	0.7345	1
2014	2286	86.037	0.000	0.7434	0.5561	1
2014	2293	-29.975	0.000	0.7413	0.6348	1
2014	2295	56.026	0.000	0.7521	0.5802	1
2014	2309	28.031	0.000	0.7653	0.7071	1
2014	2310	99.057	0.000	0.7412	0.5082	1
2014	2317	26.015	0.000	0.7098	0.5847	1
2014	2320	113.084	0.000	0.7126	0.4768	1
2014	2333	127.063	0.000	0.7087	0.4732	1
2014	2347	99.068	0.000	0.7412	0.5082	1
2014	2350	171.089	0.000	0.7023	0.3843	1
2014	2353	-1.979	0.000	0.8107	0.7038	1
2014	2363	141.079	0.000	0.7133	0.4434	1
2014	2381	12.036	0.000	0.7119	0.6033	1
2014	2385	40.031	0.000	0.7175	0.5584	1
2014	2387	141.079	0.000	0.7228	0.4173	1
2014	2459	0.947	0.000	0.8010	0.6103	1
2015	2016	44.026	0.000	0.8405	0.6497	1
2015	2017	-27.995	0.000	0.9179	0.7657	1
2015	2029	-61.979	0.000	0.7783	0.4998	1
2015	2030	-57.022	0.000	0.7968	0.6442	1
2015	2037	-0.000	0.000	0.7680	0.7928	1
2015	2055	83.091	0.000	0.7934	0.5550	1
2015	2056	-12.996	0.000	0.8255	0.6508	1
2015	2059	-13.446	0.000	0.8100	0.6238	1
2015	2061	-27.995	0.000	0.7254	0.7281	1
2015	2063	115.063	0.000	0.7559	0.4797	1
2015	2065	-43.006	0.000	0.7264	0.6347	1
2015	2071	-26.987	0.000	0.7996	0.6956	1
2015	2073	-27.971	0.000	0.7564	0.7312	1
2015	2081	14.015	0.000	0.7774	0.7835	1
2015	2082	-13.980	0.000	0.7783	0.6998	1
2015	2083	-114.043	0.000	0.7364	0.5847	1
2015	2093	-13.991	0.000	0.7359	0.6593	1
2015	2097	-12.996	0.000	0.8941	0.7338	1
2015	2102	0.036	0.000	0.7174	0.5057	1
2015	2104	28.052	0.000	0.8000	0.5824	1
2015	2113	44.026	0.000	0.7517	0.6116	1
2015	2115	58.042	0.000	0.7283	0.5048	1
2015	2116	14.015	0.000	0.9035	0.7886	1
2015	2117	-13.980	0.000	0.8167	0.6056	1
2015	2140	16.031	0.000	0.7164	0.7911	1
2015	2142	-12.996	0.000	0.7784	0.6264	1
2015	2159	99.105	0.000	0.7002	0.5037	1
2015	2161	28.031	0.000	0.7149	0.5008	1
2015	2170	-13.980	0.000	0.7854	0.6029	1
2015	2203	58.042	0.000	0.7857	0.5261	1
2015	2209	117.079	0.000	0.7253	0.4780	1
2015	2212	28.031	0.000	0.7447	0.5052	1
2015	2225	-13.980	0.000	0.7717	0.5407	1
2015	2235	51.068	0.000	0.7748	0.5013	1
2015	2237	1.020	0.000	0.7967	0.5511	1
2015	2239	-12.996	0.000	0.7539	0.5949	1
2015	2265	1.020	0.000	0.7746	0.5850	1
2015	2285	-28.990	0.000	0.7397	0.4858	1
2015	2286	72.057	0.000	0.7741	0.4781	1
2015	2295	42.047	0.000	0.8378	0.7248	1
2015	2310	85.078	0.000	0.7607	0.5484	1
2015	2320	99.105	0.000	0.7025	0.4913	1
2015	2324	143.094	0.000	0.7402	0.4535	1
2015	2327	56.063	0.000	0.7204	0.6982	1
2015	2333	113.084	0.000	0.7944	0.5970	1
2015	2339	67.096	0.000	0.7929	0.5800	1
2015	2344	14.052	0.000	0.7975	0.5654	1
2015	2347	85.089	0.000	0.7607	0.5484	1
2015	2349	-0.959	0.000	0.7082	0.6608	1
2015	2350	157.110	0.000	0.7541	0.4507	1
2015	2353	-15.959	0.000	0.8629	0.7795	1
2015	2356	100.089	0.000	0.7299	0.5515	1
2015	2362	85.089	0.000	0.8018	0.5660	1
2015	2363	127.100	0.000	0.7239	0.4725	1
2015	2365	56.062	0.000	0.8912	0.7022	1
2015	2374	28.068	0.000	0.7039	0.4927	1
2015	2385	26.052	0.000	0.7524	0.6477	1
2015	2387	127.100	0.000	0.7394	0.4711	1
2015	2392	-14.975	0.000	0.7463	0.6182	1
2015	2397	86.073	0.000	0.7844	0.4957	1
2015	2401	127.100	0.000	0.7857	0.5003	1
2015	2403	100.089	0.000	0.8211	0.5861	1
2015	2405	157.110	0.000	0.7495	0.4970	1
2015	2409	-42.970	0.000	0.7026	0.5075	1
2015	2414	-0.959	0.000	0.7997	0.5948	1
2015	2417	-28.954	0.000	0.7500	0.4825	1
2015	2437	-156.091	0.000	0.7933	0.6075	1
2015	2459	-13.032	0.000	0.8119	0.6034	1
2016	2017	-72.021	0.000	0.7423	0.5319	1
2016	2030	-101.048	0.000	0.7845	0.5879	1
2016	2037	-44.026	0.000	0.7273	0.6680	1
2016	2055	39.065	0.000	0.7010	0.5607	1
2016	2056	-57.022	0.000	0.8139	0.6928	1
2016	2059	-57.472	0.000	0.7470	0.6036	1
2016	2061	-72.022	0.000	0.7094	0.6960	1
2016	2071	-71.013	0.000	0.7220	0.5622	1
2016	2073	-71.997	0.000	0.7242	0.6677	1
2016	2082	-58.006	0.000	0.7300	0.6299	1
2016	2083	-158.070	0.000	0.7631	0.5285	1
2016	2097	-57.022	0.000	0.7460	0.6132	1
2016	2115	14.015	0.000	0.9454	0.8157	1
2016	2116	-30.011	0.000	0.7898	0.6149	1
2016	2142	-57.022	0.000	0.7618	0.6263	1
2016	2203	14.016	0.000	0.7778	0.6903	1
2016	2285	-73.017	0.000	0.7059	0.4828	1
2016	2286	28.031	0.000	0.7016	0.5284	1
2016	2327	12.036	0.000	0.7001	0.6907	1
2016	2350	113.084	0.000	0.7251	0.5316	1
2016	2356	56.062	0.000	0.7648	0.6485	1
2016	2365	12.036	0.000	0.8248	0.6839	1
2016	2373	-16.962	0.000	0.7280	0.6457	1
2016	2374	-15.959	0.000	0.9247	0.7574	1
2016	2394	26.052	0.000	0.7223	0.7095	1
2016	2403	56.062	0.000	0.7143	0.6192	1
2017	2029	-33.984	0.000	0.8399	0.6093	1
2017	2030	-29.027	0.000	0.7067	0.5013	1
2017	2037	27.995	0.000	0.7195	0.6546	1
2017	2055	111.086	0.000	0.7635	0.4772	1
2017	2056	14.999	0.000	0.8055	0.6330	1
2017	2059	14.549	0.000	0.8331	0.6665	1
2017	2061	-0.001	0.000	0.7010	0.6780	1
2017	2063	143.058	0.000	0.7438	0.4364	1
2017	2071	1.008	0.000	0.8207	0.7339	1
2017	2073	0.024	0.000	0.7160	0.6907	1
2017	2081	42.010	0.000	0.7240	0.6756	1
2017	2082	14.015	0.000	0.7863	0.6990	1
2017	2093	14.004	0.000	0.7490	0.6741	1
2017	2097	14.999	0.000	0.9283	0.7654	1
2017	2102	28.031	0.000	0.7360	0.5683	1
2017	2104	56.047	0.000	0.7850	0.5375	1
2017	2116	42.010	0.000	0.8036	0.5865	1
2017	2117	14.015	0.000	0.9169	0.8093	1
2017	2142	14.999	0.000	0.7995	0.6234	1
2017	2170	14.015	0.000	0.8591	0.7289	1
2017	2203	86.037	0.000	0.7749	0.4983	1
2017	2209	145.074	0.000	0.7320	0.4390	1
2017	2225	14.015	0.000	0.8829	0.7512	1
2017	2235	79.063	0.000	0.7782	0.5096	1
2017	2237	29.015	0.000	0.7817	0.5272	1
2017	2239	14.999	0.000	0.7460	0.5785	1
2017	2265	29.015	0.000	0.7649	0.5412	1
2017	2285	-0.995	0.000	0.7269	0.5142	1
2017	2286	100.052	0.000	0.7633	0.4858	1
2017	2293	-15.959	0.000	0.7208	0.6867	1
2017	2295	70.042	0.000	0.7235	0.4760	1
2017	2310	113.073	0.000	0.7739	0.5768	1
2017	2324	171.089	0.000	0.7292	0.4029	1
2017	2333	141.079	0.000	0.7812	0.5060	1
2017	2339	95.091	0.000	0.7270	0.4756	1
2017	2344	42.047	0.000	0.8475	0.6892	1
2017	2347	113.084	0.000	0.7739	0.5768	1
2017	2350	185.105	0.000	0.7351	0.4054	1
2017	2353	12.036	0.000	0.8517	0.7315	1
2017	2362	113.084	0.000	0.8300	0.6265	1
2017	2363	155.095	0.000	0.7072	0.4318	1
2017	2365	84.057	0.000	0.7864	0.5048	1
2017	2373	55.059	0.000	0.7001	0.5435	1
2017	2374	56.063	0.000	0.8054	0.6026	1
2017	2387	155.095	0.000	0.7257	0.4320	1
2017	2397	114.068	0.000	0.7937	0.4843	1
2017	2399	-1.943	0.000	0.7023	0.5821	1
2017	2401	155.095	0.000	0.7657	0.4388	1
2017	2403	128.084	0.000	0.8054	0.5475	1
2017	2405	185.105	0.000	0.7296	0.4132	1
2017	2409	-14.975	0.000	0.7771	0.6714	1
2017	2414	27.036	0.000	0.7300	0.4591	1
2017	2417	-0.959	0.000	0.7838	0.5959	1
2017	2437	-128.096	0.000	0.8594	0.7156	1
2017	2459	14.963	0.000	0.7924	0.5700	1
2018	2040	-0.984	0.000	0.7151	0.6034	1
2018	2293	-15.036	0.000	0.7490	0.5665	1
2019	2038	14.015	0.000	0.9270	0.8318	1
2019	2041	-72.021	0.000	0.7361	0.6784	1
2019	2042	39.065	0.000	0.7697	0.6717	1
2019	2043	28.006	0.000	0.7258	0.5962	1
2019	2049	-30.011	0.000	0.7321	0.6238	1
2019	2066	-0.000	0.000	0.8362	0.7747	1
2019	2069	-58.006	0.000	0.7315	0.6268	1
2019	2089	71.037	0.000	0.8052	0.6182	1
2019	2092	73.053	0.000	0.7639	0.6825	1
2019	2095	-15.995	0.000	0.7518	0.6853	1
2019	2130	7.042	0.000	0.8019	0.6801	1
2019	2144	16.031	0.000	0.8011	0.6846	1
2019	2219	7.042	0.000	0.7524	0.6929	1
2019	2224	28.031	0.000	0.8622	0.7655	1
2019	2236	73.052	0.000	0.7087	0.5942	1
2019	2262	42.047	0.000	0.8119	0.7513	1
2019	2276	99.068	0.000	0.7199	0.6222	1
2019	2315	55.079	0.000	0.7842	0.6825	1
2019	2322	-15.959	0.000	0.8021	0.7332	1
2019	2341	-17.974	0.000	0.7370	0.5714	1
2019	2351	83.073	0.000	0.7147	0.6911	1
2019	2370	83.073	0.000	0.8124	0.6855	1
2019	2400	83.073	0.000	0.7150	0.6160	1
2020	2302	-50.027	0.000	0.9092	0.7011	1
2020	2345	-50.027	0.000	0.8981	0.7125	1
2022	2098	-129.043	0.000	0.7920	0.7001	1
2022	2153	-258.085	0.000	0.7270	0.6009	1
2022	2357	113.084	0.000	0.7155	0.5954	1
2022	2398	114.068	0.000	0.7056	0.6463	1
2024	2033	-71.037	0.000	0.7068	0.5885	1
2024	2078	144.042	0.000	0.7448	0.6478	1
2024	2080	-0.984	0.000	0.8567	0.7089	1
2024	2119	42.010	0.000	0.7612	0.6704	1
2024	2346	14.963	0.000	0.7064	0.6782	1
2025	2141	260.083	0.000	0.7156	0.4022	1
2025	2148	58.005	0.000	0.7096	0.6303	1
2025	2258	-15.996	0.000	0.7976	0.5945	1
2025	2279	-15.996	0.000	0.8112	0.6695	1
2025	2392	128.029	0.000	0.7204	0.6273	1
2026	2037	-14.016	0.000	0.7981	0.6382	1
2026	2043	30.010	0.000	0.7545	0.5708	1
2026	2049	-28.007	0.000	0.7111	0.4994	1
2026	2061	-42.011	0.000	0.7997	0.5957	1
2026	2064	-43.014	0.000	0.7403	0.6152	1
2026	2073	-41.987	0.000	0.7189	0.4960	1
2026	2075	44.026	0.000	0.7689	0.5429	1
2026	2081	-0.000	0.000	0.8111	0.6141	1
2026	2082	-27.995	0.000	0.7195	0.5781	1
2026	2105	-12.995	0.000	0.7273	0.5079	1
2026	2114	101.048	0.000	0.8162	0.5230	1
2026	2136	14.015	0.000	0.9570	0.8213	1
2026	2141	103.063	0.000	0.8024	0.5230	1
2026	2249	16.031	0.000	0.7938	0.6652	1
2026	2259	58.042	0.000	0.7664	0.6084	1
2026	2292	72.058	0.000	0.7726	0.6369	1
2026	2309	0.036	0.000	0.7386	0.5230	1
2026	2317	-1.979	0.000	0.7036	0.4948	1
2026	2327	42.047	0.000	0.7751	0.5953	1
2026	2360	12.036	0.000	0.7814	0.6599	1
2026	2381	-15.958	0.000	0.8204	0.6634	1
2026	2385	12.037	0.000	0.7501	0.5551	1
2026	2387	113.084	0.000	0.7316	0.5557	1
2026	2393	-1.943	0.000	0.7553	0.6747	1
2026	2394	56.063	0.000	0.7219	0.6611	1
2028	2088	-293.138	0.000	0.7543	0.5135	1
2028	2092	69.047	0.000	0.7126	0.4962	1
2028	2112	-121.020	0.000	0.7480	0.5697	1
2028	2120	96.049	0.000	0.7662	0.5586	1
2028	2139	25.012	0.000	0.7574	0.6992	1
2028	2140	-3.995	0.000	0.8286	0.7090	1
2028	2141	97.053	0.000	0.8135	0.5215	1
2028	2145	26.015	0.000	0.8741	0.7383	1
2028	2147	-130.075	0.000	0.8399	0.6462	1
2028	2148	-105.026	0.000	0.7953	0.6289	1
2028	2150	-490.275	0.000	0.7994	0.6030	1
2028	2152	-61.016	0.000	0.8173	0.6689	1
2028	2190	-121.020	0.000	0.7336	0.5468	1
2028	2194	40.031	0.000	0.7672	0.7179	1
2028	2210	-550.262	0.000	0.7618	0.5834	1
2028	2227	-102.043	0.000	0.7723	0.6492	1
2028	2230	-16.990	0.000	0.7714	0.6648	1
2028	2245	-105.026	0.000	0.7992	0.6363	1
2028	2248	-61.017	0.000	0.7211	0.6140	1
2028	2249	10.020	0.000	0.8620	0.7703	1
2028	2273	40.031	0.000	0.7449	0.7322	1
2028	2283	-88.027	0.000	0.8057	0.6896	1
2028	2288	-118.038	0.000	0.7919	0.5648	1
2028	2300	-105.025	0.000	0.8174	0.6641	1
2028	2328	-145.049	0.000	0.7706	0.5927	1
2028	2331	-105.025	0.000	0.8333	0.6852	1
2028	2376	-121.020	0.000	0.7450	0.5712	1
2028	2413	-121.020	0.000	0.7525	0.5755	1
2028	2428	-121.020	0.000	0.7180	0.5336	1
2028	2430	-121.020	0.000	0.7327	0.5471	1
2028	2446	-121.020	0.000	0.7280	0.5507	1
2029	2055	145.070	0.000	0.7676	0.4797	1
2029	2059	48.534	0.000	0.7207	0.5375	1
2029	2063	177.042	0.000	0.7417	0.4036	1
2029	2097	48.984	0.000	0.7732	0.5069	1
2029	2104	90.032	0.000	0.7666	0.4689	1
2029	2116	75.995	0.000	0.7063	0.4596	1
2029	2117	47.999	0.000	0.9016	0.7088	1
2029	2142	48.983	0.000	0.7040	0.5229	1
2029	2170	48.000	0.000	0.9177	0.7602	1
2029	2203	120.021	0.000	0.7849	0.4821	1
2029	2209	179.058	0.000	0.7345	0.4469	1
2029	2225	48.000	0.000	0.8178	0.6363	1
2029	2235	113.048	0.000	0.7523	0.3799	1
2029	2237	62.999	0.000	0.7463	0.3962	1
2029	2239	48.983	0.000	0.7584	0.5761	1
2029	2265	62.999	0.000	0.7238	0.4418	1
2029	2285	32.989	0.000	0.7399	0.5045	1
2029	2286	134.037	0.000	0.7393	0.4300	1
2029	2293	18.026	0.000	0.7381	0.7486	1
2029	2295	104.026	0.000	0.7051	0.4587	1
2029	2310	147.057	0.000	0.8044	0.5885	1
2029	2324	205.074	0.000	0.7451	0.3937	1
2029	2333	175.063	0.000	0.7441	0.4656	1
2029	2339	129.076	0.000	0.7384	0.4428	1
2029	2344	76.031	0.000	0.9107	0.7043	1
2029	2347	147.068	0.000	0.8044	0.5885	1
2029	2350	219.089	0.000	0.7021	0.3540	1
2029	2353	46.021	0.000	0.8170	0.6591	1
2029	2359	19.010	0.000	0.7353	0.7286	1
2029	2362	147.068	0.000	0.8430	0.5990	1
2029	2365	118.042	0.000	0.8050	0.5199	1
2029	2374	90.047	0.000	0.7441	0.6203	1
2029	2392	47.005	0.000	0.7426	0.6468	1
2029	2397	148.052	0.000	0.8161	0.5091	1
2029	2401	189.079	0.000	0.7637	0.4055	1
2029	2403	162.068	0.000	0.7912	0.4633	1
2029	2405	219.089	0.000	0.7664	0.4057	1
2029	2408	18.007	0.000	0.7399	0.6362	1
2029	2409	19.010	0.000	0.8662	0.7433	1
2029	2414	61.020	0.000	0.7641	0.4685	1
2029	2417	33.025	0.000	0.9012	0.7216	1
2029	2437	-94.111	0.000	0.8292	0.7101	1
2029	2459	48.948	0.000	0.7955	0.5411	1
2030	2037	57.021	0.000	0.7570	0.6519	1
2030	2056	44.026	0.000	0.7684	0.6119	1
2030	2059	43.576	0.000	0.7702	0.5600	1
2030	2065	14.016	0.000	0.7786	0.6567	1
2030	2071	30.034	0.000	0.7478	0.6345	1
2030	2073	29.050	0.000	0.7530	0.6290	1
2030	2082	43.042	0.000	0.7205	0.4951	1
2030	2083	-57.022	0.000	0.8061	0.6585	1
2030	2093	43.031	0.000	0.7252	0.5367	1
2030	2097	44.026	0.000	0.7346	0.5178	1
2030	2115	115.063	0.000	0.7341	0.5173	1
2030	2116	71.037	0.000	0.7902	0.5856	1
2030	2142	44.026	0.000	0.7133	0.4971	1
2030	2248	16.031	0.000	0.7183	0.6352	1
2030	2285	28.031	0.000	0.7215	0.6354	1
2030	2365	113.084	0.000	0.7446	0.5390	1
2030	2373	84.086	0.000	0.7207	0.6085	1
2034	2052	97.020	0.000	0.7841	0.4594	1
2034	2053	73.982	0.000	0.7144	0.5115	1
2034	2103	31.972	0.000	0.9357	0.7959	1
2034	2198	189.046	0.000	0.7652	0.4047	1
2034	2213	132.025	0.000	0.7180	0.4511	1
2034	2238	159.036	0.000	0.7794	0.5368	1
2034	2264	131.040	0.000	0.7929	0.5614	1
2034	2268	-15.995	0.000	0.8187	0.6229	1
2034	2432	18.904	0.000	0.7200	0.5019	1
2034	2474	131.988	0.000	0.7287	0.5064	1
2035	2036	-18.011	0.000	0.7725	0.6748	1
2035	2125	26.015	0.000	0.8808	0.8194	1
2035	2251	-18.011	0.000	0.7671	0.6327	1
2035	2304	-18.011	0.000	0.7761	0.6507	1
2035	2314	-18.011	0.000	0.7518	0.5521	1
2035	2410	-18.011	0.000	0.7558	0.5979	1
2036	2052	-66.011	0.000	0.7939	0.6461	1
2036	2053	-89.048	0.000	0.7233	0.5078	1
2036	2101	97.053	0.000	0.8046	0.4646	1
2036	2137	26.015	0.000	0.8964	0.7062	1
2036	2146	-3.995	0.000	0.8962	0.6381	1
2036	2198	26.016	0.000	0.8234	0.7859	1
2036	2213	-31.006	0.000	0.8151	0.5754	1
2036	2234	-31.990	0.000	0.9155	0.7654	1
2036	2238	-3.995	0.000	0.7581	0.5843	1
2036	2251	-0.000	0.000	0.9718	0.8096	1
2036	2263	-61.017	0.000	0.7370	0.4756	1
2036	2264	-31.990	0.000	0.7364	0.6407	1
2036	2269	40.031	0.000	0.8830	0.7293	1
2036	2280	-17.974	0.000	0.9017	0.7286	1
2036	2297	97.053	0.000	0.8013	0.4648	1
2036	2298	28.031	0.000	0.7415	0.4971	1
2036	2299	-31.006	0.000	0.8712	0.5875	1
2036	2302	10.021	0.000	0.9087	0.7667	1
2036	2304	-0.000	0.000	0.9666	0.8256	1
2036	2305	-13.032	0.000	0.8039	0.5498	1
2036	2312	-16.990	0.000	0.9082	0.6815	1
2036	2314	-0.000	0.000	0.9478	0.7190	1
2036	2345	10.021	0.000	0.8942	0.7179	1
2036	2410	0.000	0.000	0.9587	0.7467	1
2036	2416	97.053	0.000	0.7780	0.4648	1
2036	2427	-6.042	0.000	0.7945	0.5055	1
2036	2431	-265.118	0.000	0.7830	0.3999	1
2036	2439	-6.042	0.000	0.8008	0.5060	1
2036	2444	97.053	0.000	0.7759	0.4648	1
2036	2447	-6.498	0.000	0.7916	0.4129	1
2036	2464	-31.042	0.000	0.8606	0.6129	1
2036	2474	-31.042	0.000	0.8543	0.6261	1
2036	2477	-378.238	0.000	0.7852	0.4520	1
2037	2043	44.026	0.000	0.7578	0.6910	1
2037	2056	-12.996	0.000	0.7768	0.7028	1
2037	2059	-13.446	0.000	0.7465	0.6616	1
2037	2061	-27.995	0.000	0.9147	0.8107	1
2037	2064	-28.998	0.000	0.7794	0.6426	1
2037	2065	-43.006	0.000	0.7289	0.6477	1
2037	2071	-26.987	0.000	0.7236	0.6505	1
2037	2073	-27.971	0.000	0.8777	0.7720	1
2037	2075	58.042	0.000	0.7071	0.4824	1
2037	2081	14.016	0.000	0.8641	0.8512	1
2037	2082	-13.979	0.000	0.8773	0.7187	1
2037	2093	-13.991	0.000	0.8143	0.6598	1
2037	2097	-12.995	0.000	0.7318	0.6573	1
2037	2113	44.026	0.000	0.7388	0.6922	1
2037	2114	115.063	0.000	0.7180	0.4195	1
2037	2116	14.015	0.000	0.8879	0.8267	1
2037	2136	28.031	0.000	0.7085	0.5685	1
2037	2140	16.031	0.000	0.8615	0.7609	1
2037	2142	-12.996	0.000	0.8343	0.7078	1
2037	2159	99.105	0.000	0.7001	0.5045	1
2037	2170	-13.979	0.000	0.7091	0.6887	1
2037	2239	-12.996	0.000	0.7414	0.7099	1
2037	2292	86.073	0.000	0.7309	0.5604	1
2037	2295	42.047	0.000	0.7796	0.6877	1
2037	2309	14.052	0.000	0.7439	0.7297	1
2037	2317	12.036	0.000	0.8530	0.7584	1
2037	2320	99.105	0.000	0.7106	0.4871	1
2037	2327	56.063	0.000	0.8335	0.7727	1
2037	2333	113.084	0.000	0.7359	0.5660	1
2037	2349	-0.959	0.000	0.8439	0.7442	1
2037	2353	-15.958	0.000	0.7557	0.7224	1
2037	2360	26.052	0.000	0.8529	0.8223	1
2037	2365	56.063	0.000	0.7048	0.6630	1
2037	2385	26.052	0.000	0.8136	0.7348	1
2037	2387	127.100	0.000	0.7278	0.4520	1
2037	2392	-14.975	0.000	0.7267	0.6801	1
2037	2459	-13.032	0.000	0.7311	0.6350	1
2038	2041	-86.037	0.000	0.7288	0.6653	1
2038	2042	25.049	0.000	0.8013	0.6940	1
2038	2049	-44.027	0.000	0.8269	0.7057	1
2038	2066	-14.016	0.000	0.8134	0.7255	1
2038	2069	-72.021	0.000	0.7332	0.6789	1
2038	2071	-57.023	0.000	0.7661	0.6441	1
2038	2075	28.006	0.000	0.7912	0.5347	1
2038	2089	57.022	0.000	0.7995	0.6164	1
2038	2092	59.037	0.000	0.8107	0.7146	1
2038	2095	-30.011	0.000	0.7780	0.6306	1
2038	2102	-30.000	0.000	0.7314	0.6521	1
2038	2130	-6.974	0.000	0.8449	0.7033	1
2038	2144	2.016	0.000	0.7804	0.6619	1
2038	2219	-6.973	0.000	0.7551	0.7046	1
2038	2224	14.016	0.000	0.8200	0.7137	1
2038	2236	59.037	0.000	0.7411	0.5875	1
2038	2262	28.031	0.000	0.8150	0.7327	1
2038	2276	85.053	0.000	0.7123	0.6328	1
2038	2294	-1.979	0.000	0.8474	0.7443	1
2038	2315	41.063	0.000	0.7604	0.6364	1
2038	2322	-29.974	0.000	0.8224	0.7438	1
2038	2341	-31.990	0.000	0.7575	0.6089	1
2038	2351	69.058	0.000	0.7891	0.7327	1
2038	2370	69.058	0.000	0.8250	0.7226	1
2038	2388	69.069	0.000	0.7506	0.7226	1
2038	2400	69.058	0.000	0.7539	0.6689	1
2039	2109	-30.011	0.000	0.8305	0.6944	1
2039	2202	99.069	0.000	0.7720	0.6092	1
2039	2207	-15.995	0.000	0.9047	0.8040	1
2039	2242	28.031	0.000	0.8350	0.6806	1
2039	2273	113.084	0.000	0.7257	0.5347	1
2039	2303	-1.979	0.000	0.7913	0.6148	1
2039	2358	12.037	0.000	0.8375	0.6764	1
2040	2293	-14.052	0.000	0.7125	0.6177	1
2040	2346	-114.079	0.000	0.7357	0.6825	1
2041	2066	72.021	0.000	0.7094	0.6566	1
2041	2069	14.015	0.000	0.8817	0.7840	1
2041	2224	100.053	0.000	0.7284	0.6434	1
2041	2262	114.068	0.000	0.7170	0.5658	1
2041	2322	56.063	0.000	0.7405	0.6597	1
2042	2051	31.972	0.000	0.8504	0.7716	1
2042	2066	-39.065	0.000	0.7151	0.6247	1
2042	2069	-97.071	0.000	0.7152	0.5716	1
2042	2089	31.972	0.000	0.8810	0.7309	1
2042	2092	33.988	0.000	0.8765	0.8026	1
2042	2130	-32.023	0.000	0.8944	0.8086	1
2042	2144	-23.034	0.000	0.7950	0.6121	1
2042	2164	-43.071	0.000	0.7145	0.5461	1
2042	2219	-32.023	0.000	0.8771	0.7640	1
2042	2224	-11.034	0.000	0.7777	0.6626	1
2042	2236	33.988	0.000	0.7806	0.6201	1
2042	2262	2.982	0.000	0.7147	0.5950	1
2042	2276	60.003	0.000	0.8513	0.7064	1
2042	2315	16.014	0.000	0.8155	0.7210	1
2042	2316	60.003	0.000	0.8118	0.7143	1
2042	2318	74.019	0.000	0.7552	0.6478	1
2042	2322	-55.024	0.000	0.7492	0.6135	1
2042	2329	73.994	0.000	0.7475	0.6360	1
2042	2341	-57.039	0.000	0.7267	0.5592	1
2042	2348	16.998	0.000	0.7756	0.6618	1
2042	2351	44.009	0.000	0.7312	0.6826	1
2042	2357	1.998	0.000	0.8270	0.7902	1
2042	2370	44.009	0.000	0.8999	0.7848	1
2042	2383	16.014	0.000	0.8442	0.7530	1
2042	2398	2.982	0.000	0.7540	0.6929	1
2042	2400	44.008	0.000	0.8057	0.7335	1
2042	2404	16.998	0.000	0.7815	0.7017	1
2043	2055	39.065	0.000	0.7171	0.5972	1
2043	2061	-72.021	0.000	0.7046	0.6254	1
2043	2063	71.037	0.000	0.7285	0.6071	1
2043	2065	-87.032	0.000	0.7382	0.5661	1
2043	2066	-28.006	0.000	0.7061	0.6298	1
2043	2071	-71.013	0.000	0.7383	0.5696	1
2043	2073	-71.997	0.000	0.7224	0.6164	1
2043	2075	14.016	0.000	0.8678	0.6851	1
2043	2081	-30.011	0.000	0.8934	0.7192	1
2043	2082	-58.005	0.000	0.7193	0.5789	1
2043	2102	-43.990	0.000	0.7374	0.6625	1
2043	2104	-15.974	0.000	0.7397	0.6815	1
2043	2105	-43.006	0.000	0.8340	0.5810	1
2043	2113	0.000	0.000	0.8573	0.7566	1
2043	2114	71.037	0.000	0.8570	0.5816	1
2043	2115	14.016	0.000	0.7107	0.7364	1
2043	2116	-30.011	0.000	0.7785	0.6832	1
2043	2136	-15.995	0.000	0.8873	0.7227	1
2043	2139	1.012	0.000	0.7047	0.6872	1
2043	2141	73.053	0.000	0.8249	0.5883	1
2043	2145	2.016	0.000	0.8775	0.7726	1
2043	2159	55.079	0.000	0.7456	0.5988	1
2043	2161	-15.995	0.000	0.7456	0.5675	1
2043	2170	-58.006	0.000	0.7671	0.5986	1
2043	2194	16.031	0.000	0.7143	0.7054	1
2043	2209	73.053	0.000	0.7494	0.5700	1
2043	2235	7.042	0.000	0.7262	0.6116	1
2043	2239	-57.022	0.000	0.7939	0.6884	1
2043	2243	-28.990	0.000	0.7396	0.5893	1
2043	2250	-28.990	0.000	0.7531	0.6583	1
2043	2259	28.031	0.000	0.8726	0.7019	1
2043	2265	-43.006	0.000	0.7300	0.6475	1
2043	2286	28.031	0.000	0.8326	0.8403	1
2043	2292	42.047	0.000	0.8564	0.6885	1
2043	2295	-1.979	0.000	0.8846	0.7552	1
2043	2309	-29.974	0.000	0.9218	0.7658	1
2043	2310	41.052	0.000	0.7305	0.5811	1
2043	2317	-31.990	0.000	0.7446	0.5519	1
2043	2320	55.079	0.000	0.7920	0.5964	1
2043	2327	12.037	0.000	0.8154	0.6465	1
2043	2333	69.058	0.000	0.8064	0.6346	1
2043	2344	-29.974	0.000	0.7231	0.7075	1
2043	2347	41.063	0.000	0.7305	0.5811	1
2043	2349	-44.985	0.000	0.7832	0.6205	1
2043	2350	113.084	0.000	0.7582	0.5067	1
2043	2353	-59.985	0.000	0.7115	0.5641	1
2043	2356	56.063	0.000	0.7061	0.6116	1
2043	2360	-17.974	0.000	0.7075	0.5505	1
2043	2363	83.074	0.000	0.8167	0.6297	1
2043	2365	12.037	0.000	0.7205	0.7084	1
2043	2381	-45.969	0.000	0.7220	0.4860	1
2043	2385	-17.974	0.000	0.7301	0.5482	1
2043	2387	83.074	0.000	0.8508	0.5976	1
2043	2393	-31.953	0.000	0.7214	0.5059	1
2043	2394	26.052	0.000	0.7635	0.6286	1
2043	2397	42.047	0.000	0.7721	0.5700	1
2043	2401	83.074	0.000	0.7529	0.6904	1
2043	2459	-57.058	0.000	0.8015	0.6862	1
2044	2106	14.016	0.000	0.9268	0.8368	1
2044	2133	14.016	0.000	0.9287	0.8193	1
2046	2070	-14.016	0.000	0.7298	0.6554	1
2047	2128	-2.004	0.000	0.7368	0.5894	1
2047	2129	-385.234	0.000	0.7489	0.6100	1
2047	2131	0.000	0.000	0.9320	0.6504	1
2047	2132	-1.002	0.000	0.7991	0.6972	1
2047	2168	-71.038	0.000	0.8094	0.6227	1
2047	2200	0.000	0.000	0.9400	0.6389	1
2047	2202	71.038	0.000	0.7664	0.5759	1
2047	2217	-71.038	0.000	0.8137	0.6263	1
2047	2227	-57.021	0.000	0.8768	0.7374	1
2047	2231	-101.048	0.000	0.7450	0.4670	1
2047	2248	-15.995	0.000	0.7002	0.5378	1
2047	2291	-87.032	0.000	0.7834	0.5669	1
2047	2325	0.025	0.000	0.7243	0.4847	1
2048	2114	15.922	0.000	0.7294	0.5306	1
2048	2141	17.938	0.000	0.7190	0.5816	1
2048	2159	-0.036	0.000	0.7016	0.7037	1
2048	2162	-114.043	0.000	0.7449	0.6169	1
2048	2278	-115.063	0.000	0.7047	0.5418	1
2048	2320	-0.036	0.000	0.7122	0.6829	1
2048	2356	0.948	0.000	0.7342	0.6940	1
2048	2387	27.959	0.000	0.7254	0.6454	1
2049	2066	30.011	0.000	0.7428	0.6860	1
2049	2069	-27.995	0.000	0.7403	0.6920	1
2049	2071	-12.996	0.000	0.8233	0.7298	1
2049	2081	28.007	0.000	0.7651	0.6563	1
2049	2093	0.000	0.000	0.7642	0.7171	1
2049	2095	14.016	0.000	0.8892	0.8039	1
2049	2102	14.027	0.000	0.8205	0.7291	1
2049	2116	28.007	0.000	0.7313	0.6231	1
2049	2140	30.022	0.000	0.7078	0.6674	1
2049	2144	46.042	0.000	0.7099	0.5789	1
2049	2148	-71.008	0.000	0.7284	0.5706	1
2049	2224	58.043	0.000	0.7314	0.6397	1
2049	2252	56.074	0.000	0.7470	0.6793	1
2049	2262	72.058	0.000	0.7270	0.5525	1
2049	2273	74.048	0.000	0.7662	0.6354	1
2049	2294	42.048	0.000	0.8451	0.7519	1
2049	2309	28.043	0.000	0.7204	0.6124	1
2049	2322	14.053	0.000	0.7545	0.6319	1
2049	2341	12.037	0.000	0.7999	0.7562	1
2049	2351	113.085	0.000	0.7887	0.6323	1
2049	2388	113.096	0.000	0.7579	0.5951	1
2049	2400	113.085	0.000	0.7352	0.5840	1
2050	2328	127.100	0.000	0.7285	0.6336	1
2051	2089	0.000	0.000	0.7665	0.7604	1
2051	2092	2.016	0.000	0.8923	0.7997	1
2051	2130	-63.995	0.000	0.7653	0.7350	1
2051	2144	-55.006	0.000	0.7743	0.5940	1
2051	2164	-75.043	0.000	0.7035	0.6083	1
2051	2173	99.642	0.000	0.7268	0.5219	1
2051	2174	98.492	0.000	0.7160	0.5186	1
2051	2181	99.069	0.000	0.7647	0.5449	1
2051	2219	-63.995	0.000	0.9205	0.8189	1
2051	2236	2.016	0.000	0.9037	0.7913	1
2051	2256	-62.985	0.000	0.7281	0.5819	1
2051	2276	28.031	0.000	0.8389	0.8124	1
2051	2294	-59.000	0.000	0.7082	0.5192	1
2051	2315	-15.958	0.000	0.7535	0.6778	1
2051	2316	28.031	0.000	0.9522	0.8626	1
2051	2318	42.047	0.000	0.7695	0.7763	1
2051	2329	42.022	0.000	0.7599	0.7585	1
2051	2348	-14.974	0.000	0.7338	0.6393	1
2051	2357	-29.974	0.000	0.9424	0.8232	1
2051	2370	12.037	0.000	0.8055	0.7885	1
2051	2383	-15.958	0.000	0.9397	0.8485	1
2051	2398	-28.990	0.000	0.8373	0.6983	1
2051	2400	12.036	0.000	0.8331	0.7315	1
2051	2402	42.047	0.000	0.8255	0.6730	1
2051	2404	-14.974	0.000	0.8388	0.6784	1
2052	2053	-23.038	0.000	0.7868	0.5552	1
2052	2103	-65.048	0.000	0.8072	0.5833	1
2052	2137	92.026	0.000	0.7274	0.6334	1
2052	2146	62.015	0.000	0.7344	0.5037	1
2052	2198	92.026	0.000	0.9260	0.6883	1
2052	2213	35.005	0.000	0.7800	0.5371	1
2052	2234	34.020	0.000	0.7156	0.5998	1
2052	2238	62.016	0.000	0.8787	0.6942	1
2052	2251	66.010	0.000	0.8147	0.6956	1
2052	2264	34.020	0.000	0.7518	0.5477	1
2052	2268	-113.015	0.000	0.7433	0.3874	1
2052	2269	106.042	0.000	0.8262	0.6164	1
2052	2280	48.036	0.000	0.7263	0.6161	1
2052	2302	76.031	0.000	0.7271	0.6001	1
2052	2304	66.010	0.000	0.8194	0.7074	1
2052	2312	49.020	0.000	0.7571	0.6305	1
2052	2314	66.010	0.000	0.7977	0.6950	1
2052	2345	76.031	0.000	0.7185	0.5752	1
2052	2410	66.011	0.000	0.8001	0.6950	1
2052	2432	-78.116	0.000	0.7148	0.4815	1
2052	2464	34.968	0.000	0.7518	0.6048	1
2052	2474	34.968	0.000	0.7879	0.6040	1
2053	2103	-42.010	0.000	0.7971	0.6628	1
2053	2198	115.064	0.000	0.7497	0.4814	1
2053	2213	58.042	0.000	0.7616	0.5966	1
2053	2238	85.053	0.000	0.7469	0.5317	1
2053	2251	89.048	0.000	0.7344	0.5452	1
2053	2280	71.074	0.000	0.7038	0.4866	1
2053	2302	99.069	0.000	0.7016	0.5545	1
2053	2304	89.048	0.000	0.7113	0.4637	1
2053	2314	89.048	0.000	0.7053	0.4883	1
2053	2410	89.048	0.000	0.7195	0.5284	1
2053	2474	58.006	0.000	0.7058	0.4856	1
2054	2086	68.100	0.000	0.7103	0.5687	1
2055	2059	-96.537	0.000	0.7045	0.4912	1
2055	2062	48.998	0.000	0.8028	0.5360	1
2055	2063	31.972	0.000	0.9740	0.8279	1
2055	2074	26.019	0.000	0.7425	0.5589	1
2055	2081	-69.076	0.000	0.7118	0.5480	1
2055	2082	-97.071	0.000	0.7081	0.4853	1
2055	2085	117.025	0.000	0.7601	0.4628	1
2055	2097	-96.087	0.000	0.7986	0.5760	1
2055	2102	-83.055	0.000	0.7314	0.4806	1
2055	2104	-55.039	0.000	0.9356	0.7111	1
2055	2114	31.972	0.000	0.7313	0.7190	1
2055	2116	-69.076	0.000	0.7578	0.5021	1
2055	2117	-97.071	0.000	0.7655	0.5343	1
2055	2141	33.987	0.000	0.7357	0.8160	1
2055	2142	-96.087	0.000	0.7330	0.4751	1
2055	2159	16.013	0.000	0.8225	0.7092	1
2055	2161	-55.060	0.000	0.7086	0.5339	1
2055	2170	-97.071	0.000	0.8235	0.5701	1
2055	2203	-25.049	0.000	0.8881	0.6345	1
2055	2209	33.988	0.000	0.9378	0.7950	1
2055	2235	-32.023	0.000	0.9694	0.8120	1
2055	2237	-82.071	0.000	0.8138	0.6190	1
2055	2239	-96.087	0.000	0.7518	0.5190	1
2055	2243	-68.055	0.000	0.7114	0.6078	1
2055	2250	-68.056	0.000	0.7015	0.6122	1
2055	2259	-11.034	0.000	0.7201	0.6164	1
2055	2265	-82.071	0.000	0.8427	0.5853	1
2055	2273	-23.034	0.000	0.7348	0.6700	1
2055	2278	-99.014	0.000	0.7087	0.5142	1
2055	2285	-112.082	0.000	0.7834	0.4618	1
2055	2286	-11.034	0.000	0.8342	0.6211	1
2055	2292	2.982	0.000	0.7313	0.6206	1
2055	2295	-41.044	0.000	0.8335	0.6184	1
2055	2306	-153.108	0.000	0.7342	0.3955	1
2055	2310	1.987	0.000	0.8062	0.7786	1
2055	2320	16.013	0.000	0.8315	0.6814	1
2055	2323	77.030	0.000	0.8139	0.4410	1
2055	2324	60.003	0.000	0.9679	0.7878	1
2055	2327	-27.029	0.000	0.7047	0.5827	1
2055	2333	29.993	0.000	0.9401	0.8278	1
2055	2339	-15.995	0.000	0.8477	0.5822	1
2055	2344	-69.039	0.000	0.8623	0.5745	1
2055	2347	1.998	0.000	0.8062	0.7786	1
2055	2350	74.019	0.000	0.8706	0.7006	1
2055	2353	-99.050	0.000	0.8549	0.6320	1
2055	2356	16.997	0.000	0.7479	0.6386	1
2055	2362	1.998	0.000	0.9672	0.8443	1
2055	2363	44.008	0.000	0.8261	0.7037	1
2055	2365	-27.029	0.000	0.8717	0.6857	1
2055	2387	44.008	0.000	0.8614	0.7686	1
2055	2394	-13.013	0.000	0.7206	0.5557	1
2055	2397	2.982	0.000	0.9670	0.8199	1
2055	2399	-113.029	0.000	0.7076	0.4787	1
2055	2401	44.008	0.000	0.9549	0.7686	1
2055	2403	16.997	0.000	0.9577	0.8432	1
2055	2405	74.019	0.000	0.9548	0.7860	1
2055	2409	-126.061	0.000	0.7227	0.5254	1
2055	2414	-84.050	0.000	0.8269	0.5429	1
2055	2417	-112.045	0.000	0.8059	0.5607	1
2055	2433	-226.088	0.000	0.7026	0.3599	1
2055	2437	-239.182	0.000	0.7400	0.4582	1
2055	2459	-96.123	0.000	0.8201	0.6500	1
2056	2059	-0.450	0.000	0.8865	0.7830	1
2056	2061	-15.000	0.000	0.7360	0.6139	1
2056	2065	-30.010	0.000	0.7226	0.6056	1
2056	2071	-13.991	0.000	0.7865	0.6885	1
2056	2073	-14.976	0.000	0.7409	0.6067	1
2056	2082	-0.984	0.000	0.7767	0.5988	1
2056	2083	-101.048	0.000	0.7029	0.5706	1
2056	2093	-0.995	0.000	0.7588	0.6208	1
2056	2097	0.000	0.000	0.8338	0.6888	1
2056	2104	41.048	0.000	0.7050	0.5500	1
2056	2113	57.022	0.000	0.7384	0.5816	1
2056	2115	71.037	0.000	0.7556	0.5721	1
2056	2116	27.011	0.000	0.7598	0.5133	1
2056	2117	-0.984	0.000	0.7587	0.6285	1
2056	2142	-0.000	0.000	0.8231	0.6744	1
2056	2159	112.100	0.000	0.7183	0.5020	1
2056	2170	-0.984	0.000	0.7401	0.6077	1
2056	2203	71.037	0.000	0.7158	0.5342	1
2056	2225	-0.984	0.000	0.7323	0.6190	1
2056	2237	14.016	0.000	0.7680	0.5445	1
2056	2239	-0.000	0.000	0.7093	0.5562	1
2056	2265	14.016	0.000	0.8469	0.7366	1
2056	2285	-15.995	0.000	0.7376	0.6006	1
2056	2286	85.053	0.000	0.7138	0.4566	1
2056	2310	98.074	0.000	0.7013	0.4575	1
2056	2320	112.100	0.000	0.7311	0.5374	1
2056	2347	98.084	0.000	0.7013	0.4575	1
2056	2349	12.037	0.000	0.7259	0.5864	1
2056	2356	113.084	0.000	0.8168	0.6204	1
2056	2365	69.058	0.000	0.7262	0.4558	1
2056	2373	40.060	0.000	0.7203	0.6361	1
2056	2379	66.082	0.000	0.7518	0.5893	1
2056	2403	113.084	0.000	0.7695	0.6225	1
2056	2414	12.037	0.000	0.7481	0.6265	1
2056	2437	-143.095	0.000	0.7201	0.5742	1
2056	2459	-0.036	0.000	0.7413	0.5391	1
2058	2186	45.988	0.000	0.7529	0.7259	1
2058	2300	-2.015	0.000	0.7218	0.6076	1
2058	2331	-2.015	0.000	0.7147	0.6251	1
2059	2061	-14.550	0.000	0.7499	0.5967	1
2059	2065	-29.560	0.000	0.7356	0.6096	1
2059	2071	-13.541	0.000	0.8050	0.7053	1
2059	2073	-14.526	0.000	0.7795	0.6764	1
2059	2082	-0.534	0.000	0.8080	0.6301	1
2059	2093	-0.545	0.000	0.7820	0.6194	1
2059	2097	0.450	0.000	0.8763	0.7551	1
2059	2102	13.482	0.000	0.7129	0.5843	1
2059	2104	41.498	0.000	0.7317	0.5895	1
2059	2113	57.472	0.000	0.7308	0.6076	1
2059	2115	71.487	0.000	0.7107	0.4994	1
2059	2116	27.461	0.000	0.7472	0.5053	1
2059	2117	-0.534	0.000	0.7708	0.6385	1
2059	2142	0.450	0.000	0.7752	0.5998	1
2059	2159	112.550	0.000	0.7075	0.5030	1
2059	2170	-0.534	0.000	0.7678	0.6708	1
2059	2203	71.487	0.000	0.7242	0.5409	1
2059	2225	-0.534	0.000	0.7361	0.6017	1
2059	2237	14.466	0.000	0.7926	0.5469	1
2059	2239	0.450	0.000	0.7112	0.5514	1
2059	2265	14.466	0.000	0.8071	0.6769	1
2059	2278	-2.477	0.000	0.7006	0.6357	1
2059	2285	-15.545	0.000	0.7232	0.5403	1
2059	2310	98.524	0.000	0.7148	0.4908	1
2059	2320	112.550	0.000	0.7057	0.5003	1
2059	2333	126.530	0.000	0.7044	0.4608	1
2059	2347	98.534	0.000	0.7148	0.4908	1
2059	2349	12.487	0.000	0.7253	0.6108	1
2059	2350	170.556	0.000	0.7020	0.3706	1
2059	2353	-2.513	0.000	0.7371	0.5364	1
2059	2356	113.534	0.000	0.7608	0.6029	1
2059	2362	98.534	0.000	0.7228	0.4961	1
2059	2365	69.508	0.000	0.7350	0.4743	1
2059	2379	66.532	0.000	0.7152	0.6029	1
2059	2397	99.519	0.000	0.7032	0.4078	1
2059	2401	140.545	0.000	0.7172	0.4651	1
2059	2403	113.534	0.000	0.7874	0.6674	1
2059	2414	12.487	0.000	0.7081	0.5676	1
2059	2417	-15.508	0.000	0.7366	0.5498	1
2059	2437	-142.645	0.000	0.7660	0.5953	1
2059	2459	0.414	0.000	0.7466	0.5514	1
2060	2293	343.175	0.000	0.7361	0.5660	1
2061	2064	-1.003	0.000	0.8195	0.6732	1
2061	2073	0.024	0.000	0.8723	0.6885	1
2061	2081	42.011	0.000	0.8014	0.7822	1
2061	2082	14.016	0.000	0.8880	0.7830	1
2061	2086	-13.954	0.000	0.7065	0.6511	1
2061	2093	14.004	0.000	0.8387	0.7423	1
2061	2094	-102.954	0.000	0.7529	0.6332	1
2061	2114	143.058	0.000	0.7015	0.3904	1
2061	2116	42.011	0.000	0.8098	0.7343	1
2061	2117	14.016	0.000	0.7006	0.7412	1
2061	2142	15.000	0.000	0.8012	0.7349	1
2061	2170	14.016	0.000	0.8136	0.8222	1
2061	2293	-15.958	0.000	0.8437	0.8033	1
2061	2309	42.047	0.000	0.8629	0.8695	1
2061	2327	84.058	0.000	0.7392	0.5993	1
2061	2353	12.037	0.000	0.7336	0.7506	1
2061	2359	-14.974	0.000	0.7307	0.7373	1
2061	2369	-0.958	0.000	0.7025	0.6327	1
2061	2381	26.052	0.000	0.8309	0.7885	1
2061	2387	155.095	0.000	0.7087	0.4859	1
2061	2437	-128.095	0.000	0.7714	0.7159	1
2062	2063	-17.027	0.000	0.8632	0.6566	1
2062	2074	-22.980	0.000	0.7322	0.4937	1
2062	2085	68.026	0.000	0.7966	0.6404	1
2062	2196	-47.985	0.000	0.7176	0.4581	1
2062	2203	-74.048	0.000	0.8181	0.6347	1
2062	2235	-81.021	0.000	0.8050	0.5569	1
2062	2265	-131.070	0.000	0.7122	0.5036	1
2062	2323	28.031	0.000	0.9489	0.7062	1
2062	2324	11.005	0.000	0.8595	0.6973	1
2062	2333	-19.006	0.000	0.7135	0.4587	1
2062	2362	-47.001	0.000	0.8031	0.5232	1
2062	2401	-4.990	0.000	0.8121	0.6152	1
2062	2403	-32.001	0.000	0.7700	0.5266	1
2062	2405	25.020	0.000	0.8786	0.6464	1
2063	2074	-5.953	0.000	0.7568	0.6071	1
2063	2075	-57.021	0.000	0.7333	0.7506	1
2063	2081	-101.048	0.000	0.7119	0.5580	1
2063	2085	85.053	0.000	0.7865	0.5351	1
2063	2097	-128.059	0.000	0.7666	0.4841	1
2063	2102	-115.027	0.000	0.7454	0.5256	1
2063	2104	-87.011	0.000	0.9046	0.5996	1
2063	2113	-71.037	0.000	0.7134	0.5490	1
2063	2114	-0.000	0.000	0.7417	0.7600	1
2063	2115	-57.021	0.000	0.7081	0.5744	1
2063	2116	-101.048	0.000	0.7671	0.5245	1
2063	2117	-129.043	0.000	0.7711	0.5146	1
2063	2123	-15.959	0.000	0.7297	0.6575	1
2063	2141	2.016	0.000	0.7195	0.7927	1
2063	2142	-128.059	0.000	0.7163	0.4100	1
2063	2159	-15.959	0.000	0.8368	0.6849	1
2063	2170	-129.043	0.000	0.8176	0.5209	1
2063	2203	-57.021	0.000	0.9307	0.7378	1
2063	2209	2.016	0.000	0.9160	0.7844	1
2063	2212	-87.032	0.000	0.7124	0.5721	1
2063	2222	99.069	0.000	0.8423	0.4450	1
2063	2225	-129.043	0.000	0.7332	0.5058	1
2063	2235	-63.995	0.000	0.9684	0.8121	1
2063	2237	-114.043	0.000	0.7959	0.5762	1
2063	2239	-128.059	0.000	0.7587	0.5274	1
2063	2259	-43.006	0.000	0.7463	0.6708	1
2063	2265	-114.043	0.000	0.8444	0.5683	1
2063	2285	-144.053	0.000	0.7900	0.4609	1
2063	2286	-43.006	0.000	0.8463	0.6829	1
2063	2292	-28.990	0.000	0.7245	0.6012	1
2063	2295	-73.016	0.000	0.8302	0.5992	1
2063	2306	-185.080	0.000	0.7595	0.4280	1
2063	2309	-101.011	0.000	0.7043	0.5985	1
2063	2310	-29.985	0.000	0.7849	0.6410	1
2063	2320	-15.958	0.000	0.8425	0.6783	1
2063	2323	45.058	0.000	0.9065	0.7379	1
2063	2324	28.031	0.000	0.9791	0.8650	1
2063	2327	-59.001	0.000	0.7040	0.5433	1
2063	2333	-1.979	0.000	0.9534	0.8594	1
2063	2334	-2.982	0.000	0.7493	0.7080	1
2063	2339	-47.967	0.000	0.8401	0.5768	1
2063	2344	-101.011	0.000	0.8626	0.5816	1
2063	2347	-29.974	0.000	0.7849	0.6410	1
2063	2350	42.047	0.000	0.8884	0.7688	1
2063	2353	-131.022	0.000	0.8297	0.5331	1
2063	2356	-14.974	0.000	0.7466	0.6135	1
2063	2362	-29.974	0.000	0.9522	0.7443	1
2063	2363	12.037	0.000	0.8422	0.7415	1
2063	2365	-59.001	0.000	0.8492	0.6059	1
2063	2379	-61.977	0.000	0.7079	0.4599	1
2063	2387	12.037	0.000	0.8731	0.8422	1
2063	2393	-102.990	0.000	0.7042	0.4879	1
2063	2394	-44.985	0.000	0.7172	0.5495	1
2063	2397	-28.990	0.000	0.9603	0.8363	1
2063	2401	12.037	0.000	0.9706	0.8705	1
2063	2403	-14.974	0.000	0.9464	0.7892	1
2063	2405	42.047	0.000	0.9621	0.8753	1
2063	2414	-116.022	0.000	0.7829	0.4146	1
2063	2417	-144.017	0.000	0.7692	0.4530	1
2063	2437	-271.154	0.000	0.7071	0.3435	1
2063	2459	-128.095	0.000	0.8301	0.6527	1
2064	2073	1.027	0.000	0.7532	0.6599	1
2064	2082	15.019	0.000	0.7668	0.6398	1
2064	2093	15.008	0.000	0.7604	0.6657	1
2064	2142	16.003	0.000	0.7033	0.6228	1
2064	2293	-14.955	0.000	0.7080	0.6857	1
2065	2071	16.019	0.000	0.7550	0.6143	1
2065	2073	15.035	0.000	0.7155	0.6336	1
2065	2075	101.048	0.000	0.8016	0.5434	1
2065	2081	57.021	0.000	0.7438	0.6479	1
2065	2082	29.027	0.000	0.7063	0.5354	1
2065	2086	1.057	0.000	0.7206	0.6457	1
2065	2097	30.011	0.000	0.7215	0.6272	1
2065	2102	43.042	0.000	0.7320	0.6203	1
2065	2113	87.032	0.000	0.7635	0.6028	1
2065	2114	158.069	0.000	0.7528	0.3955	1
2065	2115	101.048	0.000	0.7010	0.5641	1
2065	2116	57.021	0.000	0.7661	0.6217	1
2065	2117	29.026	0.000	0.8003	0.7397	1
2065	2136	71.037	0.000	0.7003	0.5775	1
2065	2152	2.016	0.000	0.7678	0.6457	1
2065	2161	71.037	0.000	0.7246	0.6181	1
2065	2170	29.026	0.000	0.7604	0.6748	1
2065	2225	29.027	0.000	0.7415	0.6635	1
2065	2239	30.010	0.000	0.7639	0.6299	1
2065	2248	2.016	0.000	0.7250	0.5718	1
2065	2309	57.058	0.000	0.7112	0.6651	1
2065	2317	55.042	0.000	0.7177	0.6328	1
2065	2327	99.069	0.000	0.7362	0.5826	1
2065	2385	69.058	0.000	0.7015	0.5832	1
2065	2459	29.974	0.000	0.8025	0.6346	1
2066	2069	-58.006	0.000	0.7559	0.6815	1
2066	2089	71.037	0.000	0.7497	0.6119	1
2066	2095	-15.995	0.000	0.7999	0.8041	1
2066	2113	28.006	0.000	0.7291	0.7487	1
2066	2144	16.031	0.000	0.8155	0.7636	1
2066	2224	28.031	0.000	0.8653	0.8312	1
2066	2262	42.047	0.000	0.8034	0.7581	1
2066	2276	99.068	0.000	0.7942	0.6848	1
2066	2277	-1.979	0.000	0.7113	0.7066	1
2066	2282	28.031	0.000	0.7222	0.6661	1
2066	2294	12.037	0.000	0.7632	0.7457	1
2066	2322	-15.959	0.000	0.7886	0.7030	1
2066	2341	-17.974	0.000	0.7119	0.6129	1
2066	2370	83.074	0.000	0.7032	0.5684	1
2067	2084	27.995	0.000	0.7020	0.6162	1
2069	2082	28.006	0.000	0.7006	0.6818	1
2069	2092	131.059	0.000	0.7417	0.5155	1
2069	2093	27.995	0.000	0.7321	0.7257	1
2069	2144	74.037	0.000	0.7218	0.6006	1
2069	2164	54.000	0.000	0.7226	0.4569	1
2069	2219	65.048	0.000	0.7051	0.5238	1
2069	2224	86.037	0.000	0.7360	0.6187	1
2069	2276	157.074	0.000	0.7197	0.5589	1
2069	2315	113.085	0.000	0.7457	0.6214	1
2069	2348	114.069	0.000	0.7049	0.5648	1
2069	2370	141.079	0.000	0.7192	0.5058	1
2069	2383	113.085	0.000	0.7226	0.5889	1
2070	2319	112.016	0.000	0.7228	0.6121	1
2070	2432	-0.036	0.000	0.7282	0.6672	1
2071	2073	-0.984	0.000	0.7591	0.7192	1
2071	2075	85.029	0.000	0.7377	0.4486	1
2071	2081	41.003	0.000	0.7449	0.6385	1
2071	2082	13.008	0.000	0.7767	0.6950	1
2071	2093	12.996	0.000	0.7550	0.6613	1
2071	2095	27.012	0.000	0.7793	0.6044	1
2071	2097	13.992	0.000	0.8000	0.6603	1
2071	2102	27.023	0.000	0.8588	0.7343	1
2071	2104	55.039	0.000	0.7052	0.5157	1
2071	2113	71.013	0.000	0.7678	0.6122	1
2071	2114	142.050	0.000	0.7084	0.3992	1
2071	2115	85.029	0.000	0.7705	0.6226	1
2071	2116	41.002	0.000	0.7414	0.5549	1
2071	2117	13.007	0.000	0.7876	0.6831	1
2071	2142	13.991	0.000	0.7328	0.5718	1
2071	2148	-58.012	0.000	0.7610	0.6765	1
2071	2170	13.007	0.000	0.7901	0.6624	1
2071	2203	85.029	0.000	0.7141	0.5574	1
2071	2225	13.008	0.000	0.7770	0.6541	1
2071	2237	28.007	0.000	0.7085	0.5273	1
2071	2239	13.991	0.000	0.7820	0.6426	1
2071	2245	-58.012	0.000	0.7174	0.5972	1
2071	2252	69.070	0.000	0.7129	0.6410	1
2071	2262	85.054	0.000	0.7043	0.5872	1
2071	2265	28.007	0.000	0.7200	0.5344	1
2071	2273	87.044	0.000	0.7500	0.6260	1
2071	2285	-2.003	0.000	0.7689	0.6283	1
2071	2286	99.044	0.000	0.7044	0.4964	1
2071	2294	55.044	0.000	0.7112	0.5514	1
2071	2300	-58.012	0.000	0.7333	0.6226	1
2071	2310	112.065	0.000	0.7422	0.5430	1
2071	2331	-58.012	0.000	0.7294	0.6143	1
2071	2347	112.076	0.000	0.7422	0.5430	1
2071	2350	184.097	0.000	0.7072	0.3777	1
2071	2351	126.081	0.000	0.7215	0.5653	1
2071	2353	11.028	0.000	0.7083	0.5079	1
2071	2362	112.076	0.000	0.7395	0.5913	1
2071	2365	83.050	0.000	0.7341	0.4973	1
2071	2388	126.091	0.000	0.7199	0.4964	1
2071	2392	12.012	0.000	0.7349	0.6484	1
2071	2397	113.060	0.000	0.7235	0.4610	1
2071	2403	127.076	0.000	0.7025	0.5041	1
2071	2437	-129.104	0.000	0.7306	0.5789	1
2071	2459	13.955	0.000	0.8252	0.6098	1
2072	2091	28.979	0.000	0.7082	0.6143	1
2072	2143	0.000	0.000	0.8736	0.7893	1
2072	2151	-0.097	0.000	0.7277	0.5811	1
2072	2160	0.000	0.000	0.8090	0.7009	1
2073	2081	41.987	0.000	0.7623	0.6679	1
2073	2082	13.992	0.000	0.8479	0.7053	1
2073	2093	13.980	0.000	0.8612	0.7486	1
2073	2097	14.976	0.000	0.7151	0.5857	1
2073	2113	71.998	0.000	0.7357	0.6746	1
2073	2116	41.987	0.000	0.7904	0.6665	1
2073	2117	13.991	0.000	0.7312	0.7278	1
2073	2140	44.002	0.000	0.7281	0.6900	1
2073	2142	14.975	0.000	0.7656	0.6401	1
2073	2170	13.992	0.000	0.7929	0.7354	1
2073	2225	13.992	0.000	0.7415	0.7354	1
2073	2293	-15.982	0.000	0.7839	0.6851	1
2073	2309	42.023	0.000	0.8021	0.7382	1
2073	2310	113.049	0.000	0.7089	0.5310	1
2073	2317	40.008	0.000	0.7138	0.6459	1
2073	2327	84.034	0.000	0.7370	0.6176	1
2073	2347	113.060	0.000	0.7089	0.5310	1
2073	2353	12.013	0.000	0.7752	0.7736	1
2073	2381	26.028	0.000	0.7831	0.6915	1
2073	2437	-128.119	0.000	0.7569	0.6697	1
2073	2459	14.940	0.000	0.7076	0.5646	1
2073	2465	-11.051	0.000	0.7019	0.6452	1
2074	2085	91.006	0.000	0.9228	0.6582	1
2074	2196	-25.005	0.000	0.8374	0.5401	1
2074	2209	7.969	0.000	0.7041	0.5757	1
2074	2235	-58.042	0.000	0.7476	0.5665	1
2074	2310	-24.032	0.000	0.7120	0.6577	1
2074	2323	51.011	0.000	0.7734	0.6377	1
2074	2324	33.985	0.000	0.7817	0.6257	1
2074	2333	3.974	0.000	0.7490	0.5946	1
2074	2347	-24.021	0.000	0.7120	0.6577	1
2074	2350	48.000	0.000	0.7476	0.6833	1
2074	2362	-24.021	0.000	0.8023	0.6837	1
2074	2397	-23.037	0.000	0.7414	0.5867	1
2074	2401	17.990	0.000	0.7637	0.6751	1
2074	2403	-9.021	0.000	0.7161	0.5820	1
2074	2405	48.000	0.000	0.7786	0.6827	1
2075	2081	-44.026	0.000	0.7907	0.5620	1
2075	2105	-57.022	0.000	0.8333	0.6399	1
2075	2113	-14.015	0.000	0.8503	0.6403	1
2075	2114	57.021	0.000	0.8020	0.6737	1
2075	2115	-0.000	0.000	0.7592	0.5773	1
2075	2116	-44.026	0.000	0.7572	0.5284	1
2075	2117	-72.022	0.000	0.7287	0.5466	1
2075	2136	-30.011	0.000	0.8812	0.6453	1
2075	2141	59.037	0.000	0.8065	0.6319	1
2075	2159	41.063	0.000	0.7866	0.6673	1
2075	2161	-30.010	0.000	0.7336	0.4487	1
2075	2170	-72.021	0.000	0.7704	0.5670	1
2075	2171	-173.032	0.000	0.7453	0.4627	1
2075	2194	2.016	0.000	0.8425	0.6838	1
2075	2225	-72.021	0.000	0.7224	0.5085	1
2075	2239	-71.038	0.000	0.7968	0.5605	1
2075	2243	-43.006	0.000	0.7324	0.5739	1
2075	2250	-43.006	0.000	0.7159	0.5526	1
2075	2259	14.015	0.000	0.7746	0.6061	1
2075	2273	2.016	0.000	0.7060	0.5952	1
2075	2278	-73.964	0.000	0.7149	0.5101	1
2075	2286	14.016	0.000	0.7822	0.6383	1
2075	2292	28.031	0.000	0.8057	0.6697	1
2075	2295	-15.995	0.000	0.7503	0.5113	1
2075	2299	19.067	0.000	0.7260	0.5577	1
2075	2305	37.042	0.000	0.7109	0.5095	1
2075	2309	-43.990	0.000	0.7458	0.5704	1
2075	2310	27.036	0.000	0.7800	0.6550	1
2075	2317	-46.005	0.000	0.7317	0.5089	1
2075	2320	41.063	0.000	0.8203	0.7272	1
2075	2327	-1.979	0.000	0.8318	0.6100	1
2075	2333	55.042	0.000	0.7738	0.7360	1
2075	2347	27.047	0.000	0.7800	0.6550	1
2075	2349	-59.001	0.000	0.7654	0.5134	1
2075	2350	99.068	0.000	0.8405	0.6760	1
2075	2353	-74.000	0.000	0.7052	0.4923	1
2075	2356	42.047	0.000	0.7723	0.6933	1
2075	2362	27.047	0.000	0.7002	0.6731	1
2075	2363	69.058	0.000	0.7720	0.5774	1
2075	2365	-1.979	0.000	0.7506	0.5495	1
2075	2379	-4.956	0.000	0.7076	0.5848	1
2075	2385	-31.990	0.000	0.7064	0.4219	1
2075	2387	69.058	0.000	0.8257	0.7340	1
2075	2393	-45.969	0.000	0.7525	0.5502	1
2075	2394	12.037	0.000	0.8275	0.5699	1
2075	2397	28.031	0.000	0.7376	0.6468	1
2075	2401	69.058	0.000	0.7312	0.7360	1
2075	2459	-71.073	0.000	0.8397	0.7173	1
2075	2464	19.031	0.000	0.7099	0.5659	1
2076	2079	0.000	0.000	0.7599	0.6515	1
2076	2226	-243.086	0.000	0.7960	0.6894	1
2078	2110	27.011	0.000	0.7213	0.7012	1
2078	2138	-0.984	0.000	0.8008	0.7119	1
2078	2172	-0.984	0.000	0.7856	0.6868	1
2079	2226	-243.086	0.000	0.7653	0.5849	1
2079	2248	227.127	0.000	0.7030	0.6805	1
2079	2249	298.164	0.000	0.7154	0.5580	1
2079	2287	-323.052	0.000	0.7143	0.4894	1
2080	2195	42.011	0.000	0.7078	0.5751	1
2081	2082	-27.995	0.000	0.7737	0.7240	1
2081	2093	-28.006	0.000	0.7104	0.6817	1
2081	2097	-27.011	0.000	0.7290	0.6773	1
2081	2104	14.037	0.000	0.7452	0.6558	1
2081	2105	-12.995	0.000	0.8167	0.6921	1
2081	2113	30.011	0.000	0.7938	0.6749	1
2081	2114	101.048	0.000	0.8553	0.5109	1
2081	2116	-0.000	0.000	0.8299	0.7943	1
2081	2117	-27.995	0.000	0.7037	0.6174	1
2081	2136	14.016	0.000	0.9178	0.7851	1
2081	2140	2.015	0.000	0.7838	0.7329	1
2081	2141	103.063	0.000	0.8409	0.5424	1
2081	2142	-27.011	0.000	0.7114	0.6649	1
2081	2159	85.089	0.000	0.7883	0.6593	1
2081	2161	14.016	0.000	0.7990	0.7341	1
2081	2170	-27.995	0.000	0.7557	0.6342	1
2081	2209	103.063	0.000	0.7458	0.5480	1
2081	2212	14.016	0.000	0.7121	0.6986	1
2081	2225	-27.995	0.000	0.7043	0.5940	1
2081	2235	37.053	0.000	0.7340	0.6206	1
2081	2239	-27.011	0.000	0.7681	0.6442	1
2081	2249	16.031	0.000	0.7793	0.7527	1
2081	2259	58.042	0.000	0.8187	0.5938	1
2081	2278	-29.938	0.000	0.7242	0.6363	1
2081	2286	58.042	0.000	0.7658	0.6556	1
2081	2292	72.058	0.000	0.8011	0.5661	1
2081	2295	28.031	0.000	0.8407	0.7025	1
2081	2309	0.036	0.000	0.8132	0.6841	1
2081	2310	71.063	0.000	0.7667	0.5974	1
2081	2317	-1.979	0.000	0.8327	0.7329	1
2081	2320	85.089	0.000	0.8136	0.6091	1
2081	2327	42.047	0.000	0.8642	0.7397	1
2081	2333	99.069	0.000	0.8151	0.6051	1
2081	2347	71.073	0.000	0.7667	0.5974	1
2081	2349	-14.975	0.000	0.7735	0.6377	1
2081	2350	143.095	0.000	0.7318	0.4094	1
2081	2353	-29.974	0.000	0.7802	0.7210	1
2081	2356	86.073	0.000	0.7384	0.6128	1
2081	2360	12.036	0.000	0.8063	0.7565	1
2081	2362	71.073	0.000	0.7176	0.6283	1
2081	2363	113.084	0.000	0.8170	0.5784	1
2081	2365	42.047	0.000	0.7310	0.6637	1
2081	2381	-15.958	0.000	0.7885	0.6622	1
2081	2385	12.037	0.000	0.8564	0.7638	1
2081	2387	113.084	0.000	0.8598	0.6068	1
2081	2393	-1.943	0.000	0.7703	0.6672	1
2081	2394	56.063	0.000	0.7710	0.6101	1
2081	2397	72.058	0.000	0.7808	0.5837	1
2081	2401	113.084	0.000	0.7472	0.6152	1
2081	2459	-27.047	0.000	0.7734	0.6270	1
2081	2464	63.057	0.000	0.7007	0.5801	1
2082	2093	-0.011	0.000	0.9057	0.7952	1
2082	2097	0.984	0.000	0.8037	0.6970	1
2082	2102	14.016	0.000	0.7603	0.6736	1
2082	2104	42.032	0.000	0.7132	0.5555	1
2082	2113	58.006	0.000	0.7680	0.6680	1
2082	2114	129.043	0.000	0.7218	0.4489	1
2082	2116	27.995	0.000	0.8379	0.6451	1
2082	2117	-0.000	0.000	0.7010	0.5725	1
2082	2140	30.010	0.000	0.7341	0.7119	1
2082	2142	0.984	0.000	0.8910	0.7704	1
2082	2148	-71.020	0.000	0.7180	0.6599	1
2082	2159	113.084	0.000	0.7446	0.5058	1
2082	2170	-0.000	0.000	0.7369	0.6119	1
2082	2171	-101.010	0.000	0.7931	0.6513	1
2082	2209	131.058	0.000	0.7064	0.4589	1
2082	2235	65.048	0.000	0.7137	0.5193	1
2082	2239	0.984	0.000	0.7239	0.5987	1
2082	2249	44.026	0.000	0.7161	0.6795	1
2082	2259	86.037	0.000	0.7084	0.5150	1
2082	2265	14.999	0.000	0.7217	0.6682	1
2082	2273	74.037	0.000	0.7123	0.6689	1
2082	2278	-1.943	0.000	0.8967	0.7610	1
2082	2286	86.037	0.000	0.7078	0.4861	1
2082	2292	100.053	0.000	0.7068	0.5098	1
2082	2295	56.026	0.000	0.7292	0.5084	1
2082	2309	28.031	0.000	0.7208	0.6741	1
2082	2310	99.058	0.000	0.7364	0.5245	1
2082	2317	26.016	0.000	0.7247	0.6198	1
2082	2320	113.084	0.000	0.7734	0.5343	1
2082	2327	70.042	0.000	0.7505	0.5858	1
2082	2333	127.064	0.000	0.7387	0.4613	1
2082	2347	99.068	0.000	0.7364	0.5245	1
2082	2350	171.090	0.000	0.7303	0.3909	1
2082	2353	-1.979	0.000	0.8065	0.6812	1
2082	2356	114.068	0.000	0.7725	0.6188	1
2082	2362	99.068	0.000	0.7124	0.5199	1
2082	2363	141.079	0.000	0.7114	0.4061	1
2082	2369	-14.974	0.000	0.7281	0.5856	1
2082	2379	67.066	0.000	0.7134	0.6297	1
2082	2387	141.079	0.000	0.7509	0.4423	1
2082	2393	26.052	0.000	0.8684	0.7781	1
2082	2394	84.058	0.000	0.7139	0.5057	1
2082	2397	100.053	0.000	0.7181	0.4346	1
2082	2403	114.068	0.000	0.7418	0.6000	1
2082	2459	0.948	0.000	0.7607	0.5707	1
2083	2374	142.111	0.000	0.7379	0.4771	1
2084	2159	-41.063	0.000	0.7600	0.7753	1
2084	2351	-41.074	0.000	0.7607	0.6891	1
2084	2383	-69.069	0.000	0.7105	0.6277	1
2085	2196	-116.011	0.000	0.8612	0.5570	1
2085	2222	14.016	0.000	0.8199	0.5898	1
2085	2235	-149.048	0.000	0.7634	0.4571	1
2085	2323	-39.995	0.000	0.8465	0.8273	1
2085	2324	-57.022	0.000	0.8047	0.5394	1
2085	2333	-87.032	0.000	0.7428	0.4200	1
2085	2362	-115.027	0.000	0.7549	0.4197	1
2085	2401	-73.016	0.000	0.7866	0.5836	1
2085	2403	-100.027	0.000	0.7198	0.4259	1
2085	2405	-43.006	0.000	0.7935	0.6166	1
2086	2170	27.970	0.000	0.7217	0.6648	1
2086	2293	-2.004	0.000	0.7241	0.6128	1
2086	2309	56.001	0.000	0.7160	0.6222	1
2086	2310	127.027	0.000	0.7289	0.5492	1
2086	2317	53.986	0.000	0.7522	0.6230	1
2086	2347	127.038	0.000	0.7289	0.5492	1
2086	2359	-1.020	0.000	0.8135	0.7527	1
2086	2392	26.975	0.000	0.7280	0.6449	1
2086	2437	-114.141	0.000	0.7184	0.6428	1
2086	2459	28.918	0.000	0.7111	0.5339	1
2088	2112	172.118	0.000	0.7065	0.5422	1
2088	2145	319.154	0.000	0.7233	0.4487	1
2088	2147	163.064	0.000	0.8637	0.6564	1
2088	2148	188.113	0.000	0.7966	0.5754	1
2088	2150	-197.137	0.000	0.7377	0.4874	1
2088	2152	232.122	0.000	0.7447	0.5193	1
2088	2210	-257.124	0.000	0.7341	0.4941	1
2088	2227	191.095	0.000	0.7215	0.4832	1
2088	2245	188.113	0.000	0.7904	0.5835	1
2088	2283	205.111	0.000	0.7485	0.5388	1
2088	2288	175.100	0.000	0.7647	0.5537	1
2088	2300	188.113	0.000	0.7799	0.5128	1
2088	2328	148.089	0.000	0.7333	0.5309	1
2088	2331	188.113	0.000	0.8013	0.5641	1
2088	2413	172.118	0.000	0.7004	0.5152	1
2089	2092	2.016	0.000	0.9123	0.8309	1
2089	2114	28.006	0.000	0.7156	0.4844	1
2089	2130	-63.995	0.000	0.9232	0.7489	1
2089	2144	-55.006	0.000	0.7893	0.6090	1
2089	2164	-75.043	0.000	0.7480	0.5615	1
2089	2219	-63.995	0.000	0.7973	0.7467	1
2089	2224	-43.006	0.000	0.8003	0.6355	1
2089	2236	2.015	0.000	0.7977	0.7097	1
2089	2262	-28.990	0.000	0.7520	0.6474	1
2089	2276	28.031	0.000	0.8923	0.8351	1
2089	2315	-15.958	0.000	0.8184	0.6786	1
2089	2316	28.031	0.000	0.7365	0.7791	1
2089	2318	42.047	0.000	0.7539	0.7522	1
2089	2322	-86.996	0.000	0.7459	0.5905	1
2089	2329	42.022	0.000	0.7456	0.7522	1
2089	2341	-89.011	0.000	0.7051	0.4913	1
2089	2348	-14.975	0.000	0.7699	0.5977	1
2089	2351	12.036	0.000	0.7375	0.6373	1
2089	2357	-29.974	0.000	0.7268	0.7098	1
2089	2370	12.036	0.000	0.8990	0.8254	1
2089	2383	-15.959	0.000	0.7649	0.7525	1
2089	2400	12.036	0.000	0.7701	0.7444	1
2090	2357	99.069	0.000	0.7106	0.5529	1
2091	2143	-28.979	0.000	0.7702	0.6650	1
2091	2160	-28.979	0.000	0.7252	0.6558	1
2091	2185	-87.032	0.000	0.7400	0.6801	1
2092	2130	-66.011	0.000	0.8994	0.8076	1
2092	2141	28.006	0.000	0.7839	0.5656	1
2092	2144	-57.022	0.000	0.7886	0.6449	1
2092	2164	-77.059	0.000	0.8189	0.6553	1
2092	2219	-66.011	0.000	0.9105	0.8681	1
2092	2224	-45.021	0.000	0.7736	0.6979	1
2092	2236	-0.000	0.000	0.8973	0.8324	1
2092	2262	-31.006	0.000	0.7052	0.6183	1
2092	2276	26.016	0.000	0.9232	0.8625	1
2092	2277	-75.032	0.000	0.7266	0.6043	1
2092	2315	-17.974	0.000	0.8630	0.8212	1
2092	2316	26.016	0.000	0.8685	0.8201	1
2092	2318	40.031	0.000	0.7949	0.7652	1
2092	2322	-89.011	0.000	0.7457	0.6365	1
2092	2329	40.006	0.000	0.7898	0.7472	1
2092	2341	-91.027	0.000	0.7355	0.5694	1
2092	2348	-16.990	0.000	0.8017	0.6839	1
2092	2351	10.021	0.000	0.7753	0.8007	1
2092	2357	-31.990	0.000	0.8747	0.7615	1
2092	2370	10.021	0.000	0.8879	0.8802	1
2092	2383	-17.974	0.000	0.8903	0.8132	1
2092	2388	10.032	0.000	0.7054	0.8284	1
2092	2398	-31.006	0.000	0.8571	0.7184	1
2092	2400	10.021	0.000	0.8507	0.8235	1
2092	2404	-16.990	0.000	0.8383	0.7204	1
2093	2095	14.016	0.000	0.7434	0.6836	1
2093	2097	0.995	0.000	0.7848	0.6731	1
2093	2102	14.027	0.000	0.7759	0.6799	1
2093	2113	58.017	0.000	0.7507	0.6673	1
2093	2116	28.006	0.000	0.7988	0.6374	1
2093	2140	30.022	0.000	0.7443	0.6562	1
2093	2141	131.070	0.000	0.7153	0.4341	1
2093	2142	0.995	0.000	0.8508	0.7475	1
2093	2148	-71.009	0.000	0.7066	0.5910	1
2093	2159	113.095	0.000	0.7438	0.5365	1
2093	2170	0.011	0.000	0.7007	0.5802	1
2093	2171	-100.999	0.000	0.7547	0.6508	1
2093	2235	65.059	0.000	0.7017	0.5149	1
2093	2249	44.037	0.000	0.7152	0.6373	1
2093	2252	56.074	0.000	0.7032	0.6054	1
2093	2265	15.011	0.000	0.7072	0.6411	1
2093	2273	74.048	0.000	0.7132	0.6163	1
2093	2278	-1.931	0.000	0.8540	0.7395	1
2093	2295	56.038	0.000	0.7092	0.5142	1
2093	2310	99.069	0.000	0.7237	0.5216	1
2093	2320	113.096	0.000	0.7421	0.5196	1
2093	2327	70.053	0.000	0.7093	0.5763	1
2093	2347	99.080	0.000	0.7237	0.5216	1
2093	2350	171.101	0.000	0.7111	0.4292	1
2093	2353	-1.968	0.000	0.7621	0.6172	1
2093	2356	114.080	0.000	0.7389	0.5982	1
2093	2362	99.080	0.000	0.7067	0.5346	1
2093	2369	-14.963	0.000	0.7246	0.6011	1
2093	2387	141.091	0.000	0.7128	0.4146	1
2093	2393	26.064	0.000	0.8359	0.7500	1
2093	2394	84.069	0.000	0.7105	0.5221	1
2093	2403	114.080	0.000	0.7173	0.5551	1
2093	2459	0.959	0.000	0.7168	0.5209	1
2094	2183	-128.059	0.000	0.8379	0.6735	1
2094	2293	86.996	0.000	0.7278	0.6194	1
2094	2359	87.980	0.000	0.7494	0.7561	1
2094	2381	129.007	0.000	0.8486	0.7085	1
2095	2102	0.011	0.000	0.9168	0.8698	1
2095	2104	28.027	0.000	0.7038	0.5720	1
2095	2117	-14.005	0.000	0.7137	0.6607	1
2095	2136	28.006	0.000	0.8659	0.7019	1
2095	2144	32.026	0.000	0.7651	0.6855	1
2095	2161	28.006	0.000	0.7483	0.6439	1
2095	2224	44.026	0.000	0.7879	0.7392	1
2095	2225	-14.004	0.000	0.7623	0.7148	1
2095	2262	58.042	0.000	0.8022	0.7128	1
2095	2294	28.032	0.000	0.8395	0.7284	1
2095	2322	0.036	0.000	0.7422	0.6495	1
2095	2341	-1.979	0.000	0.7528	0.6884	1
2095	2351	99.068	0.000	0.8132	0.6973	1
2095	2388	99.079	0.000	0.8171	0.6499	1
2095	2393	12.048	0.000	0.7018	0.5887	1
2095	2400	99.068	0.000	0.7266	0.6177	1
2096	2101	1.003	0.000	0.8887	0.9249	1
2096	2297	1.003	0.000	0.8914	0.8996	1
2096	2354	0.019	0.000	0.8877	0.7447	1
2096	2375	0.019	0.000	0.9060	0.7884	1
2096	2416	1.003	0.000	0.8674	0.8262	1
2096	2444	1.003	0.000	0.8782	0.8294	1
2097	2102	13.031	0.000	0.7652	0.6432	1
2097	2104	41.048	0.000	0.8176	0.6520	1
2097	2113	57.022	0.000	0.7484	0.6358	1
2097	2115	71.037	0.000	0.7258	0.5590	1
2097	2116	27.011	0.000	0.8058	0.5748	1
2097	2117	-0.984	0.000	0.8257	0.6892	1
2097	2142	-0.000	0.000	0.8232	0.6693	1
2097	2159	112.100	0.000	0.7610	0.5833	1
2097	2161	41.027	0.000	0.7183	0.5384	1
2097	2170	-0.984	0.000	0.8128	0.7034	1
2097	2202	59.037	0.000	0.7193	0.5549	1
2097	2203	71.037	0.000	0.7756	0.5319	1
2097	2209	130.074	0.000	0.7781	0.5268	1
2097	2212	41.027	0.000	0.7465	0.5764	1
2097	2225	-0.984	0.000	0.7684	0.6356	1
2097	2235	64.064	0.000	0.7855	0.5310	1
2097	2237	14.015	0.000	0.9286	0.7688	1
2097	2239	-0.000	0.000	0.7815	0.6518	1
2097	2265	14.015	0.000	0.8673	0.7297	1
2097	2273	73.053	0.000	0.7462	0.6677	1
2097	2285	-15.995	0.000	0.7736	0.5696	1
2097	2286	85.053	0.000	0.7901	0.5480	1
2097	2295	55.042	0.000	0.7338	0.5255	1
2097	2310	98.074	0.000	0.7275	0.5457	1
2097	2320	112.100	0.000	0.7620	0.5878	1
2097	2324	156.090	0.000	0.7517	0.4463	1
2097	2333	126.080	0.000	0.7478	0.4697	1
2097	2339	80.092	0.000	0.7135	0.4636	1
2097	2344	27.047	0.000	0.7645	0.4901	1
2097	2347	98.084	0.000	0.7275	0.5457	1
2097	2349	12.036	0.000	0.7188	0.6415	1
2097	2350	170.106	0.000	0.7579	0.4322	1
2097	2353	-2.963	0.000	0.7606	0.5357	1
2097	2356	113.084	0.000	0.7582	0.6011	1
2097	2362	98.084	0.000	0.8074	0.5962	1
2097	2363	140.095	0.000	0.7141	0.4570	1
2097	2365	69.058	0.000	0.7951	0.5255	1
2097	2387	140.095	0.000	0.7259	0.4594	1
2097	2397	99.069	0.000	0.7905	0.4956	1
2097	2401	140.095	0.000	0.7917	0.5048	1
2097	2403	113.084	0.000	0.8522	0.6772	1
2097	2405	170.106	0.000	0.7423	0.4452	1
2097	2409	-29.974	0.000	0.7006	0.6032	1
2097	2414	12.037	0.000	0.8264	0.7232	1
2097	2417	-15.959	0.000	0.8479	0.7053	1
2097	2437	-143.095	0.000	0.8301	0.6085	1
2097	2459	-0.036	0.000	0.8305	0.6398	1
2098	2153	-129.042	0.000	0.8663	0.7226	1
2100	2121	0.000	0.000	0.9255	0.8229	1
2101	2137	-71.037	0.000	0.9224	0.6560	1
2101	2179	25.979	0.000	0.9362	0.6347	1
2101	2234	-129.043	0.000	0.8614	0.4960	1
2101	2269	-57.022	0.000	0.8291	0.5795	1
2101	2280	-115.027	0.000	0.8922	0.5468	1
2101	2297	0.000	0.000	0.9861	0.9048	1
2101	2302	-87.032	0.000	0.9204	0.6361	1
2101	2305	-110.084	0.000	0.7230	0.4126	1
2101	2312	-114.043	0.000	0.8404	0.4277	1
2101	2345	-87.032	0.000	0.8855	0.4997	1
2101	2354	-0.984	0.000	0.9232	0.8518	1
2101	2375	-0.984	0.000	0.9030	0.8665	1
2101	2416	0.000	0.000	0.9545	0.7991	1
2101	2444	0.000	0.000	0.9528	0.7991	1
2102	2104	28.016	0.000	0.8123	0.6048	1
2102	2113	43.990	0.000	0.7945	0.6759	1
2102	2115	58.006	0.000	0.7510	0.6159	1
2102	2116	13.979	0.000	0.7223	0.5411	1
2102	2117	-14.016	0.000	0.8406	0.7192	1
2102	2136	27.995	0.000	0.8039	0.7326	1
2102	2148	-85.036	0.000	0.7129	0.6142	1
2102	2161	27.995	0.000	0.7778	0.6183	1
2102	2170	-14.016	0.000	0.7923	0.6732	1
2102	2203	58.006	0.000	0.8014	0.5944	1
2102	2209	117.043	0.000	0.7033	0.3869	1
2102	2212	27.995	0.000	0.7342	0.6211	1
2102	2225	-14.015	0.000	0.8459	0.7348	1
2102	2235	51.032	0.000	0.7224	0.4195	1
2102	2237	0.984	0.000	0.8388	0.7049	1
2102	2239	-13.032	0.000	0.7533	0.6219	1
2102	2252	42.047	0.000	0.7172	0.6725	1
2102	2265	0.984	0.000	0.7717	0.5963	1
2102	2273	60.021	0.000	0.7397	0.6198	1
2102	2278	-15.958	0.000	0.7073	0.6360	1
2102	2285	-29.026	0.000	0.7619	0.5671	1
2102	2286	72.021	0.000	0.7579	0.5228	1
2102	2294	28.021	0.000	0.7757	0.6472	1
2102	2295	42.011	0.000	0.7132	0.4848	1
2102	2306	-70.053	0.000	0.7849	0.6421	1
2102	2324	143.059	0.000	0.7030	0.3901	1
2102	2344	14.016	0.000	0.7423	0.5354	1
2102	2351	99.057	0.000	0.7146	0.6265	1
2102	2353	-15.995	0.000	0.7697	0.6126	1
2102	2362	85.053	0.000	0.7446	0.5032	1
2102	2365	56.027	0.000	0.7506	0.4904	1
2102	2388	99.068	0.000	0.7820	0.5895	1
2102	2393	12.037	0.000	0.7096	0.5989	1
2102	2397	86.037	0.000	0.7154	0.3798	1
2102	2401	127.064	0.000	0.7444	0.4665	1
2102	2403	100.053	0.000	0.7413	0.4656	1
2102	2459	-13.068	0.000	0.8227	0.6227	1
2103	2198	157.074	0.000	0.7715	0.4524	1
2103	2213	100.052	0.000	0.7751	0.5858	1
2103	2238	127.063	0.000	0.8094	0.6144	1
2103	2264	99.068	0.000	0.8014	0.6532	1
2103	2268	-47.968	0.000	0.7839	0.5597	1
2103	2474	100.016	0.000	0.7231	0.4973	1
2104	2113	15.974	0.000	0.7271	0.6087	1
2104	2114	87.011	0.000	0.7302	0.6152	1
2104	2116	-14.037	0.000	0.7789	0.5885	1
2104	2117	-42.032	0.000	0.7855	0.5889	1
2104	2141	89.026	0.000	0.7573	0.7260	1
2104	2142	-41.048	0.000	0.7522	0.6026	1
2104	2159	71.052	0.000	0.7948	0.6345	1
2104	2161	-0.021	0.000	0.7182	0.5118	1
2104	2170	-42.032	0.000	0.8403	0.6366	1
2104	2202	17.989	0.000	0.7044	0.6871	1
2104	2203	29.989	0.000	0.8605	0.6101	1
2104	2209	89.026	0.000	0.9043	0.6305	1
2104	2212	-0.021	0.000	0.7057	0.5117	1
2104	2225	-42.032	0.000	0.7143	0.4877	1
2104	2235	23.016	0.000	0.9367	0.7278	1
2104	2237	-27.033	0.000	0.8203	0.6047	1
2104	2239	-41.048	0.000	0.7649	0.5743	1
2104	2243	-13.017	0.000	0.7094	0.5991	1
2104	2250	-13.017	0.000	0.7051	0.6117	1
2104	2265	-27.033	0.000	0.8815	0.7144	1
2104	2273	32.005	0.000	0.7633	0.6815	1
2104	2285	-57.043	0.000	0.7931	0.5422	1
2104	2286	44.005	0.000	0.8405	0.6691	1
2104	2292	58.021	0.000	0.7204	0.5941	1
2104	2295	13.995	0.000	0.8272	0.6038	1
2104	2306	-98.069	0.000	0.7505	0.4613	1
2104	2310	57.026	0.000	0.7648	0.5839	1
2104	2320	71.052	0.000	0.8149	0.6345	1
2104	2324	115.042	0.000	0.8908	0.5469	1
2104	2333	85.032	0.000	0.9039	0.6551	1
2104	2339	39.044	0.000	0.8202	0.5609	1
2104	2344	-14.001	0.000	0.8585	0.5922	1
2104	2347	57.036	0.000	0.7648	0.5839	1
2104	2349	-29.012	0.000	0.7021	0.5278	1
2104	2350	129.058	0.000	0.8318	0.5469	1
2104	2353	-44.011	0.000	0.8287	0.5637	1
2104	2356	72.036	0.000	0.7548	0.6549	1
2104	2362	57.036	0.000	0.9095	0.6630	1
2104	2363	99.047	0.000	0.8432	0.6869	1
2104	2365	28.010	0.000	0.8496	0.5809	1
2104	2385	-2.000	0.000	0.7028	0.5063	1
2104	2387	99.047	0.000	0.8444	0.6164	1
2104	2397	58.021	0.000	0.9252	0.6452	1
2104	2401	99.047	0.000	0.9311	0.7036	1
2104	2403	72.036	0.000	0.9198	0.6962	1
2104	2405	129.058	0.000	0.8891	0.5694	1
2104	2409	-71.022	0.000	0.7303	0.4864	1
2104	2414	-29.011	0.000	0.8542	0.6291	1
2104	2417	-57.006	0.000	0.7835	0.4803	1
2104	2433	-171.050	0.000	0.7073	0.3925	1
2104	2437	-184.143	0.000	0.7438	0.4727	1
2104	2459	-41.084	0.000	0.8318	0.6624	1
2105	2113	43.006	0.000	0.7118	0.6295	1
2105	2114	114.043	0.000	0.7472	0.4451	1
2105	2115	57.021	0.000	0.7001	0.6416	1
2105	2136	27.011	0.000	0.8602	0.6416	1
2105	2292	85.053	0.000	0.7100	0.5362	1
2105	2309	13.032	0.000	0.7081	0.6372	1
2105	2349	-1.979	0.000	0.7944	0.6950	1
2106	2133	-0.000	0.000	0.9703	0.9071	1
2107	2181	72.021	0.000	0.8119	0.6103	1
2109	2152	42.047	0.000	0.7148	0.5205	1
2109	2207	14.016	0.000	0.8798	0.7188	1
2109	2248	42.047	0.000	0.7225	0.5691	1
2109	2273	143.095	0.000	0.7240	0.5507	1
2109	2303	28.032	0.000	0.7813	0.6345	1
2109	2358	42.047	0.000	0.7397	0.5636	1
2110	2119	-129.043	0.000	0.7308	0.5983	1
2110	2126	-57.022	0.000	0.7169	0.7203	1
2110	2138	-27.996	0.000	0.7467	0.7144	1
2110	2172	-27.995	0.000	0.7589	0.7734	1
2110	2214	-144.055	0.000	0.7063	0.5554	1
2111	2156	-0.000	0.000	0.8268	0.7454	1
2111	2199	-0.000	0.000	0.9257	0.8273	1
2112	2145	147.036	0.000	0.7349	0.5420	1
2112	2147	-9.054	0.000	0.7704	0.5535	1
2112	2148	15.995	0.000	0.8054	0.6905	1
2112	2150	-369.255	0.000	0.7491	0.5595	1
2112	2152	60.004	0.000	0.8023	0.6389	1
2112	2156	-200.080	0.000	0.7151	0.5221	1
2112	2190	-0.000	0.000	0.9738	0.9219	1
2112	2191	-71.037	0.000	0.7866	0.7000	1
2112	2194	161.052	0.000	0.7066	0.5398	1
2112	2210	-429.242	0.000	0.7257	0.5344	1
2112	2223	-101.048	0.000	0.7436	0.5834	1
2112	2245	15.995	0.000	0.7755	0.6192	1
2112	2267	-87.032	0.000	0.7430	0.5906	1
2112	2283	32.993	0.000	0.7462	0.6150	1
2112	2288	2.982	0.000	0.7653	0.6184	1
2112	2300	15.995	0.000	0.8074	0.6342	1
2112	2331	15.995	0.000	0.8160	0.6570	1
2112	2376	0.000	0.000	0.9325	0.8199	1
2112	2413	0.001	0.000	0.9514	0.8713	1
2112	2428	0.000	0.000	0.9127	0.7594	1
2112	2430	0.000	0.000	0.9409	0.8274	1
2112	2446	0.000	0.000	0.9301	0.7790	1
2113	2114	71.037	0.000	0.8052	0.5681	1
2113	2115	14.015	0.000	0.8402	0.7719	1
2113	2116	-30.011	0.000	0.8388	0.7584	1
2113	2117	-58.006	0.000	0.8074	0.6825	1
2113	2136	-15.995	0.000	0.7261	0.6633	1
2113	2142	-57.022	0.000	0.7276	0.6405	1
2113	2145	2.015	0.000	0.7503	0.6708	1
2113	2159	55.078	0.000	0.7110	0.5161	1
2113	2161	-15.995	0.000	0.8359	0.6656	1
2113	2170	-58.006	0.000	0.8394	0.6941	1
2113	2171	-159.016	0.000	0.7423	0.5392	1
2113	2203	14.016	0.000	0.7518	0.6503	1
2113	2212	-15.995	0.000	0.8118	0.7293	1
2113	2225	-58.006	0.000	0.8683	0.7168	1
2113	2235	7.042	0.000	0.7016	0.4998	1
2113	2237	-43.006	0.000	0.7676	0.6167	1
2113	2239	-57.022	0.000	0.7911	0.6171	1
2113	2243	-28.990	0.000	0.8051	0.6531	1
2113	2250	-28.991	0.000	0.8205	0.7026	1
2113	2259	28.031	0.000	0.8200	0.6918	1
2113	2265	-43.006	0.000	0.8072	0.6835	1
2113	2285	-73.017	0.000	0.7292	0.5692	1
2113	2286	28.031	0.000	0.8977	0.8065	1
2113	2292	42.047	0.000	0.8091	0.7040	1
2113	2295	-1.979	0.000	0.8892	0.7688	1
2113	2306	-114.043	0.000	0.7277	0.6256	1
2113	2309	-29.974	0.000	0.8185	0.7429	1
2113	2310	41.052	0.000	0.7392	0.5331	1
2113	2320	55.078	0.000	0.7362	0.5161	1
2113	2327	12.036	0.000	0.8018	0.7750	1
2113	2333	69.058	0.000	0.7593	0.5641	1
2113	2344	-29.974	0.000	0.7606	0.6741	1
2113	2347	41.062	0.000	0.7392	0.5331	1
2113	2349	-44.985	0.000	0.7392	0.5731	1
2113	2350	113.084	0.000	0.7717	0.5036	1
2113	2353	-59.985	0.000	0.7039	0.5291	1
2113	2356	56.062	0.000	0.7084	0.5465	1
2113	2362	41.063	0.000	0.7084	0.5561	1
2113	2363	83.073	0.000	0.7450	0.4931	1
2113	2365	12.036	0.000	0.7832	0.6813	1
2113	2379	9.060	0.000	0.7232	0.5481	1
2113	2387	83.073	0.000	0.7878	0.5094	1
2113	2394	26.052	0.000	0.7623	0.6196	1
2113	2397	42.047	0.000	0.7312	0.4807	1
2113	2401	83.073	0.000	0.7355	0.5886	1
2113	2403	56.062	0.000	0.7140	0.5609	1
2113	2459	-57.058	0.000	0.8288	0.6554	1
2114	2115	-57.021	0.000	0.7802	0.5708	1
2114	2116	-101.048	0.000	0.7193	0.4861	1
2114	2136	-87.032	0.000	0.8382	0.5205	1
2114	2141	2.016	0.000	0.9195	0.8683	1
2114	2159	-15.958	0.000	0.8186	0.6772	1
2114	2170	-129.043	0.000	0.7088	0.4670	1
2114	2171	-230.053	0.000	0.7526	0.4245	1
2114	2209	2.016	0.000	0.7773	0.8002	1
2114	2225	-129.043	0.000	0.7228	0.5028	1
2114	2235	-63.995	0.000	0.7398	0.7095	1
2114	2239	-128.059	0.000	0.7464	0.4973	1
2114	2243	-100.027	0.000	0.7012	0.4828	1
2114	2259	-43.006	0.000	0.8835	0.6128	1
2114	2278	-130.985	0.000	0.7290	0.4235	1
2114	2286	-43.006	0.000	0.7464	0.6067	1
2114	2292	-28.990	0.000	0.8675	0.5745	1
2114	2293	-159.017	0.000	0.7159	0.4324	1
2114	2295	-73.016	0.000	0.8056	0.5444	1
2114	2309	-101.011	0.000	0.8231	0.4932	1
2114	2310	-29.985	0.000	0.7950	0.5730	1
2114	2317	-103.027	0.000	0.7918	0.4619	1
2114	2320	-15.958	0.000	0.8729	0.6857	1
2114	2327	-59.000	0.000	0.8124	0.4767	1
2114	2333	-1.979	0.000	0.8463	0.7640	1
2114	2347	-29.974	0.000	0.7950	0.5730	1
2114	2349	-116.022	0.000	0.7439	0.4287	1
2114	2350	42.047	0.000	0.8096	0.6915	1
2114	2353	-131.022	0.000	0.7120	0.4628	1
2114	2356	-14.974	0.000	0.7835	0.6699	1
2114	2360	-89.011	0.000	0.7302	0.4141	1
2114	2362	-29.974	0.000	0.7108	0.6452	1
2114	2363	12.037	0.000	0.8671	0.6764	1
2114	2381	-117.006	0.000	0.7744	0.4206	1
2114	2387	12.037	0.000	0.9214	0.8249	1
2114	2393	-102.990	0.000	0.7700	0.4681	1
2114	2394	-44.985	0.000	0.7788	0.4795	1
2114	2397	-28.990	0.000	0.8183	0.7674	1
2114	2401	12.037	0.000	0.7451	0.7433	1
2114	2403	-14.974	0.000	0.7074	0.7484	1
2114	2459	-128.095	0.000	0.7865	0.6459	1
2114	2464	-37.990	0.000	0.7437	0.6449	1
2114	2474	-37.990	0.000	0.7185	0.6358	1
2115	2116	-44.026	0.000	0.8011	0.6667	1
2115	2117	-72.021	0.000	0.7985	0.6330	1
2115	2136	-30.011	0.000	0.7117	0.5625	1
2115	2141	59.037	0.000	0.7353	0.4343	1
2115	2159	41.063	0.000	0.7171	0.5619	1
2115	2161	-30.010	0.000	0.8966	0.7252	1
2115	2170	-72.021	0.000	0.8158	0.6476	1
2115	2194	2.016	0.000	0.7263	0.7514	1
2115	2203	0.000	0.000	0.8050	0.7135	1
2115	2212	-30.010	0.000	0.9468	0.8618	1
2115	2225	-72.021	0.000	0.8147	0.6522	1
2115	2237	-57.022	0.000	0.7855	0.6494	1
2115	2239	-71.037	0.000	0.7445	0.6232	1
2115	2265	-57.022	0.000	0.8081	0.6588	1
2115	2273	2.016	0.000	0.7288	0.6921	1
2115	2285	-87.032	0.000	0.8113	0.7050	1
2115	2286	14.016	0.000	0.7726	0.5813	1
2115	2292	28.031	0.000	0.7538	0.7639	1
2115	2295	-15.995	0.000	0.7228	0.5987	1
2115	2306	-128.059	0.000	0.7085	0.5716	1
2115	2310	27.037	0.000	0.7150	0.5160	1
2115	2320	41.063	0.000	0.7143	0.5877	1
2115	2324	85.053	0.000	0.7197	0.5755	1
2115	2327	-1.979	0.000	0.7644	0.7843	1
2115	2333	55.042	0.000	0.7149	0.5834	1
2115	2344	-43.990	0.000	0.7153	0.5106	1
2115	2347	27.047	0.000	0.7150	0.5160	1
2115	2350	99.069	0.000	0.7701	0.5187	1
2115	2356	42.047	0.000	0.7209	0.5479	1
2115	2362	27.047	0.000	0.7160	0.5986	1
2115	2365	-1.979	0.000	0.8657	0.7560	1
2115	2373	-30.977	0.000	0.7449	0.6475	1
2115	2374	-29.974	0.000	0.8932	0.7030	1
2115	2387	69.058	0.000	0.7409	0.5274	1
2115	2394	12.037	0.000	0.7676	0.7089	1
2115	2397	28.031	0.000	0.7005	0.4472	1
2115	2401	69.058	0.000	0.7201	0.5411	1
2115	2403	42.047	0.000	0.7354	0.6205	1
2115	2459	-71.073	0.000	0.7860	0.5889	1
2115	2464	19.031	0.000	0.7019	0.5158	1
2116	2117	-27.995	0.000	0.8514	0.7048	1
2116	2136	14.016	0.000	0.7225	0.6703	1
2116	2140	2.015	0.000	0.7158	0.7468	1
2116	2142	-27.011	0.000	0.8314	0.6719	1
2116	2159	85.089	0.000	0.7625	0.5731	1
2116	2161	14.016	0.000	0.8568	0.6810	1
2116	2170	-27.995	0.000	0.8626	0.7418	1
2116	2203	44.026	0.000	0.7568	0.5240	1
2116	2209	103.064	0.000	0.7216	0.4780	1
2116	2212	14.016	0.000	0.8648	0.7831	1
2116	2225	-27.995	0.000	0.8010	0.6846	1
2116	2235	37.053	0.000	0.7586	0.4827	1
2116	2237	-12.995	0.000	0.7589	0.5603	1
2116	2239	-27.011	0.000	0.7673	0.6159	1
2116	2249	16.031	0.000	0.7853	0.7341	1
2116	2259	58.042	0.000	0.7350	0.6133	1
2116	2265	-12.995	0.000	0.7644	0.5629	1
2116	2285	-43.006	0.000	0.7143	0.4843	1
2116	2286	58.042	0.000	0.8008	0.5501	1
2116	2292	72.058	0.000	0.7046	0.5190	1
2116	2295	28.032	0.000	0.8430	0.7043	1
2116	2309	0.037	0.000	0.7121	0.6703	1
2116	2310	71.063	0.000	0.7657	0.5585	1
2116	2317	-1.979	0.000	0.7781	0.7306	1
2116	2320	85.089	0.000	0.7609	0.5402	1
2116	2324	129.079	0.000	0.7526	0.5026	1
2116	2327	42.047	0.000	0.7881	0.7223	1
2116	2333	99.069	0.000	0.8183	0.6164	1
2116	2339	53.081	0.000	0.7341	0.5493	1
2116	2344	0.037	0.000	0.7570	0.5728	1
2116	2347	71.073	0.000	0.7657	0.5585	1
2116	2349	-14.974	0.000	0.7399	0.6019	1
2116	2350	143.095	0.000	0.7732	0.4343	1
2116	2353	-29.974	0.000	0.8251	0.7362	1
2116	2356	86.073	0.000	0.7239	0.5528	1
2116	2360	12.037	0.000	0.7120	0.6441	1
2116	2362	71.073	0.000	0.7732	0.5655	1
2116	2363	113.084	0.000	0.7645	0.4938	1
2116	2365	42.047	0.000	0.8630	0.7656	1
2116	2385	12.037	0.000	0.8471	0.6794	1
2116	2387	113.084	0.000	0.7951	0.4925	1
2116	2393	-1.943	0.000	0.7102	0.5942	1
2116	2394	56.063	0.000	0.7349	0.5846	1
2116	2397	72.058	0.000	0.7865	0.5182	1
2116	2401	113.084	0.000	0.7808	0.5212	1
2116	2403	86.073	0.000	0.7744	0.5544	1
2116	2405	143.095	0.000	0.7097	0.4777	1
2116	2414	-14.974	0.000	0.7950	0.6337	1
2116	2437	-170.106	0.000	0.7252	0.5003	1
2116	2459	-27.047	0.000	0.8039	0.6138	1
2117	2142	0.984	0.000	0.7515	0.6103	1
2117	2161	42.011	0.000	0.8079	0.6821	1
2117	2170	0.000	0.000	0.9087	0.8051	1
2117	2203	72.022	0.000	0.8319	0.6225	1
2117	2209	131.059	0.000	0.7268	0.4717	1
2117	2212	42.011	0.000	0.8639	0.7321	1
2117	2225	0.000	0.000	0.8809	0.7635	1
2117	2235	65.048	0.000	0.7524	0.4351	1
2117	2237	15.000	0.000	0.8729	0.6287	1
2117	2239	0.984	0.000	0.7971	0.6606	1
2117	2265	15.000	0.000	0.8034	0.6212	1
2117	2285	-15.010	0.000	0.7793	0.5442	1
2117	2286	86.037	0.000	0.7905	0.5429	1
2117	2293	-29.974	0.000	0.7464	0.7506	1
2117	2295	56.027	0.000	0.7325	0.5120	1
2117	2306	-56.037	0.000	0.7866	0.6572	1
2117	2309	28.032	0.000	0.7002	0.7431	1
2117	2310	99.058	0.000	0.8268	0.6412	1
2117	2321	-113.891	0.000	0.7330	0.5364	1
2117	2324	157.074	0.000	0.7466	0.4668	1
2117	2326	-243.086	0.000	0.7825	0.5734	1
2117	2333	127.064	0.000	0.7444	0.4704	1
2117	2336	-114.043	0.000	0.7270	0.5783	1
2117	2339	81.076	0.000	0.7044	0.4424	1
2117	2344	28.032	0.000	0.8637	0.6782	1
2117	2347	99.069	0.000	0.8268	0.6412	1
2117	2350	171.090	0.000	0.7469	0.4363	1
2117	2353	-1.979	0.000	0.8872	0.8124	1
2117	2359	-28.990	0.000	0.7013	0.6569	1
2117	2362	99.069	0.000	0.8326	0.6534	1
2117	2365	70.042	0.000	0.7907	0.4747	1
2117	2374	42.048	0.000	0.7814	0.6388	1
2117	2387	141.080	0.000	0.7054	0.4207	1
2117	2397	100.053	0.000	0.7987	0.5320	1
2117	2401	141.080	0.000	0.7738	0.4898	1
2117	2403	114.069	0.000	0.7940	0.5203	1
2117	2405	171.090	0.000	0.7344	0.4438	1
2117	2408	-29.992	0.000	0.7042	0.6015	1
2117	2409	-28.990	0.000	0.8183	0.7463	1
2117	2414	13.021	0.000	0.7386	0.4668	1
2117	2417	-14.974	0.000	0.8296	0.6095	1
2117	2437	-142.111	0.000	0.7880	0.6094	1
2117	2459	0.948	0.000	0.8602	0.6457	1
2118	2149	-0.144	0.000	0.9062	0.8713	1
2118	2216	-30.154	0.000	0.7026	0.6111	1
2118	2257	-16.139	0.000	0.7021	0.6381	1
2119	2195	-0.984	0.000	0.8452	0.8020	1
2119	2289	-145.038	0.000	0.7228	0.6695	1
2120	2139	-71.037	0.000	0.7626	0.5740	1
2120	2140	-100.045	0.000	0.7881	0.5504	1
2120	2141	1.003	0.000	0.7928	0.6819	1
2120	2174	69.474	0.000	0.7041	0.5789	1
2120	2194	-56.018	0.000	0.7748	0.5949	1
2120	2249	-86.029	0.000	0.8331	0.6495	1
2120	2273	-56.018	0.000	0.7313	0.5933	1
2120	2319	-40.034	0.000	0.7191	0.5574	1
2122	2124	-1.004	0.000	0.7881	0.6189	1
2122	2176	-15.995	0.000	0.7335	0.5970	1
2122	2198	154.075	0.000	0.7175	0.5139	1
2122	2427	122.017	0.000	0.7855	0.6498	1
2122	2431	-137.059	0.000	0.8098	0.7243	1
2122	2434	-137.059	0.000	0.8301	0.8003	1
2122	2439	122.017	0.000	0.7974	0.6818	1
2122	2443	-137.059	0.000	0.8157	0.7887	1
2122	2447	121.561	0.000	0.7774	0.6947	1
2122	2450	-137.059	0.000	0.8135	0.7985	1
2122	2458	-137.059	0.000	0.8213	0.7881	1
2122	2474	97.017	0.000	0.7065	0.5045	1
2122	2475	-137.059	0.000	0.8246	0.8015	1
2123	2159	0.000	0.000	0.8676	0.8565	1
2123	2196	-14.999	0.000	0.7174	0.6424	1
2123	2235	-48.036	0.000	0.7034	0.7078	1
2123	2320	0.000	0.000	0.7616	0.7578	1
2123	2324	43.990	0.000	0.7003	0.6045	1
2123	2333	13.980	0.000	0.7499	0.7130	1
2123	2349	-100.063	0.000	0.7030	0.5909	1
2123	2350	58.006	0.000	0.7652	0.6201	1
2123	2363	27.995	0.000	0.7556	0.7327	1
2123	2385	-73.052	0.000	0.7114	0.5976	1
2123	2387	27.995	0.000	0.7456	0.6894	1
2123	2401	27.995	0.000	0.7292	0.7021	1
2123	2403	0.984	0.000	0.7242	0.6756	1
2124	2319	96.989	0.000	0.7705	0.7056	1
2124	2367	40.032	0.000	0.8153	0.7410	1
2124	2431	-136.055	0.000	0.7293	0.6231	1
2124	2477	-249.175	0.000	0.7208	0.6440	1
2125	2137	-18.011	0.000	0.7453	0.7068	1
2125	2198	-18.010	0.000	0.7296	0.7818	1
2126	2138	29.026	0.000	0.7063	0.6412	1
2126	2172	29.027	0.000	0.7405	0.7074	1
2126	2205	-216.075	0.000	0.7374	0.5670	1
2126	2211	-144.053	0.000	0.7461	0.5956	1
2126	2214	-87.033	0.000	0.7507	0.6409	1
2126	2215	-217.058	0.000	0.7011	0.5670	1
2126	2307	-145.038	0.000	0.7266	0.6138	1
2127	2140	41.027	0.000	0.7027	0.5335	1
2127	2141	142.075	0.000	0.7784	0.4937	1
2127	2145	71.038	0.000	0.7164	0.6574	1
2127	2148	-60.004	0.000	0.7043	0.5219	1
2127	2152	-15.994	0.000	0.7010	0.5917	1
2127	2202	71.038	0.000	0.7242	0.5886	1
2127	2209	142.075	0.000	0.7194	0.5406	1
2127	2245	-60.004	0.000	0.7455	0.6057	1
2127	2248	-15.994	0.000	0.7306	0.4756	1
2127	2249	55.042	0.000	0.7073	0.5324	1
2127	2273	85.053	0.000	0.7665	0.5760	1
2127	2286	97.053	0.000	0.7643	0.7481	1
2127	2300	-60.003	0.000	0.7252	0.5872	1
2127	2331	-60.003	0.000	0.7191	0.5538	1
2127	2365	81.059	0.000	0.7236	0.5694	1
2128	2132	1.002	0.000	0.8513	0.6608	1
2129	2131	385.234	0.000	0.7743	0.6135	1
2129	2200	385.234	0.000	0.7738	0.6120	1
2130	2144	8.990	0.000	0.7986	0.6472	1
2130	2219	0.000	0.000	0.8206	0.7398	1
2130	2224	20.990	0.000	0.7836	0.6598	1
2130	2236	66.011	0.000	0.8034	0.6373	1
2130	2262	35.005	0.000	0.7418	0.6998	1
2130	2276	92.027	0.000	0.8052	0.6777	1
2130	2315	48.037	0.000	0.8125	0.7486	1
2130	2316	92.027	0.000	0.7216	0.6677	1
2130	2318	106.042	0.000	0.7248	0.6289	1
2130	2322	-23.000	0.000	0.7535	0.6438	1
2130	2329	106.017	0.000	0.7189	0.6110	1
2130	2341	-25.016	0.000	0.7147	0.5577	1
2130	2348	49.021	0.000	0.7762	0.6919	1
2130	2351	76.032	0.000	0.7571	0.7152	1
2130	2357	34.021	0.000	0.7359	0.7515	1
2130	2370	76.032	0.000	0.8934	0.7726	1
2130	2383	48.037	0.000	0.7780	0.7578	1
2130	2388	76.043	0.000	0.7041	0.7232	1
2130	2400	76.032	0.000	0.8022	0.7172	1
2130	2404	49.021	0.000	0.7218	0.6863	1
2131	2132	-1.002	0.000	0.8044	0.7149	1
2131	2168	-71.038	0.000	0.8129	0.6364	1
2131	2200	0.000	0.000	0.9642	0.7702	1
2131	2202	71.038	0.000	0.7487	0.5470	1
2131	2217	-71.038	0.000	0.8042	0.5864	1
2131	2227	-57.021	0.000	0.8296	0.5746	1
2131	2231	-101.048	0.000	0.7498	0.4952	1
2131	2291	-87.032	0.000	0.7747	0.5015	1
2131	2325	0.025	0.000	0.7110	0.4280	1
2132	2168	-70.035	0.000	0.7689	0.6925	1
2132	2200	1.003	0.000	0.8022	0.6246	1
2132	2217	-70.035	0.000	0.7230	0.6155	1
2136	2141	89.048	0.000	0.8338	0.5703	1
2136	2194	32.026	0.000	0.7274	0.6576	1
2136	2249	2.015	0.000	0.7913	0.7171	1
2136	2259	44.026	0.000	0.8006	0.6336	1
2136	2292	58.042	0.000	0.8018	0.6374	1
2136	2295	14.016	0.000	0.7033	0.5630	1
2136	2309	-13.979	0.000	0.8000	0.6427	1
2136	2317	-15.995	0.000	0.7324	0.5696	1
2136	2320	71.074	0.000	0.7419	0.5983	1
2136	2327	28.032	0.000	0.7927	0.6510	1
2136	2333	85.053	0.000	0.7183	0.5649	1
2136	2349	-28.990	0.000	0.7474	0.5608	1
2136	2360	-1.979	0.000	0.8186	0.6878	1
2136	2363	99.069	0.000	0.7270	0.5449	1
2136	2381	-29.974	0.000	0.8413	0.6704	1
2136	2385	-1.979	0.000	0.7943	0.6381	1
2136	2387	99.069	0.000	0.7655	0.5438	1
2136	2393	-15.958	0.000	0.7804	0.6885	1
2136	2394	42.047	0.000	0.7577	0.6648	1
2136	2464	49.042	0.000	0.7235	0.5953	1
2136	2474	49.042	0.000	0.7003	0.5953	1
2137	2146	-30.010	0.000	0.9510	0.7455	1
2137	2198	0.000	0.000	0.7921	0.8312	1
2137	2213	-57.021	0.000	0.8410	0.6504	1
2137	2234	-58.005	0.000	0.9464	0.7050	1
2137	2251	-26.016	0.000	0.8974	0.6746	1
2137	2263	-87.032	0.000	0.7662	0.4807	1
2137	2269	14.016	0.000	0.9449	0.9146	1
2137	2280	-43.990	0.000	0.9560	0.7281	1
2137	2297	71.037	0.000	0.9320	0.7098	1
2137	2298	2.016	0.000	0.8151	0.5184	1
2137	2299	-57.021	0.000	0.8347	0.5685	1
2137	2302	-15.995	0.000	0.9639	0.7743	1
2137	2304	-26.015	0.000	0.8939	0.6517	1
2137	2305	-39.047	0.000	0.7068	0.4474	1
2137	2312	-43.006	0.000	0.9443	0.7347	1
2137	2314	-26.015	0.000	0.8723	0.5891	1
2137	2323	25.991	0.000	0.9133	0.6433	1
2137	2345	-15.995	0.000	0.9434	0.7443	1
2137	2410	-26.015	0.000	0.8850	0.6135	1
2137	2416	71.037	0.000	0.9203	0.7098	1
2137	2427	-32.057	0.000	0.7829	0.4861	1
2137	2431	-291.134	0.000	0.7591	0.4054	1
2137	2439	-32.058	0.000	0.7944	0.4914	1
2137	2444	71.037	0.000	0.9192	0.7098	1
2137	2447	-32.513	0.000	0.7695	0.4185	1
2137	2464	-57.058	0.000	0.8169	0.5362	1
2137	2474	-57.057	0.000	0.7996	0.5531	1
2138	2172	0.001	0.000	0.9722	0.9196	1
2139	2140	-29.008	0.000	0.7026	0.5633	1
2139	2145	1.003	0.000	0.8355	0.7166	1
2139	2194	15.019	0.000	0.7210	0.6076	1
2139	2227	-127.056	0.000	0.7035	0.6886	1
2139	2248	-86.029	0.000	0.7366	0.6334	1
2139	2249	-14.992	0.000	0.7451	0.6604	1
2139	2309	-30.986	0.000	0.7061	0.6909	1
2140	2141	101.048	0.000	0.8113	0.5406	1
2140	2145	30.011	0.000	0.8469	0.6657	1
2140	2147	-126.079	0.000	0.7173	0.5572	1
2140	2148	-101.030	0.000	0.7407	0.6473	1
2140	2150	-486.280	0.000	0.7049	0.6229	1
2140	2152	-57.021	0.000	0.8225	0.6913	1
2140	2194	44.027	0.000	0.8478	0.7443	1
2140	2210	-546.266	0.000	0.7727	0.7599	1
2140	2245	-101.030	0.000	0.7856	0.6912	1
2140	2248	-57.021	0.000	0.7670	0.6867	1
2140	2249	14.016	0.000	0.9331	0.8172	1
2140	2252	26.052	0.000	0.7311	0.6744	1
2140	2273	44.026	0.000	0.8118	0.7843	1
2140	2278	-31.953	0.000	0.7122	0.7373	1
2140	2288	-114.043	0.000	0.7553	0.5926	1
2140	2295	26.016	0.000	0.7852	0.8062	1
2140	2300	-101.030	0.000	0.7467	0.5968	1
2140	2317	-3.994	0.000	0.7962	0.7675	1
2140	2327	40.032	0.000	0.8184	0.8197	1
2140	2331	-101.030	0.000	0.7554	0.6141	1
2140	2349	-16.990	0.000	0.7373	0.6698	1
2140	2353	-31.989	0.000	0.7074	0.7280	1
2140	2360	10.021	0.000	0.7529	0.7535	1
2140	2385	10.021	0.000	0.7686	0.7377	1
2140	2465	-55.053	0.000	0.7170	0.6006	1
2141	2145	-71.037	0.000	0.7812	0.6171	1
2141	2152	-158.069	0.000	0.7284	0.4117	1
2141	2159	-17.974	0.000	0.7596	0.7035	1
2141	2194	-57.021	0.000	0.7472	0.5929	1
2141	2202	-71.037	0.000	0.7583	0.6581	1
2141	2203	-59.037	0.000	0.7223	0.5765	1
2141	2209	0.000	0.000	0.8339	0.8944	1
2141	2235	-66.010	0.000	0.7430	0.7875	1
2141	2236	-28.006	0.000	0.7823	0.5547	1
2141	2243	-102.043	0.000	0.7095	0.5500	1
2141	2245	-202.078	0.000	0.7295	0.4441	1
2141	2249	-87.032	0.000	0.8373	0.6009	1
2141	2252	-74.996	0.000	0.7127	0.5089	1
2141	2259	-45.022	0.000	0.8140	0.5787	1
2141	2273	-57.022	0.000	0.8136	0.6594	1
2141	2292	-31.006	0.000	0.8030	0.6038	1
2141	2295	-75.032	0.000	0.7888	0.6159	1
2141	2299	-39.970	0.000	0.7833	0.6405	1
2141	2300	-202.078	0.000	0.7501	0.4799	1
2141	2309	-103.027	0.000	0.7683	0.5019	1
2141	2310	-32.001	0.000	0.7391	0.5981	1
2141	2317	-105.042	0.000	0.7137	0.4789	1
2141	2320	-17.974	0.000	0.8075	0.6739	1
2141	2327	-61.016	0.000	0.7527	0.5018	1
2141	2331	-202.078	0.000	0.7457	0.4670	1
2141	2333	-3.995	0.000	0.8188	0.7500	1
2141	2347	-31.990	0.000	0.7391	0.5981	1
2141	2350	40.031	0.000	0.7347	0.8347	1
2141	2353	-133.037	0.000	0.7012	0.5634	1
2141	2356	-16.990	0.000	0.7188	0.6059	1
2141	2362	-31.990	0.000	0.7039	0.7161	1
2141	2363	10.021	0.000	0.8165	0.7037	1
2141	2381	-119.022	0.000	0.7181	0.4474	1
2141	2387	10.021	0.000	0.8669	0.8196	1
2141	2394	-47.000	0.000	0.7153	0.5450	1
2141	2397	-31.006	0.000	0.8027	0.7920	1
2141	2401	10.021	0.000	0.7306	0.7738	1
2141	2459	-130.110	0.000	0.7465	0.6402	1
2141	2464	-40.006	0.000	0.8687	0.7193	1
2141	2465	-156.101	0.000	0.7602	0.4913	1
2141	2474	-40.006	0.000	0.8595	0.7540	1
2142	2145	59.037	0.000	0.7021	0.5922	1
2142	2148	-72.004	0.000	0.7154	0.6706	1
2142	2159	112.100	0.000	0.7324	0.4806	1
2142	2170	-0.984	0.000	0.7418	0.6016	1
2142	2202	59.038	0.000	0.7093	0.5855	1
2142	2209	130.075	0.000	0.7403	0.4668	1
2142	2225	-0.984	0.000	0.7115	0.6415	1
2142	2235	64.064	0.000	0.7308	0.4668	1
2142	2237	14.016	0.000	0.7907	0.5681	1
2142	2239	0.000	0.000	0.7485	0.6445	1
2142	2243	28.032	0.000	0.7142	0.5882	1
2142	2250	28.032	0.000	0.7288	0.6218	1
2142	2265	14.016	0.000	0.9003	0.8291	1
2142	2273	73.053	0.000	0.7185	0.6690	1
2142	2285	-15.994	0.000	0.7350	0.5906	1
2142	2286	85.053	0.000	0.7559	0.5494	1
2142	2292	99.069	0.000	0.7209	0.5597	1
2142	2295	55.043	0.000	0.7113	0.5160	1
2142	2320	112.100	0.000	0.7601	0.5396	1
2142	2324	156.090	0.000	0.7176	0.4257	1
2142	2333	126.080	0.000	0.7231	0.4437	1
2142	2344	27.048	0.000	0.7119	0.5058	1
2142	2349	12.037	0.000	0.7364	0.6111	1
2142	2350	170.106	0.000	0.7421	0.4201	1
2142	2353	-2.963	0.000	0.7074	0.4983	1
2142	2356	113.085	0.000	0.8095	0.6381	1
2142	2362	98.085	0.000	0.7342	0.5044	1
2142	2365	69.058	0.000	0.7182	0.4918	1
2142	2369	-15.958	0.000	0.7105	0.5921	1
2142	2387	140.096	0.000	0.7043	0.4244	1
2142	2397	99.069	0.000	0.7514	0.4557	1
2142	2401	140.096	0.000	0.7101	0.3889	1
2142	2403	113.085	0.000	0.8074	0.6316	1
2142	2414	12.037	0.000	0.8274	0.7597	1
2142	2437	-143.095	0.000	0.7089	0.5280	1
2142	2459	-0.036	0.000	0.8043	0.6240	1
2142	2465	-26.026	0.000	0.7013	0.6055	1
2143	2151	-0.097	0.000	0.8914	0.8168	1
2143	2160	0.000	0.000	0.9492	0.9058	1
2144	2194	28.006	0.000	0.7622	0.5965	1
2144	2219	-8.989	0.000	0.7684	0.5603	1
2144	2224	12.000	0.000	0.8350	0.6892	1
2144	2236	57.021	0.000	0.7379	0.5225	1
2144	2262	26.016	0.000	0.7790	0.6506	1
2144	2276	83.037	0.000	0.7448	0.5706	1
2144	2294	-3.995	0.000	0.7669	0.7547	1
2144	2315	39.048	0.000	0.7606	0.6446	1
2144	2318	97.053	0.000	0.7212	0.6106	1
2144	2322	-31.990	0.000	0.7845	0.6460	1
2144	2329	97.028	0.000	0.7204	0.5958	1
2144	2341	-34.005	0.000	0.7733	0.6300	1
2144	2348	40.031	0.000	0.7824	0.6751	1
2144	2351	67.042	0.000	0.7528	0.6134	1
2144	2370	67.042	0.000	0.7509	0.5566	1
2144	2383	39.047	0.000	0.7473	0.5759	1
2144	2388	67.053	0.000	0.7206	0.5711	1
2144	2400	67.042	0.000	0.7821	0.5808	1
2144	2404	40.031	0.000	0.7758	0.6812	1
2145	2147	-156.090	0.000	0.8356	0.7440	1
2145	2148	-131.041	0.000	0.7894	0.5947	1
2145	2150	-516.291	0.000	0.8029	0.5949	1
2145	2152	-87.032	0.000	0.7799	0.6367	1
2145	2190	-147.036	0.000	0.7346	0.5570	1
2145	2191	-218.073	0.000	0.7062	0.5069	1
2145	2194	14.016	0.000	0.9086	0.8015	1
2145	2202	0.000	0.000	0.7089	0.7926	1
2145	2210	-576.277	0.000	0.7858	0.6190	1
2145	2227	-128.059	0.000	0.8475	0.7096	1
2145	2230	-43.006	0.000	0.7316	0.5323	1
2145	2239	-59.037	0.000	0.7094	0.6096	1
2145	2245	-131.041	0.000	0.7754	0.6028	1
2145	2248	-87.032	0.000	0.7462	0.6164	1
2145	2249	-15.995	0.000	0.8812	0.7225	1
2145	2259	26.016	0.000	0.8069	0.7431	1
2145	2273	14.016	0.000	0.7608	0.7767	1
2145	2283	-114.043	0.000	0.8241	0.6335	1
2145	2286	26.016	0.000	0.7250	0.9064	1
2145	2288	-144.054	0.000	0.7525	0.5070	1
2145	2292	40.032	0.000	0.8059	0.7478	1
2145	2295	-3.995	0.000	0.7516	0.6923	1
2145	2300	-131.041	0.000	0.8001	0.6269	1
2145	2309	-31.990	0.000	0.8582	0.7478	1
2145	2327	10.021	0.000	0.7050	0.6772	1
2145	2331	-131.041	0.000	0.8267	0.6523	1
2145	2376	-147.035	0.000	0.7068	0.5196	1
2145	2413	-147.035	0.000	0.7329	0.5432	1
2145	2430	-147.035	0.000	0.7279	0.5200	1
2145	2446	-147.035	0.000	0.7004	0.4985	1
2145	2459	-59.073	0.000	0.7456	0.7262	1
2145	2465	-85.064	0.000	0.7109	0.5699	1
2146	2198	30.011	0.000	0.8028	0.7139	1
2146	2213	-27.011	0.000	0.8390	0.5536	1
2146	2234	-27.995	0.000	0.9314	0.6430	1
2146	2238	0.000	0.000	0.7495	0.5862	1
2146	2251	3.995	0.000	0.9058	0.6504	1
2146	2263	-57.022	0.000	0.7442	0.3879	1
2146	2264	-27.995	0.000	0.7060	0.4768	1
2146	2269	44.026	0.000	0.9127	0.7290	1
2146	2280	-13.979	0.000	0.9489	0.6850	1
2146	2298	32.026	0.000	0.8008	0.5419	1
2146	2299	-27.011	0.000	0.8431	0.5320	1
2146	2302	14.016	0.000	0.9684	0.7562	1
2146	2304	3.995	0.000	0.9092	0.6882	1
2146	2305	-9.037	0.000	0.7253	0.4434	1
2146	2312	-12.995	0.000	0.9171	0.5925	1
2146	2314	3.995	0.000	0.8852	0.6050	1
2146	2345	14.016	0.000	0.9454	0.7135	1
2146	2410	3.995	0.000	0.8971	0.6314	1
2146	2427	-2.047	0.000	0.7790	0.4309	1
2146	2439	-2.047	0.000	0.7918	0.4441	1
2146	2447	-2.503	0.000	0.7660	0.3509	1
2146	2464	-27.047	0.000	0.8384	0.5328	1
2146	2474	-27.047	0.000	0.8254	0.5403	1
2146	2477	-374.243	0.000	0.7222	0.3524	1
2147	2148	25.049	0.000	0.8111	0.6335	1
2147	2149	-71.037	0.000	0.7217	0.5409	1
2147	2150	-360.201	0.000	0.8426	0.6141	1
2147	2152	69.058	0.000	0.7906	0.6593	1
2147	2190	9.054	0.000	0.7583	0.5428	1
2147	2210	-420.187	0.000	0.7943	0.5895	1
2147	2216	-101.048	0.000	0.7436	0.6497	1
2147	2227	28.031	0.000	0.7803	0.6848	1
2147	2245	25.049	0.000	0.8129	0.6425	1
2147	2249	140.095	0.000	0.7240	0.6119	1
2147	2257	-87.033	0.000	0.8119	0.7258	1
2147	2283	42.047	0.000	0.8022	0.6692	1
2147	2284	-87.032	0.000	0.8144	0.7219	1
2147	2288	12.036	0.000	0.8160	0.6273	1
2147	2300	25.049	0.000	0.8217	0.6646	1
2147	2328	-14.975	0.000	0.7744	0.6727	1
2147	2331	25.049	0.000	0.8427	0.6707	1
2147	2376	9.055	0.000	0.7505	0.5514	1
2147	2413	9.055	0.000	0.7550	0.5383	1
2147	2428	9.055	0.000	0.7267	0.5081	1
2147	2430	9.055	0.000	0.7363	0.5129	1
2147	2446	9.055	0.000	0.7441	0.5702	1
2148	2150	-385.250	0.000	0.8327	0.6628	1
2148	2152	44.009	0.000	0.8176	0.6893	1
2148	2190	-15.995	0.000	0.8111	0.7171	1
2148	2210	-445.236	0.000	0.8888	0.7715	1
2148	2227	2.982	0.000	0.7568	0.5918	1
2148	2245	0.000	0.000	0.8871	0.7385	1
2148	2248	44.009	0.000	0.7287	0.6128	1
2148	2273	145.057	0.000	0.7162	0.6963	1
2148	2283	16.998	0.000	0.7977	0.6969	1
2148	2288	-13.013	0.000	0.8129	0.6378	1
2148	2300	0.000	0.000	0.9169	0.7592	1
2148	2328	-40.024	0.000	0.7614	0.6100	1
2148	2331	0.000	0.000	0.9260	0.7945	1
2148	2351	184.093	0.000	0.7183	0.6158	1
2148	2376	-15.994	0.000	0.7862	0.6566	1
2148	2413	-15.994	0.000	0.7972	0.6734	1
2148	2428	-15.994	0.000	0.7778	0.6545	1
2148	2430	-15.994	0.000	0.7882	0.6735	1
2148	2446	-15.994	0.000	0.8006	0.7036	1
2149	2216	-30.010	0.000	0.8262	0.6923	1
2149	2257	-15.995	0.000	0.8321	0.6684	1
2149	2284	-15.995	0.000	0.8231	0.6604	1
2150	2152	429.259	0.000	0.7903	0.6274	1
2150	2190	369.255	0.000	0.7313	0.5327	1
2150	2210	-59.987	0.000	0.8132	0.6416	1
2150	2227	388.232	0.000	0.7402	0.5660	1
2150	2245	385.250	0.000	0.8069	0.6278	1
2150	2249	500.296	0.000	0.7028	0.6031	1
2150	2283	402.248	0.000	0.7654	0.6060	1
2150	2288	372.237	0.000	0.7792	0.5515	1
2150	2300	385.250	0.000	0.8264	0.6307	1
2150	2328	345.226	0.000	0.7326	0.5346	1
2150	2331	385.250	0.000	0.8496	0.6769	1
2150	2376	369.255	0.000	0.7204	0.5584	1
2150	2413	369.256	0.000	0.7362	0.5491	1
2150	2430	369.255	0.000	0.7240	0.5071	1
2150	2446	369.255	0.000	0.7225	0.5409	1
2151	2160	0.097	0.000	0.9369	0.8636	1
2152	2190	-60.004	0.000	0.8048	0.6425	1
2152	2194	101.048	0.000	0.8131	0.6855	1
2152	2210	-489.246	0.000	0.7570	0.6074	1
2152	2227	-41.027	0.000	0.7085	0.5807	1
2152	2230	44.026	0.000	0.7733	0.6405	1
2152	2245	-44.009	0.000	0.8445	0.7190	1
2152	2248	-0.000	0.000	0.7402	0.5787	1
2152	2249	71.037	0.000	0.7708	0.6835	1
2152	2261	-27.995	0.000	0.7042	0.5986	1
2152	2273	101.047	0.000	0.7253	0.7148	1
2152	2283	-27.011	0.000	0.7488	0.6413	1
2152	2288	-57.022	0.000	0.8543	0.6751	1
2152	2300	-44.009	0.000	0.8251	0.6415	1
2152	2327	97.053	0.000	0.7289	0.7062	1
2152	2328	-84.033	0.000	0.7292	0.5385	1
2152	2331	-44.009	0.000	0.8365	0.6783	1
2152	2376	-60.003	0.000	0.8110	0.6801	1
2152	2413	-60.003	0.000	0.7984	0.6385	1
2152	2428	-60.004	0.000	0.7662	0.6017	1
2152	2430	-60.004	0.000	0.7918	0.6188	1
2152	2446	-60.003	0.000	0.8051	0.6918	1
2155	2156	1.003	0.000	0.7311	0.5847	1
2156	2190	200.080	0.000	0.7217	0.5453	1
2156	2191	129.043	0.000	0.7139	0.6026	1
2156	2199	0.000	0.000	0.8148	0.7247	1
2156	2223	99.032	0.000	0.7333	0.6185	1
2156	2267	113.048	0.000	0.7217	0.5833	1
2156	2413	200.080	0.000	0.7139	0.5140	1
2157	2158	339.661	0.000	0.9010	0.7266	1
2159	2161	-71.073	0.000	0.7537	0.5749	1
2159	2170	-113.084	0.000	0.7412	0.5020	1
2159	2196	-15.000	0.000	0.7011	0.5871	1
2159	2203	-41.063	0.000	0.7174	0.5701	1
2159	2209	17.974	0.000	0.8162	0.6785	1
2159	2212	-71.073	0.000	0.7160	0.6490	1
2159	2235	-48.036	0.000	0.8416	0.7647	1
2159	2237	-98.085	0.000	0.7534	0.6117	1
2159	2239	-112.100	0.000	0.7460	0.4860	1
2159	2243	-84.069	0.000	0.7347	0.5069	1
2159	2250	-84.069	0.000	0.7194	0.4944	1
2159	2252	-57.022	0.000	0.7416	0.5843	1
2159	2259	-27.047	0.000	0.7761	0.6176	1
2159	2265	-98.085	0.000	0.7613	0.5457	1
2159	2278	-115.027	0.000	0.8028	0.6020	1
2159	2286	-27.047	0.000	0.7809	0.6222	1
2159	2292	-13.031	0.000	0.8143	0.6438	1
2159	2293	-143.058	0.000	0.7476	0.5738	1
2159	2295	-57.058	0.000	0.8182	0.6092	1
2159	2309	-85.053	0.000	0.7570	0.5998	1
2159	2310	-14.026	0.000	0.8601	0.7698	1
2159	2317	-87.068	0.000	0.7961	0.6510	1
2159	2320	0.000	0.000	0.9180	0.8203	1
2159	2324	43.990	0.000	0.8139	0.6468	1
2159	2327	-43.042	0.000	0.8104	0.6475	1
2159	2333	13.980	0.000	0.9004	0.7845	1
2159	2339	-32.008	0.000	0.7479	0.6142	1
2159	2344	-85.053	0.000	0.7269	0.5211	1
2159	2346	-243.086	0.000	0.7125	0.5645	1
2159	2347	-14.016	0.000	0.8601	0.7698	1
2159	2349	-100.064	0.000	0.7695	0.5665	1
2159	2350	58.006	0.000	0.9074	0.6918	1
2159	2353	-115.063	0.000	0.7959	0.5827	1
2159	2356	0.984	0.000	0.8503	0.7550	1
2159	2360	-73.053	0.000	0.7341	0.5849	1
2159	2362	-14.016	0.000	0.8310	0.7279	1
2159	2363	27.995	0.000	0.8885	0.7627	1
2159	2365	-43.042	0.000	0.7796	0.6115	1
2159	2369	-128.058	0.000	0.7271	0.5132	1
2159	2379	-46.019	0.000	0.7328	0.5692	1
2159	2381	-101.047	0.000	0.7096	0.5259	1
2159	2385	-73.052	0.000	0.8098	0.6204	1
2159	2387	27.995	0.000	0.8975	0.7335	1
2159	2393	-87.032	0.000	0.8047	0.6134	1
2159	2394	-29.026	0.000	0.7937	0.6144	1
2159	2397	-13.031	0.000	0.8518	0.6696	1
2159	2401	27.995	0.000	0.8370	0.6806	1
2159	2403	0.984	0.000	0.8473	0.7731	1
2159	2405	58.006	0.000	0.7336	0.5831	1
2159	2414	-100.064	0.000	0.7578	0.6167	1
2159	2417	-128.059	0.000	0.7093	0.5562	1
2159	2459	-112.136	0.000	0.7779	0.5804	1
2161	2170	-42.011	0.000	0.8586	0.7832	1
2161	2203	30.010	0.000	0.7652	0.6148	1
2161	2212	-0.000	0.000	0.8952	0.7532	1
2161	2225	-42.011	0.000	0.8004	0.6649	1
2161	2235	23.037	0.000	0.7162	0.5453	1
2161	2237	-27.011	0.000	0.7081	0.4886	1
2161	2239	-41.027	0.000	0.7318	0.5746	1
2161	2249	2.015	0.000	0.7402	0.7447	1
2161	2259	44.026	0.000	0.7141	0.5362	1
2161	2265	-27.011	0.000	0.7881	0.6851	1
2161	2286	44.026	0.000	0.8010	0.5591	1
2161	2292	58.042	0.000	0.7012	0.5348	1
2161	2295	14.016	0.000	0.7692	0.5735	1
2161	2310	57.047	0.000	0.7482	0.5115	1
2161	2320	71.073	0.000	0.7392	0.5384	1
2161	2333	85.053	0.000	0.7277	0.4511	1
2161	2344	-13.979	0.000	0.7177	0.5536	1
2161	2347	57.057	0.000	0.7482	0.5115	1
2161	2349	-28.990	0.000	0.7250	0.6091	1
2161	2350	129.079	0.000	0.7409	0.4169	1
2161	2353	-43.990	0.000	0.7436	0.5526	1
2161	2356	72.057	0.000	0.7146	0.5009	1
2161	2362	57.057	0.000	0.7176	0.5483	1
2161	2363	99.068	0.000	0.7473	0.4882	1
2161	2365	28.031	0.000	0.7859	0.6250	1
2161	2385	-1.979	0.000	0.8103	0.6970	1
2161	2387	99.068	0.000	0.7931	0.5431	1
2161	2394	42.047	0.000	0.7583	0.6079	1
2161	2397	58.042	0.000	0.7269	0.4565	1
2161	2401	99.068	0.000	0.7307	0.5357	1
2161	2403	72.057	0.000	0.7113	0.5310	1
2161	2414	-28.990	0.000	0.7420	0.6150	1
2161	2459	-41.063	0.000	0.7687	0.5191	1
2162	2320	114.007	0.000	0.7066	0.6200	1
2162	2349	13.943	0.000	0.7130	0.5925	1
2163	2178	-0.984	0.000	0.8597	0.7947	1
2164	2165	-21.982	0.000	0.8123	0.6438	1
2164	2166	-174.112	0.000	0.8193	0.4893	1
2164	2167	-348.224	0.000	0.8198	0.5428	1
2164	2180	-50.008	0.000	0.7669	0.6572	1
2164	2182	-287.120	0.000	0.7132	0.4724	1
2164	2219	11.048	0.000	0.7228	0.6306	1
2164	2224	32.037	0.000	0.7218	0.5126	1
2164	2276	103.074	0.000	0.7672	0.6103	1
2164	2315	59.085	0.000	0.7283	0.5236	1
2164	2370	87.080	0.000	0.7201	0.5873	1
2166	2167	-174.112	0.000	0.8608	0.5913	1
2166	2180	124.104	0.000	0.7447	0.5909	1
2168	2200	71.038	0.000	0.8433	0.6486	1
2168	2217	-0.000	0.000	0.9357	0.7260	1
2168	2227	14.016	0.000	0.9414	0.7544	1
2168	2231	-30.010	0.000	0.9082	0.7121	1
2168	2242	71.038	0.000	0.8521	0.7507	1
2168	2291	-15.994	0.000	0.9307	0.7518	1
2168	2313	-43.005	0.000	0.8906	0.6641	1
2168	2325	71.063	0.000	0.7320	0.5427	1
2170	2171	-101.010	0.000	0.7214	0.6636	1
2170	2203	72.021	0.000	0.8689	0.6756	1
2170	2209	131.058	0.000	0.7783	0.4753	1
2170	2212	42.011	0.000	0.8526	0.7586	1
2170	2225	0.000	0.000	0.8233	0.7135	1
2170	2235	65.048	0.000	0.8066	0.4776	1
2170	2237	14.999	0.000	0.7965	0.5534	1
2170	2239	0.984	0.000	0.8085	0.6698	1
2170	2243	29.015	0.000	0.7059	0.6074	1
2170	2265	14.999	0.000	0.8609	0.7087	1
2170	2273	74.037	0.000	0.7366	0.6026	1
2170	2278	-1.943	0.000	0.7521	0.6753	1
2170	2285	-15.011	0.000	0.7977	0.5781	1
2170	2286	86.037	0.000	0.8241	0.6058	1
2170	2292	100.053	0.000	0.7254	0.5775	1
2170	2293	-29.974	0.000	0.8246	0.8083	1
2170	2295	56.027	0.000	0.8095	0.5807	1
2170	2306	-56.037	0.000	0.8203	0.6515	1
2170	2309	28.031	0.000	0.8193	0.8505	1
2170	2310	99.058	0.000	0.8402	0.6338	1
2170	2317	26.016	0.000	0.7032	0.6486	1
2170	2320	113.084	0.000	0.7596	0.5020	1
2170	2324	157.074	0.000	0.7958	0.4692	1
2170	2326	-243.086	0.000	0.7128	0.4951	1
2170	2327	70.042	0.000	0.7168	0.5747	1
2170	2333	127.064	0.000	0.8373	0.5721	1
2170	2339	81.076	0.000	0.7528	0.5096	1
2170	2344	28.031	0.000	0.8985	0.7555	1
2170	2347	99.068	0.000	0.8402	0.6338	1
2170	2350	171.090	0.000	0.7788	0.4208	1
2170	2353	-1.979	0.000	0.8999	0.7902	1
2170	2359	-28.990	0.000	0.7852	0.7849	1
2170	2362	99.068	0.000	0.8662	0.6602	1
2170	2363	141.079	0.000	0.7633	0.4768	1
2170	2365	70.042	0.000	0.8189	0.5952	1
2170	2369	-14.974	0.000	0.7147	0.6053	1
2170	2379	67.066	0.000	0.7050	0.5424	1
2170	2381	12.037	0.000	0.7586	0.7264	1
2170	2385	40.032	0.000	0.7001	0.5306	1
2170	2387	141.079	0.000	0.7802	0.4677	1
2170	2392	-0.995	0.000	0.7325	0.6286	1
2170	2393	26.052	0.000	0.7190	0.5772	1
2170	2394	84.058	0.000	0.7086	0.5000	1
2170	2397	100.053	0.000	0.8492	0.5569	1
2170	2401	141.079	0.000	0.8331	0.5445	1
2170	2403	114.068	0.000	0.8272	0.5565	1
2170	2405	171.090	0.000	0.7744	0.4588	1
2170	2408	-29.993	0.000	0.7434	0.6293	1
2170	2409	-28.990	0.000	0.8142	0.7015	1
2170	2414	13.021	0.000	0.7690	0.5070	1
2170	2417	-14.974	0.000	0.8675	0.7034	1
2170	2437	-142.111	0.000	0.8537	0.6947	1
2170	2459	0.948	0.000	0.8690	0.6272	1
2171	2265	116.010	0.000	0.7213	0.6095	1
2171	2278	99.068	0.000	0.8218	0.6478	1
2171	2320	214.095	0.000	0.7089	0.4660	1
2171	2346	-28.991	0.000	0.7030	0.5984	1
2171	2353	99.031	0.000	0.7026	0.5305	1
2171	2379	168.076	0.000	0.7000	0.5716	1
2171	2393	127.063	0.000	0.7498	0.6067	1
2173	2174	-1.149	0.000	0.8603	0.7533	1
2173	2178	16.453	0.000	0.7262	0.7754	1
2173	2181	-0.573	0.000	0.9930	0.9554	1
2173	2219	-163.636	0.000	0.7082	0.4675	1
2173	2236	-97.626	0.000	0.7344	0.5091	1
2173	2316	-71.610	0.000	0.7094	0.5392	1
2173	2357	-129.616	0.000	0.7051	0.4639	1
2173	2383	-115.600	0.000	0.7403	0.4845	1
2173	2400	-87.605	0.000	0.7135	0.5465	1
2173	2402	-57.595	0.000	0.7431	0.6295	1
2174	2177	-0.427	0.000	0.9303	0.9157	1
2174	2178	17.603	0.000	0.7230	0.7698	1
2174	2181	0.576	0.000	0.8507	0.7192	1
2174	2236	-96.477	0.000	0.7074	0.5181	1
2174	2383	-114.451	0.000	0.7364	0.5415	1
2174	2400	-86.456	0.000	0.7033	0.5171	1
2177	2181	1.003	0.000	0.8055	0.6660	1
2178	2181	-17.027	0.000	0.7559	0.8385	1
2179	2297	-25.979	0.000	0.9380	0.6529	1
2179	2416	-25.979	0.000	0.9121	0.6071	1
2179	2444	-25.979	0.000	0.9095	0.6062	1
2180	2182	-237.112	0.000	0.7163	0.5605	1
2180	2220	28.006	0.000	0.7221	0.5108	1
2180	2270	42.022	0.000	0.7825	0.6583	1
2181	2219	-163.063	0.000	0.7045	0.4701	1
2181	2236	-97.053	0.000	0.7303	0.5116	1
2181	2308	-85.053	0.000	0.7207	0.4907	1
2181	2316	-71.037	0.000	0.7771	0.5771	1
2181	2357	-129.043	0.000	0.7055	0.4584	1
2181	2383	-115.027	0.000	0.7630	0.4801	1
2181	2402	-57.021	0.000	0.8296	0.6667	1
2183	2381	257.065	0.000	0.7213	0.5097	1
2184	2221	-0.000	0.000	0.8497	0.6668	1
2185	2201	-146.106	0.000	0.7752	0.7494	1
2186	2187	-63.998	0.000	0.8096	0.7335	1
2187	2233	-0.000	0.000	0.7650	0.6230	1
2189	2191	-0.000	0.000	0.8159	0.7320	1
2189	2223	-30.011	0.000	0.7020	0.6440	1
2189	2267	-15.996	0.000	0.7874	0.6893	1
2189	2376	71.037	0.000	0.7205	0.5998	1
2189	2428	71.037	0.000	0.7003	0.5663	1
2189	2430	71.037	0.000	0.7050	0.5833	1
2190	2191	-71.037	0.000	0.7785	0.6886	1
2190	2194	161.052	0.000	0.7187	0.5531	1
2190	2210	-429.241	0.000	0.7337	0.5662	1
2190	2223	-101.048	0.000	0.7261	0.5596	1
2190	2245	15.995	0.000	0.7919	0.6567	1
2190	2267	-87.032	0.000	0.7300	0.5758	1
2190	2283	32.993	0.000	0.7171	0.5839	1
2190	2288	2.982	0.000	0.7574	0.6184	1
2190	2300	15.995	0.000	0.8196	0.6532	1
2190	2331	15.995	0.000	0.8240	0.6673	1
2190	2376	0.001	0.000	0.9283	0.8262	1
2190	2413	0.001	0.000	0.9509	0.8923	1
2190	2428	0.001	0.000	0.9161	0.7885	1
2190	2430	0.001	0.000	0.9383	0.8361	1
2190	2446	0.001	0.000	0.9297	0.7938	1
2191	2223	-30.011	0.000	0.8196	0.6856	1
2191	2267	-15.995	0.000	0.9095	0.7757	1
2191	2331	87.032	0.000	0.7031	0.5327	1
2191	2376	71.037	0.000	0.8248	0.7446	1
2191	2413	71.037	0.000	0.7933	0.7098	1
2191	2428	71.037	0.000	0.8012	0.6902	1
2191	2430	71.037	0.000	0.8142	0.7219	1
2191	2446	71.037	0.000	0.7918	0.6831	1
2193	2275	-0.000	0.000	0.9979	0.9609	1
2193	2338	0.000	0.000	0.9947	0.9156	1
2193	2452	0.000	0.000	0.9966	0.9609	1
2194	2248	-101.048	0.000	0.7372	0.5626	1
2194	2249	-30.011	0.000	0.8894	0.8344	1
2194	2261	-129.043	0.000	0.7554	0.6117	1
2194	2273	-0.000	0.000	0.7702	0.8368	1
2194	2292	26.016	0.000	0.7850	0.7850	1
2194	2327	-3.995	0.000	0.7931	0.7843	1
2194	2376	-161.051	0.000	0.7412	0.5676	1
2194	2394	10.021	0.000	0.7330	0.7137	1
2194	2413	-161.051	0.000	0.7122	0.5520	1
2194	2430	-161.051	0.000	0.7069	0.5346	1
2194	2464	17.015	0.000	0.7098	0.6230	1
2194	2465	-99.080	0.000	0.7067	0.6015	1
2195	2229	72.021	0.000	0.8496	0.7989	1
2195	2289	-144.054	0.000	0.7717	0.6659	1
2196	2222	130.027	0.000	0.7407	0.4005	1
2196	2323	76.016	0.000	0.7470	0.5385	1
2196	2324	58.990	0.000	0.7179	0.5168	1
2196	2333	28.979	0.000	0.7235	0.5358	1
2196	2339	-17.009	0.000	0.7584	0.6624	1
2196	2362	0.984	0.000	0.8266	0.6336	1
2196	2401	42.995	0.000	0.7114	0.5196	1
2196	2405	73.005	0.000	0.7169	0.5227	1
2197	2218	-146.105	0.000	0.8049	0.4685	1
2197	2241	-0.000	0.000	0.9563	0.6030	1
2197	2260	-40.006	0.000	0.9701	0.8209	1
2197	2380	-40.006	0.000	0.9463	0.7118	1
2197	2463	-288.015	0.000	0.9091	0.5652	1
2198	2213	-57.022	0.000	0.8352	0.6005	1
2198	2234	-58.006	0.000	0.7971	0.7152	1
2198	2238	-30.011	0.000	0.8969	0.6894	1
2198	2251	-26.016	0.000	0.8292	0.8004	1
2198	2264	-58.006	0.000	0.7637	0.5327	1
2198	2268	-205.041	0.000	0.7224	0.3558	1
2198	2269	14.015	0.000	0.9150	0.8534	1
2198	2280	-43.990	0.000	0.7941	0.8028	1
2198	2297	71.037	0.000	0.7060	0.6279	1
2198	2299	-57.022	0.000	0.7301	0.5971	1
2198	2302	-15.995	0.000	0.7773	0.7182	1
2198	2304	-26.016	0.000	0.8274	0.7859	1
2198	2312	-43.006	0.000	0.8164	0.7140	1
2198	2314	-26.016	0.000	0.8041	0.7629	1
2198	2345	-15.995	0.000	0.7851	0.7760	1
2198	2410	-26.016	0.000	0.8175	0.8081	1
2198	2416	71.037	0.000	0.7530	0.6279	1
2198	2427	-32.057	0.000	0.7580	0.6188	1
2198	2431	-291.134	0.000	0.7336	0.4637	1
2198	2432	-170.142	0.000	0.7047	0.4047	1
2198	2439	-32.058	0.000	0.7611	0.6354	1
2198	2444	71.037	0.000	0.7518	0.6279	1
2198	2447	-32.514	0.000	0.7478	0.4897	1
2198	2464	-57.058	0.000	0.7596	0.6121	1
2198	2474	-57.058	0.000	0.7920	0.6404	1
2198	2477	-404.253	0.000	0.7003	0.4503	1
2200	2202	71.037	0.000	0.7892	0.5967	1
2200	2217	-71.038	0.000	0.8232	0.5392	1
2200	2227	-57.022	0.000	0.8445	0.5193	1
2200	2231	-101.048	0.000	0.7775	0.5182	1
2200	2242	-0.000	0.000	0.7241	0.5079	1
2200	2248	-15.995	0.000	0.7213	0.5972	1
2200	2291	-87.032	0.000	0.8034	0.5420	1
2200	2313	-114.043	0.000	0.7278	0.4599	1
2200	2325	0.025	0.000	0.7305	0.4097	1
2202	2207	-115.063	0.000	0.7557	0.5866	1
2202	2209	71.037	0.000	0.8231	0.6450	1
2202	2239	-59.038	0.000	0.7049	0.5611	1
2202	2242	-71.038	0.000	0.8553	0.8131	1
2202	2248	-87.032	0.000	0.7048	0.5515	1
2202	2249	-15.995	0.000	0.7124	0.7638	1
2202	2261	-115.027	0.000	0.7344	0.5799	1
2202	2265	-45.022	0.000	0.7343	0.5967	1
2202	2273	14.016	0.000	0.8846	0.7758	1
2202	2286	26.016	0.000	0.7280	0.8512	1
2202	2292	40.031	0.000	0.7640	0.7799	1
2202	2295	-3.995	0.000	0.7325	0.7526	1
2202	2303	-101.047	0.000	0.8104	0.6807	1
2202	2344	-31.990	0.000	0.7206	0.7312	1
2202	2358	-87.032	0.000	0.8416	0.7414	1
2202	2397	40.031	0.000	0.7285	0.5215	1
2202	2403	54.047	0.000	0.7318	0.7017	1
2202	2414	-47.001	0.000	0.7162	0.6190	1
2202	2459	-59.073	0.000	0.7778	0.6568	1
2203	2209	59.037	0.000	0.8393	0.5769	1
2203	2212	-30.011	0.000	0.8273	0.7145	1
2203	2225	-72.021	0.000	0.7977	0.6417	1
2203	2235	-6.973	0.000	0.8812	0.6008	1
2203	2237	-57.022	0.000	0.8306	0.6005	1
2203	2239	-71.038	0.000	0.7336	0.5533	1
2203	2265	-57.022	0.000	0.8959	0.7214	1
2203	2273	2.015	0.000	0.7827	0.7370	1
2203	2285	-87.032	0.000	0.8695	0.6885	1
2203	2286	14.016	0.000	0.8172	0.6255	1
2203	2295	-15.995	0.000	0.7831	0.6098	1
2203	2306	-128.059	0.000	0.8004	0.5412	1
2203	2310	27.036	0.000	0.7391	0.6566	1
2203	2320	41.063	0.000	0.7223	0.5854	1
2203	2323	102.079	0.000	0.7864	0.4292	1
2203	2324	85.053	0.000	0.8874	0.6199	1
2203	2333	55.042	0.000	0.8507	0.7136	1
2203	2339	9.055	0.000	0.8154	0.5674	1
2203	2344	-43.990	0.000	0.8742	0.6424	1
2203	2347	27.047	0.000	0.7391	0.6566	1
2203	2350	99.068	0.000	0.8061	0.5987	1
2203	2353	-74.000	0.000	0.8030	0.6088	1
2203	2362	27.047	0.000	0.9077	0.7158	1
2203	2363	69.058	0.000	0.7373	0.6041	1
2203	2365	-1.979	0.000	0.9006	0.7229	1
2203	2374	-29.974	0.000	0.7690	0.7653	1
2203	2387	69.058	0.000	0.7421	0.5811	1
2203	2397	28.031	0.000	0.8775	0.6110	1
2203	2401	69.058	0.000	0.9009	0.6651	1
2203	2403	42.047	0.000	0.9105	0.6841	1
2203	2405	99.068	0.000	0.9053	0.6190	1
2203	2409	-101.011	0.000	0.7093	0.4941	1
2203	2414	-59.001	0.000	0.8075	0.5108	1
2203	2417	-86.996	0.000	0.8312	0.6104	1
2203	2433	-201.039	0.000	0.7083	0.3918	1
2203	2437	-214.132	0.000	0.7008	0.4144	1
2203	2459	-71.073	0.000	0.7849	0.5997	1
2205	2206	-146.106	0.000	0.7130	0.7816	1
2205	2211	72.021	0.000	0.9065	0.8484	1
2205	2214	129.042	0.000	0.7971	0.6733	1
2205	2215	-0.983	0.000	0.9126	0.8239	1
2205	2289	-0.984	0.000	0.8549	0.7940	1
2207	2242	44.026	0.000	0.7503	0.6011	1
2207	2273	129.079	0.000	0.7066	0.5135	1
2207	2285	40.031	0.000	0.7726	0.7084	1
2207	2303	14.016	0.000	0.7546	0.5991	1
2207	2358	28.031	0.000	0.8561	0.7589	1
2209	2235	-66.010	0.000	0.9330	0.7516	1
2209	2237	-116.059	0.000	0.7657	0.5218	1
2209	2239	-130.075	0.000	0.7640	0.5102	1
2209	2243	-102.043	0.000	0.7591	0.5566	1
2209	2250	-102.043	0.000	0.7510	0.5502	1
2209	2259	-45.022	0.000	0.7483	0.6176	1
2209	2265	-116.059	0.000	0.8253	0.5192	1
2209	2273	-57.022	0.000	0.8277	0.6196	1
2209	2285	-146.069	0.000	0.7480	0.3896	1
2209	2292	-31.006	0.000	0.7167	0.5783	1
2209	2295	-75.032	0.000	0.8304	0.5766	1
2209	2306	-187.096	0.000	0.7311	0.3530	1
2209	2310	-32.001	0.000	0.7660	0.6278	1
2209	2312	-25.954	0.000	0.7458	0.5162	1
2209	2320	-17.974	0.000	0.8390	0.6841	1
2209	2324	26.016	0.000	0.8961	0.7453	1
2209	2327	-61.016	0.000	0.7036	0.5116	1
2209	2333	-3.995	0.000	0.9237	0.7963	1
2209	2339	-49.982	0.000	0.8178	0.5369	1
2209	2344	-103.027	0.000	0.8084	0.5186	1
2209	2347	-31.990	0.000	0.7660	0.6278	1
2209	2350	40.031	0.000	0.8305	0.7803	1
2209	2353	-133.037	0.000	0.8235	0.5607	1
2209	2356	-16.990	0.000	0.7567	0.6363	1
2209	2362	-31.990	0.000	0.9163	0.7178	1
2209	2363	10.021	0.000	0.8317	0.7031	1
2209	2365	-61.016	0.000	0.8332	0.5889	1
2209	2385	-91.027	0.000	0.7015	0.4535	1
2209	2387	10.021	0.000	0.8691	0.8161	1
2209	2388	-17.974	0.000	0.7122	0.4446	1
2209	2397	-31.006	0.000	0.9533	0.8753	1
2209	2401	10.021	0.000	0.9174	0.7867	1
2209	2403	-16.990	0.000	0.9269	0.8049	1
2209	2405	40.031	0.000	0.8728	0.7453	1
2209	2409	-160.048	0.000	0.7036	0.4528	1
2209	2414	-118.038	0.000	0.8111	0.5159	1
2209	2417	-146.033	0.000	0.7625	0.4472	1
2209	2437	-273.169	0.000	0.7287	0.4029	1
2209	2459	-130.111	0.000	0.8430	0.6697	1
2210	2227	448.219	0.000	0.7398	0.5585	1
2210	2245	445.236	0.000	0.9310	0.7985	1
2210	2248	489.245	0.000	0.7027	0.5476	1
2210	2283	462.234	0.000	0.7491	0.6111	1
2210	2288	432.224	0.000	0.7953	0.5887	1
2210	2300	445.237	0.000	0.9115	0.7962	1
2210	2328	405.212	0.000	0.7003	0.4957	1
2210	2331	445.237	0.000	0.9010	0.7731	1
2210	2376	429.242	0.000	0.7111	0.5304	1
2210	2413	429.242	0.000	0.7272	0.5489	1
2210	2430	429.242	0.000	0.7064	0.4912	1
2210	2446	429.242	0.000	0.7121	0.5409	1
2211	2214	57.021	0.000	0.8167	0.7195	1
2211	2307	-0.984	0.000	0.8073	0.7105	1
2212	2225	-42.011	0.000	0.8423	0.7042	1
2212	2235	23.037	0.000	0.7054	0.5450	1
2212	2237	-27.011	0.000	0.7932	0.5877	1
2212	2239	-41.027	0.000	0.7171	0.5696	1
2212	2265	-27.011	0.000	0.8141	0.7188	1
2212	2286	44.026	0.000	0.7634	0.5206	1
2212	2306	-98.048	0.000	0.7035	0.6076	1
2212	2324	115.063	0.000	0.7162	0.5722	1
2212	2344	-13.979	0.000	0.7379	0.5178	1
2212	2350	129.079	0.000	0.7101	0.4323	1
2212	2363	99.068	0.000	0.7192	0.5478	1
2212	2365	28.031	0.000	0.7735	0.5506	1
2212	2385	-1.979	0.000	0.7383	0.6272	1
2212	2387	99.068	0.000	0.7721	0.6435	1
2212	2401	99.068	0.000	0.7391	0.5725	1
2212	2403	72.057	0.000	0.7195	0.5039	1
2212	2414	-28.990	0.000	0.8055	0.6821	1
2212	2417	-56.985	0.000	0.7005	0.4844	1
2212	2459	-41.063	0.000	0.7735	0.5571	1
2213	2234	-0.984	0.000	0.8080	0.5917	1
2213	2238	27.011	0.000	0.8957	0.7925	1
2213	2251	31.006	0.000	0.8090	0.5235	1
2213	2263	-30.011	0.000	0.8435	0.6890	1
2213	2264	-0.984	0.000	0.7488	0.5866	1
2213	2268	-148.020	0.000	0.7360	0.4608	1
2213	2269	71.037	0.000	0.8941	0.6389	1
2213	2280	13.032	0.000	0.8364	0.6243	1
2213	2298	59.037	0.000	0.7040	0.5035	1
2213	2299	0.000	0.000	0.7558	0.5562	1
2213	2302	41.027	0.000	0.8406	0.6557	1
2213	2304	31.006	0.000	0.8084	0.5271	1
2213	2312	14.016	0.000	0.8473	0.6075	1
2213	2314	31.006	0.000	0.7781	0.4883	1
2213	2345	41.027	0.000	0.8209	0.5990	1
2213	2410	31.006	0.000	0.8008	0.5458	1
2213	2427	24.964	0.000	0.7534	0.5462	1
2213	2431	-234.112	0.000	0.7257	0.4466	1
2213	2439	24.964	0.000	0.7679	0.5802	1
2213	2447	24.508	0.000	0.7496	0.4909	1
2213	2464	-0.036	0.000	0.7982	0.5565	1
2213	2474	-0.036	0.000	0.8074	0.5565	1
2213	2477	-347.232	0.000	0.7152	0.4694	1
2214	2307	-58.005	0.000	0.7449	0.6825	1
2215	2289	-0.001	0.000	0.8687	0.8354	1
2215	2307	72.020	0.000	0.8133	0.7507	1
2216	2257	14.015	0.000	0.9324	0.8443	1
2216	2284	14.015	0.000	0.9270	0.8283	1
2217	2227	14.016	0.000	0.9423	0.7369	1
2217	2231	-30.010	0.000	0.8992	0.7346	1
2217	2242	71.038	0.000	0.8460	0.7062	1
2217	2291	-15.994	0.000	0.9249	0.7657	1
2217	2313	-43.005	0.000	0.8779	0.6695	1
2217	2325	71.063	0.000	0.7495	0.5801	1
2218	2241	146.105	0.000	0.8195	0.4958	1
2218	2463	-141.910	0.000	0.8151	0.5217	1
2219	2224	20.989	0.000	0.7650	0.7000	1
2219	2236	66.010	0.000	0.8687	0.7331	1
2219	2262	35.005	0.000	0.7371	0.7109	1
2219	2276	92.026	0.000	0.8146	0.7683	1
2219	2277	-9.021	0.000	0.7254	0.5492	1
2219	2315	48.037	0.000	0.7828	0.6851	1
2219	2316	92.026	0.000	0.8893	0.7738	1
2219	2318	106.042	0.000	0.7550	0.7023	1
2219	2322	-23.001	0.000	0.7452	0.6222	1
2219	2329	106.017	0.000	0.7524	0.7023	1
2219	2341	-25.016	0.000	0.7031	0.5273	1
2219	2348	49.020	0.000	0.7703	0.6488	1
2219	2357	34.021	0.000	0.9153	0.7955	1
2219	2370	76.031	0.000	0.8576	0.8257	1
2219	2383	48.036	0.000	0.9085	0.7836	1
2219	2398	35.005	0.000	0.8365	0.7008	1
2219	2400	76.031	0.000	0.8656	0.8026	1
2219	2402	106.042	0.000	0.7927	0.6540	1
2219	2404	49.020	0.000	0.8381	0.6834	1
2220	2270	14.016	0.000	0.9060	0.7400	1
2222	2323	-54.011	0.000	0.9712	0.7798	1
2222	2324	-71.037	0.000	0.8777	0.5465	1
2222	2333	-101.048	0.000	0.7314	0.3628	1
2222	2362	-129.043	0.000	0.8117	0.3739	1
2222	2405	-57.021	0.000	0.9141	0.5766	1
2223	2267	14.016	0.000	0.8895	0.7827	1
2223	2376	101.048	0.000	0.7247	0.5520	1
2223	2413	101.048	0.000	0.7270	0.5512	1
2223	2428	101.048	0.000	0.7109	0.5203	1
2223	2430	101.048	0.000	0.7267	0.5328	1
2223	2446	101.048	0.000	0.7210	0.5255	1
2224	2236	45.021	0.000	0.7186	0.5975	1
2224	2259	28.006	0.000	0.7203	0.5747	1
2224	2262	14.016	0.000	0.8662	0.7847	1
2224	2276	71.037	0.000	0.8771	0.7470	1
2224	2294	-15.995	0.000	0.7294	0.6132	1
2224	2315	27.047	0.000	0.7818	0.6925	1
2224	2316	71.037	0.000	0.7381	0.7509	1
2224	2318	85.053	0.000	0.7337	0.6511	1
2224	2322	-43.990	0.000	0.8095	0.6768	1
2224	2329	85.028	0.000	0.7363	0.6511	1
2224	2348	28.031	0.000	0.7444	0.5765	1
2224	2351	55.042	0.000	0.7343	0.6672	1
2224	2370	55.042	0.000	0.7706	0.6336	1
2224	2388	55.053	0.000	0.7147	0.6715	1
2224	2400	55.042	0.000	0.7564	0.6979	1
2225	2237	14.999	0.000	0.8322	0.6120	1
2225	2239	0.984	0.000	0.7984	0.6773	1
2225	2265	14.999	0.000	0.7977	0.6568	1
2225	2273	74.037	0.000	0.7091	0.5850	1
2225	2285	-15.011	0.000	0.7375	0.5555	1
2225	2286	86.037	0.000	0.7776	0.5360	1
2225	2293	-29.974	0.000	0.7314	0.7098	1
2225	2294	42.036	0.000	0.7687	0.7001	1
2225	2295	56.026	0.000	0.7025	0.4928	1
2225	2306	-56.038	0.000	0.7505	0.6487	1
2225	2310	99.058	0.000	0.7411	0.5441	1
2225	2333	127.064	0.000	0.7147	0.4702	1
2225	2344	28.031	0.000	0.8075	0.6860	1
2225	2347	99.068	0.000	0.7411	0.5441	1
2225	2350	171.090	0.000	0.7204	0.4214	1
2225	2353	-1.979	0.000	0.7969	0.6629	1
2225	2362	99.068	0.000	0.7328	0.5205	1
2225	2365	70.042	0.000	0.7601	0.5038	1
2225	2374	42.047	0.000	0.8346	0.6044	1
2225	2401	141.079	0.000	0.7133	0.4494	1
2225	2403	114.068	0.000	0.7316	0.4707	1
2225	2408	-29.993	0.000	0.7102	0.6437	1
2225	2409	-28.990	0.000	0.7425	0.6515	1
2225	2417	-14.975	0.000	0.7409	0.5717	1
2225	2437	-142.111	0.000	0.7436	0.6139	1
2225	2459	0.948	0.000	0.8459	0.6330	1
2226	2287	-79.966	0.000	0.7738	0.6287	1
2227	2230	85.053	0.000	0.7007	0.5757	1
2227	2231	-44.026	0.000	0.9148	0.7158	1
2227	2242	57.021	0.000	0.7831	0.5683	1
2227	2245	-2.982	0.000	0.7216	0.5492	1
2227	2283	14.016	0.000	0.8303	0.7229	1
2227	2288	-15.995	0.000	0.7191	0.5133	1
2227	2291	-30.010	0.000	0.9445	0.7680	1
2227	2300	-2.982	0.000	0.7475	0.5996	1
2227	2313	-57.021	0.000	0.8755	0.6396	1
2227	2325	57.047	0.000	0.7789	0.5226	1
2227	2331	-2.982	0.000	0.7665	0.6286	1
2230	2249	27.011	0.000	0.7334	0.6194	1
2230	2288	-101.048	0.000	0.7102	0.6099	1
2230	2300	-88.035	0.000	0.7232	0.5478	1
2230	2331	-88.035	0.000	0.7347	0.5868	1
2230	2376	-104.029	0.000	0.7492	0.6759	1
2230	2413	-104.029	0.000	0.7186	0.6241	1
2231	2242	101.048	0.000	0.7680	0.6140	1
2231	2291	14.016	0.000	0.9518	0.8477	1
2231	2303	71.038	0.000	0.8588	0.7932	1
2231	2313	-12.995	0.000	0.8612	0.6638	1
2234	2238	27.995	0.000	0.7297	0.6542	1
2234	2251	31.990	0.000	0.9114	0.7168	1
2234	2263	-29.027	0.000	0.7619	0.5786	1
2234	2264	-0.000	0.000	0.8172	0.8321	1
2234	2269	72.021	0.000	0.9075	0.6740	1
2234	2280	14.016	0.000	0.9462	0.7470	1
2234	2297	129.043	0.000	0.8575	0.4960	1
2234	2298	60.021	0.000	0.7778	0.5355	1
2234	2299	0.984	0.000	0.8926	0.7496	1
2234	2302	42.011	0.000	0.9529	0.7640	1
2234	2304	31.990	0.000	0.9102	0.6829	1
2234	2305	18.958	0.000	0.7535	0.6067	1
2234	2312	15.000	0.000	0.9116	0.6771	1
2234	2314	31.990	0.000	0.8931	0.7156	1
2234	2345	42.011	0.000	0.9482	0.7773	1
2234	2364	-56.037	0.000	0.7154	0.5414	1
2234	2410	31.990	0.000	0.9006	0.7017	1
2234	2416	129.043	0.000	0.8314	0.4960	1
2234	2427	25.948	0.000	0.7898	0.5880	1
2234	2431	-233.128	0.000	0.7747	0.5080	1
2234	2439	25.948	0.000	0.8023	0.6044	1
2234	2444	129.043	0.000	0.8304	0.4960	1
2234	2447	25.492	0.000	0.7774	0.4987	1
2234	2464	0.948	0.000	0.8627	0.7130	1
2234	2474	0.948	0.000	0.8469	0.6789	1
2234	2477	-346.248	0.000	0.7401	0.5119	1
2235	2237	-50.048	0.000	0.8047	0.5860	1
2235	2239	-64.064	0.000	0.7509	0.5137	1
2235	2243	-36.033	0.000	0.7044	0.5830	1
2235	2259	20.989	0.000	0.7230	0.6112	1
2235	2265	-50.048	0.000	0.8434	0.5782	1
2235	2273	8.989	0.000	0.7253	0.6123	1
2235	2285	-80.059	0.000	0.7723	0.4237	1
2235	2286	20.989	0.000	0.8481	0.6629	1
2235	2292	35.005	0.000	0.7307	0.6138	1
2235	2295	-9.021	0.000	0.8423	0.6325	1
2235	2306	-121.085	0.000	0.7120	0.3397	1
2235	2310	34.010	0.000	0.7916	0.6596	1
2235	2320	48.036	0.000	0.8462	0.7256	1
2235	2323	109.053	0.000	0.8168	0.4742	1
2235	2324	92.026	0.000	0.9539	0.7318	1
2235	2327	4.994	0.000	0.7117	0.5759	1
2235	2333	62.016	0.000	0.9314	0.7407	1
2235	2334	61.013	0.000	0.7459	0.6785	1
2235	2339	16.028	0.000	0.8452	0.5595	1
2235	2344	-37.016	0.000	0.8587	0.5268	1
2235	2347	34.020	0.000	0.7916	0.6596	1
2235	2350	106.042	0.000	0.8796	0.6779	1
2235	2353	-67.027	0.000	0.8348	0.5394	1
2235	2356	49.020	0.000	0.7703	0.6860	1
2235	2362	34.020	0.000	0.9515	0.7588	1
2235	2363	76.031	0.000	0.8411	0.7389	1
2235	2365	4.994	0.000	0.8699	0.6431	1
2235	2385	-25.016	0.000	0.7206	0.5463	1
2235	2387	76.031	0.000	0.8707	0.7407	1
2235	2393	-38.996	0.000	0.7145	0.5535	1
2235	2394	19.010	0.000	0.7276	0.6035	1
2235	2397	35.005	0.000	0.9546	0.7653	1
2235	2401	76.031	0.000	0.9565	0.7570	1
2235	2403	49.020	0.000	0.9535	0.8063	1
2235	2405	106.042	0.000	0.9414	0.7295	1
2235	2409	-94.038	0.000	0.7554	0.5169	1
2235	2414	-52.027	0.000	0.8608	0.6291	1
2235	2417	-80.022	0.000	0.8154	0.4940	1
2235	2433	-194.066	0.000	0.7410	0.3982	1
2235	2437	-207.159	0.000	0.7240	0.3851	1
2235	2459	-64.100	0.000	0.8188	0.6402	1
2236	2276	26.016	0.000	0.8367	0.8139	1
2236	2277	-75.032	0.000	0.8014	0.6277	1
2236	2308	12.000	0.000	0.7389	0.6861	1
2236	2315	-17.974	0.000	0.8042	0.7514	1
2236	2316	26.016	0.000	0.8908	0.7995	1
2236	2318	40.031	0.000	0.7828	0.7187	1
2236	2322	-89.011	0.000	0.7003	0.5691	1
2236	2329	40.006	0.000	0.7826	0.7187	1
2236	2348	-16.990	0.000	0.7889	0.6730	1
2236	2351	10.021	0.000	0.7162	0.7026	1
2236	2357	-31.990	0.000	0.8924	0.7245	1
2236	2370	10.021	0.000	0.7932	0.7182	1
2236	2383	-17.974	0.000	0.8804	0.7229	1
2236	2398	-31.006	0.000	0.8715	0.7181	1
2236	2400	10.021	0.000	0.8493	0.7636	1
2236	2402	40.031	0.000	0.8023	0.7020	1
2236	2404	-16.990	0.000	0.8841	0.7608	1
2236	2466	-128.095	0.000	0.7078	0.5311	1
2237	2239	-14.016	0.000	0.8658	0.7030	1
2237	2265	0.000	0.000	0.8291	0.6416	1
2237	2273	59.037	0.000	0.7005	0.5558	1
2237	2285	-30.010	0.000	0.8119	0.6066	1
2237	2286	71.038	0.000	0.8367	0.6637	1
2237	2295	41.027	0.000	0.7250	0.5327	1
2237	2306	-71.037	0.000	0.7596	0.5434	1
2237	2320	98.085	0.000	0.7597	0.6171	1
2237	2321	-128.891	0.000	0.7624	0.5063	1
2237	2324	142.075	0.000	0.7640	0.4848	1
2237	2333	112.064	0.000	0.7451	0.4674	1
2237	2336	-129.042	0.000	0.7138	0.4618	1
2237	2339	66.077	0.000	0.7349	0.4945	1
2237	2344	13.032	0.000	0.8138	0.5749	1
2237	2350	156.090	0.000	0.7332	0.4568	1
2237	2353	-16.978	0.000	0.7570	0.5725	1
2237	2362	84.069	0.000	0.7987	0.5710	1
2237	2363	126.080	0.000	0.7165	0.5270	1
2237	2365	55.043	0.000	0.8174	0.5592	1
2237	2387	126.080	0.000	0.7208	0.5108	1
2237	2397	85.053	0.000	0.8203	0.5464	1
2237	2401	126.080	0.000	0.8277	0.6120	1
2237	2403	99.069	0.000	0.8377	0.6340	1
2237	2405	156.090	0.000	0.7657	0.4624	1
2237	2414	-1.979	0.000	0.7910	0.5783	1
2237	2417	-29.974	0.000	0.8932	0.7198	1
2237	2437	-157.111	0.000	0.7135	0.4687	1
2237	2459	-14.052	0.000	0.9100	0.7645	1
2238	2251	3.995	0.000	0.7682	0.6015	1
2238	2263	-57.022	0.000	0.7248	0.6013	1
2238	2264	-27.995	0.000	0.7707	0.7282	1
2238	2268	-175.031	0.000	0.7906	0.5325	1
2238	2269	44.026	0.000	0.8365	0.6299	1
2238	2280	-13.979	0.000	0.7511	0.7541	1
2238	2302	14.016	0.000	0.7331	0.6503	1
2238	2304	3.995	0.000	0.7570	0.5619	1
2238	2312	-12.995	0.000	0.7308	0.5948	1
2238	2314	3.995	0.000	0.7385	0.5619	1
2238	2345	14.016	0.000	0.7256	0.6397	1
2238	2410	3.995	0.000	0.7542	0.6062	1
2238	2464	-27.047	0.000	0.7354	0.6094	1
2238	2474	-27.047	0.000	0.7672	0.5920	1
2239	2243	28.032	0.000	0.7637	0.6343	1
2239	2250	28.032	0.000	0.7601	0.6170	1
2239	2259	85.053	0.000	0.7349	0.5524	1
2239	2265	14.016	0.000	0.7772	0.6363	1
2239	2273	73.053	0.000	0.7232	0.5999	1
2239	2285	-15.994	0.000	0.7651	0.6338	1
2239	2286	85.053	0.000	0.8275	0.6362	1
2239	2292	99.069	0.000	0.7704	0.5896	1
2239	2293	-30.958	0.000	0.7077	0.6375	1
2239	2295	55.043	0.000	0.8257	0.6630	1
2239	2306	-57.021	0.000	0.7392	0.6016	1
2239	2309	27.048	0.000	0.7445	0.7350	1
2239	2310	98.074	0.000	0.7544	0.5467	1
2239	2317	25.032	0.000	0.7046	0.6232	1
2239	2320	112.100	0.000	0.7521	0.5249	1
2239	2321	-114.875	0.000	0.7156	0.4937	1
2239	2324	156.090	0.000	0.7278	0.4678	1
2239	2333	126.080	0.000	0.7829	0.5543	1
2239	2339	80.092	0.000	0.7222	0.5423	1
2239	2344	27.048	0.000	0.7693	0.6202	1
2239	2347	98.085	0.000	0.7544	0.5467	1
2239	2349	12.037	0.000	0.7977	0.6941	1
2239	2350	170.106	0.000	0.7563	0.4096	1
2239	2353	-2.963	0.000	0.7775	0.5899	1
2239	2359	-29.974	0.000	0.7025	0.6769	1
2239	2360	39.048	0.000	0.7014	0.6122	1
2239	2362	98.085	0.000	0.7697	0.5777	1
2239	2363	140.096	0.000	0.7249	0.4241	1
2239	2365	69.058	0.000	0.7986	0.6205	1
2239	2369	-15.958	0.000	0.8002	0.6863	1
2239	2379	66.082	0.000	0.7219	0.6250	1
2239	2384	-120.068	0.000	0.7053	0.6500	1
2239	2385	39.048	0.000	0.7500	0.5831	1
2239	2387	140.096	0.000	0.7469	0.4243	1
2239	2392	-1.979	0.000	0.7988	0.6754	1
2239	2393	25.069	0.000	0.7050	0.5640	1
2239	2394	83.074	0.000	0.7213	0.4862	1
2239	2397	99.069	0.000	0.7811	0.5047	1
2239	2401	140.096	0.000	0.7472	0.4851	1
2239	2403	113.085	0.000	0.7681	0.5582	1
2239	2409	-29.974	0.000	0.7364	0.6527	1
2239	2414	12.037	0.000	0.7534	0.6151	1
2239	2417	-15.958	0.000	0.7363	0.6018	1
2239	2437	-143.095	0.000	0.7734	0.6256	1
2239	2459	-0.036	0.000	0.9267	0.7716	1
2240	2396	-129.042	0.000	0.7546	0.5105	1
2241	2260	-40.006	0.000	0.9641	0.6991	1
2241	2380	-40.006	0.000	0.9677	0.7149	1
2241	2463	-288.015	0.000	0.9302	0.6302	1
2242	2243	40.032	0.000	0.7502	0.6369	1
2242	2248	-15.995	0.000	0.7090	0.6087	1
2242	2250	40.032	0.000	0.7464	0.6010	1
2242	2273	85.053	0.000	0.7452	0.5651	1
2242	2291	-87.032	0.000	0.7969	0.6558	1
2242	2303	-30.010	0.000	0.8997	0.8359	1
2242	2313	-114.043	0.000	0.7671	0.6073	1
2242	2358	-15.994	0.000	0.9128	0.8708	1
2243	2250	-0.000	0.000	0.9633	0.8670	1
2243	2259	57.021	0.000	0.7898	0.6263	1
2243	2286	57.022	0.000	0.8263	0.7635	1
2243	2292	71.037	0.000	0.8538	0.6432	1
2243	2295	27.011	0.000	0.7640	0.6343	1
2243	2309	-0.984	0.000	0.7443	0.6163	1
2243	2310	70.042	0.000	0.7042	0.5217	1
2243	2320	84.069	0.000	0.7309	0.5131	1
2243	2327	41.027	0.000	0.7243	0.6396	1
2243	2333	98.048	0.000	0.7386	0.5412	1
2243	2344	-0.984	0.000	0.7055	0.6968	1
2243	2347	70.053	0.000	0.7042	0.5217	1
2243	2349	-15.995	0.000	0.7638	0.6272	1
2243	2350	142.074	0.000	0.7582	0.4824	1
2243	2353	-30.994	0.000	0.7335	0.6046	1
2243	2359	-58.005	0.000	0.7042	0.6699	1
2243	2362	70.053	0.000	0.7115	0.5847	1
2243	2363	112.064	0.000	0.7022	0.4284	1
2243	2365	41.027	0.000	0.7125	0.6278	1
2243	2387	112.064	0.000	0.7419	0.4657	1
2243	2397	71.037	0.000	0.7662	0.5911	1
2243	2403	85.053	0.000	0.7152	0.5774	1
2243	2409	-58.005	0.000	0.7501	0.7197	1
2243	2459	-28.068	0.000	0.8494	0.7042	1
2244	2247	-1.003	0.000	0.8068	0.6797	1
2245	2248	44.009	0.000	0.7884	0.6277	1
2245	2283	16.998	0.000	0.7581	0.6202	1
2245	2288	-13.013	0.000	0.8142	0.6065	1
2245	2300	0.000	0.000	0.9260	0.8235	1
2245	2328	-40.024	0.000	0.7395	0.5601	1
2245	2331	0.000	0.000	0.9115	0.7856	1
2245	2351	184.093	0.000	0.7192	0.6460	1
2245	2376	-15.994	0.000	0.7697	0.6130	1
2245	2413	-15.994	0.000	0.7667	0.6021	1
2245	2428	-15.994	0.000	0.7430	0.5698	1
2245	2430	-15.994	0.000	0.7651	0.6020	1
2245	2446	-15.994	0.000	0.7701	0.6433	1
2248	2249	71.037	0.000	0.7991	0.6752	1
2248	2261	-27.995	0.000	0.7980	0.6722	1
2248	2273	101.048	0.000	0.7757	0.6873	1
2248	2288	-57.022	0.000	0.7005	0.5957	1
2248	2300	-44.009	0.000	0.7264	0.5326	1
2248	2331	-44.009	0.000	0.7270	0.5397	1
2249	2252	12.037	0.000	0.7378	0.6743	1
2249	2273	30.011	0.000	0.8347	0.8347	1
2249	2278	-45.969	0.000	0.7248	0.6835	1
2249	2288	-128.059	0.000	0.7228	0.5884	1
2249	2295	12.001	0.000	0.7031	0.6392	1
2249	2300	-115.046	0.000	0.7196	0.6079	1
2249	2327	26.016	0.000	0.7146	0.6840	1
2249	2331	-115.046	0.000	0.7263	0.6268	1
2249	2351	69.047	0.000	0.7360	0.6784	1
2249	2360	-3.994	0.000	0.7633	0.7612	1
2249	2376	-131.040	0.000	0.7068	0.6199	1
2249	2381	-31.989	0.000	0.7080	0.6376	1
2249	2385	-3.994	0.000	0.8181	0.7412	1
2249	2394	40.032	0.000	0.8093	0.7661	1
2249	2400	69.047	0.000	0.7242	0.6118	1
2249	2459	-43.078	0.000	0.7022	0.6145	1
2249	2465	-69.069	0.000	0.7629	0.6366	1
2249	2466	-69.069	0.000	0.7194	0.5470	1
2249	2473	-69.069	0.000	0.7140	0.5637	1
2250	2259	57.021	0.000	0.7912	0.6732	1
2250	2286	57.022	0.000	0.8331	0.7842	1
2250	2292	71.037	0.000	0.8687	0.7296	1
2250	2295	27.011	0.000	0.7544	0.6086	1
2250	2309	-0.984	0.000	0.7330	0.6078	1
2250	2320	84.069	0.000	0.7055	0.4767	1
2250	2327	41.027	0.000	0.7246	0.6495	1
2250	2333	98.048	0.000	0.7363	0.5484	1
2250	2349	-15.995	0.000	0.7605	0.6431	1
2250	2350	142.074	0.000	0.7448	0.4767	1
2250	2353	-30.994	0.000	0.7062	0.5323	1
2250	2362	70.053	0.000	0.7000	0.6056	1
2250	2363	112.064	0.000	0.7032	0.4625	1
2250	2365	41.027	0.000	0.7064	0.6085	1
2250	2387	112.064	0.000	0.7274	0.4448	1
2250	2397	71.037	0.000	0.7571	0.5962	1
2250	2403	85.053	0.000	0.7137	0.5901	1
2250	2409	-58.005	0.000	0.7232	0.5994	1
2250	2459	-28.067	0.000	0.8486	0.7454	1
2251	2263	-61.017	0.000	0.7610	0.5369	1
2251	2264	-31.990	0.000	0.7282	0.5417	1
2251	2269	40.031	0.000	0.8737	0.6529	1
2251	2280	-17.974	0.000	0.9098	0.7090	1
2251	2297	97.053	0.000	0.8023	0.4299	1
2251	2298	28.032	0.000	0.7601	0.5932	1
2251	2299	-31.006	0.000	0.8730	0.6271	1
2251	2301	-14.035	0.000	0.7045	0.6057	1
2251	2302	10.021	0.000	0.9077	0.7088	1
2251	2304	0.000	0.000	0.9773	0.8555	1
2251	2305	-13.031	0.000	0.8114	0.6294	1
2251	2312	-16.990	0.000	0.8973	0.6426	1
2251	2314	0.000	0.000	0.9733	0.8647	1
2251	2345	10.021	0.000	0.9218	0.7607	1
2251	2410	0.000	0.000	0.9706	0.8338	1
2251	2416	97.053	0.000	0.7828	0.4299	1
2251	2427	-6.041	0.000	0.8263	0.5846	1
2251	2431	-265.118	0.000	0.8072	0.4583	1
2251	2439	-6.042	0.000	0.8313	0.5819	1
2251	2444	97.053	0.000	0.7791	0.4299	1
2251	2447	-6.498	0.000	0.8105	0.4550	1
2251	2464	-31.042	0.000	0.8899	0.7593	1
2251	2474	-31.042	0.000	0.8865	0.7593	1
2251	2477	-378.237	0.000	0.8234	0.5726	1
2252	2273	17.974	0.000	0.7657	0.7008	1
2252	2278	-58.005	0.000	0.7447	0.6348	1
2252	2292	43.990	0.000	0.7489	0.6760	1
2252	2295	-0.036	0.000	0.7419	0.6909	1
2252	2310	42.995	0.000	0.7400	0.6321	1
2252	2320	57.022	0.000	0.7199	0.5454	1
2252	2327	13.980	0.000	0.7677	0.6841	1
2252	2347	43.006	0.000	0.7400	0.6321	1
2252	2353	-58.042	0.000	0.7106	0.5980	1
2252	2394	27.995	0.000	0.7714	0.6463	1
2254	2311	0.000	0.000	0.8981	0.8336	1
2254	2456	-137.058	0.000	0.8222	0.7455	1
2256	2276	91.016	0.000	0.7192	0.6170	1
2256	2357	33.010	0.000	0.7110	0.5501	1
2256	2371	-162.053	0.000	0.8379	0.7071	1
2257	2284	0.000	0.000	0.9685	0.8867	1
2258	2279	0.000	0.000	0.9169	0.7362	1
2259	2278	-87.980	0.000	0.7459	0.5736	1
2259	2286	0.000	0.000	0.8288	0.7966	1
2259	2292	14.016	0.000	0.9298	0.7773	1
2259	2293	-116.011	0.000	0.7161	0.5137	1
2259	2295	-30.010	0.000	0.8595	0.7181	1
2259	2309	-58.005	0.000	0.8733	0.6877	1
2259	2310	13.021	0.000	0.7624	0.6153	1
2259	2317	-60.021	0.000	0.7836	0.5391	1
2259	2320	27.047	0.000	0.8273	0.6176	1
2259	2324	71.037	0.000	0.7058	0.5939	1
2259	2327	-15.995	0.000	0.8282	0.5868	1
2259	2333	41.027	0.000	0.8368	0.7276	1
2259	2347	13.032	0.000	0.7624	0.6153	1
2259	2349	-73.016	0.000	0.7728	0.5567	1
2259	2350	85.053	0.000	0.8142	0.6160	1
2259	2353	-88.016	0.000	0.7174	0.5403	1
2259	2356	28.031	0.000	0.7306	0.6118	1
2259	2360	-46.005	0.000	0.7336	0.4990	1
2259	2362	13.032	0.000	0.7144	0.6666	1
2259	2363	55.042	0.000	0.8336	0.6321	1
2259	2365	-15.995	0.000	0.7069	0.5861	1
2259	2381	-74.000	0.000	0.7626	0.5061	1
2259	2385	-46.005	0.000	0.7404	0.4918	1
2259	2387	55.043	0.000	0.8600	0.6174	1
2259	2393	-59.984	0.000	0.7673	0.5370	1
2259	2394	-1.979	0.000	0.7708	0.5493	1
2259	2397	14.016	0.000	0.7856	0.6164	1
2259	2401	55.043	0.000	0.7325	0.6004	1
2259	2459	-85.089	0.000	0.7616	0.6701	1
2260	2380	0.000	0.000	0.9593	0.7927	1
2261	2273	129.043	0.000	0.8589	0.7205	1
2262	2276	57.021	0.000	0.7416	0.6179	1
2262	2292	28.006	0.000	0.7829	0.6748	1
2262	2294	-30.010	0.000	0.8325	0.7072	1
2262	2315	13.032	0.000	0.7132	0.6072	1
2262	2318	71.037	0.000	0.7305	0.6373	1
2262	2322	-58.006	0.000	0.8243	0.7345	1
2262	2329	71.012	0.000	0.7401	0.6373	1
2262	2341	-60.021	0.000	0.7969	0.5903	1
2262	2351	41.027	0.000	0.7544	0.6600	1
2262	2370	41.027	0.000	0.7504	0.6356	1
2262	2388	41.037	0.000	0.8343	0.7508	1
2262	2400	41.026	0.000	0.8038	0.7132	1
2263	2269	101.048	0.000	0.7605	0.4325	1
2263	2280	43.043	0.000	0.7668	0.5111	1
2263	2298	89.048	0.000	0.7396	0.5369	1
2263	2302	71.037	0.000	0.7643	0.5089	1
2263	2304	61.017	0.000	0.7494	0.4547	1
2263	2312	44.027	0.000	0.7661	0.4878	1
2263	2314	61.017	0.000	0.7407	0.4799	1
2263	2345	71.037	0.000	0.7979	0.5833	1
2263	2410	61.017	0.000	0.7490	0.5096	1
2263	2427	54.975	0.000	0.7055	0.4611	1
2263	2464	29.975	0.000	0.7080	0.3901	1
2263	2474	29.975	0.000	0.7147	0.4152	1
2264	2268	-147.036	0.000	0.7870	0.5517	1
2264	2269	72.021	0.000	0.7344	0.4854	1
2264	2280	14.016	0.000	0.7308	0.6494	1
2264	2299	0.984	0.000	0.8132	0.7805	1
2264	2302	42.011	0.000	0.7381	0.6739	1
2264	2304	31.990	0.000	0.7238	0.5034	1
2264	2314	31.990	0.000	0.7238	0.5814	1
2264	2345	42.011	0.000	0.7600	0.6847	1
2264	2410	31.990	0.000	0.7145	0.5200	1
2264	2464	0.948	0.000	0.7677	0.6808	1
2264	2474	0.948	0.000	0.7823	0.6498	1
2265	2273	59.037	0.000	0.7495	0.6255	1
2265	2285	-30.010	0.000	0.8056	0.6033	1
2265	2286	71.038	0.000	0.8185	0.6208	1
2265	2292	85.053	0.000	0.7001	0.5403	1
2265	2295	41.027	0.000	0.7853	0.6104	1
2265	2306	-71.037	0.000	0.7852	0.5741	1
2265	2310	84.058	0.000	0.7053	0.5117	1
2265	2320	98.085	0.000	0.7842	0.5892	1
2265	2324	142.075	0.000	0.8310	0.5563	1
2265	2333	112.064	0.000	0.7838	0.4347	1
2265	2339	66.077	0.000	0.7691	0.5188	1
2265	2344	13.032	0.000	0.8062	0.5858	1
2265	2347	84.069	0.000	0.7053	0.5117	1
2265	2350	156.090	0.000	0.7627	0.4383	1
2265	2353	-16.978	0.000	0.7669	0.5219	1
2265	2356	99.069	0.000	0.7845	0.6050	1
2265	2362	84.069	0.000	0.8244	0.5248	1
2265	2363	126.080	0.000	0.7288	0.4649	1
2265	2365	55.043	0.000	0.8128	0.5334	1
2265	2369	-29.974	0.000	0.7326	0.6433	1
2265	2379	52.066	0.000	0.7132	0.5573	1
2265	2387	126.080	0.000	0.7604	0.4769	1
2265	2397	85.053	0.000	0.8414	0.5024	1
2265	2401	126.080	0.000	0.8234	0.5116	1
2265	2403	99.069	0.000	0.8911	0.6738	1
2265	2405	156.090	0.000	0.7880	0.4212	1
2265	2414	-1.979	0.000	0.8909	0.7420	1
2265	2417	-29.974	0.000	0.7705	0.5288	1
2265	2433	-144.017	0.000	0.7689	0.4989	1
2265	2437	-157.111	0.000	0.7379	0.5270	1
2265	2459	-14.052	0.000	0.8300	0.6098	1
2267	2376	87.033	0.000	0.7271	0.5706	1
2267	2413	87.033	0.000	0.7310	0.5666	1
2267	2428	87.033	0.000	0.7207	0.5426	1
2267	2430	87.033	0.000	0.7295	0.5497	1
2267	2446	87.033	0.000	0.7198	0.5417	1
2268	2432	34.900	0.000	0.7301	0.4531	1
2268	2464	147.984	0.000	0.7056	0.4318	1
2268	2474	147.984	0.000	0.7372	0.4431	1
2269	2280	-58.005	0.000	0.8907	0.6945	1
2269	2297	57.022	0.000	0.8168	0.5261	1
2269	2298	-12.000	0.000	0.8324	0.5769	1
2269	2299	-71.037	0.000	0.8247	0.5550	1
2269	2302	-30.010	0.000	0.9207	0.8147	1
2269	2304	-40.031	0.000	0.8720	0.6517	1
2269	2312	-57.021	0.000	0.8953	0.6761	1
2269	2314	-40.031	0.000	0.8461	0.5662	1
2269	2345	-30.010	0.000	0.8932	0.6980	1
2269	2410	-40.031	0.000	0.8690	0.6336	1
2269	2416	57.022	0.000	0.7869	0.5261	1
2269	2427	-46.073	0.000	0.7489	0.4500	1
2269	2431	-305.149	0.000	0.7265	0.3543	1
2269	2439	-46.074	0.000	0.7641	0.4873	1
2269	2444	57.022	0.000	0.7886	0.5261	1
2269	2447	-46.529	0.000	0.7463	0.3922	1
2269	2464	-71.073	0.000	0.8120	0.5362	1
2269	2474	-71.073	0.000	0.8144	0.5531	1
2273	2285	-89.048	0.000	0.7454	0.6050	1
2273	2286	12.000	0.000	0.7113	0.6861	1
2273	2292	26.016	0.000	0.7976	0.7929	1
2273	2295	-18.010	0.000	0.7478	0.6451	1
2273	2300	-145.056	0.000	0.7193	0.6950	1
2273	2303	-115.063	0.000	0.7320	0.5687	1
2273	2306	-130.074	0.000	0.7129	0.5354	1
2273	2320	39.047	0.000	0.7063	0.6092	1
2273	2327	-3.995	0.000	0.7540	0.8080	1
2273	2333	53.027	0.000	0.7025	0.5247	1
2273	2353	-76.016	0.000	0.7737	0.6638	1
2273	2358	-101.048	0.000	0.7438	0.5692	1
2273	2362	25.032	0.000	0.7477	0.6599	1
2273	2365	-3.995	0.000	0.8129	0.7529	1
2273	2394	10.021	0.000	0.7279	0.6950	1
2273	2397	26.016	0.000	0.7593	0.5016	1
2273	2403	40.031	0.000	0.7852	0.7620	1
2273	2414	-61.016	0.000	0.7316	0.5610	1
2273	2459	-73.089	0.000	0.7753	0.6392	1
2273	2465	-99.079	0.000	0.7131	0.5722	1
2274	2337	0.000	0.000	0.7486	0.9420	1
2274	2436	-14.016	0.000	0.9454	0.8893	1
2274	2440	0.000	0.000	0.9687	0.8422	1
2274	2471	0.000	0.000	0.9915	0.9377	1
2275	2338	0.000	0.000	0.9942	0.9197	1
2275	2452	0.000	0.000	0.9984	0.9853	1
2276	2282	-71.037	0.000	0.7295	0.5518	1
2276	2315	-43.990	0.000	0.8417	0.7007	1
2276	2316	-0.000	0.000	0.8340	0.8449	1
2276	2318	14.016	0.000	0.8879	0.8489	1
2276	2322	-115.027	0.000	0.7545	0.6014	1
2276	2329	13.991	0.000	0.8834	0.8489	1
2276	2341	-117.042	0.000	0.7139	0.4914	1
2276	2348	-43.006	0.000	0.7817	0.6388	1
2276	2351	-15.995	0.000	0.7822	0.7040	1
2276	2357	-58.006	0.000	0.7978	0.7282	1
2276	2370	-15.995	0.000	0.9174	0.8123	1
2276	2383	-43.990	0.000	0.8159	0.7455	1
2276	2388	-15.984	0.000	0.7203	0.7641	1
2276	2398	-57.021	0.000	0.7583	0.6593	1
2276	2400	-15.995	0.000	0.8327	0.8203	1
2276	2404	-43.006	0.000	0.7881	0.7019	1
2277	2282	30.010	0.000	0.7190	0.6176	1
2277	2322	-13.980	0.000	0.7109	0.7104	1
2277	2341	-15.995	0.000	0.7039	0.6754	1
2277	2357	43.042	0.000	0.7216	0.5263	1
2277	2383	57.058	0.000	0.7549	0.5918	1
2277	2398	44.026	0.000	0.7217	0.5543	1
2277	2400	85.052	0.000	0.7417	0.5300	1
2277	2402	115.063	0.000	0.7160	0.5802	1
2277	2404	58.042	0.000	0.7797	0.6312	1
2278	2292	101.996	0.000	0.7280	0.5316	1
2278	2293	-28.031	0.000	0.7310	0.6157	1
2278	2295	57.969	0.000	0.7982	0.6850	1
2278	2309	29.974	0.000	0.7311	0.5826	1
2278	2310	101.001	0.000	0.7937	0.5838	1
2278	2317	27.959	0.000	0.8019	0.6694	1
2278	2320	115.027	0.000	0.8282	0.5978	1
2278	2327	71.985	0.000	0.7796	0.6377	1
2278	2333	129.007	0.000	0.7729	0.5318	1
2278	2346	-128.059	0.000	0.7451	0.6538	1
2278	2347	101.011	0.000	0.7937	0.5838	1
2278	2350	173.033	0.000	0.7482	0.4197	1
2278	2353	-0.036	0.000	0.8073	0.6860	1
2278	2356	116.011	0.000	0.7615	0.6066	1
2278	2360	41.974	0.000	0.7554	0.6029	1
2278	2362	101.011	0.000	0.7289	0.5407	1
2278	2363	143.022	0.000	0.7531	0.4716	1
2278	2369	-13.031	0.000	0.7573	0.6580	1
2278	2379	69.008	0.000	0.7074	0.6148	1
2278	2381	13.979	0.000	0.7462	0.6380	1
2278	2385	41.975	0.000	0.7491	0.6235	1
2278	2387	143.022	0.000	0.7609	0.4448	1
2278	2393	27.995	0.000	0.9316	0.8161	1
2278	2394	86.001	0.000	0.7409	0.5181	1
2278	2397	101.996	0.000	0.7313	0.4914	1
2278	2401	143.022	0.000	0.7083	0.4524	1
2278	2403	116.011	0.000	0.7124	0.5328	1
2278	2459	2.891	0.000	0.7046	0.4900	1
2280	2297	115.027	0.000	0.8847	0.5241	1
2280	2298	46.006	0.000	0.7778	0.4697	1
2280	2299	-13.032	0.000	0.8450	0.5685	1
2280	2302	27.995	0.000	0.9579	0.7513	1
2280	2304	17.974	0.000	0.9066	0.6928	1
2280	2305	4.943	0.000	0.7504	0.5707	1
2280	2312	0.984	0.000	0.9451	0.7579	1
2280	2314	17.974	0.000	0.8819	0.6164	1
2280	2345	27.995	0.000	0.9464	0.7435	1
2280	2410	17.974	0.000	0.8959	0.6619	1
2280	2416	115.027	0.000	0.8554	0.5241	1
2280	2427	11.933	0.000	0.8358	0.6613	1
2280	2431	-247.144	0.000	0.7990	0.4952	1
2280	2439	11.932	0.000	0.8475	0.6733	1
2280	2444	115.027	0.000	0.8514	0.5241	1
2280	2447	11.476	0.000	0.8130	0.5247	1
2280	2464	-13.068	0.000	0.8570	0.6600	1
2280	2474	-13.068	0.000	0.8437	0.6742	1
2280	2477	-360.264	0.000	0.7565	0.4735	1
2281	2466	87.980	0.000	0.7321	0.5707	1
2281	2473	87.980	0.000	0.7372	0.5889	1
2282	2316	71.037	0.000	0.7240	0.5898	1
2283	2288	-30.011	0.000	0.8120	0.6388	1
2283	2300	-16.998	0.000	0.7864	0.6430	1
2283	2328	-57.022	0.000	0.7866	0.6907	1
2283	2331	-16.998	0.000	0.8086	0.7021	1
2283	2376	-32.992	0.000	0.7286	0.6291	1
2283	2413	-32.992	0.000	0.7539	0.6311	1
2283	2428	-32.992	0.000	0.7048	0.5686	1
2283	2446	-32.992	0.000	0.7069	0.5954	1
2285	2286	101.048	0.000	0.7816	0.5731	1
2285	2295	71.037	0.000	0.7056	0.4827	1
2285	2306	-41.027	0.000	0.7708	0.5472	1
2285	2320	128.095	0.000	0.7067	0.4819	1
2285	2324	172.085	0.000	0.7601	0.3750	1
2285	2333	142.074	0.000	0.7554	0.4668	1
2285	2344	43.042	0.000	0.7669	0.4575	1
2285	2350	186.100	0.000	0.7678	0.4884	1
2285	2353	13.032	0.000	0.7210	0.4666	1
2285	2358	-12.000	0.000	0.7162	0.6657	1
2285	2362	114.079	0.000	0.7848	0.4598	1
2285	2365	85.053	0.000	0.8202	0.5681	1
2285	2374	57.058	0.000	0.7121	0.5781	1
2285	2397	115.063	0.000	0.7623	0.3934	1
2285	2401	156.090	0.000	0.7804	0.4304	1
2285	2403	129.079	0.000	0.7969	0.4746	1
2285	2405	186.101	0.000	0.7650	0.3969	1
2285	2409	-13.979	0.000	0.7179	0.5388	1
2285	2414	28.031	0.000	0.7315	0.4391	1
2285	2417	0.036	0.000	0.7509	0.5258	1
2285	2437	-127.100	0.000	0.7244	0.5650	1
2285	2459	15.959	0.000	0.8132	0.5812	1
2286	2292	14.016	0.000	0.8169	0.7958	1
2286	2295	-30.010	0.000	0.8938	0.7289	1
2286	2309	-58.006	0.000	0.7909	0.7195	1
2286	2310	13.021	0.000	0.7817	0.6357	1
2286	2320	27.047	0.000	0.8012	0.6174	1
2286	2324	71.037	0.000	0.8203	0.6058	1
2286	2327	-15.995	0.000	0.7442	0.6272	1
2286	2333	41.027	0.000	0.8668	0.7176	1
2286	2339	-4.961	0.000	0.7429	0.5582	1
2286	2344	-58.005	0.000	0.9024	0.7402	1
2286	2347	13.031	0.000	0.7817	0.6357	1
2286	2349	-73.016	0.000	0.7221	0.5910	1
2286	2350	85.053	0.000	0.8723	0.7106	1
2286	2353	-88.016	0.000	0.7937	0.5606	1
2286	2356	28.031	0.000	0.7417	0.5606	1
2286	2362	13.031	0.000	0.8446	0.6963	1
2286	2363	55.042	0.000	0.8198	0.6304	1
2286	2365	-15.995	0.000	0.8765	0.6912	1
2286	2385	-46.005	0.000	0.7045	0.4590	1
2286	2387	55.042	0.000	0.8536	0.6606	1
2286	2394	-1.979	0.000	0.7172	0.5670	1
2286	2397	14.016	0.000	0.8560	0.6386	1
2286	2401	55.042	0.000	0.8490	0.6418	1
2286	2403	28.031	0.000	0.8403	0.6211	1
2286	2405	85.053	0.000	0.7851	0.5721	1
2286	2414	-73.016	0.000	0.7566	0.5095	1
2286	2417	-101.011	0.000	0.7351	0.4580	1
2286	2437	-228.148	0.000	0.7105	0.4181	1
2286	2459	-85.089	0.000	0.8809	0.7572	1
2288	2300	13.013	0.000	0.8042	0.5710	1
2288	2328	-27.011	0.000	0.7866	0.6382	1
2288	2331	13.013	0.000	0.8181	0.6065	1
2288	2376	-2.982	0.000	0.7473	0.5699	1
2288	2413	-2.981	0.000	0.7485	0.5755	1
2288	2428	-2.982	0.000	0.7305	0.5481	1
2288	2430	-2.982	0.000	0.7498	0.5923	1
2288	2446	-2.982	0.000	0.7638	0.6168	1
2289	2307	72.021	0.000	0.8918	0.8357	1
2291	2313	-27.011	0.000	0.8721	0.6848	1
2291	2358	71.037	0.000	0.8285	0.7310	1
2292	2293	-130.027	0.000	0.7159	0.4647	1
2292	2295	-44.026	0.000	0.8545	0.7057	1
2292	2309	-72.021	0.000	0.8453	0.6236	1
2292	2310	-0.995	0.000	0.7793	0.6187	1
2292	2317	-74.037	0.000	0.8075	0.6010	1
2292	2320	13.031	0.000	0.8159	0.6024	1
2292	2324	57.021	0.000	0.7273	0.5951	1
2292	2327	-30.011	0.000	0.9184	0.8108	1
2292	2333	27.011	0.000	0.8325	0.7387	1
2292	2344	-72.021	0.000	0.7423	0.6990	1
2292	2347	-0.984	0.000	0.7793	0.6187	1
2292	2349	-87.032	0.000	0.7945	0.6182	1
2292	2350	71.037	0.000	0.8431	0.6508	1
2292	2353	-102.032	0.000	0.7363	0.5851	1
2292	2356	14.016	0.000	0.7173	0.5431	1
2292	2360	-60.021	0.000	0.7661	0.6005	1
2292	2362	-0.984	0.000	0.7359	0.6767	1
2292	2363	41.027	0.000	0.8111	0.6079	1
2292	2365	-30.011	0.000	0.7808	0.7588	1
2292	2381	-88.016	0.000	0.7786	0.5586	1
2292	2385	-60.021	0.000	0.7791	0.5804	1
2292	2387	41.027	0.000	0.8544	0.6352	1
2292	2393	-74.000	0.000	0.7634	0.5359	1
2292	2394	-15.995	0.000	0.9266	0.8823	1
2292	2397	0.000	0.000	0.7726	0.5925	1
2292	2401	41.027	0.000	0.7445	0.6067	1
2292	2403	14.016	0.000	0.7254	0.6355	1
2292	2409	-129.043	0.000	0.7395	0.5257	1
2292	2414	-87.032	0.000	0.7228	0.5600	1
2292	2459	-99.105	0.000	0.8085	0.7231	1
2292	2464	-9.000	0.000	0.7323	0.7218	1
2292	2474	-9.000	0.000	0.7428	0.6597	1
2293	2295	86.001	0.000	0.7183	0.5531	1
2293	2309	58.006	0.000	0.8914	0.8314	1
2293	2310	129.032	0.000	0.8546	0.6948	1
2293	2317	55.990	0.000	0.7610	0.6632	1
2293	2320	143.058	0.000	0.7652	0.5559	1
2293	2327	100.016	0.000	0.7180	0.5462	1
2293	2333	157.038	0.000	0.8055	0.6680	1
2293	2344	58.006	0.000	0.7291	0.7607	1
2293	2347	129.042	0.000	0.8546	0.6948	1
2293	2350	201.064	0.000	0.7224	0.4344	1
2293	2353	27.995	0.000	0.7917	0.7053	1
2293	2359	0.984	0.000	0.8387	0.8186	1
2293	2362	129.042	0.000	0.7395	0.6562	1
2293	2363	171.053	0.000	0.7421	0.4871	1
2293	2369	15.000	0.000	0.7812	0.6917	1
2293	2381	42.011	0.000	0.8311	0.7494	1
2293	2387	171.053	0.000	0.7461	0.4904	1
2293	2393	56.026	0.000	0.7008	0.5375	1
2293	2397	130.027	0.000	0.7519	0.5582	1
2293	2401	171.053	0.000	0.7166	0.5368	1
2293	2409	0.984	0.000	0.7513	0.7544	1
2293	2437	-112.137	0.000	0.7555	0.6825	1
2293	2459	30.922	0.000	0.7337	0.5874	1
2294	2322	-27.995	0.000	0.8160	0.7207	1
2294	2327	28.006	0.000	0.8098	0.7076	1
2294	2341	-30.011	0.000	0.8409	0.7974	1
2294	2351	71.037	0.000	0.7595	0.6476	1
2294	2388	71.048	0.000	0.7820	0.6310	1
2294	2400	71.037	0.000	0.7348	0.6252	1
2295	2306	-112.064	0.000	0.7069	0.5209	1
2295	2309	-27.995	0.000	0.8659	0.7829	1
2295	2310	43.031	0.000	0.8241	0.6374	1
2295	2317	-30.011	0.000	0.8548	0.7745	1
2295	2320	57.058	0.000	0.8306	0.5990	1
2295	2324	101.048	0.000	0.7965	0.5315	1
2295	2327	14.016	0.000	0.8542	0.7385	1
2295	2333	71.037	0.000	0.8899	0.6809	1
2295	2339	25.049	0.000	0.7965	0.6270	1
2295	2344	-27.995	0.000	0.8504	0.7508	1
2295	2347	43.042	0.000	0.8241	0.6374	1
2295	2349	-43.006	0.000	0.8129	0.6552	1
2295	2350	115.063	0.000	0.8416	0.5311	1
2295	2353	-58.006	0.000	0.8919	0.7520	1
2295	2356	58.042	0.000	0.7538	0.5835	1
2295	2360	-15.995	0.000	0.7476	0.6133	1
2295	2362	43.042	0.000	0.8479	0.6897	1
2295	2363	85.053	0.000	0.8420	0.5893	1
2295	2365	14.016	0.000	0.8922	0.8059	1
2295	2385	-15.995	0.000	0.8217	0.6064	1
2295	2387	85.053	0.000	0.8621	0.5564	1
2295	2392	-57.022	0.000	0.7346	0.5536	1
2295	2393	-29.974	0.000	0.7335	0.5198	1
2295	2394	28.031	0.000	0.7692	0.5518	1
2295	2397	44.026	0.000	0.8643	0.5962	1
2295	2401	85.053	0.000	0.8266	0.5564	1
2295	2403	58.042	0.000	0.8214	0.6184	1
2295	2405	115.063	0.000	0.7419	0.4854	1
2295	2409	-85.016	0.000	0.7062	0.5957	1
2295	2414	-43.006	0.000	0.7499	0.5713	1
2295	2417	-71.001	0.000	0.7100	0.4869	1
2295	2437	-198.138	0.000	0.7054	0.4456	1
2295	2459	-55.079	0.000	0.8573	0.6480	1
2296	2366	308.159	0.000	0.7701	0.6681	1
2296	2386	146.105	0.000	0.7588	0.6692	1
2297	2302	-87.032	0.000	0.9114	0.5944	1
2297	2305	-110.084	0.000	0.7136	0.3917	1
2297	2345	-87.032	0.000	0.8784	0.4997	1
2297	2354	-0.984	0.000	0.9305	0.8941	1
2297	2375	-0.984	0.000	0.9118	0.9059	1
2297	2416	0.000	0.000	0.9871	0.9729	1
2297	2444	0.000	0.000	0.9862	0.9697	1
2298	2302	-18.011	0.000	0.8117	0.5529	1
2298	2304	-28.031	0.000	0.7463	0.4992	1
2298	2314	-28.031	0.000	0.7557	0.5682	1
2298	2345	-18.011	0.000	0.7938	0.5549	1
2298	2410	-28.031	0.000	0.7510	0.5465	1
2299	2302	41.027	0.000	0.8445	0.5514	1
2299	2304	31.006	0.000	0.8726	0.6271	1
2299	2305	17.974	0.000	0.8667	0.7376	1
2299	2312	14.016	0.000	0.9042	0.7241	1
2299	2314	31.006	0.000	0.8746	0.6748	1
2299	2319	-1.068	0.000	0.7258	0.5651	1
2299	2345	41.027	0.000	0.8483	0.6446	1
2299	2364	-57.021	0.000	0.8219	0.6276	1
2299	2410	31.006	0.000	0.8960	0.7419	1
2299	2427	24.964	0.000	0.7514	0.5471	1
2299	2431	-234.112	0.000	0.7672	0.5012	1
2299	2434	-234.112	0.000	0.7087	0.5331	1
2299	2439	24.964	0.000	0.7671	0.5657	1
2299	2447	24.508	0.000	0.7498	0.5221	1
2299	2464	-0.036	0.000	0.9006	0.8114	1
2299	2474	-0.036	0.000	0.8900	0.8247	1
2299	2477	-347.232	0.000	0.7178	0.4834	1
2300	2328	-40.024	0.000	0.7451	0.5491	1
2300	2331	0.000	0.000	0.9476	0.8158	1
2300	2351	184.093	0.000	0.7513	0.6769	1
2300	2376	-15.995	0.000	0.7854	0.5984	1
2300	2413	-15.994	0.000	0.7926	0.6025	1
2300	2428	-15.995	0.000	0.7687	0.5889	1
2300	2430	-15.995	0.000	0.7969	0.6192	1
2300	2446	-15.995	0.000	0.8021	0.6631	1
2301	2304	14.035	0.000	0.7000	0.5604	1
2301	2305	1.003	0.000	0.7813	0.6739	1
2301	2314	14.035	0.000	0.7194	0.6057	1
2301	2319	-18.039	0.000	0.8078	0.6515	1
2301	2367	-74.996	0.000	0.7739	0.5995	1
2301	2464	-17.007	0.000	0.7158	0.5492	1
2301	2474	-17.007	0.000	0.7095	0.5492	1
2301	2477	-364.203	0.000	0.7097	0.5683	1
2302	2304	-10.021	0.000	0.9013	0.6899	1
2302	2305	-23.052	0.000	0.7018	0.4345	1
2302	2312	-27.011	0.000	0.9196	0.6186	1
2302	2314	-10.021	0.000	0.8786	0.6054	1
2302	2345	-0.000	0.000	0.9568	0.7872	1
2302	2410	-10.021	0.000	0.8939	0.6518	1
2302	2416	87.032	0.000	0.8803	0.5944	1
2302	2427	-16.062	0.000	0.7807	0.4500	1
2302	2431	-275.139	0.000	0.7549	0.3584	1
2302	2439	-16.063	0.000	0.7946	0.4683	1
2302	2444	87.032	0.000	0.8771	0.5944	1
2302	2447	-16.519	0.000	0.7676	0.3731	1
2302	2464	-41.063	0.000	0.8421	0.5687	1
2302	2474	-41.063	0.000	0.8277	0.5852	1
2302	2477	-388.258	0.000	0.7124	0.3471	1
2303	2353	39.047	0.000	0.7084	0.6594	1
2303	2358	14.015	0.000	0.9678	0.9256	1
2304	2305	-13.032	0.000	0.8160	0.6326	1
2304	2312	-16.990	0.000	0.8956	0.6448	1
2304	2314	0.000	0.000	0.9666	0.8155	1
2304	2345	10.021	0.000	0.9173	0.7587	1
2304	2364	-88.027	0.000	0.7075	0.4402	1
2304	2410	0.000	0.000	0.9775	0.8556	1
2304	2412	-241.179	0.000	0.7050	0.5278	1
2304	2427	-6.042	0.000	0.8336	0.5846	1
2304	2431	-265.118	0.000	0.8185	0.4855	1
2304	2439	-6.042	0.000	0.8379	0.5819	1
2304	2447	-6.498	0.000	0.8121	0.4550	1
2304	2464	-31.042	0.000	0.9004	0.7797	1
2304	2474	-31.042	0.000	0.8973	0.7915	1
2304	2477	-378.238	0.000	0.8213	0.5348	1
2305	2312	-3.958	0.000	0.7660	0.6548	1
2305	2314	13.032	0.000	0.8296	0.6912	1
2305	2345	23.052	0.000	0.7404	0.5774	1
2305	2364	-74.996	0.000	0.7334	0.5183	1
2305	2410	13.032	0.000	0.8189	0.6137	1
2305	2464	-18.010	0.000	0.8492	0.7039	1
2305	2474	-18.010	0.000	0.8370	0.6769	1
2305	2477	-365.206	0.000	0.7042	0.4093	1
2306	2324	213.112	0.000	0.7301	0.3616	1
2306	2344	84.069	0.000	0.7333	0.4962	1
2306	2362	155.106	0.000	0.7442	0.4001	1
2306	2365	126.080	0.000	0.7458	0.4819	1
2306	2397	156.090	0.000	0.7417	0.3685	1
2306	2401	197.117	0.000	0.7083	0.3198	1
2306	2403	170.106	0.000	0.7335	0.4081	1
2306	2405	227.127	0.000	0.7224	0.3155	1
2306	2459	56.985	0.000	0.7782	0.5590	1
2308	2316	14.016	0.000	0.7609	0.6806	1
2308	2357	-43.990	0.000	0.7121	0.6015	1
2308	2383	-29.974	0.000	0.7132	0.5858	1
2308	2398	-43.006	0.000	0.7062	0.5753	1
2308	2400	-1.979	0.000	0.7495	0.6446	1
2308	2402	28.031	0.000	0.8012	0.6638	1
2308	2404	-28.990	0.000	0.7657	0.6774	1
2309	2310	71.026	0.000	0.8080	0.6616	1
2309	2317	-2.016	0.000	0.8078	0.7002	1
2309	2320	85.053	0.000	0.8042	0.6078	1
2309	2327	42.011	0.000	0.8405	0.7436	1
2309	2333	99.032	0.000	0.8185	0.7089	1
2309	2344	0.000	0.000	0.7141	0.7744	1
2309	2347	71.037	0.000	0.8080	0.6616	1
2309	2349	-15.011	0.000	0.7249	0.6302	1
2309	2350	143.058	0.000	0.7394	0.4831	1
2309	2353	-30.010	0.000	0.7724	0.6937	1
2309	2359	-57.021	0.000	0.8247	0.8008	1
2309	2360	12.000	0.000	0.7510	0.6424	1
2309	2362	71.037	0.000	0.7030	0.6422	1
2309	2363	113.048	0.000	0.7954	0.5686	1
2309	2369	-43.006	0.000	0.7616	0.6376	1
2309	2381	-15.995	0.000	0.8790	0.7545	1
2309	2385	12.000	0.000	0.7640	0.6625	1
2309	2387	113.048	0.000	0.8047	0.5506	1
2309	2393	-1.979	0.000	0.7763	0.6572	1
2309	2394	56.026	0.000	0.7563	0.5749	1
2309	2397	72.021	0.000	0.7599	0.6115	1
2309	2401	113.048	0.000	0.7253	0.6160	1
2309	2437	-170.142	0.000	0.7229	0.6971	1
2309	2459	-27.084	0.000	0.7659	0.6891	1
2310	2317	-73.042	0.000	0.8111	0.6520	1
2310	2320	14.026	0.000	0.9063	0.8305	1
2310	2324	58.016	0.000	0.7728	0.6256	1
2310	2327	-29.016	0.000	0.8469	0.7234	1
2310	2333	28.006	0.000	0.8707	0.7638	1
2310	2344	-71.026	0.000	0.8192	0.6802	1
2310	2347	0.011	0.000	1.0000	1.0000	1
2310	2349	-86.037	0.000	0.7335	0.5135	1
2310	2350	72.032	0.000	0.8518	0.6425	1
2310	2351	14.015	0.000	0.7223	0.7087	1
2310	2353	-101.037	0.000	0.8146	0.5903	1
2310	2356	15.010	0.000	0.8051	0.7186	1
2310	2359	-128.048	0.000	0.7772	0.6151	1
2310	2360	-59.026	0.000	0.7426	0.5802	1
2310	2362	0.011	0.000	0.8664	0.8848	1
2310	2363	42.021	0.000	0.8240	0.6138	1
2310	2365	-29.016	0.000	0.8258	0.6905	1
2310	2381	-87.021	0.000	0.7663	0.6005	1
2310	2385	-59.026	0.000	0.8061	0.5703	1
2310	2387	42.021	0.000	0.8958	0.7853	1
2310	2392	-100.053	0.000	0.7173	0.5093	1
2310	2393	-73.006	0.000	0.8094	0.6213	1
2310	2394	-15.000	0.000	0.8196	0.6549	1
2310	2397	0.995	0.000	0.8599	0.7347	1
2310	2401	42.022	0.000	0.8200	0.6970	1
2310	2403	15.011	0.000	0.7867	0.6827	1
2310	2405	72.032	0.000	0.7269	0.6514	1
2310	2408	-129.051	0.000	0.7167	0.5254	1
2310	2409	-128.048	0.000	0.7960	0.6274	1
2310	2414	-86.037	0.000	0.7257	0.5787	1
2310	2417	-114.032	0.000	0.8154	0.6381	1
2310	2437	-241.169	0.000	0.7466	0.4988	1
2310	2459	-98.110	0.000	0.7848	0.6098	1
2311	2456	-137.059	0.000	0.8205	0.7379	1
2312	2314	16.990	0.000	0.8704	0.5877	1
2312	2345	27.011	0.000	0.8994	0.6195	1
2312	2364	-71.037	0.000	0.7154	0.5056	1
2312	2410	16.990	0.000	0.8947	0.6613	1
2312	2427	10.948	0.000	0.8256	0.6777	1
2312	2431	-248.128	0.000	0.8022	0.5189	1
2312	2439	10.948	0.000	0.8368	0.6970	1
2312	2447	10.492	0.000	0.8228	0.5786	1
2312	2464	-14.052	0.000	0.8667	0.6517	1
2312	2474	-14.052	0.000	0.8557	0.6593	1
2312	2477	-361.248	0.000	0.7448	0.4042	1
2314	2343	-241.179	0.000	0.7042	0.5107	1
2314	2345	10.021	0.000	0.9091	0.7038	1
2314	2368	-241.179	0.000	0.7032	0.5304	1
2314	2384	-241.179	0.000	0.7121	0.5285	1
2314	2410	0.000	0.000	0.9666	0.8399	1
2314	2412	-241.179	0.000	0.7241	0.5473	1
2314	2427	-6.042	0.000	0.8277	0.6255	1
2314	2431	-265.118	0.000	0.8020	0.4722	1
2314	2439	-6.042	0.000	0.8259	0.6021	1
2314	2447	-6.498	0.000	0.7966	0.4550	1
2314	2464	-31.042	0.000	0.8970	0.7426	1
2314	2474	-31.042	0.000	0.8939	0.7426	1
2314	2477	-378.238	0.000	0.8360	0.6061	1
2315	2316	43.990	0.000	0.7455	0.6973	1
2315	2318	58.005	0.000	0.7627	0.6607	1
2315	2322	-71.037	0.000	0.7679	0.6780	1
2315	2329	57.980	0.000	0.7622	0.6607	1
2315	2341	-73.053	0.000	0.7426	0.5770	1
2315	2348	0.984	0.000	0.8084	0.7421	1
2315	2351	27.995	0.000	0.7893	0.7294	1
2315	2357	-14.016	0.000	0.7435	0.7192	1
2315	2370	27.995	0.000	0.8623	0.7733	1
2315	2383	-0.000	0.000	0.7783	0.7486	1
2315	2388	28.006	0.000	0.7448	0.7002	1
2315	2398	-13.032	0.000	0.7063	0.6693	1
2315	2400	27.995	0.000	0.7515	0.6753	1
2315	2404	0.984	0.000	0.7570	0.7384	1
2316	2318	14.016	0.000	0.8285	0.8450	1
2316	2329	13.991	0.000	0.8215	0.8267	1
2316	2348	-43.006	0.000	0.7291	0.6737	1
2316	2357	-58.005	0.000	0.9366	0.8052	1
2316	2370	-15.995	0.000	0.8005	0.7888	1
2316	2383	-43.990	0.000	0.9380	0.8279	1
2316	2398	-57.021	0.000	0.8575	0.7267	1
2316	2400	-15.995	0.000	0.8612	0.7963	1
2316	2402	14.016	0.000	0.9114	0.8203	1
2316	2404	-43.006	0.000	0.8823	0.7684	1
2317	2320	87.068	0.000	0.7854	0.5541	1
2317	2327	44.026	0.000	0.8953	0.7349	1
2317	2333	101.048	0.000	0.7743	0.5885	1
2317	2347	73.052	0.000	0.8111	0.6520	1
2317	2349	-12.995	0.000	0.8065	0.6440	1
2317	2350	145.074	0.000	0.7445	0.4744	1
2317	2353	-27.995	0.000	0.7831	0.7397	1
2317	2359	-55.006	0.000	0.7584	0.6936	1
2317	2360	14.016	0.000	0.8610	0.7592	1
2317	2363	115.063	0.000	0.7833	0.5338	1
2317	2365	44.026	0.000	0.7309	0.7497	1
2317	2369	-40.990	0.000	0.7047	0.5935	1
2317	2381	-13.979	0.000	0.7839	0.6219	1
2317	2385	14.016	0.000	0.8666	0.7331	1
2317	2387	115.063	0.000	0.7874	0.5152	1
2317	2388	87.068	0.000	0.7041	0.5871	1
2317	2392	-27.011	0.000	0.7290	0.6848	1
2317	2393	0.036	0.000	0.7516	0.5700	1
2317	2394	58.042	0.000	0.7717	0.5596	1
2317	2397	74.037	0.000	0.7203	0.5314	1
2317	2459	-25.068	0.000	0.7222	0.5658	1
2318	2322	-129.043	0.000	0.7001	0.5879	1
2318	2329	-0.025	0.000	0.9979	0.9884	1
2318	2341	-131.058	0.000	0.7110	0.5388	1
2318	2348	-57.021	0.000	0.7298	0.6025	1
2318	2351	-30.011	0.000	0.7830	0.6872	1
2318	2357	-72.021	0.000	0.7788	0.6969	1
2318	2370	-30.010	0.000	0.8485	0.7597	1
2318	2383	-58.005	0.000	0.8027	0.7582	1
2318	2388	-30.000	0.000	0.8123	0.8160	1
2318	2398	-71.037	0.000	0.7077	0.5764	1
2318	2400	-30.011	0.000	0.8654	0.8104	1
2318	2402	0.000	0.000	0.7607	0.7890	1
2318	2404	-57.021	0.000	0.7469	0.6303	1
2319	2367	-56.957	0.000	0.8120	0.6651	1
2320	2324	43.990	0.000	0.8318	0.6898	1
2320	2327	-43.042	0.000	0.8227	0.6115	1
2320	2333	13.980	0.000	0.9214	0.8042	1
2320	2339	-32.008	0.000	0.7137	0.5976	1
2320	2344	-85.053	0.000	0.7458	0.5429	1
2320	2347	-14.016	0.000	0.9063	0.8305	1
2320	2349	-100.064	0.000	0.7343	0.4679	1
2320	2350	58.006	0.000	0.9048	0.6993	1
2320	2353	-115.063	0.000	0.7941	0.5698	1
2320	2356	0.984	0.000	0.9185	0.8538	1
2320	2360	-73.053	0.000	0.7425	0.5397	1
2320	2362	-14.016	0.000	0.8565	0.8042	1
2320	2363	27.995	0.000	0.8891	0.7192	1
2320	2365	-43.042	0.000	0.7773	0.5919	1
2320	2369	-128.058	0.000	0.7272	0.5463	1
2320	2379	-46.019	0.000	0.7838	0.6372	1
2320	2381	-101.048	0.000	0.7689	0.5675	1
2320	2385	-73.052	0.000	0.7788	0.5410	1
2320	2387	27.995	0.000	0.9533	0.8443	1
2320	2393	-87.032	0.000	0.8447	0.6254	1
2320	2394	-29.026	0.000	0.8207	0.6241	1
2320	2397	-13.031	0.000	0.8895	0.7612	1
2320	2401	27.995	0.000	0.8614	0.7376	1
2320	2403	0.984	0.000	0.8592	0.8045	1
2320	2405	58.006	0.000	0.7454	0.5970	1
2320	2414	-100.064	0.000	0.7381	0.5770	1
2320	2417	-128.059	0.000	0.7039	0.5168	1
2320	2459	-112.136	0.000	0.7843	0.6119	1
2321	2335	-1.155	0.000	0.8250	0.7246	1
2321	2336	-0.152	0.000	0.9530	0.8731	1
2321	2459	114.839	0.000	0.7611	0.4687	1
2322	2329	129.018	0.000	0.7069	0.5879	1
2322	2341	-2.015	0.000	0.8395	0.6667	1
2322	2348	72.021	0.000	0.7144	0.5765	1
2322	2351	99.032	0.000	0.7483	0.6628	1
2322	2357	57.022	0.000	0.7096	0.6526	1
2322	2370	99.032	0.000	0.7645	0.6222	1
2322	2388	99.043	0.000	0.7542	0.6636	1
2322	2400	99.032	0.000	0.7810	0.6661	1
2323	2324	-17.027	0.000	0.9017	0.7345	1
2323	2333	-47.037	0.000	0.7337	0.4499	1
2323	2344	-146.069	0.000	0.7135	0.3746	1
2323	2362	-75.032	0.000	0.8072	0.4494	1
2323	2401	-33.021	0.000	0.8262	0.5867	1
2323	2403	-60.032	0.000	0.7685	0.3955	1
2323	2405	-3.011	0.000	0.9024	0.6496	1
2324	2333	-30.010	0.000	0.9234	0.7545	1
2324	2334	-31.013	0.000	0.7245	0.5223	1
2324	2337	71.985	0.000	0.7991	0.5930	1
2324	2339	-75.998	0.000	0.8321	0.5202	1
2324	2344	-129.043	0.000	0.8642	0.5894	1
2324	2347	-58.006	0.000	0.7728	0.6256	1
2324	2350	14.016	0.000	0.8839	0.7944	1
2324	2353	-159.053	0.000	0.8207	0.5292	1
2324	2356	-43.006	0.000	0.7243	0.5615	1
2324	2362	-58.006	0.000	0.9532	0.7264	1
2324	2363	-15.995	0.000	0.8101	0.6707	1
2324	2365	-87.032	0.000	0.8314	0.5421	1
2324	2387	-15.995	0.000	0.8396	0.7831	1
2324	2397	-57.021	0.000	0.9547	0.8145	1
2324	2401	-15.995	0.000	0.9574	0.8032	1
2324	2403	-43.006	0.000	0.9458	0.7655	1
2324	2405	14.016	0.000	0.9777	0.9165	1
2324	2414	-144.053	0.000	0.7997	0.4443	1
2324	2417	-172.048	0.000	0.7708	0.4315	1
2324	2437	-299.185	0.000	0.7092	0.3551	1
2324	2459	-156.126	0.000	0.8067	0.6071	1
2325	2466	-14.052	0.000	0.7447	0.6705	1
2325	2473	-14.052	0.000	0.7227	0.6271	1
2326	2417	228.111	0.000	0.7063	0.4789	1
2327	2333	57.022	0.000	0.8338	0.7140	1
2327	2347	29.026	0.000	0.8469	0.7234	1
2327	2349	-57.022	0.000	0.8134	0.6777	1
2327	2350	101.048	0.000	0.7650	0.5008	1
2327	2353	-72.021	0.000	0.7574	0.6334	1
2327	2356	44.026	0.000	0.7240	0.6087	1
2327	2360	-30.011	0.000	0.8666	0.7672	1
2327	2362	29.026	0.000	0.7541	0.6854	1
2327	2363	71.037	0.000	0.7959	0.5569	1
2327	2365	-0.000	0.000	0.7480	0.7313	1
2327	2369	-85.016	0.000	0.7049	0.5530	1
2327	2381	-58.005	0.000	0.7967	0.6705	1
2327	2385	-30.010	0.000	0.9111	0.7695	1
2327	2387	71.037	0.000	0.8186	0.5319	1
2327	2393	-43.990	0.000	0.8106	0.6665	1
2327	2394	14.016	0.000	0.9003	0.7561	1
2327	2397	30.011	0.000	0.7656	0.5696	1
2327	2401	71.037	0.000	0.7125	0.5287	1
2327	2459	-69.094	0.000	0.7291	0.5462	1
2328	2331	40.024	0.000	0.7611	0.5756	1
2328	2369	96.070	0.000	0.7215	0.6667	1
2329	2341	-131.033	0.000	0.7125	0.5255	1
2329	2348	-56.996	0.000	0.7303	0.5845	1
2329	2351	-29.985	0.000	0.7932	0.6872	1
2329	2357	-71.996	0.000	0.7780	0.6969	1
2329	2370	-29.985	0.000	0.8430	0.7597	1
2329	2383	-57.980	0.000	0.7976	0.7392	1
2329	2388	-29.975	0.000	0.8302	0.8160	1
2329	2398	-71.012	0.000	0.7091	0.5764	1
2329	2400	-29.986	0.000	0.8709	0.8104	1
2329	2402	0.025	0.000	0.7584	0.8050	1
2329	2404	-56.996	0.000	0.7441	0.6140	1
2330	2343	0.000	0.000	0.7926	0.6529	1
2330	2368	0.000	0.000	0.7662	0.6709	1
2330	2384	0.000	0.000	0.7818	0.6529	1
2330	2412	0.000	0.000	0.7534	0.6529	1
2330	2429	-0.000	0.000	0.8260	0.7625	1
2330	2442	-0.000	0.000	0.8026	0.7040	1
2330	2448	-0.000	0.000	0.7917	0.7425	1
2330	2454	-0.000	0.000	0.8050	0.7136	1
2330	2460	-0.000	0.000	0.8074	0.7278	1
2330	2477	-137.059	0.000	0.7200	0.6410	1
2331	2351	184.093	0.000	0.7310	0.6563	1
2331	2376	-15.995	0.000	0.8119	0.6778	1
2331	2413	-15.995	0.000	0.8140	0.6577	1
2331	2428	-15.995	0.000	0.7721	0.5979	1
2331	2430	-15.995	0.000	0.7962	0.6192	1
2331	2446	-15.995	0.000	0.8021	0.6666	1
2332	2406	0.000	0.000	0.9288	0.8506	1
2332	2423	0.000	0.000	0.8468	0.7145	1
2333	2334	-1.003	0.000	0.7466	0.7404	1
2333	2339	-45.988	0.000	0.8499	0.6692	1
2333	2342	-9.037	0.000	0.7063	0.5724	1
2333	2344	-99.032	0.000	0.8660	0.6725	1
2333	2347	-27.995	0.000	0.8707	0.7638	1
2333	2349	-114.043	0.000	0.7522	0.4950	1
2333	2350	44.026	0.000	0.9043	0.6923	1
2333	2353	-129.043	0.000	0.8546	0.5779	1
2333	2356	-12.995	0.000	0.7879	0.6032	1
2333	2359	-156.054	0.000	0.7375	0.6757	1
2333	2360	-87.032	0.000	0.7147	0.5209	1
2333	2362	-27.995	0.000	0.9260	0.7556	1
2333	2363	14.016	0.000	0.9044	0.7655	1
2333	2365	-57.022	0.000	0.8830	0.7145	1
2333	2373	-86.020	0.000	0.7107	0.6545	1
2333	2381	-115.027	0.000	0.7364	0.5196	1
2333	2385	-87.032	0.000	0.7699	0.4976	1
2333	2387	14.016	0.000	0.9468	0.8619	1
2333	2392	-128.059	0.000	0.7416	0.5225	1
2333	2393	-101.011	0.000	0.7881	0.5521	1
2333	2394	-43.006	0.000	0.8029	0.6138	1
2333	2397	-27.011	0.000	0.9668	0.8660	1
2333	2401	14.016	0.000	0.9601	0.8594	1
2333	2403	-12.995	0.000	0.9140	0.7696	1
2333	2405	44.026	0.000	0.8847	0.7613	1
2333	2409	-156.054	0.000	0.7426	0.5557	1
2333	2414	-114.043	0.000	0.8314	0.5631	1
2333	2417	-142.038	0.000	0.7526	0.4878	1
2333	2437	-269.175	0.000	0.7473	0.4615	1
2333	2459	-126.116	0.000	0.8355	0.6806	1
2334	2350	45.029	0.000	0.7255	0.6478	1
2334	2362	-26.992	0.000	0.7508	0.6619	1
2334	2373	-85.017	0.000	0.7276	0.6013	1
2334	2397	-26.008	0.000	0.7383	0.6478	1
2334	2401	15.019	0.000	0.7742	0.7065	1
2334	2403	-11.992	0.000	0.7073	0.5531	1
2334	2405	45.029	0.000	0.7313	0.6925	1
2335	2336	1.003	0.000	0.8360	0.7136	1
2336	2459	114.991	0.000	0.7401	0.4893	1
2338	2436	0.000	0.000	0.9954	0.9103	1
2338	2440	14.016	0.000	0.9399	0.8888	1
2338	2451	14.016	0.000	0.9573	0.9172	1
2338	2452	0.000	0.000	0.9926	0.9158	1
2338	2471	14.016	0.000	0.9594	0.9411	1
2339	2344	-53.044	0.000	0.8081	0.5552	1
2339	2350	90.014	0.000	0.7517	0.4546	1
2339	2353	-83.055	0.000	0.8130	0.6102	1
2339	2362	17.992	0.000	0.8450	0.6087	1
2339	2363	60.003	0.000	0.7412	0.6052	1
2339	2365	-11.034	0.000	0.8563	0.6704	1
2339	2387	60.003	0.000	0.7292	0.5494	1
2339	2392	-82.071	0.000	0.7190	0.5330	1
2339	2397	18.977	0.000	0.8584	0.5794	1
2339	2401	60.003	0.000	0.8322	0.5509	1
2339	2403	32.992	0.000	0.8470	0.5692	1
2339	2405	90.014	0.000	0.8256	0.4779	1
2339	2409	-110.066	0.000	0.7190	0.4995	1
2339	2414	-68.055	0.000	0.7845	0.5291	1
2339	2417	-96.050	0.000	0.7439	0.4232	1
2339	2459	-80.128	0.000	0.7596	0.5737	1
2341	2351	101.048	0.000	0.7268	0.5751	1
2341	2360	28.006	0.000	0.7991	0.6815	1
2341	2370	101.048	0.000	0.7500	0.5424	1
2341	2385	28.006	0.000	0.7340	0.7005	1
2341	2388	101.058	0.000	0.7432	0.5905	1
2341	2400	101.047	0.000	0.7697	0.5977	1
2343	2368	0.000	0.000	0.9794	0.9255	1
2343	2384	0.000	0.000	0.9649	0.8813	1
2343	2412	0.000	0.000	0.9638	0.9017	1
2343	2429	-0.000	0.000	0.7127	0.5581	1
2343	2442	-0.000	0.000	0.7159	0.5558	1
2343	2454	-0.000	0.000	0.7102	0.5336	1
2343	2460	-0.000	0.000	0.7296	0.5635	1
2343	2464	210.137	0.000	0.7133	0.4588	1
2343	2474	210.137	0.000	0.7085	0.4469	1
2343	2477	-137.059	0.000	0.7820	0.6202	1
2344	2347	71.037	0.000	0.8192	0.6802	1
2344	2350	143.058	0.000	0.8079	0.5458	1
2344	2353	-30.010	0.000	0.8615	0.7463	1
2344	2359	-57.022	0.000	0.7173	0.7487	1
2344	2362	71.037	0.000	0.9158	0.7375	1
2344	2363	113.048	0.000	0.7609	0.5331	1
2344	2365	42.011	0.000	0.8628	0.6552	1
2344	2374	14.016	0.000	0.7537	0.7238	1
2344	2387	113.048	0.000	0.7790	0.5560	1
2344	2392	-29.027	0.000	0.7381	0.5996	1
2344	2397	72.021	0.000	0.8989	0.6568	1
2344	2401	113.048	0.000	0.8749	0.5774	1
2344	2403	86.037	0.000	0.8654	0.5446	1
2344	2405	143.058	0.000	0.8520	0.5213	1
2344	2408	-58.024	0.000	0.7266	0.5670	1
2344	2409	-57.021	0.000	0.8277	0.7070	1
2344	2414	-15.011	0.000	0.8249	0.5636	1
2344	2417	-43.006	0.000	0.9142	0.7096	1
2344	2437	-170.143	0.000	0.8254	0.6445	1
2344	2459	-27.084	0.000	0.8351	0.6260	1
2345	2410	-10.021	0.000	0.9068	0.7156	1
2345	2416	87.032	0.000	0.8496	0.4997	1
2345	2427	-16.062	0.000	0.8294	0.6126	1
2345	2431	-275.139	0.000	0.7959	0.4768	1
2345	2439	-16.063	0.000	0.8418	0.6297	1
2345	2444	87.032	0.000	0.8461	0.4997	1
2345	2447	-16.519	0.000	0.8007	0.4778	1
2345	2464	-41.063	0.000	0.8808	0.7211	1
2345	2474	-41.063	0.000	0.8694	0.7211	1
2345	2477	-388.258	0.000	0.7912	0.5539	1
2347	2349	-86.048	0.000	0.7335	0.5135	1
2347	2350	72.021	0.000	0.8518	0.6425	1
2347	2351	14.005	0.000	0.7223	0.7087	1
2347	2353	-101.047	0.000	0.8146	0.5903	1
2347	2356	15.000	0.000	0.8051	0.7186	1
2347	2359	-128.058	0.000	0.7772	0.6151	1
2347	2360	-59.037	0.000	0.7426	0.5802	1
2347	2362	0.000	0.000	0.8664	0.8848	1
2347	2363	42.011	0.000	0.8240	0.6138	1
2347	2365	-29.026	0.000	0.8258	0.6905	1
2347	2381	-87.032	0.000	0.7663	0.6005	1
2347	2385	-59.037	0.000	0.8061	0.5703	1
2347	2387	42.011	0.000	0.8958	0.7853	1
2347	2392	-100.063	0.000	0.7173	0.5093	1
2347	2393	-73.016	0.000	0.8094	0.6213	1
2347	2394	-15.011	0.000	0.8196	0.6549	1
2347	2397	0.984	0.000	0.8599	0.7347	1
2347	2401	42.011	0.000	0.8200	0.6970	1
2347	2403	15.000	0.000	0.7867	0.6827	1
2347	2405	72.021	0.000	0.7269	0.6514	1
2347	2408	-129.061	0.000	0.7167	0.5254	1
2347	2409	-128.058	0.000	0.7960	0.6274	1
2347	2414	-86.048	0.000	0.7257	0.5787	1
2347	2417	-114.043	0.000	0.8154	0.6381	1
2347	2437	-241.179	0.000	0.7466	0.4988	1
2347	2459	-98.120	0.000	0.7848	0.6098	1
2348	2351	27.011	0.000	0.7403	0.6292	1
2348	2357	-15.000	0.000	0.7611	0.7172	1
2348	2370	27.011	0.000	0.7898	0.6246	1
2348	2383	-0.984	0.000	0.7651	0.6988	1
2348	2398	-14.016	0.000	0.7691	0.6881	1
2348	2400	27.011	0.000	0.7579	0.6440	1
2348	2404	-0.000	0.000	0.8426	0.8099	1
2349	2350	158.069	0.000	0.7252	0.3874	1
2349	2353	-15.000	0.000	0.7457	0.6096	1
2349	2360	27.011	0.000	0.8450	0.7830	1
2349	2362	86.048	0.000	0.7042	0.5493	1
2349	2363	128.059	0.000	0.7908	0.5639	1
2349	2365	57.022	0.000	0.7260	0.6267	1
2349	2369	-27.995	0.000	0.7804	0.6469	1
2349	2385	27.011	0.000	0.8531	0.7620	1
2349	2387	128.059	0.000	0.7695	0.4775	1
2349	2392	-14.016	0.000	0.7233	0.5975	1
2349	2394	71.037	0.000	0.7644	0.5768	1
2349	2397	87.032	0.000	0.7465	0.5129	1
2349	2401	128.059	0.000	0.7072	0.5160	1
2349	2459	-12.073	0.000	0.8171	0.6719	1
2350	2353	-173.069	0.000	0.8029	0.4573	1
2350	2356	-57.022	0.000	0.8285	0.5949	1
2350	2362	-72.021	0.000	0.8784	0.7002	1
2350	2363	-30.010	0.000	0.8839	0.6318	1
2350	2365	-101.048	0.000	0.8427	0.5827	1
2350	2373	-130.046	0.000	0.7603	0.5452	1
2350	2374	-129.042	0.000	0.7218	0.5541	1
2350	2385	-131.058	0.000	0.7444	0.4297	1
2350	2387	-30.010	0.000	0.9336	0.7911	1
2350	2393	-145.037	0.000	0.7867	0.5387	1
2350	2394	-87.032	0.000	0.7771	0.4795	1
2350	2397	-71.037	0.000	0.8971	0.7250	1
2350	2401	-30.010	0.000	0.8938	0.7510	1
2350	2403	-57.021	0.000	0.8746	0.6826	1
2350	2405	0.000	0.000	0.8134	0.7684	1
2350	2414	-158.069	0.000	0.7489	0.4780	1
2350	2437	-313.201	0.000	0.7155	0.3521	1
2350	2459	-170.142	0.000	0.8194	0.5311	1
2351	2360	-73.042	0.000	0.7065	0.6044	1
2351	2370	0.000	0.000	0.8171	0.7968	1
2351	2383	-27.995	0.000	0.7807	0.7314	1
2351	2388	0.011	0.000	0.8600	0.8284	1
2351	2393	-87.021	0.000	0.8162	0.7792	1
2351	2394	-29.015	0.000	0.7397	0.6432	1
2351	2398	-41.027	0.000	0.7075	0.5938	1
2351	2400	-0.000	0.000	0.8057	0.7849	1
2353	2356	116.047	0.000	0.7166	0.5345	1
2353	2359	-27.011	0.000	0.7589	0.7416	1
2353	2360	42.011	0.000	0.7043	0.6432	1
2353	2362	101.047	0.000	0.8672	0.6449	1
2353	2363	143.058	0.000	0.8158	0.5636	1
2353	2365	72.021	0.000	0.8794	0.7251	1
2353	2369	-12.995	0.000	0.7250	0.5813	1
2353	2381	14.016	0.000	0.7410	0.7038	1
2353	2385	42.011	0.000	0.7876	0.6645	1
2353	2387	143.058	0.000	0.8145	0.5182	1
2353	2392	0.984	0.000	0.7772	0.6705	1
2353	2393	28.031	0.000	0.7811	0.6584	1
2353	2394	86.037	0.000	0.7183	0.4981	1
2353	2397	102.032	0.000	0.8689	0.5904	1
2353	2401	143.058	0.000	0.8486	0.5482	1
2353	2403	116.047	0.000	0.8443	0.6207	1
2353	2405	173.069	0.000	0.7984	0.5386	1
2353	2408	-28.014	0.000	0.7192	0.5407	1
2353	2409	-27.011	0.000	0.7715	0.6650	1
2353	2414	15.000	0.000	0.7899	0.5928	1
2353	2417	-12.995	0.000	0.7962	0.6405	1
2353	2437	-140.132	0.000	0.7782	0.5937	1
2353	2459	2.927	0.000	0.8335	0.5893	1
2354	2375	0.000	0.000	0.9886	0.9613	1
2354	2416	0.984	0.000	0.9143	0.8659	1
2354	2444	0.984	0.000	0.9163	0.8605	1
2355	2382	0.000	0.000	0.8859	0.7758	1
2356	2362	-15.000	0.000	0.7665	0.7304	1
2356	2363	27.011	0.000	0.7887	0.5836	1
2356	2365	-44.026	0.000	0.7342	0.5556	1
2356	2379	-47.003	0.000	0.7848	0.6558	1
2356	2387	27.011	0.000	0.8487	0.6974	1
2356	2393	-88.016	0.000	0.8060	0.6734	1
2356	2397	-14.016	0.000	0.7916	0.6146	1
2356	2401	27.011	0.000	0.7677	0.5994	1
2356	2403	0.000	0.000	0.8253	0.7882	1
2356	2414	-101.048	0.000	0.7574	0.5841	1
2356	2459	-113.120	0.000	0.7300	0.5595	1
2357	2370	42.011	0.000	0.8004	0.7461	1
2357	2383	14.016	0.000	0.9241	0.7808	1
2357	2398	0.984	0.000	0.8700	0.7820	1
2357	2400	42.010	0.000	0.8679	0.7461	1
2357	2402	72.021	0.000	0.8603	0.6941	1
2357	2404	15.000	0.000	0.8639	0.7529	1
2359	2369	14.016	0.000	0.8233	0.7388	1
2359	2381	41.027	0.000	0.8152	0.7357	1
2359	2437	-113.121	0.000	0.7706	0.7433	1
2359	2459	29.938	0.000	0.7333	0.5984	1
2360	2363	101.048	0.000	0.7235	0.4932	1
2360	2369	-55.006	0.000	0.7132	0.5876	1
2360	2381	-27.995	0.000	0.8864	0.8122	1
2360	2385	0.000	0.000	0.8575	0.7738	1
2360	2387	101.048	0.000	0.7233	0.4651	1
2360	2393	-13.979	0.000	0.8188	0.7121	1
2360	2394	44.026	0.000	0.8496	0.7122	1
2362	2363	42.011	0.000	0.8197	0.6913	1
2362	2365	-29.026	0.000	0.8932	0.7220	1
2362	2385	-59.037	0.000	0.7359	0.5759	1
2362	2387	42.011	0.000	0.8674	0.7931	1
2362	2388	14.016	0.000	0.7159	0.5784	1
2362	2392	-100.063	0.000	0.7062	0.5216	1
2362	2393	-73.016	0.000	0.7380	0.6054	1
2362	2394	-15.011	0.000	0.7555	0.7089	1
2362	2397	0.984	0.000	0.9676	0.7982	1
2362	2399	-115.027	0.000	0.7158	0.4355	1
2362	2401	42.011	0.000	0.9532	0.7536	1
2362	2403	15.000	0.000	0.9514	0.7999	1
2362	2405	72.021	0.000	0.9463	0.7336	1
2362	2408	-129.061	0.000	0.7337	0.5611	1
2362	2409	-128.058	0.000	0.8168	0.6462	1
2362	2414	-86.048	0.000	0.8558	0.6192	1
2362	2417	-114.043	0.000	0.8795	0.6766	1
2362	2437	-241.179	0.000	0.7864	0.5519	1
2362	2459	-98.120	0.000	0.8407	0.7171	1
2363	2365	-71.037	0.000	0.7825	0.5460	1
2363	2381	-129.043	0.000	0.7363	0.4866	1
2363	2385	-101.048	0.000	0.7818	0.5050	1
2363	2387	0.000	0.000	0.9266	0.7277	1
2363	2388	-27.995	0.000	0.7356	0.5150	1
2363	2393	-115.027	0.000	0.7527	0.4705	1
2363	2394	-57.021	0.000	0.7658	0.5027	1
2363	2397	-41.027	0.000	0.8652	0.6994	1
2363	2401	0.000	0.000	0.8782	0.8369	1
2363	2403	-27.011	0.000	0.8210	0.7313	1
2363	2405	30.011	0.000	0.7593	0.7070	1
2363	2414	-128.059	0.000	0.7085	0.4814	1
2363	2459	-140.131	0.000	0.7567	0.5105	1
2364	2367	-1.004	0.000	0.7965	0.6784	1
2364	2410	88.027	0.000	0.7316	0.5453	1
2364	2434	-177.091	0.000	0.7836	0.7003	1
2364	2443	-177.091	0.000	0.7553	0.6441	1
2364	2450	-177.091	0.000	0.7676	0.6774	1
2364	2458	-177.091	0.000	0.7702	0.6868	1
2364	2464	56.985	0.000	0.7950	0.6637	1
2364	2474	56.985	0.000	0.7651	0.6531	1
2364	2475	-177.091	0.000	0.7657	0.6929	1
2365	2373	-28.998	0.000	0.7525	0.6181	1
2365	2374	-27.995	0.000	0.7888	0.6569	1
2365	2385	-30.010	0.000	0.7913	0.6658	1
2365	2387	71.037	0.000	0.8096	0.5614	1
2365	2392	-71.037	0.000	0.7794	0.6527	1
2365	2394	14.016	0.000	0.7944	0.7078	1
2365	2397	30.011	0.000	0.8751	0.6139	1
2365	2401	71.037	0.000	0.8586	0.5614	1
2365	2403	44.026	0.000	0.8800	0.6629	1
2365	2405	101.048	0.000	0.8399	0.6211	1
2365	2408	-100.035	0.000	0.7112	0.5645	1
2365	2409	-99.032	0.000	0.7263	0.5369	1
2365	2414	-57.021	0.000	0.8522	0.6323	1
2365	2417	-85.017	0.000	0.8062	0.5519	1
2365	2437	-212.153	0.000	0.7600	0.5153	1
2365	2459	-69.094	0.000	0.8538	0.6410	1
2366	2386	-162.053	0.000	0.7585	0.6208	1
2366	2418	-162.053	0.000	0.9228	0.7980	1
2367	2464	57.989	0.000	0.7025	0.5093	1
2368	2384	0.000	0.000	0.9597	0.8963	1
2368	2412	0.000	0.000	0.9725	0.9277	1
2368	2477	-137.059	0.000	0.7565	0.6159	1
2369	2379	82.040	0.000	0.7720	0.6743	1
2369	2381	27.011	0.000	0.7458	0.6076	1
2369	2384	-104.110	0.000	0.7148	0.6479	1
2369	2385	55.006	0.000	0.7337	0.6145	1
2369	2393	41.026	0.000	0.7367	0.5702	1
2369	2394	99.032	0.000	0.7337	0.5288	1
2369	2437	-127.137	0.000	0.7014	0.6179	1
2369	2459	15.922	0.000	0.7666	0.6003	1
2370	2383	-27.995	0.000	0.8153	0.7525	1
2370	2388	0.011	0.000	0.7655	0.8727	1
2370	2398	-41.027	0.000	0.7686	0.6339	1
2370	2400	-0.000	0.000	0.8428	0.8559	1
2370	2404	-27.011	0.000	0.7754	0.6619	1
2372	2407	-640.815	0.000	0.9171	0.8140	1
2372	2426	-7.997	0.000	0.7030	0.5785	1
2372	2438	-640.815	0.000	0.8617	0.7198	1
2373	2374	1.004	0.000	0.7519	0.7111	1
2373	2408	-71.036	0.000	0.7368	0.5741	1
2374	2409	-71.037	0.000	0.7153	0.7500	1
2375	2416	0.984	0.000	0.8967	0.8659	1
2375	2444	0.984	0.000	0.9002	0.8605	1
2376	2413	0.000	0.000	0.9286	0.8181	1
2376	2428	-0.000	0.000	0.9296	0.8296	1
2376	2430	-0.000	0.000	0.9177	0.7977	1
2376	2446	0.000	0.000	0.9208	0.8090	1
2378	2391	575.294	0.000	0.7050	0.5770	1
2379	2403	47.003	0.000	0.7288	0.5775	1
2379	2459	-66.118	0.000	0.7144	0.5585	1
2381	2385	27.995	0.000	0.8110	0.7118	1
2381	2387	129.043	0.000	0.7617	0.4797	1
2381	2393	14.016	0.000	0.8345	0.7280	1
2381	2394	72.021	0.000	0.8141	0.6315	1
2381	2397	88.016	0.000	0.7123	0.5086	1
2383	2388	28.006	0.000	0.7739	0.7385	1
2383	2398	-13.032	0.000	0.8508	0.7019	1
2383	2400	27.995	0.000	0.8987	0.7561	1
2383	2402	58.005	0.000	0.8459	0.6840	1
2383	2404	0.984	0.000	0.8658	0.7364	1
2384	2412	0.000	0.000	0.9697	0.9222	1
2384	2429	-0.000	0.000	0.7149	0.5581	1
2384	2442	-0.000	0.000	0.7191	0.5699	1
2384	2454	-0.000	0.000	0.7267	0.5669	1
2384	2460	-0.000	0.000	0.7260	0.5635	1
2384	2477	-137.059	0.000	0.7523	0.5837	1
2385	2387	101.048	0.000	0.7803	0.4572	1
2385	2392	-41.027	0.000	0.7365	0.6390	1
2385	2393	-13.979	0.000	0.7741	0.6112	1
2385	2394	44.026	0.000	0.8585	0.6933	1
2385	2397	60.021	0.000	0.7491	0.4663	1
2385	2401	101.048	0.000	0.7071	0.4365	1
2385	2414	-27.011	0.000	0.7090	0.5368	1
2385	2459	-39.084	0.000	0.7347	0.4969	1
2386	2418	-0.000	0.000	0.7877	0.6867	1
2387	2388	-27.995	0.000	0.7571	0.5290	1
2387	2393	-115.027	0.000	0.7906	0.5181	1
2387	2394	-57.021	0.000	0.7979	0.4843	1
2387	2397	-41.027	0.000	0.9152	0.8560	1
2387	2401	0.000	0.000	0.8907	0.8622	1
2387	2403	-27.011	0.000	0.8495	0.7459	1
2387	2405	30.010	0.000	0.7646	0.7230	1
2387	2414	-128.059	0.000	0.7334	0.4830	1
2387	2459	-140.131	0.000	0.7895	0.5400	1
2388	2393	-87.032	0.000	0.8114	0.7007	1
2388	2394	-29.026	0.000	0.7017	0.5797	1
2388	2400	-0.011	0.000	0.8772	0.8986	1
2388	2401	27.995	0.000	0.7828	0.5826	1
2388	2465	-138.127	0.000	0.7677	0.6280	1
2390	2419	-0.000	0.000	0.8993	0.7439	1
2390	2425	-0.000	0.000	0.9117	0.7607	1
2390	2434	655.329	0.000	0.7480	0.4928	1
2390	2443	655.329	0.000	0.7334	0.4492	1
2390	2450	655.329	0.000	0.7461	0.4870	1
2390	2453	-0.000	0.000	0.8668	0.6639	1
2390	2457	-0.000	0.000	0.8989	0.7712	1
2390	2458	655.329	0.000	0.7388	0.4771	1
2390	2462	-0.001	0.000	0.8934	0.7697	1
2390	2475	655.329	0.000	0.7385	0.4894	1
2391	2411	0.000	0.000	0.9440	0.8507	1
2391	2426	-73.517	0.000	0.7054	0.5758	1
2392	2408	-28.998	0.000	0.7095	0.6052	1
2392	2409	-27.995	0.000	0.7095	0.6033	1
2392	2414	14.016	0.000	0.7298	0.6203	1
2392	2417	-13.979	0.000	0.7199	0.5683	1
2392	2437	-141.116	0.000	0.7596	0.6591	1
2392	2459	1.943	0.000	0.8035	0.6241	1
2393	2394	58.006	0.000	0.8500	0.6720	1
2393	2397	74.000	0.000	0.7257	0.4529	1
2393	2400	87.021	0.000	0.7447	0.7278	1
2393	2401	115.027	0.000	0.7033	0.4705	1
2393	2403	88.016	0.000	0.7078	0.5465	1
2393	2459	-25.104	0.000	0.7022	0.4916	1
2394	2397	15.995	0.000	0.7455	0.4818	1
2394	2401	57.021	0.000	0.7107	0.4843	1
2394	2459	-83.110	0.000	0.7318	0.5127	1
2395	2399	-0.000	0.000	0.7117	0.6938	1
2397	2401	41.027	0.000	0.9625	0.8379	1
2397	2403	14.016	0.000	0.9578	0.8085	1
2397	2405	71.037	0.000	0.9296	0.8220	1
2397	2408	-130.045	0.000	0.7074	0.4512	1
2397	2409	-129.043	0.000	0.8353	0.6244	1
2397	2414	-87.032	0.000	0.8522	0.5003	1
2397	2417	-115.027	0.000	0.8329	0.5387	1
2397	2433	-229.070	0.000	0.7339	0.3294	1
2397	2437	-242.164	0.000	0.7634	0.4286	1
2397	2445	-228.147	0.000	0.7108	0.3563	1
2397	2459	-99.105	0.000	0.8529	0.6498	1
2398	2400	41.026	0.000	0.8040	0.6359	1
2398	2402	71.037	0.000	0.7679	0.6125	1
2398	2404	14.016	0.000	0.8681	0.7752	1
2398	2465	-97.089	0.000	0.7156	0.6935	1
2398	2466	-97.089	0.000	0.8135	0.6332	1
2398	2473	-97.089	0.000	0.7929	0.6024	1
2399	2403	130.027	0.000	0.7364	0.5182	1
2400	2402	30.011	0.000	0.7811	0.7035	1
2400	2404	-27.011	0.000	0.7906	0.6189	1
2400	2465	-138.116	0.000	0.7587	0.6434	1
2401	2403	-27.011	0.000	0.9459	0.7526	1
2401	2405	30.010	0.000	0.9493	0.8334	1
2401	2414	-128.059	0.000	0.8129	0.4636	1
2401	2417	-156.054	0.000	0.8244	0.5023	1
2401	2437	-283.190	0.000	0.7132	0.3435	1
2401	2459	-140.131	0.000	0.8093	0.5811	1
2402	2404	-57.021	0.000	0.7715	0.6195	1
2403	2405	57.021	0.000	0.9387	0.7478	1
2403	2409	-143.058	0.000	0.7264	0.4385	1
2403	2414	-101.048	0.000	0.8811	0.6225	1
2403	2417	-129.043	0.000	0.8397	0.5342	1
2403	2433	-243.086	0.000	0.7499	0.4066	1
2403	2437	-256.179	0.000	0.7483	0.4426	1
2403	2459	-113.120	0.000	0.8390	0.6935	1
2404	2466	-111.105	0.000	0.7132	0.5967	1
2405	2409	-200.080	0.000	0.7078	0.4120	1
2405	2414	-158.069	0.000	0.8188	0.4540	1
2405	2417	-186.064	0.000	0.7974	0.4350	1
2405	2459	-170.142	0.000	0.7511	0.5400	1
2406	2423	0.000	0.000	0.8682	0.7663	1
2407	2438	-0.000	0.000	0.8703	0.7217	1
2408	2409	1.003	0.000	0.8293	0.7555	1
2408	2417	15.018	0.000	0.7546	0.6266	1
2408	2437	-112.118	0.000	0.7806	0.6753	1
2408	2459	30.941	0.000	0.7389	0.5610	1
2409	2414	42.011	0.000	0.7983	0.6472	1
2409	2417	14.016	0.000	0.8338	0.6986	1
2409	2437	-113.121	0.000	0.7857	0.6335	1
2409	2459	29.938	0.000	0.8112	0.6588	1
2410	2412	-241.179	0.000	0.7041	0.5348	1
2410	2427	-6.042	0.000	0.8297	0.6435	1
2410	2431	-265.118	0.000	0.8209	0.5384	1
2410	2439	-6.042	0.000	0.8341	0.6425	1
2410	2447	-6.498	0.000	0.8129	0.5061	1
2410	2464	-31.042	0.000	0.9031	0.7829	1
2410	2474	-31.042	0.000	0.8984	0.7829	1
2410	2477	-378.238	0.000	0.8171	0.5524	1
2411	2422	-73.517	0.000	0.7213	0.6152	1
2411	2426	-73.517	0.000	0.7359	0.6224	1
2412	2442	-0.000	0.000	0.7015	0.5699	1
2412	2454	-0.000	0.000	0.7004	0.5511	1
2412	2460	-0.000	0.000	0.7066	0.5635	1
2412	2477	-137.059	0.000	0.7512	0.6056	1
2413	2428	-0.000	0.000	0.9249	0.7956	1
2413	2430	-0.000	0.000	0.9229	0.8050	1
2413	2446	-0.000	0.000	0.9176	0.7681	1
2414	2417	-27.995	0.000	0.8262	0.6256	1
2414	2433	-142.038	0.000	0.7700	0.5026	1
2414	2437	-155.132	0.000	0.7134	0.4659	1
2414	2459	-12.073	0.000	0.8313	0.6463	1
2416	2444	-0.000	0.000	0.9994	1.0000	1
2417	2433	-114.043	0.000	0.7379	0.4627	1
2417	2437	-127.137	0.000	0.8095	0.6174	1
2417	2459	15.922	0.000	0.7846	0.5611	1
2419	2425	-0.000	0.000	0.9216	0.8366	1
2419	2434	655.329	0.000	0.7124	0.4814	1
2419	2443	655.329	0.000	0.7071	0.4554	1
2419	2450	655.329	0.000	0.7126	0.4748	1
2419	2453	-0.000	0.000	0.8684	0.7088	1
2419	2457	-0.000	0.000	0.8941	0.7129	1
2419	2458	655.329	0.000	0.7060	0.4694	1
2419	2462	-0.000	0.000	0.8953	0.7380	1
2419	2475	655.330	0.000	0.7045	0.4841	1
2421	2424	0.000	0.000	0.9600	0.8776	1
2421	2434	131.040	0.000	0.7078	0.5648	1
2421	2455	-15.995	0.000	0.7527	0.7054	1
2421	2458	131.040	0.000	0.7032	0.5800	1
2421	2475	131.040	0.000	0.7154	0.6296	1
2422	2426	0.000	0.000	0.9572	0.8837	1
2424	2431	131.040	0.000	0.7186	0.5539	1
2424	2434	131.040	0.000	0.7218	0.6137	1
2424	2443	131.040	0.000	0.7107	0.5892	1
2424	2450	131.040	0.000	0.7081	0.6144	1
2424	2455	-15.995	0.000	0.7268	0.6536	1
2424	2458	131.040	0.000	0.7152	0.6285	1
2424	2475	131.040	0.000	0.7252	0.6744	1
2425	2434	655.330	0.000	0.7465	0.5441	1
2425	2443	655.330	0.000	0.7280	0.4958	1
2425	2450	655.330	0.000	0.7463	0.5425	1
2425	2453	0.000	0.000	0.8680	0.7260	1
2425	2457	-0.000	0.000	0.9053	0.7349	1
2425	2458	655.330	0.000	0.7342	0.5266	1
2425	2462	-0.000	0.000	0.8906	0.7368	1
2425	2475	655.330	0.000	0.7355	0.5401	1
2427	2431	-259.076	0.000	0.9427	0.7377	1
2427	2439	-0.001	0.000	0.9785	0.9125	1
2427	2447	-0.456	0.000	0.9318	0.7141	1
2427	2464	-25.000	0.000	0.7864	0.5712	1
2427	2474	-25.000	0.000	0.7878	0.5420	1
2427	2477	-372.196	0.000	0.7821	0.5374	1
2428	2430	0.000	0.000	0.9204	0.7973	1
2428	2446	0.000	0.000	0.9126	0.7855	1
2429	2442	-0.000	0.000	0.9043	0.7835	1
2429	2448	-0.000	0.000	0.9185	0.8042	1
2429	2454	-0.000	0.000	0.9245	0.8272	1
2429	2460	-0.000	0.000	0.9068	0.7753	1
2430	2446	0.000	0.000	0.9265	0.7845	1
2431	2434	0.000	0.000	0.7165	0.5827	1
2431	2439	259.076	0.000	0.9441	0.7365	1
2431	2447	258.620	0.000	0.9757	0.9051	1
2431	2464	234.076	0.000	0.7991	0.5011	1
2431	2474	234.076	0.000	0.7989	0.4839	1
2431	2477	-113.120	0.000	0.7972	0.5996	1
2432	2464	113.084	0.000	0.7516	0.5128	1
2432	2474	113.084	0.000	0.7818	0.5128	1
2432	2477	-234.112	0.000	0.7894	0.6297	1
2434	2439	259.076	0.000	0.7163	0.5471	1
2434	2443	0.000	0.000	0.9693	0.8975	1
2434	2447	258.620	0.000	0.7200	0.5859	1
2434	2450	0.000	0.000	0.9775	0.9257	1
2434	2453	-655.330	0.000	0.7524	0.5393	1
2434	2457	-655.330	0.000	0.7434	0.4577	1
2434	2458	0.000	0.000	0.9854	0.9426	1
2434	2462	-655.330	0.000	0.7339	0.4707	1
2434	2475	0.000	0.000	0.9848	0.9354	1
2436	2440	14.016	0.000	0.9365	0.8422	1
2436	2452	0.000	0.000	0.9885	0.8918	1
2436	2471	14.016	0.000	0.9583	0.9283	1
2437	2459	143.059	0.000	0.8079	0.5622	1
2439	2447	-0.456	0.000	0.9437	0.7428	1
2439	2464	-25.000	0.000	0.7958	0.6001	1
2439	2474	-25.000	0.000	0.7983	0.5743	1
2439	2477	-372.195	0.000	0.7916	0.5528	1
2440	2451	0.000	0.000	0.9820	0.8888	1
2440	2471	0.000	0.000	0.9830	0.9284	1
2441	2461	-0.000	0.000	0.8566	0.7743	1
2442	2448	0.000	0.000	0.9004	0.7469	1
2442	2454	0.000	0.000	0.9003	0.7934	1
2442	2460	0.000	0.000	0.9021	0.7687	1
2443	2447	258.620	0.000	0.7040	0.5691	1
2443	2450	0.000	0.000	0.9720	0.9063	1
2443	2453	-655.330	0.000	0.7500	0.5088	1
2443	2457	-655.330	0.000	0.7352	0.4439	1
2443	2458	0.000	0.000	0.9700	0.8810	1
2443	2462	-655.330	0.000	0.7321	0.4483	1
2443	2475	0.000	0.000	0.9714	0.8928	1
2447	2458	-258.620	0.000	0.7008	0.5746	1
2447	2464	-24.544	0.000	0.7666	0.4770	1
2447	2474	-24.544	0.000	0.7694	0.4587	1
2447	2477	-371.740	0.000	0.7672	0.5416	1
2448	2454	0.000	0.000	0.9120	0.7961	1
2448	2460	0.000	0.000	0.9117	0.7714	1
2450	2453	-655.330	0.000	0.7585	0.5482	1
2450	2457	-655.330	0.000	0.7493	0.4637	1
2450	2458	0.000	0.000	0.9771	0.9108	1
2450	2462	-655.330	0.000	0.7366	0.4677	1
2450	2475	0.000	0.000	0.9816	0.9184	1
2451	2471	0.000	0.000	0.9875	0.9172	1
2453	2457	-0.000	0.000	0.8598	0.6432	1
2453	2458	655.330	0.000	0.7467	0.5245	1
2453	2462	-0.000	0.000	0.8694	0.6726	1
2453	2475	655.330	0.000	0.7418	0.5245	1
2454	2460	0.000	0.000	0.9023	0.7705	1
2454	2477	-137.058	0.000	0.7283	0.6144	1
2457	2458	655.330	0.000	0.7346	0.4475	1
2457	2462	-0.000	0.000	0.9060	0.7903	1
2457	2475	655.330	0.000	0.7389	0.4562	1
2458	2462	-655.330	0.000	0.7312	0.4605	1
2458	2475	0.000	0.000	0.9865	0.9467	1
2459	2465	-25.991	0.000	0.7283	0.6433	1
2460	2477	-137.058	0.000	0.7215	0.5897	1
2462	2475	655.330	0.000	0.7244	0.4605	1
2463	2476	0.984	0.000	0.7159	0.5898	1
2464	2474	0.000	0.000	0.9883	0.9419	1
2464	2477	-347.196	0.000	0.8307	0.5306	1
2465	2466	0.000	0.000	0.7862	0.7176	1
2465	2473	0.000	0.000	0.7641	0.7097	1
2466	2473	0.000	0.000	0.9413	0.8588	1
2467	2469	23.016	0.000	0.8195	0.5802	1
2468	2472	0.000	0.000	0.9362	0.7572	1
2468	2476	0.984	0.000	0.8651	0.7886	1
2472	2476	0.984	0.000	0.8605	0.7758	1
2474	2477	-347.196	0.000	0.8390	0.5306	1
3	5	387.121	0.000	0.7228	0.5844	1
7	410	-32.231	0.000	0.7252	0.6430	1
7	476	60.934	0.000	0.9437	0.6363	1
7	2165	51.878	0.000	0.7592	0.3900	1
7	2235	112.915	0.000	0.7823	0.4369	1
8	93	-26.050	0.000	0.7607	0.5732	1
8	529	-14.014	0.000	0.8787	0.6810	1
10	12	29.034	0.000	0.7058	0.6161	1
10	36	1.003	0.000	0.7427	0.6832	1
10	38	3.019	0.000	0.7358	0.7176	1
10	65	-17.007	0.000	0.7142	0.6474	1
11	61	-0.058	0.000	0.9882	0.9421	1
11	78	13.958	0.000	0.8470	0.7259	1
11	90	-34.042	0.000	0.9106	0.7674	1
11	124	14.015	0.000	0.8035	0.7299	1
11	138	41.989	0.000	0.7913	0.6578	1
11	179	29.990	0.000	0.7480	0.7442	1
11	202	-50.037	0.000	0.8676	0.7721	1
11	218	-14.037	0.000	0.7601	0.6068	1
11	222	13.958	0.000	0.8578	0.6949	1
11	227	14.016	0.000	0.8481	0.6889	1
11	228	-13.979	0.000	0.7376	0.6031	1
11	229	-34.042	0.000	0.8535	0.6292	1
11	244	-50.037	0.000	0.8521	0.7341	1
11	250	25.995	0.000	0.8127	0.6725	1
11	261	-14.037	0.000	0.8403	0.7338	1
11	275	-14.037	0.000	0.8399	0.7433	1
11	291	-14.037	0.000	0.8487	0.7554	1
11	312	1.994	0.000	0.8086	0.5950	1
11	315	25.995	0.000	0.7250	0.5604	1
11	389	-168.111	0.000	0.7081	0.5163	1
11	444	-131.152	0.000	0.7331	0.5880	1
11	484	-244.236	0.000	0.7564	0.4723	1
11	522	-278.221	0.000	0.7445	0.4558	1
11	553	-131.152	0.000	0.7658	0.6187	1
11	592	-115.121	0.000	0.7057	0.5613	1
11	665	-52.053	0.000	0.7528	0.5894	1
11	674	-89.105	0.000	0.7377	0.5883	1
11	710	-2.037	0.000	0.7370	0.7361	1
11	715	-329.253	0.000	0.7188	0.4006	1
11	733	-115.121	0.000	0.7535	0.5752	1
11	754	-315.237	0.000	0.7059	0.3886	1
11	837	-75.090	0.000	0.7650	0.6914	1
11	917	-18.068	0.000	0.7238	0.6965	1
11	967	1.958	0.000	0.7687	0.7766	1
11	1626	-40.064	0.000	0.7676	0.5508	1
11	1797	-243.216	0.000	0.7244	0.4581	1
11	1873	-18.043	0.000	0.7014	0.6443	1
11	2035	-24.032	0.000	0.7841	0.5714	1
12	28	-10.021	0.000	0.7797	0.6963	1
12	36	-28.031	0.000	0.8535	0.7910	1
12	52	-24.000	0.000	0.7110	0.6740	1
14	17	-0.005	0.000	0.8759	0.7551	1
15	19	-18.011	0.000	0.9227	0.7549	1
15	225	0.000	0.000	0.9628	0.7040	1
20	47	34.018	0.000	0.9286	0.7055	1
20	62	0.034	0.000	0.9780	0.8570	1
20	69	28.065	0.000	0.8350	0.5757	1
20	83	56.096	0.000	0.9483	0.7797	1
20	343	43.138	0.000	0.7358	0.5179	1
20	356	43.119	0.000	0.7630	0.5555	1
20	563	7.101	0.000	0.8036	0.5654	1
20	952	83.132	0.000	0.8446	0.5436	1
20	1021	53.122	0.000	0.7529	0.5279	1
20	1116	97.148	0.000	0.9073	0.6354	1
20	1186	67.138	0.000	0.7615	0.5544	1
21	1217	42.022	0.000	0.7065	0.6348	1
22	28	1.003	0.000	0.8368	0.7653	1
22	31	15.019	0.000	0.8327	0.7231	1
22	34	3.019	0.000	0.7408	0.6748	1
22	43	29.035	0.000	0.8525	0.7140	1
23	28	-26.016	0.000	0.7169	0.5955	1
23	31	-12.000	0.000	0.7187	0.6370	1
23	32	0.073	0.000	0.7063	0.7464	1
23	43	2.016	0.000	0.7144	0.6661	1
24	41	-0.061	0.000	0.8390	0.7018	1
26	49	33.960	0.000	0.7259	0.5415	1
26	58	33.843	0.000	0.7345	0.5566	1
26	184	52.901	0.000	0.7252	0.6673	1
27	28	-17.027	0.000	0.8006	0.7226	1
27	29	18.011	0.000	0.8234	0.8425	1
27	31	-3.011	0.000	0.7170	0.6566	1
27	34	-15.011	0.000	0.7157	0.5885	1
27	37	28.031	0.000	0.9255	0.8271	1
27	39	-15.995	0.000	0.7282	0.6391	1
27	43	11.005	0.000	0.7251	0.6677	1
27	45	-32.009	0.000	0.7211	0.6348	1
27	51	-16.014	0.000	0.7177	0.6239	1
28	31	14.016	0.000	0.8922	0.7972	1
28	34	2.016	0.000	0.7075	0.6315	1
28	37	45.058	0.000	0.7149	0.5681	1
28	43	28.031	0.000	0.8792	0.7575	1
28	57	4.031	0.000	0.7220	0.7258	1
28	65	-36.021	0.000	0.7066	0.6006	1
29	37	10.021	0.000	0.7660	0.7372	1
29	57	-31.006	0.000	0.7313	0.6455	1
30	38	1.003	0.000	0.8264	0.7646	1
30	39	18.030	0.000	0.7176	0.6487	1
30	40	29.035	0.000	0.7016	0.6344	1
30	42	-17.007	0.000	0.7379	0.6850	1
30	51	18.010	0.000	0.7019	0.6128	1
31	34	-12.000	0.000	0.7391	0.6712	1
31	37	31.042	0.000	0.7415	0.6195	1
31	40	-1.979	0.000	0.7203	0.6448	1
31	43	14.016	0.000	0.8507	0.7539	1
31	45	-28.998	0.000	0.7120	0.6471	1
31	52	-27.995	0.000	0.7023	0.6488	1
31	57	-9.985	0.000	0.7803	0.7638	1
34	37	43.042	0.000	0.7233	0.5748	1
34	39	-0.984	0.000	0.7591	0.6700	1
34	40	10.021	0.000	0.7039	0.6716	1
34	43	26.016	0.000	0.8143	0.7184	1
34	51	-1.003	0.000	0.7610	0.6748	1
34	52	-15.995	0.000	0.7713	0.6836	1
34	57	2.016	0.000	0.7823	0.7930	1
34	63	-31.990	0.000	0.7974	0.7282	1
34	71	-29.974	0.000	0.7313	0.6465	1
36	38	2.015	0.000	0.7145	0.6704	1
36	52	4.031	0.000	0.8633	0.8351	1
36	65	-18.011	0.000	0.7852	0.7332	1
36	71	-9.948	0.000	0.7339	0.7324	1
37	39	-44.026	0.000	0.7593	0.6309	1
37	43	-17.027	0.000	0.7713	0.6950	1
37	45	-60.041	0.000	0.7280	0.6010	1
37	51	-44.046	0.000	0.7650	0.6395	1
38	39	17.026	0.000	0.8777	0.8195	1
38	40	28.031	0.000	0.8378	0.7627	1
38	42	-18.010	0.000	0.7686	0.6815	1
38	51	17.007	0.000	0.8729	0.8192	1
39	42	-35.037	0.000	0.7237	0.6457	1
39	45	-16.014	0.000	0.7678	0.6750	1
39	51	-0.019	0.000	0.9793	0.9569	1
40	43	15.995	0.000	0.7179	0.6080	1
41	1004	53.052	0.000	0.7126	0.4931	1
42	51	35.018	0.000	0.7226	0.6457	1
42	65	-2.016	0.000	0.7358	0.6820	1
43	57	-24.000	0.000	0.7820	0.7034	1
45	51	15.995	0.000	0.7735	0.6796	1
45	52	1.003	0.000	0.8589	0.8209	1
47	54	28.031	0.000	0.8824	0.5940	1
47	62	-33.984	0.000	0.9316	0.7304	1
47	198	-69.980	0.000	0.7743	0.4867	1
47	1239	39.109	0.000	0.7489	0.5638	1
49	58	-0.117	0.000	0.9826	0.8463	1
49	1150	-10.029	0.000	0.8727	0.6784	1
50	69	0.036	0.000	0.8167	0.8796	1
51	52	-14.992	0.000	0.7016	0.6461	1
52	57	18.010	0.000	0.7546	0.7278	1
52	63	-15.995	0.000	0.7469	0.7138	1
52	71	-13.979	0.000	0.7156	0.6778	1
54	69	-33.984	0.000	0.8242	0.4680	1
54	136	84.094	0.000	0.8074	0.5415	1
54	198	-98.012	0.000	0.8093	0.5945	1
54	420	-41.949	0.000	0.7351	0.5478	1
54	531	13.020	0.000	0.7622	0.5252	1
54	922	-131.981	0.000	0.8381	0.5816	1
54	1061	25.057	0.000	0.7096	0.6073	1
54	1120	15.072	0.000	0.7056	0.5598	1
54	1239	11.078	0.000	0.7311	0.5471	1
54	1247	39.072	0.000	0.7013	0.5709	1
55	59	18.011	0.000	0.8879	0.8291	1
55	67	28.031	0.000	0.8700	0.7397	1
58	137	0.073	0.000	0.7222	0.5978	1
58	1150	-9.911	0.000	0.8569	0.6623	1
60	2470	-5.959	0.000	0.7490	0.6281	1
61	78	14.016	0.000	0.8363	0.7259	1
61	90	-33.984	0.000	0.9205	0.7860	1
61	124	14.073	0.000	0.8007	0.7182	1
61	125	26.016	0.000	0.7293	0.7512	1
61	138	42.047	0.000	0.7692	0.6555	1
61	179	30.047	0.000	0.7408	0.7123	1
61	202	-49.979	0.000	0.8609	0.6835	1
61	218	-13.979	0.000	0.7655	0.6243	1
61	222	14.016	0.000	0.8634	0.7312	1
61	227	14.073	0.000	0.8541	0.7194	1
61	228	-13.922	0.000	0.7412	0.6059	1
61	229	-33.984	0.000	0.8543	0.6292	1
61	244	-49.979	0.000	0.8423	0.6332	1
61	250	26.052	0.000	0.7959	0.6725	1
61	261	-13.979	0.000	0.8467	0.7731	1
61	275	-13.979	0.000	0.8431	0.7403	1
61	291	-13.979	0.000	0.8530	0.7806	1
61	312	2.052	0.000	0.8010	0.6101	1
61	444	-131.094	0.000	0.7187	0.5880	1
61	484	-244.179	0.000	0.7474	0.4825	1
61	522	-278.163	0.000	0.7341	0.4694	1
61	553	-131.095	0.000	0.7412	0.6044	1
61	626	-40.006	0.000	0.7713	0.6171	1
61	663	-40.006	0.000	0.7902	0.6357	1
61	674	-89.048	0.000	0.7318	0.5765	1
61	703	-40.006	0.000	0.7930	0.6511	1
61	710	-1.979	0.000	0.7095	0.7282	1
61	715	-329.195	0.000	0.7054	0.4106	1
61	733	-115.063	0.000	0.7221	0.5752	1
61	770	-23.975	0.000	0.8017	0.6024	1
61	792	-18.011	0.000	0.7166	0.6064	1
61	837	-75.032	0.000	0.7346	0.6615	1
61	860	-23.975	0.000	0.8052	0.6296	1
61	967	2.016	0.000	0.7844	0.8086	1
61	1626	-40.006	0.000	0.7943	0.6780	1
61	1797	-243.158	0.000	0.7125	0.4581	1
61	1873	-17.985	0.000	0.7014	0.7680	1
61	2035	-23.975	0.000	0.8130	0.6573	1
62	69	28.031	0.000	0.8503	0.6584	1
62	83	56.062	0.000	0.9436	0.7270	1
62	343	43.104	0.000	0.7298	0.5165	1
62	356	43.085	0.000	0.7571	0.5529	1
62	563	7.067	0.000	0.8092	0.5627	1
62	952	83.098	0.000	0.8438	0.5552	1
62	1116	97.114	0.000	0.8941	0.5724	1
63	71	2.016	0.000	0.7463	0.6819	1
64	150	-29.027	0.000	0.7420	0.5663	1
64	176	98.037	0.000	0.7293	0.5097	1
64	213	-112.064	0.000	0.8428	0.5959	1
64	267	-112.064	0.000	0.8106	0.5292	1
64	335	-30.952	0.000	0.7669	0.4823	1
64	459	100.089	0.000	0.8576	0.5624	1
64	710	114.068	0.000	0.7477	0.6531	1
64	792	98.037	0.000	0.8925	0.6675	1
64	813	27.000	0.000	0.7406	0.6184	1
64	915	41.015	0.000	0.8093	0.6488	1
64	1001	41.015	0.000	0.7618	0.6440	1
64	1036	48.057	0.000	0.7672	0.5025	1
64	1470	100.089	0.000	0.8597	0.5781	1
68	145	-0.984	0.000	0.9343	0.7463	1
68	226	-0.984	0.000	0.9048	0.6838	1
68	1005	0.000	0.000	0.9788	0.8611	1
69	83	28.031	0.000	0.8479	0.6456	1
69	563	-20.964	0.000	0.7028	0.4596	1
69	952	55.067	0.000	0.7779	0.4628	1
69	1116	69.083	0.000	0.7911	0.4506	1
72	81	-2.016	0.000	0.7908	0.7332	1
73	74	147.069	0.000	0.9466	0.6906	1
73	165	-29.027	0.000	0.9022	0.7471	1
73	374	-409.232	0.000	0.7509	0.5531	1
73	424	-1.031	0.000	0.8588	0.6829	1
73	509	-197.153	0.000	0.7316	0.5728	1
73	602	-100.100	0.000	0.7689	0.5418	1
73	603	-455.238	0.000	0.7463	0.6551	1
73	617	-1.032	0.000	0.8802	0.8175	1
73	621	-2.034	0.000	0.7091	0.5727	1
73	622	-328.248	0.000	0.7462	0.5484	1
73	625	-360.220	0.000	0.7654	0.6399	1
73	665	294.158	0.000	0.7049	0.4315	1
73	675	-332.186	0.000	0.7081	0.4916	1
73	708	98.037	0.000	0.8975	0.7722	1
73	778	124.053	0.000	0.7224	0.5166	1
73	949	66.047	0.000	0.7239	0.5930	1
74	161	-27.047	0.000	0.8226	0.6105	1
74	430	-160.048	0.000	0.7283	0.5930	1
74	661	-100.100	0.000	0.7985	0.5307	1
74	665	147.090	0.000	0.7372	0.5375	1
74	671	181.074	0.000	0.7510	0.5565	1
74	713	-1.032	0.000	0.8745	0.7401	1
74	716	-411.285	0.000	0.7862	0.5595	1
74	733	84.022	0.000	0.8084	0.5734	1
74	801	12.984	0.000	0.7957	0.5041	1
74	866	98.037	0.000	0.9019	0.7697	1
74	1554	108.094	0.000	0.7200	0.4156	1
74	2236	138.057	0.000	0.7127	0.4033	1
77	167	-0.995	0.000	0.8768	0.6133	1
77	251	-114.043	0.000	0.7158	0.4657	1
77	530	70.005	0.000	0.7861	0.6690	1
77	548	70.005	0.000	0.8079	0.6608	1
77	592	183.090	0.000	0.7441	0.5358	1
77	731	-15.011	0.000	0.7895	0.4100	1
77	733	183.090	0.000	0.7362	0.5591	1
77	760	126.069	0.000	0.7242	0.5058	1
77	949	18.047	0.000	0.7830	0.4937	1
77	1471	51.073	0.000	0.7822	0.5457	1
77	1681	279.184	0.000	0.7603	0.4024	1
78	90	-48.000	0.000	0.7556	0.6805	1
78	124	0.057	0.000	0.8896	0.7359	1
78	138	28.031	0.000	0.7689	0.6866	1
78	179	16.031	0.000	0.7404	0.6162	1
78	222	-0.000	0.000	0.8541	0.7173	1
78	227	0.057	0.000	0.8516	0.7179	1
78	229	-48.000	0.000	0.7169	0.5312	1
78	244	-63.995	0.000	0.7124	0.5662	1
78	262	16.031	0.000	0.7119	0.7822	1
78	312	-11.964	0.000	0.7899	0.6474	1
78	794	-89.048	0.000	0.7314	0.5666	1
79	131	59.967	0.000	0.7668	0.6309	1
79	191	-15.995	0.000	0.7290	0.6841	1
79	197	-193.140	0.000	0.7594	0.5172	1
79	200	-57.056	0.000	0.7870	0.6402	1
79	205	-128.091	0.000	0.8264	0.5980	1
79	245	-15.995	0.000	0.7224	0.6592	1
79	251	-193.140	0.000	0.7790	0.5204	1
79	394	32.993	0.000	0.8257	0.6989	1
79	410	-25.122	0.000	0.8601	0.7063	1
79	427	-59.106	0.000	0.7707	0.5540	1
79	429	-9.091	0.000	0.8538	0.6159	1
79	442	-11.106	0.000	0.7135	0.6338	1
79	444	87.962	0.000	0.7549	0.5935	1
79	449	-122.175	0.000	0.7761	0.6206	1
79	450	-43.075	0.000	0.8587	0.6110	1
79	505	101.978	0.000	0.7100	0.6336	1
79	515	53.978	0.000	0.8937	0.6228	1
79	534	-43.077	0.000	0.8060	0.5533	1
79	553	87.962	0.000	0.8791	0.6444	1
79	568	-128.112	0.000	0.7588	0.4745	1
79	570	201.046	0.000	0.7316	0.3700	1
79	575	-253.161	0.000	0.7850	0.4960	1
79	592	103.993	0.000	0.7336	0.6692	1
79	601	-38.045	0.000	0.7823	0.5794	1
79	609	101.978	0.000	0.8273	0.6339	1
79	631	101.978	0.000	0.8378	0.6339	1
79	632	70.007	0.000	0.9010	0.7617	1
79	633	69.003	0.000	0.7997	0.6498	1
79	649	-75.101	0.000	0.8495	0.6099	1
79	665	167.062	0.000	0.7046	0.3499	1
79	667	30.940	0.000	0.8314	0.6557	1
79	671	201.046	0.000	0.7288	0.3494	1
79	682	-100.098	0.000	0.7230	0.5000	1
79	704	-61.086	0.000	0.7902	0.5096	1
79	733	103.994	0.000	0.7645	0.6186	1
79	748	-31.042	0.000	0.8187	0.6801	1
79	760	46.972	0.000	0.8329	0.6444	1
79	851	-132.090	0.000	0.7017	0.4612	1
79	913	-132.090	0.000	0.7067	0.5404	1
79	917	201.046	0.000	0.7257	0.3313	1
79	918	-45.022	0.000	0.8579	0.7212	1
79	981	-84.087	0.000	0.7517	0.4903	1
79	1459	199.103	0.000	0.7125	0.2810	1
82	101	-27.958	0.000	0.7780	0.4055	1
82	173	42.047	0.000	0.8627	0.5801	1
82	1283	109.126	0.000	0.7316	0.3872	1
82	1561	124.126	0.000	0.7825	0.5578	1
83	343	-12.959	0.000	0.8368	0.7140	1
83	356	-12.977	0.000	0.8594	0.7587	1
83	365	-110.011	0.000	0.7442	0.5479	1
83	501	-15.011	0.000	0.7161	0.4648	1
83	563	-48.995	0.000	0.8165	0.5991	1
83	577	-0.995	0.000	0.7134	0.4461	1
83	879	98.073	0.000	0.7014	0.4231	1
83	952	27.036	0.000	0.8856	0.7387	1
83	1021	-2.975	0.000	0.8410	0.6661	1
83	1116	41.052	0.000	0.8945	0.6166	1
83	1186	11.041	0.000	0.8666	0.7368	1
84	89	88.052	0.000	0.9093	0.6769	1
84	92	44.026	0.000	0.9402	0.7254	1
85	86	-85.053	0.000	0.7148	0.5487	1
85	98	55.100	0.000	0.7830	0.5300	1
85	107	14.016	0.000	0.9115	0.6500	1
85	112	-19.969	0.000	0.8014	0.5783	1
85	130	-57.021	0.000	0.7243	0.5466	1
85	174	-43.006	0.000	0.8018	0.6815	1
85	176	42.047	0.000	0.8027	0.7153	1
85	254	56.063	0.000	0.7976	0.6853	1
85	402	-147.988	0.000	0.7127	0.4072	1
85	404	-0.958	0.000	0.7594	0.6450	1
85	433	-0.959	0.000	0.7798	0.6661	1
85	553	-71.037	0.000	0.7206	0.5562	1
85	600	86.037	0.000	0.7772	0.6288	1
85	792	42.047	0.000	0.8722	0.5223	1
85	1237	-11.925	0.000	0.7358	0.5301	1
85	1282	11.041	0.000	0.7653	0.5353	1
85	1313	3.075	0.000	0.7035	0.4853	1
85	1334	11.041	0.000	0.7842	0.5730	1
85	1370	25.057	0.000	0.7300	0.5219	1
85	1823	2.041	0.000	0.8475	0.5990	1
85	1871	2.041	0.000	0.8458	0.5380	1
85	2000	11.005	0.000	0.7457	0.7335	1
86	87	-33.984	0.000	0.9412	0.7892	1
86	88	-19.969	0.000	0.9410	0.7942	1
86	94	14.016	0.000	0.9378	0.8117	1
86	107	99.068	0.000	0.7420	0.5741	1
86	130	28.032	0.000	0.8803	0.7193	1
86	172	41.044	0.000	0.7189	0.6751	1
86	174	42.047	0.000	0.9058	0.8034	1
86	183	12.037	0.000	0.7436	0.6181	1
86	208	26.052	0.000	0.7816	0.6713	1
86	252	26.052	0.000	0.7856	0.6579	1
86	825	68.063	0.000	0.7952	0.6791	1
86	874	24.037	0.000	0.7113	0.6409	1
87	88	14.016	0.000	0.9436	0.8501	1
87	94	48.000	0.000	0.9267	0.7615	1
87	112	99.068	0.000	0.7250	0.6424	1
87	130	62.016	0.000	0.9016	0.8021	1
87	174	76.031	0.000	0.8701	0.7564	1
87	183	46.021	0.000	0.7626	0.6463	1
87	208	60.037	0.000	0.7704	0.7140	1
87	252	60.037	0.000	0.7801	0.7054	1
87	788	102.047	0.000	0.7090	0.5926	1
87	825	102.047	0.000	0.7588	0.5580	1
88	94	33.984	0.000	0.9184	0.7499	1
88	130	48.000	0.000	0.8713	0.7322	1
88	174	62.016	0.000	0.8195	0.6422	1
88	183	32.005	0.000	0.7325	0.6341	1
88	208	46.021	0.000	0.7582	0.7223	1
88	252	46.021	0.000	0.7668	0.7281	1
88	825	88.031	0.000	0.7970	0.6256	1
89	92	-44.026	0.000	0.9209	0.6998	1
90	124	48.057	0.000	0.7148	0.6311	1
90	202	-15.995	0.000	0.8804	0.7739	1
90	222	48.000	0.000	0.7722	0.6524	1
90	227	48.057	0.000	0.7656	0.6514	1
90	229	0.000	0.000	0.9115	0.7016	1
90	244	-15.995	0.000	0.8814	0.7923	1
90	250	60.036	0.000	0.7943	0.5951	1
90	258	60.036	0.000	0.7992	0.5951	1
90	277	36.036	0.000	0.7843	0.5358	1
90	312	36.036	0.000	0.7673	0.5617	1
90	315	60.036	0.000	0.7169	0.5991	1
90	353	-13.979	0.000	0.8376	0.6932	1
90	515	-131.095	0.000	0.7882	0.6325	1
90	769	-40.006	0.000	0.7471	0.6200	1
90	770	10.010	0.000	0.7629	0.6009	1
90	789	-18.010	0.000	0.7997	0.5477	1
90	860	10.010	0.000	0.7592	0.6065	1
90	967	36.000	0.000	0.7476	0.7993	1
90	2035	10.010	0.000	0.7789	0.6301	1
93	124	-15.974	0.000	0.7239	0.7240	1
93	179	0.000	0.000	0.7937	0.6553	1
93	235	-18.011	0.000	0.8732	0.7488	1
93	285	-18.011	0.000	0.8780	0.7488	1
93	345	-14.016	0.000	0.7701	0.5829	1
93	363	-17.989	0.000	0.7279	0.6095	1
93	370	-13.979	0.000	0.8491	0.6601	1
93	383	26.016	0.000	0.8344	0.7488	1
93	945	-14.016	0.000	0.8378	0.6287	1
93	967	-28.031	0.000	0.8220	0.5921	1
93	1047	-45.058	0.000	0.7889	0.5784	1
93	1217	34.053	0.000	0.7252	0.6287	1
94	108	-97.053	0.000	0.7221	0.6973	1
94	130	14.016	0.000	0.8732	0.8076	1
94	174	28.031	0.000	0.8430	0.8123	1
94	183	-1.979	0.000	0.7676	0.5973	1
94	208	12.037	0.000	0.8060	0.7056	1
94	252	12.037	0.000	0.8086	0.6854	1
94	788	54.047	0.000	0.7434	0.6542	1
94	825	54.047	0.000	0.8678	0.6883	1
96	133	-3.959	0.000	0.7303	0.7371	1
99	103	19.969	0.000	0.9266	0.7546	1
99	104	-14.016	0.000	0.9162	0.7479	1
99	108	33.984	0.000	0.9241	0.7671	1
99	120	16.028	0.000	0.8976	0.7187	1
99	129	-51.011	0.000	0.7078	0.4825	1
99	152	48.000	0.000	0.8387	0.6686	1
99	168	-53.027	0.000	0.7185	0.4880	1
99	182	48.000	0.000	0.8095	0.6141	1
99	193	62.016	0.000	0.8439	0.6785	1
99	220	76.032	0.000	0.7477	0.6393	1
99	243	62.016	0.000	0.8439	0.6793	1
99	280	4.047	0.000	0.7151	0.5649	1
99	286	4.010	0.000	0.7590	0.6119	1
99	687	88.031	0.000	0.7692	0.6798	1
100	248	1.998	0.000	0.7248	0.7766	1
100	259	2.974	0.000	0.7041	0.6809	1
100	265	-15.995	0.000	0.9660	0.7976	1
100	278	1.998	0.000	0.7083	0.7605	1
100	282	-15.995	0.000	0.9748	0.8327	1
100	333	-15.995	0.000	0.9555	0.7596	1
101	105	-69.094	0.000	0.7356	0.4161	1
101	173	70.006	0.000	0.8232	0.4580	1
101	186	-27.047	0.000	0.8029	0.5081	1
101	239	-27.047	0.000	0.8206	0.5194	1
101	460	-43.006	0.000	0.7796	0.5601	1
102	338	-112.064	0.000	0.7257	0.4985	1
102	393	-14.999	0.000	0.7129	0.4486	1
102	396	-13.997	0.000	0.7645	0.5206	1
102	435	-84.033	0.000	0.7207	0.3726	1
102	462	-43.006	0.000	0.7427	0.6243	1
102	464	28.031	0.000	0.7211	0.5341	1
102	466	169.074	0.000	0.8247	0.4666	1
102	488	-42.971	0.000	0.7604	0.6093	1
102	505	55.990	0.000	0.7777	0.6414	1
102	516	169.074	0.000	0.8599	0.4931	1
102	581	-71.001	0.000	0.7333	0.5362	1
102	582	169.074	0.000	0.8492	0.4274	1
102	631	55.990	0.000	0.7275	0.6364	1
102	671	155.058	0.000	0.8451	0.4723	1
102	710	171.090	0.000	0.7571	0.4098	1
102	794	98.037	0.000	0.7876	0.5590	1
102	917	155.058	0.000	0.8342	0.4026	1
102	977	68.049	0.000	0.7711	0.6187	1
102	990	68.026	0.000	0.7719	0.6020	1
102	1034	197.105	0.000	0.8589	0.5502	1
102	1066	112.053	0.000	0.8321	0.6623	1
102	1111	105.079	0.000	0.7920	0.4247	1
102	1184	40.031	0.000	0.8207	0.5650	1
102	1194	197.105	0.000	0.8765	0.5292	1
102	1261	55.031	0.000	0.7116	0.4825	1
102	1362	140.084	0.000	0.7090	0.4089	1
102	1459	153.115	0.000	0.8408	0.4299	1
102	1554	82.078	0.000	0.7565	0.4486	1
102	1681	154.099	0.000	0.8026	0.4089	1
103	104	-33.984	0.000	0.9468	0.8362	1
103	108	14.016	0.000	0.9622	0.8785	1
103	120	-3.940	0.000	0.9340	0.8000	1
103	129	-70.980	0.000	0.7456	0.5720	1
103	152	28.032	0.000	0.8770	0.7984	1
103	168	-72.995	0.000	0.7391	0.5897	1
103	182	28.032	0.000	0.8851	0.7756	1
103	193	42.047	0.000	0.9198	0.8091	1
103	203	26.052	0.000	0.7825	0.6959	1
103	220	56.063	0.000	0.8255	0.7582	1
103	243	42.047	0.000	0.9173	0.8005	1
103	257	26.052	0.000	0.7766	0.6651	1
103	280	-15.922	0.000	0.7414	0.6016	1
103	286	-15.958	0.000	0.7952	0.6384	1
103	519	26.015	0.000	0.7398	0.5035	1
103	687	68.062	0.000	0.8299	0.6874	1
104	108	48.000	0.000	0.9618	0.8556	1
104	120	30.044	0.000	0.9542	0.8175	1
104	129	-36.995	0.000	0.7531	0.5889	1
104	152	62.016	0.000	0.8897	0.8025	1
104	168	-39.011	0.000	0.7723	0.6051	1
104	182	62.016	0.000	0.8115	0.7050	1
104	193	76.031	0.000	0.9029	0.7850	1
104	203	60.037	0.000	0.7293	0.6637	1
104	220	90.047	0.000	0.8053	0.6911	1
104	243	76.032	0.000	0.8980	0.7634	1
104	257	60.037	0.000	0.7154	0.6245	1
104	280	18.062	0.000	0.7169	0.5604	1
104	286	18.026	0.000	0.7912	0.6510	1
104	519	60.000	0.000	0.7631	0.5109	1
104	641	62.016	0.000	0.7138	0.6896	1
104	687	102.047	0.000	0.8065	0.6263	1
104	705	-41.049	0.000	0.7043	0.5623	1
105	186	42.047	0.000	0.8858	0.6671	1
105	239	42.047	0.000	0.8847	0.6389	1
106	118	0.054	0.000	0.7442	0.6226	1
106	169	-0.036	0.000	0.9669	0.9267	1
107	112	-33.984	0.000	0.8912	0.7314	1
107	174	-57.021	0.000	0.7331	0.5487	1
107	176	28.031	0.000	0.7901	0.6510	1
107	254	42.047	0.000	0.8312	0.7416	1
107	305	-45.969	0.000	0.8298	0.5629	1
107	318	-45.969	0.000	0.8201	0.5330	1
107	553	-85.053	0.000	0.7071	0.4879	1
107	600	72.021	0.000	0.7958	0.6167	1
107	792	28.031	0.000	0.9067	0.6888	1
107	1237	-25.940	0.000	0.7379	0.5271	1
107	1370	11.041	0.000	0.7664	0.6391	1
107	1871	-11.975	0.000	0.8671	0.6753	1
107	1963	-31.017	0.000	0.7318	0.5398	1
108	120	-17.956	0.000	0.9497	0.8656	1
108	129	-84.996	0.000	0.7605	0.5761	1
108	152	14.016	0.000	0.9044	0.8062	1
108	161	2.016	0.000	0.7075	0.5947	1
108	168	-87.011	0.000	0.7727	0.5720	1
108	182	14.016	0.000	0.8295	0.7081	1
108	193	28.031	0.000	0.8319	0.7596	1
108	203	12.037	0.000	0.7692	0.7365	1
108	220	42.047	0.000	0.8401	0.8289	1
108	243	28.031	0.000	0.8935	0.8320	1
108	257	12.037	0.000	0.7617	0.7111	1
108	280	-29.938	0.000	0.8105	0.7381	1
108	286	-29.974	0.000	0.8472	0.7458	1
108	442	-2.016	0.000	0.7272	0.6463	1
108	462	12.073	0.000	0.7758	0.6724	1
108	480	-1.943	0.000	0.7239	0.6102	1
108	488	12.108	0.000	0.7680	0.6858	1
108	519	12.000	0.000	0.7543	0.5198	1
108	581	-15.922	0.000	0.7498	0.7104	1
108	641	14.016	0.000	0.7037	0.6716	1
108	687	54.047	0.000	0.8185	0.7054	1
108	705	-89.049	0.000	0.7173	0.6229	1
108	1251	-4.954	0.000	0.7187	0.4779	1
108	1985	96.058	0.000	0.7350	0.6046	1
109	127	-0.010	0.000	1.0000	1.0000	1
110	175	0.000	0.000	0.9498	0.8172	1
110	423	87.970	0.000	0.7601	0.6543	1
110	530	187.038	0.000	0.7887	0.5372	1
110	548	187.038	0.000	0.8059	0.5858	1
110	550	186.036	0.000	0.7226	0.6300	1
110	636	21.985	0.000	0.7119	0.6327	1
110	641	201.055	0.000	0.7461	0.6415	1
110	775	38.026	0.000	0.7417	0.5788	1
110	791	137.060	0.000	0.7065	0.5371	1
110	805	-61.052	0.000	0.7066	0.6294	1
110	1000	49.980	0.000	0.7775	0.6545	1
110	1052	49.979	0.000	0.7972	0.6576	1
110	1107	49.980	0.000	0.7784	0.6858	1
110	1126	50.061	0.000	0.7866	0.6577	1
110	1144	49.980	0.000	0.7852	0.6667	1
110	1451	49.979	0.000	0.7817	0.6437	1
112	174	-23.037	0.000	0.7455	0.7118	1
112	176	62.016	0.000	0.7126	0.5573	1
112	254	76.031	0.000	0.8005	0.7046	1
112	745	-27.011	0.000	0.7042	0.6474	1
112	1370	45.025	0.000	0.7035	0.5109	1
112	1823	22.010	0.000	0.8120	0.5258	1
112	1871	22.009	0.000	0.8239	0.5559	1
113	114	130.063	0.000	0.7536	0.5758	1
113	160	42.047	0.000	0.8083	0.7078	1
118	128	-14.070	0.000	0.7887	0.6359	1
118	169	-0.090	0.000	0.7923	0.6817	1
119	866	42.047	0.000	0.7370	0.6405	1
119	888	-23.964	0.000	0.7608	0.6144	1
119	923	-23.964	0.000	0.7707	0.7105	1
120	129	-67.039	0.000	0.7496	0.5855	1
120	152	31.972	0.000	0.8866	0.7419	1
120	168	-69.055	0.000	0.7767	0.5800	1
120	182	31.972	0.000	0.8007	0.6343	1
120	193	45.987	0.000	0.8768	0.7440	1
120	203	29.993	0.000	0.7560	0.6564	1
120	220	60.003	0.000	0.8158	0.7083	1
120	243	45.988	0.000	0.8751	0.7338	1
120	257	29.993	0.000	0.7401	0.6279	1
120	280	-11.982	0.000	0.7806	0.7286	1
120	286	-12.018	0.000	0.8432	0.7146	1
120	462	30.029	0.000	0.7310	0.5154	1
120	488	30.064	0.000	0.7302	0.5813	1
120	519	29.956	0.000	0.7805	0.5130	1
120	581	2.034	0.000	0.7215	0.5438	1
120	676	-142.130	0.000	0.7021	0.4894	1
120	687	72.003	0.000	0.8480	0.7064	1
120	705	-71.093	0.000	0.7386	0.5900	1
120	759	-16.049	0.000	0.7584	0.5962	1
120	1229	-1.997	0.000	0.7578	0.5740	1
121	122	18.011	0.000	0.7028	0.6491	1
121	123	18.085	0.000	0.7044	0.6491	1
121	132	14.016	0.000	0.7224	0.7026	1
122	123	0.074	0.000	0.9462	0.9192	1
122	133	14.015	0.000	0.8598	0.7802	1
122	158	28.031	0.000	0.7109	0.6669	1
123	133	13.941	0.000	0.8468	0.7816	1
124	138	27.974	0.000	0.7661	0.6793	1
124	179	15.974	0.000	0.7737	0.6555	1
124	222	-0.057	0.000	0.8636	0.7396	1
124	227	0.000	0.000	0.8648	0.7481	1
124	229	-48.057	0.000	0.7048	0.5437	1
124	249	-12.021	0.000	0.8022	0.6376	1
124	262	15.974	0.000	0.7308	0.7785	1
124	312	-12.021	0.000	0.8061	0.7065	1
124	597	-16.016	0.000	0.7412	0.6690	1
124	725	-16.016	0.000	0.7119	0.6407	1
125	138	16.031	0.000	0.8460	0.7342	1
125	178	-0.984	0.000	0.7871	0.7118	1
125	254	-30.011	0.000	0.7533	0.6775	1
125	263	-57.022	0.000	0.7456	0.7319	1
125	294	-57.022	0.000	0.7547	0.7482	1
125	298	2.037	0.000	0.7280	0.6586	1
125	327	2.016	0.000	0.7264	0.6822	1
125	600	-0.036	0.000	0.7287	0.7083	1
125	825	-103.063	0.000	0.7052	0.4882	1
125	897	-18.011	0.000	0.7678	0.5687	1
125	1007	53.048	0.000	0.8828	0.7209	1
125	1016	-23.975	0.000	0.7566	0.6115	1
125	1117	-48.021	0.000	0.7526	0.5175	1
125	1311	-33.943	0.000	0.7087	0.5420	1
125	1369	-43.990	0.000	0.7679	0.6313	1
125	2125	-23.975	0.000	0.7740	0.6195	1
126	362	-211.095	0.000	0.7492	0.6599	1
126	526	-43.989	0.000	0.9325	0.7764	1
126	533	136.064	0.000	0.7416	0.6239	1
126	542	136.064	0.000	0.7589	0.6720	1
126	567	39.010	0.000	0.8352	0.7010	1
126	611	136.064	0.000	0.7264	0.6059	1
126	659	-124.052	0.000	0.7275	0.5860	1
128	155	14.006	0.000	0.7367	0.6978	1
128	166	14.016	0.000	0.7367	0.6978	1
128	273	27.047	0.000	0.7666	0.7426	1
128	345	-30.010	0.000	0.8171	0.7134	1
128	370	-29.974	0.000	0.7812	0.7163	1
128	529	-3.959	0.000	0.8304	0.7676	1
129	152	99.012	0.000	0.7348	0.6099	1
129	168	-2.016	0.000	0.8649	0.7749	1
129	182	99.011	0.000	0.7038	0.5799	1
129	193	113.027	0.000	0.7219	0.5386	1
129	243	113.027	0.000	0.7178	0.5322	1
130	151	-101.027	0.000	0.7084	0.6379	1
130	152	-97.053	0.000	0.7636	0.6425	1
130	172	13.013	0.000	0.7114	0.6304	1
130	174	14.015	0.000	0.8923	0.7347	1
130	182	-97.053	0.000	0.7866	0.7249	1
130	183	-15.995	0.000	0.7452	0.6288	1
130	208	-1.979	0.000	0.7092	0.6333	1
130	252	-1.979	0.000	0.7153	0.6181	1
130	484	-127.100	0.000	0.7215	0.7383	1
130	553	-14.016	0.000	0.7196	0.6012	1
130	641	-97.053	0.000	0.7128	0.7124	1
130	658	-170.106	0.000	0.7126	0.5967	1
130	715	-212.117	0.000	0.7174	0.6504	1
130	754	-198.101	0.000	0.7101	0.5830	1
130	788	40.031	0.000	0.7010	0.5835	1
130	825	40.031	0.000	0.7092	0.5832	1
131	150	14.016	0.000	0.8608	0.7541	1
131	200	-117.023	0.000	0.7687	0.5474	1
131	205	-188.059	0.000	0.7271	0.5315	1
131	213	-69.022	0.000	0.8704	0.8131	1
131	251	-253.107	0.000	0.7143	0.4900	1
131	267	-69.022	0.000	0.8457	0.7089	1
131	394	-26.974	0.000	0.7028	0.5923	1
131	410	-85.089	0.000	0.8300	0.6423	1
131	427	-119.074	0.000	0.7413	0.5571	1
131	429	-69.058	0.000	0.7793	0.5725	1
131	442	-71.074	0.000	0.7042	0.5819	1
131	449	-182.142	0.000	0.7744	0.6593	1
131	450	-103.043	0.000	0.7510	0.5698	1
131	513	-72.077	0.000	0.7159	0.5744	1
131	514	-71.073	0.000	0.7795	0.6420	1
131	515	-5.990	0.000	0.7794	0.5312	1
131	530	-69.058	0.000	0.7318	0.6224	1
131	534	-103.044	0.000	0.7108	0.5042	1
131	548	-69.058	0.000	0.7511	0.6191	1
131	549	-188.153	0.000	0.7567	0.5334	1
131	553	27.995	0.000	0.8073	0.5352	1
131	568	-188.079	0.000	0.8062	0.6246	1
131	569	-71.063	0.000	0.7200	0.5592	1
131	575	-313.128	0.000	0.7389	0.5319	1
131	591	-186.137	0.000	0.7883	0.5704	1
131	592	44.026	0.000	0.8058	0.6909	1
131	594	-57.058	0.000	0.7686	0.6622	1
131	601	-98.012	0.000	0.7331	0.5566	1
131	609	42.010	0.000	0.8467	0.7356	1
131	631	42.011	0.000	0.8462	0.7509	1
131	632	10.039	0.000	0.7761	0.6622	1
131	641	-55.042	0.000	0.7170	0.7133	1
131	649	-135.069	0.000	0.7597	0.5295	1
131	667	-29.027	0.000	0.8230	0.7425	1
131	710	157.110	0.000	0.7577	0.5558	1
131	720	-29.027	0.000	0.8389	0.7342	1
131	733	44.026	0.000	0.8015	0.6754	1
131	757	-59.037	0.000	0.7617	0.6308	1
131	760	-12.995	0.000	0.7294	0.6079	1
131	813	70.042	0.000	0.8508	0.6926	1
131	915	84.057	0.000	0.7251	0.7481	1
131	981	-144.054	0.000	0.7358	0.6288	1
132	133	18.010	0.000	0.7175	0.5937	1
133	156	-25.977	0.000	0.7750	0.6835	1
133	158	14.016	0.000	0.9536	0.9422	1
136	198	-182.105	0.000	0.7529	0.4486	1
136	219	-69.021	0.000	0.7586	0.5472	1
136	293	-69.022	0.000	0.8028	0.5969	1
136	437	12.036	0.000	0.7153	0.7524	1
136	531	-71.073	0.000	0.9066	0.7990	1
136	598	-56.985	0.000	0.8612	0.7775	1
136	600	-11.052	0.000	0.7423	0.7406	1
136	613	-57.058	0.000	0.8498	0.6846	1
136	853	-29.027	0.000	0.9373	0.7910	1
136	897	-29.027	0.000	0.8740	0.8252	1
136	922	-216.075	0.000	0.7585	0.5585	1
136	1029	-15.011	0.000	0.7056	0.7369	1
136	1061	-59.037	0.000	0.8157	0.6231	1
136	1117	-59.037	0.000	0.8169	0.6956	1
136	1120	-69.021	0.000	0.8119	0.6027	1
136	1239	-73.016	0.000	0.8757	0.5362	1
136	1240	-87.032	0.000	0.7790	0.6198	1
136	1247	-45.021	0.000	0.8353	0.7052	1
136	1369	-55.006	0.000	0.8426	0.6700	1
136	1787	-11.016	0.000	0.7685	0.5180	1
136	1790	16.979	0.000	0.8357	0.6939	1
136	2275	13.932	0.000	0.7571	0.5041	1
138	179	-12.000	0.000	0.7720	0.7298	1
138	180	15.995	0.000	0.8733	0.7554	1
138	222	-28.031	0.000	0.7658	0.6553	1
138	227	-27.974	0.000	0.7435	0.6514	1
138	250	-15.995	0.000	0.8072	0.7028	1
138	258	-15.995	0.000	0.8009	0.7076	1
138	284	-12.000	0.000	0.7025	0.8208	1
138	312	-39.995	0.000	0.7488	0.6299	1
138	315	-15.995	0.000	0.7224	0.5235	1
138	389	-210.100	0.000	0.7023	0.3870	1
138	448	10.021	0.000	0.7128	0.6489	1
138	466	-46.042	0.000	0.7803	0.5532	1
138	600	-16.068	0.000	0.7735	0.7867	1
138	710	-44.026	0.000	0.8414	0.7696	1
138	725	-43.990	0.000	0.7165	0.5662	1
138	847	-133.053	0.000	0.7666	0.4924	1
138	945	-26.016	0.000	0.7444	0.7806	1
138	1034	-18.011	0.000	0.8856	0.8009	1
138	1238	-75.032	0.000	0.7465	0.6037	1
138	1539	8.005	0.000	0.7573	0.6950	1
138	1551	-132.053	0.000	0.7343	0.4117	1
138	1600	-105.043	0.000	0.7946	0.4805	1
138	2125	-40.006	0.000	0.7542	0.6429	1
138	2163	11.989	0.000	0.7135	0.6358	1
139	196	25.979	0.000	0.7325	0.6674	1
140	2101	-4.006	0.000	0.8060	0.7297	1
140	2297	-4.006	0.000	0.8004	0.7398	1
140	2302	-91.038	0.000	0.7596	0.6254	1
140	2416	-4.006	0.000	0.7783	0.6854	1
140	2444	-4.006	0.000	0.7796	0.6813	1
142	194	0.000	0.000	0.9333	0.7183	1
142	431	-17.974	0.000	0.8883	0.5676	1
142	443	-16.990	0.000	0.7550	0.5050	1
142	1645	25.997	0.000	0.7729	0.4350	1
142	1653	26.029	0.000	0.7721	0.4350	1
142	1851	68.076	0.000	0.7020	0.4610	1
144	1184	-3.057	0.000	0.7128	0.4018	1
146	158	17.957	0.000	0.7136	0.5952	1
147	353	-0.984	0.000	0.8157	0.6094	1
148	385	68.063	0.000	0.7830	0.6653	1
150	213	-83.037	0.000	0.8531	0.7032	1
150	267	-83.037	0.000	0.8625	0.7174	1
150	405	-85.089	0.000	0.7335	0.6374	1
150	410	-99.105	0.000	0.7647	0.7567	1
150	513	-86.093	0.000	0.7033	0.6009	1
150	514	-85.089	0.000	0.7792	0.6788	1
150	530	-83.074	0.000	0.7590	0.6723	1
150	548	-83.074	0.000	0.7775	0.6799	1
150	569	-85.079	0.000	0.7464	0.6174	1
150	591	-200.153	0.000	0.7120	0.5131	1
150	592	30.010	0.000	0.7253	0.6503	1
150	609	27.995	0.000	0.7823	0.7605	1
150	631	27.995	0.000	0.7764	0.7605	1
150	641	-69.058	0.000	0.7094	0.7304	1
150	720	-43.043	0.000	0.8034	0.7417	1
150	733	30.011	0.000	0.7321	0.6124	1
150	757	-73.053	0.000	0.7174	0.6707	1
150	792	127.063	0.000	0.7650	0.4905	1
150	813	56.026	0.000	0.8664	0.7373	1
150	915	70.042	0.000	0.7196	0.5944	1
151	168	-97.053	0.000	0.7786	0.7596	1
152	168	-101.027	0.000	0.7228	0.6454	1
152	182	-0.000	0.000	0.8967	0.8292	1
152	193	14.015	0.000	0.9411	0.8056	1
152	203	-1.979	0.000	0.8197	0.7763	1
152	207	-113.048	0.000	0.7312	0.6165	1
152	215	-111.033	0.000	0.7676	0.6782	1
152	220	28.031	0.000	0.8785	0.7625	1
152	243	14.016	0.000	0.9441	0.8310	1
152	257	-1.979	0.000	0.8052	0.7159	1
152	280	-43.954	0.000	0.7309	0.5891	1
152	281	-111.033	0.000	0.7471	0.5800	1
152	286	-43.990	0.000	0.7923	0.6383	1
152	386	-212.080	0.000	0.8342	0.6461	1
152	405	-16.031	0.000	0.7355	0.6615	1
152	429	-14.016	0.000	0.8092	0.5828	1
152	449	-127.100	0.000	0.7174	0.7572	1
152	462	-1.943	0.000	0.7492	0.5080	1
152	484	-30.047	0.000	0.7646	0.7501	1
152	487	-115.100	0.000	0.7761	0.7084	1
152	488	-1.908	0.000	0.7489	0.5938	1
152	519	-2.016	0.000	0.7675	0.5137	1
152	522	-64.032	0.000	0.7413	0.6296	1
152	530	-14.016	0.000	0.7403	0.6144	1
152	548	-14.016	0.000	0.7507	0.6652	1
152	550	-15.018	0.000	0.7105	0.6966	1
152	581	-29.938	0.000	0.7585	0.5603	1
152	592	99.068	0.000	0.7814	0.6182	1
152	594	-2.016	0.000	0.7079	0.7362	1
152	609	97.053	0.000	0.7158	0.5631	1
152	631	97.053	0.000	0.7218	0.5631	1
152	641	-0.000	0.000	0.8000	0.7310	1
152	658	-73.053	0.000	0.7829	0.7536	1
152	676	-174.102	0.000	0.7579	0.5126	1
152	687	40.031	0.000	0.8747	0.7209	1
152	705	-103.065	0.000	0.7313	0.6388	1
152	707	-116.066	0.000	0.7098	0.5627	1
152	715	-115.064	0.000	0.8278	0.7431	1
152	733	99.068	0.000	0.7714	0.7058	1
152	735	40.031	0.000	0.7091	0.7649	1
152	754	-101.048	0.000	0.8172	0.7022	1
152	791	-63.995	0.000	0.7514	0.6566	1
152	836	40.031	0.000	0.7494	0.7326	1
152	871	-3.995	0.000	0.7318	0.7068	1
152	873	-99.033	0.000	0.7644	0.6019	1
152	884	-243.122	0.000	0.7177	0.5272	1
152	975	-1.980	0.000	0.8840	0.7644	1
152	987	-1.979	0.000	0.8739	0.7244	1
152	1185	-28.990	0.000	0.7271	0.6115	1
152	1202	68.063	0.000	0.7496	0.5481	1
152	1770	68.026	0.000	0.7242	0.5697	1
152	1798	-29.027	0.000	0.8238	0.7018	1
152	1958	54.035	0.000	0.7345	0.6887	1
154	229	-12.025	0.000	0.7050	0.6825	1
155	166	0.010	0.000	1.0000	1.0000	1
155	273	13.041	0.000	0.8494	0.7799	1
155	503	13.042	0.000	0.8495	0.7556	1
158	185	14.016	0.000	0.7940	0.7276	1
159	2084	79.057	0.000	0.7235	0.6502	1
160	189	17.015	0.000	0.7661	0.5083	1
161	401	-382.184	0.000	0.7801	0.5369	1
161	442	-4.031	0.000	0.8158	0.6621	1
161	480	-3.958	0.000	0.8121	0.6638	1
161	560	-170.106	0.000	0.7712	0.6751	1
161	661	-73.053	0.000	0.8756	0.6364	1
161	701	-358.223	0.000	0.7335	0.4847	1
161	706	-464.264	0.000	0.7065	0.4810	1
161	713	26.015	0.000	0.9586	0.7495	1
161	716	-384.238	0.000	0.8103	0.5449	1
161	733	111.069	0.000	0.7393	0.6774	1
161	801	40.031	0.000	0.8233	0.7207	1
161	866	125.084	0.000	0.8660	0.6705	1
164	434	-3.962	0.000	0.8389	0.7117	1
165	374	-380.205	0.000	0.8517	0.6609	1
165	410	131.002	0.000	0.7832	0.5833	1
165	424	27.995	0.000	0.9224	0.7254	1
165	509	-168.126	0.000	0.7910	0.6560	1
165	584	33.025	0.000	0.7002	0.5365	1
165	602	-71.074	0.000	0.8846	0.6841	1
165	603	-426.212	0.000	0.8471	0.7143	1
165	617	27.995	0.000	0.9538	0.7634	1
165	621	26.993	0.000	0.7684	0.7192	1
165	622	-299.221	0.000	0.8633	0.6614	1
165	625	-331.193	0.000	0.8901	0.7501	1
165	647	-228.078	0.000	0.7072	0.5204	1
165	675	-303.159	0.000	0.7836	0.5979	1
165	697	-36.000	0.000	0.7341	0.6461	1
165	708	127.063	0.000	0.8725	0.7476	1
165	711	-283.191	0.000	0.7037	0.6783	1
165	737	-73.053	0.000	0.7740	0.6160	1
165	740	-269.174	0.000	0.7527	0.5604	1
165	778	153.080	0.000	0.7015	0.4241	1
165	949	95.074	0.000	0.7126	0.4955	1
166	273	13.032	0.000	0.8494	0.7799	1
166	503	13.032	0.000	0.8495	0.7556	1
167	251	-113.048	0.000	0.7053	0.4821	1
167	516	295.154	0.000	0.7135	0.3514	1
167	530	71.001	0.000	0.8129	0.6602	1
167	548	71.001	0.000	0.8451	0.7115	1
167	550	69.999	0.000	0.7335	0.6944	1
167	592	184.085	0.000	0.7706	0.6033	1
167	641	85.017	0.000	0.7523	0.7181	1
167	671	281.138	0.000	0.7210	0.4167	1
167	710	297.169	0.000	0.7450	0.4156	1
167	720	111.032	0.000	0.7034	0.7010	1
167	733	184.085	0.000	0.7048	0.5955	1
167	757	81.022	0.000	0.7088	0.6875	1
167	760	127.064	0.000	0.7210	0.5404	1
167	791	21.022	0.000	0.7337	0.6384	1
167	949	19.042	0.000	0.7741	0.4713	1
167	1471	52.068	0.000	0.7621	0.5271	1
168	193	115.042	0.000	0.7436	0.6745	1
168	243	115.043	0.000	0.7333	0.6700	1
168	286	57.037	0.000	0.7014	0.5616	1
169	2246	9.025	0.000	0.7227	0.6623	1
171	458	-328.139	0.000	0.7301	0.3733	1
171	476	-158.033	0.000	0.8318	0.5381	1
171	1427	-79.005	0.000	0.7112	0.4158	1
171	1456	-34.978	0.000	0.8202	0.6351	1
171	1974	-143.946	0.000	0.8288	0.6254	1
172	174	1.003	0.000	0.7629	0.6346	1
172	404	43.050	0.000	0.7399	0.7460	1
172	433	43.050	0.000	0.7145	0.6984	1
173	186	-97.053	0.000	0.7725	0.5227	1
173	239	-97.053	0.000	0.7727	0.5103	1
173	600	151.024	0.000	0.7253	0.4225	1
173	921	121.050	0.000	0.7161	0.3973	1
173	1283	67.078	0.000	0.7613	0.4672	1
173	2005	81.044	0.000	0.7131	0.4931	1
174	176	85.053	0.000	0.7216	0.6475	1
174	183	-30.010	0.000	0.7004	0.6579	1
174	208	-15.995	0.000	0.7081	0.6630	1
174	252	-15.995	0.000	0.7237	0.6796	1
174	254	99.068	0.000	0.7135	0.6366	1
174	788	26.016	0.000	0.7193	0.6717	1
174	806	-18.010	0.000	0.7267	0.6075	1
174	825	26.016	0.000	0.7118	0.7540	1
174	874	-18.011	0.000	0.7435	0.7123	1
174	898	-3.995	0.000	0.7057	0.6763	1
174	1823	45.047	0.000	0.7246	0.5652	1
174	1871	45.046	0.000	0.7153	0.4284	1
175	423	87.970	0.000	0.7361	0.6789	1
175	530	187.038	0.000	0.7796	0.5481	1
175	548	187.038	0.000	0.7984	0.5929	1
175	641	201.054	0.000	0.7226	0.6412	1
175	775	38.026	0.000	0.7358	0.6001	1
175	1000	49.979	0.000	0.8230	0.7591	1
175	1052	49.979	0.000	0.8453	0.7674	1
175	1107	49.979	0.000	0.8257	0.7696	1
175	1126	50.061	0.000	0.8313	0.7502	1
175	1144	49.979	0.000	0.8309	0.7926	1
175	1451	49.979	0.000	0.8263	0.7155	1
176	213	-210.101	0.000	0.7051	0.4800	1
176	254	14.016	0.000	0.7367	0.5897	1
176	267	-210.101	0.000	0.7391	0.5000	1
176	278	2.052	0.000	0.7010	0.5653	1
176	459	2.052	0.000	0.8627	0.5837	1
176	553	-113.084	0.000	0.7320	0.5814	1
176	915	-57.022	0.000	0.7070	0.5694	1
176	921	14.015	0.000	0.7610	0.4727	1
176	1470	2.052	0.000	0.8764	0.6783	1
176	1823	-40.006	0.000	0.7463	0.6172	1
176	1963	-59.048	0.000	0.7098	0.5837	1
177	181	16.031	0.000	0.8318	0.6258	1
177	218	-9.984	0.000	0.7014	0.7214	1
177	219	-27.995	0.000	0.7931	0.7636	1
177	235	16.031	0.000	0.8060	0.6118	1
177	246	57.058	0.000	0.8026	0.6080	1
177	270	-12.967	0.000	0.7003	0.6290	1
177	285	16.031	0.000	0.8029	0.6118	1
178	218	-39.011	0.000	0.7727	0.6212	1
178	228	-38.953	0.000	0.7583	0.6309	1
178	254	-29.027	0.000	0.7258	0.6214	1
178	261	-39.011	0.000	0.8139	0.6138	1
178	275	-39.011	0.000	0.8091	0.5952	1
178	291	-39.011	0.000	0.8199	0.6077	1
178	1149	-3.011	0.000	0.8357	0.5838	1
178	1239	-61.016	0.000	0.7267	0.5473	1
178	1369	-43.006	0.000	0.8365	0.6739	1
179	180	27.995	0.000	0.7582	0.6974	1
179	181	-18.011	0.000	0.9245	0.7543	1
179	222	-16.031	0.000	0.7137	0.6094	1
179	227	-15.974	0.000	0.7010	0.6124	1
179	235	-18.011	0.000	0.9249	0.8120	1
179	248	-46.006	0.000	0.7097	0.7476	1
179	250	-3.995	0.000	0.8898	0.8120	1
179	258	-3.995	0.000	0.8893	0.8120	1
179	262	-0.000	0.000	0.8209	0.7255	1
179	284	-0.000	0.000	0.8239	0.7365	1
179	285	-18.011	0.000	0.9148	0.7896	1
179	315	-3.995	0.000	0.8101	0.7654	1
179	363	-17.989	0.000	0.8474	0.8231	1
179	383	26.016	0.000	0.7130	0.6795	1
179	945	-14.016	0.000	0.8728	0.8092	1
179	967	-28.031	0.000	0.7464	0.6110	1
180	181	-46.006	0.000	0.7339	0.8348	1
180	248	-74.000	0.000	0.7996	0.7950	1
180	278	-74.000	0.000	0.7743	0.6786	1
180	710	-60.021	0.000	0.9175	0.7309	1
180	725	-59.985	0.000	0.8372	0.6699	1
180	733	-173.105	0.000	0.7175	0.4042	1
181	235	0.000	0.000	0.9541	0.8510	1
181	248	-27.995	0.000	0.8921	0.7959	1
181	250	14.016	0.000	0.7723	0.8662	1
181	258	14.016	0.000	0.7651	0.8685	1
181	262	18.011	0.000	0.8548	0.8735	1
181	278	-27.995	0.000	0.8646	0.7529	1
181	284	18.011	0.000	0.8504	0.8372	1
181	285	0.000	0.000	0.9512	0.8662	1
181	321	-15.941	0.000	0.8498	0.7253	1
181	323	4.031	0.000	0.7477	0.7729	1
181	324	-12.995	0.000	0.7480	0.7267	1
181	355	30.011	0.000	0.8313	0.8023	1
181	370	4.031	0.000	0.7366	0.7300	1
181	371	-12.995	0.000	0.7784	0.7822	1
181	967	-10.021	0.000	0.7235	0.7190	1
181	2467	-65.908	0.000	0.7750	0.5727	1
182	193	14.015	0.000	0.8132	0.6549	1
182	203	-1.979	0.000	0.7079	0.6642	1
182	220	28.031	0.000	0.7361	0.6168	1
182	243	14.016	0.000	0.8286	0.7062	1
182	286	-43.990	0.000	0.7260	0.6384	1
182	386	-212.080	0.000	0.7540	0.6801	1
182	405	-16.031	0.000	0.7581	0.6911	1
182	423	-113.084	0.000	0.7442	0.6143	1
182	449	-127.100	0.000	0.7504	0.6787	1
182	484	-30.047	0.000	0.8069	0.7299	1
182	505	97.053	0.000	0.7011	0.5858	1
182	506	-212.153	0.000	0.7052	0.6691	1
182	522	-64.032	0.000	0.7760	0.6321	1
182	530	-14.016	0.000	0.7528	0.5813	1
182	548	-14.016	0.000	0.7715	0.6447	1
182	550	-15.018	0.000	0.7491	0.6861	1
182	553	83.037	0.000	0.7125	0.5484	1
182	592	99.068	0.000	0.7864	0.5945	1
182	609	97.053	0.000	0.7133	0.6478	1
182	631	97.053	0.000	0.7066	0.5857	1
182	641	-0.000	0.000	0.8178	0.7396	1
182	687	40.031	0.000	0.7212	0.6458	1
182	707	-116.066	0.000	0.7028	0.5484	1
182	715	-115.064	0.000	0.8216	0.6840	1
182	733	99.069	0.000	0.7901	0.6546	1
182	754	-101.048	0.000	0.8240	0.6937	1
182	791	-63.995	0.000	0.7513	0.6730	1
182	801	28.031	0.000	0.7201	0.6942	1
182	836	40.031	0.000	0.7795	0.7374	1
182	871	-3.995	0.000	0.7740	0.6878	1
182	884	-243.122	0.000	0.7009	0.4872	1
182	975	-1.980	0.000	0.8504	0.7182	1
182	986	10.021	0.000	0.7013	0.6255	1
182	987	-1.979	0.000	0.8452	0.6870	1
182	998	-103.027	0.000	0.7053	0.5714	1
182	1202	68.063	0.000	0.7345	0.5539	1
182	1770	68.026	0.000	0.7305	0.5971	1
182	1798	-29.027	0.000	0.7921	0.6441	1
183	208	14.016	0.000	0.8390	0.7441	1
183	252	14.016	0.000	0.8313	0.7047	1
183	825	56.026	0.000	0.7339	0.5751	1
185	1136	-38.986	0.000	0.7269	0.6211	1
185	2096	-0.978	0.000	0.7073	0.6252	1
185	2125	-53.002	0.000	0.7260	0.6388	1
185	2354	-0.959	0.000	0.7141	0.7179	1
186	239	-0.000	0.000	0.9397	0.7339	1
186	460	-15.959	0.000	0.7388	0.5306	1
187	1097	-3.011	0.000	0.7934	0.7363	1
187	1150	-48.000	0.000	0.9511	0.6426	1
187	1409	8.059	0.000	0.9344	0.7860	1
187	1462	8.059	0.000	0.9386	0.7598	1
187	2101	-0.995	0.000	0.9350	0.7315	1
187	2297	-0.995	0.000	0.9263	0.6923	1
187	2416	-0.995	0.000	0.8955	0.5939	1
187	2444	-0.995	0.000	0.8915	0.5946	1
188	211	2.963	0.000	0.7358	0.6692	1
188	256	2.963	0.000	0.7508	0.6389	1
188	290	16.979	0.000	0.8539	0.6531	1
188	721	128.011	0.000	0.7394	0.4669	1
188	896	-15.047	0.000	0.7213	0.6353	1
188	1003	-1.032	0.000	0.8297	0.6770	1
188	1133	-1.032	0.000	0.7137	0.6645	1
188	1160	-1.032	0.000	0.7207	0.6678	1
188	1276	116.047	0.000	0.7076	0.4778	1
189	297	84.014	0.000	0.7405	0.6373	1
191	245	-0.000	0.000	0.9798	0.9041	1
191	394	48.988	0.000	0.7355	0.5001	1
191	970	70.007	0.000	0.7184	0.6941	1
191	989	70.007	0.000	0.7424	0.7401	1
192	193	410.253	0.000	0.8160	0.6841	1
192	243	410.253	0.000	0.8102	0.6772	1
192	711	-48.001	0.000	0.7922	0.6925	1
193	203	-15.995	0.000	0.7037	0.6653	1
193	207	-127.064	0.000	0.7031	0.5655	1
193	220	14.016	0.000	0.9065	0.8298	1
193	243	0.000	0.000	0.9831	0.9008	1
193	280	-57.969	0.000	0.7529	0.6101	1
193	286	-58.005	0.000	0.8083	0.6805	1
193	418	-87.032	0.000	0.8286	0.7642	1
193	462	-15.959	0.000	0.7573	0.5810	1
193	488	-15.923	0.000	0.7534	0.6263	1
193	519	-16.032	0.000	0.7852	0.5656	1
193	581	-43.954	0.000	0.7272	0.5379	1
193	687	26.015	0.000	0.8873	0.7676	1
193	705	-117.080	0.000	0.7197	0.5764	1
193	708	-48.000	0.000	0.7257	0.5420	1
193	735	26.016	0.000	0.7230	0.7623	1
193	977	95.096	0.000	0.7049	0.5334	1
193	990	95.074	0.000	0.7089	0.5601	1
193	1185	-43.006	0.000	0.7046	0.5916	1
193	1207	-28.990	0.000	0.7020	0.5217	1
194	431	-17.974	0.000	0.8870	0.6300	1
194	443	-16.990	0.000	0.7617	0.5929	1
194	1645	25.997	0.000	0.7922	0.4402	1
194	1745	111.047	0.000	0.7474	0.4311	1
196	233	-154.074	0.000	0.9010	0.6658	1
196	314	-154.074	0.000	0.9029	0.6636	1
196	635	-365.170	0.000	0.7910	0.4581	1
197	200	136.084	0.000	0.7086	0.4199	1
197	205	65.048	0.000	0.7603	0.4232	1
197	251	0.000	0.000	0.9662	0.8554	1
197	281	87.032	0.000	0.7058	0.5508	1
197	410	168.018	0.000	0.7849	0.4735	1
197	429	184.049	0.000	0.8261	0.4664	1
197	449	70.965	0.000	0.7495	0.5354	1
197	450	150.064	0.000	0.7984	0.4361	1
197	515	247.117	0.000	0.7462	0.4204	1
197	541	-27.995	0.000	0.8900	0.7551	1
197	553	281.102	0.000	0.7852	0.4096	1
197	568	65.028	0.000	0.7599	0.4025	1
197	575	-60.021	0.000	0.8107	0.4759	1
197	601	155.095	0.000	0.8182	0.6389	1
197	609	295.117	0.000	0.7098	0.4225	1
197	631	295.117	0.000	0.7194	0.4456	1
197	632	263.146	0.000	0.7235	0.4330	1
197	649	118.038	0.000	0.7764	0.4262	1
197	667	224.080	0.000	0.8050	0.5152	1
197	682	93.042	0.000	0.7052	0.4705	1
197	704	132.054	0.000	0.7707	0.4151	1
197	733	297.133	0.000	0.7429	0.4855	1
197	748	162.098	0.000	0.7526	0.4104	1
197	760	240.112	0.000	0.7539	0.4645	1
197	817	26.052	0.000	0.7300	0.5546	1
197	877	70.006	0.000	0.8711	0.7388	1
197	881	69.002	0.000	0.7431	0.5622	1
197	912	70.005	0.000	0.8640	0.7024	1
197	918	148.118	0.000	0.7688	0.4428	1
197	981	109.053	0.000	0.7570	0.5179	1
197	1050	-45.021	0.000	0.9115	0.8070	1
197	1106	-45.021	0.000	0.8945	0.8208	1
197	1264	-132.053	0.000	0.8425	0.6763	1
197	1281	137.085	0.000	0.7499	0.5645	1
198	211	14.016	0.000	0.8069	0.7995	1
198	218	131.095	0.000	0.7265	0.5494	1
198	219	113.084	0.000	0.7645	0.5633	1
198	228	131.152	0.000	0.7091	0.5261	1
198	256	14.016	0.000	0.8338	0.8126	1
198	261	131.094	0.000	0.7748	0.5778	1
198	263	114.068	0.000	0.8041	0.7021	1
198	275	131.094	0.000	0.7715	0.5488	1
198	287	-129.043	0.000	0.7729	0.7547	1
198	291	131.094	0.000	0.7794	0.5923	1
198	293	113.084	0.000	0.8451	0.7329	1
198	294	114.068	0.000	0.7999	0.7035	1
198	317	16.031	0.000	0.8544	0.7414	1
198	330	42.047	0.000	0.9153	0.8431	1
198	354	-43.006	0.000	0.7301	0.5532	1
198	420	56.063	0.000	0.8947	0.7663	1
198	421	-243.086	0.000	0.7463	0.5500	1
198	456	-14.975	0.000	0.7116	0.5638	1
198	482	11.964	0.000	0.7766	0.7043	1
198	486	12.036	0.000	0.7462	0.6868	1
198	507	11.964	0.000	0.7731	0.7018	1
198	531	111.032	0.000	0.7541	0.5063	1
198	543	-15.959	0.000	0.8399	0.7982	1
198	589	26.052	0.000	0.8079	0.6774	1
198	598	125.120	0.000	0.7362	0.6200	1
198	599	77.048	0.000	0.7075	0.4267	1
198	613	125.048	0.000	0.7233	0.4534	1
198	643	-14.975	0.000	0.7254	0.6653	1
198	645	-1.943	0.000	0.8859	0.7689	1
198	653	39.995	0.000	0.7454	0.6138	1
198	656	-72.980	0.000	0.7161	0.5407	1
198	664	-72.980	0.000	0.7150	0.5262	1
198	714	-0.959	0.000	0.8182	0.6945	1
198	806	24.000	0.000	0.7324	0.7146	1
198	853	153.079	0.000	0.8240	0.4574	1
198	897	153.079	0.000	0.7060	0.4480	1
198	905	-18.011	0.000	0.7591	0.6807	1
198	922	-33.969	0.000	0.8418	0.5757	1
198	951	123.068	0.000	0.7099	0.5812	1
198	1061	123.068	0.000	0.7469	0.6410	1
198	1117	123.068	0.000	0.7192	0.6015	1
198	1119	95.073	0.000	0.8833	0.7109	1
198	1120	113.084	0.000	0.8491	0.6509	1
198	1176	-15.011	0.000	0.7469	0.6915	1
198	1209	95.073	0.000	0.7314	0.6161	1
198	1239	109.089	0.000	0.7893	0.6367	1
198	1240	95.073	0.000	0.7005	0.5028	1
198	1247	137.084	0.000	0.7132	0.6244	1
198	1267	38.052	0.000	0.7507	0.5405	1
198	1468	-19.954	0.000	0.7229	0.4125	1
200	205	-71.035	0.000	0.8489	0.6191	1
200	251	-136.084	0.000	0.7219	0.4435	1
200	394	90.049	0.000	0.7047	0.6035	1
200	410	31.934	0.000	0.8454	0.6140	1
200	427	-2.050	0.000	0.7043	0.5125	1
200	429	47.965	0.000	0.8309	0.4583	1
200	449	-65.119	0.000	0.7433	0.5457	1
200	450	13.981	0.000	0.8443	0.5585	1
200	515	111.034	0.000	0.7917	0.4499	1
200	534	13.979	0.000	0.7419	0.5315	1
200	549	-71.130	0.000	0.7611	0.5314	1
200	553	145.018	0.000	0.8087	0.4266	1
200	568	-71.056	0.000	0.7829	0.4921	1
200	575	-196.105	0.000	0.8117	0.5150	1
200	591	-69.114	0.000	0.7924	0.6174	1
200	592	161.049	0.000	0.7223	0.4960	1
200	601	19.011	0.000	0.7975	0.5141	1
200	632	127.063	0.000	0.8163	0.5465	1
200	649	-18.045	0.000	0.8109	0.4929	1
200	667	87.996	0.000	0.8385	0.5941	1
200	682	-43.042	0.000	0.7347	0.5328	1
200	704	-4.030	0.000	0.7802	0.4472	1
200	733	161.050	0.000	0.7626	0.5545	1
200	748	26.014	0.000	0.8907	0.6449	1
200	760	104.028	0.000	0.7861	0.5132	1
200	817	-110.031	0.000	0.7455	0.5267	1
200	851	-75.034	0.000	0.7495	0.4938	1
200	913	-75.034	0.000	0.7750	0.5891	1
200	918	12.034	0.000	0.8637	0.5921	1
200	981	-27.031	0.000	0.7580	0.5060	1
200	1278	-3.960	0.000	0.7220	0.4840	1
200	1281	1.001	0.000	0.7881	0.5835	1
200	1838	130.007	0.000	0.7160	0.6205	1
202	229	15.995	0.000	0.8063	0.6424	1
202	244	-0.000	0.000	0.9728	0.8760	1
202	250	76.031	0.000	0.7514	0.5978	1
202	258	76.031	0.000	0.7385	0.4844	1
202	277	52.031	0.000	0.7325	0.4553	1
202	312	52.031	0.000	0.7251	0.5245	1
202	315	76.031	0.000	0.7496	0.6906	1
202	770	26.005	0.000	0.7205	0.5899	1
202	1036	-18.011	0.000	0.7109	0.5369	1
202	1111	-18.010	0.000	0.7403	0.5857	1
202	1201	-147.053	0.000	0.7334	0.5503	1
202	1427	-22.005	0.000	0.7148	0.5949	1
202	2035	26.004	0.000	0.7056	0.5702	1
203	220	30.011	0.000	0.7898	0.7026	1
203	257	0.000	0.000	0.9576	0.8635	1
203	280	-41.974	0.000	0.7870	0.6942	1
203	286	-42.011	0.000	0.8182	0.7469	1
203	304	0.036	0.000	0.7612	0.7027	1
203	676	-172.123	0.000	0.7432	0.5742	1
203	687	42.010	0.000	0.7961	0.6244	1
203	977	111.091	0.000	0.7233	0.6257	1
203	990	111.068	0.000	0.7070	0.6580	1
203	1251	-16.990	0.000	0.7020	0.5536	1
205	251	-65.048	0.000	0.7737	0.4413	1
205	394	161.084	0.000	0.7753	0.5836	1
205	410	102.970	0.000	0.8560	0.6502	1
205	427	68.985	0.000	0.8031	0.5515	1
205	429	119.001	0.000	0.8929	0.5645	1
205	449	5.916	0.000	0.8039	0.5726	1
205	450	85.016	0.000	0.8978	0.6696	1
205	515	182.069	0.000	0.8579	0.6175	1
205	533	27.995	0.000	0.7585	0.4757	1
205	534	85.015	0.000	0.7598	0.4987	1
205	542	27.995	0.000	0.7656	0.4933	1
205	549	-0.094	0.000	0.7124	0.4387	1
205	553	216.053	0.000	0.8823	0.5772	1
205	567	-69.059	0.000	0.7040	0.4667	1
205	568	-0.021	0.000	0.8050	0.5175	1
205	575	-125.070	0.000	0.8401	0.4982	1
205	592	232.085	0.000	0.7463	0.5115	1
205	601	90.047	0.000	0.8200	0.5188	1
205	609	230.069	0.000	0.7950	0.5687	1
205	611	27.994	0.000	0.7737	0.5084	1
205	631	230.069	0.000	0.8047	0.6029	1
205	632	198.098	0.000	0.8246	0.6138	1
205	649	52.990	0.000	0.8426	0.5661	1
205	667	159.032	0.000	0.8883	0.6488	1
205	669	-222.149	0.000	0.7003	0.4482	1
205	680	26.992	0.000	0.7556	0.5138	1
205	682	27.994	0.000	0.8776	0.6107	1
205	684	-389.145	0.000	0.7015	0.4300	1
205	700	-382.259	0.000	0.7202	0.4688	1
205	704	67.005	0.000	0.8406	0.6012	1
205	715	17.953	0.000	0.7376	0.5446	1
205	733	232.085	0.000	0.7592	0.5488	1
205	748	97.049	0.000	0.8259	0.5929	1
205	749	-363.186	0.000	0.7302	0.4743	1
205	760	175.064	0.000	0.8611	0.6835	1
205	817	-38.996	0.000	0.7474	0.4509	1
205	913	-3.999	0.000	0.7303	0.4477	1
205	918	83.070	0.000	0.8544	0.6204	1
205	919	-391.145	0.000	0.7241	0.4300	1
205	981	44.005	0.000	0.8298	0.5740	1
205	1050	-110.069	0.000	0.7076	0.4521	1
205	1278	67.075	0.000	0.7646	0.4820	1
205	1281	72.036	0.000	0.7349	0.4919	1
207	213	99.069	0.000	0.9061	0.7207	1
207	243	127.064	0.000	0.7144	0.5665	1
207	267	99.069	0.000	0.8790	0.6864	1
207	286	69.058	0.000	0.7388	0.5307	1
207	449	-14.052	0.000	0.8395	0.6635	1
207	462	111.105	0.000	0.8163	0.4767	1
207	465	-315.107	0.000	0.7073	0.4004	1
207	468	-114.991	0.000	0.7728	0.4921	1
207	487	-2.052	0.000	0.8755	0.7252	1
207	488	111.140	0.000	0.7941	0.4945	1
207	517	110.029	0.000	0.7612	0.6404	1
207	518	-315.252	0.000	0.8022	0.5910	1
207	519	111.032	0.000	0.9075	0.6268	1
207	580	-371.097	0.000	0.7012	0.3912	1
207	581	83.110	0.000	0.8095	0.5435	1
207	584	-14.975	0.000	0.8083	0.5709	1
207	604	-147.053	0.000	0.7363	0.5648	1
207	609	210.101	0.000	0.7534	0.6767	1
207	631	210.101	0.000	0.7566	0.6372	1
207	658	39.995	0.000	0.8839	0.7225	1
207	676	-61.054	0.000	0.7762	0.6410	1
207	687	153.079	0.000	0.8320	0.6474	1
207	705	9.983	0.000	0.8618	0.7818	1
207	977	222.160	0.000	0.7061	0.4855	1
207	990	222.137	0.000	0.7617	0.6172	1
207	1185	84.058	0.000	0.7774	0.5978	1
208	252	0.000	0.000	0.9814	0.9287	1
208	825	42.010	0.000	0.7906	0.6336	1
209	212	-17.026	0.000	0.9471	0.8870	1
209	269	-17.026	0.000	0.9385	0.8524	1
209	959	-17.026	0.000	0.7097	0.4874	1
210	215	43.042	0.000	0.9126	0.7702	1
210	281	43.042	0.000	0.9017	0.7414	1
210	384	-101.047	0.000	0.8012	0.6150	1
210	738	26.016	0.000	0.9411	0.7996	1
210	743	25.013	0.000	0.7194	0.5534	1
210	747	-434.220	0.000	0.7762	0.5619	1
210	762	-208.096	0.000	0.8108	0.6077	1
211	256	0.000	0.000	0.9457	0.7998	1
211	288	-228.111	0.000	0.7422	0.6598	1
211	290	14.016	0.000	0.7794	0.7277	1
211	317	2.016	0.000	0.8491	0.7669	1
211	320	-129.043	0.000	0.7606	0.7267	1
211	330	28.031	0.000	0.8252	0.7774	1
211	352	16.031	0.000	0.8389	0.7099	1
211	354	-57.022	0.000	0.8395	0.6500	1
211	373	42.047	0.000	0.8841	0.8274	1
211	420	42.047	0.000	0.7567	0.7155	1
211	482	-2.052	0.000	0.7744	0.7783	1
211	486	-1.979	0.000	0.7409	0.7444	1
211	492	56.063	0.000	0.8024	0.8652	1
211	507	-2.052	0.000	0.7601	0.7410	1
211	543	-29.975	0.000	0.8422	0.7799	1
211	547	11.964	0.000	0.7560	0.7133	1
211	559	12.036	0.000	0.7458	0.6947	1
211	589	12.036	0.000	0.8405	0.6824	1
211	643	-28.990	0.000	0.7673	0.7086	1
211	645	-15.959	0.000	0.8484	0.7543	1
211	653	25.979	0.000	0.7390	0.7186	1
211	714	-14.975	0.000	0.8122	0.7105	1
211	724	39.995	0.000	0.7623	0.7212	1
211	788	54.011	0.000	0.8339	0.7571	1
211	825	54.011	0.000	0.7010	0.6376	1
211	896	-18.011	0.000	0.8579	0.7333	1
211	898	24.000	0.000	0.7443	0.8023	1
211	996	-18.011	0.000	0.7104	0.6467	1
211	1003	-3.995	0.000	0.8003	0.7168	1
211	1119	81.058	0.000	0.7136	0.5320	1
211	1133	-3.995	0.000	0.7339	0.7227	1
211	1140	123.068	0.000	0.7278	0.5737	1
211	1160	-3.995	0.000	0.7342	0.6868	1
211	1274	95.073	0.000	0.7942	0.7288	1
211	1276	113.084	0.000	0.7233	0.6418	1
212	269	0.000	0.000	0.9565	0.8738	1
213	267	-0.000	0.000	0.9591	0.8093	1
213	335	81.112	0.000	0.7047	0.5612	1
213	449	-113.121	0.000	0.8198	0.6977	1
213	513	-3.056	0.000	0.7088	0.6495	1
213	514	-2.052	0.000	0.7658	0.7357	1
213	548	-0.037	0.000	0.7050	0.6533	1
213	569	-2.042	0.000	0.7062	0.6215	1
213	584	-114.044	0.000	0.7888	0.6765	1
213	590	-343.175	0.000	0.7006	0.5738	1
213	591	-117.116	0.000	0.7700	0.6861	1
213	592	113.047	0.000	0.7291	0.6491	1
213	594	11.963	0.000	0.7847	0.7376	1
213	606	-216.184	0.000	0.7234	0.6009	1
213	609	111.032	0.000	0.7065	0.7838	1
213	710	226.132	0.000	0.7160	0.5604	1
213	720	39.995	0.000	0.7877	0.7378	1
213	733	113.048	0.000	0.7001	0.7947	1
213	757	9.984	0.000	0.7653	0.7054	1
213	791	-50.016	0.000	0.7296	0.7348	1
213	792	210.100	0.000	0.8499	0.5282	1
213	813	139.064	0.000	0.8120	0.6824	1
213	872	-18.011	0.000	0.7195	0.6460	1
213	915	153.079	0.000	0.8114	0.7662	1
213	976	-31.043	0.000	0.7157	0.6350	1
213	988	-31.042	0.000	0.7066	0.6133	1
213	1001	153.079	0.000	0.7350	0.5895	1
213	1245	95.074	0.000	0.7490	0.5983	1
215	281	0.000	0.000	0.9597	0.7845	1
215	386	-101.047	0.000	0.8572	0.6645	1
215	429	97.017	0.000	0.8575	0.7454	1
215	449	-16.068	0.000	0.7759	0.7461	1
215	553	194.069	0.000	0.7401	0.7248	1
215	575	-147.054	0.000	0.7231	0.6859	1
215	592	210.101	0.000	0.7964	0.7645	1
215	733	210.101	0.000	0.7853	0.7982	1
215	738	-17.026	0.000	0.9435	0.8050	1
215	739	-569.355	0.000	0.7002	0.5610	1
215	743	-18.029	0.000	0.7348	0.4730	1
215	747	-477.262	0.000	0.8291	0.6101	1
215	762	-251.138	0.000	0.8647	0.6228	1
215	873	12.000	0.000	0.9351	0.7531	1
215	877	-17.026	0.000	0.7212	0.5708	1
215	975	109.053	0.000	0.7066	0.6778	1
215	1798	82.006	0.000	0.7266	0.6853	1
218	219	-18.011	0.000	0.9062	0.8816	1
218	228	0.057	0.000	0.9871	0.9332	1
218	246	67.042	0.000	0.7424	0.7301	1
218	249	16.031	0.000	0.8337	0.5456	1
218	261	-0.000	0.000	0.9370	0.8421	1
218	263	-17.027	0.000	0.8879	0.7861	1
218	268	27.995	0.000	0.7272	0.6695	1
218	275	-0.000	0.000	0.9055	0.7735	1
218	277	16.031	0.000	0.8513	0.6655	1
218	291	-0.000	0.000	0.9358	0.8716	1
218	292	27.995	0.000	0.7202	0.6621	1
218	293	-18.011	0.000	0.8094	0.7068	1
218	294	-17.027	0.000	0.9027	0.8760	1
218	300	28.031	0.000	0.7340	0.6924	1
218	310	28.031	0.000	0.7221	0.6811	1
218	312	16.031	0.000	0.8320	0.6198	1
218	353	-33.984	0.000	0.8430	0.7429	1
218	420	-75.032	0.000	0.7973	0.6065	1
218	597	12.036	0.000	0.7080	0.6552	1
218	843	-17.063	0.000	0.7066	0.7077	1
218	891	26.052	0.000	0.7271	0.7263	1
218	1119	-36.021	0.000	0.7515	0.6730	1
218	1120	-18.011	0.000	0.8028	0.7393	1
218	1369	-3.995	0.000	0.7256	0.7049	1
219	228	18.068	0.000	0.9128	0.9013	1
219	246	85.053	0.000	0.7987	0.7019	1
219	248	16.031	0.000	0.9272	0.7326	1
219	261	18.010	0.000	0.9619	0.8681	1
219	263	0.984	0.000	0.9740	0.8490	1
219	275	18.010	0.000	0.9706	0.8810	1
219	278	16.031	0.000	0.9174	0.6475	1
219	291	18.011	0.000	0.9596	0.8691	1
219	293	-0.000	0.000	0.8650	0.7068	1
219	294	0.984	0.000	0.9771	0.8816	1
219	325	14.016	0.000	0.8242	0.6712	1
219	330	-71.037	0.000	0.7409	0.5056	1
219	343	-33.984	0.000	0.7666	0.6338	1
219	356	-34.003	0.000	0.7854	0.6214	1
219	390	13.980	0.000	0.7492	0.6238	1
219	420	-57.021	0.000	0.7834	0.6287	1
219	598	12.036	0.000	0.7343	0.7235	1
219	599	-36.036	0.000	0.7217	0.6482	1
219	613	11.964	0.000	0.7459	0.6552	1
219	638	-49.979	0.000	0.7536	0.5853	1
219	795	2.052	0.000	0.7976	0.7647	1
219	843	0.948	0.000	0.7675	0.7077	1
219	1119	-18.011	0.000	0.8407	0.7577	1
219	1120	0.000	0.000	0.8605	0.7393	1
219	1139	-89.047	0.000	0.7094	0.5628	1
219	1239	-3.995	0.000	0.7879	0.6540	1
219	1276	14.016	0.000	0.8482	0.7752	1
219	1369	14.016	0.000	0.7242	0.6886	1
219	1527	-23.975	0.000	0.7248	0.4987	1
220	243	-14.016	0.000	0.9048	0.8111	1
220	257	-30.010	0.000	0.7758	0.6640	1
220	286	-72.021	0.000	0.7719	0.6477	1
220	462	-29.974	0.000	0.7630	0.5685	1
220	488	-29.939	0.000	0.7826	0.6544	1
220	581	-57.969	0.000	0.7688	0.5917	1
220	687	12.000	0.000	0.8709	0.7208	1
220	735	12.000	0.000	0.7463	0.7302	1
220	977	81.081	0.000	0.7055	0.4700	1
220	1185	-57.021	0.000	0.7211	0.5756	1
222	227	0.057	0.000	0.9916	0.9743	1
222	229	-48.000	0.000	0.7435	0.5361	1
222	244	-63.995	0.000	0.7011	0.5173	1
222	250	12.036	0.000	0.7393	0.6098	1
222	258	12.036	0.000	0.7448	0.6035	1
222	277	-11.964	0.000	0.7593	0.5769	1
222	597	-15.959	0.000	0.7077	0.5727	1
222	609	-131.095	0.000	0.7144	0.6221	1
222	631	-131.095	0.000	0.7170	0.6113	1
222	725	-15.959	0.000	0.7104	0.6803	1
223	794	203.059	0.000	0.7164	0.4105	1
223	870	-262.132	0.000	0.8007	0.6287	1
223	1020	-115.064	0.000	0.8423	0.7174	1
223	1030	48.000	0.000	0.7006	0.4490	1
223	1102	-115.063	0.000	0.8139	0.6535	1
227	229	-48.057	0.000	0.7388	0.5361	1
227	250	11.979	0.000	0.7467	0.6417	1
227	258	11.979	0.000	0.7528	0.6392	1
227	277	-12.021	0.000	0.7487	0.5769	1
227	597	-16.016	0.000	0.7212	0.6119	1
227	609	-131.152	0.000	0.7061	0.6221	1
227	631	-131.152	0.000	0.7079	0.6135	1
227	725	-16.016	0.000	0.7056	0.7162	1
228	246	66.985	0.000	0.7515	0.7295	1
228	249	15.974	0.000	0.8103	0.5422	1
228	261	-0.058	0.000	0.9247	0.8472	1
228	263	-17.084	0.000	0.8700	0.7998	1
228	268	27.937	0.000	0.7229	0.6695	1
228	275	-0.058	0.000	0.8871	0.7616	1
228	277	15.974	0.000	0.8266	0.6509	1
228	291	-0.058	0.000	0.9202	0.8784	1
228	292	27.937	0.000	0.7158	0.6621	1
228	293	-18.068	0.000	0.8152	0.7274	1
228	294	-17.084	0.000	0.8773	0.8463	1
228	300	27.974	0.000	0.7283	0.6924	1
228	310	27.974	0.000	0.7155	0.6643	1
228	312	15.974	0.000	0.7963	0.5544	1
228	353	-34.042	0.000	0.8244	0.7511	1
228	420	-75.089	0.000	0.7914	0.6065	1
228	597	11.979	0.000	0.7199	0.7210	1
228	891	25.995	0.000	0.7021	0.6958	1
228	1119	-36.079	0.000	0.7382	0.6863	1
228	1120	-18.068	0.000	0.8161	0.7393	1
228	1369	-4.053	0.000	0.7159	0.6286	1
229	244	-15.995	0.000	0.8297	0.7029	1
229	249	36.036	0.000	0.7534	0.4530	1
229	250	60.036	0.000	0.7623	0.4835	1
229	277	36.036	0.000	0.7585	0.4670	1
229	312	36.036	0.000	0.7427	0.4697	1
229	315	60.036	0.000	0.7236	0.5389	1
229	353	-13.979	0.000	0.7836	0.5479	1
229	515	-131.095	0.000	0.7421	0.5833	1
229	860	10.009	0.000	0.7085	0.5012	1
229	2035	10.009	0.000	0.7230	0.5594	1
230	241	0.036	0.000	0.9992	1.0000	1
230	242	-16.990	0.000	0.9085	0.7874	1
230	270	-16.962	0.000	0.9018	0.7767	1
230	272	-16.990	0.000	0.9117	0.7850	1
230	370	16.068	0.000	0.7470	0.5494	1
230	529	42.083	0.000	0.8268	0.5851	1
230	811	2.088	0.000	0.7559	0.7186	1
231	307	0.000	0.000	0.9724	0.8458	1
231	551	-15.996	0.000	0.8994	0.7406	1
231	654	111.032	0.000	0.7622	0.7175	1
231	697	-20.060	0.000	0.8594	0.7241	1
231	861	-18.010	0.000	0.9047	0.7492	1
231	978	-128.095	0.000	0.7551	0.6417	1
231	1162	171.015	0.000	0.7022	0.5252	1
231	1200	-34.006	0.000	0.7640	0.5052	1
231	1229	143.020	0.000	0.7298	0.5712	1
231	1541	-128.095	0.000	0.7394	0.5766	1
231	1630	199.082	0.000	0.7273	0.5148	1
231	1680	197.066	0.000	0.7327	0.4712	1
232	299	-242.127	0.000	0.7346	0.4231	1
232	303	-0.000	0.000	0.9793	0.8565	1
232	392	-27.011	0.000	0.7616	0.5556	1
232	543	-55.043	0.000	0.8070	0.5939	1
232	678	-101.012	0.000	0.8219	0.6543	1
232	702	-101.012	0.000	0.8141	0.7029	1
232	928	-39.011	0.000	0.7103	0.6091	1
232	930	58.042	0.000	0.7508	0.7228	1
232	961	58.042	0.000	0.7538	0.6914	1
232	1209	55.990	0.000	0.7366	0.6668	1
232	1515	-17.027	0.000	0.7461	0.6159	1
232	1525	-45.022	0.000	0.7789	0.6342	1
232	1640	-173.043	0.000	0.7869	0.5393	1
232	1671	98.036	0.000	0.7673	0.5672	1
232	1769	68.026	0.000	0.7184	0.5588	1
232	1826	112.052	0.000	0.7448	0.5946	1
232	1854	58.042	0.000	0.7742	0.7613	1
232	1913	82.042	0.000	0.8153	0.6099	1
232	1957	-89.011	0.000	0.7306	0.4890	1
233	314	0.000	0.000	0.9609	0.8355	1
233	635	-211.096	0.000	0.8577	0.6568	1
235	246	41.027	0.000	0.8010	0.6811	1
235	248	-27.995	0.000	0.8373	0.7838	1
235	250	14.016	0.000	0.7461	0.8568	1
235	258	14.016	0.000	0.7427	0.8568	1
235	262	18.011	0.000	0.9229	0.8376	1
235	278	-27.995	0.000	0.7922	0.6914	1
235	284	18.011	0.000	0.8964	0.7211	1
235	285	0.000	0.000	0.9977	0.9778	1
235	321	-15.941	0.000	0.8248	0.7355	1
235	323	4.031	0.000	0.8353	0.7133	1
235	363	0.021	0.000	0.7626	0.6434	1
235	370	4.031	0.000	0.8235	0.6990	1
235	966	-27.047	0.000	0.7301	0.6064	1
235	967	-10.021	0.000	0.7821	0.6801	1
235	1047	-27.047	0.000	0.7472	0.5848	1
235	1187	51.065	0.000	0.7015	0.6020	1
235	2467	-65.908	0.000	0.7345	0.5944	1
236	247	0.000	0.000	0.7807	0.6052	1
237	273	-0.948	0.000	0.7550	0.7772	1
237	503	-0.948	0.000	0.7716	0.8458	1
239	460	-15.959	0.000	0.7202	0.4656	1
241	242	-17.026	0.000	0.9112	0.7874	1
241	270	-16.998	0.000	0.9049	0.7767	1
241	272	-17.026	0.000	0.9139	0.7850	1
241	370	16.031	0.000	0.7562	0.5483	1
241	529	42.047	0.000	0.8333	0.5862	1
241	811	2.052	0.000	0.7658	0.7174	1
242	270	0.028	0.000	0.9955	0.9733	1
242	272	0.000	0.000	0.9941	0.9678	1
242	296	14.016	0.000	0.9029	0.7888	1
242	309	14.016	0.000	0.8822	0.6714	1
242	324	16.031	0.000	0.8195	0.5499	1
242	371	16.031	0.000	0.8153	0.5693	1
242	532	42.047	0.000	0.8428	0.7093	1
242	824	-42.058	0.000	0.7056	0.5100	1
242	840	-42.058	0.000	0.7147	0.5359	1
242	1347	14.004	0.000	0.7339	0.6387	1
243	280	-57.969	0.000	0.7532	0.5826	1
243	286	-58.005	0.000	0.7953	0.6088	1
243	418	-87.032	0.000	0.8238	0.7661	1
243	462	-15.959	0.000	0.7656	0.5766	1
243	469	-16.962	0.000	0.7199	0.6642	1
243	472	-16.988	0.000	0.7277	0.6596	1
243	488	-15.923	0.000	0.7529	0.5907	1
243	519	-16.032	0.000	0.7880	0.5505	1
243	581	-43.954	0.000	0.7338	0.5324	1
243	641	-14.016	0.000	0.7002	0.6535	1
243	687	26.015	0.000	0.8940	0.7521	1
243	705	-117.080	0.000	0.7428	0.6907	1
243	708	-48.000	0.000	0.7263	0.5236	1
243	735	26.016	0.000	0.7230	0.7368	1
243	977	95.096	0.000	0.7075	0.4979	1
243	990	95.074	0.000	0.7167	0.5460	1
243	1185	-43.006	0.000	0.7075	0.5840	1
243	1207	-28.990	0.000	0.7133	0.5161	1
244	250	76.031	0.000	0.7327	0.5482	1
244	277	52.031	0.000	0.7289	0.4478	1
244	312	52.031	0.000	0.7164	0.4948	1
244	315	76.031	0.000	0.7653	0.6847	1
244	770	26.005	0.000	0.7181	0.5797	1
244	1111	-18.010	0.000	0.7241	0.5566	1
244	1201	-147.053	0.000	0.7182	0.5394	1
245	394	48.988	0.000	0.7322	0.5054	1
245	989	70.007	0.000	0.7205	0.6780	1
246	248	-69.021	0.000	0.7574	0.7702	1
246	278	-69.021	0.000	0.7455	0.6914	1
246	285	-41.027	0.000	0.7990	0.6811	1
246	293	-85.053	0.000	0.7048	0.5818	1
246	321	-56.967	0.000	0.7627	0.5888	1
246	355	-11.016	0.000	0.7802	0.6243	1
246	838	-297.107	0.000	0.7672	0.5765	1
246	971	-86.012	0.000	0.8008	0.7367	1
246	972	-329.097	0.000	0.7231	0.5264	1
246	1150	-45.000	0.000	0.8383	0.7743	1
246	1187	10.039	0.000	0.7100	0.6985	1
246	1400	10.039	0.000	0.7453	0.7215	1
246	1430	-17.027	0.000	0.7303	0.6913	1
246	1795	-101.048	0.000	0.7963	0.6694	1
246	2218	-312.083	0.000	0.7747	0.4984	1
246	2241	-165.978	0.000	0.7689	0.6685	1
246	2463	-453.993	0.000	0.7290	0.4660	1
248	249	18.010	0.000	0.9751	0.8085	1
248	250	42.011	0.000	0.7379	0.6653	1
248	258	42.011	0.000	0.7313	0.6488	1
248	259	0.976	0.000	0.9578	0.8417	1
248	276	0.976	0.000	0.9292	0.7889	1
248	277	18.010	0.000	0.9746	0.8156	1
248	278	0.000	0.000	0.9766	0.8152	1
248	285	27.995	0.000	0.8357	0.7838	1
248	293	-16.031	0.000	0.8358	0.6343	1
248	295	0.976	0.000	0.9290	0.7839	1
248	312	18.010	0.000	0.9588	0.8053	1
248	316	0.984	0.000	0.9290	0.7839	1
248	325	-2.016	0.000	0.8299	0.6601	1
248	343	-50.016	0.000	0.7797	0.5902	1
248	356	-50.034	0.000	0.8040	0.5957	1
248	363	28.016	0.000	0.7060	0.6013	1
248	372	0.984	0.000	0.9580	0.7973	1
248	390	-2.052	0.000	0.7866	0.5701	1
248	394	-170.105	0.000	0.7473	0.3582	1
248	466	11.964	0.000	0.7814	0.5771	1
248	536	-71.037	0.000	0.7111	0.4633	1
248	638	-66.011	0.000	0.7835	0.5961	1
248	725	14.016	0.000	0.7304	0.4983	1
248	795	-13.979	0.000	0.8251	0.6724	1
248	847	-75.047	0.000	0.7140	0.4806	1
248	928	-129.043	0.000	0.7279	0.4948	1
248	966	0.948	0.000	0.7440	0.6928	1
248	967	17.974	0.000	0.7527	0.7435	1
248	1047	0.948	0.000	0.7060	0.6608	1
248	1120	-16.031	0.000	0.8322	0.6304	1
248	1276	-2.016	0.000	0.8394	0.6843	1
248	1474	-128.095	0.000	0.7586	0.4027	1
248	1527	-40.006	0.000	0.7705	0.6467	1
249	259	-17.035	0.000	0.9494	0.7319	1
249	262	27.995	0.000	0.7383	0.8206	1
249	276	-17.035	0.000	0.9235	0.6653	1
249	277	0.000	0.000	0.9892	0.8898	1
249	278	-18.010	0.000	0.9784	0.8419	1
249	284	27.995	0.000	0.7500	0.7518	1
249	295	-17.034	0.000	0.9164	0.6349	1
249	312	0.000	0.000	0.9805	0.8409	1
249	316	-17.027	0.000	0.9164	0.6349	1
249	353	-50.016	0.000	0.9363	0.7353	1
249	372	-17.026	0.000	0.9603	0.7590	1
249	536	-89.048	0.000	0.7030	0.4117	1
249	710	-4.031	0.000	0.7139	0.4907	1
249	966	-17.063	0.000	0.7196	0.7571	1
249	967	-0.036	0.000	0.7144	0.6635	1
250	258	0.000	0.000	0.9938	0.9358	1
250	277	-24.000	0.000	0.9292	0.7729	1
250	285	-14.016	0.000	0.7322	0.8243	1
250	312	-24.000	0.000	0.9074	0.7384	1
250	315	0.000	0.000	0.8574	0.6421	1
250	389	-194.105	0.000	0.7126	0.4199	1
250	466	-30.047	0.000	0.7739	0.5624	1
250	671	-44.063	0.000	0.7858	0.5800	1
250	891	-13.979	0.000	0.7064	0.6503	1
250	945	-10.021	0.000	0.7062	0.6566	1
250	967	-24.036	0.000	0.7332	0.6089	1
250	1034	-2.016	0.000	0.7784	0.6073	1
250	1570	-60.041	0.000	0.7305	0.5156	1
250	1713	-147.054	0.000	0.7583	0.4205	1
250	2051	-89.095	0.000	0.7262	0.4965	1
250	2316	-61.064	0.000	0.7195	0.5246	1
250	2402	-47.048	0.000	0.7490	0.4763	1
251	281	87.032	0.000	0.7064	0.5358	1
251	394	226.133	0.000	0.7042	0.4788	1
251	410	168.018	0.000	0.7954	0.4883	1
251	429	184.049	0.000	0.8307	0.4469	1
251	449	70.965	0.000	0.7540	0.5028	1
251	450	150.064	0.000	0.8085	0.4413	1
251	515	247.117	0.000	0.7645	0.4387	1
251	534	150.063	0.000	0.7034	0.5512	1
251	541	-27.995	0.000	0.8842	0.7618	1
251	553	281.102	0.000	0.7961	0.4185	1
251	568	65.028	0.000	0.7770	0.4202	1
251	575	-60.021	0.000	0.8122	0.4780	1
251	591	66.969	0.000	0.7105	0.4191	1
251	592	297.133	0.000	0.7179	0.4978	1
251	601	155.095	0.000	0.8215	0.6306	1
251	609	295.117	0.000	0.7243	0.4268	1
251	631	295.117	0.000	0.7360	0.4490	1
251	632	263.146	0.000	0.7408	0.4542	1
251	649	118.038	0.000	0.7878	0.4633	1
251	667	224.080	0.000	0.8036	0.4812	1
251	682	93.042	0.000	0.7069	0.4666	1
251	704	132.053	0.000	0.7749	0.4101	1
251	733	297.133	0.000	0.7583	0.4819	1
251	748	162.098	0.000	0.7689	0.4472	1
251	760	240.112	0.000	0.7636	0.4668	1
251	817	26.052	0.000	0.7371	0.5654	1
251	877	70.006	0.000	0.8594	0.7233	1
251	881	69.002	0.000	0.7490	0.5437	1
251	912	70.005	0.000	0.8566	0.6707	1
251	918	148.118	0.000	0.7802	0.4739	1
251	981	109.053	0.000	0.7602	0.5081	1
251	1050	-45.021	0.000	0.9045	0.7766	1
251	1106	-45.021	0.000	0.8899	0.8478	1
251	1264	-132.053	0.000	0.8393	0.6694	1
251	1281	137.085	0.000	0.7533	0.6002	1
252	825	42.010	0.000	0.7925	0.6146	1
254	404	-57.021	0.000	0.7023	0.5432	1
254	433	-57.021	0.000	0.7175	0.5944	1
254	598	-15.959	0.000	0.8102	0.6886	1
254	599	-64.031	0.000	0.8608	0.6544	1
254	600	29.974	0.000	0.8753	0.6224	1
254	613	-16.031	0.000	0.8086	0.6740	1
254	614	-17.034	0.000	0.7056	0.6227	1
254	724	-87.068	0.000	0.7153	0.5586	1
254	745	-103.042	0.000	0.7622	0.5284	1
254	825	-73.053	0.000	0.8188	0.6089	1
254	853	12.000	0.000	0.7102	0.5933	1
254	874	-117.079	0.000	0.7319	0.5680	1
254	1061	-18.010	0.000	0.8594	0.6622	1
254	1239	-31.990	0.000	0.7202	0.5764	1
254	1247	-3.995	0.000	0.8058	0.7463	1
254	1280	-125.009	0.000	0.7385	0.5196	1
254	1369	-13.979	0.000	0.7513	0.6103	1
254	1823	-54.022	0.000	0.7354	0.6851	1
254	1871	-54.022	0.000	0.7427	0.6622	1
256	288	-228.111	0.000	0.7372	0.6265	1
256	290	14.016	0.000	0.7894	0.6887	1
256	317	2.016	0.000	0.7967	0.6914	1
256	320	-129.043	0.000	0.7450	0.6738	1
256	325	113.084	0.000	0.7030	0.4754	1
256	330	28.031	0.000	0.8147	0.7182	1
256	352	16.031	0.000	0.8364	0.6506	1
256	354	-57.022	0.000	0.8494	0.7077	1
256	373	42.047	0.000	0.8418	0.7368	1
256	420	42.047	0.000	0.7108	0.6502	1
256	482	-2.052	0.000	0.7832	0.7739	1
256	486	-1.979	0.000	0.7593	0.7493	1
256	492	56.063	0.000	0.7535	0.7549	1
256	507	-2.052	0.000	0.7701	0.7067	1
256	543	-29.975	0.000	0.8277	0.6916	1
256	547	11.963	0.000	0.7084	0.6375	1
256	589	12.036	0.000	0.8542	0.7403	1
256	643	-28.990	0.000	0.7402	0.7005	1
256	645	-15.959	0.000	0.8531	0.7195	1
256	653	25.979	0.000	0.7132	0.7569	1
256	714	-14.975	0.000	0.8108	0.6666	1
256	724	39.995	0.000	0.7734	0.7516	1
256	788	54.011	0.000	0.8165	0.7229	1
256	896	-18.011	0.000	0.8623	0.7425	1
256	898	24.000	0.000	0.7399	0.7796	1
256	996	-18.011	0.000	0.7133	0.6719	1
256	1003	-3.995	0.000	0.7844	0.6580	1
256	1133	-3.995	0.000	0.7525	0.7396	1
256	1140	123.068	0.000	0.7020	0.5440	1
256	1160	-3.995	0.000	0.7544	0.7187	1
256	1274	95.073	0.000	0.7813	0.7054	1
256	1276	113.084	0.000	0.7289	0.6226	1
257	280	-41.974	0.000	0.7787	0.6628	1
257	286	-42.011	0.000	0.8043	0.7113	1
257	304	0.036	0.000	0.8470	0.8517	1
257	676	-172.123	0.000	0.7416	0.5538	1
257	687	42.010	0.000	0.7890	0.6019	1
257	1251	-16.990	0.000	0.7250	0.5733	1
258	277	-24.000	0.000	0.9322	0.7922	1
258	285	-14.016	0.000	0.7283	0.8441	1
258	312	-24.000	0.000	0.9120	0.7463	1
258	315	0.000	0.000	0.8578	0.6421	1
258	466	-30.047	0.000	0.7702	0.5786	1
258	671	-44.063	0.000	0.7763	0.5562	1
258	710	-28.031	0.000	0.7046	0.5368	1
258	945	-10.021	0.000	0.7076	0.6748	1
258	967	-24.036	0.000	0.7430	0.6331	1
258	1570	-60.041	0.000	0.7190	0.4457	1
258	1713	-147.054	0.000	0.7559	0.4205	1
258	2051	-89.095	0.000	0.7260	0.4965	1
258	2402	-47.048	0.000	0.7499	0.4763	1
259	263	-16.023	0.000	0.9044	0.7260	1
259	276	-0.000	0.000	0.9832	0.9255	1
259	277	17.035	0.000	0.9528	0.7874	1
259	278	-0.976	0.000	0.9424	0.6606	1
259	294	-16.023	0.000	0.8962	0.6898	1
259	295	0.000	0.000	0.9826	0.9339	1
259	312	17.035	0.000	0.9443	0.7622	1
259	316	0.008	0.000	0.9826	0.9339	1
259	317	-114.060	0.000	0.7046	0.5205	1
259	357	-50.008	0.000	0.8936	0.6281	1
259	372	0.008	0.000	0.9571	0.8225	1
259	536	-72.013	0.000	0.7460	0.6700	1
259	668	-66.003	0.000	0.8049	0.5580	1
259	928	-130.019	0.000	0.7109	0.4579	1
259	1034	39.019	0.000	0.7017	0.5589	1
259	1404	-39.998	0.000	0.7353	0.4810	1
259	1474	-129.071	0.000	0.7611	0.4894	1
259	1570	-19.006	0.000	0.7152	0.6536	1
261	263	-17.027	0.000	0.9523	0.8542	1
261	268	27.995	0.000	0.8139	0.7916	1
261	275	0.000	0.000	0.9813	0.8852	1
261	277	16.031	0.000	0.9166	0.6875	1
261	291	0.000	0.000	0.9901	0.9504	1
261	292	27.995	0.000	0.8070	0.7854	1
261	293	-18.011	0.000	0.8915	0.8756	1
261	294	-17.027	0.000	0.9541	0.8474	1
261	300	28.031	0.000	0.8183	0.8013	1
261	310	28.031	0.000	0.8068	0.7885	1
261	312	16.031	0.000	0.8958	0.6601	1
261	330	-89.047	0.000	0.7372	0.5230	1
261	353	-33.984	0.000	0.9157	0.7936	1
261	358	-34.988	0.000	0.7228	0.4858	1
261	420	-75.032	0.000	0.8249	0.6842	1
261	597	12.036	0.000	0.7056	0.7327	1
261	843	-17.063	0.000	0.7593	0.7213	1
261	891	26.052	0.000	0.7337	0.7314	1
261	967	15.995	0.000	0.7350	0.7163	1
261	1119	-36.021	0.000	0.8293	0.7938	1
261	1120	-18.010	0.000	0.8844	0.8544	1
261	1369	-3.995	0.000	0.7500	0.7307	1
261	1787	39.995	0.000	0.7963	0.5738	1
262	284	0.000	0.000	0.9482	0.7648	1
262	285	-18.011	0.000	0.9275	0.8475	1
262	311	12.021	0.000	0.7464	0.6685	1
262	323	-13.979	0.000	0.8688	0.7194	1
262	345	-14.016	0.000	0.7759	0.5771	1
262	370	-13.979	0.000	0.8706	0.7306	1
262	371	-31.006	0.000	0.8254	0.7062	1
262	383	26.016	0.000	0.7965	0.7038	1
262	945	-14.016	0.000	0.8961	0.8176	1
262	966	-45.058	0.000	0.8182	0.5623	1
262	967	-28.031	0.000	0.9017	0.6820	1
262	1047	-45.058	0.000	0.8310	0.5555	1
263	268	45.022	0.000	0.7099	0.6264	1
263	275	17.027	0.000	0.9578	0.8363	1
263	276	16.023	0.000	0.8930	0.7229	1
263	287	-243.111	0.000	0.7047	0.5361	1
263	291	17.027	0.000	0.9502	0.8542	1
263	292	45.022	0.000	0.7090	0.6200	1
263	293	-0.984	0.000	0.9129	0.9049	1
263	294	-0.000	0.000	0.9841	0.8925	1
263	295	16.024	0.000	0.8900	0.6931	1
263	300	45.058	0.000	0.7231	0.6355	1
263	310	45.058	0.000	0.7062	0.6201	1
263	316	16.031	0.000	0.8900	0.6931	1
263	330	-72.021	0.000	0.7563	0.5232	1
263	357	-33.984	0.000	0.8924	0.7211	1
263	372	16.032	0.000	0.8983	0.6285	1
263	420	-58.005	0.000	0.7996	0.6553	1
263	489	42.047	0.000	0.7087	0.5012	1
263	668	-49.979	0.000	0.7877	0.6122	1
263	843	-0.036	0.000	0.7709	0.7077	1
263	965	-34.021	0.000	0.7398	0.6073	1
263	966	15.995	0.000	0.7618	0.7640	1
263	1047	15.995	0.000	0.7218	0.7281	1
263	1119	-18.994	0.000	0.8706	0.8216	1
263	1120	-0.984	0.000	0.8986	0.8743	1
263	1404	-23.975	0.000	0.7251	0.5823	1
263	2012	67.006	0.000	0.7218	0.7229	1
263	2305	-24.011	0.000	0.8022	0.7097	1
264	2101	-28.006	0.000	0.9118	0.7099	1
265	266	-1.003	0.000	0.9151	0.7879	1
265	282	0.000	0.000	0.9894	0.9023	1
265	283	-1.003	0.000	0.9135	0.7947	1
265	333	-0.000	0.000	0.9387	0.8156	1
265	382	26.016	0.000	0.9437	0.7218	1
265	1552	57.060	0.000	0.8490	0.6475	1
266	282	1.003	0.000	0.9242	0.8758	1
266	283	-0.000	0.000	0.9910	0.9351	1
266	333	1.003	0.000	0.8435	0.6088	1
266	382	27.019	0.000	0.8691	0.6732	1
266	1552	58.063	0.000	0.7754	0.5587	1
267	449	-113.121	0.000	0.8103	0.6136	1
267	513	-3.056	0.000	0.7244	0.6532	1
267	514	-2.052	0.000	0.7676	0.6770	1
267	548	-0.037	0.000	0.7135	0.5849	1
267	569	-2.042	0.000	0.7127	0.6183	1
267	584	-114.044	0.000	0.7708	0.5977	1
267	591	-117.116	0.000	0.7421	0.5955	1
267	592	113.047	0.000	0.7153	0.5387	1
267	594	11.963	0.000	0.7954	0.7324	1
267	606	-216.184	0.000	0.7071	0.5462	1
267	641	13.979	0.000	0.7055	0.7007	1
267	710	226.132	0.000	0.7096	0.4789	1
267	720	39.995	0.000	0.7987	0.7563	1
267	757	9.984	0.000	0.7712	0.7199	1
267	791	-50.016	0.000	0.7313	0.6515	1
267	792	210.100	0.000	0.8269	0.4609	1
267	813	139.064	0.000	0.7633	0.5675	1
267	872	-18.011	0.000	0.7338	0.6702	1
267	915	153.079	0.000	0.7540	0.6294	1
267	976	-31.043	0.000	0.7282	0.6039	1
267	988	-31.042	0.000	0.7189	0.5964	1
267	1245	95.074	0.000	0.7014	0.5334	1
268	275	-27.995	0.000	0.7930	0.6695	1
268	291	-27.995	0.000	0.7945	0.7916	1
268	292	0.000	0.000	0.9996	1.0000	1
268	294	-45.022	0.000	0.7172	0.6826	1
268	298	14.037	0.000	0.8097	0.7835	1
268	300	0.036	0.000	0.9959	0.9815	1
268	310	0.036	0.000	0.9969	0.9830	1
268	327	14.016	0.000	0.7943	0.7107	1
268	493	-3.958	0.000	0.7975	0.5638	1
268	1273	14.016	0.000	0.7771	0.6316	1
268	1613	-3.959	0.000	0.8057	0.6630	1
270	272	-0.028	0.000	0.9909	0.9497	1
270	296	13.987	0.000	0.9015	0.7783	1
270	309	13.987	0.000	0.8801	0.6595	1
270	324	16.003	0.000	0.8269	0.5476	1
270	371	16.003	0.000	0.8235	0.5583	1
270	532	42.019	0.000	0.8465	0.7034	1
270	824	-42.086	0.000	0.7061	0.5100	1
270	840	-42.086	0.000	0.7159	0.5359	1
270	1347	13.976	0.000	0.7275	0.5891	1
271	274	-90.032	0.000	0.8677	0.7197	1
271	1360	3.002	0.000	0.7160	0.5680	1
272	296	14.016	0.000	0.8987	0.7698	1
272	309	14.016	0.000	0.8771	0.6545	1
272	324	16.031	0.000	0.8155	0.5371	1
272	371	16.031	0.000	0.8109	0.5501	1
272	532	42.047	0.000	0.8397	0.7103	1
272	840	-42.058	0.000	0.7031	0.5632	1
272	1347	14.004	0.000	0.7101	0.6301	1
273	503	0.000	0.000	0.9780	0.8747	1
275	291	0.000	0.000	0.9745	0.8655	1
275	292	27.995	0.000	0.7855	0.6621	1
275	293	-18.011	0.000	0.8930	0.8389	1
275	294	-17.027	0.000	0.9578	0.8410	1
275	300	28.031	0.000	0.7992	0.6924	1
275	310	28.031	0.000	0.7855	0.6643	1
275	312	16.031	0.000	0.8963	0.6569	1
275	330	-89.047	0.000	0.7418	0.5622	1
275	353	-33.984	0.000	0.9145	0.7724	1
275	358	-34.988	0.000	0.7265	0.4784	1
275	420	-75.032	0.000	0.8042	0.6416	1
275	663	-26.027	0.000	0.7027	0.5863	1
275	703	-26.027	0.000	0.7032	0.5892	1
275	843	-17.063	0.000	0.7596	0.7157	1
275	891	26.052	0.000	0.7207	0.6968	1
275	967	15.995	0.000	0.7274	0.7041	1
275	1119	-36.021	0.000	0.8513	0.8701	1
275	1120	-18.010	0.000	0.8943	0.8786	1
275	1369	-3.995	0.000	0.7269	0.6640	1
275	1626	-26.027	0.000	0.7049	0.5692	1
276	277	17.035	0.000	0.9346	0.7739	1
276	278	-0.976	0.000	0.9122	0.5988	1
276	294	-16.023	0.000	0.8773	0.6371	1
276	295	0.000	0.000	0.9913	0.9506	1
276	312	17.035	0.000	0.9237	0.7087	1
276	316	0.008	0.000	0.9913	0.9506	1
276	317	-114.060	0.000	0.7038	0.5205	1
276	357	-50.008	0.000	0.8674	0.5839	1
276	372	0.008	0.000	0.9463	0.8161	1
276	536	-72.013	0.000	0.7059	0.5310	1
276	668	-66.003	0.000	0.7910	0.5729	1
276	710	13.003	0.000	0.7141	0.6655	1
276	725	13.040	0.000	0.7149	0.6853	1
276	1474	-129.071	0.000	0.7525	0.4894	1
276	1570	-19.006	0.000	0.7209	0.6536	1
277	278	-18.010	0.000	0.9726	0.8229	1
277	284	27.995	0.000	0.7617	0.7497	1
277	291	-16.031	0.000	0.9312	0.7095	1
277	295	-17.034	0.000	0.9262	0.7258	1
277	312	0.000	0.000	0.9781	0.8235	1
277	315	24.000	0.000	0.8160	0.5888	1
277	316	-17.027	0.000	0.9262	0.7258	1
277	353	-50.016	0.000	0.9274	0.6601	1
277	372	-17.026	0.000	0.9639	0.8100	1
277	389	-170.105	0.000	0.7525	0.4088	1
277	671	-20.063	0.000	0.7321	0.6039	1
277	710	-4.031	0.000	0.7178	0.5394	1
277	770	-26.027	0.000	0.7023	0.4607	1
277	860	-26.027	0.000	0.7185	0.4945	1
277	966	-17.063	0.000	0.7255	0.6998	1
277	967	-0.036	0.000	0.7219	0.6295	1
277	1642	-21.022	0.000	0.7052	0.4713	1
277	1681	-21.022	0.000	0.7062	0.4711	1
277	1792	-35.073	0.000	0.7108	0.5314	1
277	1935	-35.073	0.000	0.7017	0.5049	1
278	285	27.995	0.000	0.7888	0.6986	1
278	293	-16.032	0.000	0.8320	0.5814	1
278	312	18.010	0.000	0.9580	0.7536	1
278	325	-2.016	0.000	0.8446	0.6435	1
278	356	-50.034	0.000	0.7997	0.4810	1
278	372	0.984	0.000	0.9614	0.7448	1
278	390	-2.052	0.000	0.8151	0.6437	1
278	466	11.964	0.000	0.7800	0.5736	1
278	516	11.964	0.000	0.7973	0.7433	1
278	536	-71.037	0.000	0.7076	0.4117	1
278	570	-2.052	0.000	0.8166	0.7513	1
278	638	-66.011	0.000	0.7615	0.4458	1
278	671	-2.052	0.000	0.8194	0.7283	1
278	725	14.016	0.000	0.7270	0.5020	1
278	795	-13.979	0.000	0.8110	0.5633	1
278	847	-75.047	0.000	0.7162	0.4989	1
278	966	0.948	0.000	0.7085	0.7408	1
278	967	17.974	0.000	0.7031	0.7072	1
278	1276	-2.016	0.000	0.8446	0.6028	1
278	1414	-18.011	0.000	0.7743	0.8446	1
278	1474	-128.095	0.000	0.7697	0.3993	1
278	1527	-40.006	0.000	0.7579	0.4635	1
278	1681	-3.011	0.000	0.7383	0.6169	1
278	1717	9.984	0.000	0.7777	0.6250	1
278	2163	69.994	0.000	0.7720	0.6998	1
279	308	0.000	0.000	0.9973	1.0000	1
279	490	-28.031	0.000	0.9128	0.7490	1
279	1832	-74.037	0.000	0.7644	0.4949	1
280	286	-0.036	0.000	0.9255	0.8318	1
280	352	143.059	0.000	0.7301	0.5182	1
280	462	42.011	0.000	0.7140	0.5847	1
280	488	42.046	0.000	0.7465	0.6675	1
280	519	41.938	0.000	0.7360	0.4787	1
280	581	14.016	0.000	0.7366	0.5392	1
280	1229	9.985	0.000	0.7669	0.6392	1
280	1251	24.984	0.000	0.7108	0.5406	1
281	386	-101.047	0.000	0.8318	0.5875	1
281	429	97.017	0.000	0.8300	0.6950	1
281	449	-16.068	0.000	0.7799	0.7399	1
281	450	63.032	0.000	0.7151	0.5430	1
281	534	63.031	0.000	0.7125	0.6182	1
281	553	194.069	0.000	0.7430	0.6982	1
281	575	-147.054	0.000	0.7398	0.7133	1
281	592	210.100	0.000	0.7897	0.7781	1
281	733	210.101	0.000	0.7852	0.7720	1
281	738	-17.026	0.000	0.9262	0.7485	1
281	743	-18.029	0.000	0.7458	0.5269	1
281	747	-477.262	0.000	0.8104	0.5613	1
281	762	-251.138	0.000	0.8529	0.5925	1
281	873	12.000	0.000	0.9132	0.7015	1
281	877	-17.026	0.000	0.7311	0.5724	1
281	912	-17.027	0.000	0.7083	0.5275	1
281	1798	82.006	0.000	0.7040	0.5834	1
282	283	-1.003	0.000	0.9216	0.8873	1
282	333	-0.000	0.000	0.9450	0.8156	1
282	382	26.016	0.000	0.9566	0.7887	1
282	1552	57.060	0.000	0.8572	0.7234	1
283	333	1.003	0.000	0.8469	0.6309	1
283	382	27.019	0.000	0.8605	0.6434	1
284	285	-18.011	0.000	0.9017	0.7211	1
284	312	-27.995	0.000	0.7491	0.7908	1
284	323	-13.979	0.000	0.8558	0.6594	1
284	324	-31.006	0.000	0.8450	0.7750	1
284	345	-14.016	0.000	0.7790	0.6259	1
284	370	-13.979	0.000	0.8675	0.7859	1
284	371	-31.006	0.000	0.8143	0.6828	1
284	383	26.016	0.000	0.7604	0.6828	1
284	945	-14.016	0.000	0.8937	0.8155	1
284	966	-45.058	0.000	0.8149	0.5788	1
284	967	-28.031	0.000	0.8958	0.7046	1
284	1047	-45.058	0.000	0.8101	0.5256	1
285	321	-15.941	0.000	0.8210	0.7355	1
285	323	4.031	0.000	0.8387	0.7161	1
285	363	0.021	0.000	0.7601	0.6434	1
285	370	4.031	0.000	0.8277	0.6990	1
285	966	-27.047	0.000	0.7382	0.6064	1
285	967	-10.021	0.000	0.7893	0.6801	1
285	1047	-27.047	0.000	0.7536	0.5848	1
285	1187	51.065	0.000	0.7088	0.6147	1
285	2467	-65.908	0.000	0.7330	0.5944	1
286	462	42.047	0.000	0.7699	0.5764	1
286	488	42.082	0.000	0.7959	0.6723	1
286	519	41.974	0.000	0.7924	0.4898	1
286	581	14.052	0.000	0.7785	0.5377	1
286	658	-29.063	0.000	0.7092	0.5371	1
286	676	-130.112	0.000	0.7435	0.5606	1
286	687	84.021	0.000	0.7799	0.6450	1
286	705	-59.075	0.000	0.7139	0.5877	1
286	977	153.102	0.000	0.7239	0.5397	1
286	990	153.079	0.000	0.7286	0.5187	1
286	1251	25.020	0.000	0.7174	0.5139	1
286	1985	126.032	0.000	0.7176	0.5738	1
287	293	242.127	0.000	0.7574	0.5361	1
287	320	14.016	0.000	0.7711	0.6517	1
287	818	-15.958	0.000	0.7699	0.5982	1
287	844	-15.959	0.000	0.7793	0.5847	1
287	896	125.048	0.000	0.7242	0.5151	1
287	1119	224.116	0.000	0.7589	0.5705	1
287	1120	242.127	0.000	0.7593	0.5528	1
287	1139	153.079	0.000	0.7432	0.5659	1
288	290	242.127	0.000	0.8976	0.6910	1
288	320	99.069	0.000	0.7039	0.7331	1
288	325	341.195	0.000	0.7930	0.5094	1
288	373	270.159	0.000	0.7707	0.5961	1
288	390	341.159	0.000	0.7143	0.5398	1
288	1003	224.116	0.000	0.7760	0.6615	1
288	1274	323.185	0.000	0.7769	0.5857	1
288	1276	341.195	0.000	0.7970	0.5374	1
289	293	1.003	0.000	0.7744	0.7432	1
289	325	15.019	0.000	0.7135	0.6416	1
289	390	14.983	0.000	0.7731	0.8018	1
289	420	-56.018	0.000	0.7449	0.6954	1
289	1120	1.003	0.000	0.7302	0.5745	1
289	1276	15.019	0.000	0.7397	0.7610	1
290	325	99.068	0.000	0.8884	0.6689	1
290	352	2.016	0.000	0.8568	0.7425	1
290	373	28.031	0.000	0.8774	0.8106	1
290	390	99.032	0.000	0.7627	0.6996	1
290	492	42.047	0.000	0.7980	0.7027	1
290	547	-2.052	0.000	0.7694	0.5901	1
290	558	16.031	0.000	0.7778	0.6234	1
290	559	-1.980	0.000	0.7706	0.5811	1
290	592	1.979	0.000	0.8213	0.6802	1
290	696	63.031	0.000	0.7539	0.6004	1
290	721	111.032	0.000	0.7485	0.5763	1
290	896	-32.026	0.000	0.7129	0.6350	1
290	1003	-18.011	0.000	0.8521	0.7551	1
290	1133	-18.011	0.000	0.7438	0.7059	1
290	1160	-18.011	0.000	0.7550	0.7046	1
290	1274	81.058	0.000	0.8643	0.7696	1
290	1276	99.068	0.000	0.8961	0.7260	1
291	292	27.995	0.000	0.7883	0.7854	1
291	293	-18.011	0.000	0.8980	0.8756	1
291	294	-17.027	0.000	0.9499	0.8430	1
291	300	28.031	0.000	0.7998	0.8013	1
291	310	28.031	0.000	0.7880	0.7885	1
291	312	16.031	0.000	0.9107	0.6828	1
291	330	-89.048	0.000	0.7349	0.5101	1
291	353	-33.984	0.000	0.9257	0.8029	1
291	358	-34.988	0.000	0.7293	0.4897	1
291	420	-75.032	0.000	0.8218	0.6621	1
291	597	12.036	0.000	0.7042	0.6670	1
291	843	-17.063	0.000	0.7485	0.6558	1
291	891	26.052	0.000	0.7398	0.7080	1
291	967	15.995	0.000	0.7504	0.7163	1
291	1119	-36.021	0.000	0.8133	0.6730	1
291	1120	-18.010	0.000	0.8946	0.8635	1
291	1247	5.989	0.000	0.7015	0.5208	1
291	1369	-3.995	0.000	0.7507	0.7371	1
291	1787	39.995	0.000	0.8035	0.5676	1
292	294	-45.022	0.000	0.7170	0.6809	1
292	298	14.037	0.000	0.8142	0.7890	1
292	300	0.036	0.000	0.9959	0.9804	1
292	310	0.036	0.000	0.9966	0.9815	1
292	327	14.016	0.000	0.7981	0.7143	1
292	493	-3.958	0.000	0.8051	0.5742	1
292	811	-11.927	0.000	0.7039	0.7216	1
292	1273	14.016	0.000	0.7808	0.6332	1
292	1613	-3.959	0.000	0.8125	0.6677	1
293	294	0.984	0.000	0.8981	0.8550	1
293	325	14.016	0.000	0.9397	0.7424	1
293	330	-71.037	0.000	0.7618	0.5701	1
293	343	-33.984	0.000	0.9053	0.8005	1
293	356	-34.003	0.000	0.9233	0.7886	1
293	390	13.980	0.000	0.8698	0.7679	1
293	420	-57.021	0.000	0.8692	0.7636	1
293	459	16.032	0.000	0.8927	0.7033	1
293	493	42.047	0.000	0.7500	0.5522	1
293	638	-49.979	0.000	0.8572	0.6648	1
293	790	12.036	0.000	0.7920	0.6866	1
293	795	2.053	0.000	0.7030	0.7037	1
293	853	39.995	0.000	0.7662	0.5636	1
293	922	-147.053	0.000	0.7227	0.5601	1
293	951	9.984	0.000	0.8253	0.7062	1
293	1114	-1.943	0.000	0.7663	0.5833	1
293	1119	-18.010	0.000	0.9502	0.8509	1
293	1120	0.000	0.000	0.9770	0.8531	1
293	1128	26.052	0.000	0.7954	0.7340	1
293	1140	24.000	0.000	0.8094	0.6157	1
293	1196	-1.943	0.000	0.7708	0.5735	1
293	1203	26.052	0.000	0.8095	0.7154	1
293	1239	-3.995	0.000	0.8143	0.7294	1
293	1267	-75.032	0.000	0.7082	0.4840	1
293	1276	14.016	0.000	0.9516	0.8630	1
293	1369	14.016	0.000	0.7051	0.7539	1
293	1470	16.031	0.000	0.8950	0.7499	1
293	1527	-23.975	0.000	0.8285	0.6094	1
293	1613	42.047	0.000	0.7726	0.7360	1
293	1773	12.037	0.000	0.7671	0.5995	1
293	1853	2.052	0.000	0.7659	0.7334	1
293	1924	-1.943	0.000	0.7693	0.5662	1
293	1954	26.052	0.000	0.7925	0.6541	1
294	295	16.024	0.000	0.8771	0.6325	1
294	300	45.058	0.000	0.7315	0.6977	1
294	310	45.058	0.000	0.7135	0.6772	1
294	316	16.031	0.000	0.8771	0.6325	1
294	330	-72.021	0.000	0.7627	0.5589	1
294	357	-33.984	0.000	0.8871	0.6781	1
294	420	-58.005	0.000	0.7946	0.6553	1
294	489	42.047	0.000	0.7078	0.5195	1
294	668	-49.979	0.000	0.8040	0.7517	1
294	843	-0.036	0.000	0.7719	0.7077	1
294	965	-34.021	0.000	0.7385	0.5928	1
294	966	15.995	0.000	0.7599	0.7365	1
294	1047	15.995	0.000	0.7152	0.6743	1
294	1119	-18.994	0.000	0.8598	0.7873	1
294	1120	-0.984	0.000	0.8901	0.8598	1
294	1161	69.022	0.000	0.7483	0.5843	1
294	2012	67.006	0.000	0.7133	0.7131	1
294	2305	-24.011	0.000	0.7987	0.6655	1
295	312	17.034	0.000	0.9158	0.6772	1
295	316	0.008	0.000	1.0000	1.0000	1
295	317	-114.060	0.000	0.7030	0.5536	1
295	372	0.008	0.000	0.9500	0.8163	1
295	536	-72.013	0.000	0.7026	0.5060	1
295	668	-66.003	0.000	0.7854	0.5533	1
295	1404	-39.998	0.000	0.7227	0.4810	1
295	1474	-129.071	0.000	0.7561	0.5107	1
295	1570	-19.006	0.000	0.7190	0.6536	1
296	309	0.000	0.000	0.9827	0.9133	1
296	324	2.016	0.000	0.8970	0.7059	1
296	371	2.016	0.000	0.8896	0.7339	1
296	532	28.031	0.000	0.8552	0.6672	1
296	824	-56.074	0.000	0.7588	0.5994	1
296	840	-56.074	0.000	0.7418	0.5553	1
296	862	-203.095	0.000	0.7480	0.5487	1
296	1152	-14.027	0.000	0.7572	0.6185	1
296	1347	-0.011	0.000	0.7030	0.5891	1
298	300	-14.000	0.000	0.8192	0.7928	1
298	310	-14.000	0.000	0.8106	0.7874	1
298	325	-46.027	0.000	0.7167	0.7347	1
298	327	-0.021	0.000	0.9924	0.9536	1
298	459	-44.011	0.000	0.7925	0.6216	1
298	493	-17.995	0.000	0.8789	0.7764	1
298	600	-2.073	0.000	0.8679	0.7583	1
298	696	-82.064	0.000	0.7862	0.6008	1
298	721	-34.063	0.000	0.7494	0.6595	1
298	1114	-61.985	0.000	0.7319	0.5081	1
298	1128	-33.990	0.000	0.7173	0.5052	1
298	1196	-61.985	0.000	0.7400	0.5263	1
298	1203	-33.990	0.000	0.7563	0.5477	1
298	1228	-75.017	0.000	0.7024	0.6436	1
298	1273	-0.021	0.000	0.9812	0.9215	1
298	1276	-46.027	0.000	0.7390	0.7030	1
298	1399	-50.021	0.000	0.7328	0.6752	1
298	1470	-44.011	0.000	0.7799	0.5823	1
298	1613	-17.995	0.000	0.8740	0.7764	1
298	1853	-57.990	0.000	0.8021	0.6928	1
298	1887	-17.011	0.000	0.7794	0.6290	1
298	1924	-61.985	0.000	0.7281	0.5047	1
298	1954	-33.990	0.000	0.7739	0.5823	1
299	303	242.127	0.000	0.7459	0.4854	1
300	310	0.000	0.000	0.9928	0.9651	1
300	327	13.979	0.000	0.8048	0.7258	1
300	493	-3.995	0.000	0.8074	0.5824	1
300	599	-82.078	0.000	0.7033	0.6385	1
300	811	-11.964	0.000	0.7047	0.7216	1
300	1273	13.979	0.000	0.7871	0.6406	1
300	1613	-3.995	0.000	0.8119	0.6554	1
301	1513	-12.995	0.000	0.8896	0.6626	1
301	2269	-22.050	0.000	0.7396	0.5171	1
302	2074	-104.074	0.000	0.7107	0.4328	1
302	2222	0.947	0.000	0.9128	0.9032	1
302	2362	-128.095	0.000	0.7701	0.3968	1
303	392	-27.011	0.000	0.7583	0.5222	1
303	543	-55.043	0.000	0.8174	0.6836	1
303	678	-101.012	0.000	0.8213	0.6533	1
303	702	-101.012	0.000	0.8119	0.6929	1
303	928	-39.011	0.000	0.7064	0.6416	1
303	930	58.042	0.000	0.7437	0.6691	1
303	961	58.042	0.000	0.7461	0.6445	1
303	1209	55.990	0.000	0.7357	0.6914	1
303	1515	-17.027	0.000	0.7421	0.6090	1
303	1525	-45.022	0.000	0.7665	0.5994	1
303	1640	-173.043	0.000	0.7906	0.5747	1
303	1671	98.036	0.000	0.7587	0.5913	1
303	1769	68.026	0.000	0.7161	0.5432	1
303	1826	112.052	0.000	0.7273	0.5862	1
303	1854	58.042	0.000	0.7631	0.6793	1
303	1913	82.042	0.000	0.8017	0.5618	1
303	1957	-89.011	0.000	0.7240	0.4746	1
304	457	-246.101	0.000	0.7386	0.5027	1
304	731	-97.089	0.000	0.7036	0.4559	1
304	845	-98.048	0.000	0.7849	0.5631	1
304	936	-225.185	0.000	0.7390	0.5483	1
304	942	-13.032	0.000	0.7363	0.5792	1
304	1202	70.006	0.000	0.7462	0.4783	1
304	1207	-13.031	0.000	0.7356	0.4852	1
304	1232	-1.031	0.000	0.7685	0.5682	1
304	1241	12.984	0.000	0.7402	0.4977	1
304	1265	-77.027	0.000	0.7362	0.5128	1
304	1352	-17.026	0.000	0.7647	0.5961	1
304	1407	84.021	0.000	0.7629	0.5328	1
304	1437	86.037	0.000	0.7565	0.4856	1
304	1595	-132.054	0.000	0.7357	0.5985	1
304	1789	86.001	0.000	0.7716	0.5785	1
304	2028	86.001	0.000	0.7816	0.6160	1
304	2466	26.952	0.000	0.7155	0.6421	1
305	318	0.000	0.000	0.9751	0.8729	1
305	570	74.000	0.000	0.8049	0.3904	1
305	627	40.012	0.000	0.7007	0.4812	1
305	671	74.000	0.000	0.8141	0.4390	1
305	798	7.990	0.000	0.7599	0.4331	1
305	951	70.005	0.000	0.7380	0.4568	1
306	458	-234.166	0.000	0.7842	0.4207	1
306	476	-64.060	0.000	0.9115	0.5960	1
306	520	29.993	0.000	0.9304	0.6922	1
306	1233	-31.963	0.000	0.8476	0.4952	1
306	1843	-49.974	0.000	0.8047	0.4016	1
307	375	-32.973	0.000	0.7099	0.5860	1
307	442	160.957	0.000	0.7032	0.4501	1
307	551	-15.996	0.000	0.9015	0.7720	1
307	654	111.032	0.000	0.7637	0.7156	1
307	697	-20.060	0.000	0.8555	0.7421	1
307	861	-18.010	0.000	0.9069	0.7461	1
307	978	-128.095	0.000	0.7625	0.5737	1
307	1200	-34.006	0.000	0.7628	0.5030	1
307	1229	143.020	0.000	0.7323	0.6071	1
307	1541	-128.095	0.000	0.7623	0.6047	1
307	1630	199.082	0.000	0.7239	0.5120	1
307	1680	197.066	0.000	0.7421	0.5113	1
308	490	-28.031	0.000	0.8985	0.7490	1
308	1832	-74.037	0.000	0.7692	0.4949	1
309	324	2.016	0.000	0.8893	0.6664	1
309	371	2.016	0.000	0.8943	0.7687	1
309	824	-56.074	0.000	0.7537	0.5643	1
309	840	-56.074	0.000	0.7380	0.5261	1
309	862	-203.095	0.000	0.7272	0.4616	1
310	327	13.979	0.000	0.7944	0.7114	1
310	600	11.927	0.000	0.7535	0.4686	1
310	811	-11.964	0.000	0.7029	0.7216	1
310	1273	13.979	0.000	0.7772	0.6313	1
310	1613	-3.995	0.000	0.8011	0.6491	1
311	967	-40.053	0.000	0.7065	0.5601	1
312	315	24.000	0.000	0.8000	0.5880	1
312	316	-17.027	0.000	0.9158	0.6772	1
312	353	-50.016	0.000	0.9135	0.6719	1
312	358	-51.019	0.000	0.7289	0.4177	1
312	372	-17.026	0.000	0.9484	0.7538	1
312	389	-170.105	0.000	0.7455	0.4091	1
312	536	-89.048	0.000	0.7027	0.4755	1
312	570	-20.063	0.000	0.7061	0.4156	1
312	710	-4.031	0.000	0.7089	0.5653	1
312	1034	21.984	0.000	0.7247	0.5767	1
312	1414	-36.021	0.000	0.7260	0.5226	1
312	1547	5.989	0.000	0.7173	0.4300	1
313	1004	-14.016	0.000	0.8111	0.6336	1
314	635	-211.096	0.000	0.8518	0.6496	1
315	363	-13.994	0.000	0.7793	0.7669	1
315	466	-30.047	0.000	0.7362	0.5670	1
315	917	-44.063	0.000	0.7115	0.6047	1
316	317	-114.068	0.000	0.7030	0.5536	1
316	372	0.000	0.000	0.9500	0.8163	1
316	536	-72.021	0.000	0.7026	0.5060	1
316	668	-66.011	0.000	0.7854	0.5533	1
316	1404	-40.006	0.000	0.7227	0.4810	1
316	1474	-129.079	0.000	0.7561	0.5107	1
316	1570	-19.014	0.000	0.7190	0.6536	1
317	319	-228.111	0.000	0.8825	0.6924	1
317	352	14.016	0.000	0.9811	0.8855	1
317	365	-33.984	0.000	0.9624	0.8076	1
317	399	-17.956	0.000	0.9101	0.7041	1
317	420	40.031	0.000	0.7049	0.7513	1
317	440	-18.083	0.000	0.8570	0.7034	1
317	444	-2.052	0.000	0.8237	0.7543	1
317	505	11.964	0.000	0.7418	0.7768	1
317	515	-36.037	0.000	0.7466	0.7538	1
317	536	42.047	0.000	0.8378	0.6770	1
317	631	11.964	0.000	0.7032	0.7664	1
317	632	-20.008	0.000	0.7675	0.6621	1
317	786	12.036	0.000	0.8945	0.7074	1
317	813	39.995	0.000	0.7313	0.7308	1
317	867	-34.042	0.000	0.7319	0.5953	1
317	905	-34.042	0.000	0.7767	0.6728	1
317	928	-15.959	0.000	0.9382	0.7929	1
317	1178	-33.951	0.000	0.7456	0.4820	1
317	1402	-23.975	0.000	0.9191	0.7049	1
317	1474	-15.011	0.000	0.8044	0.6462	1
318	531	57.969	0.000	0.7972	0.3705	1
318	570	74.000	0.000	0.8136	0.4068	1
318	627	40.012	0.000	0.7047	0.4900	1
318	671	74.000	0.000	0.8095	0.3868	1
318	798	7.990	0.000	0.7634	0.4246	1
318	917	74.000	0.000	0.8071	0.3818	1
318	951	70.005	0.000	0.7504	0.4958	1
318	1598	34.041	0.000	0.7128	0.3851	1
318	1634	33.994	0.000	0.7310	0.3699	1
320	322	13.049	0.000	0.8277	0.7915	1
320	326	14.016	0.000	0.7353	0.5405	1
320	334	-33.984	0.000	0.9228	0.7684	1
320	364	-17.957	0.000	0.7944	0.6455	1
320	655	16.031	0.000	0.7352	0.6060	1
320	818	-29.974	0.000	0.7047	0.6406	1
320	844	-29.974	0.000	0.7026	0.6279	1
321	355	45.951	0.000	0.9022	0.7353	1
321	1150	11.967	0.000	0.7477	0.5160	1
321	1152	-13.097	0.000	0.7802	0.6218	1
321	1409	68.026	0.000	0.8256	0.5119	1
321	2354	57.988	0.000	0.8143	0.6282	1
321	2375	57.988	0.000	0.7788	0.5718	1
321	2467	-49.967	0.000	0.7581	0.5096	1
322	334	-47.033	0.000	0.7746	0.7377	1
322	364	-31.006	0.000	0.7431	0.6265	1
322	983	-57.095	0.000	0.7277	0.5927	1
323	324	-17.027	0.000	0.9683	0.7991	1
323	345	-0.036	0.000	0.8582	0.5865	1
323	370	0.000	0.000	0.9649	0.7488	1
323	371	-17.026	0.000	0.9601	0.8339	1
323	529	26.016	0.000	0.9384	0.7553	1
323	811	-13.979	0.000	0.8473	0.6288	1
323	967	-14.052	0.000	0.7120	0.5253	1
323	1085	-13.808	0.000	0.7289	0.4972	1
324	371	0.000	0.000	0.9623	0.7354	1
324	824	-58.089	0.000	0.7553	0.4769	1
324	840	-58.089	0.000	0.7616	0.4704	1
324	1047	-14.052	0.000	0.7412	0.5349	1
325	326	-228.111	0.000	0.7164	0.5920	1
325	343	-48.000	0.000	0.8816	0.6576	1
325	356	-48.019	0.000	0.9094	0.6780	1
325	373	-71.037	0.000	0.8123	0.6008	1
325	390	-0.036	0.000	0.8334	0.8763	1
325	459	2.016	0.000	0.8890	0.7549	1
325	492	-57.021	0.000	0.7841	0.5341	1
325	493	28.031	0.000	0.7814	0.6437	1
325	558	-83.037	0.000	0.7242	0.4782	1
325	638	-63.995	0.000	0.8706	0.6671	1
325	790	-1.980	0.000	0.8031	0.7697	1
325	795	-11.963	0.000	0.7106	0.6806	1
325	1003	-117.079	0.000	0.8399	0.5938	1
325	1114	-15.958	0.000	0.7741	0.7109	1
325	1120	-14.016	0.000	0.9404	0.7512	1
325	1128	12.036	0.000	0.7802	0.7667	1
325	1196	-15.959	0.000	0.7907	0.7415	1
325	1203	12.036	0.000	0.8223	0.8176	1
325	1273	46.005	0.000	0.7521	0.7124	1
325	1274	-18.011	0.000	0.9316	0.7494	1
325	1276	0.000	0.000	0.9793	0.8294	1
325	1470	2.016	0.000	0.8827	0.7316	1
325	1527	-37.991	0.000	0.8727	0.6378	1
325	1613	28.031	0.000	0.8060	0.8238	1
325	1773	-1.979	0.000	0.8007	0.7315	1
325	1795	-30.011	0.000	0.7023	0.6561	1
325	1853	-11.964	0.000	0.7434	0.7458	1
325	1854	-29.974	0.000	0.7013	0.7214	1
325	1924	-15.958	0.000	0.7839	0.7446	1
325	1954	12.036	0.000	0.8164	0.7711	1
326	334	-48.000	0.000	0.7830	0.5408	1
326	373	157.074	0.000	0.7906	0.7121	1
326	410	1.907	0.000	0.7133	0.5322	1
326	655	2.016	0.000	0.7144	0.5191	1
326	1276	228.111	0.000	0.7055	0.5761	1
326	1585	123.069	0.000	0.7003	0.4707	1
326	1973	73.042	0.000	0.7462	0.3936	1
326	2103	73.042	0.000	0.7899	0.4626	1
327	493	-17.974	0.000	0.8783	0.7982	1
327	696	-82.043	0.000	0.7851	0.5745	1
327	1114	-61.964	0.000	0.7237	0.4639	1
327	1196	-61.964	0.000	0.7327	0.4809	1
327	1228	-74.996	0.000	0.7018	0.6278	1
327	1273	-0.000	0.000	0.9787	0.8905	1
327	1276	-46.005	0.000	0.7135	0.5429	1
327	1399	-50.000	0.000	0.7340	0.6324	1
327	1613	-17.974	0.000	0.8729	0.7982	1
327	1853	-57.969	0.000	0.7950	0.6488	1
327	1887	-16.990	0.000	0.7868	0.6628	1
327	1924	-61.964	0.000	0.7206	0.4599	1
327	1954	-33.969	0.000	0.7673	0.5212	1
327	2005	-72.032	0.000	0.7014	0.6416	1
328	330	228.111	0.000	0.8092	0.5885	1
329	332	0.000	0.000	0.9342	0.7614	1
329	391	-297.132	0.000	0.8380	0.6038	1
329	460	69.058	0.000	0.7127	0.4533	1
330	373	14.016	0.000	0.9168	0.7595	1
330	420	14.016	0.000	0.7995	0.7497	1
330	456	-57.022	0.000	0.7974	0.7081	1
330	482	-30.083	0.000	0.7621	0.6810	1
330	486	-30.011	0.000	0.7666	0.6868	1
330	507	-30.083	0.000	0.7652	0.6722	1
330	536	16.031	0.000	0.8774	0.6722	1
330	543	-58.006	0.000	0.8256	0.6679	1
330	589	-15.995	0.000	0.7580	0.5975	1
330	643	-57.022	0.000	0.7258	0.6443	1
330	645	-43.990	0.000	0.8560	0.7105	1
330	656	-115.027	0.000	0.7269	0.5386	1
330	664	-115.027	0.000	0.7361	0.5512	1
330	714	-43.006	0.000	0.7458	0.5633	1
330	724	11.964	0.000	0.7052	0.7657	1
330	1119	53.026	0.000	0.7879	0.5940	1
330	1120	71.037	0.000	0.7523	0.5326	1
330	1139	-18.010	0.000	0.8079	0.6469	1
330	1176	-57.058	0.000	0.7244	0.6359	1
330	1246	-18.011	0.000	0.7813	0.6194	1
331	335	228.111	0.000	0.8545	0.6111	1
331	337	227.108	0.000	0.7101	0.5216	1
331	339	-129.025	0.000	0.9659	0.7990	1
332	391	-297.132	0.000	0.8590	0.6482	1
332	460	69.058	0.000	0.7353	0.5290	1
333	382	26.016	0.000	0.9270	0.6993	1
333	1047	18.940	0.000	0.7081	0.7027	1
334	364	16.027	0.000	0.8164	0.6621	1
335	337	-1.003	0.000	0.8061	0.5673	1
335	339	-357.136	0.000	0.8832	0.6686	1
335	459	131.040	0.000	0.7542	0.5404	1
335	586	-129.097	0.000	0.7488	0.5153	1
335	789	95.004	0.000	0.7363	0.4685	1
335	1019	9.984	0.000	0.8670	0.7708	1
335	1229	-101.102	0.000	0.7987	0.6208	1
335	1470	131.040	0.000	0.7495	0.4965	1
337	339	-356.133	0.000	0.7327	0.5882	1
337	888	-19.056	0.000	0.7233	0.5034	1
338	340	-357.136	0.000	0.8401	0.6632	1
338	341	-495.269	0.000	0.8426	0.6980	1
338	387	-297.132	0.000	0.7782	0.6501	1
338	388	145.075	0.000	0.8135	0.6111	1
338	389	117.080	0.000	0.9079	0.7092	1
338	390	267.122	0.000	0.7428	0.4762	1
338	394	99.069	0.000	0.8900	0.7557	1
338	395	-258.067	0.000	0.7626	0.5757	1
338	397	-38.974	0.000	0.7304	0.5520	1
338	403	0.091	0.000	0.8691	0.6374	1
338	405	54.970	0.000	0.7705	0.6320	1
338	415	-200.079	0.000	0.7299	0.5625	1
338	435	28.031	0.000	0.9452	0.7581	1
338	464	140.095	0.000	0.7325	0.5724	1
338	505	168.054	0.000	0.7421	0.5529	1
338	671	267.122	0.000	0.7062	0.4400	1
338	735	111.032	0.000	0.7297	0.6650	1
338	837	210.101	0.000	0.7223	0.5712	1
338	1066	224.116	0.000	0.7589	0.4575	1
338	1184	152.095	0.000	0.8257	0.5892	1
340	341	-138.133	0.000	0.9705	0.8430	1
340	389	474.216	0.000	0.7529	0.5073	1
340	394	456.205	0.000	0.7214	0.4925	1
340	395	99.069	0.000	0.8651	0.6784	1
340	403	357.227	0.000	0.8774	0.7151	1
340	435	385.167	0.000	0.7998	0.5823	1
341	389	612.349	0.000	0.7551	0.5386	1
341	394	594.338	0.000	0.7174	0.5253	1
341	403	495.361	0.000	0.7431	0.5982	1
341	435	523.301	0.000	0.8115	0.6465	1
342	437	72.057	0.000	0.8613	0.6760	1
342	1187	86.091	0.000	0.7975	0.5895	1
342	1400	86.091	0.000	0.7571	0.5175	1
342	1684	13.020	0.000	0.7563	0.6825	1
342	1758	57.046	0.000	0.7997	0.6919	1
342	1769	-14.975	0.000	0.7960	0.7147	1
342	1931	-0.959	0.000	0.7251	0.6909	1
343	353	18.010	0.000	0.8342	0.7494	1
343	356	-0.019	0.000	0.9859	0.9243	1
343	357	0.984	0.000	0.8086	0.6678	1
343	358	17.007	0.000	0.7443	0.7102	1
343	390	47.964	0.000	0.7310	0.6724	1
343	459	50.016	0.000	0.8503	0.6080	1
343	501	-2.052	0.000	0.7001	0.4921	1
343	563	-36.036	0.000	0.7299	0.6225	1
343	638	-15.995	0.000	0.8566	0.7237	1
343	854	-52.031	0.000	0.7330	0.6162	1
343	952	39.995	0.000	0.7706	0.5906	1
343	1021	9.984	0.000	0.8539	0.6699	1
343	1114	32.042	0.000	0.7178	0.5658	1
343	1116	54.011	0.000	0.8330	0.7178	1
343	1120	33.984	0.000	0.8797	0.6613	1
343	1128	60.036	0.000	0.7444	0.7019	1
343	1186	24.000	0.000	0.8861	0.7046	1
343	1196	32.041	0.000	0.7283	0.5846	1
343	1203	60.036	0.000	0.7800	0.6965	1
343	1276	48.000	0.000	0.8844	0.6801	1
343	1470	50.016	0.000	0.8466	0.6014	1
343	1527	10.009	0.000	0.8356	0.6743	1
343	1853	36.036	0.000	0.7737	0.5935	1
343	1924	32.042	0.000	0.7225	0.5905	1
343	1954	60.036	0.000	0.7807	0.6932	1
343	2301	9.954	0.000	0.7072	0.6065	1
345	370	0.036	0.000	0.9414	0.8907	1
345	371	-16.990	0.000	0.8398	0.6201	1
345	529	26.052	0.000	0.8183	0.5865	1
345	811	-13.943	0.000	0.7676	0.6059	1
345	967	-14.016	0.000	0.7101	0.6787	1
345	1085	-13.771	0.000	0.7856	0.6626	1
350	417	14.015	0.000	0.8954	0.7258	1
350	545	-85.017	0.000	0.8313	0.7932	1
350	765	26.016	0.000	0.7863	0.6543	1
350	834	-87.068	0.000	0.7816	0.5828	1
350	936	26.015	0.000	0.9207	0.8444	1
350	1012	-45.022	0.000	0.7824	0.5773	1
350	1032	125.084	0.000	0.7657	0.6955	1
350	1100	125.084	0.000	0.7548	0.6673	1
350	1202	321.206	0.000	0.7195	0.4819	1
350	1207	238.168	0.000	0.7194	0.5504	1
350	1230	75.105	0.000	0.7481	0.6157	1
350	1232	250.168	0.000	0.7096	0.5216	1
351	565	111.029	0.000	0.8462	0.6115	1
351	618	111.030	0.000	0.8902	0.7176	1
351	791	258.101	0.000	0.8208	0.6849	1
351	940	201.079	0.000	0.8562	0.6619	1
352	365	-48.000	0.000	0.9557	0.7749	1
352	373	26.016	0.000	0.7821	0.7669	1
352	390	97.017	0.000	0.7891	0.6472	1
352	399	-31.972	0.000	0.8899	0.6815	1
352	505	-2.052	0.000	0.7932	0.7531	1
352	536	28.031	0.000	0.8505	0.6475	1
352	655	-129.043	0.000	0.7394	0.6487	1
352	786	-1.979	0.000	0.8932	0.7294	1
352	928	-29.974	0.000	0.9354	0.7773	1
352	977	10.007	0.000	0.7479	0.6680	1
352	990	9.984	0.000	0.7514	0.7448	1
352	1003	-20.026	0.000	0.7188	0.7149	1
352	1066	54.010	0.000	0.8179	0.7157	1
352	1133	-20.026	0.000	0.7375	0.6646	1
352	1160	-20.026	0.000	0.7226	0.6186	1
352	1178	-47.967	0.000	0.7869	0.5292	1
352	1184	-18.011	0.000	0.8155	0.8132	1
352	1402	-37.991	0.000	0.9281	0.7867	1
352	1461	-57.033	0.000	0.7414	0.5264	1
352	1474	-29.027	0.000	0.8165	0.6399	1
353	356	-18.029	0.000	0.8627	0.7717	1
353	357	-17.027	0.000	0.9657	0.7931	1
353	358	-1.003	0.000	0.8128	0.6750	1
353	501	-20.062	0.000	0.7355	0.5529	1
353	563	-54.047	0.000	0.7421	0.5377	1
353	577	-6.047	0.000	0.7323	0.4275	1
353	769	-26.027	0.000	0.7379	0.5803	1
353	891	60.036	0.000	0.7703	0.6449	1
353	1191	-36.021	0.000	0.7908	0.7905	1
354	543	27.047	0.000	0.7006	0.5004	1
354	589	69.058	0.000	0.8529	0.7299	1
354	645	41.063	0.000	0.7592	0.6170	1
354	825	111.032	0.000	0.7172	0.5232	1
354	896	39.011	0.000	0.7129	0.6149	1
355	408	30.047	0.000	0.7949	0.6526	1
355	1097	11.005	0.000	0.8246	0.6665	1
355	1150	-33.984	0.000	0.8382	0.6456	1
355	1180	8.059	0.000	0.8382	0.5905	1
355	1477	25.032	0.000	0.8821	0.7244	1
355	2297	13.020	0.000	0.8687	0.5794	1
355	2354	12.036	0.000	0.8523	0.6549	1
355	2375	12.036	0.000	0.8150	0.5794	1
355	2416	13.020	0.000	0.8457	0.5794	1
355	2444	13.020	0.000	0.8436	0.5794	1
356	357	1.003	0.000	0.8318	0.6596	1
356	390	47.983	0.000	0.7500	0.6628	1
356	459	50.034	0.000	0.8723	0.6099	1
356	501	-2.033	0.000	0.7276	0.5133	1
356	563	-36.018	0.000	0.7566	0.6358	1
356	577	11.982	0.000	0.7264	0.4983	1
356	638	-15.976	0.000	0.8804	0.7255	1
356	795	36.055	0.000	0.7060	0.6630	1
356	854	-52.013	0.000	0.7476	0.6323	1
356	952	40.013	0.000	0.7908	0.6193	1
356	1021	10.003	0.000	0.8903	0.7361	1
356	1114	32.060	0.000	0.7399	0.6094	1
356	1116	54.029	0.000	0.8639	0.7440	1
356	1120	34.003	0.000	0.9094	0.6932	1
356	1128	60.055	0.000	0.7513	0.6297	1
356	1186	24.019	0.000	0.9097	0.7077	1
356	1196	32.060	0.000	0.7527	0.6349	1
356	1203	60.055	0.000	0.8003	0.7015	1
356	1276	48.019	0.000	0.9131	0.7019	1
356	1470	50.034	0.000	0.8688	0.6099	1
356	1527	10.028	0.000	0.8693	0.7167	1
356	1853	36.055	0.000	0.8050	0.6379	1
356	1924	32.060	0.000	0.7470	0.6478	1
356	1954	60.055	0.000	0.8083	0.7306	1
357	668	-15.995	0.000	0.8631	0.7407	1
357	879	110.048	0.000	0.7001	0.3647	1
357	892	60.036	0.000	0.7481	0.6022	1
357	1191	-18.995	0.000	0.7222	0.5670	1
357	1404	10.010	0.000	0.8195	0.5913	1
357	2305	9.973	0.000	0.7749	0.5956	1
360	406	99.068	0.000	0.9092	0.7277	1
360	916	-18.011	0.000	0.7451	0.6944	1
360	1037	81.057	0.000	0.7946	0.6519	1
362	799	39.011	0.000	0.8050	0.7184	1
362	820	136.063	0.000	0.7338	0.6360	1
362	849	136.063	0.000	0.7299	0.6232	1
362	886	-124.052	0.000	0.7060	0.5624	1
362	889	39.011	0.000	0.8257	0.7305	1
362	925	-124.053	0.000	0.7100	0.5567	1
362	959	39.011	0.000	0.7919	0.6552	1
364	368	-31.972	0.000	0.8346	0.6716	1
365	399	16.028	0.000	0.9003	0.7223	1
365	536	76.031	0.000	0.8149	0.5842	1
365	786	46.021	0.000	0.8869	0.7220	1
365	804	37.979	0.000	0.7194	0.7162	1
365	869	39.995	0.000	0.7289	0.6710	1
365	928	18.026	0.000	0.9235	0.7927	1
365	1178	0.033	0.000	0.7673	0.5991	1
365	1186	121.053	0.000	0.7325	0.6124	1
365	1402	10.009	0.000	0.9237	0.7112	1
365	1474	18.973	0.000	0.7906	0.7159	1
366	1401	23.964	0.000	0.7097	0.6746	1
367	368	-260.083	0.000	0.7748	0.5911	1
367	369	-1.003	0.000	0.8386	0.7512	1
367	445	-71.037	0.000	0.7639	0.7300	1
367	790	29.992	0.000	0.7293	0.6811	1
367	930	1.998	0.000	0.7325	0.6938	1
367	961	1.998	0.000	0.7341	0.7182	1
367	1197	-15.995	0.000	0.8074	0.7908	1
367	1470	33.988	0.000	0.7062	0.6033	1
367	1773	29.993	0.000	0.7372	0.6738	1
367	1853	20.008	0.000	0.7212	0.7538	1
367	1854	1.998	0.000	0.7409	0.7475	1
367	1951	2.982	0.000	0.7120	0.7028	1
368	660	60.004	0.000	0.7353	0.6518	1
370	371	-17.027	0.000	0.9438	0.8180	1
370	529	26.016	0.000	0.9388	0.8019	1
370	811	-13.979	0.000	0.8493	0.6964	1
370	967	-14.052	0.000	0.7367	0.6473	1
370	1047	-31.079	0.000	0.7518	0.5029	1
370	1085	-13.808	0.000	0.7853	0.7525	1
371	532	26.016	0.000	0.9086	0.7478	1
371	824	-58.090	0.000	0.7818	0.5261	1
371	840	-58.090	0.000	0.8039	0.5514	1
371	946	-42.058	0.000	0.7480	0.6217	1
371	1009	7.006	0.000	0.7170	0.5510	1
371	1011	-42.058	0.000	0.7013	0.5606	1
371	1047	-14.052	0.000	0.7472	0.5805	1
372	536	-72.021	0.000	0.7210	0.5906	1
372	668	-66.011	0.000	0.8074	0.5337	1
372	671	-3.036	0.000	0.7103	0.6170	1
372	1404	-40.006	0.000	0.7541	0.4857	1
372	2163	69.010	0.000	0.8127	0.7835	1
373	390	71.001	0.000	0.7533	0.7267	1
373	492	14.016	0.000	0.9049	0.8387	1
373	536	2.015	0.000	0.8147	0.6304	1
373	547	-30.084	0.000	0.7718	0.7003	1
373	558	-12.000	0.000	0.8413	0.7297	1
373	559	-30.011	0.000	0.7683	0.7014	1
373	1003	-46.042	0.000	0.8157	0.7390	1
373	1133	-46.042	0.000	0.7448	0.6844	1
373	1160	-46.042	0.000	0.7578	0.6835	1
373	1274	53.026	0.000	0.8570	0.7654	1
373	1276	71.037	0.000	0.8266	0.7170	1
374	401	147.069	0.000	0.9299	0.7994	1
374	424	408.201	0.000	0.9016	0.6852	1
374	509	212.079	0.000	0.8737	0.7003	1
374	602	309.131	0.000	0.8645	0.6864	1
374	603	-46.006	0.000	0.7997	0.6139	1
374	617	408.200	0.000	0.8620	0.5639	1
374	619	-149.121	0.000	0.7504	0.4997	1
374	622	80.984	0.000	0.8610	0.6647	1
374	625	49.012	0.000	0.8290	0.5824	1
374	647	152.127	0.000	0.7087	0.5584	1
374	675	77.046	0.000	0.7158	0.5318	1
374	708	507.269	0.000	0.7879	0.5529	1
374	711	97.014	0.000	0.7468	0.6663	1
374	737	307.153	0.000	0.7251	0.6455	1
374	740	111.031	0.000	0.8428	0.6896	1
374	957	-17.028	0.000	0.8090	0.5997	1
375	551	16.978	0.000	0.8232	0.7430	1
375	1113	-128.096	0.000	0.7617	0.6651	1
376	413	-0.000	0.000	0.9669	0.8371	1
376	1150	18.010	0.000	0.8196	0.6456	1
376	1151	-0.000	0.000	0.9436	0.7751	1
376	1222	39.011	0.000	0.7637	0.6367	1
376	2164	-128.139	0.000	0.7291	0.4885	1
377	2467	-120.950	0.000	0.8825	0.5070	1
378	436	-37.943	0.000	0.7002	0.5618	1
379	392	0.036	0.000	0.9762	0.9346	1
379	543	-27.996	0.000	0.7117	0.6733	1
379	1769	95.073	0.000	0.7918	0.6174	1
382	489	18.976	0.000	0.8847	0.8067	1
382	1192	18.940	0.000	0.7289	0.7392	1
383	529	-13.979	0.000	0.8049	0.7904	1
383	532	-31.006	0.000	0.8288	0.7464	1
383	1192	-45.058	0.000	0.7848	0.6506	1
383	1692	-35.037	0.000	0.7076	0.6055	1
384	386	43.042	0.000	0.8677	0.7467	1
384	715	140.058	0.000	0.8271	0.6837	1
384	887	26.015	0.000	0.8686	0.7582	1
385	467	-310.165	0.000	0.8251	0.4815	1
385	520	-15.995	0.000	0.9524	0.7907	1
385	809	9.995	0.000	0.9330	0.6971	1
385	1233	-77.951	0.000	0.9109	0.6957	1
385	1427	-31.020	0.000	0.7871	0.4171	1
385	1456	13.006	0.000	0.8444	0.5239	1
385	1839	-96.031	0.000	0.7088	0.3063	1
385	1974	-95.962	0.000	0.9024	0.6143	1
386	429	198.064	0.000	0.8677	0.5997	1
386	530	198.063	0.000	0.7079	0.5364	1
386	548	198.063	0.000	0.7286	0.6014	1
386	592	311.148	0.000	0.7718	0.5595	1
386	641	212.079	0.000	0.7051	0.6132	1
386	694	-287.223	0.000	0.7946	0.8064	1
386	707	96.013	0.000	0.7836	0.8107	1
386	715	97.016	0.000	0.9107	0.7851	1
386	717	-313.237	0.000	0.7124	0.7367	1
386	718	-442.317	0.000	0.7008	0.6999	1
386	754	111.031	0.000	0.7742	0.6662	1
386	871	208.085	0.000	0.7136	0.6700	1
386	873	113.047	0.000	0.8921	0.6651	1
386	887	-17.027	0.000	0.9388	0.8139	1
386	975	210.100	0.000	0.8394	0.7438	1
386	987	210.100	0.000	0.8246	0.6956	1
386	998	109.052	0.000	0.7468	0.6060	1
386	1770	280.106	0.000	0.7165	0.4756	1
386	1798	183.053	0.000	0.7760	0.6379	1
387	389	414.211	0.000	0.7574	0.5454	1
387	394	396.201	0.000	0.8275	0.6908	1
387	395	39.065	0.000	0.9291	0.7046	1
387	397	258.158	0.000	0.8851	0.6833	1
387	415	97.053	0.000	0.9360	0.7716	1
387	435	325.163	0.000	0.8402	0.7293	1
387	458	261.146	0.000	0.7852	0.6094	1
388	389	-27.995	0.000	0.9317	0.8071	1
388	393	-48.010	0.000	0.7135	0.4758	1
388	394	-46.006	0.000	0.8729	0.7587	1
388	396	-47.008	0.000	0.7233	0.4538	1
388	403	-144.984	0.000	0.7005	0.4126	1
388	435	-117.044	0.000	0.8081	0.6260	1
388	444	8.964	0.000	0.7316	0.5915	1
388	466	136.063	0.000	0.7714	0.3690	1
388	505	22.979	0.000	0.7257	0.5525	1
388	570	122.047	0.000	0.8412	0.4465	1
388	592	24.994	0.000	0.7329	0.5336	1
388	671	122.047	0.000	0.8638	0.6136	1
388	674	51.010	0.000	0.7560	0.5143	1
388	710	138.079	0.000	0.7172	0.4124	1
388	837	65.026	0.000	0.7956	0.5580	1
388	847	49.052	0.000	0.7513	0.5215	1
388	917	122.048	0.000	0.8558	0.5406	1
388	1034	164.094	0.000	0.7853	0.4036	1
388	1362	107.073	0.000	0.7210	0.4312	1
388	1377	178.110	0.000	0.8038	0.3714	1
388	1414	106.089	0.000	0.7903	0.3589	1
388	1547	148.100	0.000	0.7946	0.3407	1
388	1551	50.052	0.000	0.7124	0.5476	1
388	1554	49.067	0.000	0.7029	0.3897	1
388	1648	50.051	0.000	0.7125	0.5040	1
388	1681	121.089	0.000	0.7667	0.3880	1
388	1770	-6.048	0.000	0.7088	0.5555	1
389	394	-18.011	0.000	0.9019	0.7599	1
389	395	-375.147	0.000	0.7312	0.4433	1
389	403	-116.989	0.000	0.7945	0.5016	1
389	435	-89.049	0.000	0.8906	0.6444	1
389	466	164.058	0.000	0.7294	0.3579	1
389	516	164.058	0.000	0.7528	0.3349	1
389	553	36.958	0.000	0.7467	0.5153	1
389	570	150.042	0.000	0.7898	0.4105	1
389	665	116.058	0.000	0.7637	0.4359	1
389	671	150.042	0.000	0.8160	0.5974	1
389	710	166.074	0.000	0.7134	0.5021	1
389	715	-161.142	0.000	0.7006	0.4735	1
389	733	52.990	0.000	0.7120	0.5475	1
389	837	93.021	0.000	0.7414	0.5072	1
389	917	150.042	0.000	0.8290	0.5533	1
389	975	-48.058	0.000	0.7274	0.5727	1
389	987	-48.058	0.000	0.7306	0.5575	1
389	1034	192.089	0.000	0.7510	0.4338	1
389	1207	-61.053	0.000	0.7004	0.6006	1
389	1377	206.105	0.000	0.7521	0.3265	1
389	1414	134.084	0.000	0.7400	0.3156	1
389	1547	176.094	0.000	0.7437	0.3017	1
389	1681	149.083	0.000	0.7184	0.3503	1
390	459	2.052	0.000	0.7801	0.6042	1
390	638	-63.959	0.000	0.7261	0.6321	1
390	655	-226.060	0.000	0.7092	0.4788	1
390	1003	-117.043	0.000	0.7106	0.6118	1
390	1066	-43.006	0.000	0.7263	0.7139	1
390	1114	-15.922	0.000	0.7414	0.8092	1
390	1120	-13.980	0.000	0.8450	0.7002	1
390	1140	10.020	0.000	0.7977	0.8347	1
390	1184	-115.027	0.000	0.7409	0.5499	1
390	1196	-15.923	0.000	0.7155	0.7679	1
390	1203	12.072	0.000	0.7442	0.7709	1
390	1274	-17.974	0.000	0.8044	0.8257	1
390	1276	0.036	0.000	0.8451	0.8618	1
390	1470	2.052	0.000	0.7791	0.6070	1
390	1527	-37.954	0.000	0.7051	0.5822	1
390	1717	12.036	0.000	0.7925	0.7939	1
390	1924	-15.922	0.000	0.7162	0.7736	1
390	1954	12.072	0.000	0.7029	0.7420	1
392	543	-28.032	0.000	0.7533	0.6955	1
392	678	-74.001	0.000	0.7187	0.5860	1
392	702	-74.001	0.000	0.7332	0.5860	1
392	930	85.052	0.000	0.7167	0.6008	1
392	961	85.053	0.000	0.7034	0.5223	1
392	1198	11.963	0.000	0.7006	0.7442	1
392	1769	95.037	0.000	0.8076	0.6434	1
392	1854	85.052	0.000	0.7345	0.6117	1
392	1957	-62.001	0.000	0.7088	0.6395	1
393	394	2.004	0.000	0.8291	0.6555	1
393	396	1.002	0.000	0.9497	0.8479	1
393	633	38.015	0.000	0.7108	0.5762	1
393	671	170.057	0.000	0.7080	0.4028	1
393	1804	240.136	0.000	0.7027	0.3550	1
394	395	-357.136	0.000	0.7970	0.5816	1
394	396	-1.002	0.000	0.9126	0.8323	1
394	397	-138.043	0.000	0.7734	0.5926	1
394	403	-98.978	0.000	0.7840	0.5408	1
394	410	-58.115	0.000	0.7290	0.6495	1
394	415	-299.148	0.000	0.7622	0.5721	1
394	429	-42.084	0.000	0.7706	0.6310	1
394	435	-71.038	0.000	0.8696	0.6659	1
394	444	54.969	0.000	0.7364	0.5278	1
394	448	238.132	0.000	0.7267	0.3625	1
394	449	-155.168	0.000	0.7013	0.5871	1
394	450	-76.068	0.000	0.7550	0.5810	1
394	466	182.069	0.000	0.7146	0.3934	1
394	505	68.985	0.000	0.7106	0.5981	1
394	515	20.985	0.000	0.7820	0.5346	1
394	516	182.069	0.000	0.7379	0.3921	1
394	553	54.969	0.000	0.7644	0.5139	1
394	570	168.053	0.000	0.7399	0.3812	1
394	575	-286.154	0.000	0.7086	0.5114	1
394	592	71.000	0.000	0.7261	0.5633	1
394	601	-71.038	0.000	0.7518	0.6484	1
394	609	68.985	0.000	0.7197	0.5202	1
394	631	68.985	0.000	0.7327	0.5202	1
394	632	37.014	0.000	0.7276	0.5560	1
394	667	-2.053	0.000	0.7658	0.6495	1
394	671	168.053	0.000	0.7589	0.4837	1
394	733	71.001	0.000	0.7396	0.6597	1
394	760	13.979	0.000	0.7578	0.6707	1
394	917	168.053	0.000	0.7539	0.4581	1
394	918	-78.015	0.000	0.7152	0.5429	1
394	1414	152.095	0.000	0.7071	0.3811	1
394	1459	166.110	0.000	0.7000	0.3681	1
395	397	219.093	0.000	0.8817	0.6671	1
395	403	258.158	0.000	0.8658	0.7374	1
395	415	57.988	0.000	0.8991	0.7518	1
395	435	286.098	0.000	0.7746	0.6160	1
396	633	37.012	0.000	0.7809	0.7067	1
396	671	169.055	0.000	0.7064	0.4030	1
396	983	-117.081	0.000	0.7085	0.5978	1
396	1804	239.134	0.000	0.7265	0.3818	1
397	403	39.065	0.000	0.8125	0.6602	1
397	415	-161.105	0.000	0.8470	0.6234	1
397	435	67.005	0.000	0.7720	0.6595	1
397	458	2.988	0.000	0.7617	0.6981	1
398	432	131.040	0.000	0.8233	0.7449	1
398	920	-17.028	0.000	0.7937	0.7503	1
399	445	26.015	0.000	0.7623	0.6318	1
399	536	60.003	0.000	0.8062	0.5221	1
399	786	29.993	0.000	0.8905	0.7493	1
399	928	1.997	0.000	0.8713	0.6691	1
399	1178	-15.995	0.000	0.8258	0.6643	1
399	1402	-6.019	0.000	0.8440	0.6099	1
399	1461	-25.061	0.000	0.7411	0.4923	1
399	1474	2.945	0.000	0.8163	0.6872	1
400	876	42.010	0.000	0.7476	0.7914	1
401	538	295.115	0.000	0.7944	0.6736	1
401	560	212.078	0.000	0.8779	0.6537	1
401	661	309.131	0.000	0.8361	0.6106	1
401	701	23.962	0.000	0.7218	0.6165	1
401	711	-50.055	0.000	0.7120	0.5725	1
401	713	408.200	0.000	0.7554	0.4238	1
401	716	-2.054	0.000	0.8097	0.5318	1
401	801	422.216	0.000	0.7227	0.5110	1
401	816	111.031	0.000	0.8140	0.6909	1
401	866	507.269	0.000	0.7477	0.3975	1
401	1026	-17.028	0.000	0.7447	0.6030	1
402	1313	151.063	0.000	0.7951	0.5072	1
402	1371	151.063	0.000	0.7624	0.4273	1
403	435	27.940	0.000	0.8470	0.5938	1
403	1066	224.025	0.000	0.7039	0.3329	1
403	1184	152.004	0.000	0.7514	0.4580	1
404	426	-14.016	0.000	0.7028	0.6085	1
404	433	-0.000	0.000	0.9652	0.8813	1
404	1370	26.015	0.000	0.8519	0.6697	1
404	1963	-16.043	0.000	0.7044	0.7056	1
405	423	-97.053	0.000	0.8026	0.6770	1
405	427	-48.000	0.000	0.7609	0.5902	1
405	429	2.015	0.000	0.7319	0.5738	1
405	435	-26.939	0.000	0.7562	0.6408	1
405	444	99.068	0.000	0.8446	0.5059	1
405	449	-111.069	0.000	0.8510	0.6450	1
405	464	85.125	0.000	0.7244	0.5648	1
405	484	-14.016	0.000	0.8828	0.6529	1
405	505	113.084	0.000	0.8255	0.6003	1
405	514	0.000	0.000	0.7249	0.5896	1
405	522	-48.001	0.000	0.8636	0.6043	1
405	530	2.015	0.000	0.8409	0.5506	1
405	534	-31.971	0.000	0.7116	0.5330	1
405	544	-369.155	0.000	0.7922	0.5389	1
405	548	2.015	0.000	0.8686	0.6000	1
405	550	1.013	0.000	0.7464	0.5574	1
405	553	99.068	0.000	0.7565	0.5452	1
405	556	-339.217	0.000	0.7176	0.5389	1
405	569	0.010	0.000	0.7047	0.5461	1
405	592	115.099	0.000	0.8605	0.5385	1
405	609	113.084	0.000	0.7073	0.5939	1
405	631	113.084	0.000	0.7156	0.5579	1
405	641	16.031	0.000	0.7847	0.6181	1
405	674	141.115	0.000	0.8176	0.4120	1
405	715	-99.033	0.000	0.7687	0.5933	1
405	720	42.046	0.000	0.7013	0.6337	1
405	733	115.100	0.000	0.7638	0.6003	1
405	735	56.062	0.000	0.8507	0.7243	1
405	754	-85.017	0.000	0.7649	0.5644	1
405	759	-31.990	0.000	0.7580	0.6754	1
405	836	56.062	0.000	0.7198	0.5638	1
405	837	155.131	0.000	0.8260	0.4951	1
405	871	12.036	0.000	0.8481	0.7482	1
405	973	26.052	0.000	0.7628	0.5729	1
405	975	14.052	0.000	0.8048	0.6052	1
405	976	-28.991	0.000	0.7601	0.5447	1
405	986	26.052	0.000	0.7743	0.6216	1
405	987	14.052	0.000	0.8141	0.6035	1
405	988	-28.991	0.000	0.7696	0.5891	1
405	1770	84.057	0.000	0.7728	0.6076	1
405	1798	-12.996	0.000	0.7042	0.5139	1
406	916	-117.079	0.000	0.7637	0.5966	1
406	1037	-18.012	0.000	0.9190	0.8116	1
409	520	11.030	0.000	0.9689	0.6888	1
409	971	35.041	0.000	0.9520	0.6552	1
409	1040	-4.965	0.000	0.9547	0.6133	1
409	2270	-78.083	0.000	0.8268	0.4880	1
410	427	-33.985	0.000	0.8028	0.6358	1
410	429	16.031	0.000	0.9189	0.6568	1
410	442	14.015	0.000	0.7069	0.5774	1
410	449	-97.053	0.000	0.8295	0.6941	1
410	450	-17.954	0.000	0.8833	0.6553	1
410	455	-444.165	0.000	0.7174	0.4428	1
410	468	-197.992	0.000	0.7385	0.6021	1
410	476	93.165	0.000	0.7185	0.6145	1
410	480	14.088	0.000	0.7022	0.5783	1
410	515	79.099	0.000	0.8582	0.6501	1
410	534	-17.955	0.000	0.7794	0.6352	1
410	549	-103.064	0.000	0.8255	0.5920	1
410	553	113.084	0.000	0.9087	0.6299	1
410	568	-102.990	0.000	0.8889	0.6386	1
410	575	-228.039	0.000	0.9045	0.6613	1
410	576	-341.124	0.000	0.7605	0.6038	1
410	591	-101.049	0.000	0.7703	0.5303	1
410	592	129.115	0.000	0.7262	0.5662	1
410	601	-12.923	0.000	0.8670	0.6050	1
410	609	127.099	0.000	0.8920	0.7216	1
410	631	127.099	0.000	0.8928	0.7216	1
410	632	95.128	0.000	0.8614	0.7717	1
410	649	-49.980	0.000	0.9273	0.6584	1
410	667	56.062	0.000	0.9031	0.6545	1
410	682	-74.976	0.000	0.7625	0.5016	1
410	698	-420.203	0.000	0.7352	0.4275	1
410	704	-35.965	0.000	0.8390	0.5213	1
410	720	56.062	0.000	0.7160	0.6128	1
410	733	129.115	0.000	0.8109	0.6432	1
410	748	-5.920	0.000	0.8382	0.5821	1
410	749	-466.156	0.000	0.7596	0.4506	1
410	760	72.094	0.000	0.8258	0.6599	1
410	817	-141.966	0.000	0.8068	0.6122	1
410	851	-106.968	0.000	0.7292	0.4273	1
410	877	-98.012	0.000	0.7144	0.4900	1
410	912	-98.013	0.000	0.7142	0.4586	1
410	913	-106.969	0.000	0.7542	0.5067	1
410	918	-19.900	0.000	0.8513	0.5859	1
410	919	-494.115	0.000	0.7663	0.4882	1
410	981	-58.965	0.000	0.8189	0.5516	1
410	1184	111.141	0.000	0.7091	0.5288	1
410	1278	-35.895	0.000	0.7573	0.4691	1
410	1281	-30.933	0.000	0.7793	0.5667	1
412	662	14.016	0.000	0.8981	0.7737	1
413	1150	18.010	0.000	0.8475	0.6992	1
413	1151	-0.000	0.000	0.9676	0.8437	1
413	1222	39.011	0.000	0.7897	0.6736	1
413	1720	2.967	0.000	0.7013	0.4369	1
414	452	99.068	0.000	0.7750	0.6211	1
414	497	113.084	0.000	0.7588	0.6107	1
414	499	-154.075	0.000	0.7343	0.6308	1
414	504	65.083	0.000	0.7485	0.6072	1
414	756	155.130	0.000	0.7166	0.5704	1
415	435	228.110	0.000	0.8043	0.7697	1
416	795	-111.032	0.000	0.8756	0.6338	1
416	1409	-16.972	0.000	0.9733	0.7781	1
416	1635	-0.000	0.000	0.9990	1.0000	1
416	1637	-18.011	0.000	0.9430	0.9077	1
416	1853	-111.032	0.000	0.8320	0.5567	1
416	1854	-129.043	0.000	0.7666	0.4772	1
416	2096	-27.030	0.000	0.8480	0.6244	1
416	2101	-26.027	0.000	0.9303	0.6256	1
416	2324	-88.100	0.000	0.8663	0.4774	1
417	457	-8.915	0.000	0.7502	0.4746	1
417	545	-99.032	0.000	0.8483	0.6621	1
417	765	12.001	0.000	0.7378	0.6035	1
417	834	-101.082	0.000	0.7749	0.6367	1
417	845	139.137	0.000	0.7834	0.4700	1
417	935	10.998	0.000	0.7373	0.6263	1
417	936	12.000	0.000	0.8685	0.6331	1
417	1012	-59.037	0.000	0.8048	0.6665	1
417	1032	111.069	0.000	0.7815	0.5664	1
417	1100	111.070	0.000	0.7792	0.5901	1
417	1202	307.191	0.000	0.7359	0.4466	1
417	1207	224.154	0.000	0.7739	0.4785	1
417	1230	61.090	0.000	0.7763	0.5651	1
417	1232	236.154	0.000	0.7726	0.4854	1
417	1241	250.170	0.000	0.7674	0.4461	1
417	1265	160.159	0.000	0.7547	0.4695	1
417	1352	220.159	0.000	0.7676	0.5011	1
417	1407	321.207	0.000	0.7835	0.4526	1
417	1437	323.222	0.000	0.7373	0.4600	1
417	1485	122.111	0.000	0.7106	0.5139	1
417	1575	74.089	0.000	0.7480	0.3807	1
417	1595	105.132	0.000	0.7204	0.4915	1
417	2147	193.111	0.000	0.7576	0.5058	1
418	914	26.015	0.000	0.8835	0.6837	1
418	973	83.037	0.000	0.7077	0.5359	1
418	986	83.037	0.000	0.7119	0.6244	1
419	455	-31.954	0.000	0.7753	0.5707	1
419	494	295.189	0.000	0.8842	0.7220	1
419	495	196.120	0.000	0.8411	0.7515	1
419	496	-474.286	0.000	0.7784	0.6974	1
419	500	97.052	0.000	0.8882	0.8039	1
419	509	113.083	0.000	0.8757	0.7484	1
419	560	260.151	0.000	0.8229	0.5909	1
419	646	-101.049	0.000	0.8796	0.7385	1
420	421	-299.149	0.000	0.8255	0.6964	1
420	456	-71.037	0.000	0.8174	0.6973	1
420	492	14.016	0.000	0.8464	0.7818	1
420	531	54.969	0.000	0.7310	0.4354	1
420	643	-71.037	0.000	0.7129	0.6948	1
420	788	11.964	0.000	0.7335	0.7686	1
420	853	97.016	0.000	0.7708	0.4480	1
420	905	-74.073	0.000	0.7229	0.5548	1
420	1061	67.006	0.000	0.7244	0.6047	1
420	1119	39.011	0.000	0.8426	0.7016	1
420	1120	57.021	0.000	0.8681	0.7264	1
420	1239	53.026	0.000	0.7218	0.4845	1
420	1267	-18.011	0.000	0.8712	0.7089	1
420	1369	71.037	0.000	0.7538	0.5591	1
421	1267	281.138	0.000	0.7240	0.6558	1
422	473	-27.995	0.000	0.8710	0.7466	1
423	444	196.122	0.000	0.7384	0.4436	1
423	449	-14.016	0.000	0.7413	0.5447	1
423	484	83.037	0.000	0.7496	0.6296	1
423	487	-2.016	0.000	0.7014	0.6282	1
423	506	-99.068	0.000	0.7328	0.6599	1
423	513	96.049	0.000	0.7046	0.6804	1
423	514	97.053	0.000	0.7956	0.7054	1
423	522	49.053	0.000	0.7292	0.5716	1
423	530	99.068	0.000	0.7664	0.4676	1
423	538	14.015	0.000	0.7985	0.6682	1
423	548	99.068	0.000	0.7991	0.5452	1
423	550	98.066	0.000	0.8344	0.6975	1
423	569	97.064	0.000	0.7426	0.6403	1
423	591	-18.011	0.000	0.7267	0.5448	1
423	592	212.152	0.000	0.7755	0.5241	1
423	594	111.068	0.000	0.7711	0.6697	1
423	641	113.084	0.000	0.7714	0.5739	1
423	705	10.020	0.000	0.7076	0.6569	1
423	720	139.100	0.000	0.7617	0.6706	1
423	753	-31.989	0.000	0.8016	0.7497	1
423	791	49.089	0.000	0.7435	0.5551	1
423	871	109.089	0.000	0.7146	0.6219	1
423	1770	181.110	0.000	0.7016	0.5669	1
424	495	-113.085	0.000	0.8168	0.7423	1
424	509	-196.122	0.000	0.8200	0.6213	1
424	602	-99.069	0.000	0.8684	0.6224	1
424	603	-454.207	0.000	0.8675	0.7497	1
424	612	-2.005	0.000	0.7073	0.5326	1
424	617	-0.001	0.000	0.9311	0.6978	1
424	621	-1.003	0.000	0.7946	0.6104	1
424	622	-327.217	0.000	0.8690	0.6707	1
424	625	-359.189	0.000	0.8585	0.6913	1
424	647	-256.074	0.000	0.7003	0.5403	1
424	675	-331.155	0.000	0.7238	0.4848	1
424	708	99.068	0.000	0.8700	0.7184	1
424	713	147.068	0.000	0.8723	0.5307	1
424	737	-101.048	0.000	0.7530	0.5395	1
424	740	-297.169	0.000	0.7337	0.4781	1
424	803	-87.032	0.000	0.8079	0.6152	1
424	957	-425.229	0.000	0.7203	0.4530	1
426	433	14.016	0.000	0.7069	0.5877	1
427	429	50.016	0.000	0.7988	0.5295	1
427	442	48.000	0.000	0.8199	0.7215	1
427	444	147.069	0.000	0.7469	0.5593	1
427	449	-63.069	0.000	0.8440	0.6964	1
427	450	16.031	0.000	0.8221	0.5899	1
427	455	-410.180	0.000	0.7076	0.6169	1
427	480	48.073	0.000	0.8214	0.7612	1
427	484	33.984	0.000	0.7753	0.6721	1
427	505	161.084	0.000	0.7436	0.6104	1
427	514	48.000	0.000	0.7997	0.7071	1
427	515	113.084	0.000	0.8978	0.6585	1
427	530	50.015	0.000	0.7132	0.5218	1
427	533	-40.991	0.000	0.8222	0.6211	1
427	534	16.029	0.000	0.9026	0.7796	1
427	542	-40.991	0.000	0.8296	0.6331	1
427	548	50.015	0.000	0.7317	0.5658	1
427	550	49.013	0.000	0.7240	0.6278	1
427	553	147.068	0.000	0.8145	0.5235	1
427	565	-147.036	0.000	0.7329	0.5455	1
427	568	-69.006	0.000	0.7456	0.5342	1
427	569	48.010	0.000	0.7434	0.6421	1
427	575	-194.055	0.000	0.7140	0.4836	1
427	576	-307.139	0.000	0.7267	0.5050	1
427	592	163.099	0.000	0.7673	0.5363	1
427	609	161.084	0.000	0.7629	0.5387	1
427	611	-40.991	0.000	0.8414	0.6283	1
427	618	-147.035	0.000	0.7479	0.5935	1
427	631	161.084	0.000	0.7774	0.5502	1
427	632	129.113	0.000	0.7506	0.6720	1
427	649	-15.995	0.000	0.8098	0.5593	1
427	667	90.047	0.000	0.7887	0.6213	1
427	682	-40.992	0.000	0.7913	0.6213	1
427	704	-1.980	0.000	0.7072	0.4066	1
427	733	163.100	0.000	0.7815	0.6211	1
427	734	-71.001	0.000	0.7847	0.6769	1
427	807	26.053	0.000	0.8459	0.7452	1
427	839	-1.943	0.000	0.7852	0.6998	1
427	861	-130.968	0.000	0.7304	0.5636	1
427	871	60.036	0.000	0.7468	0.6436	1
427	877	-64.028	0.000	0.7098	0.5227	1
427	912	-64.028	0.000	0.7078	0.4997	1
427	929	-23.997	0.000	0.7222	0.5584	1
427	975	62.052	0.000	0.7291	0.6563	1
427	981	-24.981	0.000	0.7120	0.5714	1
427	987	62.052	0.000	0.7310	0.6704	1
427	1031	1.056	0.000	0.7386	0.6917	1
429	449	-113.084	0.000	0.9055	0.7472	1
429	450	-33.985	0.000	0.9623	0.7527	1
429	455	-460.196	0.000	0.7585	0.4271	1
429	484	-16.031	0.000	0.7194	0.7285	1
429	515	63.068	0.000	0.9006	0.7729	1
429	522	-50.016	0.000	0.7137	0.5959	1
429	534	-33.986	0.000	0.7815	0.5649	1
429	541	-212.044	0.000	0.7014	0.3521	1
429	548	-0.001	0.000	0.7045	0.6492	1
429	549	-119.095	0.000	0.7892	0.4754	1
429	553	97.053	0.000	0.9375	0.7288	1
429	568	-119.021	0.000	0.8821	0.5334	1
429	575	-244.070	0.000	0.9413	0.7220	1
429	576	-357.155	0.000	0.8130	0.8122	1
429	591	-117.080	0.000	0.7711	0.4622	1
429	592	113.084	0.000	0.8523	0.8047	1
429	601	-28.954	0.000	0.8678	0.5087	1
429	609	111.068	0.000	0.8786	0.7813	1
429	611	-91.006	0.000	0.7300	0.4491	1
429	631	111.068	0.000	0.8774	0.7701	1
429	632	79.097	0.000	0.8924	0.6493	1
429	649	-66.011	0.000	0.9143	0.6830	1
429	667	40.031	0.000	0.9192	0.5748	1
429	682	-91.007	0.000	0.8056	0.5247	1
429	704	-51.996	0.000	0.8993	0.6812	1
429	715	-101.048	0.000	0.7361	0.6604	1
429	733	113.084	0.000	0.8862	0.8337	1
429	738	-114.043	0.000	0.7232	0.6477	1
429	748	-21.951	0.000	0.8856	0.5859	1
429	749	-482.187	0.000	0.7822	0.4044	1
429	754	-87.033	0.000	0.7384	0.6214	1
429	760	56.063	0.000	0.9107	0.7533	1
429	791	-49.979	0.000	0.7027	0.5267	1
429	817	-157.997	0.000	0.8025	0.4657	1
429	851	-122.999	0.000	0.7799	0.4900	1
429	873	-85.017	0.000	0.8599	0.6684	1
429	877	-114.043	0.000	0.7514	0.4910	1
429	912	-114.044	0.000	0.7516	0.4615	1
429	913	-123.000	0.000	0.8061	0.5772	1
429	918	-35.931	0.000	0.8926	0.5930	1
429	919	-510.146	0.000	0.8034	0.4698	1
429	975	12.036	0.000	0.8442	0.7381	1
429	981	-74.996	0.000	0.8420	0.4546	1
429	983	-75.999	0.000	0.7060	0.3666	1
429	987	12.036	0.000	0.8349	0.7163	1
429	1050	-229.070	0.000	0.7570	0.4211	1
429	1106	-229.070	0.000	0.7348	0.4592	1
429	1109	-0.899	0.000	0.7230	0.4566	1
429	1202	82.078	0.000	0.7498	0.7089	1
429	1278	-51.926	0.000	0.8057	0.4724	1
429	1281	-46.964	0.000	0.7987	0.4678	1
429	1770	82.042	0.000	0.7979	0.6194	1
429	1798	-15.011	0.000	0.7627	0.6791	1
429	1838	82.042	0.000	0.7197	0.5694	1
430	584	16.978	0.000	0.9664	0.8157	1
430	709	-200.080	0.000	0.7197	0.5046	1
430	983	54.986	0.000	0.7455	0.6606	1
430	1098	128.011	0.000	0.9178	0.7096	1
430	1257	73.005	0.000	0.8029	0.5614	1
430	1261	241.095	0.000	0.8284	0.6622	1
430	1266	-1.032	0.000	0.8970	0.7455	1
430	1387	241.263	0.000	0.8938	0.6694	1
430	1403	241.095	0.000	0.8979	0.6741	1
430	1471	112.052	0.000	0.8931	0.6610	1
430	1716	25.020	0.000	0.8305	0.5780	1
431	443	0.984	0.000	0.7812	0.6006	1
431	1745	129.021	0.000	0.7848	0.4324	1
432	571	99.068	0.000	0.8609	0.6954	1
432	754	208.084	0.000	0.7218	0.4838	1
433	1370	26.015	0.000	0.8737	0.6805	1
433	1963	-16.043	0.000	0.7065	0.6639	1
435	464	112.064	0.000	0.7283	0.5526	1
435	505	140.023	0.000	0.7551	0.4923	1
435	671	239.091	0.000	0.7001	0.4162	1
435	674	168.054	0.000	0.7779	0.4074	1
435	794	182.070	0.000	0.8410	0.5494	1
435	837	182.069	0.000	0.7081	0.4720	1
435	974	-78.014	0.000	0.7329	0.6545	1
435	1125	-40.006	0.000	0.7329	0.5997	1
435	1184	124.064	0.000	0.7336	0.4493	1
435	1472	194.106	0.000	0.7103	0.4178	1
436	1574	-36.010	0.000	0.7265	0.5271	1
436	1582	-36.021	0.000	0.7624	0.5607	1
436	1584	-18.011	0.000	0.7826	0.7398	1
437	438	18.011	0.000	0.7557	0.7306	1
437	790	-69.022	0.000	0.7520	0.6554	1
437	1187	14.033	0.000	0.9333	0.8726	1
437	1553	-3.977	0.000	0.7281	0.7584	1
437	1601	-29.027	0.000	0.8096	0.7424	1
437	1684	-59.037	0.000	0.8267	0.6825	1
437	1758	-15.011	0.000	0.8958	0.7569	1
437	1769	-87.032	0.000	0.7622	0.6331	1
437	1773	-69.022	0.000	0.7518	0.6463	1
438	446	-5.993	0.000	0.7109	0.6859	1
438	1014	-5.993	0.000	0.7125	0.6979	1
439	452	-27.922	0.000	0.8448	0.6824	1
439	462	113.157	0.000	0.7325	0.5270	1
439	469	112.154	0.000	0.7119	0.6050	1
439	472	112.128	0.000	0.7059	0.6097	1
439	488	113.192	0.000	0.7396	0.5915	1
439	494	-31.969	0.000	0.7135	0.6261	1
439	505	212.153	0.000	0.7628	0.5581	1
439	506	-97.052	0.000	0.7474	0.6432	1
439	514	99.069	0.000	0.7307	0.6743	1
439	519	113.084	0.000	0.7666	0.5209	1
439	535	42.047	0.000	0.8147	0.7085	1
439	538	16.031	0.000	0.8905	0.7386	1
439	560	-67.006	0.000	0.7242	0.5722	1
439	616	-232.033	0.000	0.7185	0.6331	1
439	628	-115.063	0.000	0.7132	0.6791	1
439	641	115.100	0.000	0.7525	0.6736	1
439	648	-242.054	0.000	0.7015	0.6154	1
439	794	254.200	0.000	0.7709	0.4824	1
439	836	155.132	0.000	0.7381	0.6359	1
439	973	125.121	0.000	0.7421	0.6279	1
439	986	125.121	0.000	0.7594	0.6389	1
439	1026	-296.112	0.000	0.7015	0.4013	1
439	1098	98.110	0.000	0.7440	0.5668	1
439	1651	84.058	0.000	0.7352	0.6122	1
440	444	16.031	0.000	0.7146	0.4573	1
440	482	14.016	0.000	0.7204	0.5933	1
440	486	14.088	0.000	0.7313	0.5933	1
440	507	14.016	0.000	0.7110	0.5890	1
440	786	30.120	0.000	0.7119	0.8194	1
440	867	-15.959	0.000	0.7901	0.6936	1
440	905	-15.959	0.000	0.8391	0.7598	1
440	928	2.125	0.000	0.7401	0.6616	1
440	996	-1.943	0.000	0.7193	0.6717	1
441	583	-28.032	0.000	0.7209	0.6287	1
442	450	-31.969	0.000	0.7802	0.5442	1
442	480	0.073	0.000	0.9818	0.9045	1
442	514	0.001	0.000	0.7060	0.7334	1
442	515	65.084	0.000	0.7969	0.6360	1
442	534	-31.970	0.000	0.7923	0.6645	1
442	568	-117.006	0.000	0.7026	0.5768	1
442	571	-194.033	0.000	0.7221	0.6243	1
442	572	-422.181	0.000	0.7057	0.4921	1
442	592	115.100	0.000	0.7007	0.5082	1
442	609	113.084	0.000	0.7132	0.5678	1
442	611	-88.991	0.000	0.7242	0.5525	1
442	631	113.084	0.000	0.7295	0.5770	1
442	665	178.168	0.000	0.7343	0.4833	1
442	667	42.047	0.000	0.7317	0.7553	1
442	733	115.100	0.000	0.7413	0.7239	1
442	734	-119.001	0.000	0.7246	0.5689	1
442	807	-21.947	0.000	0.7537	0.6660	1
442	839	-49.943	0.000	0.7184	0.6007	1
442	852	-218.032	0.000	0.7402	0.5864	1
442	968	-186.065	0.000	0.7506	0.5220	1
442	975	14.052	0.000	0.8052	0.7250	1
442	981	-72.980	0.000	0.7102	0.7103	1
442	982	-186.065	0.000	0.7388	0.5351	1
442	987	14.052	0.000	0.8100	0.7249	1
442	998	-86.996	0.000	0.7294	0.5733	1
442	1162	10.057	0.000	0.8680	0.6244	1
442	1174	-85.939	0.000	0.7820	0.6321	1
442	1229	-17.937	0.000	0.8725	0.6067	1
442	1358	-118.986	0.000	0.7735	0.6073	1
442	1583	36.109	0.000	0.8284	0.5819	1
442	1630	38.125	0.000	0.8343	0.5701	1
442	1680	36.109	0.000	0.8048	0.4859	1
442	1718	25.093	0.000	0.7697	0.5486	1
442	1738	-119.944	0.000	0.7388	0.4737	1
442	1814	-48.907	0.000	0.7837	0.5676	1
442	1831	-119.944	0.000	0.7138	0.4259	1
442	2068	-605.195	0.000	0.7696	0.5099	1
444	449	-210.137	0.000	0.7804	0.6441	1
444	464	-13.943	0.000	0.7333	0.4649	1
444	484	-113.084	0.000	0.8894	0.6168	1
444	505	14.016	0.000	0.8815	0.7141	1
444	515	-33.985	0.000	0.7743	0.7744	1
444	522	-147.069	0.000	0.8565	0.5559	1
444	530	-97.053	0.000	0.8131	0.5734	1
444	534	-131.039	0.000	0.7055	0.4866	1
444	548	-97.053	0.000	0.8219	0.5531	1
444	550	-98.055	0.000	0.7295	0.5163	1
444	553	-0.000	0.000	0.7088	0.7185	1
444	570	113.084	0.000	0.7223	0.5863	1
444	587	-301.143	0.000	0.7093	0.4114	1
444	592	16.031	0.000	0.9169	0.8106	1
444	627	79.096	0.000	0.7377	0.5183	1
444	632	-17.956	0.000	0.8581	0.6540	1
444	633	-18.959	0.000	0.7288	0.5635	1
444	641	-83.037	0.000	0.7291	0.4976	1
444	665	79.099	0.000	0.7181	0.6046	1
444	671	113.084	0.000	0.7303	0.6144	1
444	674	42.047	0.000	0.9576	0.7458	1
444	715	-198.101	0.000	0.7918	0.5600	1
444	733	16.031	0.000	0.7802	0.7237	1
444	734	-218.070	0.000	0.7817	0.4293	1
444	754	-184.085	0.000	0.7890	0.5210	1
444	791	-147.032	0.000	0.7204	0.5119	1
444	806	10.021	0.000	0.7747	0.6186	1
444	807	-121.016	0.000	0.7378	0.4545	1
444	836	-43.006	0.000	0.7013	0.3778	1
444	837	56.062	0.000	0.9523	0.7649	1
444	871	-87.032	0.000	0.8002	0.4943	1
444	917	113.084	0.000	0.7374	0.6126	1
444	973	-73.017	0.000	0.7355	0.4057	1
444	975	-85.017	0.000	0.8081	0.6560	1
444	976	-128.059	0.000	0.7618	0.4891	1
444	986	-73.017	0.000	0.7317	0.3760	1
444	987	-85.017	0.000	0.8056	0.6558	1
444	988	-128.059	0.000	0.7615	0.4851	1
444	998	-186.065	0.000	0.7270	0.4564	1
444	1211	-220.016	0.000	0.7193	0.4041	1
444	1770	-15.011	0.000	0.8191	0.7063	1
444	1798	-112.064	0.000	0.7054	0.5650	1
445	1193	-15.995	0.000	0.7390	0.7114	1
446	627	-113.084	0.000	0.7724	0.5394	1
446	1013	17.026	0.000	0.7487	0.6356	1
446	1014	-0.000	0.000	0.9849	0.9342	1
446	1364	-11.034	0.000	0.8163	0.7038	1
447	811	2.088	0.000	0.7221	0.7344	1
448	671	-70.078	0.000	0.7828	0.7570	1
448	710	-54.047	0.000	0.7147	0.7212	1
448	1034	-28.031	0.000	0.7510	0.7919	1
448	1097	0.984	0.000	0.9428	0.9383	1
448	1394	-71.037	0.000	0.7310	0.5010	1
448	1774	-134.058	0.000	0.7139	0.5325	1
448	1803	-17.026	0.000	0.9639	0.8811	1
448	1804	0.000	0.000	0.9782	0.9088	1
448	1916	-164.068	0.000	0.7104	0.5067	1
448	2163	1.968	0.000	0.8885	0.7378	1
448	2178	0.984	0.000	0.9138	0.8013	1
449	450	79.100	0.000	0.7999	0.6688	1
449	463	-426.211	0.000	0.8321	0.8026	1
449	484	97.053	0.000	0.8154	0.7331	1
449	505	224.153	0.000	0.7268	0.6918	1
449	514	111.069	0.000	0.7695	0.6344	1
449	515	176.153	0.000	0.8002	0.6778	1
449	522	63.068	0.000	0.8270	0.7511	1
449	527	-313.201	0.000	0.7431	0.6392	1
449	530	113.084	0.000	0.8566	0.7087	1
449	534	79.098	0.000	0.8416	0.7128	1
449	544	-258.086	0.000	0.7271	0.7393	1
449	548	113.084	0.000	0.9053	0.7742	1
449	549	-6.011	0.000	0.7146	0.5206	1
449	550	112.082	0.000	0.7755	0.7250	1
449	553	210.137	0.000	0.9116	0.6766	1
449	554	-325.201	0.000	0.7243	0.7470	1
449	556	-228.148	0.000	0.8138	0.6709	1
449	557	-216.075	0.000	0.7490	0.6516	1
449	566	-424.197	0.000	0.7134	0.5016	1
449	567	-74.975	0.000	0.7005	0.5823	1
449	568	-5.937	0.000	0.7866	0.5714	1
449	569	111.079	0.000	0.7365	0.5633	1
449	575	-130.986	0.000	0.8203	0.6606	1
449	576	-244.070	0.000	0.8167	0.6903	1
449	578	-341.123	0.000	0.7314	0.7331	1
449	584	-0.923	0.000	0.7236	0.5888	1
449	591	-3.995	0.000	0.7110	0.4769	1
449	592	226.168	0.000	0.9004	0.7326	1
449	601	84.130	0.000	0.7586	0.5890	1
449	609	224.153	0.000	0.8208	0.7024	1
449	611	22.078	0.000	0.7290	0.5728	1
449	631	224.153	0.000	0.8197	0.6624	1
449	632	192.182	0.000	0.7488	0.6608	1
449	641	127.100	0.000	0.7385	0.6631	1
449	649	47.074	0.000	0.8624	0.6593	1
449	667	153.115	0.000	0.8168	0.6702	1
449	674	252.184	0.000	0.7434	0.4707	1
449	682	22.077	0.000	0.7245	0.6339	1
449	704	61.089	0.000	0.7363	0.4919	1
449	715	12.036	0.000	0.7750	0.7274	1
449	720	153.115	0.000	0.7019	0.5019	1
449	733	226.169	0.000	0.8967	0.7632	1
449	748	91.133	0.000	0.7309	0.5088	1
449	754	26.052	0.000	0.7729	0.6468	1
449	760	169.147	0.000	0.7769	0.6601	1
449	817	-44.912	0.000	0.7210	0.4976	1
449	837	266.200	0.000	0.7221	0.4149	1
449	871	123.105	0.000	0.7390	0.6165	1
449	877	-0.959	0.000	0.8458	0.6478	1
449	881	-1.962	0.000	0.7216	0.4773	1
449	912	-0.959	0.000	0.8405	0.6082	1
449	918	77.153	0.000	0.7598	0.5712	1
449	931	-137.059	0.000	0.7270	0.5301	1
449	958	-137.059	0.000	0.7251	0.5361	1
449	975	125.121	0.000	0.7766	0.7676	1
449	976	82.078	0.000	0.8697	0.7025	1
449	981	38.088	0.000	0.7292	0.5323	1
449	987	125.121	0.000	0.7594	0.6535	1
449	988	82.078	0.000	0.8706	0.6948	1
449	1278	61.159	0.000	0.7007	0.4597	1
449	1281	66.120	0.000	0.7102	0.5307	1
449	1770	195.126	0.000	0.7336	0.6377	1
449	1838	195.126	0.000	0.7384	0.6260	1
450	455	-426.211	0.000	0.8332	0.5930	1
450	480	32.042	0.000	0.7834	0.5686	1
450	484	17.953	0.000	0.7071	0.6106	1
450	515	97.053	0.000	0.9124	0.7353	1
450	521	-329.232	0.000	0.7637	0.5791	1
450	533	-57.022	0.000	0.7669	0.4855	1
450	534	-0.002	0.000	0.7923	0.5300	1
450	542	-57.022	0.000	0.7658	0.4923	1
450	548	33.984	0.000	0.7112	0.6141	1
450	549	-85.111	0.000	0.7593	0.4777	1
450	553	131.037	0.000	0.9013	0.6423	1
450	567	-154.075	0.000	0.7561	0.5552	1
450	568	-85.037	0.000	0.8473	0.5286	1
450	575	-210.086	0.000	0.9025	0.6653	1
450	576	-323.170	0.000	0.7072	0.5710	1
450	591	-83.095	0.000	0.7260	0.4407	1
450	592	147.068	0.000	0.7128	0.6114	1
450	601	5.031	0.000	0.8568	0.5487	1
450	609	145.053	0.000	0.8047	0.6161	1
450	611	-57.022	0.000	0.7856	0.5369	1
450	631	145.053	0.000	0.8099	0.6297	1
450	632	113.082	0.000	0.8849	0.6363	1
450	633	112.079	0.000	0.7137	0.6015	1
450	649	-32.026	0.000	0.8927	0.7023	1
450	667	74.016	0.000	0.9139	0.6473	1
450	669	-307.165	0.000	0.7179	0.4873	1
450	680	-58.024	0.000	0.7285	0.5125	1
450	682	-57.023	0.000	0.8565	0.6577	1
450	684	-474.161	0.000	0.7194	0.4654	1
450	700	-467.275	0.000	0.7314	0.4866	1
450	704	-18.011	0.000	0.8945	0.7000	1
450	733	147.069	0.000	0.7854	0.5874	1
450	734	-87.032	0.000	0.7948	0.5666	1
450	748	12.033	0.000	0.8808	0.6108	1
450	760	90.047	0.000	0.9108	0.7463	1
450	817	-124.012	0.000	0.7702	0.4831	1
450	839	-17.974	0.000	0.7131	0.4976	1
450	851	-89.015	0.000	0.7498	0.3577	1
450	913	-89.015	0.000	0.7526	0.4152	1
450	918	-1.947	0.000	0.8925	0.6131	1
450	919	-476.161	0.000	0.7621	0.4526	1
450	929	-40.028	0.000	0.7077	0.3579	1
450	975	46.021	0.000	0.7174	0.5117	1
450	981	-41.012	0.000	0.8262	0.5020	1
450	987	46.021	0.000	0.7204	0.4832	1
450	1031	-14.975	0.000	0.7990	0.5496	1
450	1050	-195.086	0.000	0.7205	0.3875	1
450	1131	-3.962	0.000	0.7089	0.4895	1
450	1156	-14.974	0.000	0.8092	0.5853	1
450	1229	14.031	0.000	0.7301	0.5713	1
450	1250	-102.007	0.000	0.7259	0.3994	1
450	1269	-102.007	0.000	0.7293	0.4361	1
450	1278	-17.941	0.000	0.7760	0.4527	1
450	1281	-12.980	0.000	0.7633	0.4816	1
450	1588	-15.012	0.000	0.8187	0.5940	1
452	497	14.016	0.000	0.8901	0.6618	1
452	499	-253.143	0.000	0.7206	0.5151	1
452	504	-33.985	0.000	0.9543	0.7797	1
452	535	69.969	0.000	0.8404	0.6515	1
452	581	113.084	0.000	0.7982	0.6689	1
452	756	56.062	0.000	0.9553	0.8189	1
452	794	282.122	0.000	0.7180	0.4071	1
452	1134	-180.090	0.000	0.7119	0.6387	1
453	800	-29.027	0.000	0.8760	0.6919	1
453	2036	112.052	0.000	0.8695	0.7112	1
453	2234	80.062	0.000	0.7003	0.5938	1
453	2251	112.052	0.000	0.8660	0.7156	1
453	2280	94.078	0.000	0.7314	0.4535	1
453	2304	112.052	0.000	0.8292	0.5670	1
453	2314	112.052	0.000	0.8285	0.6213	1
453	2410	112.052	0.000	0.8354	0.5997	1
454	1016	-72.058	0.000	0.7638	0.5618	1
454	2125	-72.058	0.000	0.7646	0.5528	1
455	463	-79.100	0.000	0.8354	0.6577	1
455	496	-442.331	0.000	0.7405	0.5344	1
455	515	523.264	0.000	0.7845	0.5469	1
455	521	96.980	0.000	0.8529	0.5803	1
455	527	33.911	0.000	0.7649	0.5977	1
455	553	557.249	0.000	0.7289	0.4173	1
455	568	341.175	0.000	0.7085	0.4306	1
455	575	216.126	0.000	0.7612	0.4197	1
455	649	394.185	0.000	0.7236	0.4315	1
455	667	500.227	0.000	0.7359	0.4983	1
455	682	369.189	0.000	0.7008	0.5632	1
455	704	408.201	0.000	0.7412	0.5497	1
455	981	385.200	0.000	0.7049	0.5232	1
456	482	26.938	0.000	0.7356	0.5776	1
456	486	27.011	0.000	0.7379	0.5776	1
456	507	26.938	0.000	0.7325	0.5966	1
456	531	126.007	0.000	0.7200	0.3724	1
456	598	140.095	0.000	0.7201	0.3807	1
456	613	140.022	0.000	0.7165	0.3377	1
456	750	-15.995	0.000	0.8417	0.6018	1
456	825	83.001	0.000	0.7304	0.4412	1
456	897	168.053	0.000	0.7478	0.4336	1
456	1139	39.011	0.000	0.7899	0.7363	1
456	1246	39.011	0.000	0.7898	0.6105	1
456	1267	53.027	0.000	0.7021	0.6014	1
456	1359	53.027	0.000	0.7248	0.5536	1
456	1369	142.074	0.000	0.7131	0.3743	1
456	1464	-34.006	0.000	0.7048	0.4580	1
457	545	-90.116	0.000	0.8257	0.6282	1
457	830	-139.132	0.000	0.7681	0.5990	1
457	834	-92.167	0.000	0.7032	0.4772	1
457	845	148.053	0.000	0.9061	0.6796	1
457	856	147.050	0.000	0.7688	0.5830	1
457	936	20.916	0.000	0.7933	0.5896	1
457	942	233.069	0.000	0.7916	0.6211	1
457	978	-57.040	0.000	0.7453	0.5762	1
457	1012	-50.122	0.000	0.7046	0.4250	1
457	1031	185.068	0.000	0.7342	0.5664	1
457	1032	119.985	0.000	0.8516	0.6966	1
457	1100	119.985	0.000	0.8247	0.6404	1
457	1156	185.069	0.000	0.7367	0.5809	1
457	1202	316.107	0.000	0.8804	0.6801	1
457	1207	233.069	0.000	0.9120	0.7047	1
457	1230	70.006	0.000	0.8983	0.7755	1
457	1232	245.069	0.000	0.9207	0.7357	1
457	1241	259.085	0.000	0.9240	0.7113	1
457	1252	-1.031	0.000	0.8899	0.8030	1
457	1265	169.074	0.000	0.9337	0.7594	1
457	1352	229.074	0.000	0.9142	0.7099	1
457	1357	228.071	0.000	0.7266	0.5337	1
457	1407	330.122	0.000	0.8722	0.6252	1
457	1417	42.995	0.000	0.7805	0.5212	1
457	1437	332.138	0.000	0.8976	0.6418	1
457	1485	131.026	0.000	0.8069	0.5576	1
457	1520	128.027	0.000	0.7053	0.4550	1
457	1521	128.084	0.000	0.7259	0.4876	1
457	1540	-75.051	0.000	0.7180	0.5388	1
457	1575	83.005	0.000	0.9063	0.6584	1
457	1588	185.032	0.000	0.8314	0.6920	1
457	1595	114.047	0.000	0.8544	0.6467	1
457	1677	282.085	0.000	0.7407	0.6403	1
457	1789	332.101	0.000	0.8108	0.6227	1
457	1799	227.076	0.000	0.7256	0.5843	1
457	1905	187.028	0.000	0.7273	0.5805	1
457	1932	227.076	0.000	0.7467	0.6285	1
457	1934	358.117	0.000	0.7253	0.5959	1
457	1947	154.027	0.000	0.8000	0.5534	1
457	2004	-6.033	0.000	0.7198	0.5785	1
457	2028	332.101	0.000	0.8034	0.6188	1
457	2088	38.963	0.000	0.7466	0.5435	1
457	2112	211.081	0.000	0.7245	0.5493	1
457	2145	358.117	0.000	0.7431	0.5884	1
457	2147	202.027	0.000	0.8606	0.6849	1
457	2150	-158.174	0.000	0.7521	0.5359	1
457	2152	271.085	0.000	0.7209	0.6328	1
457	2190	211.081	0.000	0.7214	0.5444	1
457	2245	227.076	0.000	0.7078	0.5917	1
457	2283	244.074	0.000	0.7099	0.5238	1
457	2288	214.063	0.000	0.7210	0.5188	1
457	2300	227.076	0.000	0.7208	0.5997	1
457	2331	227.076	0.000	0.7447	0.6259	1
457	2413	211.082	0.000	0.7070	0.5418	1
457	2446	211.082	0.000	0.7005	0.5632	1
458	467	-30.011	0.000	0.7672	0.4742	1
458	476	170.106	0.000	0.7833	0.4484	1
458	798	237.098	0.000	0.7416	0.3935	1
458	906	251.113	0.000	0.7075	0.3186	1
458	1233	202.203	0.000	0.7228	0.4381	1
458	1427	249.134	0.000	0.7545	0.4505	1
459	493	26.016	0.000	0.8752	0.7032	1
459	638	-66.011	0.000	0.8120	0.5653	1
459	710	13.979	0.000	0.7958	0.6894	1
459	790	-3.995	0.000	0.8542	0.5844	1
459	792	-2.052	0.000	0.9480	0.8566	1
459	915	-59.074	0.000	0.7801	0.4491	1
459	921	11.963	0.000	0.9283	0.7819	1
459	930	-31.990	0.000	0.7410	0.5478	1
459	961	-31.990	0.000	0.7456	0.5595	1
459	1001	-59.074	0.000	0.7432	0.4878	1
459	1111	-52.031	0.000	0.7081	0.6377	1
459	1114	-17.974	0.000	0.9025	0.6857	1
459	1120	-16.031	0.000	0.9145	0.7437	1
459	1128	10.021	0.000	0.8610	0.6499	1
459	1196	-17.974	0.000	0.9150	0.6938	1
459	1203	10.021	0.000	0.9100	0.6590	1
459	1276	-2.016	0.000	0.8877	0.7117	1
459	1369	-2.016	0.000	0.7104	0.7556	1
459	1470	-0.000	0.000	0.9839	0.8318	1
459	1613	26.015	0.000	0.8712	0.7120	1
459	1717	9.984	0.000	0.7073	0.6844	1
459	1773	-3.995	0.000	0.8520	0.5577	1
459	1853	-13.979	0.000	0.8275	0.6724	1
459	1854	-31.990	0.000	0.7453	0.5492	1
459	1924	-17.974	0.000	0.9126	0.6966	1
459	1954	10.021	0.000	0.9084	0.6441	1
459	1991	-16.990	0.000	0.7788	0.6215	1
459	2036	-26.027	0.000	0.7367	0.5486	1
460	1227	-17.006	0.000	0.7965	0.5469	1
460	1254	-17.027	0.000	0.8064	0.5529	1
461	469	1.001	0.000	0.8824	0.7416	1
461	472	0.975	0.000	0.8895	0.7853	1
461	517	0.928	0.000	0.7897	0.5153	1
461	1229	-30.022	0.000	0.7070	0.4695	1
462	465	-426.212	0.000	0.8490	0.6458	1
462	468	-226.096	0.000	0.8529	0.5780	1
462	469	-1.003	0.000	0.7359	0.4413	1
462	472	-1.029	0.000	0.7358	0.4445	1
462	487	-113.157	0.000	0.7453	0.4943	1
462	488	0.035	0.000	0.9599	0.7852	1
462	518	-426.357	0.000	0.7956	0.5474	1
462	519	-0.073	0.000	0.8686	0.5735	1
462	580	-482.202	0.000	0.7695	0.5107	1
462	581	-27.995	0.000	0.9501	0.8159	1
462	631	98.996	0.000	0.7130	0.5205	1
462	658	-71.110	0.000	0.7544	0.3949	1
462	676	-172.159	0.000	0.7512	0.5175	1
462	687	41.974	0.000	0.8418	0.5708	1
462	705	-101.122	0.000	0.7256	0.4120	1
462	977	111.055	0.000	0.8098	0.6183	1
462	990	111.032	0.000	0.7895	0.5552	1
462	1098	-15.047	0.000	0.8400	0.5422	1
462	1185	-27.047	0.000	0.8064	0.5343	1
462	1251	-17.026	0.000	0.8661	0.7042	1
462	1985	83.985	0.000	0.7912	0.7374	1
462	2241	103.160	0.000	0.7146	0.5078	1
462	2260	63.153	0.000	0.7176	0.5556	1
462	2380	63.154	0.000	0.7008	0.5065	1
463	521	176.079	0.000	0.7656	0.5820	1
463	527	113.011	0.000	0.8844	0.7097	1
463	553	636.349	0.000	0.7120	0.4723	1
464	505	27.959	0.000	0.7802	0.5674	1
464	592	29.974	0.000	0.7757	0.5729	1
464	655	-99.032	0.000	0.7103	0.6702	1
464	674	55.990	0.000	0.7641	0.5482	1
464	733	29.974	0.000	0.7361	0.6061	1
464	794	70.006	0.000	0.7497	0.6070	1
464	837	70.005	0.000	0.7803	0.5198	1
464	871	-73.089	0.000	0.7125	0.6241	1
464	1184	12.000	0.000	0.8689	0.7073	1
464	1238	112.052	0.000	0.7089	0.3735	1
464	1576	112.052	0.000	0.7261	0.4661	1
464	1770	-1.068	0.000	0.7239	0.6031	1
464	1792	112.016	0.000	0.7392	0.5202	1
464	1935	112.016	0.000	0.7201	0.4903	1
464	2141	112.016	0.000	0.7095	0.4449	1
465	467	291.157	0.000	0.8199	0.6591	1
465	468	200.116	0.000	0.9507	0.7611	1
465	488	426.247	0.000	0.8274	0.6589	1
465	518	-0.145	0.000	0.9082	0.6146	1
465	519	426.139	0.000	0.7651	0.4409	1
465	528	-97.199	0.000	0.7159	0.6553	1
465	580	-55.990	0.000	0.7070	0.6153	1
465	581	398.217	0.000	0.7974	0.5527	1
465	658	355.102	0.000	0.7360	0.4389	1
465	1251	409.185	0.000	0.7318	0.6223	1
465	1442	308.137	0.000	0.7000	0.5231	1
466	505	-113.084	0.000	0.7066	0.5699	1
466	516	-0.000	0.000	0.9527	0.7227	1
466	570	-14.016	0.000	0.9451	0.6513	1
466	577	-50.016	0.000	0.9198	0.5541	1
466	582	-0.000	0.000	0.9468	0.6449	1
466	598	-15.959	0.000	0.9282	0.7738	1
466	613	-16.031	0.000	0.9152	0.6677	1
466	665	-48.000	0.000	0.9201	0.6920	1
466	671	-14.016	0.000	0.9509	0.7154	1
466	710	2.016	0.000	0.8513	0.6220	1
466	721	-2.016	0.000	0.9065	0.6967	1
466	725	2.052	0.000	0.7312	0.6175	1
466	794	-71.037	0.000	0.7428	0.5877	1
466	837	-71.037	0.000	0.7423	0.5336	1
466	847	-87.011	0.000	0.8592	0.6003	1
466	906	-66.011	0.000	0.8542	0.4946	1
466	917	-14.016	0.000	0.9375	0.6537	1
466	1111	-63.995	0.000	0.8875	0.6548	1
466	1184	-129.043	0.000	0.7216	0.4592	1
466	1238	-28.990	0.000	0.7513	0.5584	1
466	1362	-28.990	0.000	0.8218	0.6355	1
466	1414	-29.974	0.000	0.9395	0.6624	1
466	1459	-15.959	0.000	0.9337	0.6011	1
466	1547	12.036	0.000	0.9241	0.5313	1
466	1551	-86.012	0.000	0.7478	0.4427	1
466	1576	-28.990	0.000	0.7543	0.5856	1
466	1642	-14.975	0.000	0.9244	0.6506	1
466	1681	-14.975	0.000	0.9237	0.6738	1
466	1713	-117.007	0.000	0.7674	0.4630	1
466	1717	-1.979	0.000	0.8567	0.5245	1
466	1848	-40.006	0.000	0.8463	0.5142	1
466	2062	-14.016	0.000	0.8847	0.6175	1
467	476	200.116	0.000	0.8142	0.5648	1
467	518	-291.302	0.000	0.7766	0.5627	1
467	521	-240.234	0.000	0.7115	0.4361	1
467	1233	232.214	0.000	0.7349	0.4645	1
467	1427	279.145	0.000	0.7521	0.4415	1
468	487	112.939	0.000	0.7415	0.5669	1
468	488	226.131	0.000	0.8390	0.6038	1
468	518	-200.261	0.000	0.9089	0.5814	1
468	519	226.023	0.000	0.8198	0.4847	1
468	523	-18.156	0.000	0.7238	0.5323	1
468	581	198.101	0.000	0.7972	0.4996	1
468	658	154.986	0.000	0.7268	0.5713	1
468	687	268.070	0.000	0.7188	0.4222	1
468	1251	209.069	0.000	0.7397	0.5623	1
469	472	-0.026	0.000	0.9741	0.8785	1
469	487	-112.154	0.000	0.7162	0.5517	1
469	488	1.038	0.000	0.7363	0.5135	1
469	517	-0.073	0.000	0.8279	0.5399	1
469	581	-26.992	0.000	0.7058	0.3920	1
469	687	42.977	0.000	0.7069	0.5162	1
472	487	-112.128	0.000	0.7285	0.5594	1
472	488	1.064	0.000	0.7331	0.5152	1
472	517	-0.047	0.000	0.8332	0.5298	1
472	687	43.003	0.000	0.7021	0.5104	1
474	475	-0.006	0.000	1.0000	1.0000	1
476	479	-89.027	0.000	0.9457	0.5838	1
476	798	66.992	0.000	0.8971	0.6584	1
476	854	33.007	0.000	0.7920	0.6774	1
476	906	81.007	0.000	0.8981	0.6201	1
476	1222	180.076	0.000	0.7755	0.6316	1
476	1233	32.097	0.000	0.8804	0.4783	1
476	1427	79.028	0.000	0.8341	0.5254	1
476	1456	123.054	0.000	0.9091	0.6033	1
476	1501	51.033	0.000	0.8557	0.5734	1
476	1839	14.017	0.000	0.7217	0.3906	1
476	1843	14.087	0.000	0.8229	0.4302	1
476	1974	14.087	0.000	0.9438	0.6167	1
476	2235	51.981	0.000	0.8331	0.5752	1
477	478	315.122	0.000	0.7345	0.6326	1
477	485	115.042	0.000	0.9328	0.7784	1
478	485	-200.080	0.000	0.7130	0.5567	1
478	638	23.016	0.000	0.7555	0.6942	1
480	515	65.011	0.000	0.7954	0.6416	1
480	534	-32.043	0.000	0.7857	0.6426	1
480	572	-422.254	0.000	0.7020	0.4805	1
480	609	113.011	0.000	0.7079	0.5803	1
480	611	-89.064	0.000	0.7065	0.5250	1
480	631	113.011	0.000	0.7213	0.5902	1
480	667	41.974	0.000	0.7242	0.7542	1
480	733	115.027	0.000	0.7338	0.7320	1
480	734	-119.074	0.000	0.7109	0.5817	1
480	807	-22.020	0.000	0.7296	0.6365	1
480	839	-50.016	0.000	0.7006	0.5654	1
480	852	-218.105	0.000	0.7148	0.5582	1
480	968	-186.138	0.000	0.7379	0.5220	1
480	975	13.979	0.000	0.7940	0.7187	1
480	981	-73.053	0.000	0.7094	0.7034	1
480	982	-186.138	0.000	0.7344	0.5542	1
480	987	13.979	0.000	0.7973	0.7187	1
480	998	-87.069	0.000	0.7258	0.5733	1
480	1162	9.984	0.000	0.8673	0.6416	1
480	1174	-86.012	0.000	0.7725	0.5838	1
480	1229	-18.010	0.000	0.8657	0.6089	1
480	1358	-119.059	0.000	0.7808	0.6076	1
480	1583	36.036	0.000	0.8284	0.6121	1
480	1630	38.052	0.000	0.8273	0.5848	1
480	1680	36.036	0.000	0.8089	0.5246	1
480	1718	25.020	0.000	0.7784	0.6010	1
480	1738	-120.017	0.000	0.7312	0.4582	1
480	1814	-48.980	0.000	0.7752	0.5311	1
480	1831	-120.017	0.000	0.7083	0.4115	1
480	2068	-605.268	0.000	0.7611	0.5141	1
481	1199	-21.022	0.000	0.8396	0.6382	1
481	1413	70.005	0.000	0.9362	0.6918	1
481	1469	76.979	0.000	0.7726	0.5490	1
481	1530	90.011	0.000	0.8253	0.6065	1
481	1600	233.069	0.000	0.7131	0.4883	1
481	1624	-45.022	0.000	0.9170	0.6658	1
481	1761	-39.032	0.000	0.7535	0.4950	1
481	1830	118.042	0.000	0.8373	0.5813	1
481	1896	16.994	0.000	0.7483	0.5083	1
482	486	0.073	0.000	0.9902	0.9567	1
482	505	16.031	0.000	0.8654	0.7433	1
482	507	-0.000	0.000	0.9898	0.9486	1
482	547	14.015	0.000	0.8413	0.8777	1
482	559	14.088	0.000	0.8050	0.8009	1
482	561	13.085	0.000	0.7438	0.6806	1
482	589	14.088	0.000	0.7576	0.7351	1
482	598	113.157	0.000	0.7005	0.4391	1
482	599	65.084	0.000	0.7086	0.3748	1
482	614	112.081	0.000	0.7184	0.3871	1
482	645	-13.907	0.000	0.7494	0.7868	1
482	724	42.047	0.000	0.7600	0.5615	1
482	759	-129.043	0.000	0.7068	0.6735	1
482	777	12.037	0.000	0.7263	0.6522	1
482	786	16.104	0.000	0.7341	0.6724	1
482	825	56.063	0.000	0.7780	0.5628	1
482	874	12.036	0.000	0.8211	0.7353	1
482	896	-15.959	0.000	0.7265	0.7262	1
482	996	-15.959	0.000	0.7263	0.7168	1
482	1061	111.105	0.000	0.7598	0.5439	1
482	1117	111.105	0.000	0.7337	0.4697	1
482	1369	115.136	0.000	0.7035	0.4806	1
483	552	99.068	0.000	0.8824	0.7462	1
483	842	97.016	0.000	0.7272	0.6272	1
483	932	-17.027	0.000	0.9420	0.7981	1
483	1108	-32.026	0.000	0.7177	0.6618	1
483	1173	-146.069	0.000	0.7138	0.6222	1
484	505	127.100	0.000	0.8375	0.7215	1
484	514	14.016	0.000	0.7663	0.6666	1
484	522	-33.985	0.000	0.9188	0.6860	1
484	527	-410.254	0.000	0.7083	0.5878	1
484	530	16.031	0.000	0.9178	0.7508	1
484	534	-17.955	0.000	0.8001	0.6393	1
484	548	16.031	0.000	0.9345	0.7727	1
484	550	15.029	0.000	0.8215	0.7691	1
484	553	113.084	0.000	0.8017	0.6887	1
484	556	-325.201	0.000	0.7769	0.7115	1
484	557	-313.128	0.000	0.7636	0.6989	1
484	569	14.026	0.000	0.7474	0.6207	1
484	587	-188.059	0.000	0.7717	0.5639	1
484	592	129.115	0.000	0.8494	0.6937	1
484	609	127.100	0.000	0.7342	0.7530	1
484	631	127.100	0.000	0.7432	0.7088	1
484	641	30.047	0.000	0.8093	0.7396	1
484	674	155.131	0.000	0.8329	0.4836	1
484	707	-86.019	0.000	0.7693	0.5283	1
484	712	-87.022	0.000	0.7438	0.4902	1
484	715	-85.017	0.000	0.8894	0.7094	1
484	733	129.116	0.000	0.7964	0.7379	1
484	734	-104.986	0.000	0.7783	0.5214	1
484	754	-71.001	0.000	0.8719	0.6263	1
484	791	-33.948	0.000	0.7573	0.7218	1
484	801	58.078	0.000	0.7084	0.7098	1
484	807	-7.932	0.000	0.7222	0.5602	1
484	837	169.146	0.000	0.8258	0.5582	1
484	871	26.052	0.000	0.8543	0.6660	1
484	884	-213.074	0.000	0.7660	0.4452	1
484	973	40.068	0.000	0.7041	0.5358	1
484	975	28.068	0.000	0.8954	0.8157	1
484	976	-14.975	0.000	0.8453	0.6704	1
484	986	40.068	0.000	0.7085	0.5226	1
484	987	28.068	0.000	0.8944	0.7753	1
484	988	-14.975	0.000	0.8555	0.6972	1
484	998	-72.980	0.000	0.7061	0.5253	1
484	1030	14.088	0.000	0.7472	0.6542	1
484	1202	98.110	0.000	0.7694	0.7343	1
484	1770	98.073	0.000	0.8111	0.7315	1
484	1794	0.017	0.000	0.7158	0.5298	1
484	1798	1.020	0.000	0.8306	0.7164	1
486	505	15.959	0.000	0.8596	0.7435	1
486	507	-0.073	0.000	0.9881	0.9443	1
486	547	13.943	0.000	0.8290	0.8962	1
486	559	14.015	0.000	0.7945	0.8082	1
486	561	13.012	0.000	0.7250	0.6757	1
486	589	14.016	0.000	0.7349	0.7351	1
486	614	112.008	0.000	0.7101	0.4012	1
486	645	-13.980	0.000	0.7227	0.7910	1
486	724	41.974	0.000	0.7484	0.5681	1
486	777	11.964	0.000	0.7436	0.6791	1
486	825	55.990	0.000	0.7763	0.5674	1
486	874	11.964	0.000	0.8333	0.7398	1
486	896	-16.031	0.000	0.7101	0.7130	1
486	996	-16.031	0.000	0.7054	0.6837	1
486	1061	111.032	0.000	0.7326	0.5298	1
486	1117	111.032	0.000	0.7070	0.4483	1
487	488	113.192	0.000	0.7485	0.5723	1
487	506	-97.053	0.000	0.7404	0.5836	1
487	513	98.065	0.000	0.7230	0.6573	1
487	514	99.069	0.000	0.8220	0.7352	1
487	517	112.081	0.000	0.8367	0.7125	1
487	518	-313.200	0.000	0.7661	0.6604	1
487	519	113.084	0.000	0.8483	0.6219	1
487	523	-131.094	0.000	0.7761	0.6293	1
487	549	-18.011	0.000	0.7754	0.7719	1
487	569	99.079	0.000	0.7548	0.6460	1
487	580	-369.045	0.000	0.7653	0.5005	1
487	581	85.162	0.000	0.7373	0.5276	1
487	591	-15.995	0.000	0.7060	0.6486	1
487	604	-145.001	0.000	0.7183	0.6735	1
487	609	212.153	0.000	0.8116	0.7577	1
487	616	-232.033	0.000	0.7790	0.7071	1
487	628	-115.063	0.000	0.7838	0.7940	1
487	630	-147.035	0.000	0.7205	0.7034	1
487	631	212.153	0.000	0.8109	0.7685	1
487	641	115.100	0.000	0.7528	0.7629	1
487	648	-242.054	0.000	0.7446	0.6513	1
487	658	42.047	0.000	0.9413	0.7554	1
487	676	-59.002	0.000	0.7367	0.6179	1
487	687	155.131	0.000	0.7321	0.5569	1
487	705	12.035	0.000	0.9321	0.7769	1
487	753	-29.974	0.000	0.7542	0.6635	1
487	1199	12.145	0.000	0.7699	0.5566	1
487	1651	84.057	0.000	0.7181	0.6564	1
488	518	-426.392	0.000	0.7642	0.5161	1
488	519	-0.108	0.000	0.8460	0.5108	1
488	580	-482.237	0.000	0.7504	0.5215	1
488	581	-28.030	0.000	0.9354	0.7451	1
488	631	98.961	0.000	0.7044	0.5273	1
488	658	-71.145	0.000	0.7425	0.4193	1
488	676	-172.194	0.000	0.7357	0.5459	1
488	687	41.939	0.000	0.8257	0.5885	1
488	705	-101.157	0.000	0.7345	0.4639	1
488	977	111.020	0.000	0.8182	0.6290	1
488	990	110.997	0.000	0.8182	0.6234	1
488	1098	-15.082	0.000	0.8239	0.4984	1
488	1185	-27.082	0.000	0.8314	0.6427	1
488	1251	-17.062	0.000	0.8658	0.7517	1
488	1985	83.950	0.000	0.7853	0.6850	1
489	490	45.022	0.000	0.8584	0.7743	1
489	493	-0.984	0.000	0.7291	0.8195	1
489	1192	-0.036	0.000	0.7329	0.7576	1
489	1347	-14.027	0.000	0.8500	0.6841	1
489	1613	-0.984	0.000	0.7286	0.8286	1
489	1614	-18.995	0.000	0.7168	0.6603	1
490	1192	-45.058	0.000	0.7834	0.7701	1
490	1435	-6.011	0.000	0.7031	0.5272	1
490	1790	-2.052	0.000	0.7343	0.6848	1
490	2012	-20.063	0.000	0.8700	0.6621	1
490	2062	-74.073	0.000	0.7152	0.5420	1
490	2323	-46.042	0.000	0.7270	0.5295	1
491	1033	13.943	0.000	0.7008	0.4462	1
492	547	-44.099	0.000	0.7028	0.6710	1
492	558	-26.016	0.000	0.7719	0.6871	1
492	824	15.947	0.000	0.7380	0.6050	1
492	875	-36.036	0.000	0.7277	0.4640	1
492	1003	-60.058	0.000	0.8183	0.7096	1
492	1274	39.011	0.000	0.8513	0.6695	1
492	1276	57.021	0.000	0.7965	0.6659	1
492	1591	-37.991	0.000	0.7818	0.5753	1
493	795	-39.995	0.000	0.7240	0.5854	1
493	1120	-42.047	0.000	0.7556	0.5737	1
493	1128	-15.995	0.000	0.8191	0.6098	1
493	1203	-15.995	0.000	0.8576	0.5954	1
493	1273	17.974	0.000	0.8638	0.7323	1
493	1276	-28.031	0.000	0.7677	0.6026	1
493	1524	9.984	0.000	0.8106	0.8267	1
493	1613	-0.000	0.000	0.9901	0.8673	1
493	1614	-18.011	0.000	0.9402	0.7869	1
493	1676	-18.011	0.000	0.7871	0.6563	1
493	1711	24.000	0.000	0.8826	0.8029	1
493	1773	-30.011	0.000	0.7917	0.5169	1
493	1853	-39.995	0.000	0.9324	0.7821	1
493	1854	-58.006	0.000	0.7622	0.5046	1
493	1887	0.984	0.000	0.7312	0.5133	1
493	1954	-15.995	0.000	0.8584	0.5918	1
493	2062	-28.068	0.000	0.7090	0.5625	1
493	2179	70.989	0.000	0.7115	0.5572	1
494	495	-99.069	0.000	0.8547	0.7106	1
494	500	-198.137	0.000	0.8421	0.7262	1
494	565	-63.998	0.000	0.7236	0.5903	1
494	609	244.122	0.000	0.7180	0.5259	1
494	618	-63.997	0.000	0.7092	0.5408	1
494	631	244.122	0.000	0.7218	0.5468	1
494	646	-396.238	0.000	0.7764	0.5416	1
494	708	113.084	0.000	0.8885	0.7319	1
494	836	187.100	0.000	0.7354	0.5654	1
494	866	260.153	0.000	0.8246	0.4773	1
494	973	157.089	0.000	0.7064	0.5571	1
494	986	157.089	0.000	0.7095	0.5753	1
494	1023	116.063	0.000	0.7458	0.6377	1
494	1261	243.163	0.000	0.7454	0.5245	1
494	1387	243.330	0.000	0.7928	0.5118	1
494	1403	243.163	0.000	0.7749	0.4764	1
494	1407	229.147	0.000	0.7627	0.5039	1
494	1556	141.131	0.000	0.7679	0.5497	1
495	496	-670.406	0.000	0.7322	0.6719	1
495	500	-99.068	0.000	0.9278	0.7878	1
495	617	113.084	0.000	0.8461	0.7606	1
495	621	112.082	0.000	0.7684	0.6019	1
495	646	-297.169	0.000	0.7809	0.5621	1
495	713	260.153	0.000	0.7499	0.3996	1
495	737	12.037	0.000	0.8387	0.7295	1
495	803	26.052	0.000	0.9252	0.7749	1
496	500	571.337	0.000	0.7097	0.6372	1
496	510	232.122	0.000	0.7165	0.5829	1
497	504	-48.001	0.000	0.8916	0.7243	1
497	505	226.059	0.000	0.7712	0.4589	1
497	581	99.068	0.000	0.7294	0.4989	1
497	756	42.047	0.000	0.8996	0.7464	1
497	794	268.106	0.000	0.7477	0.4392	1
497	821	-34.021	0.000	0.7134	0.5131	1
499	504	219.158	0.000	0.7165	0.5305	1
499	508	-267.096	0.000	0.7982	0.7514	1
499	512	-426.284	0.000	0.7878	0.7458	1
499	686	51.957	0.000	0.7052	0.5769	1
499	756	309.205	0.000	0.7267	0.6098	1
499	868	111.032	0.000	0.7053	0.7149	1
500	602	113.084	0.000	0.8487	0.7789	1
500	646	-198.101	0.000	0.8558	0.6971	1
500	661	260.152	0.000	0.8106	0.5304	1
501	531	33.984	0.000	0.9619	0.7097	1
501	563	-33.984	0.000	0.9392	0.6201	1
501	570	50.015	0.000	0.9596	0.7369	1
501	577	14.015	0.000	0.9884	0.8516	1
501	644	-39.011	0.000	0.7152	0.4595	1
501	671	50.015	0.000	0.9580	0.7280	1
501	789	16.031	0.000	0.7786	0.7169	1
501	798	-15.995	0.000	0.9210	0.6818	1
501	806	-53.048	0.000	0.7288	0.4482	1
501	879	113.084	0.000	0.9211	0.5888	1
501	917	50.015	0.000	0.9585	0.7369	1
501	1021	12.036	0.000	0.8372	0.6038	1
501	1116	56.062	0.000	0.7185	0.5475	1
501	1122	-13.990	0.000	0.7500	0.4258	1
501	1191	-15.959	0.000	0.9417	0.7231	1
501	1598	10.057	0.000	0.8303	0.4572	1
501	1634	10.009	0.000	0.8600	0.5633	1
504	581	147.069	0.000	0.7477	0.5551	1
504	708	143.022	0.000	0.7157	0.5343	1
504	756	90.047	0.000	0.9310	0.7899	1
504	794	316.107	0.000	0.7483	0.3687	1
504	821	13.980	0.000	0.7406	0.5941	1
505	506	-309.206	0.000	0.7174	0.5065	1
505	507	-16.031	0.000	0.8536	0.7647	1
505	514	-113.084	0.000	0.7216	0.5368	1
505	515	-48.000	0.000	0.7772	0.7622	1
505	516	113.084	0.000	0.7365	0.5253	1
505	522	-161.084	0.000	0.7730	0.5959	1
505	530	-111.069	0.000	0.7165	0.5874	1
505	534	-145.055	0.000	0.7318	0.5829	1
505	548	-111.069	0.000	0.7360	0.6071	1
505	570	99.068	0.000	0.7450	0.5588	1
505	582	113.084	0.000	0.7254	0.5323	1
505	592	2.015	0.000	0.8621	0.7884	1
505	609	-0.000	0.000	0.7349	0.7889	1
505	631	-0.000	0.000	0.7605	0.7865	1
505	632	-31.971	0.000	0.7558	0.7185	1
505	641	-97.053	0.000	0.8114	0.6336	1
505	665	65.084	0.000	0.7177	0.5269	1
505	671	99.068	0.000	0.7681	0.6248	1
505	674	28.031	0.000	0.8541	0.5627	1
505	679	113.084	0.000	0.7057	0.4410	1
505	708	-131.038	0.000	0.7002	0.6396	1
505	715	-212.117	0.000	0.7219	0.5972	1
505	733	2.016	0.000	0.7856	0.8078	1
505	734	-232.085	0.000	0.7433	0.4648	1
505	754	-198.101	0.000	0.7163	0.5424	1
505	777	-3.995	0.000	0.7712	0.7090	1
505	785	-260.127	0.000	0.7034	0.3835	1
505	788	40.031	0.000	0.7015	0.7918	1
505	794	42.047	0.000	0.8696	0.7835	1
505	807	-135.032	0.000	0.7133	0.5258	1
505	821	-260.080	0.000	0.7253	0.5489	1
505	836	-57.021	0.000	0.8477	0.6812	1
505	837	42.047	0.000	0.8874	0.7199	1
505	871	-101.048	0.000	0.8602	0.6788	1
505	874	-3.995	0.000	0.7202	0.7428	1
505	898	10.021	0.000	0.7885	0.7846	1
505	917	99.068	0.000	0.7640	0.5722	1
505	968	-299.149	0.000	0.7300	0.4023	1
505	973	-87.032	0.000	0.8655	0.6608	1
505	975	-99.032	0.000	0.7412	0.6857	1
505	977	12.059	0.000	0.7161	0.6609	1
505	982	-299.149	0.000	0.7208	0.4100	1
505	986	-87.032	0.000	0.8541	0.5918	1
505	987	-99.032	0.000	0.7407	0.6518	1
505	990	12.036	0.000	0.7079	0.6688	1
505	1066	56.062	0.000	0.8101	0.6262	1
505	1184	-15.959	0.000	0.8285	0.6775	1
505	1261	-0.959	0.000	0.7618	0.6758	1
505	1770	-29.027	0.000	0.7528	0.6687	1
506	513	195.118	0.000	0.7830	0.6944	1
506	514	196.122	0.000	0.8075	0.6748	1
506	528	-313.201	0.000	0.8497	0.6926	1
506	538	113.084	0.000	0.8282	0.6639	1
506	569	196.132	0.000	0.7476	0.6608	1
506	591	81.058	0.000	0.7444	0.5828	1
506	594	210.137	0.000	0.7399	0.6786	1
506	641	212.153	0.000	0.8259	0.5978	1
506	720	238.168	0.000	0.7794	0.6457	1
506	753	67.079	0.000	0.7342	0.6597	1
506	834	-128.058	0.000	0.7879	0.6920	1
506	871	208.158	0.000	0.7207	0.5857	1
506	973	222.173	0.000	0.7125	0.5070	1
506	986	222.173	0.000	0.7166	0.5435	1
507	543	-27.922	0.000	0.7058	0.6576	1
507	547	14.016	0.000	0.8509	0.8685	1
507	559	14.088	0.000	0.8229	0.7953	1
507	561	13.085	0.000	0.7410	0.6548	1
507	589	14.089	0.000	0.7634	0.7351	1
507	614	112.081	0.000	0.7064	0.4118	1
507	645	-13.907	0.000	0.7660	0.8058	1
507	724	42.047	0.000	0.7313	0.5387	1
507	777	12.037	0.000	0.7248	0.6512	1
507	786	16.104	0.000	0.7334	0.6524	1
507	825	56.063	0.000	0.7532	0.5513	1
507	874	12.036	0.000	0.8182	0.7354	1
507	896	-15.959	0.000	0.7226	0.7291	1
507	996	-15.959	0.000	0.7154	0.7071	1
507	1061	111.105	0.000	0.7311	0.5357	1
507	1117	111.105	0.000	0.7017	0.4570	1
508	512	-159.188	0.000	0.9439	0.8343	1
509	560	147.068	0.000	0.8984	0.6696	1
509	602	97.052	0.000	0.8405	0.6831	1
509	603	-258.085	0.000	0.7094	0.6218	1
509	617	196.121	0.000	0.7935	0.5737	1
509	619	-361.200	0.000	0.7144	0.4782	1
509	622	-131.095	0.000	0.8055	0.6651	1
509	625	-163.067	0.000	0.7262	0.5212	1
509	630	67.039	0.000	0.7097	0.5628	1
509	708	295.190	0.000	0.8604	0.6199	1
509	711	-115.065	0.000	0.7828	0.7053	1
509	737	95.074	0.000	0.7131	0.6273	1
509	740	-101.048	0.000	0.8433	0.6748	1
509	742	-101.047	0.000	0.7335	0.6000	1
509	957	-229.107	0.000	0.8203	0.5277	1
510	527	244.121	0.000	0.7441	0.6264	1
510	540	147.068	0.000	0.8416	0.7248	1
510	544	299.235	0.000	0.7318	0.5471	1
510	554	232.120	0.000	0.7382	0.5865	1
510	556	329.173	0.000	0.7343	0.5990	1
510	557	341.246	0.000	0.7063	0.5293	1
510	564	36.072	0.000	0.8354	0.7973	1
510	578	216.198	0.000	0.7241	0.5571	1
510	605	113.084	0.000	0.8776	0.7673	1
513	514	1.004	0.000	0.9203	0.8935	1
513	530	3.019	0.000	0.7333	0.5528	1
513	538	-82.034	0.000	0.7165	0.6748	1
513	548	3.019	0.000	0.7162	0.4552	1
513	550	2.017	0.000	0.8447	0.7055	1
513	569	1.014	0.000	0.8861	0.8326	1
513	591	-114.060	0.000	0.7169	0.5742	1
513	594	15.019	0.000	0.8231	0.7152	1
513	641	17.035	0.000	0.7312	0.6594	1
513	720	43.050	0.000	0.8524	0.7678	1
513	757	13.040	0.000	0.7866	0.6770	1
513	781	-47.963	0.000	0.7323	0.6718	1
513	801	45.066	0.000	0.7035	0.6297	1
513	881	-112.027	0.000	0.7048	0.6255	1
514	522	-48.001	0.000	0.7172	0.5475	1
514	530	2.015	0.000	0.8031	0.6389	1
514	534	-31.971	0.000	0.7647	0.6625	1
514	538	-83.038	0.000	0.7923	0.7122	1
514	544	-369.155	0.000	0.7075	0.5035	1
514	548	2.015	0.000	0.7944	0.5688	1
514	550	1.013	0.000	0.8624	0.6934	1
514	569	0.010	0.000	0.9513	0.9116	1
514	591	-115.064	0.000	0.7343	0.5658	1
514	592	115.099	0.000	0.7457	0.5398	1
514	594	14.015	0.000	0.7996	0.7102	1
514	609	113.084	0.000	0.7161	0.6235	1
514	631	113.084	0.000	0.7187	0.6109	1
514	641	16.031	0.000	0.8082	0.6779	1
514	712	-101.038	0.000	0.7438	0.6555	1
514	720	42.046	0.000	0.8783	0.7690	1
514	733	115.100	0.000	0.7550	0.5827	1
514	757	12.036	0.000	0.8355	0.7277	1
514	781	-48.967	0.000	0.7451	0.6724	1
514	791	-47.964	0.000	0.7222	0.6024	1
514	801	44.062	0.000	0.7668	0.6677	1
514	807	-21.948	0.000	0.7127	0.5988	1
514	836	56.062	0.000	0.7387	0.6314	1
514	871	12.036	0.000	0.7491	0.6019	1
514	881	-113.031	0.000	0.7228	0.6397	1
514	912	-112.028	0.000	0.7131	0.6198	1
514	973	26.052	0.000	0.7446	0.5845	1
514	986	26.052	0.000	0.7531	0.5952	1
514	987	14.052	0.000	0.7041	0.6002	1
514	1179	96.094	0.000	0.7362	0.6160	1
514	1754	54.035	0.000	0.7416	0.6725	1
515	521	-426.285	0.000	0.7429	0.4964	1
515	533	-154.075	0.000	0.8024	0.5483	1
515	534	-97.055	0.000	0.8229	0.5967	1
515	542	-154.075	0.000	0.8032	0.5583	1
515	549	-182.164	0.000	0.7161	0.4195	1
515	553	33.984	0.000	0.9307	0.7806	1
515	567	-251.128	0.000	0.7592	0.5545	1
515	568	-182.090	0.000	0.7891	0.4932	1
515	575	-307.139	0.000	0.7972	0.5668	1
515	592	50.015	0.000	0.7650	0.7397	1
515	601	-92.022	0.000	0.8120	0.5355	1
515	609	48.000	0.000	0.9103	0.8870	1
515	611	-154.075	0.000	0.8351	0.6211	1
515	631	48.000	0.000	0.9180	0.8856	1
515	632	16.029	0.000	0.9219	0.7192	1
515	633	15.026	0.000	0.7812	0.5459	1
515	649	-129.079	0.000	0.8391	0.6867	1
515	659	-414.191	0.000	0.7141	0.4001	1
515	667	-23.037	0.000	0.8846	0.6415	1
515	669	-404.218	0.000	0.7122	0.5249	1
515	682	-154.076	0.000	0.7977	0.6090	1
515	700	-564.328	0.000	0.7061	0.4520	1
515	704	-115.064	0.000	0.8243	0.6680	1
515	733	50.016	0.000	0.8092	0.7647	1
515	748	-85.020	0.000	0.8062	0.5542	1
515	760	-7.006	0.000	0.8408	0.6775	1
515	786	48.073	0.000	0.7221	0.5422	1
515	807	-87.031	0.000	0.7654	0.5833	1
515	813	76.031	0.000	0.7194	0.6377	1
515	817	-221.065	0.000	0.7212	0.4100	1
515	839	-115.027	0.000	0.7922	0.5132	1
515	918	-99.000	0.000	0.8279	0.5598	1
515	929	-137.081	0.000	0.7216	0.3857	1
515	969	-298.128	0.000	0.7146	0.3882	1
515	981	-138.065	0.000	0.7860	0.5317	1
515	1031	-112.028	0.000	0.8290	0.6167	1
515	1156	-112.027	0.000	0.8233	0.6479	1
515	1159	-113.031	0.000	0.7190	0.4379	1
515	1250	-199.060	0.000	0.7883	0.4867	1
515	1269	-199.060	0.000	0.8063	0.5341	1
515	1278	-114.994	0.000	0.7019	0.4456	1
515	1612	-15.011	0.000	0.7303	0.5725	1
515	1677	-15.011	0.000	0.7721	0.6010	1
515	1713	44.078	0.000	0.7042	0.4453	1
515	1838	18.974	0.000	0.7033	0.5770	1
515	1922	54.036	0.000	0.7175	0.4200	1
516	570	-14.016	0.000	0.9805	0.7945	1
516	577	-50.016	0.000	0.9603	0.7675	1
516	582	-0.000	0.000	0.9824	0.7989	1
516	598	-15.959	0.000	0.9508	0.7681	1
516	613	-16.031	0.000	0.9422	0.7584	1
516	665	-48.000	0.000	0.9302	0.6662	1
516	671	-14.016	0.000	0.9862	0.8561	1
516	708	-244.122	0.000	0.7055	0.4630	1
516	710	2.016	0.000	0.8711	0.6761	1
516	721	-2.016	0.000	0.9291	0.6911	1
516	725	2.052	0.000	0.7052	0.5307	1
516	794	-71.037	0.000	0.7549	0.5757	1
516	837	-71.037	0.000	0.7530	0.4730	1
516	847	-87.011	0.000	0.8871	0.5806	1
516	906	-66.011	0.000	0.8955	0.5417	1
516	917	-14.016	0.000	0.9822	0.8636	1
516	1034	28.031	0.000	0.9578	0.7408	1
516	1111	-63.995	0.000	0.9245	0.7122	1
516	1184	-129.043	0.000	0.7678	0.4700	1
516	1238	-28.990	0.000	0.7758	0.6312	1
516	1261	-114.043	0.000	0.7120	0.4730	1
516	1362	-28.990	0.000	0.8484	0.6444	1
516	1414	-29.974	0.000	0.9754	0.8155	1
516	1459	-15.959	0.000	0.9774	0.8018	1
516	1472	-59.001	0.000	0.7838	0.4772	1
516	1547	12.036	0.000	0.9752	0.7674	1
516	1554	-86.996	0.000	0.8343	0.4679	1
516	1576	-28.990	0.000	0.7769	0.6422	1
516	1642	-14.975	0.000	0.9521	0.7692	1
516	1648	-86.012	0.000	0.7258	0.5670	1
516	1681	-14.975	0.000	0.9536	0.8067	1
516	1713	-117.007	0.000	0.8015	0.5348	1
516	1717	-1.979	0.000	0.9016	0.6355	1
516	1848	-40.006	0.000	0.8897	0.5744	1
516	2062	-14.016	0.000	0.9275	0.6399	1
517	519	1.003	0.000	0.8040	0.6496	1
517	658	-70.034	0.000	0.7175	0.5901	1
517	687	43.050	0.000	0.7068	0.6289	1
517	705	-100.046	0.000	0.7507	0.6328	1
517	1098	-13.971	0.000	0.7143	0.4492	1
517	1457	-86.952	0.000	0.7290	0.5647	1
518	519	426.284	0.000	0.8646	0.6480	1
518	521	51.068	0.000	0.7258	0.5576	1
518	523	182.106	0.000	0.7307	0.4389	1
518	581	398.362	0.000	0.7609	0.5064	1
518	658	355.247	0.000	0.7692	0.4643	1
518	687	468.331	0.000	0.7350	0.5335	1
519	523	-244.178	0.000	0.7678	0.5526	1
519	538	-97.053	0.000	0.7109	0.5451	1
519	580	-482.129	0.000	0.7321	0.4338	1
519	581	-27.922	0.000	0.8569	0.5599	1
519	604	-258.085	0.000	0.7167	0.5094	1
519	609	99.069	0.000	0.7658	0.7187	1
519	631	99.069	0.000	0.7763	0.7100	1
519	641	2.016	0.000	0.7145	0.6122	1
519	658	-71.037	0.000	0.8509	0.5547	1
519	676	-172.086	0.000	0.8009	0.5504	1
519	687	42.047	0.000	0.8555	0.5790	1
519	705	-101.049	0.000	0.8414	0.5585	1
519	977	111.128	0.000	0.7827	0.5026	1
519	990	111.105	0.000	0.7995	0.5503	1
519	1098	-14.974	0.000	0.9396	0.7321	1
519	1185	-26.974	0.000	0.7671	0.4236	1
519	1251	-16.954	0.000	0.7474	0.3996	1
519	1266	-144.017	0.000	0.7456	0.5822	1
519	1754	40.020	0.000	0.7283	0.5257	1
519	1985	84.058	0.000	0.7050	0.4744	1
519	2260	63.226	0.000	0.7175	0.5236	1
519	2380	63.227	0.000	0.7130	0.5186	1
520	906	-13.046	0.000	0.8688	0.4470	1
520	971	24.011	0.000	0.9369	0.6273	1
520	1233	-61.956	0.000	0.8966	0.5743	1
520	1839	-80.036	0.000	0.7215	0.3444	1
520	1843	-79.966	0.000	0.8389	0.4557	1
520	1974	-79.966	0.000	0.9543	0.6983	1
521	527	-63.068	0.000	0.7201	0.6446	1
521	534	329.230	0.000	0.7296	0.6413	1
521	568	244.195	0.000	0.7060	0.5491	1
521	609	474.285	0.000	0.7188	0.4796	1
521	631	474.285	0.000	0.7160	0.4697	1
521	682	272.209	0.000	0.7314	0.5844	1
522	530	50.015	0.000	0.8927	0.6875	1
522	534	16.030	0.000	0.7155	0.5471	1
522	548	50.015	0.000	0.9190	0.7375	1
522	550	49.013	0.000	0.7751	0.6251	1
522	553	147.069	0.000	0.7753	0.6086	1
522	569	48.011	0.000	0.7059	0.4977	1
522	592	163.100	0.000	0.8386	0.6121	1
522	629	-188.059	0.000	0.7376	0.4467	1
522	631	161.084	0.000	0.7040	0.6431	1
522	641	64.031	0.000	0.7843	0.6578	1
522	674	189.115	0.000	0.8344	0.4760	1
522	707	-52.035	0.000	0.7451	0.4700	1
522	712	-53.037	0.000	0.7374	0.5016	1
522	715	-51.032	0.000	0.8536	0.6178	1
522	733	163.100	0.000	0.7902	0.7083	1
522	754	-37.017	0.000	0.8479	0.5864	1
522	791	0.036	0.000	0.7451	0.6574	1
522	807	26.053	0.000	0.7300	0.5163	1
522	837	203.131	0.000	0.8103	0.4485	1
522	871	60.037	0.000	0.8453	0.6157	1
522	884	-179.090	0.000	0.7479	0.4184	1
522	973	74.052	0.000	0.7109	0.5052	1
522	975	62.052	0.000	0.8700	0.6917	1
522	976	19.010	0.000	0.8446	0.6743	1
522	986	74.052	0.000	0.7199	0.4977	1
522	987	62.052	0.000	0.8582	0.6207	1
522	988	19.010	0.000	0.8382	0.6466	1
522	1202	132.094	0.000	0.7299	0.5945	1
522	1770	132.058	0.000	0.7877	0.6336	1
522	1794	34.002	0.000	0.7170	0.5232	1
522	1798	35.005	0.000	0.8024	0.6638	1
523	602	14.072	0.000	0.7372	0.7243	1
523	617	113.141	0.000	0.7030	0.6741	1
523	621	112.139	0.000	0.7126	0.5391	1
523	737	12.093	0.000	0.7733	0.6797	1
526	533	180.053	0.000	0.7381	0.5872	1
526	542	180.053	0.000	0.7482	0.5882	1
526	567	82.999	0.000	0.8515	0.6399	1
526	595	-179.132	0.000	0.7426	0.5963	1
526	611	180.053	0.000	0.7195	0.5748	1
526	628	54.911	0.000	0.7723	0.4861	1
526	630	22.939	0.000	0.7367	0.5071	1
526	659	-80.063	0.000	0.7360	0.5991	1
526	667	311.090	0.000	0.7048	0.4995	1
527	528	-85.053	0.000	0.7043	0.7074	1
527	530	426.284	0.000	0.7829	0.5721	1
527	540	-97.053	0.000	0.9348	0.8222	1
527	544	55.115	0.000	0.9370	0.7040	1
527	548	426.284	0.000	0.7884	0.5782	1
527	554	-12.000	0.000	0.9454	0.7344	1
527	556	85.052	0.000	0.9337	0.7249	1
527	557	97.125	0.000	0.9395	0.7435	1
527	564	-208.049	0.000	0.8035	0.6351	1
527	578	-27.922	0.000	0.9307	0.6905	1
527	592	539.369	0.000	0.7017	0.4490	1
527	605	-131.037	0.000	0.8951	0.7192	1
528	538	426.284	0.000	0.8514	0.7224	1
529	532	-17.027	0.000	0.9027	0.7464	1
529	811	-39.995	0.000	0.8640	0.7964	1
529	1004	-19.010	0.000	0.7640	0.7151	1
530	540	-523.337	0.000	0.7391	0.5373	1
530	544	-371.170	0.000	0.7573	0.6428	1
530	548	0.000	0.000	0.9600	0.8113	1
530	550	-1.002	0.000	0.8137	0.6195	1
530	554	-438.285	0.000	0.7613	0.6520	1
530	556	-341.232	0.000	0.8552	0.7413	1
530	557	-329.159	0.000	0.7625	0.5806	1
530	569	-2.005	0.000	0.7669	0.5597	1
530	578	-454.207	0.000	0.7398	0.6257	1
530	592	113.084	0.000	0.8582	0.7437	1
530	594	12.000	0.000	0.7811	0.5766	1
530	609	111.069	0.000	0.7479	0.7738	1
530	631	111.069	0.000	0.7570	0.7724	1
530	641	14.016	0.000	0.8764	0.7205	1
530	674	139.100	0.000	0.7788	0.4794	1
530	707	-102.050	0.000	0.7052	0.4768	1
530	712	-103.053	0.000	0.7068	0.4788	1
530	715	-101.047	0.000	0.8113	0.6280	1
530	720	40.032	0.000	0.8063	0.6604	1
530	733	113.085	0.000	0.7885	0.7135	1
530	754	-87.032	0.000	0.7913	0.5533	1
530	757	10.021	0.000	0.8175	0.5214	1
530	760	56.063	0.000	0.7722	0.6603	1
530	775	-149.012	0.000	0.7046	0.4254	1
530	781	-50.982	0.000	0.7300	0.5441	1
530	791	-49.979	0.000	0.8730	0.7070	1
530	801	42.048	0.000	0.7347	0.7672	1
530	871	10.021	0.000	0.8156	0.6256	1
530	884	-229.105	0.000	0.7119	0.4319	1
530	975	12.037	0.000	0.8418	0.7289	1
530	976	-31.006	0.000	0.8963	0.7555	1
530	987	12.037	0.000	0.8340	0.6998	1
530	988	-31.006	0.000	0.8937	0.7279	1
530	1000	-137.059	0.000	0.7216	0.4783	1
530	1052	-137.059	0.000	0.7176	0.4729	1
530	1107	-137.059	0.000	0.7151	0.4939	1
530	1126	-136.977	0.000	0.7205	0.4559	1
530	1144	-137.059	0.000	0.7267	0.4760	1
530	1202	82.079	0.000	0.7029	0.6565	1
530	1451	-137.059	0.000	0.7134	0.4687	1
530	1627	73.078	0.000	0.7226	0.5919	1
530	1770	82.042	0.000	0.7751	0.5962	1
530	1798	-15.010	0.000	0.7630	0.6664	1
530	1838	82.043	0.000	0.7177	0.5875	1
530	2069	36.062	0.000	0.7176	0.5130	1
531	598	14.088	0.000	0.9745	0.7755	1
531	599	-33.984	0.000	0.9557	0.7210	1
531	613	14.016	0.000	0.9713	0.7963	1
531	614	13.013	0.000	0.7257	0.4414	1
531	644	-72.995	0.000	0.7162	0.5072	1
531	745	-72.995	0.000	0.7488	0.5258	1
531	798	-49.979	0.000	0.9309	0.6623	1
531	825	-43.006	0.000	0.8463	0.5155	1
531	951	12.036	0.000	0.8444	0.6821	1
531	1120	2.052	0.000	0.7156	0.7086	1
531	1239	-1.943	0.000	0.8877	0.6102	1
531	1240	-15.959	0.000	0.9591	0.7979	1
531	1369	16.067	0.000	0.9195	0.6036	1
531	1598	-23.928	0.000	0.8805	0.5684	1
531	1634	-23.975	0.000	0.9088	0.6586	1
531	1740	-176.007	0.000	0.7332	0.3122	1
532	824	-84.105	0.000	0.7957	0.5292	1
532	840	-84.105	0.000	0.8271	0.5567	1
532	895	-52.971	0.000	0.7670	0.5991	1
532	946	-68.074	0.000	0.7819	0.6404	1
532	1009	-19.010	0.000	0.7986	0.7160	1
532	1011	-68.074	0.000	0.7510	0.6382	1
532	1152	-42.058	0.000	0.8563	0.6822	1
532	1192	-14.052	0.000	0.7272	0.6884	1
532	1347	-28.043	0.000	0.8420	0.7110	1
532	1550	-58.053	0.000	0.7122	0.5704	1
533	534	57.020	0.000	0.7535	0.5969	1
533	542	0.000	0.000	0.9721	0.8909	1
533	567	-97.053	0.000	0.8647	0.7418	1
533	587	-113.084	0.000	0.7978	0.7193	1
533	595	-359.185	0.000	0.7908	0.6208	1
533	611	-0.000	0.000	0.9410	0.8150	1
533	629	-147.068	0.000	0.7344	0.6205	1
533	634	-99.068	0.000	0.7373	0.6033	1
533	657	-168.090	0.000	0.7455	0.6535	1
533	659	-260.116	0.000	0.8548	0.6454	1
533	667	131.037	0.000	0.7173	0.5419	1
533	669	-250.144	0.000	0.7327	0.5955	1
533	672	-398.254	0.000	0.7147	0.6043	1
533	680	-1.003	0.000	0.7504	0.6118	1
533	682	-0.001	0.000	0.8317	0.6244	1
533	684	-417.139	0.000	0.7373	0.5863	1
533	700	-410.254	0.000	0.8133	0.6401	1
533	729	-154.075	0.000	0.7151	0.6080	1
533	732	-71.037	0.000	0.7431	0.6000	1
533	760	147.069	0.000	0.8444	0.5683	1
533	763	-198.101	0.000	0.7144	0.6506	1
533	812	-57.022	0.000	0.7734	0.6576	1
533	839	39.047	0.000	0.7095	0.5613	1
533	850	-101.048	0.000	0.7682	0.6730	1
533	862	113.084	0.000	0.7542	0.6534	1
533	907	-87.032	0.000	0.7629	0.6615	1
533	985	-114.043	0.000	0.7400	0.6266	1
533	1031	42.046	0.000	0.7281	0.6055	1
533	1156	42.047	0.000	0.7009	0.4599	1
534	542	-57.020	0.000	0.7651	0.6198	1
534	548	33.986	0.000	0.7132	0.5560	1
534	550	32.984	0.000	0.7944	0.6758	1
534	553	131.039	0.000	0.7719	0.4958	1
534	567	-154.073	0.000	0.7035	0.6015	1
534	568	-85.035	0.000	0.7209	0.5140	1
534	569	31.981	0.000	0.7154	0.5838	1
534	575	-210.084	0.000	0.7023	0.4726	1
534	576	-323.168	0.000	0.7021	0.4704	1
534	587	-170.104	0.000	0.7180	0.6284	1
534	592	147.070	0.000	0.7846	0.5657	1
534	609	145.055	0.000	0.7830	0.5469	1
534	611	-57.020	0.000	0.8044	0.6631	1
534	631	145.055	0.000	0.7936	0.5406	1
534	632	113.083	0.000	0.8259	0.7118	1
534	633	112.080	0.000	0.8338	0.7071	1
534	641	48.002	0.000	0.7473	0.6071	1
534	649	-32.025	0.000	0.7760	0.4982	1
534	654	-17.955	0.000	0.7965	0.7209	1
534	667	74.017	0.000	0.7509	0.5249	1
534	682	-57.021	0.000	0.7419	0.6087	1
534	708	14.017	0.000	0.7001	0.5128	1
534	733	147.071	0.000	0.8135	0.6207	1
534	734	-87.031	0.000	0.8443	0.6906	1
534	748	12.035	0.000	0.7283	0.5152	1
534	754	-53.046	0.000	0.7071	0.6527	1
534	760	90.049	0.000	0.7893	0.5204	1
534	775	-115.027	0.000	0.7124	0.5702	1
534	791	-15.993	0.000	0.7284	0.5507	1
534	807	10.023	0.000	0.7693	0.6697	1
534	839	-17.973	0.000	0.7321	0.6010	1
534	851	-89.013	0.000	0.7468	0.6130	1
534	877	-80.057	0.000	0.7491	0.6088	1
534	912	-80.057	0.000	0.7394	0.5752	1
534	918	-1.945	0.000	0.7646	0.6044	1
534	975	46.022	0.000	0.8058	0.6903	1
534	987	46.023	0.000	0.7973	0.6337	1
534	1031	-14.974	0.000	0.8301	0.7194	1
534	1156	-14.973	0.000	0.7570	0.5479	1
534	1588	-15.010	0.000	0.7508	0.6319	1
534	1838	116.028	0.000	0.7182	0.5899	1
535	568	-59.984	0.000	0.7057	0.5176	1
535	687	113.084	0.000	0.7905	0.7793	1
535	735	113.084	0.000	0.7860	0.7631	1
535	758	56.063	0.000	0.9582	0.8504	1
535	794	212.153	0.000	0.7103	0.4520	1
535	914	26.052	0.000	0.9624	0.8586	1
535	993	-0.959	0.000	0.9488	0.8013	1
535	1528	-15.011	0.000	0.8243	0.6578	1
536	786	-30.010	0.000	0.8006	0.5290	1
536	794	11.964	0.000	0.7905	0.5404	1
536	928	-58.006	0.000	0.8952	0.7079	1
536	1178	-75.998	0.000	0.7781	0.4835	1
536	1402	-66.022	0.000	0.7816	0.6006	1
536	1474	-57.058	0.000	0.8246	0.5928	1
537	542	196.121	0.000	0.7067	0.6579	1
537	567	99.068	0.000	0.8033	0.6950	1
537	587	83.037	0.000	0.7104	0.5837	1
537	596	2.016	0.000	0.8959	0.7854	1
537	611	196.121	0.000	0.7138	0.5619	1
537	657	28.032	0.000	0.9136	0.7561	1
537	729	42.047	0.000	0.8813	0.7012	1
537	734	166.111	0.000	0.7040	0.4266	1
537	763	-1.979	0.000	0.9193	0.7183	1
537	799	-112.027	0.000	0.8543	0.7477	1
537	820	-14.975	0.000	0.7464	0.6580	1
537	841	12.036	0.000	0.9245	0.7607	1
537	849	-14.974	0.000	0.7547	0.6754	1
537	886	-275.090	0.000	0.7013	0.5529	1
537	889	-112.027	0.000	0.8482	0.7280	1
537	925	-275.091	0.000	0.7182	0.5628	1
537	959	-112.027	0.000	0.8436	0.7055	1
538	560	-83.037	0.000	0.7933	0.7335	1
538	569	83.048	0.000	0.7179	0.6548	1
538	591	-32.026	0.000	0.7011	0.5742	1
538	641	99.069	0.000	0.7441	0.7685	1
538	728	-241.143	0.000	0.7409	0.5265	1
538	753	-46.005	0.000	0.7871	0.6883	1
538	765	-128.058	0.000	0.7709	0.6184	1
538	787	-227.127	0.000	0.7466	0.5765	1
538	794	238.169	0.000	0.7186	0.5246	1
538	866	212.153	0.000	0.7359	0.5713	1
538	936	-128.059	0.000	0.8040	0.7169	1
538	1022	-185.080	0.000	0.7399	0.5450	1
538	1026	-312.143	0.000	0.7472	0.4576	1
538	1030	83.110	0.000	0.8244	0.7471	1
538	1441	59.063	0.000	0.7387	0.6265	1
540	544	152.167	0.000	0.9129	0.6954	1
540	548	523.337	0.000	0.7504	0.5718	1
540	554	85.052	0.000	0.9204	0.7166	1
540	556	182.105	0.000	0.9122	0.7065	1
540	557	194.178	0.000	0.9118	0.7311	1
540	564	-110.996	0.000	0.8597	0.7405	1
540	578	69.130	0.000	0.9090	0.6834	1
540	605	-33.984	0.000	0.8850	0.7168	1
541	575	-32.027	0.000	0.7091	0.4738	1
541	601	183.090	0.000	0.7361	0.6018	1
541	877	98.000	0.000	0.8390	0.7536	1
541	881	96.997	0.000	0.7239	0.5769	1
541	912	98.000	0.000	0.8442	0.7407	1
541	1050	-17.027	0.000	0.9597	0.8339	1
541	1106	-17.027	0.000	0.9607	0.8478	1
541	1264	-104.059	0.000	0.9015	0.6784	1
542	567	-97.053	0.000	0.8693	0.7492	1
542	587	-113.084	0.000	0.8062	0.7388	1
542	595	-359.185	0.000	0.8096	0.6750	1
542	596	-194.105	0.000	0.7130	0.7035	1
542	611	-0.000	0.000	0.9433	0.8171	1
542	629	-147.068	0.000	0.7445	0.6397	1
542	634	-99.068	0.000	0.7525	0.6688	1
542	657	-168.090	0.000	0.7665	0.6953	1
542	659	-260.116	0.000	0.8585	0.6580	1
542	667	131.037	0.000	0.7167	0.5405	1
542	669	-250.144	0.000	0.7342	0.6128	1
542	672	-398.254	0.000	0.7096	0.6153	1
542	680	-1.003	0.000	0.7384	0.6182	1
542	682	-0.001	0.000	0.8289	0.6185	1
542	684	-417.139	0.000	0.7341	0.5894	1
542	700	-410.254	0.000	0.8076	0.6471	1
542	729	-154.075	0.000	0.7315	0.6437	1
542	732	-71.037	0.000	0.7516	0.6217	1
542	760	147.069	0.000	0.8474	0.5764	1
542	763	-198.101	0.000	0.7377	0.6888	1
542	812	-57.022	0.000	0.7813	0.6688	1
542	839	39.047	0.000	0.7101	0.5710	1
542	841	-184.085	0.000	0.7199	0.6850	1
542	850	-101.048	0.000	0.7689	0.6834	1
542	862	113.084	0.000	0.7451	0.6509	1
542	907	-87.032	0.000	0.7680	0.6797	1
542	985	-114.043	0.000	0.7405	0.6365	1
542	1031	42.046	0.000	0.7395	0.6225	1
542	1156	42.047	0.000	0.7049	0.4638	1
543	589	42.011	0.000	0.8213	0.6050	1
543	643	0.984	0.000	0.7808	0.7376	1
543	645	14.016	0.000	0.9409	0.8364	1
543	656	-57.022	0.000	0.7338	0.5232	1
543	664	-57.021	0.000	0.7387	0.5155	1
543	678	-45.969	0.000	0.7937	0.6913	1
543	702	-45.969	0.000	0.7945	0.6799	1
543	714	15.000	0.000	0.8437	0.6353	1
543	818	-129.042	0.000	0.8469	0.7313	1
543	844	-129.043	0.000	0.8464	0.7338	1
543	928	16.031	0.000	0.9129	0.7861	1
543	930	113.084	0.000	0.7066	0.6817	1
543	996	11.964	0.000	0.7328	0.7613	1
543	1119	111.032	0.000	0.7159	0.5680	1
543	1139	39.995	0.000	0.7017	0.6625	1
543	1176	0.948	0.000	0.8256	0.7672	1
543	1198	39.995	0.000	0.8259	0.8210	1
543	1209	111.032	0.000	0.7114	0.6605	1
543	1397	-18.010	0.000	0.7959	0.7482	1
543	1458	-18.010	0.000	0.7729	0.7058	1
543	1494	-147.054	0.000	0.7310	0.6039	1
543	1593	-248.101	0.000	0.7018	0.4962	1
543	1640	-118.000	0.000	0.7717	0.5442	1
543	1671	153.079	0.000	0.7462	0.5623	1
543	1854	113.084	0.000	0.7243	0.6947	1
543	1913	137.085	0.000	0.7677	0.5819	1
543	1957	-33.969	0.000	0.7867	0.7373	1
544	548	371.170	0.000	0.7658	0.6639	1
544	554	-67.115	0.000	0.9665	0.8126	1
544	556	29.938	0.000	0.9561	0.8606	1
544	557	42.011	0.000	0.9456	0.7622	1
544	564	-263.163	0.000	0.8666	0.6780	1
544	578	-83.037	0.000	0.9613	0.8324	1
544	605	-186.152	0.000	0.8995	0.6598	1
545	765	111.033	0.000	0.7787	0.6261	1
545	830	-49.016	0.000	0.7037	0.5676	1
545	834	-2.051	0.000	0.8372	0.6176	1
545	845	238.169	0.000	0.8427	0.6590	1
545	935	110.030	0.000	0.7790	0.5580	1
545	936	111.032	0.000	0.9319	0.8353	1
545	937	436.731	0.000	0.7479	0.5939	1
545	942	323.185	0.000	0.7693	0.6370	1
545	964	-114.115	0.000	0.7212	0.5360	1
545	1012	39.995	0.000	0.8521	0.6092	1
545	1031	275.185	0.000	0.7099	0.5635	1
545	1032	210.101	0.000	0.8502	0.7775	1
545	1100	210.101	0.000	0.8447	0.7881	1
545	1156	275.185	0.000	0.7042	0.5761	1
545	1202	406.223	0.000	0.7924	0.5486	1
545	1207	323.186	0.000	0.8854	0.6893	1
545	1230	160.122	0.000	0.8177	0.6940	1
545	1232	335.186	0.000	0.8578	0.6279	1
545	1241	349.201	0.000	0.8638	0.6363	1
545	1252	89.085	0.000	0.7215	0.5173	1
545	1265	259.190	0.000	0.8523	0.6939	1
545	1352	319.191	0.000	0.8632	0.7046	1
545	1407	420.238	0.000	0.8493	0.5867	1
545	1417	133.111	0.000	0.7105	0.5197	1
545	1437	422.254	0.000	0.8122	0.5933	1
545	1485	221.142	0.000	0.7958	0.5523	1
545	1575	173.121	0.000	0.8562	0.6078	1
545	1588	275.148	0.000	0.7510	0.6026	1
545	1595	204.163	0.000	0.8161	0.6540	1
545	1789	422.218	0.000	0.7153	0.5063	1
545	1799	317.193	0.000	0.7208	0.6381	1
545	1932	317.193	0.000	0.7191	0.6858	1
545	1947	244.143	0.000	0.7192	0.5630	1
545	2028	422.218	0.000	0.7120	0.5530	1
545	2088	129.079	0.000	0.7176	0.5385	1
545	2145	448.233	0.000	0.7097	0.5296	1
545	2147	292.143	0.000	0.7967	0.5955	1
545	2150	-68.058	0.000	0.7157	0.6266	1
545	2227	320.174	0.000	0.7253	0.5671	1
545	2283	334.190	0.000	0.7310	0.6020	1
545	2331	317.192	0.000	0.7203	0.7053	1
547	558	18.083	0.000	0.7723	0.7717	1
547	559	0.073	0.000	0.9905	0.9661	1
547	561	-0.931	0.000	0.8020	0.6164	1
547	786	2.089	0.000	0.8619	0.8084	1
547	790	99.141	0.000	0.7090	0.5222	1
547	1003	-15.958	0.000	0.7190	0.6290	1
547	1262	-31.953	0.000	0.7088	0.6331	1
547	1546	-17.938	0.000	0.7563	0.6993	1
548	550	-1.002	0.000	0.8403	0.6851	1
548	554	-438.285	0.000	0.7717	0.6880	1
548	556	-341.232	0.000	0.8642	0.7453	1
548	557	-329.159	0.000	0.8063	0.7227	1
548	569	-2.005	0.000	0.7759	0.5330	1
548	578	-454.207	0.000	0.7564	0.6778	1
548	592	113.084	0.000	0.8767	0.7736	1
548	594	12.000	0.000	0.7695	0.5063	1
548	605	-557.321	0.000	0.7073	0.5425	1
548	609	111.069	0.000	0.7571	0.7817	1
548	631	111.069	0.000	0.7649	0.7724	1
548	641	14.016	0.000	0.8995	0.7792	1
548	674	139.100	0.000	0.7977	0.4861	1
548	707	-102.050	0.000	0.7285	0.5261	1
548	712	-103.053	0.000	0.7252	0.4924	1
548	715	-101.047	0.000	0.8181	0.6312	1
548	720	40.032	0.000	0.7896	0.5921	1
548	733	113.085	0.000	0.7989	0.7256	1
548	754	-87.032	0.000	0.8132	0.6138	1
548	757	10.021	0.000	0.8242	0.5443	1
548	760	56.063	0.000	0.7801	0.6640	1
548	775	-149.012	0.000	0.7249	0.4664	1
548	781	-50.982	0.000	0.7273	0.5180	1
548	791	-49.979	0.000	0.8982	0.7722	1
548	801	42.048	0.000	0.7465	0.7671	1
548	813	139.100	0.000	0.7266	0.7196	1
548	837	153.116	0.000	0.7747	0.4840	1
548	871	10.021	0.000	0.8078	0.5510	1
548	884	-229.105	0.000	0.7070	0.3873	1
548	975	12.037	0.000	0.8600	0.7857	1
548	976	-31.006	0.000	0.8976	0.7090	1
548	987	12.037	0.000	0.8580	0.7692	1
548	988	-31.006	0.000	0.8901	0.6784	1
548	1000	-137.059	0.000	0.7529	0.5978	1
548	1052	-137.059	0.000	0.7522	0.6047	1
548	1107	-137.059	0.000	0.7520	0.6322	1
548	1126	-136.977	0.000	0.7586	0.5871	1
548	1144	-137.059	0.000	0.7628	0.6045	1
548	1210	-40.006	0.000	0.7076	0.4804	1
548	1451	-137.059	0.000	0.7477	0.5793	1
548	1627	73.078	0.000	0.7340	0.6039	1
548	1770	82.042	0.000	0.7807	0.5720	1
548	1798	-15.010	0.000	0.7602	0.6398	1
548	1838	82.042	0.000	0.7126	0.5575	1
548	2069	36.062	0.000	0.7027	0.4478	1
549	553	216.148	0.000	0.7583	0.4085	1
549	568	0.074	0.000	0.9301	0.8316	1
549	575	-124.975	0.000	0.8092	0.5322	1
549	591	2.016	0.000	0.8366	0.6217	1
549	601	90.141	0.000	0.7634	0.5064	1
549	609	230.164	0.000	0.8418	0.6756	1
549	616	-214.023	0.000	0.7218	0.6859	1
549	631	230.164	0.000	0.8341	0.6625	1
549	649	53.084	0.000	0.7663	0.4761	1
549	658	60.058	0.000	0.7018	0.6619	1
549	667	159.126	0.000	0.7956	0.5957	1
549	698	-317.138	0.000	0.7020	0.4604	1
549	704	67.100	0.000	0.7752	0.4375	1
549	733	232.179	0.000	0.8118	0.5725	1
549	748	97.144	0.000	0.7087	0.3877	1
549	851	-3.904	0.000	0.7245	0.5037	1
549	913	-3.904	0.000	0.7070	0.5017	1
549	918	83.164	0.000	0.7392	0.5229	1
549	981	44.099	0.000	0.8251	0.6862	1
549	1278	67.169	0.000	0.7039	0.4988	1
549	1358	-1.906	0.000	0.7389	0.6576	1
550	569	-1.003	0.000	0.8703	0.7098	1
550	592	114.086	0.000	0.7753	0.6157	1
550	641	15.018	0.000	0.9036	0.7774	1
550	707	-101.048	0.000	0.8302	0.6969	1
550	712	-102.051	0.000	0.8408	0.7293	1
550	715	-100.045	0.000	0.7358	0.6007	1
550	720	41.034	0.000	0.7628	0.6289	1
550	733	114.087	0.000	0.7119	0.5633	1
550	754	-86.030	0.000	0.7258	0.6119	1
550	781	-49.980	0.000	0.8884	0.7618	1
550	791	-48.977	0.000	0.8796	0.7356	1
550	801	43.050	0.000	0.7157	0.7067	1
550	877	-113.041	0.000	0.8067	0.6727	1
550	881	-114.044	0.000	0.7999	0.6575	1
550	912	-113.041	0.000	0.7936	0.6100	1
550	975	13.039	0.000	0.7476	0.6316	1
550	976	-30.004	0.000	0.7098	0.5465	1
550	987	13.039	0.000	0.7387	0.5890	1
550	988	-30.004	0.000	0.7460	0.7049	1
550	1051	-137.060	0.000	0.7244	0.5833	1
550	1770	83.044	0.000	0.7542	0.6863	1
550	1794	-15.011	0.000	0.7615	0.7013	1
550	1798	-14.008	0.000	0.7302	0.6585	1
551	697	-4.064	0.000	0.7946	0.6311	1
551	861	-2.015	0.000	0.8276	0.6851	1
551	1200	-18.010	0.000	0.8642	0.7002	1
551	1268	-128.095	0.000	0.7612	0.6723	1
552	1049	-17.026	0.000	0.9452	0.8282	1
552	1055	-17.942	0.000	0.7095	0.5936	1
552	1207	171.054	0.000	0.7062	0.4320	1
553	568	-216.074	0.000	0.8477	0.4972	1
553	575	-341.123	0.000	0.8825	0.6745	1
553	576	-454.207	0.000	0.7829	0.6695	1
553	591	-214.132	0.000	0.7420	0.4250	1
553	592	16.031	0.000	0.8584	0.8027	1
553	601	-126.007	0.000	0.8563	0.5790	1
553	609	14.016	0.000	0.8684	0.7467	1
553	611	-188.059	0.000	0.7390	0.5218	1
553	631	14.016	0.000	0.8643	0.7385	1
553	632	-17.955	0.000	0.9101	0.6835	1
553	633	-18.959	0.000	0.7200	0.4713	1
553	649	-163.064	0.000	0.8843	0.6595	1
553	667	-57.022	0.000	0.9002	0.5787	1
553	682	-188.060	0.000	0.7838	0.5562	1
553	704	-149.048	0.000	0.8676	0.6735	1
553	707	-199.103	0.000	0.7526	0.4936	1
553	712	-200.106	0.000	0.7230	0.4454	1
553	715	-198.101	0.000	0.8327	0.6143	1
553	733	16.032	0.000	0.8722	0.7709	1
553	748	-119.004	0.000	0.8586	0.5767	1
553	749	-579.239	0.000	0.7512	0.3864	1
553	754	-184.085	0.000	0.8354	0.5726	1
553	760	-40.990	0.000	0.8376	0.6655	1
553	792	113.084	0.000	0.8239	0.5936	1
553	813	42.047	0.000	0.7625	0.6150	1
553	817	-255.049	0.000	0.7779	0.4371	1
553	851	-220.052	0.000	0.7163	0.3222	1
553	871	-87.032	0.000	0.7188	0.5239	1
553	877	-211.096	0.000	0.7494	0.4685	1
553	884	-326.158	0.000	0.7087	0.3761	1
553	912	-211.096	0.000	0.7366	0.4074	1
553	913	-220.052	0.000	0.7406	0.3921	1
553	918	-132.984	0.000	0.8749	0.5873	1
553	919	-607.199	0.000	0.7705	0.4613	1
553	975	-85.016	0.000	0.8396	0.7158	1
553	976	-128.059	0.000	0.7159	0.5664	1
553	981	-172.049	0.000	0.8253	0.5053	1
553	983	-173.052	0.000	0.7225	0.4877	1
553	987	-85.016	0.000	0.8449	0.7418	1
553	988	-128.059	0.000	0.7280	0.5636	1
553	1202	-14.974	0.000	0.8723	0.7310	1
553	1278	-148.978	0.000	0.7328	0.3793	1
553	1281	-144.017	0.000	0.7619	0.5032	1
553	1794	-113.067	0.000	0.7211	0.4945	1
553	1797	-112.063	0.000	0.7052	0.5960	1
553	1798	-112.064	0.000	0.8174	0.6533	1
553	1838	-15.011	0.000	0.7457	0.6748	1
553	1919	54.036	0.000	0.7443	0.4412	1
553	1963	54.036	0.000	0.7067	0.4678	1
554	556	97.053	0.000	0.9398	0.7782	1
554	557	109.125	0.000	0.9462	0.7494	1
554	564	-196.048	0.000	0.8823	0.7323	1
554	578	-15.922	0.000	0.9707	0.8322	1
554	605	-119.037	0.000	0.9104	0.6798	1
554	636	273.231	0.000	0.7435	0.5089	1
554	805	190.194	0.000	0.7147	0.4461	1
556	557	12.073	0.000	0.9393	0.7543	1
556	564	-293.101	0.000	0.8445	0.6987	1
556	566	-196.048	0.000	0.7029	0.5308	1
556	578	-112.975	0.000	0.9391	0.7790	1
556	592	454.316	0.000	0.7555	0.5549	1
556	605	-216.089	0.000	0.9013	0.6972	1
556	877	227.189	0.000	0.7043	0.5363	1
557	564	-305.174	0.000	0.8402	0.6623	1
557	568	210.138	0.000	0.7150	0.5224	1
557	578	-125.048	0.000	0.9475	0.7593	1
557	605	-228.162	0.000	0.8880	0.6693	1
558	559	-18.011	0.000	0.7849	0.8014	1
558	1003	-34.042	0.000	0.7500	0.5871	1
558	1274	65.027	0.000	0.7149	0.6419	1
558	1276	83.037	0.000	0.7680	0.6464	1
559	561	-1.003	0.000	0.8016	0.6164	1
559	786	2.016	0.000	0.8632	0.8117	1
559	790	99.068	0.000	0.7185	0.5193	1
559	1003	-16.031	0.000	0.7114	0.6403	1
559	1262	-32.026	0.000	0.7079	0.6515	1
559	1546	-18.010	0.000	0.7500	0.6993	1
560	661	97.053	0.000	0.8417	0.7504	1
560	701	-188.116	0.000	0.7074	0.5626	1
560	713	196.122	0.000	0.7118	0.5402	1
560	716	-214.132	0.000	0.7818	0.6071	1
560	801	210.138	0.000	0.7155	0.6193	1
560	816	-101.047	0.000	0.7954	0.6334	1
560	866	295.190	0.000	0.8407	0.5527	1
560	1026	-229.106	0.000	0.7413	0.4267	1
562	574	-15.922	0.000	0.9720	0.8843	1
562	595	176.153	0.000	0.7776	0.6449	1
563	577	48.000	0.000	0.9581	0.6554	1
563	599	33.984	0.000	0.9253	0.5591	1
563	665	50.015	0.000	0.8921	0.5751	1
563	696	47.999	0.000	0.8810	0.6073	1
563	789	50.016	0.000	0.7646	0.5983	1
563	790	82.057	0.000	0.7368	0.5868	1
563	854	-15.995	0.000	0.8050	0.5944	1
563	952	76.031	0.000	0.7284	0.5031	1
563	1021	46.020	0.000	0.8393	0.6606	1
563	1116	90.047	0.000	0.8332	0.6138	1
563	1122	19.994	0.000	0.7544	0.3806	1
563	1191	18.026	0.000	0.9540	0.6729	1
563	1263	19.010	0.000	0.7831	0.6090	1
563	1440	149.125	0.000	0.7265	0.4704	1
563	1518	50.048	0.000	0.7546	0.5927	1
563	1599	10.009	0.000	0.8985	0.5914	1
563	1601	122.052	0.000	0.7902	0.4929	1
563	1773	82.057	0.000	0.7287	0.6027	1
563	1845	106.057	0.000	0.7523	0.6211	1
563	1852	36.051	0.000	0.7271	0.5605	1
563	2196	36.015	0.000	0.8012	0.5861	1
564	578	180.126	0.000	0.8890	0.7323	1
564	605	77.012	0.000	0.8602	0.7180	1
565	607	-327.216	0.000	0.8076	0.6597	1
565	618	0.001	0.000	0.9460	0.8135	1
565	791	147.072	0.000	0.7567	0.5897	1
565	861	16.068	0.000	0.8155	0.6312	1
565	940	90.050	0.000	0.8345	0.5486	1
566	571	341.232	0.000	0.7291	0.6891	1
566	572	113.084	0.000	0.8923	0.8514	1
566	576	180.126	0.000	0.7040	0.4190	1
566	579	-130.002	0.000	0.7454	0.7700	1
566	593	14.016	0.000	0.8901	0.8281	1
566	608	111.070	0.000	0.8134	0.7017	1
566	873	452.264	0.000	0.7050	0.4768	1
566	975	549.317	0.000	0.7106	0.5556	1
567	575	-56.011	0.000	0.7051	0.4703	1
567	595	-262.131	0.000	0.8707	0.6813	1
567	596	-97.052	0.000	0.7300	0.6853	1
567	611	97.053	0.000	0.8703	0.7257	1
567	657	-71.036	0.000	0.8400	0.7160	1
567	659	-163.063	0.000	0.8782	0.7011	1
567	667	228.091	0.000	0.7204	0.5968	1
567	669	-153.090	0.000	0.7109	0.5452	1
567	682	97.052	0.000	0.7940	0.6461	1
567	684	-320.086	0.000	0.7434	0.6742	1
567	700	-313.200	0.000	0.7672	0.6227	1
567	729	-57.021	0.000	0.8628	0.7004	1
567	760	244.122	0.000	0.8323	0.6323	1
567	763	-101.047	0.000	0.8124	0.7639	1
567	841	-87.032	0.000	0.8260	0.7481	1
567	981	113.063	0.000	0.7118	0.5434	1
567	1588	139.063	0.000	0.7014	0.5205	1
568	575	-125.049	0.000	0.8921	0.5866	1
568	591	1.942	0.000	0.8436	0.6301	1
568	592	232.105	0.000	0.7245	0.5266	1
568	601	90.067	0.000	0.8376	0.5786	1
568	609	230.090	0.000	0.8590	0.6711	1
568	631	230.090	0.000	0.8564	0.6711	1
568	632	198.119	0.000	0.7740	0.5327	1
568	648	-224.117	0.000	0.7095	0.6379	1
568	649	53.011	0.000	0.8480	0.5221	1
568	667	159.052	0.000	0.8791	0.6282	1
568	682	28.014	0.000	0.7760	0.5445	1
568	698	-317.212	0.000	0.7325	0.4632	1
568	704	67.026	0.000	0.8493	0.4908	1
568	715	17.973	0.000	0.7231	0.5808	1
568	733	232.106	0.000	0.8489	0.6436	1
568	748	97.070	0.000	0.7978	0.4793	1
568	749	-363.165	0.000	0.7631	0.4637	1
568	760	175.084	0.000	0.7618	0.5370	1
568	817	-38.975	0.000	0.7450	0.4176	1
568	851	-3.978	0.000	0.7857	0.5313	1
568	913	-3.978	0.000	0.7829	0.5769	1
568	918	83.090	0.000	0.8224	0.5664	1
568	919	-391.124	0.000	0.7507	0.4504	1
568	929	45.009	0.000	0.7038	0.4718	1
568	981	44.025	0.000	0.8617	0.6382	1
568	983	43.022	0.000	0.7381	0.5868	1
568	1050	-110.049	0.000	0.7311	0.4981	1
568	1278	67.096	0.000	0.7442	0.4472	1
568	1281	72.057	0.000	0.7479	0.4931	1
569	591	-115.074	0.000	0.7168	0.5577	1
569	592	115.089	0.000	0.7199	0.4835	1
569	594	14.005	0.000	0.7360	0.6365	1
569	641	16.021	0.000	0.7718	0.6274	1
569	707	-100.046	0.000	0.7594	0.6349	1
569	712	-101.048	0.000	0.8146	0.6981	1
569	720	42.036	0.000	0.8161	0.7004	1
569	733	115.089	0.000	0.7171	0.5134	1
569	757	12.026	0.000	0.7386	0.6219	1
569	781	-48.977	0.000	0.7944	0.7224	1
569	791	-47.974	0.000	0.7030	0.6107	1
569	801	44.052	0.000	0.7405	0.6563	1
569	871	12.026	0.000	0.7118	0.5438	1
569	877	-112.038	0.000	0.7076	0.6143	1
569	881	-113.042	0.000	0.7738	0.6658	1
569	912	-112.039	0.000	0.7195	0.6143	1
569	1179	96.084	0.000	0.7108	0.5723	1
569	1754	54.025	0.000	0.7052	0.6374	1
569	1794	-14.009	0.000	0.7108	0.6140	1
570	582	14.016	0.000	0.9836	0.8007	1
570	665	-33.984	0.000	0.9468	0.7230	1
570	671	0.000	0.000	0.9794	0.7610	1
570	674	-71.037	0.000	0.7678	0.6457	1
570	798	-66.010	0.000	0.8967	0.5572	1
570	837	-57.022	0.000	0.8319	0.6625	1
570	847	-72.995	0.000	0.8880	0.5578	1
570	917	0.000	0.000	0.9797	0.8024	1
570	951	-3.995	0.000	0.8122	0.6433	1
570	1034	42.047	0.000	0.9525	0.7207	1
570	1111	-49.979	0.000	0.9198	0.6215	1
570	1194	42.047	0.000	0.9784	0.7520	1
570	1238	-14.974	0.000	0.7997	0.7323	1
570	1362	-14.974	0.000	0.8307	0.6102	1
570	1414	-15.958	0.000	0.9738	0.7893	1
570	1459	-1.943	0.000	0.9742	0.7562	1
570	1547	26.052	0.000	0.9685	0.7218	1
570	1551	-71.996	0.000	0.7271	0.3677	1
570	1554	-72.980	0.000	0.8248	0.4105	1
570	1576	-14.975	0.000	0.8024	0.7680	1
570	1598	-39.959	0.000	0.8456	0.4437	1
570	1642	-0.959	0.000	0.9522	0.7676	1
570	1681	-0.959	0.000	0.9561	0.7978	1
570	1713	-102.991	0.000	0.7939	0.4695	1
570	1728	-102.007	0.000	0.7042	0.3601	1
571	572	-228.148	0.000	0.8721	0.6925	1
571	593	-327.216	0.000	0.7829	0.5987	1
571	608	-230.162	0.000	0.8469	0.6801	1
571	873	111.032	0.000	0.8901	0.6522	1
571	975	208.085	0.000	0.8648	0.6873	1
571	987	208.085	0.000	0.8618	0.6718	1
571	1162	204.090	0.000	0.7025	0.4755	1
571	1204	-17.027	0.000	0.8180	0.6098	1
572	579	-243.085	0.000	0.7524	0.7078	1
572	593	-99.068	0.000	0.9123	0.7840	1
572	608	-2.014	0.000	0.9273	0.8031	1
572	873	339.180	0.000	0.8212	0.5361	1
572	975	436.233	0.000	0.8015	0.6027	1
572	987	436.233	0.000	0.7992	0.5859	1
572	1204	211.122	0.000	0.7731	0.6542	1
574	595	192.075	0.000	0.7794	0.6145	1
574	647	267.155	0.000	0.7123	0.5901	1
575	576	-113.084	0.000	0.7836	0.6683	1
575	578	-210.137	0.000	0.7445	0.5886	1
575	580	-226.059	0.000	0.7488	0.5408	1
575	591	126.991	0.000	0.7518	0.4763	1
575	601	215.116	0.000	0.8826	0.5460	1
575	609	355.139	0.000	0.8122	0.5965	1
575	631	355.139	0.000	0.8077	0.6132	1
575	632	323.168	0.000	0.8120	0.5832	1
575	647	-131.041	0.000	0.7860	0.6454	1
575	648	-99.068	0.000	0.7845	0.6678	1
575	649	178.060	0.000	0.8938	0.6610	1
575	667	284.101	0.000	0.9029	0.5632	1
575	682	153.063	0.000	0.7974	0.4765	1
575	698	-192.163	0.000	0.7526	0.4355	1
575	704	192.075	0.000	0.8903	0.6562	1
575	733	357.155	0.000	0.7682	0.5209	1
575	748	222.119	0.000	0.8773	0.5781	1
575	749	-238.116	0.000	0.8049	0.4294	1
575	760	300.133	0.000	0.7873	0.5281	1
575	817	86.074	0.000	0.7957	0.4781	1
575	851	121.071	0.000	0.7718	0.3840	1
575	877	130.027	0.000	0.7129	0.4695	1
575	912	130.027	0.000	0.7050	0.4302	1
575	913	121.071	0.000	0.8059	0.4585	1
575	918	208.139	0.000	0.8782	0.5828	1
575	919	-266.076	0.000	0.8227	0.5243	1
575	981	169.074	0.000	0.8456	0.4752	1
575	1050	15.000	0.000	0.7208	0.4056	1
575	1278	192.145	0.000	0.7912	0.4671	1
575	1281	197.106	0.000	0.8160	0.6134	1
576	578	-97.053	0.000	0.8076	0.6404	1
576	647	-17.956	0.000	0.9075	0.5891	1
576	648	14.016	0.000	0.9104	0.6767	1
576	649	291.144	0.000	0.7170	0.6221	1
576	667	397.186	0.000	0.7059	0.5461	1
577	582	50.016	0.000	0.9643	0.7780	1
577	598	34.057	0.000	0.9811	0.8391	1
577	613	33.984	0.000	0.9840	0.9036	1
577	721	48.000	0.000	0.9546	0.7773	1
577	789	2.016	0.000	0.7652	0.7446	1
577	906	-15.995	0.000	0.9319	0.6466	1
577	1021	-1.979	0.000	0.8310	0.6257	1
577	1116	42.047	0.000	0.7384	0.5611	1
577	1191	-29.974	0.000	0.9502	0.7693	1
577	1263	-28.990	0.000	0.7205	0.5304	1
577	1848	10.010	0.000	0.8871	0.5992	1
577	2062	36.000	0.000	0.9207	0.6026	1
578	590	111.069	0.000	0.7254	0.6714	1
578	605	-103.115	0.000	0.9183	0.6917	1
578	647	79.096	0.000	0.8259	0.6103	1
578	648	111.069	0.000	0.8224	0.6595	1
579	593	144.017	0.000	0.8179	0.7100	1
579	608	241.072	0.000	0.8058	0.6953	1
580	581	454.207	0.000	0.8068	0.6241	1
580	604	224.044	0.000	0.7538	0.5216	1
580	648	126.991	0.000	0.7351	0.6171	1
581	631	126.991	0.000	0.7055	0.5205	1
581	658	-43.115	0.000	0.7311	0.4304	1
581	676	-144.164	0.000	0.7728	0.5220	1
581	687	69.969	0.000	0.8058	0.5392	1
581	705	-73.127	0.000	0.7153	0.4371	1
581	756	-57.021	0.000	0.8435	0.6679	1
581	977	139.050	0.000	0.8301	0.6627	1
581	990	139.027	0.000	0.7894	0.5723	1
581	1185	0.948	0.000	0.8536	0.6453	1
581	1251	10.969	0.000	0.8301	0.6251	1
581	1985	111.980	0.000	0.8285	0.6821	1
582	592	-111.069	0.000	0.7055	0.6080	1
582	598	-15.958	0.000	0.9500	0.7328	1
582	613	-16.031	0.000	0.9444	0.7323	1
582	665	-48.000	0.000	0.9301	0.6143	1
582	671	-14.016	0.000	0.9856	0.8314	1
582	710	2.016	0.000	0.8785	0.7054	1
582	721	-2.016	0.000	0.9277	0.6931	1
582	725	2.052	0.000	0.7207	0.5581	1
582	794	-71.037	0.000	0.7710	0.5832	1
582	837	-71.037	0.000	0.7674	0.5834	1
582	847	-87.011	0.000	0.8877	0.5722	1
582	917	-14.016	0.000	0.9722	0.7482	1
582	1034	28.031	0.000	0.9533	0.6880	1
582	1111	-63.995	0.000	0.9148	0.6037	1
582	1184	-129.043	0.000	0.7721	0.5863	1
582	1362	-28.990	0.000	0.8637	0.7239	1
582	1377	42.047	0.000	0.9805	0.7851	1
582	1414	-29.974	0.000	0.9753	0.8148	1
582	1459	-15.958	0.000	0.9765	0.7541	1
582	1472	-59.001	0.000	0.7863	0.4489	1
582	1554	-86.996	0.000	0.8232	0.4101	1
582	1576	-28.990	0.000	0.7845	0.6634	1
582	1642	-14.975	0.000	0.9435	0.7332	1
582	1681	-14.975	0.000	0.9510	0.7775	1
582	1713	-117.006	0.000	0.7881	0.4588	1
582	1792	-29.026	0.000	0.7248	0.5594	1
582	1935	-29.026	0.000	0.7078	0.5329	1
582	2062	-14.016	0.000	0.9217	0.6293	1
584	709	-217.059	0.000	0.7396	0.6306	1
584	983	38.008	0.000	0.7148	0.5130	1
584	1098	111.033	0.000	0.9363	0.7433	1
584	1257	56.027	0.000	0.8118	0.6166	1
584	1261	224.117	0.000	0.8508	0.6605	1
584	1266	-18.010	0.000	0.9078	0.7739	1
584	1387	224.285	0.000	0.9193	0.6949	1
584	1403	224.117	0.000	0.9273	0.7289	1
584	1471	95.074	0.000	0.8978	0.6790	1
584	1716	8.042	0.000	0.8254	0.5656	1
586	858	-172.100	0.000	0.7179	0.4173	1
586	984	-68.005	0.000	0.8129	0.6094	1
586	1024	-73.032	0.000	0.7234	0.4479	1
586	1201	79.064	0.000	0.8018	0.6014	1
586	1229	27.995	0.000	0.9111	0.6861	1
586	1317	0.984	0.000	0.8932	0.6074	1
586	1379	0.984	0.000	0.7478	0.5058	1
586	1438	0.984	0.000	0.7609	0.4998	1
586	1905	0.948	0.000	0.7507	0.4762	1
587	596	-81.022	0.000	0.7379	0.7332	1
587	611	113.084	0.000	0.8462	0.7069	1
587	629	-33.985	0.000	0.9611	0.8521	1
587	634	14.016	0.000	0.9214	0.7715	1
587	657	-55.006	0.000	0.7191	0.6319	1
587	680	112.081	0.000	0.7629	0.7274	1
587	682	113.083	0.000	0.8401	0.7439	1
587	729	-40.991	0.000	0.7319	0.6253	1
587	732	42.047	0.000	0.9642	0.8516	1
587	734	83.073	0.000	0.7294	0.5859	1
587	763	-85.017	0.000	0.7208	0.6264	1
587	783	-129.043	0.000	0.7133	0.5739	1
587	812	56.062	0.000	0.9781	0.9154	1
587	841	-71.001	0.000	0.7269	0.6263	1
587	850	12.036	0.000	0.9672	0.8804	1
587	862	226.168	0.000	0.7115	0.5620	1
587	907	26.052	0.000	0.9718	0.8925	1
587	985	-0.959	0.000	0.9638	0.8507	1
589	645	-27.995	0.000	0.8704	0.7527	1
589	664	-99.032	0.000	0.7185	0.6026	1
589	714	-27.011	0.000	0.8512	0.7368	1
589	750	-57.022	0.000	0.7598	0.6034	1
589	1128	113.084	0.000	0.7105	0.4752	1
589	1398	-18.011	0.000	0.7361	0.6109	1
589	1585	-3.995	0.000	0.7430	0.7392	1
590	591	226.059	0.000	0.7479	0.7129	1
590	606	126.991	0.000	0.8699	0.7582	1
590	616	10.021	0.000	0.7354	0.6834	1
591	592	230.163	0.000	0.7129	0.5475	1
591	601	88.125	0.000	0.7287	0.4914	1
591	606	-99.068	0.000	0.7431	0.6478	1
591	609	228.148	0.000	0.7446	0.6393	1
591	616	-216.038	0.000	0.7475	0.6176	1
591	628	-99.068	0.000	0.7868	0.6976	1
591	631	228.148	0.000	0.7339	0.6255	1
591	632	196.177	0.000	0.7067	0.5481	1
591	649	51.069	0.000	0.7372	0.4249	1
591	667	157.110	0.000	0.7746	0.5679	1
591	704	65.084	0.000	0.7161	0.4062	1
591	720	157.111	0.000	0.7386	0.5535	1
591	733	230.164	0.000	0.8238	0.6572	1
591	748	95.128	0.000	0.7001	0.4092	1
591	813	256.179	0.000	0.7550	0.5700	1
591	918	81.148	0.000	0.7273	0.5144	1
591	981	42.083	0.000	0.7434	0.5060	1
592	609	-2.015	0.000	0.7764	0.7312	1
592	631	-2.015	0.000	0.7803	0.7111	1
592	632	-33.986	0.000	0.7178	0.6478	1
592	641	-99.068	0.000	0.7739	0.6149	1
592	649	-179.095	0.000	0.7039	0.6361	1
592	667	-73.053	0.000	0.7579	0.6494	1
592	671	97.053	0.000	0.7701	0.7252	1
592	674	26.016	0.000	0.8998	0.6623	1
592	715	-214.132	0.000	0.7887	0.5578	1
592	720	-73.053	0.000	0.7406	0.5434	1
592	733	0.001	0.000	0.8526	0.7260	1
592	734	-234.100	0.000	0.7085	0.3764	1
592	754	-200.116	0.000	0.7941	0.5221	1
592	760	-57.021	0.000	0.7397	0.6646	1
592	791	-163.063	0.000	0.7468	0.6169	1
592	813	26.016	0.000	0.8335	0.7912	1
592	837	40.031	0.000	0.9144	0.6838	1
592	847	24.058	0.000	0.7085	0.5041	1
592	866	14.016	0.000	0.7652	0.7161	1
592	871	-103.063	0.000	0.7607	0.4865	1
592	873	-198.101	0.000	0.7212	0.5855	1
592	877	-227.127	0.000	0.7505	0.5694	1
592	912	-227.127	0.000	0.7423	0.5126	1
592	915	40.032	0.000	0.7651	0.7409	1
592	917	97.053	0.000	0.7740	0.6128	1
592	970	-49.980	0.000	0.7273	0.4358	1
592	975	-101.047	0.000	0.8513	0.7181	1
592	976	-144.090	0.000	0.7240	0.5322	1
592	986	-89.047	0.000	0.7255	0.4673	1
592	987	-101.047	0.000	0.8326	0.6791	1
592	988	-144.090	0.000	0.7414	0.5508	1
592	989	-49.980	0.000	0.7360	0.4515	1
592	998	-202.095	0.000	0.7238	0.4426	1
592	1111	47.074	0.000	0.8108	0.6074	1
592	1184	-17.974	0.000	0.7131	0.4674	1
592	1238	82.079	0.000	0.7345	0.5967	1
592	1362	82.079	0.000	0.7068	0.5259	1
592	1625	-40.006	0.000	0.7294	0.6338	1
592	1642	96.094	0.000	0.7629	0.5799	1
592	1681	96.094	0.000	0.7989	0.7051	1
592	1713	-5.938	0.000	0.7105	0.4704	1
592	1770	-31.042	0.000	0.8727	0.7371	1
592	1789	-15.011	0.000	0.7057	0.6232	1
592	1792	82.042	0.000	0.7919	0.5900	1
592	1798	-128.095	0.000	0.7271	0.5610	1
592	1873	97.078	0.000	0.7438	0.5788	1
592	1935	82.042	0.000	0.7746	0.5494	1
592	2141	82.042	0.000	0.7788	0.6146	1
592	2236	54.036	0.000	0.7195	0.5966	1
592	2251	73.078	0.000	0.7385	0.6319	1
592	2314	73.078	0.000	0.7274	0.6042	1
592	2410	73.078	0.000	0.7270	0.6303	1
593	607	-1.002	0.000	0.7682	0.6293	1
593	608	97.055	0.000	0.9041	0.7297	1
593	873	438.249	0.000	0.7216	0.4195	1
593	975	535.302	0.000	0.7123	0.4853	1
593	987	535.302	0.000	0.7144	0.4811	1
594	609	99.069	0.000	0.7163	0.6048	1
594	631	99.069	0.000	0.7150	0.6284	1
594	641	2.016	0.000	0.8245	0.7578	1
594	658	-71.037	0.000	0.7549	0.7098	1
594	705	-101.049	0.000	0.7168	0.6715	1
594	720	28.032	0.000	0.9027	0.8239	1
594	757	-1.979	0.000	0.8237	0.6558	1
594	872	-29.974	0.000	0.7775	0.6527	1
594	990	111.105	0.000	0.7346	0.6697	1
595	611	359.185	0.000	0.7495	0.5552	1
595	659	99.069	0.000	0.8210	0.7299	1
595	675	-0.001	0.000	0.7172	0.7377	1
595	695	-99.069	0.000	0.7010	0.7613	1
595	697	267.158	0.000	0.7151	0.5128	1
595	752	-101.047	0.000	0.8471	0.8166	1
596	611	194.105	0.000	0.7133	0.5959	1
596	657	26.016	0.000	0.8972	0.7885	1
596	729	40.031	0.000	0.8836	0.7726	1
596	763	-3.995	0.000	0.9330	0.7826	1
596	799	-114.043	0.000	0.9184	0.7934	1
596	820	-16.990	0.000	0.7751	0.6727	1
596	841	10.020	0.000	0.9216	0.7853	1
596	849	-16.990	0.000	0.7852	0.6848	1
596	886	-277.106	0.000	0.7263	0.5232	1
596	889	-114.043	0.000	0.9206	0.7759	1
596	925	-277.107	0.000	0.7409	0.5295	1
596	959	-114.043	0.000	0.9223	0.8136	1
596	963	-277.107	0.000	0.7040	0.4767	1
598	600	45.933	0.000	0.8580	0.7445	1
598	613	-0.073	0.000	0.9910	0.8883	1
598	614	-1.076	0.000	0.7917	0.8582	1
598	653	-85.125	0.000	0.7547	0.6114	1
598	721	13.943	0.000	0.9741	0.8391	1
598	724	-71.110	0.000	0.7144	0.5944	1
598	745	-87.083	0.000	0.7387	0.5751	1
598	750	-156.090	0.000	0.7106	0.3423	1
598	792	1.943	0.000	0.7295	0.8080	1
598	825	-57.094	0.000	0.8602	0.5557	1
598	853	27.959	0.000	0.8335	0.7002	1
598	897	27.958	0.000	0.9694	0.7801	1
598	906	-50.052	0.000	0.9330	0.5925	1
598	1061	-2.052	0.000	0.9500	0.7612	1
598	1103	41.974	0.000	0.9255	0.6944	1
598	1117	-2.052	0.000	0.9762	0.8200	1
598	1149	41.974	0.000	0.9760	0.7309	1
598	1209	-30.047	0.000	0.8997	0.7992	1
598	1239	-16.031	0.000	0.8839	0.7390	1
598	1240	-30.047	0.000	0.9441	0.7840	1
598	1247	11.964	0.000	0.9524	0.7286	1
598	1311	12.026	0.000	0.7982	0.5419	1
598	1369	1.979	0.000	0.9688	0.8156	1
598	1787	45.969	0.000	0.8918	0.6548	1
598	1790	73.964	0.000	0.9563	0.7034	1
598	1848	-24.048	0.000	0.8853	0.6895	1
598	2062	1.943	0.000	0.9253	0.6055	1
599	613	48.000	0.000	0.9560	0.7017	1
599	665	16.031	0.000	0.8919	0.6742	1
599	696	14.015	0.000	0.9413	0.7279	1
599	745	-39.011	0.000	0.7765	0.5518	1
599	792	50.016	0.000	0.8205	0.6994	1
599	825	-9.021	0.000	0.8716	0.6033	1
599	854	-49.979	0.000	0.8950	0.7023	1
599	1021	12.036	0.000	0.7305	0.6910	1
599	1186	26.052	0.000	0.7473	0.6917	1
599	1239	32.042	0.000	0.8646	0.5797	1
599	1240	18.026	0.000	0.9558	0.7467	1
599	1369	50.052	0.000	0.8787	0.5891	1
599	1599	-23.975	0.000	0.8632	0.5785	1
599	2008	36.012	0.000	0.7263	0.4711	1
600	613	-46.005	0.000	0.8680	0.7622	1
600	696	-79.990	0.000	0.7829	0.5567	1
600	721	-31.990	0.000	0.7316	0.7537	1
600	792	-43.990	0.000	0.9035	0.7034	1
600	825	-103.027	0.000	0.8010	0.4961	1
600	897	-17.974	0.000	0.7991	0.8463	1
600	1117	-47.985	0.000	0.8530	0.7399	1
600	1209	-75.980	0.000	0.9045	0.6786	1
600	1239	-61.964	0.000	0.7039	0.4797	1
600	1240	-75.980	0.000	0.9088	0.7571	1
600	1247	-33.969	0.000	0.7947	0.7318	1
600	1273	2.052	0.000	0.8695	0.7644	1
600	1311	-33.907	0.000	0.7417	0.5345	1
600	1369	-43.954	0.000	0.8820	0.7430	1
600	1374	-61.964	0.000	0.7662	0.5331	1
600	1452	-79.957	0.000	0.7720	0.4657	1
600	1511	-60.980	0.000	0.9008	0.7752	1
600	1560	-46.964	0.000	0.9165	0.6943	1
600	1790	28.031	0.000	0.7626	0.5551	1
600	1963	-103.038	0.000	0.7395	0.4483	1
600	2000	-75.032	0.000	0.7551	0.6598	1
600	2005	-69.980	0.000	0.7585	0.4862	1
600	2089	-89.022	0.000	0.7571	0.4597	1
601	609	140.022	0.000	0.8233	0.5738	1
601	631	140.022	0.000	0.8192	0.5624	1
601	632	108.051	0.000	0.7997	0.5641	1
601	649	-37.057	0.000	0.8396	0.5203	1
601	667	68.985	0.000	0.8515	0.5654	1
601	682	-62.053	0.000	0.7495	0.5250	1
601	685	-446.291	0.000	0.7108	0.4440	1
601	698	-407.280	0.000	0.7699	0.5174	1
601	704	-23.041	0.000	0.8233	0.4903	1
601	733	142.038	0.000	0.7546	0.5794	1
601	748	7.003	0.000	0.8265	0.5607	1
601	749	-453.233	0.000	0.7365	0.4297	1
601	760	85.017	0.000	0.7866	0.5495	1
601	817	-129.043	0.000	0.8703	0.7268	1
601	851	-94.045	0.000	0.7069	0.3251	1
601	877	-85.089	0.000	0.7050	0.5115	1
601	912	-85.090	0.000	0.7111	0.5275	1
601	913	-94.046	0.000	0.7362	0.4181	1
601	918	-6.977	0.000	0.8240	0.5348	1
601	919	-481.192	0.000	0.7312	0.4217	1
601	981	-46.042	0.000	0.8013	0.5620	1
601	983	-47.045	0.000	0.7071	0.4887	1
601	1050	-200.116	0.000	0.7672	0.6172	1
601	1106	-200.116	0.000	0.7381	0.6427	1
601	1185	13.980	0.000	0.8640	0.6337	1
601	1278	-22.972	0.000	0.7468	0.5026	1
601	1281	-18.010	0.000	0.8728	0.6811	1
601	1838	110.996	0.000	0.7593	0.6137	1
602	603	-355.138	0.000	0.8188	0.6637	1
602	617	99.069	0.000	0.9014	0.6368	1
602	621	98.066	0.000	0.7822	0.6761	1
602	622	-228.147	0.000	0.8808	0.7562	1
602	625	-260.119	0.000	0.8297	0.6408	1
602	647	-157.005	0.000	0.7461	0.6071	1
602	661	147.069	0.000	0.9025	0.6562	1
602	697	35.074	0.000	0.7200	0.5787	1
602	708	198.137	0.000	0.7895	0.5590	1
602	711	-212.117	0.000	0.7742	0.7391	1
602	737	-1.979	0.000	0.8255	0.7119	1
602	740	-198.100	0.000	0.7936	0.6176	1
602	742	-198.100	0.000	0.7048	0.6046	1
602	957	-326.159	0.000	0.7301	0.5302	1
603	617	454.206	0.000	0.8940	0.7418	1
603	619	-103.115	0.000	0.9018	0.7434	1
603	622	126.990	0.000	0.9231	0.7384	1
603	625	95.018	0.000	0.9301	0.7634	1
603	708	553.275	0.000	0.7262	0.6587	1
604	687	300.132	0.000	0.7102	0.5590	1
604	753	115.027	0.000	0.7124	0.4941	1
604	759	212.079	0.000	0.8441	0.6815	1
604	1115	0.984	0.000	0.7748	0.5562	1
605	622	111.068	0.000	0.7019	0.7719	1
605	625	79.096	0.000	0.7663	0.6347	1
607	618	327.217	0.000	0.7530	0.5899	1
608	873	341.194	0.000	0.7861	0.5205	1
608	975	438.247	0.000	0.7496	0.5105	1
608	987	438.247	0.000	0.7558	0.5330	1
608	1204	213.135	0.000	0.7455	0.6347	1
609	616	-444.186	0.000	0.7588	0.6406	1
609	628	-327.216	0.000	0.7553	0.6850	1
609	631	0.000	0.000	0.9920	0.9522	1
609	632	-31.971	0.000	0.8714	0.7545	1
609	641	-97.053	0.000	0.7574	0.7308	1
609	648	-454.207	0.000	0.7800	0.6492	1
609	649	-177.079	0.000	0.7957	0.6227	1
609	658	-170.106	0.000	0.7476	0.5623	1
609	667	-71.037	0.000	0.8393	0.6448	1
609	677	-455.276	0.000	0.7158	0.4341	1
609	698	-547.302	0.000	0.7593	0.4473	1
609	704	-163.064	0.000	0.7596	0.5061	1
609	705	-200.117	0.000	0.7203	0.5618	1
609	708	-131.038	0.000	0.7930	0.7829	1
609	720	-71.037	0.000	0.7574	0.6819	1
609	733	2.016	0.000	0.9369	0.8313	1
609	748	-133.020	0.000	0.7534	0.5489	1
609	754	-198.101	0.000	0.7032	0.5643	1
609	760	-55.006	0.000	0.7900	0.6417	1
609	801	-69.021	0.000	0.7118	0.8067	1
609	813	28.031	0.000	0.8340	0.8297	1
609	836	-57.021	0.000	0.8978	0.8063	1
609	866	16.032	0.000	0.8404	0.6534	1
609	871	-101.048	0.000	0.8158	0.7418	1
609	918	-147.000	0.000	0.7672	0.5598	1
609	973	-87.032	0.000	0.8072	0.7550	1
609	975	-99.032	0.000	0.7063	0.7479	1
609	977	12.059	0.000	0.7646	0.6668	1
609	981	-186.065	0.000	0.8067	0.6064	1
609	986	-87.032	0.000	0.8046	0.6821	1
609	990	12.036	0.000	0.7803	0.7554	1
609	1184	-15.959	0.000	0.7265	0.6077	1
609	1261	-0.959	0.000	0.8904	0.7649	1
609	1387	-0.791	0.000	0.8500	0.7096	1
609	1403	-0.959	0.000	0.8752	0.8532	1
609	1407	-14.974	0.000	0.8034	0.7464	1
609	1556	-102.991	0.000	0.7584	0.6332	1
609	1651	-128.095	0.000	0.7016	0.5210	1
609	1838	-29.026	0.000	0.7696	0.6978	1
609	1919	40.020	0.000	0.7161	0.5303	1
609	2051	54.036	0.000	0.7718	0.5219	1
611	629	-147.068	0.000	0.8116	0.6794	1
611	634	-99.068	0.000	0.7976	0.6278	1
611	657	-168.090	0.000	0.7785	0.6149	1
611	659	-260.116	0.000	0.8430	0.6361	1
611	667	131.037	0.000	0.7316	0.5657	1
611	669	-250.143	0.000	0.7310	0.5717	1
611	680	-1.003	0.000	0.7597	0.6755	1
611	682	-0.001	0.000	0.8458	0.6667	1
611	684	-417.139	0.000	0.7412	0.5790	1
611	700	-410.253	0.000	0.8224	0.6745	1
611	729	-154.075	0.000	0.7377	0.5526	1
611	732	-71.037	0.000	0.8111	0.6617	1
611	760	147.069	0.000	0.8587	0.6049	1
611	763	-198.100	0.000	0.7568	0.6596	1
611	812	-57.021	0.000	0.8309	0.6797	1
611	839	39.048	0.000	0.7209	0.5888	1
611	841	-184.085	0.000	0.7302	0.6114	1
611	850	-101.047	0.000	0.8298	0.7210	1
611	862	113.085	0.000	0.7546	0.6932	1
611	907	-87.032	0.000	0.8205	0.6635	1
611	981	16.010	0.000	0.7039	0.5284	1
611	985	-114.043	0.000	0.7964	0.6253	1
611	1031	42.047	0.000	0.7397	0.6312	1
612	617	2.005	0.000	0.7374	0.5979	1
612	621	1.003	0.000	0.9243	0.8489	1
612	737	-99.043	0.000	0.7134	0.6120	1
613	614	-1.003	0.000	0.7749	0.7840	1
613	653	-85.053	0.000	0.7586	0.5214	1
613	721	14.016	0.000	0.9703	0.8533	1
613	724	-71.037	0.000	0.7190	0.5728	1
613	745	-87.011	0.000	0.7304	0.4967	1
613	750	-156.017	0.000	0.7104	0.3066	1
613	792	2.016	0.000	0.7313	0.8320	1
613	825	-57.021	0.000	0.8636	0.5886	1
613	853	28.031	0.000	0.8138	0.6548	1
613	897	28.031	0.000	0.9591	0.7599	1
613	906	-49.979	0.000	0.9394	0.6237	1
613	1061	-1.979	0.000	0.9418	0.7502	1
613	1103	42.047	0.000	0.9283	0.7039	1
613	1117	-1.979	0.000	0.9679	0.7925	1
613	1149	42.047	0.000	0.9716	0.7443	1
613	1209	-29.974	0.000	0.8912	0.6969	1
613	1239	-15.958	0.000	0.8707	0.5661	1
613	1240	-29.974	0.000	0.9448	0.7968	1
613	1247	12.036	0.000	0.9448	0.7323	1
613	1369	2.052	0.000	0.9681	0.7794	1
613	1790	74.037	0.000	0.9489	0.6996	1
613	1848	-23.975	0.000	0.8800	0.6240	1
613	2062	2.016	0.000	0.9243	0.6055	1
614	721	15.019	0.000	0.7616	0.7235	1
614	724	-70.034	0.000	0.7114	0.4172	1
614	825	-56.018	0.000	0.7101	0.5530	1
614	1369	3.055	0.000	0.7875	0.7692	1
614	1370	-13.972	0.000	0.7486	0.5746	1
616	628	116.970	0.000	0.9446	0.7802	1
616	630	84.998	0.000	0.7606	0.6853	1
616	631	444.186	0.000	0.7502	0.6406	1
616	648	-10.021	0.000	0.9314	0.7515	1
616	658	274.080	0.000	0.7138	0.6572	1
617	619	-557.321	0.000	0.7433	0.6748	1
617	621	-1.002	0.000	0.8486	0.7630	1
617	622	-327.216	0.000	0.8773	0.6085	1
617	625	-359.188	0.000	0.8997	0.7111	1
617	675	-331.154	0.000	0.7543	0.5142	1
617	697	-63.995	0.000	0.7144	0.5529	1
617	708	99.069	0.000	0.8394	0.7730	1
617	713	147.069	0.000	0.9094	0.6753	1
617	737	-101.047	0.000	0.8114	0.7042	1
617	740	-297.169	0.000	0.7408	0.4520	1
617	778	125.085	0.000	0.7013	0.4798	1
617	803	-87.032	0.000	0.8502	0.7180	1
617	949	67.079	0.000	0.7013	0.5494	1
618	791	147.071	0.000	0.7757	0.6700	1
618	861	16.067	0.000	0.8572	0.6904	1
618	940	90.049	0.000	0.8958	0.6711	1
618	1265	132.096	0.000	0.7422	0.5671	1
619	622	230.105	0.000	0.8142	0.6046	1
619	625	198.133	0.000	0.8091	0.5739	1
620	623	-230.163	0.000	0.7603	0.5993	1
620	624	-1.003	0.000	0.8276	0.6667	1
620	1486	128.011	0.000	0.7167	0.5335	1
620	1531	55.990	0.000	0.8621	0.7980	1
620	1629	169.037	0.000	0.7593	0.6108	1
620	1660	-158.033	0.000	0.8549	0.6355	1
620	1732	58.006	0.000	0.7758	0.7263	1
620	1755	70.005	0.000	0.7252	0.5726	1
620	1796	-17.026	0.000	0.7803	0.8069	1
620	1952	169.074	0.000	0.7190	0.6285	1
620	2061	55.953	0.000	0.7521	0.7101	1
620	2073	55.977	0.000	0.7118	0.6364	1
620	2094	-47.001	0.000	0.7652	0.7231	1
620	2292	170.022	0.000	0.7020	0.4685	1
620	2293	39.995	0.000	0.7584	0.7376	1
620	2309	98.000	0.000	0.7672	0.6288	1
621	713	148.071	0.000	0.7843	0.4854	1
621	737	-100.045	0.000	0.8567	0.6308	1
621	803	-86.030	0.000	0.7938	0.5935	1
622	625	-31.972	0.000	0.9375	0.7796	1
622	630	198.134	0.000	0.7064	0.5954	1
622	647	71.143	0.000	0.7065	0.5677	1
622	675	-3.938	0.000	0.7118	0.5012	1
622	708	426.285	0.000	0.7600	0.5844	1
622	740	30.047	0.000	0.7541	0.5812	1
623	1334	415.196	0.000	0.7212	0.3517	1
623	1531	286.153	0.000	0.7748	0.5956	1
623	1785	316.091	0.000	0.7255	0.4877	1
623	2061	286.117	0.000	0.7110	0.6208	1
624	1660	-157.030	0.000	0.7068	0.5246	1
625	630	230.106	0.000	0.7763	0.6108	1
625	640	374.265	0.000	0.7323	0.6836	1
625	647	103.115	0.000	0.8142	0.6933	1
625	675	28.034	0.000	0.8500	0.6095	1
625	708	458.257	0.000	0.7166	0.5725	1
625	737	258.141	0.000	0.7209	0.6144	1
625	740	62.019	0.000	0.7293	0.5188	1
626	663	-0.000	0.000	0.9798	0.9157	1
626	703	-0.000	0.000	0.9774	0.8985	1
626	768	15.029	0.000	0.7030	0.5317	1
626	769	-33.984	0.000	0.9416	0.8169	1
626	770	16.031	0.000	0.9198	0.8128	1
626	860	16.031	0.000	0.9267	0.7988	1
626	1016	42.047	0.000	0.9110	0.7485	1
626	1136	56.063	0.000	0.8385	0.7470	1
626	1487	-1.943	0.000	0.7115	0.5426	1
626	1598	-17.963	0.000	0.7709	0.6289	1
626	1626	-0.000	0.000	0.9508	0.8499	1
626	1634	-18.011	0.000	0.7862	0.7057	1
626	1779	-147.053	0.000	0.7743	0.4939	1
626	1810	-89.048	0.000	0.7120	0.4829	1
626	1829	-133.037	0.000	0.7763	0.5392	1
626	1915	-146.069	0.000	0.7794	0.5625	1
626	2035	16.031	0.000	0.9160	0.7701	1
626	2070	-146.070	0.000	0.7197	0.4710	1
626	2125	42.047	0.000	0.9290	0.8072	1
627	632	-97.052	0.000	0.7335	0.6824	1
627	671	33.988	0.000	0.7411	0.6061	1
627	917	33.988	0.000	0.7405	0.5613	1
627	951	29.993	0.000	0.7442	0.5629	1
627	1014	113.084	0.000	0.7743	0.5696	1
627	1465	-356.185	0.000	0.7287	0.4855	1
628	630	-31.972	0.000	0.8689	0.7514	1
628	631	327.216	0.000	0.7472	0.6718	1
628	639	144.159	0.000	0.7180	0.6345	1
628	648	-126.991	0.000	0.9733	0.8415	1
628	658	157.110	0.000	0.7378	0.6384	1
628	705	127.099	0.000	0.7146	0.6386	1
629	634	48.000	0.000	0.9064	0.7421	1
629	682	147.068	0.000	0.8126	0.6724	1
629	732	76.031	0.000	0.9626	0.8534	1
629	812	90.047	0.000	0.9647	0.8581	1
629	850	46.021	0.000	0.9611	0.8609	1
629	907	60.036	0.000	0.9591	0.8402	1
629	985	33.026	0.000	0.9462	0.8045	1
630	639	176.131	0.000	0.8344	0.7136	1
630	640	144.159	0.000	0.7952	0.6962	1
630	647	-126.991	0.000	0.8416	0.7588	1
630	648	-95.019	0.000	0.8286	0.7425	1
630	675	-202.072	0.000	0.7610	0.5113	1
630	851	125.121	0.000	0.7046	0.4997	1
630	913	125.120	0.000	0.7419	0.5901	1
630	981	173.124	0.000	0.7019	0.6235	1
631	632	-31.971	0.000	0.8703	0.7545	1
631	641	-97.053	0.000	0.7651	0.7308	1
631	648	-454.207	0.000	0.7718	0.6385	1
631	649	-177.079	0.000	0.7967	0.6359	1
631	658	-170.106	0.000	0.7573	0.5623	1
631	667	-71.037	0.000	0.8385	0.6448	1
631	677	-455.276	0.000	0.7146	0.4341	1
631	687	-57.022	0.000	0.7093	0.6266	1
631	698	-547.302	0.000	0.7572	0.4560	1
631	704	-163.064	0.000	0.7606	0.5154	1
631	705	-200.117	0.000	0.7259	0.5505	1
631	708	-131.038	0.000	0.8057	0.8135	1
631	715	-212.116	0.000	0.7041	0.6003	1
631	720	-71.037	0.000	0.7578	0.6819	1
631	733	2.016	0.000	0.9369	0.8313	1
631	748	-133.020	0.000	0.7534	0.5489	1
631	754	-198.101	0.000	0.7119	0.5326	1
631	760	-55.006	0.000	0.7970	0.6249	1
631	801	-69.021	0.000	0.7086	0.7387	1
631	813	28.031	0.000	0.8180	0.8086	1
631	836	-57.021	0.000	0.9047	0.8063	1
631	866	16.031	0.000	0.8295	0.6214	1
631	871	-101.048	0.000	0.8293	0.7294	1
631	872	-129.043	0.000	0.7047	0.5279	1
631	917	99.068	0.000	0.7094	0.4986	1
631	918	-147.000	0.000	0.7688	0.5598	1
631	973	-87.032	0.000	0.8173	0.7535	1
631	975	-99.032	0.000	0.7129	0.6725	1
631	977	12.059	0.000	0.7756	0.6473	1
631	981	-186.065	0.000	0.8079	0.6064	1
631	986	-87.032	0.000	0.8170	0.6922	1
631	990	12.036	0.000	0.7831	0.7319	1
631	1184	-15.959	0.000	0.7421	0.6051	1
631	1261	-0.959	0.000	0.8907	0.7479	1
631	1387	-0.791	0.000	0.8455	0.6940	1
631	1403	-0.959	0.000	0.8701	0.8515	1
631	1407	-14.974	0.000	0.7990	0.7464	1
631	1556	-102.991	0.000	0.7607	0.6332	1
631	1651	-128.095	0.000	0.7031	0.5305	1
631	1838	-29.026	0.000	0.7638	0.6587	1
631	1919	40.020	0.000	0.7165	0.5047	1
631	1958	-43.017	0.000	0.7017	0.5047	1
631	2051	54.036	0.000	0.7729	0.5219	1
632	633	-1.003	0.000	0.8525	0.6712	1
632	647	-454.208	0.000	0.7397	0.6558	1
632	649	-145.108	0.000	0.8185	0.5293	1
632	654	-131.039	0.000	0.7090	0.7272	1
632	667	-39.066	0.000	0.8590	0.6625	1
632	682	-170.104	0.000	0.7442	0.5682	1
632	704	-131.093	0.000	0.8130	0.5386	1
632	733	33.987	0.000	0.7873	0.6772	1
632	748	-101.049	0.000	0.8465	0.6069	1
632	760	-23.034	0.000	0.8701	0.7310	1
632	813	60.003	0.000	0.7327	0.6295	1
632	817	-237.094	0.000	0.7181	0.4731	1
632	851	-202.096	0.000	0.7973	0.4629	1
632	913	-202.097	0.000	0.8203	0.5260	1
632	918	-115.028	0.000	0.8748	0.6795	1
632	919	-589.243	0.000	0.7338	0.5230	1
632	970	-15.994	0.000	0.7134	0.7140	1
632	981	-154.093	0.000	0.7583	0.4903	1
632	989	-15.994	0.000	0.7244	0.7247	1
632	1278	-131.023	0.000	0.7278	0.5110	1
632	1431	-6.019	0.000	0.7004	0.5039	1
632	2042	54.035	0.000	0.7366	0.5461	1
633	680	-170.103	0.000	0.7302	0.5740	1
633	983	-154.093	0.000	0.7378	0.5338	1
633	1261	32.016	0.000	0.7574	0.5669	1
633	1387	32.183	0.000	0.7581	0.4354	1
633	1403	32.016	0.000	0.7601	0.4632	1
633	1471	-97.027	0.000	0.7392	0.5522	1
634	657	-69.021	0.000	0.7320	0.6934	1
634	682	99.067	0.000	0.7859	0.6134	1
634	732	28.031	0.000	0.8658	0.7516	1
634	812	42.047	0.000	0.9306	0.7986	1
634	850	-1.979	0.000	0.9146	0.7671	1
634	907	12.036	0.000	0.9144	0.7480	1
634	985	-14.975	0.000	0.9045	0.7579	1
636	775	16.042	0.000	0.7429	0.6828	1
636	791	115.075	0.000	0.7071	0.5627	1
636	805	-83.037	0.000	0.8861	0.7315	1
636	1000	27.995	0.000	0.7764	0.6438	1
636	1052	27.995	0.000	0.7922	0.7104	1
636	1107	27.995	0.000	0.7937	0.6964	1
636	1126	28.077	0.000	0.7726	0.6309	1
636	1135	-85.089	0.000	0.8285	0.6707	1
636	1144	27.995	0.000	0.7745	0.6438	1
636	1451	27.995	0.000	0.7843	0.6391	1
637	639	-97.053	0.000	0.8600	0.7094	1
637	640	-129.025	0.000	0.8427	0.7416	1
638	668	0.984	0.000	0.7618	0.7045	1
638	790	62.015	0.000	0.7224	0.5973	1
638	854	-36.036	0.000	0.7698	0.7072	1
638	1120	49.979	0.000	0.8589	0.6285	1
638	1128	76.031	0.000	0.7087	0.5823	1
638	1203	76.031	0.000	0.7467	0.6124	1
638	1276	63.995	0.000	0.8693	0.6549	1
638	1470	66.011	0.000	0.8155	0.5896	1
638	1488	54.011	0.000	0.8787	0.6476	1
638	1527	26.004	0.000	0.8016	0.5901	1
638	1773	62.016	0.000	0.7253	0.5867	1
638	1853	52.031	0.000	0.7156	0.5417	1
638	1954	76.031	0.000	0.7347	0.5726	1
639	640	-31.972	0.000	0.9482	0.7887	1
640	647	-271.150	0.000	0.7322	0.7387	1
641	658	-73.053	0.000	0.7706	0.6816	1
641	705	-103.065	0.000	0.7046	0.6597	1
641	715	-115.064	0.000	0.7763	0.6255	1
641	720	26.015	0.000	0.8170	0.7268	1
641	733	99.069	0.000	0.7436	0.6179	1
641	753	-145.074	0.000	0.7239	0.6486	1
641	754	-101.048	0.000	0.7852	0.6430	1
641	781	-64.998	0.000	0.7678	0.5503	1
641	791	-63.995	0.000	0.9409	0.8043	1
641	801	28.031	0.000	0.7229	0.7059	1
641	836	40.031	0.000	0.8867	0.8689	1
641	871	-3.995	0.000	0.8857	0.7811	1
641	968	-202.096	0.000	0.7757	0.5273	1
641	973	10.021	0.000	0.8494	0.6989	1
641	975	-1.979	0.000	0.8105	0.6381	1
641	982	-202.096	0.000	0.7830	0.5632	1
641	986	10.021	0.000	0.8453	0.7546	1
641	987	-1.979	0.000	0.8127	0.6472	1
641	1030	-15.959	0.000	0.7860	0.6327	1
641	1032	-128.059	0.000	0.7361	0.6393	1
641	1100	-128.059	0.000	0.7403	0.6446	1
641	1770	68.026	0.000	0.7825	0.6841	1
641	1798	-29.027	0.000	0.7771	0.6707	1
641	1901	82.042	0.000	0.7938	0.7236	1
642	1645	-74.078	0.000	0.8772	0.5391	1
643	645	13.031	0.000	0.7093	0.6407	1
643	1176	-0.036	0.000	0.7718	0.6523	1
643	1228	113.084	0.000	0.7270	0.6291	1
643	1474	15.995	0.000	0.7306	0.6632	1
643	1531	-18.011	0.000	0.7708	0.6806	1
643	1578	42.010	0.000	0.7587	0.6081	1
643	1629	95.037	0.000	0.7734	0.7130	1
643	1644	113.047	0.000	0.7113	0.5173	1
643	1710	11.927	0.000	0.7939	0.7193	1
643	1732	-15.995	0.000	0.7627	0.7106	1
643	1744	56.026	0.000	0.7108	0.5400	1
643	1748	12.000	0.000	0.7833	0.6885	1
643	1770	13.943	0.000	0.7516	0.6750	1
643	1785	11.927	0.000	0.8130	0.7176	1
643	1788	-4.031	0.000	0.7101	0.6099	1
643	1838	13.943	0.000	0.7094	0.6282	1
643	1841	-1.979	0.000	0.7002	0.5618	1
643	1895	39.959	0.000	0.7635	0.5994	1
643	1904	125.011	0.000	0.7044	0.5615	1
643	1930	39.959	0.000	0.7970	0.6107	1
643	1939	53.974	0.000	0.7640	0.5545	1
643	1944	110.996	0.000	0.7726	0.6254	1
643	1945	77.011	0.000	0.7331	0.6111	1
643	1952	95.073	0.000	0.7681	0.6764	1
643	1966	53.974	0.000	0.7859	0.6125	1
643	1968	9.948	0.000	0.7588	0.6155	1
643	1972	-18.047	0.000	0.7300	0.6322	1
643	1986	23.964	0.000	0.7031	0.5180	1
643	2000	110.996	0.000	0.7982	0.5967	1
643	2009	39.959	0.000	0.7838	0.6806	1
643	2015	9.948	0.000	0.7772	0.7149	1
643	2016	53.974	0.000	0.7329	0.6494	1
643	2017	-18.047	0.000	0.7462	0.6603	1
643	2037	9.948	0.000	0.8009	0.6960	1
643	2043	53.974	0.000	0.7492	0.6898	1
643	2055	93.039	0.000	0.7075	0.5479	1
643	2056	-3.048	0.000	0.7557	0.6414	1
643	2059	-3.498	0.000	0.7395	0.6719	1
643	2061	-18.047	0.000	0.7342	0.6230	1
643	2063	125.011	0.000	0.7033	0.5085	1
643	2071	-17.039	0.000	0.7276	0.6391	1
643	2073	-18.023	0.000	0.7921	0.6492	1
643	2081	23.963	0.000	0.7690	0.6661	1
643	2082	-4.032	0.000	0.7632	0.6391	1
643	2093	-4.043	0.000	0.7416	0.6199	1
643	2097	-3.047	0.000	0.7451	0.6386	1
643	2104	38.000	0.000	0.7040	0.5914	1
643	2114	125.011	0.000	0.7012	0.4251	1
643	2116	23.963	0.000	0.7647	0.6371	1
643	2117	-4.032	0.000	0.7256	0.6739	1
643	2142	-3.048	0.000	0.7510	0.6405	1
643	2170	-4.032	0.000	0.7803	0.7004	1
643	2209	127.027	0.000	0.7068	0.4621	1
643	2292	96.021	0.000	0.7116	0.5287	1
643	2293	-34.006	0.000	0.7084	0.6346	1
643	2295	51.995	0.000	0.7306	0.6131	1
643	2309	24.000	0.000	0.7328	0.6799	1
643	2310	95.026	0.000	0.7534	0.6190	1
643	2317	21.984	0.000	0.7143	0.6117	1
643	2333	123.032	0.000	0.7527	0.5751	1
643	2344	24.000	0.000	0.7018	0.6098	1
643	2347	95.037	0.000	0.7534	0.6190	1
643	2353	-6.011	0.000	0.7113	0.6274	1
643	2359	-33.022	0.000	0.7133	0.6164	1
643	2362	95.037	0.000	0.7271	0.6252	1
643	2363	137.048	0.000	0.7197	0.4805	1
643	2387	137.048	0.000	0.7298	0.4409	1
643	2397	96.021	0.000	0.7489	0.5316	1
643	2401	137.048	0.000	0.7036	0.5061	1
643	2403	110.037	0.000	0.7261	0.6554	1
643	2437	-146.143	0.000	0.7724	0.6198	1
643	2459	-3.084	0.000	0.7091	0.5394	1
644	723	14.016	0.000	0.9404	0.8142	1
644	798	23.016	0.000	0.7705	0.6703	1
644	951	85.031	0.000	0.7192	0.4304	1
645	650	-1.003	0.000	0.8346	0.6948	1
645	651	-357.153	0.000	0.8532	0.6507	1
645	656	-71.037	0.000	0.7993	0.5803	1
645	664	-71.037	0.000	0.8099	0.6023	1
645	714	0.984	0.000	0.8936	0.7430	1
645	1114	113.084	0.000	0.8032	0.7266	1
645	1176	-13.068	0.000	0.7365	0.6294	1
645	1196	113.084	0.000	0.7301	0.5110	1
645	1923	95.074	0.000	0.7658	0.6993	1
645	1924	113.084	0.000	0.7346	0.5286	1
646	740	113.085	0.000	0.8810	0.7448	1
646	742	113.085	0.000	0.7084	0.5866	1
646	816	260.153	0.000	0.8216	0.6793	1
647	648	31.972	0.000	0.9213	0.7198	1
647	675	-75.081	0.000	0.7456	0.5958	1
647	851	252.112	0.000	0.7149	0.5396	1
647	913	252.111	0.000	0.7508	0.5949	1
649	667	106.042	0.000	0.8944	0.6071	1
649	682	-24.996	0.000	0.7658	0.4736	1
649	698	-370.223	0.000	0.7186	0.3557	1
649	704	14.015	0.000	0.9753	0.8331	1
649	733	179.095	0.000	0.7615	0.5709	1
649	748	44.059	0.000	0.8497	0.5962	1
649	760	122.074	0.000	0.8182	0.6472	1
649	817	-91.986	0.000	0.7612	0.4347	1
649	851	-56.988	0.000	0.7162	0.3260	1
649	877	-48.032	0.000	0.7079	0.4285	1
649	912	-48.033	0.000	0.7044	0.3950	1
649	913	-56.989	0.000	0.7507	0.3996	1
649	918	30.080	0.000	0.8848	0.6509	1
649	919	-444.135	0.000	0.7668	0.4228	1
649	981	-8.985	0.000	0.8135	0.4794	1
649	1278	14.085	0.000	0.8108	0.5931	1
649	1281	19.046	0.000	0.7683	0.5049	1
652	655	357.153	0.000	0.8269	0.7398	1
653	724	14.016	0.000	0.8620	0.7508	1
653	788	28.031	0.000	0.8301	0.7302	1
653	806	-15.995	0.000	0.8375	0.6571	1
653	825	28.031	0.000	0.7439	0.6041	1
653	867	-58.005	0.000	0.7210	0.5039	1
653	905	-58.005	0.000	0.7834	0.5429	1
653	996	-43.990	0.000	0.7487	0.6987	1
653	1035	-1.979	0.000	0.7614	0.7748	1
653	1061	83.074	0.000	0.7089	0.5051	1
653	1198	-15.958	0.000	0.8528	0.6819	1
653	1369	87.105	0.000	0.7109	0.5060	1
653	1381	-0.959	0.000	0.7089	0.6070	1
654	697	-131.092	0.000	0.7173	0.5913	1
654	861	-129.042	0.000	0.7311	0.6348	1
654	862	74.020	0.000	0.7167	0.6135	1
654	979	-15.995	0.000	0.7365	0.6130	1
654	1453	-128.095	0.000	0.8267	0.7163	1
654	1492	-128.095	0.000	0.8245	0.6718	1
655	786	127.064	0.000	0.7706	0.6925	1
655	839	-36.036	0.000	0.7651	0.7077	1
655	928	99.069	0.000	0.7851	0.5891	1
655	1184	111.032	0.000	0.7299	0.7122	1
655	1385	-17.026	0.000	0.8348	0.7441	1
655	1519	-22.006	0.000	0.7219	0.6243	1
656	664	0.000	0.000	0.9659	0.8890	1
657	729	14.015	0.000	0.9274	0.7795	1
657	732	97.053	0.000	0.7187	0.5325	1
657	734	138.079	0.000	0.7249	0.4558	1
657	763	-30.011	0.000	0.9424	0.7888	1
657	799	-140.058	0.000	0.8214	0.6764	1
657	820	-43.006	0.000	0.7226	0.6205	1
657	841	-15.995	0.000	0.9431	0.8221	1
657	849	-43.006	0.000	0.7310	0.6343	1
657	889	-140.059	0.000	0.8202	0.6707	1
657	959	-140.059	0.000	0.8172	0.6723	1
658	676	-101.049	0.000	0.7687	0.6099	1
658	687	113.084	0.000	0.7671	0.5394	1
658	705	-30.012	0.000	0.9347	0.8274	1
658	720	99.069	0.000	0.8483	0.7731	1
658	753	-72.021	0.000	0.7631	0.7867	1
658	836	113.085	0.000	0.7077	0.6114	1
658	977	182.165	0.000	0.7302	0.4726	1
658	990	182.142	0.000	0.7389	0.5276	1
658	1185	44.063	0.000	0.7081	0.5547	1
659	669	9.973	0.000	0.7217	0.5290	1
659	672	-138.137	0.000	0.7031	0.5733	1
659	675	-99.069	0.000	0.7342	0.6715	1
659	682	260.115	0.000	0.7455	0.4506	1
659	684	-157.023	0.000	0.7023	0.4982	1
659	695	-198.138	0.000	0.7037	0.6487	1
659	700	-150.137	0.000	0.7173	0.5284	1
659	760	407.185	0.000	0.7698	0.4502	1
659	925	-211.096	0.000	0.7113	0.6105	1
660	999	-129.043	0.000	0.7454	0.5898	1
660	1494	-58.060	0.000	0.7533	0.6682	1
661	701	-285.169	0.000	0.7619	0.4771	1
661	706	-391.211	0.000	0.7584	0.5831	1
661	713	99.069	0.000	0.9370	0.7129	1
661	716	-311.185	0.000	0.8684	0.6575	1
661	741	-361.165	0.000	0.7729	0.4999	1
661	801	113.085	0.000	0.8078	0.6866	1
661	866	198.137	0.000	0.8329	0.6041	1
662	941	14.016	0.000	0.8822	0.8058	1
663	703	-0.000	0.000	0.9898	0.9424	1
663	768	15.029	0.000	0.7106	0.5321	1
663	769	-33.984	0.000	0.9497	0.8118	1
663	770	16.032	0.000	0.9300	0.8208	1
663	772	15.140	0.000	0.7009	0.5153	1
663	860	16.031	0.000	0.9409	0.8307	1
663	1016	42.047	0.000	0.9086	0.7542	1
663	1058	-210.137	0.000	0.7020	0.4697	1
663	1136	56.063	0.000	0.8190	0.7059	1
663	1487	-1.943	0.000	0.7221	0.5820	1
663	1598	-17.963	0.000	0.7888	0.6463	1
663	1626	-0.000	0.000	0.9649	0.8992	1
663	1634	-18.011	0.000	0.8024	0.7148	1
663	1779	-147.053	0.000	0.7920	0.5073	1
663	1810	-89.048	0.000	0.7232	0.5077	1
663	1829	-133.037	0.000	0.7878	0.5277	1
663	1915	-146.069	0.000	0.7896	0.5577	1
663	1950	-105.042	0.000	0.7083	0.5115	1
663	2035	16.031	0.000	0.9254	0.7803	1
663	2070	-146.069	0.000	0.7319	0.4812	1
663	2101	95.074	0.000	0.7207	0.4715	1
663	2125	42.047	0.000	0.9360	0.8411	1
663	2297	95.074	0.000	0.7102	0.4525	1
664	714	72.021	0.000	0.7013	0.5498	1
664	1139	97.017	0.000	0.7100	0.5896	1
665	671	33.984	0.000	0.9539	0.7966	1
665	679	48.000	0.000	0.9308	0.5906	1
665	696	-2.016	0.000	0.8733	0.6051	1
665	710	50.016	0.000	0.8852	0.6787	1
665	725	50.052	0.000	0.7061	0.5296	1
665	733	-63.068	0.000	0.7555	0.5518	1
665	794	-23.037	0.000	0.7187	0.6216	1
665	804	-73.052	0.000	0.7027	0.5908	1
665	837	-23.037	0.000	0.7780	0.4904	1
665	847	-39.011	0.000	0.8735	0.5536	1
665	869	-71.037	0.000	0.7322	0.5753	1
665	917	33.984	0.000	0.9621	0.7784	1
665	1111	-15.995	0.000	0.8765	0.5999	1
665	1238	19.010	0.000	0.7722	0.6621	1
665	1362	19.010	0.000	0.8078	0.6275	1
665	1551	-38.012	0.000	0.7449	0.3930	1
665	1599	-40.006	0.000	0.8499	0.4932	1
665	1642	33.025	0.000	0.9114	0.5986	1
665	1681	33.025	0.000	0.9094	0.6236	1
665	1713	-69.006	0.000	0.7660	0.4266	1
665	1728	-68.022	0.000	0.7091	0.3527	1
665	1873	34.010	0.000	0.7021	0.5570	1
666	709	25.068	0.000	0.8950	0.8236	1
666	1098	353.160	0.000	0.7533	0.5379	1
666	1115	111.033	0.000	0.8722	0.7813	1
666	1266	224.116	0.000	0.7892	0.6976	1
667	669	-381.181	0.000	0.7185	0.5402	1
667	680	-132.040	0.000	0.7196	0.5093	1
667	682	-131.038	0.000	0.8434	0.7114	1
667	687	14.015	0.000	0.8835	0.7320	1
667	698	-476.265	0.000	0.7433	0.5493	1
667	700	-541.291	0.000	0.7323	0.5440	1
667	704	-92.026	0.000	0.9097	0.6769	1
667	720	0.000	0.000	0.7179	0.7218	1
667	733	73.053	0.000	0.8265	0.6911	1
667	748	-61.982	0.000	0.8582	0.5782	1
667	749	-522.218	0.000	0.7730	0.4370	1
667	758	-43.006	0.000	0.7105	0.5940	1
667	760	16.032	0.000	0.8551	0.6857	1
667	778	-33.984	0.000	0.9380	0.6668	1
667	817	-198.028	0.000	0.7632	0.4511	1
667	851	-163.030	0.000	0.7598	0.4117	1
667	877	-154.074	0.000	0.7048	0.4795	1
667	913	-163.031	0.000	0.7558	0.4348	1
667	915	113.084	0.000	0.8854	0.7418	1
667	918	-75.962	0.000	0.8811	0.5780	1
667	919	-550.177	0.000	0.7848	0.4783	1
667	929	-114.044	0.000	0.7513	0.5189	1
667	940	-147.032	0.000	0.7279	0.6000	1
667	981	-115.027	0.000	0.9151	0.7070	1
667	983	-116.030	0.000	0.7575	0.5409	1
667	991	-49.979	0.000	0.9388	0.6821	1
667	1001	113.084	0.000	0.8515	0.6824	1
667	1050	-269.101	0.000	0.7117	0.4318	1
667	1241	-14.974	0.000	0.8128	0.5556	1
667	1278	-91.957	0.000	0.7826	0.4827	1
667	1281	-86.995	0.000	0.7565	0.4632	1
667	1486	82.079	0.000	0.7037	0.6298	1
667	1838	42.011	0.000	0.7117	0.6504	1
667	1964	73.078	0.000	0.7138	0.6764	1
667	2066	54.036	0.000	0.7082	0.6818	1
668	892	76.031	0.000	0.7042	0.6598	1
668	965	15.959	0.000	0.7311	0.5655	1
668	1404	26.005	0.000	0.7412	0.5281	1
669	672	-148.110	0.000	0.9446	0.7809	1
669	675	-109.042	0.000	0.7955	0.6564	1
669	680	249.141	0.000	0.7193	0.5761	1
669	681	-279.148	0.000	0.8464	0.6824	1
669	682	250.143	0.000	0.8523	0.6924	1
669	684	-166.996	0.000	0.9376	0.7520	1
669	685	-134.095	0.000	0.9425	0.7978	1
669	695	-208.110	0.000	0.8281	0.6307	1
669	699	-240.137	0.000	0.8434	0.7066	1
669	700	-160.110	0.000	0.9417	0.8030	1
669	752	-210.089	0.000	0.7700	0.5645	1
669	760	397.213	0.000	0.7273	0.4103	1
670	1197	0.000	0.000	0.7383	0.5521	1
671	674	-71.037	0.000	0.7728	0.6652	1
671	710	16.031	0.000	0.8829	0.7087	1
671	733	-97.052	0.000	0.7348	0.6503	1
671	794	-57.021	0.000	0.7159	0.4821	1
671	798	-66.010	0.000	0.8984	0.5804	1
671	837	-57.022	0.000	0.8371	0.6947	1
671	847	-72.995	0.000	0.8868	0.5638	1
671	917	0.000	0.000	0.9805	0.8099	1
671	951	-3.995	0.000	0.8136	0.6585	1
671	1034	42.047	0.000	0.9552	0.7680	1
671	1111	-49.979	0.000	0.9298	0.7299	1
671	1184	-115.027	0.000	0.7741	0.5538	1
671	1238	-14.974	0.000	0.7891	0.6580	1
671	1362	-14.974	0.000	0.8229	0.5701	1
671	1377	56.063	0.000	0.9744	0.7314	1
671	1414	-15.958	0.000	0.9737	0.7841	1
671	1459	-1.943	0.000	0.9727	0.7860	1
671	1472	-44.985	0.000	0.7856	0.5011	1
671	1547	26.052	0.000	0.9679	0.7252	1
671	1554	-72.980	0.000	0.8313	0.4941	1
671	1570	-15.978	0.000	0.7407	0.4884	1
671	1576	-14.975	0.000	0.7929	0.6824	1
671	1598	-39.959	0.000	0.8585	0.5572	1
671	1642	-0.959	0.000	0.9461	0.6956	1
671	1681	-0.959	0.000	0.9526	0.8027	1
671	1713	-102.991	0.000	0.7919	0.4696	1
671	1717	12.036	0.000	0.9107	0.7287	1
671	1792	-15.011	0.000	0.7287	0.5962	1
671	1804	70.078	0.000	0.8226	0.6955	1
672	675	39.068	0.000	0.8053	0.6871	1
672	677	145.053	0.000	0.7675	0.6006	1
672	681	-131.038	0.000	0.8998	0.7924	1
672	682	398.253	0.000	0.8274	0.8037	1
672	684	-18.886	0.000	0.9609	0.7764	1
672	685	14.015	0.000	0.9816	0.8665	1
672	695	-60.000	0.000	0.8294	0.6233	1
672	699	-92.027	0.000	0.8848	0.7811	1
672	700	-12.000	0.000	0.9496	0.8142	1
672	752	-61.979	0.000	0.7669	0.5680	1
673	676	36.010	0.000	0.7651	0.5045	1
673	677	-148.110	0.000	0.7232	0.5528	1
673	686	-134.095	0.000	0.7745	0.5654	1
673	774	16.031	0.000	0.7892	0.6685	1
674	715	-240.148	0.000	0.7377	0.3762	1
674	733	-26.015	0.000	0.7688	0.6362	1
674	734	-260.116	0.000	0.7554	0.3599	1
674	754	-226.132	0.000	0.7360	0.3483	1
674	794	14.016	0.000	0.9487	0.7011	1
674	836	-85.052	0.000	0.7080	0.4082	1
674	837	14.016	0.000	0.9623	0.7749	1
674	871	-129.079	0.000	0.7963	0.4124	1
674	917	71.037	0.000	0.7728	0.6457	1
674	974	-246.068	0.000	0.7079	0.3212	1
674	975	-127.063	0.000	0.7576	0.4418	1
674	976	-170.106	0.000	0.7393	0.4323	1
674	986	-115.063	0.000	0.7527	0.3932	1
674	988	-170.106	0.000	0.7303	0.3951	1
674	998	-228.111	0.000	0.7111	0.3887	1
674	1184	-43.990	0.000	0.7278	0.5001	1
674	1472	26.052	0.000	0.8229	0.5955	1
674	1498	-14.974	0.000	0.7581	0.5170	1
674	1551	-0.959	0.000	0.7604	0.4978	1
674	1554	-1.943	0.000	0.7068	0.4839	1
674	1770	-57.058	0.000	0.7821	0.4882	1
675	684	-57.954	0.000	0.7511	0.5547	1
675	685	-25.053	0.000	0.7651	0.6470	1
675	695	-99.068	0.000	0.9217	0.8054	1
675	700	-51.068	0.000	0.7703	0.6540	1
675	752	-101.047	0.000	0.7716	0.7554	1
676	677	-184.121	0.000	0.8491	0.6739	1
676	686	-170.106	0.000	0.7419	0.6549	1
676	687	214.133	0.000	0.8766	0.7577	1
676	688	-203.006	0.000	0.9564	0.7727	1
676	698	-276.147	0.000	0.7211	0.5848	1
676	705	71.037	0.000	0.7440	0.5695	1
676	774	-19.979	0.000	0.7506	0.5091	1
676	846	28.105	0.000	0.7248	0.6274	1
676	902	28.105	0.000	0.7510	0.6654	1
676	1162	168.128	0.000	0.7541	0.6287	1
676	1185	145.112	0.000	0.7259	0.5027	1
676	1251	155.132	0.000	0.7005	0.4949	1
676	1530	182.180	0.000	0.7282	0.6091	1
677	686	14.015	0.000	0.8871	0.8466	1
677	687	398.254	0.000	0.7330	0.5542	1
677	688	-18.885	0.000	0.8518	0.7108	1
677	698	-92.026	0.000	0.9377	0.8439	1
678	702	-0.000	0.000	0.9742	0.8406	1
678	818	-83.073	0.000	0.8598	0.7707	1
678	844	-83.074	0.000	0.8631	0.7853	1
678	930	159.053	0.000	0.7746	0.6441	1
678	961	159.054	0.000	0.7677	0.5838	1
678	1397	27.959	0.000	0.7022	0.7744	1
678	1494	-101.085	0.000	0.7320	0.6225	1
678	1640	-72.031	0.000	0.8211	0.5421	1
678	1664	-1.032	0.000	0.7745	0.7909	1
678	1671	199.048	0.000	0.7735	0.5335	1
678	1826	213.064	0.000	0.7400	0.5495	1
678	1852	141.043	0.000	0.8060	0.6709	1
678	1854	159.053	0.000	0.7840	0.6559	1
678	1857	142.027	0.000	0.7189	0.6976	1
678	1882	-17.027	0.000	0.7450	0.7547	1
678	1913	183.054	0.000	0.7084	0.6128	1
678	1940	-17.027	0.000	0.7348	0.7625	1
678	1957	12.000	0.000	0.8582	0.7617	1
678	2080	-103.027	0.000	0.7888	0.7136	1
679	721	-2.015	0.000	0.9227	0.6136	1
679	1414	-29.974	0.000	0.9728	0.7344	1
679	1681	-14.974	0.000	0.9502	0.7087	1
680	682	1.002	0.000	0.8712	0.7917	1
680	683	-1.003	0.000	0.9342	0.8497	1
680	684	-416.137	0.000	0.7155	0.5868	1
680	700	-409.251	0.000	0.7589	0.6029	1
680	760	148.072	0.000	0.7562	0.4865	1
680	812	-56.019	0.000	0.7590	0.7013	1
680	862	114.087	0.000	0.7077	0.5996	1
680	983	16.010	0.000	0.7479	0.5432	1
680	1257	34.029	0.000	0.7229	0.5774	1
681	684	112.152	0.000	0.8602	0.6689	1
681	685	145.053	0.000	0.9043	0.7635	1
681	691	-10.042	0.000	0.7402	0.6408	1
681	695	71.038	0.000	0.7208	0.5528	1
681	699	39.011	0.000	0.9765	0.8070	1
681	700	119.038	0.000	0.8419	0.7278	1
682	683	-2.004	0.000	0.7761	0.6517	1
682	684	-417.138	0.000	0.8519	0.6568	1
682	685	-384.238	0.000	0.7962	0.6818	1
682	700	-410.253	0.000	0.9174	0.7901	1
682	704	39.012	0.000	0.7792	0.5657	1
682	732	-71.036	0.000	0.8448	0.6905	1
682	733	204.091	0.000	0.7011	0.5768	1
682	748	69.056	0.000	0.7540	0.5063	1
682	760	147.070	0.000	0.8632	0.6443	1
682	812	-57.021	0.000	0.8663	0.7567	1
682	850	-101.047	0.000	0.8275	0.6908	1
682	862	113.085	0.000	0.8430	0.7799	1
682	907	-87.031	0.000	0.8431	0.7022	1
682	918	55.076	0.000	0.7536	0.4840	1
682	981	16.011	0.000	0.7982	0.6089	1
682	985	-114.042	0.000	0.8020	0.6610	1
682	1278	39.081	0.000	0.7029	0.4642	1
683	812	-55.016	0.000	0.7486	0.6780	1
683	983	17.012	0.000	0.7101	0.4592	1
684	685	32.901	0.000	0.9597	0.7834	1
684	695	-41.114	0.000	0.8082	0.6060	1
684	699	-73.141	0.000	0.8510	0.6645	1
684	700	6.886	0.000	0.9462	0.7742	1
684	752	-43.093	0.000	0.7663	0.5378	1
684	760	564.208	0.000	0.7430	0.4352	1
685	695	-74.015	0.000	0.8056	0.6010	1
685	698	39.011	0.000	0.7659	0.6500	1
685	699	-106.042	0.000	0.8921	0.7825	1
685	700	-26.015	0.000	0.9450	0.8227	1
685	752	-75.994	0.000	0.7528	0.5270	1
686	687	384.238	0.000	0.8220	0.6441	1
686	688	-32.901	0.000	0.9611	0.7786	1
686	698	-106.042	0.000	0.7349	0.6658	1
686	774	150.127	0.000	0.7351	0.5043	1
687	688	-417.139	0.000	0.8152	0.6217	1
687	705	-143.095	0.000	0.7539	0.6255	1
687	735	0.000	0.000	0.7450	0.7576	1
687	758	-57.021	0.000	0.8327	0.7512	1
687	778	-47.999	0.000	0.8073	0.5132	1
687	914	-87.032	0.000	0.7820	0.7340	1
687	915	99.069	0.000	0.8122	0.6535	1
687	977	69.081	0.000	0.7998	0.7033	1
687	990	69.058	0.000	0.8301	0.7766	1
687	991	-63.995	0.000	0.8053	0.5415	1
687	992	-246.122	0.000	0.7429	0.5263	1
687	993	-114.043	0.000	0.7677	0.7102	1
687	1066	113.085	0.000	0.7774	0.5754	1
687	1185	-69.021	0.000	0.7461	0.5212	1
687	1241	-28.990	0.000	0.7670	0.5390	1
687	1528	-128.095	0.000	0.7186	0.5827	1
687	1767	-29.026	0.000	0.7755	0.6124	1
688	698	-73.141	0.000	0.7094	0.5772	1
689	719	-0.082	0.000	0.9393	0.9383	1
689	1349	42.978	0.000	0.7249	0.6520	1
689	2080	-102.024	0.000	0.7062	0.6256	1
691	694	145.053	0.000	0.7860	0.7839	1
691	717	119.038	0.000	0.7769	0.7455	1
691	718	-10.041	0.000	0.8428	0.8028	1
691	730	-23.036	0.000	0.8804	0.8199	1
694	715	384.238	0.000	0.8121	0.7303	1
694	717	-26.015	0.000	0.9605	0.8547	1
694	718	-155.094	0.000	0.9063	0.8197	1
694	730	-168.089	0.000	0.8360	0.7970	1
694	887	270.195	0.000	0.7413	0.6902	1
695	699	-32.026	0.000	0.7356	0.6713	1
695	700	48.000	0.000	0.8125	0.6493	1
695	711	119.037	0.000	0.7226	0.7034	1
695	752	-1.978	0.000	0.7134	0.6048	1
696	721	48.001	0.000	0.9162	0.6410	1
696	804	-71.036	0.000	0.7409	0.6250	1
696	854	-63.994	0.000	0.8536	0.6263	1
696	875	-57.021	0.000	0.7112	0.6555	1
696	1186	12.037	0.000	0.7357	0.5877	1
696	1273	82.042	0.000	0.7697	0.5260	1
696	1374	18.026	0.000	0.8383	0.5921	1
696	1399	32.042	0.000	0.8674	0.5952	1
696	1482	60.037	0.000	0.8811	0.5831	1
696	1511	19.010	0.000	0.7061	0.6154	1
696	1560	33.026	0.000	0.8817	0.5865	1
696	1599	-37.990	0.000	0.8266	0.6147	1
697	704	131.037	0.000	0.7424	0.4546	1
697	775	34.020	0.000	0.7434	0.5874	1
697	861	2.049	0.000	0.8405	0.6038	1
697	1200	-13.946	0.000	0.7309	0.4556	1
698	704	384.238	0.000	0.7530	0.4372	1
699	700	80.027	0.000	0.8350	0.7220	1
700	706	39.011	0.000	0.7216	0.5730	1
700	752	-49.979	0.000	0.7950	0.6627	1
700	760	557.323	0.000	0.7577	0.4523	1
701	706	-106.042	0.000	0.7798	0.5529	1
701	713	384.238	0.000	0.7880	0.4182	1
701	716	-26.015	0.000	0.8710	0.6544	1
701	741	-75.995	0.000	0.7599	0.4820	1
702	818	-83.073	0.000	0.8577	0.7301	1
702	844	-83.073	0.000	0.8617	0.7546	1
702	930	159.053	0.000	0.7926	0.7079	1
702	961	159.054	0.000	0.7846	0.6390	1
702	1397	27.959	0.000	0.7024	0.7590	1
702	1494	-101.085	0.000	0.7277	0.5666	1
702	1640	-72.031	0.000	0.8211	0.5708	1
702	1664	-1.032	0.000	0.7541	0.6879	1
702	1671	199.048	0.000	0.7616	0.5507	1
702	1826	213.064	0.000	0.7236	0.5674	1
702	1852	141.043	0.000	0.8261	0.7334	1
702	1854	159.053	0.000	0.8009	0.7162	1
702	1857	142.027	0.000	0.7507	0.7657	1
702	1882	-17.027	0.000	0.7241	0.6428	1
702	1940	-17.027	0.000	0.7104	0.6499	1
702	1957	12.000	0.000	0.8616	0.7369	1
702	2080	-103.027	0.000	0.7820	0.6635	1
703	768	15.029	0.000	0.7098	0.5321	1
703	769	-33.984	0.000	0.9553	0.8196	1
703	770	16.032	0.000	0.9395	0.8419	1
703	772	15.140	0.000	0.7048	0.5336	1
703	860	16.031	0.000	0.9446	0.8454	1
703	1016	42.047	0.000	0.8968	0.7672	1
703	1136	56.063	0.000	0.8124	0.7657	1
703	1487	-1.943	0.000	0.7182	0.5820	1
703	1598	-17.963	0.000	0.7874	0.6463	1
703	1599	-51.995	0.000	0.7098	0.6232	1
703	1626	-0.000	0.000	0.9754	0.9182	1
703	1634	-18.011	0.000	0.8000	0.7161	1
703	1779	-147.053	0.000	0.7868	0.5073	1
703	1810	-89.048	0.000	0.7332	0.5077	1
703	1829	-133.037	0.000	0.7811	0.5277	1
703	1915	-146.069	0.000	0.7779	0.5577	1
703	1950	-105.042	0.000	0.7075	0.4920	1
703	2035	16.031	0.000	0.9360	0.8116	1
703	2070	-146.069	0.000	0.7238	0.4710	1
703	2101	95.074	0.000	0.7260	0.4757	1
703	2125	42.047	0.000	0.9303	0.8800	1
703	2297	95.074	0.000	0.7146	0.4508	1
704	733	165.080	0.000	0.7382	0.4815	1
704	748	30.044	0.000	0.8620	0.6390	1
704	749	-430.191	0.000	0.7538	0.3899	1
704	760	108.058	0.000	0.8097	0.6163	1
704	817	-106.001	0.000	0.7419	0.4254	1
704	848	-57.021	0.000	0.8556	0.6297	1
704	851	-71.004	0.000	0.7381	0.3613	1
704	888	113.085	0.000	0.8119	0.7119	1
704	913	-71.004	0.000	0.7525	0.4161	1
704	918	16.064	0.000	0.8727	0.6030	1
704	919	-458.150	0.000	0.7595	0.4214	1
704	923	113.085	0.000	0.7957	0.7009	1
704	929	-22.017	0.000	0.7365	0.3994	1
704	981	-23.001	0.000	0.9034	0.6086	1
704	983	-24.004	0.000	0.7306	0.4375	1
704	1278	0.070	0.000	0.7765	0.4430	1
704	1281	5.031	0.000	0.7480	0.4575	1
705	753	-42.009	0.000	0.7219	0.7134	1
705	757	99.070	0.000	0.8347	0.7505	1
705	977	212.177	0.000	0.7013	0.4771	1
705	990	212.154	0.000	0.8002	0.6440	1
705	1185	74.075	0.000	0.7159	0.5609	1
706	713	490.280	0.000	0.7692	0.4700	1
706	716	80.026	0.000	0.8523	0.7562	1
706	733	575.333	0.000	0.7335	0.5206	1
706	741	30.047	0.000	0.8679	0.5478	1
707	712	-1.003	0.000	0.9268	0.8159	1
707	715	1.003	0.000	0.8681	0.7273	1
707	733	215.135	0.000	0.7093	0.5082	1
707	754	15.018	0.000	0.8100	0.6045	1
707	781	51.068	0.000	0.7573	0.6980	1
707	871	112.071	0.000	0.8054	0.6425	1
707	881	-12.996	0.000	0.7147	0.6232	1
707	884	-127.055	0.000	0.7342	0.5307	1
707	912	-11.993	0.000	0.7121	0.6501	1
707	975	114.087	0.000	0.8308	0.6169	1
707	987	114.087	0.000	0.8274	0.5891	1
707	1202	184.129	0.000	0.7064	0.4605	1
707	1250	-33.941	0.000	0.7542	0.5782	1
707	1269	-33.941	0.000	0.7690	0.5712	1
707	1794	86.037	0.000	0.8903	0.7551	1
707	1798	87.040	0.000	0.7761	0.5402	1
708	711	-410.254	0.000	0.7754	0.6352	1
708	740	-396.237	0.000	0.7343	0.4391	1
708	742	-396.237	0.000	0.7761	0.4257	1
708	778	26.016	0.000	0.8474	0.7272	1
708	794	173.085	0.000	0.7434	0.4462	1
708	821	-129.042	0.000	0.7697	0.5651	1
708	836	74.016	0.000	0.8124	0.6241	1
708	866	147.069	0.000	0.9257	0.7451	1
708	869	125.085	0.000	0.7698	0.5785	1
708	870	-292.106	0.000	0.7394	0.4892	1
708	949	-31.990	0.000	0.8369	0.7363	1
708	957	-524.297	0.000	0.7073	0.3396	1
708	973	44.005	0.000	0.7806	0.6312	1
708	986	44.006	0.000	0.7790	0.5731	1
708	1023	2.979	0.000	0.7113	0.4559	1
708	1207	19.010	0.000	0.7150	0.6021	1
708	1261	130.079	0.000	0.8277	0.6788	1
708	1387	130.246	0.000	0.8806	0.7531	1
708	1403	130.079	0.000	0.8838	0.7600	1
708	1407	116.063	0.000	0.8737	0.7744	1
708	1556	28.047	0.000	0.8606	0.6773	1
709	1098	328.092	0.000	0.7882	0.5205	1
709	1115	85.964	0.000	0.8474	0.7178	1
709	1266	199.048	0.000	0.7925	0.6560	1
709	1471	312.133	0.000	0.7135	0.4699	1
709	1716	225.100	0.000	0.7489	0.5153	1
710	725	0.036	0.000	0.8495	0.8881	1
710	733	-113.084	0.000	0.8004	0.4862	1
710	792	-16.031	0.000	0.8495	0.7128	1
710	794	-73.052	0.000	0.7474	0.6369	1
710	813	-87.068	0.000	0.7224	0.6197	1
710	837	-73.053	0.000	0.7966	0.6774	1
710	847	-89.026	0.000	0.8673	0.5255	1
710	917	-16.031	0.000	0.8992	0.7197	1
710	1034	26.016	0.000	0.9064	0.7147	1
710	1238	-31.006	0.000	0.8878	0.6428	1
710	1362	-31.006	0.000	0.8840	0.6853	1
710	1369	-15.995	0.000	0.8557	0.7689	1
710	1414	-31.990	0.000	0.9017	0.6445	1
710	1437	-128.059	0.000	0.7514	0.4343	1
710	1459	-17.974	0.000	0.8696	0.6491	1
710	1470	-13.979	0.000	0.7850	0.6388	1
710	1472	-61.016	0.000	0.8342	0.6107	1
710	1518	-49.983	0.000	0.7681	0.4515	1
710	1551	-88.027	0.000	0.7740	0.4558	1
710	1554	-89.011	0.000	0.7908	0.4216	1
710	1570	-32.009	0.000	0.7577	0.4596	1
710	1600	-61.016	0.000	0.7102	0.5987	1
710	1693	-31.006	0.000	0.7778	0.5416	1
710	1699	-88.027	0.000	0.7371	0.4479	1
710	1713	-119.022	0.000	0.8446	0.5981	1
710	1728	-118.038	0.000	0.7205	0.3745	1
710	1792	-31.042	0.000	0.8090	0.5900	1
710	1873	-16.006	0.000	0.7530	0.4949	1
710	1935	-31.042	0.000	0.7805	0.5908	1
710	2028	-128.095	0.000	0.7313	0.3857	1
710	2036	-40.006	0.000	0.8541	0.5548	1
710	2092	-59.048	0.000	0.7549	0.4858	1
710	2173	38.578	0.000	0.7837	0.6477	1
710	2236	-59.048	0.000	0.7049	0.3845	1
710	2251	-40.006	0.000	0.8743	0.5821	1
710	2314	-40.006	0.000	0.8503	0.5153	1
711	740	14.017	0.000	0.7096	0.5722	1
712	715	2.005	0.000	0.8054	0.6316	1
712	754	16.021	0.000	0.7404	0.4941	1
712	781	52.071	0.000	0.7297	0.6214	1
712	871	113.074	0.000	0.7437	0.5557	1
712	881	-11.993	0.000	0.7269	0.6127	1
712	975	115.089	0.000	0.7754	0.5322	1
712	987	115.090	0.000	0.7877	0.5621	1
712	1794	87.039	0.000	0.8434	0.7032	1
712	1798	88.042	0.000	0.7214	0.4981	1
713	716	-410.253	0.000	0.9085	0.6456	1
713	741	-460.233	0.000	0.7520	0.3371	1
713	801	14.016	0.000	0.7748	0.4982	1
713	803	-234.101	0.000	0.7882	0.4289	1
713	866	99.069	0.000	0.8313	0.7383	1
714	1176	-14.052	0.000	0.7248	0.6697	1
714	1381	39.995	0.000	0.7494	0.6921	1
714	1412	54.011	0.000	0.8739	0.6132	1
714	1507	24.000	0.000	0.8273	0.6985	1
714	1560	125.048	0.000	0.7256	0.4923	1
714	1609	68.026	0.000	0.7582	0.5205	1
714	1877	153.079	0.000	0.7661	0.4232	1
714	2138	-19.954	0.000	0.7208	0.6203	1
714	2172	-19.954	0.000	0.7084	0.6394	1
715	717	-410.253	0.000	0.7269	0.6315	1
715	733	214.132	0.000	0.8067	0.6391	1
715	751	-425.227	0.000	0.7523	0.4783	1
715	754	14.015	0.000	0.9512	0.7811	1
715	791	51.069	0.000	0.7582	0.6613	1
715	837	254.163	0.000	0.7286	0.3712	1
715	850	-91.006	0.000	0.7348	0.6643	1
715	871	111.069	0.000	0.8863	0.7584	1
715	873	16.031	0.000	0.7182	0.6363	1
715	884	-128.058	0.000	0.8523	0.6022	1
715	887	-114.043	0.000	0.8818	0.7977	1
715	975	113.084	0.000	0.9368	0.7837	1
715	976	70.042	0.000	0.7630	0.5454	1
715	987	113.084	0.000	0.9466	0.8148	1
715	988	70.042	0.000	0.7753	0.5610	1
715	998	12.036	0.000	0.7067	0.5523	1
715	1202	183.126	0.000	0.7985	0.5978	1
715	1770	183.090	0.000	0.7599	0.5787	1
715	1794	85.034	0.000	0.7668	0.5858	1
715	1798	86.037	0.000	0.8967	0.7322	1
716	741	-49.980	0.000	0.8163	0.4640	1
716	801	424.269	0.000	0.7186	0.4963	1
716	866	509.322	0.000	0.7770	0.5601	1
717	718	-129.079	0.000	0.8914	0.7467	1
717	730	-142.075	0.000	0.8309	0.7715	1
718	730	-12.995	0.000	0.9129	0.8544	1
719	815	99.068	0.000	0.7826	0.4901	1
719	1349	43.060	0.000	0.7140	0.6288	1
720	733	73.053	0.000	0.7373	0.5841	1
720	753	-171.089	0.000	0.7426	0.6736	1
720	757	-30.010	0.000	0.8150	0.7010	1
720	801	2.016	0.000	0.7312	0.7081	1
720	813	99.069	0.000	0.7274	0.5525	1
720	836	14.016	0.000	0.7348	0.7372	1
720	871	-30.010	0.000	0.7507	0.6905	1
720	872	-58.005	0.000	0.7408	0.6005	1
720	940	-147.032	0.000	0.7069	0.5624	1
720	973	-15.995	0.000	0.7558	0.7031	1
720	974	-146.999	0.000	0.7404	0.6260	1
720	981	-115.027	0.000	0.7100	0.7099	1
720	986	-15.995	0.000	0.7842	0.7644	1
720	991	-49.979	0.000	0.7098	0.5601	1
720	1001	113.084	0.000	0.7187	0.6797	1
720	1651	-57.058	0.000	0.7197	0.5890	1
720	2066	54.036	0.000	0.7502	0.6608	1
721	906	-63.995	0.000	0.9155	0.5813	1
721	1017	-158.069	0.000	0.7049	0.4177	1
721	1172	-115.027	0.000	0.7356	0.4920	1
721	1215	42.047	0.000	0.8035	0.7383	1
721	1374	-29.974	0.000	0.8276	0.5906	1
721	1399	-15.958	0.000	0.9455	0.7544	1
721	1482	12.036	0.000	0.9628	0.7954	1
721	1499	60.058	0.000	0.8398	0.6783	1
721	1560	-14.974	0.000	0.8454	0.7018	1
721	1848	-37.990	0.000	0.8958	0.6128	1
721	2062	-12.000	0.000	0.9108	0.6312	1
723	906	23.016	0.000	0.7257	0.5751	1
724	777	-30.010	0.000	0.7801	0.6204	1
724	788	14.016	0.000	0.9352	0.8656	1
724	797	-57.021	0.000	0.7225	0.6354	1
724	806	-30.010	0.000	0.7337	0.6154	1
724	813	2.016	0.000	0.7467	0.7712	1
724	825	14.016	0.000	0.8395	0.7390	1
724	874	-30.010	0.000	0.7922	0.6326	1
724	896	-58.005	0.000	0.7298	0.5831	1
724	898	-15.995	0.000	0.8476	0.7123	1
724	996	-58.005	0.000	0.8369	0.7551	1
724	1035	-15.995	0.000	0.7637	0.8782	1
724	1133	-43.990	0.000	0.7087	0.6144	1
724	1160	-43.990	0.000	0.7100	0.6115	1
724	1198	-29.974	0.000	0.8677	0.7638	1
724	1246	-29.974	0.000	0.7059	0.6532	1
724	1359	-15.958	0.000	0.7210	0.7101	1
724	1369	73.089	0.000	0.7091	0.5365	1
724	1381	-14.974	0.000	0.7913	0.7793	1
725	847	-89.063	0.000	0.7138	0.5005	1
725	1034	25.979	0.000	0.7150	0.5354	1
725	1362	-31.042	0.000	0.7783	0.5680	1
725	1369	-16.031	0.000	0.7372	0.7243	1
725	1693	-31.042	0.000	0.7407	0.5696	1
725	1717	-4.031	0.000	0.7255	0.5261	1
725	1792	-31.078	0.000	0.7067	0.4669	1
725	1804	54.011	0.000	0.7018	0.5196	1
725	1935	-31.078	0.000	0.7111	0.5163	1
726	796	-27.995	0.000	0.7178	0.6680	1
726	892	14.016	0.000	0.8320	0.8435	1
727	801	33.988	0.000	0.8717	0.7310	1
727	813	131.041	0.000	0.8114	0.7159	1
727	1208	-15.995	0.000	0.8767	0.7774	1
727	1232	2.982	0.000	0.8755	0.7180	1
727	1390	-184.049	0.000	0.7107	0.4630	1
727	1632	-94.108	0.000	0.7624	0.5323	1
727	1713	99.087	0.000	0.7086	0.5774	1
727	1784	-94.108	0.000	0.7494	0.5245	1
727	1860	71.992	0.000	0.7148	0.5825	1
727	1899	71.992	0.000	0.7171	0.5879	1
727	1981	71.992	0.000	0.7148	0.6084	1
728	765	113.084	0.000	0.7426	0.6203	1
728	787	14.016	0.000	0.9579	0.8143	1
728	936	113.083	0.000	0.8464	0.6973	1
728	1022	56.062	0.000	0.9090	0.7976	1
728	1023	309.206	0.000	0.8751	0.7204	1
728	1907	181.111	0.000	0.8136	0.6240	1
729	734	124.064	0.000	0.7280	0.4791	1
729	763	-44.026	0.000	0.9134	0.7109	1
729	799	-154.073	0.000	0.7219	0.5977	1
729	812	97.053	0.000	0.7471	0.5658	1
729	841	-30.010	0.000	0.9216	0.7423	1
729	889	-154.074	0.000	0.7309	0.6098	1
729	959	-154.074	0.000	0.7157	0.5587	1
729	985	40.032	0.000	0.7350	0.6114	1
730	739	-12.996	0.000	0.7067	0.6456	1
730	755	51.069	0.000	0.8213	0.7160	1
731	978	-206.051	0.000	0.7405	0.4782	1
731	1031	36.057	0.000	0.7929	0.6030	1
731	1111	245.175	0.000	0.7779	0.3298	1
731	1156	36.058	0.000	0.7923	0.5569	1
731	1159	35.055	0.000	0.7514	0.5986	1
731	1570	279.176	0.000	0.7219	0.3614	1
731	1586	36.021	0.000	0.7252	0.3610	1
731	1588	36.021	0.000	0.7552	0.5631	1
731	1632	-1.032	0.000	0.7244	0.6285	1
731	1677	133.074	0.000	0.7255	0.5437	1
731	1784	-1.032	0.000	0.7128	0.5766	1
731	1789	183.090	0.000	0.7167	0.4749	1
731	1798	70.006	0.000	0.7554	0.5674	1
731	2028	183.090	0.000	0.7218	0.4822	1
732	812	14.016	0.000	0.9772	0.8911	1
732	850	-30.011	0.000	0.9722	0.8918	1
732	862	184.121	0.000	0.7140	0.5379	1
732	907	-15.995	0.000	0.9692	0.8616	1
732	974	55.075	0.000	0.7680	0.6285	1
732	985	-43.006	0.000	0.9519	0.8117	1
733	741	-545.286	0.000	0.7155	0.4129	1
733	748	-135.036	0.000	0.7160	0.4975	1
733	754	-200.117	0.000	0.8205	0.6143	1
733	760	-57.022	0.000	0.8299	0.7925	1
733	801	-71.037	0.000	0.8143	0.6249	1
733	813	26.016	0.000	0.8448	0.7739	1
733	817	-271.081	0.000	0.7420	0.5552	1
733	837	40.031	0.000	0.7798	0.5410	1
733	847	24.057	0.000	0.7352	0.5364	1
733	866	14.016	0.000	0.8247	0.6604	1
733	871	-103.064	0.000	0.7356	0.5999	1
733	877	-227.128	0.000	0.8060	0.5919	1
733	881	-228.131	0.000	0.7304	0.4544	1
733	912	-227.128	0.000	0.7957	0.5373	1
733	917	97.053	0.000	0.7445	0.5518	1
733	918	-149.015	0.000	0.7443	0.5432	1
733	975	-101.048	0.000	0.8389	0.7637	1
733	981	-188.080	0.000	0.7506	0.6108	1
733	987	-101.048	0.000	0.8116	0.6670	1
733	988	-144.090	0.000	0.7000	0.5704	1
733	1111	47.073	0.000	0.7262	0.4948	1
733	1202	-31.006	0.000	0.7547	0.6864	1
733	1238	82.078	0.000	0.7735	0.5044	1
733	1362	82.078	0.000	0.7113	0.4622	1
733	1414	81.094	0.000	0.7236	0.4605	1
733	1437	-14.975	0.000	0.7809	0.7424	1
733	1472	52.068	0.000	0.7077	0.5343	1
733	1554	24.072	0.000	0.7116	0.5332	1
733	1576	82.078	0.000	0.7700	0.4832	1
733	1642	96.094	0.000	0.7543	0.4599	1
733	1681	96.094	0.000	0.7754	0.5101	1
733	1713	-5.938	0.000	0.7131	0.5427	1
733	1770	-31.043	0.000	0.7966	0.7589	1
733	1789	-15.011	0.000	0.8131	0.7181	1
733	1792	82.042	0.000	0.7718	0.5893	1
733	1798	-128.095	0.000	0.7728	0.6755	1
733	1838	-31.042	0.000	0.7920	0.7105	1
733	1873	97.078	0.000	0.7020	0.5086	1
733	1919	38.004	0.000	0.7594	0.6248	1
733	1935	82.042	0.000	0.7451	0.5693	1
733	2028	-15.011	0.000	0.7801	0.6274	1
733	2092	54.036	0.000	0.7589	0.5682	1
733	2141	82.041	0.000	0.7443	0.5139	1
733	2236	54.035	0.000	0.8087	0.6260	1
734	754	33.984	0.000	0.7906	0.6955	1
734	763	-168.090	0.000	0.7658	0.6274	1
734	807	97.054	0.000	0.7768	0.6472	1
734	837	274.132	0.000	0.7659	0.3978	1
734	841	-154.075	0.000	0.7606	0.5819	1
734	871	131.037	0.000	0.8292	0.6832	1
734	907	-57.022	0.000	0.8266	0.6777	1
734	968	-67.064	0.000	0.7366	0.5401	1
734	973	145.053	0.000	0.8699	0.6366	1
734	975	133.053	0.000	0.7539	0.5717	1
734	982	-67.064	0.000	0.7190	0.5568	1
734	986	145.053	0.000	0.8521	0.6374	1
734	987	133.053	0.000	0.7530	0.5483	1
734	1031	72.057	0.000	0.7846	0.6505	1
734	1156	72.058	0.000	0.7145	0.4757	1
734	1211	-1.946	0.000	0.8924	0.6687	1
734	1250	-14.975	0.000	0.7765	0.6097	1
734	1269	-14.974	0.000	0.7752	0.6372	1
734	1579	-17.941	0.000	0.7428	0.5223	1
734	1588	72.021	0.000	0.7210	0.6087	1
735	758	-57.021	0.000	0.7726	0.7496	1
735	759	-88.053	0.000	0.7010	0.7501	1
735	760	2.016	0.000	0.7525	0.6739	1
735	782	-33.984	0.000	0.8642	0.7413	1
735	914	-87.033	0.000	0.7376	0.7301	1
735	993	-114.043	0.000	0.7343	0.6826	1
735	1066	113.084	0.000	0.8291	0.5693	1
735	1917	-43.017	0.000	0.7236	0.5149	1
735	1949	-15.011	0.000	0.7917	0.7358	1
737	803	14.016	0.000	0.8483	0.7600	1
738	739	-552.328	0.000	0.8099	0.7337	1
738	743	-1.003	0.000	0.7892	0.6844	1
738	747	-460.236	0.000	0.8829	0.7262	1
738	762	-234.112	0.000	0.9081	0.7499	1
738	887	-101.048	0.000	0.8653	0.7385	1
738	1137	-229.107	0.000	0.7586	0.5272	1
738	1469	123.105	0.000	0.7711	0.6216	1
738	2147	82.042	0.000	0.7790	0.5196	1
739	747	92.093	0.000	0.9151	0.7629	1
739	762	318.217	0.000	0.8612	0.7051	1
740	742	0.000	0.000	0.7563	0.6595	1
740	816	147.068	0.000	0.9168	0.8548	1
740	957	-128.059	0.000	0.8136	0.6013	1
741	801	474.249	0.000	0.7112	0.4276	1
743	762	-233.109	0.000	0.7099	0.5558	1
743	887	-100.045	0.000	0.7038	0.6013	1
745	847	16.031	0.000	0.8615	0.7225	1
745	1061	85.032	0.000	0.7506	0.4998	1
745	1209	57.037	0.000	0.8103	0.6445	1
745	1240	57.037	0.000	0.7970	0.5404	1
745	1334	58.021	0.000	0.8922	0.6765	1
745	1370	72.036	0.000	0.8482	0.7108	1
745	1493	-29.011	0.000	0.7211	0.5264	1
745	1963	29.978	0.000	0.7669	0.6129	1
745	2000	57.984	0.000	0.7478	0.5867	1
747	762	226.124	0.000	0.9501	0.8294	1
748	749	-460.235	0.000	0.8560	0.5769	1
748	760	78.014	0.000	0.7964	0.5738	1
748	817	-136.045	0.000	0.7754	0.5094	1
748	851	-101.048	0.000	0.7800	0.4501	1
748	913	-101.048	0.000	0.8187	0.5505	1
748	918	-13.980	0.000	0.9483	0.7903	1
748	919	-488.195	0.000	0.7563	0.4750	1
748	981	-53.045	0.000	0.8005	0.4991	1
748	1019	113.084	0.000	0.8363	0.8014	1
748	1131	-15.995	0.000	0.7467	0.5064	1
748	1278	-29.974	0.000	0.7702	0.4864	1
748	1281	-25.013	0.000	0.7573	0.4944	1
749	761	226.124	0.000	0.7211	0.6135	1
749	851	359.187	0.000	0.7060	0.4925	1
749	913	359.187	0.000	0.7313	0.4929	1
749	918	446.255	0.000	0.7382	0.4049	1
749	919	-27.959	0.000	0.7076	0.4395	1
749	981	407.190	0.000	0.7405	0.4515	1
750	1035	68.985	0.000	0.7604	0.5710	1
750	1247	168.053	0.000	0.7390	0.4228	1
750	1369	158.069	0.000	0.7088	0.3624	1
750	1418	81.022	0.000	0.7204	0.5590	1
750	1464	-18.011	0.000	0.8546	0.6824	1
750	1740	-34.006	0.000	0.8117	0.6674	1
751	754	439.243	0.000	0.7194	0.4732	1
751	884	297.169	0.000	0.7488	0.5455	1
751	1015	-114.043	0.000	0.7103	0.7169	1
752	763	262.132	0.000	0.8186	0.6797	1
753	759	97.052	0.000	0.7542	0.6423	1
753	867	196.121	0.000	0.7623	0.5819	1
753	905	196.121	0.000	0.7546	0.5388	1
753	1115	-114.044	0.000	0.8599	0.7464	1
754	791	37.053	0.000	0.7170	0.5807	1
754	807	63.069	0.000	0.7084	0.6068	1
754	837	240.148	0.000	0.7362	0.3748	1
754	871	97.053	0.000	0.7824	0.5991	1
754	873	2.016	0.000	0.7109	0.5880	1
754	884	-142.073	0.000	0.8238	0.5699	1
754	907	-91.006	0.000	0.7050	0.5770	1
754	973	111.069	0.000	0.7846	0.5915	1
754	975	99.069	0.000	0.9230	0.7105	1
754	976	56.026	0.000	0.7643	0.5697	1
754	986	111.069	0.000	0.7929	0.6790	1
754	987	99.069	0.000	0.9217	0.6939	1
754	988	56.026	0.000	0.7719	0.5771	1
754	1024	-33.948	0.000	0.7022	0.5904	1
754	1202	169.111	0.000	0.8097	0.5769	1
754	1211	-35.931	0.000	0.7545	0.5860	1
754	1770	169.074	0.000	0.7616	0.5727	1
754	1794	71.019	0.000	0.7574	0.5975	1
754	1798	72.022	0.000	0.8876	0.6738	1
755	793	64.068	0.000	0.8245	0.6229	1
756	758	69.969	0.000	0.8153	0.6350	1
756	794	226.060	0.000	0.7595	0.4749	1
756	866	200.044	0.000	0.7017	0.4499	1
757	872	-27.995	0.000	0.7135	0.6252	1
758	794	156.090	0.000	0.7458	0.5259	1
758	836	57.022	0.000	0.7051	0.6128	1
758	914	-30.011	0.000	0.9580	0.8425	1
758	993	-57.022	0.000	0.9443	0.7847	1
758	1528	-71.074	0.000	0.8202	0.6890	1
759	825	185.106	0.000	0.7163	0.5133	1
759	867	99.069	0.000	0.7693	0.6644	1
759	896	113.084	0.000	0.7771	0.7105	1
759	905	99.069	0.000	0.8570	0.7196	1
759	922	83.110	0.000	0.7099	0.5269	1
759	996	113.084	0.000	0.7099	0.7311	1
759	1139	141.116	0.000	0.7996	0.7185	1
759	1246	141.116	0.000	0.8495	0.7233	1
759	1262	111.105	0.000	0.7520	0.7024	1
759	1397	83.110	0.000	0.8207	0.6247	1
759	1398	125.121	0.000	0.7732	0.6996	1
759	1458	83.110	0.000	0.8087	0.6570	1
759	1531	84.094	0.000	0.7395	0.6890	1
759	2061	84.057	0.000	0.7099	0.6682	1
760	812	-204.091	0.000	0.7331	0.5424	1
760	817	-214.059	0.000	0.7355	0.5090	1
760	847	81.079	0.000	0.7128	0.5730	1
760	862	-33.985	0.000	0.7431	0.6970	1
760	918	-91.994	0.000	0.8119	0.5872	1
760	981	-131.059	0.000	0.7830	0.5481	1
760	1050	-285.133	0.000	0.7213	0.4389	1
760	1066	111.068	0.000	0.7677	0.5745	1
760	1106	-285.133	0.000	0.7152	0.4623	1
760	1278	-107.988	0.000	0.7304	0.4801	1
760	1281	-103.027	0.000	0.7134	0.5107	1
760	1554	81.094	0.000	0.7989	0.5636	1
760	1838	25.979	0.000	0.7602	0.6485	1
760	2144	54.035	0.000	0.7159	0.4426	1
760	2194	82.042	0.000	0.7370	0.5159	1
761	774	75.998	0.000	0.7967	0.4975	1
761	776	27.998	0.000	0.8252	0.5446	1
761	779	173.051	0.000	0.8124	0.5161	1
761	931	5.919	0.000	0.7390	0.5407	1
761	958	5.919	0.000	0.7574	0.5734	1
763	799	-110.048	0.000	0.8617	0.6734	1
763	820	-12.995	0.000	0.8099	0.5951	1
763	841	14.015	0.000	0.9483	0.8073	1
763	849	-12.995	0.000	0.8165	0.6128	1
763	850	97.053	0.000	0.7557	0.7045	1
763	886	-273.111	0.000	0.7479	0.5492	1
763	889	-110.048	0.000	0.8586	0.6538	1
763	925	-273.111	0.000	0.7563	0.5351	1
763	959	-110.048	0.000	0.8629	0.6793	1
763	963	-273.112	0.000	0.7213	0.5033	1
764	768	-0.113	0.000	0.9981	1.0000	1
764	770	0.890	0.000	0.8229	0.7789	1
764	772	-0.001	0.000	0.9911	0.9616	1
764	860	0.890	0.000	0.7863	0.6207	1
764	980	26.905	0.000	0.7624	0.7383	1
764	2035	0.890	0.000	0.8112	0.7104	1
765	787	-99.068	0.000	0.7686	0.7040	1
765	834	-113.084	0.000	0.7797	0.6421	1
765	935	-1.003	0.000	0.7365	0.6689	1
765	936	-0.001	0.000	0.8102	0.6643	1
765	937	325.698	0.000	0.7358	0.6362	1
765	1012	-71.038	0.000	0.7472	0.5992	1
765	1022	-57.022	0.000	0.7748	0.6690	1
765	1100	99.068	0.000	0.7094	0.6387	1
766	770	-0.885	0.000	0.9708	0.8655	1
766	771	0.001	0.000	0.9973	0.9858	1
766	773	0.007	0.000	0.9850	0.9380	1
766	860	-0.885	0.000	0.9834	0.9305	1
766	1956	-0.859	0.000	0.7265	0.5852	1
766	2035	-0.885	0.000	0.9903	0.9586	1
766	2036	-18.896	0.000	0.7787	0.7525	1
766	2251	-18.896	0.000	0.7741	0.7006	1
766	2304	-18.896	0.000	0.7846	0.7246	1
766	2314	-18.896	0.000	0.7548	0.6063	1
766	2410	-18.896	0.000	0.7587	0.6466	1
768	769	-49.013	0.000	0.7090	0.5317	1
768	770	1.003	0.000	0.8334	0.7838	1
768	772	0.111	0.000	0.9889	0.9555	1
768	860	1.002	0.000	0.7993	0.6331	1
768	980	27.018	0.000	0.7716	0.7383	1
768	2035	1.002	0.000	0.8153	0.6938	1
768	2125	27.018	0.000	0.7145	0.5631	1
769	770	50.016	0.000	0.9177	0.7549	1
769	772	49.124	0.000	0.7103	0.5556	1
769	860	50.015	0.000	0.9235	0.7464	1
769	1016	76.031	0.000	0.8778	0.7009	1
769	1136	90.047	0.000	0.8141	0.7208	1
769	1599	-18.011	0.000	0.8293	0.7719	1
769	1626	33.984	0.000	0.9463	0.8512	1
769	2035	50.015	0.000	0.9263	0.7722	1
769	2101	129.058	0.000	0.7164	0.4482	1
769	2125	76.031	0.000	0.8716	0.7009	1
769	2297	129.058	0.000	0.7019	0.4260	1
770	771	0.886	0.000	0.9704	0.8655	1
770	772	-0.891	0.000	0.8214	0.7784	1
770	773	0.892	0.000	0.9816	0.9110	1
770	860	-0.000	0.000	0.9762	0.8951	1
770	980	26.015	0.000	0.7265	0.6453	1
770	1016	26.015	0.000	0.8184	0.6565	1
770	1136	40.031	0.000	0.7548	0.7522	1
770	1599	-68.026	0.000	0.7078	0.5108	1
770	1626	-16.032	0.000	0.9225	0.7961	1
770	2035	-0.000	0.000	0.9682	0.8655	1
770	2036	-18.011	0.000	0.7777	0.6957	1
770	2125	26.015	0.000	0.8742	0.8027	1
770	2251	-18.011	0.000	0.7769	0.6550	1
770	2304	-18.011	0.000	0.7800	0.6546	1
770	2314	-18.011	0.000	0.7551	0.5521	1
770	2345	-7.990	0.000	0.7131	0.5637	1
770	2410	-18.011	0.000	0.7638	0.6200	1
771	773	0.006	0.000	0.9875	0.9537	1
771	860	-0.886	0.000	0.9863	0.9455	1
771	1956	-0.860	0.000	0.7287	0.6025	1
771	2035	-0.886	0.000	0.9895	0.9586	1
771	2036	-18.897	0.000	0.7727	0.7525	1
771	2251	-18.897	0.000	0.7679	0.7006	1
771	2304	-18.897	0.000	0.7786	0.7246	1
771	2314	-18.897	0.000	0.7484	0.6063	1
771	2410	-18.897	0.000	0.7527	0.6466	1
772	860	0.891	0.000	0.7849	0.6197	1
772	980	26.907	0.000	0.7709	0.7383	1
772	2035	0.891	0.000	0.8117	0.7135	1
773	860	-0.892	0.000	0.9765	0.9147	1
773	1956	-0.866	0.000	0.7273	0.6025	1
773	2035	-0.892	0.000	0.9832	0.9340	1
773	2036	-18.903	0.000	0.7630	0.6551	1
773	2251	-18.903	0.000	0.7596	0.6129	1
773	2304	-18.903	0.000	0.7710	0.6420	1
773	2314	-18.903	0.000	0.7441	0.5414	1
773	2410	-18.903	0.000	0.7451	0.5685	1
774	776	-48.000	0.000	0.8482	0.5866	1
774	779	97.053	0.000	0.7307	0.4043	1
775	785	-0.046	0.000	0.7405	0.5720	1
775	805	-99.079	0.000	0.7256	0.6279	1
775	1000	11.954	0.000	0.7724	0.6371	1
775	1052	11.953	0.000	0.7757	0.6474	1
775	1107	11.954	0.000	0.7711	0.6120	1
775	1126	12.035	0.000	0.8077	0.7007	1
775	1144	11.954	0.000	0.7938	0.6704	1
775	1451	11.953	0.000	0.7930	0.6699	1
776	779	145.053	0.000	0.8047	0.4879	1
777	788	44.026	0.000	0.7446	0.5715	1
777	874	-0.000	0.000	0.8023	0.7812	1
777	896	-27.995	0.000	0.7323	0.6896	1
777	898	14.015	0.000	0.9359	0.7729	1
777	977	16.054	0.000	0.7518	0.6665	1
777	990	16.031	0.000	0.7619	0.7374	1
777	1155	42.047	0.000	0.7600	0.7094	1
777	1169	-1.979	0.000	0.9127	0.7438	1
777	1447	-14.975	0.000	0.7345	0.6492	1
777	1525	-29.938	0.000	0.7049	0.6249	1
778	780	-228.148	0.000	0.8061	0.4745	1
778	821	-155.058	0.000	0.7087	0.5229	1
778	858	-226.096	0.000	0.7096	0.5263	1
778	869	99.069	0.000	0.8039	0.6020	1
778	915	147.068	0.000	0.8074	0.6224	1
778	940	-113.049	0.000	0.7108	0.5360	1
778	949	-58.006	0.000	0.9512	0.7235	1
778	991	-15.995	0.000	0.9475	0.7301	1
778	1001	147.068	0.000	0.8502	0.6701	1
778	1208	-13.983	0.000	0.8355	0.5851	1
778	1241	19.010	0.000	0.8205	0.6102	1
780	869	327.216	0.000	0.7122	0.4309	1
780	949	170.142	0.000	0.8025	0.5352	1
780	1208	214.165	0.000	0.7418	0.4832	1
781	791	1.003	0.000	0.8653	0.7594	1
781	1794	34.968	0.000	0.7131	0.5901	1
782	1066	147.068	0.000	0.7968	0.5591	1
782	1917	-9.033	0.000	0.7066	0.5243	1
782	1949	18.973	0.000	0.8447	0.7404	1
782	2194	118.042	0.000	0.7348	0.6248	1
783	807	309.170	0.000	0.7069	0.4551	1
783	828	14.015	0.000	0.8169	0.6314	1
783	852	113.084	0.000	0.7535	0.5886	1
783	858	113.084	0.000	0.7752	0.5344	1
785	812	1.031	0.000	0.7075	0.5206	1
785	821	0.047	0.000	0.7601	0.6374	1
785	822	-0.955	0.000	0.7800	0.7146	1
785	836	203.106	0.000	0.7204	0.4501	1
786	789	65.011	0.000	0.7226	0.4317	1
786	790	97.052	0.000	0.7179	0.6301	1
786	928	-27.995	0.000	0.8734	0.6575	1
786	1178	-45.988	0.000	0.8705	0.6692	1
786	1402	-36.011	0.000	0.8316	0.6076	1
786	1474	-27.047	0.000	0.8168	0.7294	1
786	1597	-17.027	0.000	0.7918	0.6187	1
786	1691	-17.027	0.000	0.7080	0.5794	1
786	1773	97.053	0.000	0.7145	0.6217	1
787	936	99.067	0.000	0.8556	0.7210	1
787	1022	42.046	0.000	0.8893	0.7190	1
788	797	-71.037	0.000	0.7619	0.7213	1
788	804	-48.000	0.000	0.7710	0.7146	1
788	806	-44.026	0.000	0.7825	0.6894	1
788	825	-0.000	0.000	0.7653	0.7781	1
788	874	-44.026	0.000	0.7280	0.6174	1
788	896	-72.021	0.000	0.7445	0.6026	1
788	898	-30.011	0.000	0.8679	0.7823	1
788	910	-101.048	0.000	0.7101	0.6313	1
788	915	2.015	0.000	0.7396	0.7683	1
788	996	-72.021	0.000	0.7990	0.7340	1
788	1017	-87.032	0.000	0.7712	0.6987	1
788	1066	16.031	0.000	0.7042	0.5848	1
788	1133	-58.006	0.000	0.7506	0.6416	1
788	1140	69.058	0.000	0.7459	0.5887	1
788	1160	-58.006	0.000	0.7474	0.6046	1
788	1503	26.052	0.000	0.7229	0.6039	1
788	1672	-128.096	0.000	0.7103	0.5663	1
788	1966	-29.027	0.000	0.7077	0.7359	1
789	792	33.984	0.000	0.9691	0.8028	1
789	1021	-3.995	0.000	0.7832	0.6805	1
789	1191	-31.990	0.000	0.8316	0.7376	1
789	1263	-31.006	0.000	0.8049	0.5355	1
789	1427	-19.990	0.000	0.7273	0.4372	1
789	2036	10.009	0.000	0.7935	0.6867	1
789	2251	10.009	0.000	0.7785	0.6771	1
789	2304	10.009	0.000	0.7606	0.6689	1
789	2314	10.009	0.000	0.7798	0.6163	1
789	2410	10.009	0.000	0.7779	0.6305	1
790	930	-27.995	0.000	0.8079	0.7137	1
790	961	-27.994	0.000	0.8070	0.7137	1
790	1021	-36.036	0.000	0.7938	0.6940	1
790	1061	-2.052	0.000	0.7277	0.7774	1
790	1114	-13.979	0.000	0.8743	0.7290	1
790	1120	-12.036	0.000	0.7998	0.6616	1
790	1128	14.016	0.000	0.8618	0.7214	1
790	1187	83.055	0.000	0.7907	0.6213	1
790	1191	-64.031	0.000	0.7704	0.6006	1
790	1196	-13.979	0.000	0.8849	0.7872	1
790	1203	14.016	0.000	0.9318	0.8055	1
790	1228	-27.011	0.000	0.7332	0.7550	1
790	1263	-63.047	0.000	0.7687	0.5694	1
790	1276	1.980	0.000	0.8164	0.8091	1
790	1400	83.055	0.000	0.7330	0.5944	1
790	1470	3.995	0.000	0.8514	0.5699	1
790	1527	-36.011	0.000	0.8023	0.7826	1
790	1601	39.995	0.000	0.8495	0.7425	1
790	1613	30.011	0.000	0.8104	0.6187	1
790	1684	9.985	0.000	0.8476	0.8345	1
790	1717	13.979	0.000	0.7160	0.7832	1
790	1758	54.011	0.000	0.8804	0.8026	1
790	1769	-18.010	0.000	0.8701	0.8397	1
790	1773	0.000	0.000	0.9603	0.8539	1
790	1845	24.000	0.000	0.9250	0.7901	1
790	1853	-9.984	0.000	0.8035	0.6863	1
790	1854	-27.995	0.000	0.8105	0.7453	1
790	1924	-13.979	0.000	0.8657	0.6805	1
790	1954	14.016	0.000	0.9287	0.8188	1
791	793	-488.260	0.000	0.7520	0.5149	1
791	801	92.026	0.000	0.7018	0.6299	1
791	940	-57.022	0.000	0.7899	0.7364	1
791	975	62.016	0.000	0.7740	0.6299	1
791	987	62.016	0.000	0.7707	0.6160	1
791	991	40.031	0.000	0.7198	0.6324	1
791	1020	-115.027	0.000	0.7252	0.5368	1
791	1102	-115.027	0.000	0.7172	0.4973	1
791	1770	132.021	0.000	0.7626	0.7074	1
791	1798	34.968	0.000	0.7286	0.6269	1
792	825	-59.037	0.000	0.7587	0.5802	1
792	915	-57.021	0.000	0.7797	0.5040	1
792	921	14.016	0.000	0.9915	0.8800	1
792	1001	-57.021	0.000	0.7586	0.5276	1
792	1036	-49.979	0.000	0.9374	0.6696	1
792	1061	-3.995	0.000	0.7763	0.7496	1
792	1117	-3.995	0.000	0.7510	0.7872	1
792	1209	-31.990	0.000	0.8659	0.7345	1
792	1240	-31.990	0.000	0.8273	0.7455	1
792	1334	-31.006	0.000	0.8284	0.5998	1
792	1370	-16.990	0.000	0.9182	0.8341	1
792	1470	2.052	0.000	0.9435	0.8189	1
792	1871	-40.006	0.000	0.8604	0.6373	1
792	1963	-59.048	0.000	0.8001	0.5455	1
792	2036	-23.975	0.000	0.7632	0.5611	1
792	2251	-23.975	0.000	0.7433	0.5736	1
792	2304	-23.975	0.000	0.7232	0.5508	1
792	2314	-23.975	0.000	0.7483	0.5349	1
792	2410	-23.975	0.000	0.7474	0.5421	1
794	821	-302.127	0.000	0.7620	0.4048	1
794	836	-99.069	0.000	0.7798	0.5964	1
794	866	-26.016	0.000	0.7708	0.6369	1
794	914	-186.102	0.000	0.7114	0.4573	1
794	917	57.021	0.000	0.7075	0.4468	1
794	973	-129.079	0.000	0.7590	0.5846	1
794	986	-129.079	0.000	0.7562	0.5414	1
794	993	-213.112	0.000	0.7211	0.4086	1
794	1030	-155.059	0.000	0.7784	0.5674	1
794	1034	99.068	0.000	0.7262	0.5335	1
794	1184	-58.006	0.000	0.7593	0.5215	1
794	1261	-43.006	0.000	0.7107	0.4751	1
794	1362	42.047	0.000	0.8155	0.7011	1
794	1414	41.063	0.000	0.7027	0.3671	1
794	1472	12.036	0.000	0.8766	0.7921	1
794	1498	-28.990	0.000	0.7788	0.5463	1
794	1551	-14.975	0.000	0.8048	0.5682	1
794	1554	-15.959	0.000	0.7498	0.6061	1
794	1648	-14.975	0.000	0.7604	0.5519	1
794	1681	56.062	0.000	0.7111	0.4916	1
794	1742	-40.007	0.000	0.7432	0.5142	1
795	796	-17.027	0.000	0.7856	0.6290	1
795	930	-18.011	0.000	0.7988	0.7450	1
795	961	-18.011	0.000	0.7885	0.7217	1
795	1120	-2.052	0.000	0.7078	0.6689	1
795	1228	-17.027	0.000	0.7749	0.6954	1
795	1276	11.963	0.000	0.7393	0.8132	1
795	1613	39.994	0.000	0.7415	0.6997	1
795	1635	111.032	0.000	0.8699	0.6338	1
795	1795	-18.047	0.000	0.8172	0.6363	1
795	1852	-36.021	0.000	0.7311	0.6784	1
795	1853	-0.000	0.000	0.8086	0.7187	1
795	1854	-18.011	0.000	0.8008	0.7574	1
795	1944	-19.115	0.000	0.7134	0.5197	1
795	1951	-17.027	0.000	0.7131	0.6108	1
795	2055	-37.072	0.000	0.7327	0.5193	1
795	2062	11.927	0.000	0.8176	0.6372	1
795	2063	-5.100	0.000	0.7294	0.4933	1
795	2203	-62.121	0.000	0.7002	0.5073	1
795	2323	39.958	0.000	0.8021	0.4841	1
795	2324	22.932	0.000	0.7511	0.5224	1
795	2337	94.916	0.000	0.8314	0.4790	1
795	2362	-35.074	0.000	0.7489	0.6354	1
795	2401	6.937	0.000	0.7478	0.5933	1
795	2403	-20.074	0.000	0.7192	0.5993	1
795	2405	36.947	0.000	0.8034	0.5941	1
796	814	14.016	0.000	0.7211	0.5925	1
796	930	-0.984	0.000	0.7575	0.8049	1
796	961	-0.984	0.000	0.7508	0.7942	1
796	1228	0.000	0.000	0.7830	0.7740	1
796	1475	-0.036	0.000	0.7826	0.6626	1
796	1617	13.979	0.000	0.8020	0.6901	1
796	1693	13.979	0.000	0.7237	0.7296	1
796	1854	-0.984	0.000	0.7558	0.8085	1
796	1857	-18.011	0.000	0.7245	0.6011	1
796	1951	-0.000	0.000	0.7300	0.7067	1
796	1952	-18.011	0.000	0.8016	0.7770	1
796	1991	14.016	0.000	0.7257	0.7326	1
796	1993	-3.995	0.000	0.8004	0.6986	1
796	2213	-26.027	0.000	0.7075	0.6748	1
796	2299	-26.027	0.000	0.7391	0.6594	1
796	2342	0.911	0.000	0.7698	0.5830	1
796	2403	-3.047	0.000	0.7123	0.7579	1
797	825	71.037	0.000	0.7248	0.6520	1
797	826	-216.148	0.000	0.7335	0.6396	1
797	910	-30.011	0.000	0.8988	0.7993	1
797	1017	-15.995	0.000	0.9161	0.7943	1
797	1110	-43.006	0.000	0.8162	0.7396	1
797	1359	41.063	0.000	0.7133	0.6853	1
798	806	-37.053	0.000	0.7206	0.5448	1
798	854	-33.984	0.000	0.8947	0.7336	1
798	906	14.015	0.000	0.9613	0.7339	1
798	917	66.010	0.000	0.9019	0.5617	1
798	1036	16.031	0.000	0.7910	0.7582	1
798	1222	113.084	0.000	0.7710	0.5770	1
798	1427	12.036	0.000	0.8768	0.5838	1
798	1456	56.063	0.000	0.9157	0.6509	1
798	1501	-15.959	0.000	0.9072	0.6660	1
798	1598	26.051	0.000	0.8139	0.4956	1
798	1634	26.004	0.000	0.8357	0.5782	1
799	820	97.052	0.000	0.8774	0.7838	1
799	841	124.063	0.000	0.8405	0.6580	1
799	849	97.052	0.000	0.8748	0.7877	1
799	878	-262.132	0.000	0.7702	0.6448	1
799	886	-163.063	0.000	0.8786	0.7246	1
799	889	-0.000	0.000	0.9785	0.9350	1
799	901	-117.079	0.000	0.7580	0.7521	1
799	904	418.719	0.000	0.8391	0.7063	1
799	908	-262.132	0.000	0.7849	0.6951	1
799	925	-163.064	0.000	0.8981	0.7405	1
799	959	-0.000	0.000	0.9724	0.8743	1
799	963	-163.064	0.000	0.8624	0.6801	1
800	1210	-85.089	0.000	0.8612	0.7570	1
800	1441	-71.074	0.000	0.8641	0.7941	1
800	1598	125.095	0.000	0.7597	0.5558	1
800	1604	-44.046	0.000	0.7528	0.6183	1
800	1608	-43.043	0.000	0.8984	0.8653	1
800	1625	27.994	0.000	0.7604	0.6902	1
800	1634	125.048	0.000	0.7475	0.4842	1
800	1674	-73.053	0.000	0.8077	0.6645	1
800	1746	-59.038	0.000	0.8517	0.7297	1
800	1750	-100.064	0.000	0.7634	0.5692	1
800	1779	-3.995	0.000	0.7131	0.5628	1
800	1829	10.021	0.000	0.7827	0.6954	1
800	1834	-59.037	0.000	0.7113	0.6107	1
800	2036	141.079	0.000	0.8277	0.5861	1
800	2137	167.094	0.000	0.7148	0.3569	1
800	2251	141.079	0.000	0.8184	0.5501	1
800	2280	123.105	0.000	0.8311	0.5062	1
800	2302	151.100	0.000	0.7377	0.4061	1
800	2304	141.079	0.000	0.7967	0.4613	1
800	2312	124.089	0.000	0.7092	0.4010	1
800	2314	141.079	0.000	0.7979	0.5355	1
800	2345	151.100	0.000	0.7500	0.4439	1
800	2410	141.079	0.000	0.8016	0.5067	1
801	813	97.053	0.000	0.8617	0.7798	1
801	866	85.053	0.000	0.8113	0.5807	1
801	975	-30.011	0.000	0.7419	0.6720	1
801	987	-30.011	0.000	0.7383	0.6388	1
801	1208	-49.983	0.000	0.7689	0.5847	1
801	1232	-31.006	0.000	0.8080	0.6070	1
801	1632	-128.096	0.000	0.7439	0.5914	1
801	1784	-128.096	0.000	0.7385	0.5787	1
801	1798	-57.058	0.000	0.7164	0.6968	1
801	1847	-31.042	0.000	0.7420	0.6596	1
801	1874	-31.042	0.000	0.7543	0.7308	1
801	1981	38.004	0.000	0.7276	0.6361	1
802	1189	111.031	0.000	0.9289	0.8343	1
804	825	48.000	0.000	0.7519	0.7288	1
804	915	50.015	0.000	0.7935	0.7411	1
804	1001	50.015	0.000	0.7206	0.7283	1
804	1412	33.025	0.000	0.8664	0.6860	1
804	1486	19.010	0.000	0.7099	0.7089	1
804	1876	10.009	0.000	0.7432	0.6464	1
804	1920	-9.033	0.000	0.7422	0.5225	1
804	1964	10.009	0.000	0.7269	0.6421	1
805	1000	111.032	0.000	0.7973	0.6878	1
805	1052	111.032	0.000	0.8174	0.7704	1
805	1107	111.032	0.000	0.8015	0.6958	1
805	1126	111.114	0.000	0.7831	0.6438	1
805	1135	-2.052	0.000	0.8625	0.7847	1
805	1144	111.032	0.000	0.7908	0.6742	1
805	1451	111.032	0.000	0.7909	0.6302	1
806	867	-42.011	0.000	0.7130	0.5472	1
806	898	14.016	0.000	0.8984	0.7974	1
806	905	-42.011	0.000	0.7720	0.6543	1
806	951	99.068	0.000	0.7449	0.4698	1
806	1140	113.084	0.000	0.7048	0.6096	1
806	1155	42.047	0.000	0.7488	0.7127	1
806	1166	57.046	0.000	0.9411	0.7155	1
806	1260	12.036	0.000	0.9270	0.7518	1
806	1418	26.052	0.000	0.9406	0.7936	1
806	1454	26.052	0.000	0.7052	0.6177	1
806	1507	-0.959	0.000	0.8739	0.8108	1
806	1986	-15.011	0.000	0.7196	0.6807	1
806	2026	-15.011	0.000	0.7430	0.7195	1
807	837	177.078	0.000	0.7055	0.4080	1
807	839	-27.996	0.000	0.7805	0.7374	1
807	852	-196.085	0.000	0.7173	0.5547	1
807	871	33.984	0.000	0.7758	0.6890	1
807	968	-164.117	0.000	0.7034	0.5035	1
807	973	47.999	0.000	0.8425	0.6095	1
807	974	-83.005	0.000	0.7176	0.5656	1
807	975	35.999	0.000	0.7075	0.5428	1
807	986	47.999	0.000	0.8557	0.7097	1
807	987	35.999	0.000	0.7122	0.5614	1
807	1031	-24.997	0.000	0.7367	0.6430	1
807	1211	-99.000	0.000	0.7987	0.6818	1
807	1250	-112.028	0.000	0.7060	0.6040	1
811	945	13.943	0.000	0.8019	0.6108	1
812	836	202.075	0.000	0.7626	0.5752	1
812	848	39.011	0.000	0.7864	0.6206	1
812	850	-44.026	0.000	0.9724	0.8974	1
812	862	170.106	0.000	0.7333	0.5815	1
812	907	-30.011	0.000	0.9778	0.9093	1
812	985	-57.021	0.000	0.9560	0.8241	1
813	869	-33.984	0.000	0.7529	0.6124	1
813	915	14.015	0.000	0.9057	0.8594	1
813	1001	14.016	0.000	0.7965	0.6643	1
813	1198	-31.990	0.000	0.7589	0.7966	1
813	1600	26.052	0.000	0.8767	0.7933	1
813	1981	-59.048	0.000	0.7356	0.5777	1
814	947	0.984	0.000	0.9631	0.8813	1
814	1475	-14.052	0.000	0.7157	0.6443	1
814	1548	-41.074	0.000	0.7671	0.6052	1
814	1662	0.947	0.000	0.9256	0.8094	1
815	837	33.987	0.000	0.7579	0.5858	1
816	1026	-128.059	0.000	0.7557	0.5614	1
817	918	122.065	0.000	0.7325	0.4306	1
817	981	83.000	0.000	0.7426	0.5520	1
817	1278	106.071	0.000	0.7186	0.4858	1
817	1281	111.032	0.000	0.8656	0.6908	1
817	1390	-17.993	0.000	0.7825	0.6536	1
817	1483	-17.027	0.000	0.7586	0.7494	1
817	1616	96.093	0.000	0.7031	0.7283	1
817	1797	142.986	0.000	0.7452	0.5726	1
817	1801	-33.988	0.000	0.7204	0.6296	1
817	1838	240.039	0.000	0.7605	0.5832	1
818	844	-0.000	0.000	0.9792	0.9124	1
818	1397	111.032	0.000	0.7776	0.7644	1
818	1458	111.032	0.000	0.7714	0.7411	1
818	1494	-18.011	0.000	0.8826	0.7220	1
818	1593	-119.059	0.000	0.8112	0.5895	1
818	1664	82.042	0.000	0.8967	0.7982	1
818	1852	224.116	0.000	0.7190	0.5384	1
818	1882	66.047	0.000	0.8655	0.7402	1
818	1940	66.047	0.000	0.8625	0.7522	1
818	1957	95.074	0.000	0.7928	0.7804	1
818	1970	-5.975	0.000	0.8125	0.6573	1
818	1972	111.980	0.000	0.7216	0.7933	1
818	2017	111.980	0.000	0.7102	0.7019	1
818	2024	-18.970	0.000	0.7583	0.5671	1
818	2080	-19.954	0.000	0.8749	0.7648	1
820	841	27.011	0.000	0.7258	0.5572	1
820	849	0.000	0.000	0.9748	0.9224	1
820	886	-260.116	0.000	0.8096	0.6407	1
820	889	-97.053	0.000	0.8495	0.7454	1
820	904	321.667	0.000	0.7815	0.6189	1
820	925	-260.116	0.000	0.8382	0.6388	1
820	959	-97.053	0.000	0.8691	0.7662	1
820	963	-260.116	0.000	0.7895	0.5877	1
820	985	97.053	0.000	0.7038	0.6380	1
821	822	-1.003	0.000	0.8696	0.7725	1
821	869	254.127	0.000	0.7409	0.4561	1
821	870	-163.064	0.000	0.8054	0.6468	1
821	949	97.052	0.000	0.8175	0.6989	1
821	1020	-15.996	0.000	0.7222	0.6323	1
821	1024	28.031	0.000	0.7002	0.5146	1
821	1030	147.068	0.000	0.8494	0.6820	1
821	1102	-15.995	0.000	0.7087	0.6489	1
822	870	-162.061	0.000	0.7636	0.6155	1
822	1030	148.071	0.000	0.7077	0.4657	1
823	1522	199.048	0.000	0.7689	0.6417	1
823	1649	70.004	0.000	0.7712	0.7102	1
823	1747	-17.027	0.000	0.7969	0.7340	1
824	840	0.000	0.000	0.9581	0.8942	1
824	946	16.031	0.000	0.8470	0.6698	1
824	1011	16.031	0.000	0.8028	0.6676	1
824	1152	42.047	0.000	0.8684	0.6617	1
824	1347	56.063	0.000	0.8705	0.6892	1
824	1550	26.052	0.000	0.7467	0.6157	1
824	2266	-23.975	0.000	0.7168	0.6218	1
825	826	-287.185	0.000	0.7946	0.5916	1
825	835	-500.212	0.000	0.7447	0.4533	1
825	874	-44.026	0.000	0.8204	0.6320	1
825	897	85.053	0.000	0.8385	0.5601	1
825	996	-72.021	0.000	0.7478	0.5304	1
825	1017	-87.032	0.000	0.7124	0.6570	1
825	1061	55.042	0.000	0.8436	0.4889	1
825	1066	16.031	0.000	0.7193	0.5628	1
825	1117	55.042	0.000	0.8570	0.5312	1
825	1209	27.047	0.000	0.8409	0.5569	1
825	1239	41.063	0.000	0.7205	0.4307	1
825	1240	27.047	0.000	0.8713	0.5770	1
825	1246	-43.990	0.000	0.7185	0.5899	1
825	1247	69.058	0.000	0.8239	0.5051	1
825	1311	69.120	0.000	0.7392	0.5031	1
825	1359	-29.974	0.000	0.7144	0.4675	1
825	1369	59.073	0.000	0.8670	0.6903	1
825	1740	-133.001	0.000	0.7169	0.4333	1
825	1797	-166.111	0.000	0.7040	0.4262	1
826	835	-213.027	0.000	0.8901	0.6395	1
828	829	378.701	0.000	0.7734	0.8022	1
828	839	267.158	0.000	0.8233	0.6375	1
828	852	99.069	0.000	0.8046	0.7223	1
828	855	145.126	0.000	0.7101	0.5021	1
828	858	99.069	0.000	0.8822	0.7714	1
828	911	99.069	0.000	0.8648	0.7544	1
828	1154	173.084	0.000	0.7245	0.5237	1
828	1184	414.227	0.000	0.7166	0.4058	1
828	1392	256.158	0.000	0.8054	0.5465	1
828	1517	127.115	0.000	0.7178	0.5472	1
829	839	-111.543	0.000	0.7358	0.6417	1
829	852	-279.632	0.000	0.7913	0.6641	1
830	845	287.185	0.000	0.8214	0.6444	1
830	856	286.182	0.000	0.7041	0.6002	1
830	1032	259.117	0.000	0.7365	0.6046	1
830	1100	259.117	0.000	0.7310	0.6030	1
830	1202	455.239	0.000	0.8297	0.6226	1
830	1207	372.202	0.000	0.7713	0.5550	1
830	1232	384.201	0.000	0.7972	0.5680	1
830	1241	398.217	0.000	0.7976	0.5592	1
830	1265	308.206	0.000	0.7618	0.5735	1
830	1352	368.207	0.000	0.7846	0.5676	1
830	1407	469.254	0.000	0.7294	0.4972	1
830	1437	471.270	0.000	0.7350	0.4839	1
830	1485	270.158	0.000	0.7131	0.5194	1
830	1575	222.137	0.000	0.7872	0.5444	1
830	1595	253.179	0.000	0.7827	0.6308	1
830	1767	398.181	0.000	0.7252	0.5687	1
830	2147	341.159	0.000	0.7366	0.5418	1
831	832	561.312	0.000	0.7314	0.6940	1
831	833	561.814	0.000	0.7179	0.6967	1
831	939	99.068	0.000	0.9243	0.8076	1
831	954	99.068	0.000	0.9072	0.7903	1
832	833	0.502	0.000	0.9257	0.8420	1
834	845	240.220	0.000	0.7155	0.4424	1
834	935	112.081	0.000	0.8365	0.7262	1
834	936	113.083	0.000	0.8970	0.6817	1
834	937	438.781	0.000	0.8338	0.6497	1
834	942	325.236	0.000	0.7593	0.5557	1
834	964	-112.065	0.000	0.7408	0.6064	1
834	1012	42.045	0.000	0.9381	0.8132	1
834	1032	212.152	0.000	0.7942	0.5989	1
834	1100	212.152	0.000	0.8129	0.6908	1
834	1202	408.274	0.000	0.7139	0.3830	1
834	1207	325.236	0.000	0.7521	0.5286	1
834	1232	337.236	0.000	0.7171	0.4100	1
834	1241	351.252	0.000	0.7068	0.3800	1
834	1265	261.241	0.000	0.7021	0.4632	1
834	1352	321.241	0.000	0.7131	0.4526	1
834	1485	223.193	0.000	0.7020	0.5024	1
834	1575	175.172	0.000	0.7075	0.3750	1
834	1595	206.214	0.000	0.7221	0.5252	1
836	837	99.068	0.000	0.7546	0.4492	1
836	848	-163.064	0.000	0.8230	0.7022	1
836	866	73.053	0.000	0.8228	0.5753	1
836	871	-44.026	0.000	0.8949	0.7513	1
836	968	-242.127	0.000	0.7174	0.4615	1
836	973	-30.011	0.000	0.9391	0.8061	1
836	982	-242.128	0.000	0.7175	0.4640	1
836	986	-30.011	0.000	0.9390	0.7917	1
836	1261	56.063	0.000	0.7684	0.5939	1
836	1387	56.230	0.000	0.7796	0.5350	1
836	1403	56.063	0.000	0.7987	0.5958	1
836	1407	42.047	0.000	0.7605	0.5961	1
836	1556	-45.969	0.000	0.7404	0.5679	1
836	2066	40.020	0.000	0.7135	0.5979	1
837	847	-15.973	0.000	0.7688	0.6000	1
837	848	-262.132	0.000	0.7129	0.4491	1
837	871	-143.095	0.000	0.7727	0.4478	1
837	917	57.022	0.000	0.8479	0.7921	1
837	973	-129.079	0.000	0.7657	0.5493	1
837	975	-141.079	0.000	0.7597	0.4381	1
837	976	-184.121	0.000	0.7313	0.4808	1
837	986	-129.079	0.000	0.7619	0.5052	1
837	988	-184.121	0.000	0.7271	0.4635	1
837	998	-242.127	0.000	0.7187	0.4257	1
837	1111	7.042	0.000	0.7071	0.4189	1
837	1362	42.047	0.000	0.8951	0.6934	1
837	1377	113.084	0.000	0.7858	0.5229	1
837	1472	12.037	0.000	0.7912	0.5483	1
837	1554	-15.958	0.000	0.7518	0.6234	1
837	1699	-14.974	0.000	0.7860	0.5830	1
837	1742	-40.006	0.000	0.7782	0.4850	1
837	1770	-71.073	0.000	0.7901	0.5193	1
838	971	211.096	0.000	0.9006	0.5748	1
838	972	-31.990	0.000	0.8285	0.6090	1
838	1902	149.140	0.000	0.8701	0.5151	1
838	2197	131.129	0.000	0.9072	0.5960	1
838	2218	-14.976	0.000	0.7924	0.5007	1
838	2241	131.129	0.000	0.9563	0.7627	1
838	2463	-156.886	0.000	0.8533	0.5434	1
839	852	-168.089	0.000	0.7406	0.5827	1
839	855	-122.033	0.000	0.7422	0.5370	1
839	911	-168.090	0.000	0.8231	0.6365	1
839	1024	-69.022	0.000	0.7010	0.6028	1
839	1031	2.999	0.000	0.7798	0.6694	1
839	1154	-94.074	0.000	0.7095	0.6140	1
839	1156	3.000	0.000	0.7653	0.6127	1
839	1184	147.069	0.000	0.8174	0.5773	1
839	1250	-84.033	0.000	0.7293	0.5509	1
839	1269	-84.032	0.000	0.7404	0.5814	1
839	1392	-11.001	0.000	0.8334	0.7182	1
839	1517	-140.043	0.000	0.7316	0.5425	1
839	1556	60.037	0.000	0.7384	0.7102	1
839	1677	100.016	0.000	0.7247	0.5870	1
840	946	16.031	0.000	0.8853	0.6789	1
840	1011	16.031	0.000	0.8295	0.6842	1
840	1152	42.047	0.000	0.9084	0.6774	1
840	1347	56.063	0.000	0.9045	0.6617	1
840	1550	26.052	0.000	0.7550	0.5692	1
840	2266	-23.975	0.000	0.7319	0.5981	1
841	849	-27.011	0.000	0.7304	0.5626	1
841	889	-124.063	0.000	0.8410	0.6531	1
841	907	97.053	0.000	0.7298	0.5843	1
841	959	-124.063	0.000	0.8412	0.6606	1
842	855	0.073	0.000	0.9322	0.9008	1
842	932	-114.043	0.000	0.7225	0.6719	1
842	1108	-129.042	0.000	0.7728	0.6397	1
842	1517	-17.938	0.000	0.7414	0.6313	1
843	965	-33.985	0.000	0.8309	0.7033	1
843	966	16.031	0.000	0.8100	0.6744	1
843	1047	16.031	0.000	0.8050	0.6923	1
843	1119	-18.958	0.000	0.7776	0.7696	1
843	1192	42.047	0.000	0.8368	0.6826	1
843	1405	56.062	0.000	0.7679	0.6510	1
843	1606	26.052	0.000	0.8378	0.8023	1
844	1397	111.032	0.000	0.7817	0.7612	1
844	1458	111.032	0.000	0.7707	0.7257	1
844	1494	-18.011	0.000	0.8894	0.7251	1
844	1593	-119.059	0.000	0.8080	0.5907	1
844	1664	82.042	0.000	0.8963	0.7586	1
844	1852	224.116	0.000	0.7160	0.5546	1
844	1882	66.047	0.000	0.8646	0.7098	1
844	1940	66.047	0.000	0.8728	0.7471	1
844	1957	95.074	0.000	0.7982	0.7907	1
844	1970	-5.974	0.000	0.8140	0.6375	1
844	1972	111.980	0.000	0.7051	0.7598	1
844	2024	-18.969	0.000	0.7549	0.5437	1
844	2080	-19.954	0.000	0.8696	0.7220	1
845	856	-1.003	0.000	0.8681	0.7694	1
845	936	-127.137	0.000	0.8137	0.6091	1
845	937	198.562	0.000	0.7365	0.5082	1
845	942	85.016	0.000	0.8097	0.6593	1
845	978	-205.093	0.000	0.7252	0.5105	1
845	1012	-198.174	0.000	0.7350	0.4366	1
845	1031	37.016	0.000	0.7246	0.5145	1
845	1032	-28.068	0.000	0.8489	0.6323	1
845	1100	-28.068	0.000	0.8437	0.6465	1
845	1156	37.017	0.000	0.7136	0.5373	1
845	1202	168.054	0.000	0.9374	0.7912	1
845	1207	85.017	0.000	0.9112	0.7364	1
845	1230	-78.047	0.000	0.8026	0.5705	1
845	1232	97.017	0.000	0.9502	0.7791	1
845	1241	111.032	0.000	0.9413	0.7608	1
845	1252	-149.084	0.000	0.7893	0.5136	1
845	1265	21.021	0.000	0.9148	0.7653	1
845	1352	81.022	0.000	0.9399	0.8201	1
845	1357	80.019	0.000	0.7457	0.5420	1
845	1407	182.070	0.000	0.8959	0.6906	1
845	1417	-105.058	0.000	0.7834	0.5165	1
845	1437	184.085	0.000	0.8905	0.6710	1
845	1485	-17.026	0.000	0.8535	0.6103	1
845	1500	-19.988	0.000	0.7243	0.4758	1
845	1520	-20.026	0.000	0.7427	0.4698	1
845	1521	-19.969	0.000	0.7786	0.5221	1
845	1575	-65.048	0.000	0.9266	0.7542	1
845	1588	36.979	0.000	0.8246	0.6945	1
845	1595	-34.006	0.000	0.9284	0.6910	1
845	1612	134.033	0.000	0.7338	0.6622	1
845	1677	134.033	0.000	0.7765	0.7263	1
845	1767	110.996	0.000	0.7390	0.5688	1
845	1789	184.049	0.000	0.8137	0.6637	1
845	1799	79.024	0.000	0.7675	0.5913	1
845	1905	38.975	0.000	0.7931	0.6176	1
845	1932	79.024	0.000	0.7648	0.6809	1
845	1934	210.065	0.000	0.7742	0.6942	1
845	1947	5.974	0.000	0.8210	0.5844	1
845	2004	-154.085	0.000	0.7164	0.5470	1
845	2010	39.958	0.000	0.7464	0.5809	1
845	2028	184.049	0.000	0.8211	0.6497	1
845	2088	-109.089	0.000	0.7365	0.4543	1
845	2145	210.064	0.000	0.7962	0.7046	1
845	2147	53.974	0.000	0.8652	0.6830	1
845	2148	79.023	0.000	0.7269	0.5848	1
845	2150	-306.227	0.000	0.7926	0.5535	1
845	2152	123.032	0.000	0.7304	0.5806	1
845	2210	-366.213	0.000	0.7072	0.5422	1
845	2227	82.005	0.000	0.7147	0.6703	1
845	2245	79.023	0.000	0.7235	0.5800	1
845	2283	96.021	0.000	0.7333	0.5793	1
845	2288	66.010	0.000	0.7076	0.4813	1
845	2300	79.023	0.000	0.7402	0.6110	1
845	2331	79.024	0.000	0.7740	0.6500	1
846	902	0.000	0.000	0.9612	0.8146	1
846	1033	184.049	0.000	0.7515	0.5462	1
846	1270	70.006	0.000	0.8055	0.5768	1
846	1533	-17.027	0.000	0.8013	0.6551	1
846	1618	-18.011	0.000	0.8078	0.5622	1
847	917	72.995	0.000	0.8832	0.5590	1
847	1034	115.042	0.000	0.8489	0.4487	1
847	1111	23.016	0.000	0.8485	0.5967	1
847	1184	-42.032	0.000	0.7117	0.5577	1
847	1238	58.021	0.000	0.8954	0.6238	1
847	1332	-10.633	0.000	0.7798	0.4356	1
847	1362	58.021	0.000	0.8708	0.6737	1
847	1377	129.058	0.000	0.8716	0.4317	1
847	1414	57.037	0.000	0.9051	0.5743	1
847	1437	-39.032	0.000	0.7142	0.5312	1
847	1472	28.010	0.000	0.7595	0.4670	1
847	1498	-13.016	0.000	0.7450	0.5093	1
847	1518	39.044	0.000	0.7422	0.5611	1
847	1551	0.999	0.000	0.7740	0.4535	1
847	1554	0.015	0.000	0.8270	0.6075	1
847	1570	57.017	0.000	0.7309	0.4809	1
847	1576	58.020	0.000	0.9045	0.6881	1
847	1586	-186.137	0.000	0.7074	0.4429	1
847	1642	72.036	0.000	0.9214	0.6155	1
847	1681	72.036	0.000	0.9242	0.5967	1
847	1691	-43.028	0.000	0.7195	0.5216	1
847	1693	58.020	0.000	0.7507	0.5485	1
847	1699	0.999	0.000	0.7655	0.5631	1
847	1713	-29.996	0.000	0.8347	0.6527	1
847	1717	85.031	0.000	0.8259	0.5260	1
847	1728	-29.012	0.000	0.7902	0.5431	1
847	1792	57.984	0.000	0.8091	0.5986	1
847	1935	57.984	0.000	0.7717	0.5648	1
847	2092	29.978	0.000	0.7124	0.5161	1
847	2141	57.984	0.000	0.7813	0.6057	1
847	2236	29.978	0.000	0.7025	0.4483	1
848	888	170.106	0.000	0.7160	0.6050	1
848	1278	57.091	0.000	0.7477	0.4899	1
848	1579	-29.941	0.000	0.7739	0.6004	1
849	886	-260.116	0.000	0.8098	0.6491	1
849	889	-97.053	0.000	0.8527	0.7588	1
849	904	321.667	0.000	0.7811	0.6142	1
849	925	-260.116	0.000	0.8362	0.6521	1
849	959	-97.053	0.000	0.8663	0.7594	1
849	963	-260.116	0.000	0.7886	0.5942	1
849	1257	244.121	0.000	0.7055	0.5157	1
850	862	214.132	0.000	0.7039	0.5525	1
850	871	202.075	0.000	0.7353	0.5604	1
850	907	14.015	0.000	0.9768	0.8994	1
850	975	204.090	0.000	0.7035	0.5987	1
850	985	-12.995	0.000	0.9554	0.8467	1
850	987	204.090	0.000	0.7074	0.6069	1
851	913	-0.000	0.000	0.9167	0.6853	1
851	918	87.068	0.000	0.8123	0.5712	1
851	919	-387.147	0.000	0.7002	0.4034	1
851	929	48.986	0.000	0.7085	0.6000	1
851	981	48.003	0.000	0.7582	0.4392	1
851	1170	113.084	0.000	0.7429	0.6577	1
852	858	-0.000	0.000	0.7961	0.6508	1
853	897	-0.000	0.000	0.8669	0.8074	1
853	1034	16.031	0.000	0.8922	0.7279	1
853	1061	-30.010	0.000	0.8387	0.6824	1
853	1103	14.016	0.000	0.7952	0.7395	1
853	1117	-30.010	0.000	0.8309	0.7168	1
853	1194	16.031	0.000	0.8798	0.8160	1
853	1239	-43.990	0.000	0.8572	0.5446	1
853	1711	26.052	0.000	0.8360	0.8271	1
853	1787	18.011	0.000	0.8855	0.8237	1
853	1790	46.006	0.000	0.8456	0.7035	1
853	1832	2.052	0.000	0.7730	0.5111	1
854	906	48.000	0.000	0.8893	0.7338	1
854	1021	62.015	0.000	0.8292	0.7289	1
854	1036	50.016	0.000	0.8146	0.7061	1
854	1111	50.016	0.000	0.7241	0.7612	1
854	1186	76.031	0.000	0.7457	0.6248	1
854	1427	46.021	0.000	0.7997	0.5685	1
854	1456	90.047	0.000	0.7895	0.5135	1
854	1501	18.026	0.000	0.8356	0.6495	1
854	1599	26.004	0.000	0.7904	0.5846	1
855	1154	27.959	0.000	0.7228	0.4666	1
855	1392	111.032	0.000	0.8242	0.5820	1
855	1517	-18.011	0.000	0.8816	0.7598	1
856	935	-127.136	0.000	0.7743	0.5083	1
856	936	-126.134	0.000	0.7131	0.5608	1
856	1031	38.019	0.000	0.7340	0.5048	1
856	1032	-27.065	0.000	0.7391	0.6035	1
856	1100	-27.065	0.000	0.7282	0.5815	1
856	1156	38.020	0.000	0.7015	0.4911	1
856	1159	37.016	0.000	0.7275	0.5158	1
856	1202	169.057	0.000	0.7874	0.5830	1
856	1207	86.020	0.000	0.7568	0.5287	1
856	1232	98.020	0.000	0.8411	0.6214	1
856	1241	112.035	0.000	0.7893	0.5656	1
856	1265	22.024	0.000	0.7664	0.5986	1
856	1352	82.025	0.000	0.7922	0.6250	1
856	1357	81.022	0.000	0.9142	0.7586	1
856	1407	183.073	0.000	0.7463	0.5121	1
856	1437	185.088	0.000	0.7574	0.4908	1
856	1485	-16.023	0.000	0.7042	0.4979	1
856	1575	-64.045	0.000	0.7744	0.5301	1
856	1588	37.982	0.000	0.7455	0.6059	1
856	1595	-33.003	0.000	0.7642	0.5826	1
856	1677	135.036	0.000	0.7115	0.6027	1
856	1905	39.978	0.000	0.7458	0.5862	1
856	1929	77.031	0.000	0.7428	0.5925	1
856	1947	6.977	0.000	0.7083	0.5205	1
856	2028	185.052	0.000	0.7407	0.5795	1
856	2139	210.064	0.000	0.7575	0.6957	1
856	2147	54.977	0.000	0.7556	0.5823	1
857	903	0.000	0.000	0.7725	0.6711	1
858	859	-234.112	0.000	0.8308	0.7092	1
858	984	104.095	0.000	0.7611	0.4613	1
858	1024	99.068	0.000	0.8284	0.7113	1
858	1201	251.164	0.000	0.7369	0.4005	1
860	980	26.016	0.000	0.7243	0.5832	1
860	1016	26.016	0.000	0.8304	0.6643	1
860	1136	40.031	0.000	0.7961	0.8179	1
860	1626	-16.032	0.000	0.9313	0.8155	1
860	2035	-0.000	0.000	0.9730	0.8959	1
860	2036	-18.011	0.000	0.7505	0.6748	1
860	2125	26.015	0.000	0.8839	0.8183	1
860	2251	-18.011	0.000	0.7447	0.6174	1
860	2304	-18.011	0.000	0.7521	0.6318	1
860	2314	-18.011	0.000	0.7323	0.5521	1
860	2410	-18.011	0.000	0.7358	0.5982	1
861	1200	-15.995	0.000	0.8529	0.7003	1
861	1229	161.030	0.000	0.7158	0.5598	1
861	1540	-128.095	0.000	0.7653	0.6923	1
862	907	-200.117	0.000	0.7184	0.5756	1
862	915	131.037	0.000	0.7040	0.6704	1
862	1066	145.053	0.000	0.7479	0.5030	1
862	2194	116.026	0.000	0.7014	0.5641	1
866	888	-66.011	0.000	0.7169	0.6385	1
866	915	26.015	0.000	0.7206	0.7177	1
866	921	97.052	0.000	0.7564	0.6662	1
866	923	-66.011	0.000	0.8124	0.6753	1
866	942	-128.059	0.000	0.7882	0.6232	1
866	973	-103.064	0.000	0.7891	0.5863	1
866	986	-103.064	0.000	0.7784	0.5280	1
866	1001	26.015	0.000	0.8114	0.8679	1
866	1023	-144.090	0.000	0.7351	0.4283	1
866	1261	-16.990	0.000	0.8439	0.5907	1
866	1387	-16.823	0.000	0.9306	0.7221	1
866	1403	-16.990	0.000	0.9322	0.7295	1
866	1407	-31.006	0.000	0.9001	0.6844	1
866	1556	-119.022	0.000	0.8396	0.5609	1
866	1697	-118.039	0.000	0.7057	0.4314	1
866	2051	38.004	0.000	0.7219	0.5127	1
866	2181	137.073	0.000	0.7023	0.5442	1
867	905	-0.000	0.000	0.9549	0.9347	1
867	922	-15.959	0.000	0.7358	0.5887	1
867	996	14.016	0.000	0.7386	0.7238	1
867	1198	42.047	0.000	0.7064	0.6491	1
867	1246	42.047	0.000	0.8038	0.6599	1
867	1262	12.036	0.000	0.7096	0.6979	1
867	1349	-1.943	0.000	0.7280	0.6809	1
867	1397	-15.959	0.000	0.8383	0.7678	1
867	1398	26.052	0.000	0.7107	0.6484	1
867	1458	-15.959	0.000	0.8138	0.7094	1
868	872	253.142	0.000	0.7201	0.5826	1
869	949	-157.075	0.000	0.7547	0.5305	1
869	1024	-226.096	0.000	0.7303	0.6100	1
869	1208	-113.051	0.000	0.7245	0.5851	1
869	1600	60.036	0.000	0.8792	0.6445	1
869	1648	33.025	0.000	0.8114	0.6553	1
869	1934	18.973	0.000	0.7388	0.5334	1
869	2145	18.973	0.000	0.7762	0.6437	1
870	1020	147.068	0.000	0.9019	0.7674	1
870	1102	147.069	0.000	0.8681	0.7370	1
871	968	-198.101	0.000	0.7308	0.5233	1
871	973	14.016	0.000	0.8736	0.7785	1
871	975	2.016	0.000	0.8446	0.7740	1
871	976	-41.027	0.000	0.7369	0.5524	1
871	982	-198.101	0.000	0.7272	0.5317	1
871	986	14.016	0.000	0.8971	0.7949	1
871	987	2.016	0.000	0.8357	0.6928	1
871	988	-41.027	0.000	0.7398	0.5760	1
871	998	-99.032	0.000	0.7044	0.5578	1
871	1556	-1.943	0.000	0.7517	0.6546	1
871	1770	72.021	0.000	0.7124	0.5826	1
871	1798	-25.032	0.000	0.7063	0.5030	1
872	1133	111.069	0.000	0.7317	0.5983	1
872	1160	111.069	0.000	0.7139	0.5977	1
872	1546	109.089	0.000	0.7036	0.5744	1
873	975	97.053	0.000	0.7692	0.6693	1
873	987	97.053	0.000	0.7717	0.7014	1
873	998	-3.995	0.000	0.8225	0.6839	1
873	1204	-128.059	0.000	0.7864	0.4825	1
873	1798	70.006	0.000	0.7682	0.6643	1
874	898	14.016	0.000	0.7986	0.7033	1
874	905	-42.011	0.000	0.7133	0.6762	1
874	977	16.054	0.000	0.7685	0.5807	1
874	990	16.031	0.000	0.7941	0.6571	1
874	996	-27.995	0.000	0.7402	0.6788	1
874	1155	42.047	0.000	0.7056	0.6410	1
874	1169	-1.979	0.000	0.7430	0.6138	1
877	881	-1.003	0.000	0.8431	0.7149	1
877	912	-0.000	0.000	0.9510	0.8509	1
877	975	126.079	0.000	0.7086	0.6165	1
877	1050	-115.027	0.000	0.8782	0.7741	1
877	1106	-115.027	0.000	0.8813	0.8134	1
877	1264	-202.059	0.000	0.8434	0.7069	1
878	886	99.068	0.000	0.7833	0.6828	1
878	889	262.131	0.000	0.7854	0.6302	1
878	901	145.052	0.000	0.7535	0.6696	1
878	903	549.785	0.000	0.7579	0.5810	1
878	908	-0.000	0.000	0.9605	0.8658	1
878	925	99.068	0.000	0.7816	0.7214	1
878	959	262.131	0.000	0.7638	0.6193	1
878	963	99.068	0.000	0.7897	0.6829	1
879	1097	7.994	0.000	0.7983	0.5273	1
879	1116	-57.021	0.000	0.7264	0.5265	1
879	1150	-36.995	0.000	0.8988	0.6675	1
879	1191	-129.043	0.000	0.8911	0.5227	1
879	1222	-15.995	0.000	0.8834	0.9152	1
881	912	1.003	0.000	0.8485	0.7513	1
881	1050	-114.024	0.000	0.7689	0.6379	1
881	1106	-114.024	0.000	0.7445	0.6172	1
883	1787	-54.079	0.000	0.9129	0.8084	1
884	975	241.142	0.000	0.8077	0.5069	1
884	976	198.100	0.000	0.7735	0.4837	1
884	987	241.142	0.000	0.8013	0.4781	1
884	988	198.100	0.000	0.7962	0.5464	1
884	1137	-114.044	0.000	0.8435	0.7743	1
884	1202	311.184	0.000	0.7349	0.4995	1
884	1770	311.147	0.000	0.7137	0.4381	1
884	1794	213.092	0.000	0.7004	0.4946	1
884	1798	214.095	0.000	0.8231	0.5389	1
885	928	165.079	0.000	0.8306	0.5778	1
885	1668	148.053	0.000	0.7823	0.5726	1
886	889	163.063	0.000	0.8789	0.7414	1
886	904	581.783	0.000	0.7194	0.5248	1
886	908	-99.068	0.000	0.7884	0.7088	1
886	925	-0.000	0.000	0.9557	0.8559	1
886	959	163.063	0.000	0.8683	0.6768	1
886	963	-0.000	0.000	0.9481	0.8553	1
887	1137	-128.058	0.000	0.8782	0.6947	1
887	1469	224.153	0.000	0.7943	0.5293	1
888	915	92.026	0.000	0.7020	0.5789	1
888	923	-0.000	0.000	0.9307	0.7398	1
888	1001	92.026	0.000	0.7197	0.5340	1
888	1036	99.068	0.000	0.7817	0.5244	1
888	1245	34.021	0.000	0.8604	0.7776	1
889	901	-117.079	0.000	0.7562	0.7401	1
889	904	418.720	0.000	0.8204	0.6917	1
889	908	-262.132	0.000	0.8052	0.6902	1
889	925	-163.063	0.000	0.8879	0.7463	1
889	959	0.000	0.000	0.9668	0.8683	1
889	963	-163.064	0.000	0.8647	0.6960	1
890	893	4.959	0.000	0.9456	0.5369	1
890	899	541.255	0.000	0.9244	0.5185	1
890	900	540.251	0.000	0.7153	0.5035	1
890	909	97.050	0.000	0.9389	0.5509	1
890	924	6.937	0.000	0.9365	0.6011	1
891	892	-17.027	0.000	0.9637	0.9080	1
891	1606	-17.063	0.000	0.7116	0.6134	1
892	1404	-50.027	0.000	0.8309	0.6655	1
893	899	536.296	0.000	0.9586	0.6959	1
893	909	92.091	0.000	0.9706	0.7163	1
893	924	1.979	0.000	0.9616	0.6562	1
894	895	-17.026	0.000	0.9191	0.7815	1
894	1004	33.961	0.000	0.9543	0.7932	1
895	1009	33.961	0.000	0.9256	0.7097	1
896	898	42.011	0.000	0.7849	0.7516	1
896	905	-14.016	0.000	0.7176	0.6931	1
896	996	-0.000	0.000	0.7128	0.6958	1
896	1003	14.016	0.000	0.8210	0.6626	1
896	1133	14.016	0.000	0.7176	0.6725	1
896	1139	28.031	0.000	0.8248	0.6862	1
896	1160	14.016	0.000	0.7639	0.7651	1
896	1184	16.031	0.000	0.7344	0.7205	1
896	1246	28.031	0.000	0.7144	0.6445	1
896	1262	-1.979	0.000	0.8099	0.7508	1
896	1274	113.084	0.000	0.7215	0.6217	1
896	1397	-29.974	0.000	0.7184	0.5995	1
896	1398	12.036	0.000	0.8399	0.6929	1
896	1458	-29.974	0.000	0.7115	0.6666	1
896	1531	-28.990	0.000	0.7161	0.6978	1
896	1546	12.036	0.000	0.7522	0.8163	1
896	1590	-0.959	0.000	0.7323	0.7206	1
896	2061	-29.027	0.000	0.7136	0.6587	1
897	1061	-30.010	0.000	0.9261	0.7338	1
897	1103	14.016	0.000	0.9224	0.8784	1
897	1117	-30.010	0.000	0.9749	0.8147	1
897	1149	14.016	0.000	0.9862	0.8396	1
897	1194	16.031	0.000	0.9672	0.7772	1
897	1209	-58.005	0.000	0.8564	0.7143	1
897	1239	-43.990	0.000	0.8556	0.5396	1
897	1240	-58.005	0.000	0.9249	0.7455	1
897	1369	-25.979	0.000	0.9197	0.6100	1
897	1613	2.052	0.000	0.7143	0.7433	1
897	1711	26.052	0.000	0.9062	0.7821	1
897	1787	18.011	0.000	0.9481	0.8762	1
897	1790	46.006	0.000	0.9868	0.8441	1
897	2137	-23.975	0.000	0.9288	0.6209	1
898	1133	-27.995	0.000	0.7255	0.6837	1
898	1140	99.068	0.000	0.7186	0.6581	1
898	1155	28.031	0.000	0.7383	0.5326	1
898	1160	-27.995	0.000	0.7210	0.6483	1
898	1166	43.031	0.000	0.8578	0.6272	1
898	1260	-1.979	0.000	0.8757	0.7385	1
898	1418	12.036	0.000	0.9031	0.8269	1
898	1454	12.036	0.000	0.8962	0.8176	1
898	1481	-15.959	0.000	0.7269	0.6535	1
898	1507	-14.975	0.000	0.8332	0.7531	1
899	900	-1.003	0.000	0.7780	0.8559	1
899	909	-444.205	0.000	0.9436	0.6341	1
899	924	-534.317	0.000	0.9356	0.5809	1
899	943	-136.075	0.000	0.7414	0.6549	1
899	1034	48.057	0.000	0.9366	0.6385	1
899	1711	58.078	0.000	0.8886	0.6191	1
900	924	-533.314	0.000	0.7461	0.5353	1
900	943	-135.072	0.000	0.8821	0.6682	1
901	908	-145.053	0.000	0.7492	0.6958	1
901	959	117.079	0.000	0.7549	0.7320	1
902	1033	184.049	0.000	0.7911	0.5899	1
902	1270	70.006	0.000	0.8159	0.6198	1
902	1533	-17.027	0.000	0.7838	0.6780	1
902	1618	-18.011	0.000	0.7997	0.5107	1
903	908	-549.785	0.000	0.7369	0.5697	1
904	925	-581.783	0.000	0.7670	0.5481	1
904	959	-418.720	0.000	0.8368	0.7321	1
904	963	-581.783	0.000	0.7115	0.5008	1
904	1098	-22.540	0.000	0.7063	0.3184	1
904	1257	-77.545	0.000	0.7771	0.5715	1
904	1471	-38.498	0.000	0.7263	0.4307	1
905	922	-15.959	0.000	0.7366	0.6512	1
905	996	14.016	0.000	0.7138	0.6818	1
905	1061	141.079	0.000	0.7158	0.5474	1
905	1139	42.047	0.000	0.7570	0.6851	1
905	1209	113.084	0.000	0.7327	0.5284	1
905	1240	113.084	0.000	0.7135	0.5149	1
905	1246	42.047	0.000	0.8646	0.7106	1
905	1262	12.037	0.000	0.7256	0.7206	1
905	1267	56.063	0.000	0.7027	0.6403	1
905	1349	-1.943	0.000	0.7348	0.6058	1
905	1397	-15.959	0.000	0.8837	0.7859	1
905	1398	26.052	0.000	0.7246	0.6483	1
905	1458	-15.958	0.000	0.8715	0.7635	1
905	1468	-1.943	0.000	0.7055	0.6555	1
905	2061	-15.011	0.000	0.7326	0.6903	1
906	1036	2.016	0.000	0.7927	0.7104	1
906	1222	99.069	0.000	0.7750	0.5917	1
906	1233	-48.910	0.000	0.7941	0.4327	1
906	1427	-1.979	0.000	0.8798	0.6496	1
906	1456	42.047	0.000	0.9327	0.6860	1
906	1501	-29.974	0.000	0.8880	0.6038	1
906	1848	26.005	0.000	0.8497	0.6328	1
906	1974	-66.921	0.000	0.8492	0.4122	1
906	2062	51.995	0.000	0.8924	0.6473	1
907	973	202.075	0.000	0.7760	0.5812	1
907	985	-27.011	0.000	0.9429	0.7770	1
907	986	202.075	0.000	0.7841	0.6951	1
907	1211	55.075	0.000	0.8068	0.6261	1
907	1579	39.080	0.000	0.7233	0.5656	1
908	925	99.068	0.000	0.7755	0.7447	1
908	959	262.132	0.000	0.7685	0.6377	1
908	963	99.068	0.000	0.7873	0.6960	1
909	924	-90.112	0.000	0.9459	0.5916	1
910	1017	14.016	0.000	0.9635	0.8690	1
910	1110	-12.995	0.000	0.9126	0.8048	1
910	1672	-27.048	0.000	0.7366	0.6388	1
911	1024	99.068	0.000	0.8440	0.6591	1
911	1184	315.158	0.000	0.7066	0.4165	1
911	1392	157.089	0.000	0.7851	0.6203	1
912	975	126.080	0.000	0.7130	0.6126	1
912	1050	-115.027	0.000	0.8828	0.7538	1
912	1106	-115.027	0.000	0.8724	0.7799	1
912	1264	-202.059	0.000	0.8428	0.7008	1
913	918	87.068	0.000	0.8150	0.6453	1
913	919	-387.146	0.000	0.7105	0.4447	1
913	981	48.003	0.000	0.7411	0.4668	1
913	1170	113.085	0.000	0.7751	0.7660	1
914	993	-27.010	0.000	0.9444	0.7857	1
914	1528	-41.062	0.000	0.8150	0.6631	1
915	921	71.037	0.000	0.7948	0.5568	1
915	923	-92.026	0.000	0.7363	0.6557	1
915	991	-163.063	0.000	0.7741	0.5727	1
915	1001	0.000	0.000	0.8658	0.7186	1
915	1241	-128.059	0.000	0.7096	0.5161	1
915	1245	-58.005	0.000	0.7870	0.6734	1
915	1412	-16.990	0.000	0.7954	0.5848	1
915	1486	-31.006	0.000	0.7360	0.5998	1
915	1836	-40.006	0.000	0.8032	0.5925	1
915	1876	-40.006	0.000	0.8099	0.6309	1
915	1964	-40.006	0.000	0.8453	0.6870	1
915	2019	-59.048	0.000	0.7067	0.4918	1
915	2066	-59.048	0.000	0.7376	0.6154	1
916	1037	99.067	0.000	0.8792	0.7305	1
917	951	-3.995	0.000	0.8171	0.6467	1
917	1034	42.047	0.000	0.9518	0.7220	1
917	1111	-49.979	0.000	0.9446	0.6905	1
917	1194	42.047	0.000	0.9735	0.7333	1
917	1238	-14.974	0.000	0.7892	0.6456	1
917	1362	-14.974	0.000	0.8343	0.6444	1
917	1414	-15.958	0.000	0.9725	0.8058	1
917	1459	-1.943	0.000	0.9685	0.7929	1
917	1472	-44.985	0.000	0.8114	0.5669	1
917	1547	26.052	0.000	0.9725	0.7688	1
917	1554	-72.980	0.000	0.8227	0.4227	1
917	1576	-14.975	0.000	0.7867	0.6612	1
917	1598	-39.959	0.000	0.8644	0.5056	1
917	1634	-40.006	0.000	0.8819	0.5464	1
917	1642	-0.959	0.000	0.9506	0.7488	1
917	1681	-0.959	0.000	0.9569	0.8046	1
917	1713	-102.991	0.000	0.8036	0.5396	1
917	1717	12.036	0.000	0.8884	0.5485	1
917	1916	-93.990	0.000	0.7031	0.3731	1
918	919	-474.215	0.000	0.8625	0.6851	1
918	974	-71.037	0.000	0.7805	0.5601	1
918	981	-39.065	0.000	0.8146	0.5453	1
918	1211	-87.032	0.000	0.8309	0.7010	1
918	1278	-15.995	0.000	0.8235	0.5860	1
918	1281	-11.033	0.000	0.7545	0.5420	1
919	981	435.150	0.000	0.7334	0.4400	1
920	1204	230.109	0.000	0.8175	0.6592	1
920	1213	44.008	0.000	0.9213	0.8669	1
920	1258	-15.994	0.000	0.8662	0.7594	1
921	1001	-71.037	0.000	0.8823	0.7683	1
921	1245	-129.042	0.000	0.7844	0.5180	1
921	1387	-113.875	0.000	0.7615	0.5351	1
921	1403	-114.043	0.000	0.7710	0.5323	1
921	1407	-128.058	0.000	0.7020	0.4260	1
921	1511	-31.006	0.000	0.8236	0.5532	1
921	1560	-16.990	0.000	0.9550	0.8458	1
921	2005	-40.006	0.000	0.8766	0.6310	1
921	2251	-37.991	0.000	0.7306	0.5060	1
922	1120	147.053	0.000	0.7425	0.5425	1
922	1209	129.043	0.000	0.7068	0.6040	1
922	1267	72.021	0.000	0.7611	0.5282	1
922	1468	14.016	0.000	0.7940	0.5828	1
922	1957	-15.958	0.000	0.7636	0.6224	1
923	1001	92.026	0.000	0.7982	0.6558	1
923	1036	99.069	0.000	0.7490	0.4676	1
923	1245	34.021	0.000	0.8628	0.7261	1
924	944	-136.075	0.000	0.8692	0.6809	1
925	959	163.063	0.000	0.8859	0.6861	1
925	963	-0.000	0.000	0.9452	0.8414	1
926	933	-177.182	0.000	0.9763	0.8600	1
926	936	474.214	0.000	0.7070	0.7044	1
926	964	249.067	0.000	0.8890	0.7325	1
927	968	71.037	0.000	0.8255	0.7236	1
927	982	71.037	0.000	0.8394	0.7601	1
927	998	170.106	0.000	0.8259	0.6722	1
927	1231	-115.027	0.000	0.8969	0.7344	1
928	1178	-17.993	0.000	0.8154	0.6114	1
928	1201	-52.031	0.000	0.7591	0.7987	1
928	1402	-8.016	0.000	0.8904	0.7721	1
928	1461	-27.058	0.000	0.7080	0.4981	1
928	1474	0.948	0.000	0.8949	0.7808	1
928	1525	-6.011	0.000	0.7008	0.5312	1
928	1554	54.011	0.000	0.7472	0.5513	1
928	1668	-17.026	0.000	0.8381	0.6608	1
928	1713	24.000	0.000	0.8033	0.6703	1
928	1913	121.053	0.000	0.7518	0.6379	1
929	953	0.017	0.000	0.7791	0.7077	1
929	981	-0.983	0.000	0.7843	0.5425	1
930	961	0.000	0.000	0.9829	0.8623	1
930	1114	14.016	0.000	0.8584	0.7541	1
930	1119	-2.052	0.000	0.7363	0.7179	1
930	1128	42.011	0.000	0.7710	0.7461	1
930	1191	-36.036	0.000	0.8720	0.7316	1
930	1196	14.016	0.000	0.8723	0.7752	1
930	1203	42.010	0.000	0.8014	0.7661	1
930	1209	-2.052	0.000	0.8841	0.7273	1
930	1228	0.984	0.000	0.9178	0.7892	1
930	1240	-2.052	0.000	0.8478	0.6908	1
930	1374	11.964	0.000	0.7592	0.4809	1
930	1414	13.979	0.000	0.8140	0.6524	1
930	1470	31.990	0.000	0.7379	0.5635	1
930	1501	-52.031	0.000	0.7937	0.5585	1
930	1516	25.979	0.000	0.7005	0.7015	1
930	1557	-16.973	0.000	0.8219	0.6775	1
930	1570	13.960	0.000	0.7232	0.5190	1
930	1613	58.005	0.000	0.7912	0.7052	1
930	1614	39.995	0.000	0.8546	0.7581	1
930	1637	111.032	0.000	0.7812	0.5189	1
930	1644	0.947	0.000	0.8198	0.7693	1
930	1671	39.995	0.000	0.7446	0.7580	1
930	1676	39.995	0.000	0.7621	0.6562	1
930	1732	-128.095	0.000	0.7171	0.6135	1
930	1744	-56.074	0.000	0.7091	0.5423	1
930	1745	86.000	0.000	0.7490	0.5496	1
930	1757	100.016	0.000	0.7633	0.6070	1
930	1769	9.984	0.000	0.8276	0.7633	1
930	1773	27.995	0.000	0.8299	0.7493	1
930	1826	54.011	0.000	0.7625	0.6488	1
930	1832	58.005	0.000	0.7678	0.5194	1
930	1852	-18.011	0.000	0.9004	0.8056	1
930	1853	18.011	0.000	0.9147	0.7752	1
930	1854	-0.000	0.000	0.9863	0.8932	1
930	1857	-17.027	0.000	0.7922	0.6012	1
930	1913	24.000	0.000	0.8198	0.6777	1
930	1923	-3.995	0.000	0.7724	0.6845	1
930	1924	14.016	0.000	0.8705	0.7631	1
930	1944	-1.104	0.000	0.7268	0.5815	1
930	1951	0.984	0.000	0.8500	0.7042	1
930	1952	-17.027	0.000	0.7798	0.7101	1
930	1954	42.011	0.000	0.7697	0.6806	1
930	1957	-147.053	0.000	0.8004	0.6794	1
930	2055	-19.061	0.000	0.7355	0.5858	1
930	2062	29.938	0.000	0.7488	0.5688	1
930	2063	12.911	0.000	0.7388	0.6035	1
930	2074	6.958	0.000	0.8439	0.6228	1
930	2196	-18.047	0.000	0.8617	0.7247	1
930	2234	-26.027	0.000	0.8127	0.5967	1
930	2235	-51.084	0.000	0.7235	0.5435	1
930	2264	-26.027	0.000	0.7658	0.6128	1
930	2323	57.969	0.000	0.7602	0.5551	1
930	2324	40.942	0.000	0.7615	0.5884	1
930	2333	10.932	0.000	0.7630	0.6952	1
930	2339	-35.056	0.000	0.7053	0.5673	1
930	2362	-17.063	0.000	0.8099	0.7188	1
930	2397	-16.079	0.000	0.7035	0.5280	1
930	2401	24.948	0.000	0.7611	0.6666	1
930	2403	-2.063	0.000	0.7008	0.5685	1
930	2405	54.958	0.000	0.7651	0.6261	1
931	958	-0.000	0.000	0.9702	0.8495	1
931	1000	113.084	0.000	0.8872	0.7996	1
931	1051	112.081	0.000	0.7140	0.5881	1
931	1052	113.084	0.000	0.8884	0.8276	1
931	1107	113.084	0.000	0.8991	0.8105	1
931	1126	113.166	0.000	0.8810	0.8263	1
931	1144	113.084	0.000	0.8974	0.8314	1
931	1431	323.222	0.000	0.7006	0.5492	1
931	1451	113.084	0.000	0.8802	0.7649	1
932	1049	99.069	0.000	0.8837	0.7500	1
932	1055	98.153	0.000	0.7326	0.6049	1
932	1108	-14.999	0.000	0.7041	0.6111	1
932	1173	-129.042	0.000	0.9068	0.7877	1
932	1457	212.153	0.000	0.7315	0.4817	1
933	964	426.248	0.000	0.8839	0.7195	1
934	956	0.000	0.000	0.9571	0.8394	1
934	962	-131.007	0.000	0.7022	0.6345	1
934	969	0.034	0.000	0.9398	0.8348	1
934	994	0.033	0.000	0.9635	0.8810	1
934	1250	99.102	0.000	0.7793	0.5550	1
934	1269	99.102	0.000	0.7904	0.5587	1
935	936	1.002	0.000	0.8617	0.6931	1
935	937	326.701	0.000	0.8187	0.7559	1
935	942	213.155	0.000	0.7203	0.5191	1
935	1012	-70.035	0.000	0.7407	0.5850	1
935	1022	-56.019	0.000	0.7686	0.7906	1
935	1032	100.071	0.000	0.7170	0.5229	1
935	1100	100.071	0.000	0.7339	0.6140	1
935	1207	213.156	0.000	0.7275	0.4440	1
935	1230	50.092	0.000	0.7227	0.5016	1
935	1265	149.160	0.000	0.7021	0.4749	1
935	1352	209.161	0.000	0.7036	0.4514	1
935	1357	208.158	0.000	0.7666	0.5159	1
935	1407	310.209	0.000	0.7400	0.4291	1
935	2028	312.188	0.000	0.7043	0.5415	1
936	937	325.699	0.000	0.8703	0.7830	1
936	942	212.153	0.000	0.8391	0.7461	1
936	964	-225.147	0.000	0.8243	0.7009	1
936	1012	-71.037	0.000	0.8568	0.6202	1
936	1022	-57.021	0.000	0.8891	0.7130	1
936	1032	99.069	0.000	0.8629	0.7838	1
936	1100	99.069	0.000	0.8597	0.7732	1
936	1202	295.191	0.000	0.7760	0.5246	1
936	1207	212.154	0.000	0.8534	0.6742	1
936	1230	49.090	0.000	0.8509	0.7073	1
936	1232	224.154	0.000	0.8114	0.5504	1
936	1241	238.169	0.000	0.8146	0.5638	1
936	1252	-21.947	0.000	0.7225	0.5842	1
936	1265	148.158	0.000	0.8071	0.6355	1
936	1352	208.159	0.000	0.8065	0.5959	1
936	1407	309.206	0.000	0.8364	0.5664	1
936	1437	311.222	0.000	0.7914	0.5753	1
936	1485	110.110	0.000	0.7253	0.4896	1
936	1575	62.089	0.000	0.7987	0.5152	1
936	1595	93.131	0.000	0.7794	0.6247	1
936	1789	311.186	0.000	0.7670	0.5547	1
936	2028	311.186	0.000	0.7672	0.6134	1
936	2088	18.047	0.000	0.7588	0.6488	1
936	2147	181.111	0.000	0.8003	0.6135	1
937	942	-113.546	0.000	0.7702	0.6724	1
937	964	-550.846	0.000	0.7570	0.7578	1
937	1012	-396.736	0.000	0.7332	0.5572	1
937	1032	-226.630	0.000	0.7809	0.6842	1
937	1100	-226.630	0.000	0.7962	0.7387	1
937	1202	-30.508	0.000	0.7320	0.5466	1
937	1207	-113.545	0.000	0.7811	0.6751	1
937	1230	-276.609	0.000	0.7059	0.5368	1
937	1232	-101.545	0.000	0.7454	0.5457	1
937	1241	-87.530	0.000	0.7090	0.4800	1
937	1352	-117.540	0.000	0.7013	0.5082	1
937	1407	-16.492	0.000	0.7874	0.5727	1
937	1575	-263.610	0.000	0.7015	0.4578	1
937	1595	-232.568	0.000	0.7510	0.6087	1
937	1789	-14.513	0.000	0.7029	0.6043	1
937	2028	-14.513	0.000	0.7132	0.6358	1
938	962	0.000	0.000	0.9619	0.8744	1
938	969	131.041	0.000	0.7372	0.7115	1
938	995	186.101	0.000	0.7569	0.4440	1
938	1177	99.069	0.000	0.8965	0.7086	1
938	1206	-15.995	0.000	0.8908	0.7521	1
939	954	0.000	0.000	0.9663	0.9145	1
940	991	97.053	0.000	0.7885	0.6349	1
940	1252	-128.058	0.000	0.7810	0.6427	1
940	1476	-215.090	0.000	0.7339	0.5431	1
941	1652	-37.981	0.000	0.8400	0.6179	1
942	1031	-48.001	0.000	0.7295	0.6378	1
942	1032	-113.084	0.000	0.7599	0.6510	1
942	1100	-113.084	0.000	0.7903	0.7157	1
942	1156	-48.000	0.000	0.7072	0.6552	1
942	1202	83.038	0.000	0.8489	0.6800	1
942	1207	0.000	0.000	0.8246	0.6647	1
942	1230	-163.063	0.000	0.7443	0.5905	1
942	1232	12.000	0.000	0.8219	0.6225	1
942	1241	26.016	0.000	0.8234	0.6250	1
942	1265	-63.995	0.000	0.8277	0.6608	1
942	1352	-3.995	0.000	0.8140	0.6040	1
942	1407	97.053	0.000	0.7940	0.5727	1
942	1437	99.069	0.000	0.8192	0.6995	1
942	1485	-102.043	0.000	0.7117	0.5112	1
942	1575	-150.064	0.000	0.7909	0.5579	1
942	1588	-48.037	0.000	0.7605	0.6943	1
942	1595	-119.022	0.000	0.7559	0.6093	1
942	1651	-16.068	0.000	0.7170	0.5806	1
942	1789	99.032	0.000	0.7932	0.7210	1
942	2028	99.032	0.000	0.7788	0.7201	1
942	2147	-31.042	0.000	0.7510	0.5914	1
943	944	-534.317	0.000	0.8255	0.7177	1
943	948	-19.969	0.000	0.8194	0.6798	1
945	967	-14.016	0.000	0.7622	0.6640	1
946	1011	0.000	0.000	0.9289	0.8937	1
946	1152	26.016	0.000	0.9305	0.7996	1
946	1163	15.048	0.000	0.7279	0.4943	1
946	1347	40.031	0.000	0.9351	0.8006	1
946	1550	10.021	0.000	0.7817	0.4551	1
946	1603	-16.990	0.000	0.7614	0.6179	1
946	2266	-40.006	0.000	0.7258	0.5023	1
947	1548	-42.058	0.000	0.7423	0.6430	1
947	1662	-0.036	0.000	0.8920	0.8189	1
947	2342	-14.088	0.000	0.7786	0.6993	1
949	1106	-177.111	0.000	0.7084	0.4771	1
949	1208	44.023	0.000	0.8257	0.6205	1
949	1245	147.069	0.000	0.8057	0.7295	1
949	1471	33.026	0.000	0.8959	0.6803	1
949	1801	-140.025	0.000	0.7017	0.5293	1
949	2279	-28.994	0.000	0.7013	0.5190	1
950	1124	14.975	0.000	0.7775	0.5364	1
950	1125	16.979	0.000	0.9133	0.7547	1
950	1127	-27.047	0.000	0.8200	0.6160	1
950	1598	256.118	0.000	0.7331	0.5577	1
950	1599	222.086	0.000	0.7478	0.4575	1
950	1634	256.070	0.000	0.7251	0.3983	1
950	1783	-2.113	0.000	0.8256	0.6091	1
950	1786	-1.110	0.000	0.9020	0.7069	1
950	1807	127.009	0.000	0.7367	0.5502	1
950	1808	128.012	0.000	0.8614	0.7387	1
950	1810	185.033	0.000	0.8251	0.7573	1
950	1818	-1.031	0.000	0.8404	0.6385	1
950	1819	-2.033	0.000	0.8193	0.6258	1
950	1848	270.086	0.000	0.7870	0.5786	1
950	2036	272.102	0.000	0.7255	0.4094	1
950	2137	298.117	0.000	0.7830	0.4042	1
950	2146	268.107	0.000	0.7449	0.3345	1
950	2213	241.096	0.000	0.7500	0.5986	1
950	2234	240.112	0.000	0.7388	0.4671	1
950	2251	272.101	0.000	0.7513	0.5006	1
950	2263	211.085	0.000	0.7713	0.6180	1
950	2280	254.127	0.000	0.7744	0.4519	1
950	2302	282.122	0.000	0.7463	0.3465	1
950	2304	272.102	0.000	0.7257	0.3867	1
950	2312	255.112	0.000	0.7360	0.3871	1
950	2314	272.102	0.000	0.7299	0.4443	1
950	2345	282.122	0.000	0.7953	0.4655	1
950	2410	272.102	0.000	0.7310	0.4598	1
951	1021	-33.984	0.000	0.8395	0.7866	1
951	1120	-9.984	0.000	0.8370	0.7223	1
951	1140	14.016	0.000	0.8130	0.7523	1
951	1444	113.084	0.000	0.7479	0.5150	1
951	1524	42.047	0.000	0.8921	0.7424	1
951	1553	67.096	0.000	0.7575	0.6516	1
951	1598	-35.964	0.000	0.7302	0.5053	1
951	1634	-36.011	0.000	0.7587	0.5582	1
951	1684	12.036	0.000	0.8612	0.7319	1
951	1769	-15.958	0.000	0.7137	0.6023	1
951	1822	-1.943	0.000	0.8972	0.7692	1
951	1880	26.052	0.000	0.9003	0.7605	1
952	1034	50.016	0.000	0.7169	0.6307	1
952	1116	14.016	0.000	0.8884	0.6348	1
952	1186	-15.995	0.000	0.7815	0.5925	1
952	1751	32.041	0.000	0.7715	0.5731	1
952	1832	36.036	0.000	0.7812	0.5411	1
952	1877	33.025	0.000	0.8369	0.6512	1
952	2137	10.009	0.000	0.7336	0.6673	1
952	2198	10.010	0.000	0.9037	0.6787	1
956	962	-131.007	0.000	0.7160	0.6805	1
956	969	0.034	0.000	0.9378	0.8147	1
956	994	0.033	0.000	0.9569	0.8481	1
956	1031	186.134	0.000	0.7023	0.4523	1
956	1156	186.135	0.000	0.7158	0.4013	1
956	1250	99.102	0.000	0.7951	0.5844	1
956	1269	99.102	0.000	0.8048	0.5975	1
957	1026	147.069	0.000	0.9041	0.8465	1
958	1000	113.084	0.000	0.8828	0.8229	1
958	1051	112.082	0.000	0.7147	0.6030	1
958	1052	113.084	0.000	0.8769	0.8149	1
958	1107	113.084	0.000	0.8928	0.8454	1
958	1126	113.166	0.000	0.8714	0.8289	1
958	1144	113.084	0.000	0.8854	0.8137	1
958	1431	323.222	0.000	0.7020	0.5172	1
958	1451	113.084	0.000	0.8768	0.8142	1
959	963	-163.064	0.000	0.8541	0.6392	1
960	1158	0.001	0.000	0.9118	0.7901	1
960	1413	339.144	0.000	0.7010	0.4183	1
960	1624	224.116	0.000	0.7489	0.5913	1
961	1114	14.015	0.000	0.8631	0.7822	1
961	1119	-2.052	0.000	0.7437	0.7154	1
961	1120	15.958	0.000	0.7002	0.5822	1
961	1128	42.010	0.000	0.7749	0.7230	1
961	1191	-36.037	0.000	0.8743	0.7380	1
961	1196	14.015	0.000	0.8768	0.8135	1
961	1197	-17.993	0.000	0.7070	0.7347	1
961	1203	42.010	0.000	0.7971	0.7486	1
961	1209	-2.052	0.000	0.8812	0.7124	1
961	1228	0.984	0.000	0.9138	0.7892	1
961	1240	-2.052	0.000	0.8481	0.6953	1
961	1374	11.963	0.000	0.7691	0.5545	1
961	1414	13.979	0.000	0.8079	0.6202	1
961	1470	31.990	0.000	0.7406	0.5674	1
961	1501	-52.031	0.000	0.8091	0.6555	1
961	1557	-16.973	0.000	0.8193	0.6884	1
961	1570	13.960	0.000	0.7598	0.7393	1
961	1613	58.005	0.000	0.7928	0.7143	1
961	1614	39.994	0.000	0.8515	0.7225	1
961	1637	111.032	0.000	0.7825	0.5191	1
961	1640	-231.085	0.000	0.7839	0.6264	1
961	1644	0.947	0.000	0.8136	0.7218	1
961	1671	39.994	0.000	0.7450	0.7499	1
961	1676	39.994	0.000	0.7437	0.5332	1
961	1732	-128.095	0.000	0.7143	0.6074	1
961	1744	-56.074	0.000	0.7282	0.6514	1
961	1745	86.000	0.000	0.7612	0.5574	1
961	1757	100.016	0.000	0.7682	0.5956	1
961	1769	9.984	0.000	0.8261	0.7198	1
961	1773	27.995	0.000	0.8304	0.7586	1
961	1826	54.010	0.000	0.7644	0.6488	1
961	1832	58.005	0.000	0.7716	0.5317	1
961	1852	-18.011	0.000	0.8927	0.7730	1
961	1853	18.010	0.000	0.9084	0.7217	1
961	1854	-0.000	0.000	0.9836	0.8765	1
961	1857	-17.027	0.000	0.7976	0.6291	1
961	1913	24.000	0.000	0.8305	0.7204	1
961	1923	-3.995	0.000	0.7708	0.6528	1
961	1924	14.015	0.000	0.8809	0.8362	1
961	1944	-1.105	0.000	0.7283	0.6169	1
961	1945	-35.089	0.000	0.7115	0.5152	1
961	1951	0.984	0.000	0.8465	0.7042	1
961	1952	-17.027	0.000	0.7678	0.6604	1
961	1954	42.010	0.000	0.7709	0.6994	1
961	1957	-147.053	0.000	0.7885	0.6260	1
961	1998	69.932	0.000	0.7468	0.5283	1
961	2055	-19.061	0.000	0.7349	0.6050	1
961	2062	29.937	0.000	0.7476	0.5547	1
961	2063	12.911	0.000	0.7347	0.5799	1
961	2074	6.958	0.000	0.8375	0.6105	1
961	2085	97.964	0.000	0.8333	0.4925	1
961	2196	-18.047	0.000	0.8552	0.6875	1
961	2234	-26.027	0.000	0.8048	0.5589	1
961	2235	-51.084	0.000	0.7155	0.5269	1
961	2264	-26.028	0.000	0.7591	0.5683	1
961	2323	57.969	0.000	0.7645	0.5806	1
961	2324	40.942	0.000	0.7557	0.5641	1
961	2333	10.932	0.000	0.7709	0.7816	1
961	2334	9.929	0.000	0.7098	0.6538	1
961	2362	-17.064	0.000	0.8053	0.7098	1
961	2397	-16.079	0.000	0.7113	0.5362	1
961	2401	24.947	0.000	0.7646	0.7120	1
961	2403	-2.064	0.000	0.7019	0.6143	1
961	2405	54.958	0.000	0.7666	0.6416	1
962	969	131.040	0.000	0.7663	0.7465	1
962	994	131.040	0.000	0.7006	0.6373	1
962	995	186.101	0.000	0.7559	0.4716	1
962	1177	99.069	0.000	0.9100	0.7719	1
962	1206	-15.995	0.000	0.9040	0.7938	1
964	1207	437.301	0.000	0.7176	0.5090	1
964	1407	534.354	0.000	0.7198	0.4747	1
965	966	50.016	0.000	0.7749	0.5842	1
965	1047	50.016	0.000	0.7646	0.6028	1
965	1192	76.031	0.000	0.7587	0.5682	1
965	1606	60.036	0.000	0.7196	0.6920	1
966	967	17.027	0.000	0.9422	0.8121	1
966	1047	0.000	0.000	0.9620	0.8776	1
966	1192	26.016	0.000	0.8437	0.7764	1
966	1405	40.031	0.000	0.7523	0.6482	1
967	1047	-17.026	0.000	0.9120	0.7723	1
968	973	212.117	0.000	0.7184	0.4192	1
968	975	200.117	0.000	0.7123	0.4928	1
968	982	-0.000	0.000	0.9635	0.8983	1
968	986	212.117	0.000	0.7142	0.4430	1
968	998	99.069	0.000	0.7978	0.5752	1
968	1231	-186.064	0.000	0.8227	0.7189	1
969	994	-0.000	0.000	0.9422	0.8512	1
969	1031	186.100	0.000	0.7536	0.5087	1
969	1156	186.101	0.000	0.7623	0.4445	1
969	1206	-147.035	0.000	0.7159	0.6844	1
969	1250	99.068	0.000	0.8401	0.6178	1
969	1269	99.069	0.000	0.8496	0.6213	1
969	1677	283.117	0.000	0.7049	0.4711	1
970	989	-0.000	0.000	0.9836	0.9418	1
971	972	-243.086	0.000	0.8706	0.5184	1
971	1040	-40.006	0.000	0.9537	0.6680	1
971	1902	-61.956	0.000	0.9204	0.5927	1
971	2197	-79.966	0.000	0.9245	0.5490	1
971	2218	-226.072	0.000	0.8590	0.5576	1
971	2241	-79.967	0.000	0.9565	0.7655	1
971	2463	-367.982	0.000	0.9009	0.5093	1
972	2197	163.119	0.000	0.8598	0.5258	1
972	2241	163.119	0.000	0.8742	0.5588	1
972	2463	-124.896	0.000	0.8368	0.5829	1
973	974	-131.005	0.000	0.7166	0.4759	1
973	982	-212.117	0.000	0.7129	0.4318	1
973	986	0.000	0.000	0.9667	0.8123	1
973	1211	-146.999	0.000	0.8576	0.6724	1
973	1261	86.073	0.000	0.7285	0.6130	1
973	1387	86.241	0.000	0.7373	0.5304	1
973	1403	86.073	0.000	0.7437	0.5637	1
973	1407	72.058	0.000	0.7020	0.5394	1
973	1556	-15.959	0.000	0.7781	0.7153	1
973	1697	-14.975	0.000	0.7715	0.5906	1
974	986	131.005	0.000	0.7264	0.5717	1
974	1211	-15.995	0.000	0.9185	0.7431	1
975	976	-43.042	0.000	0.7771	0.5454	1
975	982	-200.117	0.000	0.7201	0.5001	1
975	987	0.000	0.000	0.9735	0.8525	1
975	988	-43.042	0.000	0.7875	0.5773	1
975	998	-101.048	0.000	0.7903	0.6230	1
975	1031	-60.996	0.000	0.7351	0.5715	1
975	1162	-3.995	0.000	0.8133	0.6987	1
975	1202	70.042	0.000	0.8535	0.6891	1
975	1204	-225.112	0.000	0.7448	0.5045	1
975	1229	-31.990	0.000	0.7772	0.6473	1
975	1358	-133.038	0.000	0.7265	0.6318	1
975	1583	22.057	0.000	0.7255	0.5435	1
975	1630	24.073	0.000	0.7694	0.6488	1
975	1680	22.057	0.000	0.7408	0.5935	1
975	1718	11.041	0.000	0.7408	0.6096	1
975	1770	70.005	0.000	0.8064	0.6827	1
975	1794	-28.050	0.000	0.7850	0.5893	1
975	1798	-27.047	0.000	0.9154	0.8052	1
976	987	43.043	0.000	0.7801	0.5454	1
976	988	0.000	0.000	0.9671	0.8440	1
976	1202	113.085	0.000	0.8067	0.7366	1
976	1651	13.979	0.000	0.7471	0.6059	1
976	1672	54.011	0.000	0.7178	0.6610	1
976	1767	56.026	0.000	0.7370	0.5898	1
976	1770	113.048	0.000	0.8864	0.7273	1
976	1785	111.032	0.000	0.7216	0.6997	1
976	1794	14.992	0.000	0.7416	0.5674	1
976	1797	15.995	0.000	0.7543	0.7239	1
976	1798	15.995	0.000	0.8518	0.7693	1
976	2002	-33.969	0.000	0.7092	0.6772	1
976	2073	81.082	0.000	0.7035	0.6384	1
976	2330	-24.011	0.000	0.7720	0.5397	1
976	2343	-24.011	0.000	0.7434	0.5971	1
976	2368	-24.011	0.000	0.7133	0.5535	1
976	2384	-24.011	0.000	0.7192	0.5403	1
977	990	-0.023	0.000	0.9288	0.8203	1
977	1066	44.004	0.000	0.8022	0.5971	1
977	1184	-28.018	0.000	0.7460	0.6023	1
977	1185	-138.102	0.000	0.7630	0.5549	1
977	1251	-128.081	0.000	0.7069	0.5179	1
977	1985	-27.070	0.000	0.7795	0.6631	1
977	2140	-29.050	0.000	0.7789	0.7335	1
978	1031	242.108	0.000	0.7393	0.5513	1
978	1113	-32.974	0.000	0.7640	0.5108	1
978	1156	242.109	0.000	0.7510	0.5879	1
978	1202	373.147	0.000	0.7034	0.5226	1
978	1207	290.109	0.000	0.7138	0.4632	1
978	1232	302.109	0.000	0.7188	0.5555	1
978	1238	486.231	0.000	0.7171	0.3567	1
978	1241	316.125	0.000	0.7013	0.5026	1
978	1265	226.114	0.000	0.7270	0.5347	1
978	1268	-15.995	0.000	0.8620	0.6628	1
978	1352	286.115	0.000	0.7010	0.5222	1
978	1407	387.162	0.000	0.7011	0.4848	1
978	1417	100.035	0.000	0.7533	0.6040	1
978	1437	389.178	0.000	0.7483	0.4890	1
978	1453	111.032	0.000	0.7731	0.6889	1
978	1474	375.162	0.000	0.7163	0.6242	1
978	1492	111.032	0.000	0.7600	0.6342	1
978	1536	364.146	0.000	0.7000	0.5214	1
978	1537	355.171	0.000	0.7419	0.6359	1
978	1538	355.671	0.000	0.7366	0.6626	1
978	1540	-18.011	0.000	0.8127	0.6730	1
978	1541	0.000	0.000	0.7882	0.6523	1
978	1570	485.227	0.000	0.7182	0.4262	1
978	1576	486.230	0.000	0.7296	0.4248	1
978	1586	242.073	0.000	0.7623	0.4664	1
978	1588	242.072	0.000	0.8892	0.6796	1
978	1595	171.087	0.000	0.7299	0.6265	1
978	1612	339.126	0.000	0.8386	0.7048	1
978	1677	339.126	0.000	0.8633	0.6942	1
978	1693	486.230	0.000	0.7111	0.4079	1
978	1767	316.089	0.000	0.7035	0.5299	1
978	1789	389.142	0.000	0.8336	0.6107	1
978	1792	486.194	0.000	0.7699	0.4098	1
978	1799	284.117	0.000	0.7392	0.5916	1
978	1838	373.110	0.000	0.7132	0.5617	1
978	1875	-34.006	0.000	0.7502	0.5301	1
978	1905	244.068	0.000	0.7332	0.5822	1
978	1927	213.080	0.000	0.7083	0.6146	1
978	1932	284.116	0.000	0.7866	0.6318	1
978	1934	415.157	0.000	0.7413	0.5274	1
978	1935	486.194	0.000	0.7526	0.3955	1
978	1947	211.067	0.000	0.7793	0.6345	1
978	1995	197.085	0.000	0.7078	0.5908	1
978	2028	389.141	0.000	0.8106	0.5865	1
978	2068	-316.142	0.000	0.7130	0.4999	1
978	2140	385.146	0.000	0.7237	0.5654	1
978	2141	486.194	0.000	0.7629	0.4149	1
978	2145	415.157	0.000	0.7489	0.5122	1
978	2147	259.067	0.000	0.7666	0.5842	1
978	2148	284.116	0.000	0.7606	0.6167	1
978	2150	-101.134	0.000	0.7392	0.5575	1
978	2152	328.125	0.000	0.7636	0.5715	1
978	2210	-161.120	0.000	0.7871	0.6138	1
978	2227	287.098	0.000	0.7042	0.4869	1
978	2245	284.116	0.000	0.8109	0.6034	1
978	2249	399.162	0.000	0.7239	0.5493	1
978	2288	271.103	0.000	0.7708	0.6141	1
978	2300	284.116	0.000	0.7939	0.6230	1
978	2331	284.116	0.000	0.7877	0.5916	1
979	1636	42.026	0.000	0.7041	0.6478	1
979	1842	-128.094	0.000	0.8265	0.7407	1
979	1862	-128.095	0.000	0.8212	0.7194	1
980	1016	0.000	0.000	0.7131	0.5278	1
980	1136	14.016	0.000	0.7167	0.6400	1
980	2035	-26.016	0.000	0.7276	0.6267	1
980	2125	-0.000	0.000	0.7382	0.6267	1
981	983	-1.003	0.000	0.8077	0.6345	1
981	1278	23.070	0.000	0.7442	0.4869	1
981	1281	28.032	0.000	0.7316	0.4996	1
982	986	212.117	0.000	0.7166	0.4739	1
982	998	99.069	0.000	0.8110	0.5926	1
982	1231	-186.064	0.000	0.8383	0.7520	1
983	1266	-56.019	0.000	0.7066	0.5171	1
984	1024	-5.027	0.000	0.8545	0.6157	1
984	1174	27.999	0.000	0.7527	0.4576	1
984	1201	147.069	0.000	0.8720	0.6449	1
984	1317	68.989	0.000	0.7215	0.4628	1
986	1211	-146.999	0.000	0.8539	0.7448	1
986	1261	86.073	0.000	0.7359	0.5913	1
986	1387	86.241	0.000	0.7370	0.4933	1
986	1403	86.073	0.000	0.7370	0.5133	1
986	1556	-15.959	0.000	0.8062	0.7288	1
986	1651	-41.063	0.000	0.7208	0.6000	1
986	1697	-14.975	0.000	0.7633	0.6022	1
987	988	-43.042	0.000	0.7819	0.5473	1
987	998	-101.048	0.000	0.7774	0.5597	1
987	1031	-60.996	0.000	0.7462	0.6104	1
987	1156	-60.995	0.000	0.7052	0.5694	1
987	1162	-3.995	0.000	0.8067	0.6952	1
987	1202	70.042	0.000	0.8499	0.6931	1
987	1204	-225.112	0.000	0.7390	0.4828	1
987	1229	-31.990	0.000	0.7683	0.6344	1
987	1358	-133.038	0.000	0.7048	0.5626	1
987	1583	22.057	0.000	0.7253	0.5558	1
987	1630	24.072	0.000	0.7660	0.6498	1
987	1680	22.057	0.000	0.7355	0.5827	1
987	1718	11.041	0.000	0.7354	0.6013	1
987	1770	70.005	0.000	0.8090	0.6600	1
987	1794	-28.050	0.000	0.7730	0.5438	1
987	1798	-27.047	0.000	0.9032	0.7558	1
988	1023	14.016	0.000	0.7210	0.7325	1
988	1202	113.084	0.000	0.8371	0.7535	1
988	1528	-43.042	0.000	0.7061	0.6912	1
988	1651	13.979	0.000	0.7457	0.6319	1
988	1672	54.010	0.000	0.7133	0.6605	1
988	1767	56.026	0.000	0.7426	0.6194	1
988	1770	113.048	0.000	0.8799	0.7027	1
988	1785	111.032	0.000	0.7054	0.6540	1
988	1794	14.992	0.000	0.7452	0.6088	1
988	1797	15.995	0.000	0.7479	0.7084	1
988	1798	15.995	0.000	0.8665	0.7759	1
988	2073	81.082	0.000	0.7115	0.7013	1
988	2330	-24.011	0.000	0.7780	0.5990	1
988	2343	-24.011	0.000	0.7365	0.6416	1
988	2368	-24.011	0.000	0.7066	0.5964	1
988	2384	-24.011	0.000	0.7099	0.5782	1
990	992	-315.180	0.000	0.7002	0.6116	1
990	1066	44.026	0.000	0.8157	0.6296	1
990	1184	-27.995	0.000	0.7390	0.6105	1
990	1185	-138.079	0.000	0.7217	0.4969	1
990	1985	-27.047	0.000	0.7063	0.6180	1
990	2140	-29.027	0.000	0.7030	0.6764	1
991	1001	163.064	0.000	0.7990	0.6329	1
991	1241	35.005	0.000	0.8456	0.6682	1
992	1442	86.073	0.000	0.7154	0.5990	1
992	1716	86.109	0.000	0.7103	0.5159	1
993	1528	-14.052	0.000	0.8345	0.7326	1
993	1767	85.016	0.000	0.7149	0.5707	1
994	1156	186.101	0.000	0.7084	0.4140	1
994	1250	99.069	0.000	0.7708	0.5401	1
994	1269	99.069	0.000	0.7818	0.5554	1
995	1031	131.040	0.000	0.7564	0.6237	1
995	1156	131.040	0.000	0.7875	0.7125	1
995	1177	-87.032	0.000	0.8595	0.6295	1
995	1272	-15.995	0.000	0.9201	0.7327	1
995	1577	-19.133	0.000	0.7312	0.4929	1
995	1632	93.951	0.000	0.8618	0.6511	1
995	1784	93.951	0.000	0.8704	0.7018	1
995	1798	164.989	0.000	0.8097	0.7177	1
995	1816	22.914	0.000	0.7528	0.5205	1
995	1900	6.919	0.000	0.7678	0.5648	1
996	1035	42.011	0.000	0.8744	0.8118	1
996	1160	14.016	0.000	0.7485	0.7064	1
996	1184	16.031	0.000	0.7915	0.6827	1
996	1198	28.031	0.000	0.8608	0.8462	1
996	1246	28.031	0.000	0.7678	0.7175	1
996	1262	-1.979	0.000	0.7166	0.6730	1
996	1267	42.047	0.000	0.7142	0.7037	1
996	1359	42.047	0.000	0.8668	0.7543	1
996	1397	-29.974	0.000	0.8197	0.7313	1
996	1458	-29.974	0.000	0.8064	0.7103	1
996	1481	26.052	0.000	0.7550	0.6853	1
996	1523	12.036	0.000	0.7707	0.7053	1
996	1535	-72.980	0.000	0.7408	0.6325	1
996	1546	12.036	0.000	0.8078	0.7498	1
996	1785	0.948	0.000	0.7267	0.7431	1
997	1015	-539.301	0.000	0.7499	0.6017	1
997	1028	-0.000	0.000	0.9260	0.8186	1
998	1162	97.053	0.000	0.7851	0.6012	1
998	1174	1.057	0.000	0.7141	0.5972	1
998	1229	69.058	0.000	0.7096	0.4874	1
998	1231	-285.132	0.000	0.7917	0.5602	1
998	1358	-31.990	0.000	0.7058	0.5462	1
998	1680	123.105	0.000	0.7053	0.5940	1
998	1718	112.089	0.000	0.7187	0.5081	1
998	1738	-32.949	0.000	0.7014	0.5065	1
998	1770	171.053	0.000	0.7145	0.4907	1
998	1814	38.089	0.000	0.7164	0.6064	1
1000	1051	-1.003	0.000	0.8560	0.7484	1
1000	1052	-0.000	0.000	0.9721	0.8822	1
1000	1057	287.672	0.000	0.7668	0.7221	1
1000	1058	115.064	0.000	0.7275	0.6931	1
1000	1107	0.000	0.000	0.9755	0.8791	1
1000	1126	0.082	0.000	0.9617	0.8713	1
1000	1135	-113.084	0.000	0.8036	0.7821	1
1000	1144	0.000	0.000	0.9631	0.8690	1
1000	1451	-0.000	0.000	0.9613	0.8429	1
1000	1915	179.131	0.000	0.7107	0.5250	1
1001	1245	-58.005	0.000	0.8695	0.7019	1
1001	1412	-16.990	0.000	0.7240	0.5631	1
1001	1470	59.073	0.000	0.7445	0.4913	1
1001	1486	-31.006	0.000	0.7730	0.5746	1
1001	1504	42.047	0.000	0.7432	0.7889	1
1001	1876	-40.006	0.000	0.7358	0.5664	1
1001	1964	-40.006	0.000	0.8891	0.7125	1
1001	2019	-59.048	0.000	0.7414	0.5286	1
1001	2066	-59.048	0.000	0.7788	0.6166	1
1003	1133	0.000	0.000	0.7637	0.6600	1
1003	1160	0.000	0.000	0.7719	0.6309	1
1003	1184	2.016	0.000	0.7604	0.6988	1
1003	1245	2.016	0.000	0.8089	0.6850	1
1003	1274	99.068	0.000	0.8266	0.7184	1
1003	1276	117.079	0.000	0.8440	0.6188	1
1003	1359	28.031	0.000	0.7051	0.6649	1
1003	1546	-1.979	0.000	0.7803	0.7056	1
1003	1585	12.036	0.000	0.8986	0.7578	1
1003	1590	-14.975	0.000	0.7279	0.5766	1
1003	1719	12.036	0.000	0.8308	0.8107	1
1003	1766	-89.012	0.000	0.7426	0.5883	1
1003	1806	-14.974	0.000	0.7995	0.6691	1
1003	1973	-37.991	0.000	0.7812	0.6318	1
1003	2103	-37.991	0.000	0.7877	0.6327	1
1004	1009	-17.027	0.000	0.9062	0.6761	1
1009	1157	-31.990	0.000	0.8113	0.6313	1
1011	1152	26.016	0.000	0.8607	0.7940	1
1011	1347	40.031	0.000	0.8572	0.7902	1
1011	1550	10.021	0.000	0.7230	0.5166	1
1011	2266	-40.006	0.000	0.7109	0.5178	1
1012	1032	170.106	0.000	0.7970	0.5967	1
1012	1100	170.107	0.000	0.7835	0.5748	1
1012	1202	366.228	0.000	0.7121	0.3565	1
1012	1207	283.191	0.000	0.7601	0.4856	1
1012	1230	120.127	0.000	0.7120	0.4557	1
1012	1232	295.191	0.000	0.7344	0.4058	1
1012	1241	309.206	0.000	0.7544	0.4254	1
1012	1252	49.090	0.000	0.7235	0.5844	1
1012	1265	219.196	0.000	0.7218	0.4522	1
1012	1352	279.196	0.000	0.7249	0.4150	1
1012	1407	380.244	0.000	0.7247	0.3573	1
1012	1485	181.148	0.000	0.7054	0.4934	1
1012	1575	133.126	0.000	0.7254	0.3673	1
1012	1595	164.169	0.000	0.7110	0.4531	1
1013	1014	-17.027	0.000	0.7225	0.5869	1
1014	1364	-11.034	0.000	0.8174	0.7038	1
1014	1444	29.993	0.000	0.8431	0.6615	1
1015	1028	539.301	0.000	0.7555	0.6001	1
1016	1136	14.016	0.000	0.9453	0.8870	1
1016	1487	-43.990	0.000	0.7366	0.5119	1
1016	1626	-42.047	0.000	0.8564	0.7376	1
1016	2035	-26.016	0.000	0.8299	0.6725	1
1016	2125	-0.000	0.000	0.9674	0.8808	1
1016	2137	-18.011	0.000	0.7270	0.7371	1
1016	2198	-18.010	0.000	0.7026	0.7672	1
1017	1035	57.022	0.000	0.7369	0.6322	1
1017	1110	-27.011	0.000	0.8954	0.8276	1
1017	1672	-41.063	0.000	0.7579	0.7055	1
1020	1030	163.064	0.000	0.7893	0.6657	1
1020	1102	0.000	0.000	0.9323	0.7714	1
1020	1230	0.984	0.000	0.7056	0.7052	1
1021	1061	33.985	0.000	0.8478	0.7814	1
1021	1116	44.026	0.000	0.7914	0.5443	1
1021	1117	33.985	0.000	0.7973	0.6627	1
1021	1186	14.016	0.000	0.8793	0.7418	1
1021	1191	-27.995	0.000	0.8150	0.6953	1
1021	1427	-15.995	0.000	0.7627	0.5906	1
1021	1601	76.031	0.000	0.8261	0.6297	1
1021	1684	46.021	0.000	0.8328	0.8112	1
1021	1717	50.016	0.000	0.7385	0.5714	1
1021	1758	90.047	0.000	0.7948	0.6447	1
1021	1769	18.026	0.000	0.8131	0.8055	1
1021	1773	36.037	0.000	0.8087	0.7579	1
1021	1845	60.036	0.000	0.7599	0.8170	1
1021	1880	60.036	0.000	0.7475	0.7715	1
1021	2146	10.009	0.000	0.7855	0.5301	1
1021	2196	-10.005	0.000	0.7615	0.7131	1
1021	2238	10.010	0.000	0.7775	0.6222	1
1023	1224	-129.043	0.000	0.8536	0.7333	1
1023	1261	127.100	0.000	0.7169	0.5369	1
1023	1387	127.267	0.000	0.7383	0.5197	1
1023	1403	127.100	0.000	0.7320	0.4928	1
1023	1407	113.084	0.000	0.7809	0.6420	1
1023	1529	-14.975	0.000	0.7000	0.6677	1
1023	1556	25.068	0.000	0.7120	0.5239	1
1023	1697	26.051	0.000	0.9252	0.8578	1
1023	1847	27.995	0.000	0.7118	0.7212	1
1023	1907	-128.095	0.000	0.8597	0.7548	1
1024	1031	72.021	0.000	0.7024	0.5662	1
1024	1156	72.022	0.000	0.7049	0.5336	1
1025	1029	1.003	0.000	0.7274	0.7280	1
1030	1102	-163.063	0.000	0.7648	0.5877	1
1030	1184	97.053	0.000	0.7048	0.6852	1
1030	1245	97.053	0.000	0.7452	0.6995	1
1030	1901	98.001	0.000	0.8176	0.7127	1
1031	1032	-65.084	0.000	0.7386	0.6049	1
1031	1100	-65.083	0.000	0.7534	0.6976	1
1031	1156	0.001	0.000	0.9410	0.7389	1
1031	1159	-1.002	0.000	0.8391	0.6604	1
1031	1202	131.038	0.000	0.7593	0.5764	1
1031	1207	48.001	0.000	0.8054	0.6781	1
1031	1229	29.007	0.000	0.7025	0.5643	1
1031	1232	60.001	0.000	0.7610	0.5866	1
1031	1241	74.017	0.000	0.7395	0.5280	1
1031	1250	-87.032	0.000	0.8590	0.6697	1
1031	1265	-15.994	0.000	0.8061	0.6379	1
1031	1268	-258.104	0.000	0.7023	0.5358	1
1031	1269	-87.031	0.000	0.8637	0.6912	1
1031	1272	-147.034	0.000	0.7124	0.6134	1
1031	1352	44.006	0.000	0.7490	0.5694	1
1031	1357	43.003	0.000	0.7259	0.5253	1
1031	1407	145.054	0.000	0.7381	0.5089	1
1031	1417	-142.073	0.000	0.7048	0.5676	1
1031	1437	147.069	0.000	0.7624	0.4810	1
1031	1453	-131.076	0.000	0.7550	0.6522	1
1031	1492	-131.076	0.000	0.7601	0.6457	1
1031	1588	-0.036	0.000	0.8072	0.6523	1
1031	1595	-71.021	0.000	0.7068	0.6580	1
1031	1612	97.017	0.000	0.7430	0.5819	1
1031	1632	-37.089	0.000	0.7564	0.6571	1
1031	1677	97.017	0.000	0.7826	0.6490	1
1031	1784	-37.089	0.000	0.7562	0.6400	1
1031	1789	147.033	0.000	0.7087	0.4710	1
1031	1794	32.946	0.000	0.8115	0.7472	1
1031	1798	33.949	0.000	0.8867	0.7206	1
1031	1799	42.008	0.000	0.7185	0.6479	1
1031	1905	1.959	0.000	0.7200	0.5924	1
1031	1932	42.008	0.000	0.7038	0.5902	1
1031	1947	-31.041	0.000	0.7244	0.6392	1
1031	2004	-191.101	0.000	0.7199	0.5773	1
1031	2028	147.033	0.000	0.7249	0.5344	1
1031	2245	42.007	0.000	0.7022	0.5855	1
1031	2331	42.008	0.000	0.7117	0.6160	1
1032	1100	0.000	0.000	0.9621	0.8349	1
1032	1202	196.122	0.000	0.9242	0.7559	1
1032	1207	113.085	0.000	0.9073	0.8095	1
1032	1230	-49.979	0.000	0.9084	0.8110	1
1032	1232	125.085	0.000	0.8768	0.6855	1
1032	1241	139.100	0.000	0.8386	0.5793	1
1032	1252	-121.016	0.000	0.7439	0.5311	1
1032	1265	49.089	0.000	0.8279	0.6252	1
1032	1352	109.090	0.000	0.8396	0.5996	1
1032	1407	210.138	0.000	0.8526	0.5859	1
1032	1417	-76.990	0.000	0.7042	0.4765	1
1032	1437	212.153	0.000	0.8338	0.5619	1
1032	1485	11.041	0.000	0.7772	0.5489	1
1032	1521	8.099	0.000	0.7090	0.5576	1
1032	1575	-36.980	0.000	0.8308	0.5504	1
1032	1588	65.047	0.000	0.7169	0.5513	1
1032	1595	-5.938	0.000	0.8155	0.6583	1
1032	1770	196.085	0.000	0.7171	0.6675	1
1032	1789	212.117	0.000	0.7248	0.4988	1
1032	1794	98.030	0.000	0.7380	0.7117	1
1032	1798	99.033	0.000	0.7541	0.6497	1
1032	1799	107.092	0.000	0.7174	0.5565	1
1032	1932	107.092	0.000	0.7019	0.5590	1
1032	1947	34.042	0.000	0.7166	0.5033	1
1032	2028	212.117	0.000	0.7145	0.5327	1
1032	2088	-81.021	0.000	0.7732	0.5588	1
1032	2147	82.042	0.000	0.8911	0.7366	1
1033	1352	-57.021	0.000	0.8195	0.5612	1
1033	1530	-29.974	0.000	0.7431	0.6859	1
1033	1569	-144.054	0.000	0.7428	0.4662	1
1033	1618	-202.059	0.000	0.7167	0.4219	1
1033	1643	-171.065	0.000	0.7572	0.4612	1
1033	2001	31.031	0.000	0.7341	0.5659	1
1033	2047	0.984	0.000	0.7799	0.5731	1
1033	2131	0.984	0.000	0.8028	0.6108	1
1033	2200	0.984	0.000	0.7949	0.5601	1
1034	1184	-157.074	0.000	0.7733	0.5128	1
1034	1194	0.000	0.000	0.9765	0.8035	1
1034	1238	-57.021	0.000	0.7427	0.4349	1
1034	1261	-142.074	0.000	0.7345	0.4182	1
1034	1377	14.016	0.000	0.9610	0.6688	1
1034	1403	-142.074	0.000	0.7021	0.5199	1
1034	1414	-58.005	0.000	0.9586	0.7408	1
1034	1551	-114.043	0.000	0.7233	0.3458	1
1034	1554	-115.027	0.000	0.8095	0.3717	1
1034	1576	-57.022	0.000	0.7430	0.4681	1
1034	1681	-43.006	0.000	0.9301	0.6363	1
1034	1711	10.021	0.000	0.8906	0.6768	1
1034	1728	-144.054	0.000	0.7089	0.3325	1
1034	1804	28.031	0.000	0.7816	0.7049	1
1034	1873	-42.022	0.000	0.7200	0.6072	1
1034	2051	-87.080	0.000	0.7237	0.4370	1
1034	2173	12.562	0.000	0.7087	0.5730	1
1034	2181	11.989	0.000	0.7501	0.7795	1
1034	2323	-14.016	0.000	0.9409	0.6598	1
1035	1418	12.036	0.000	0.8636	0.7216	1
1035	1454	12.036	0.000	0.7508	0.7605	1
1035	1503	56.062	0.000	0.7476	0.6651	1
1035	1719	-15.959	0.000	0.8350	0.7275	1
1035	1740	-102.991	0.000	0.7522	0.5772	1
1035	2053	-23.975	0.000	0.7096	0.6799	1
1036	1201	-129.043	0.000	0.7898	0.6156	1
1036	1427	-3.995	0.000	0.7624	0.5824	1
1036	1456	40.031	0.000	0.7169	0.7473	1
1036	1501	-31.990	0.000	0.8258	0.7242	1
1036	1639	-31.006	0.000	0.7839	0.6189	1
1036	2052	-40.006	0.000	0.7830	0.5034	1
1036	2130	-59.049	0.000	0.7989	0.5712	1
1040	1892	-61.956	0.000	0.9645	0.6902	1
1040	2260	-79.967	0.000	0.9520	0.6202	1
1040	2380	-79.966	0.000	0.9452	0.6388	1
1047	1192	26.016	0.000	0.8540	0.7486	1
1047	1405	40.031	0.000	0.7756	0.6113	1
1047	1606	10.020	0.000	0.7042	0.6179	1
1048	1103	-44.015	0.000	0.8430	0.6269	1
1049	1055	-0.916	0.000	0.7850	0.5676	1
1049	1173	-228.111	0.000	0.8291	0.6573	1
1049	1457	113.084	0.000	0.8469	0.6542	1
1050	1106	-0.000	0.000	0.9715	0.8832	1
1050	1264	-87.032	0.000	0.9198	0.7679	1
1050	1281	182.106	0.000	0.7052	0.5821	1
1050	1471	210.137	0.000	0.7055	0.5683	1
1051	1052	1.003	0.000	0.8562	0.7908	1
1051	1057	288.675	0.000	0.7421	0.7068	1
1051	1107	1.003	0.000	0.8648	0.7835	1
1051	1126	1.084	0.000	0.8190	0.6811	1
1051	1135	-112.081	0.000	0.7703	0.6835	1
1051	1144	1.003	0.000	0.8327	0.6821	1
1051	1451	1.003	0.000	0.8606	0.7606	1
1051	1906	179.132	0.000	0.7085	0.5671	1
1052	1057	287.672	0.000	0.7567	0.7260	1
1052	1058	115.064	0.000	0.7310	0.6983	1
1052	1107	0.000	0.000	0.9769	0.8744	1
1052	1126	0.082	0.000	0.9645	0.8611	1
1052	1135	-113.084	0.000	0.8159	0.8037	1
1052	1144	0.000	0.000	0.9594	0.8646	1
1052	1451	-0.000	0.000	0.9613	0.8222	1
1052	1915	179.132	0.000	0.7103	0.5289	1
1053	1054	1.003	0.000	0.7640	0.5714	1
1054	1466	268.133	0.000	0.7070	0.4557	1
1055	1457	114.000	0.000	0.7037	0.4208	1
1057	1107	-287.672	0.000	0.7773	0.6842	1
1057	1126	-287.590	0.000	0.7523	0.7080	1
1057	1144	-287.672	0.000	0.7824	0.7063	1
1057	1451	-287.672	0.000	0.7674	0.6963	1
1057	1915	-108.540	0.000	0.7258	0.5537	1
1058	1107	-115.064	0.000	0.7335	0.6565	1
1058	1126	-114.982	0.000	0.7219	0.6983	1
1058	1144	-115.064	0.000	0.7204	0.6758	1
1058	1625	95.073	0.000	0.7719	0.6801	1
1058	1729	63.084	0.000	0.7420	0.5898	1
1058	1742	135.105	0.000	0.7573	0.5968	1
1058	1779	63.084	0.000	0.8173	0.6303	1
1058	1810	121.089	0.000	0.7375	0.6271	1
1058	1829	77.100	0.000	0.8468	0.6798	1
1058	1915	64.068	0.000	0.8290	0.5796	1
1058	1950	105.094	0.000	0.7613	0.6338	1
1058	2070	64.067	0.000	0.7828	0.6061	1
1059	1079	84.463	0.000	0.7780	0.4990	1
1061	1103	44.026	0.000	0.8442	0.6014	1
1061	1117	-0.000	0.000	0.9580	0.7511	1
1061	1169	-101.048	0.000	0.7079	0.5251	1
1061	1209	-27.995	0.000	0.9529	0.8381	1
1061	1239	-13.979	0.000	0.8368	0.5890	1
1061	1240	-27.995	0.000	0.9483	0.7656	1
1061	1247	14.016	0.000	0.9656	0.8292	1
1061	1260	-87.032	0.000	0.7116	0.4475	1
1061	1263	-60.995	0.000	0.7084	0.6175	1
1061	1334	-27.011	0.000	0.7212	0.7645	1
1061	1369	4.031	0.000	0.8822	0.6124	1
1061	1370	-12.995	0.000	0.9194	0.7218	1
1061	1427	-49.979	0.000	0.8455	0.4865	1
1061	1523	-115.027	0.000	0.7077	0.4782	1
1061	1684	12.036	0.000	0.8760	0.7312	1
1061	1717	16.031	0.000	0.8861	0.6761	1
1061	1773	2.052	0.000	0.7440	0.7957	1
1061	1845	26.052	0.000	0.8118	0.8487	1
1062	1130	-419.217	0.000	0.7238	0.2502	1
1062	1147	-419.217	0.000	0.7175	0.2520	1
1064	1073	155.035	0.000	0.8884	0.7075	1
1064	1074	71.074	0.000	0.8867	0.5800	1
1064	1079	-96.850	0.000	0.7085	0.5174	1
1065	1074	-12.888	0.000	0.9346	0.6250	1
1066	1184	-72.021	0.000	0.8276	0.6161	1
1066	1554	-29.974	0.000	0.8143	0.5812	1
1066	1917	-156.101	0.000	0.7100	0.3380	1
1066	1949	-128.095	0.000	0.7328	0.5010	1
1066	2194	-29.027	0.000	0.8360	0.5781	1
1072	1076	-83.961	0.000	0.9482	0.7072	1
1072	1082	134.084	0.000	0.8375	0.5193	1
1072	1089	529.338	0.000	0.8533	0.3651	1
1073	1074	-83.961	0.000	0.9463	0.6444	1
1073	1085	69.075	0.000	0.8369	0.7035	1
1074	1076	-458.265	0.000	0.7940	0.3331	1
1074	1078	2.016	0.000	0.9668	0.7193	1
1074	1079	-167.923	0.000	0.8683	0.6065	1
1074	1086	-12.888	0.000	0.7200	0.6676	1
1074	1090	71.074	0.000	0.9596	0.6986	1
1074	1091	69.076	0.000	0.7948	0.6526	1
1076	1078	460.280	0.000	0.8106	0.3222	1
1077	1082	-170.106	0.000	0.8807	0.4354	1
1078	2074	107.770	0.000	0.7599	0.5247	1
1079	1087	-12.888	0.000	0.8272	0.6959	1
1079	1088	-96.849	0.000	0.8062	0.6424	1
1079	1092	71.074	0.000	0.8939	0.6218	1
1082	1093	253.143	0.000	0.8519	0.3764	1
1083	1086	335.846	0.000	0.8762	0.6352	1
1083	1087	167.923	0.000	0.9332	0.7060	1
1083	1088	83.962	0.000	0.9676	0.7409	1
1083	1092	251.884	0.000	0.8995	0.6215	1
1085	1091	-83.961	0.000	0.9216	0.7347	1
1086	1087	-167.923	0.000	0.9199	0.6787	1
1086	1088	-251.884	0.000	0.9026	0.7594	1
1086	1090	83.961	0.000	0.9177	0.7284	1
1086	1091	81.964	0.000	0.9402	0.7148	1
1087	1088	-83.961	0.000	0.8346	0.7392	1
1087	1092	83.962	0.000	0.9490	0.7031	1
1088	1092	167.923	0.000	0.9090	0.6336	1
1097	1150	-44.989	0.000	0.8039	0.7016	1
1097	1180	-2.946	0.000	0.7499	0.5701	1
1097	1394	-72.021	0.000	0.7545	0.5670	1
1097	1409	11.070	0.000	0.8506	0.7147	1
1097	1430	-17.015	0.000	0.9491	0.8925	1
1097	1804	-0.984	0.000	0.9304	0.9383	1
1097	1863	-60.951	0.000	0.7237	0.5917	1
1097	2101	2.016	0.000	0.8106	0.7405	1
1097	2163	0.984	0.000	0.8267	0.8956	1
1097	2178	-0.000	0.000	0.9271	0.8491	1
1097	2197	-165.967	0.000	0.8001	0.5831	1
1097	2241	-165.967	0.000	0.8351	0.7209	1
1097	2463	-453.982	0.000	0.7955	0.4922	1
1098	1109	2.075	0.000	0.7078	0.5253	1
1098	1115	-242.127	0.000	0.7678	0.5450	1
1098	1257	-55.006	0.000	0.8860	0.6363	1
1098	1261	113.084	0.000	0.8073	0.6244	1
1098	1266	-129.043	0.000	0.9061	0.6952	1
1098	1387	113.252	0.000	0.8684	0.6935	1
1098	1403	113.084	0.000	0.8676	0.6850	1
1098	1471	-15.959	0.000	0.9527	0.7338	1
1098	1716	-102.991	0.000	0.9194	0.6163	1
1098	1754	54.994	0.000	0.7349	0.5903	1
1098	2241	118.207	0.000	0.7206	0.5340	1
1098	2260	78.201	0.000	0.7259	0.5803	1
1098	2380	78.201	0.000	0.7133	0.4860	1
1099	1142	0.000	0.000	0.7801	0.6018	1
1100	1202	196.122	0.000	0.9183	0.7289	1
1100	1207	113.084	0.000	0.9007	0.7745	1
1100	1230	-49.979	0.000	0.9026	0.7997	1
1100	1232	125.084	0.000	0.8650	0.6379	1
1100	1241	139.100	0.000	0.8234	0.5275	1
1100	1252	-121.016	0.000	0.7322	0.5191	1
1100	1265	49.089	0.000	0.8271	0.6160	1
1100	1352	109.089	0.000	0.8207	0.5642	1
1100	1407	210.137	0.000	0.8458	0.5767	1
1100	1417	-76.990	0.000	0.7093	0.5108	1
1100	1437	212.153	0.000	0.8172	0.5295	1
1100	1485	11.041	0.000	0.7693	0.5458	1
1100	1575	-36.980	0.000	0.8213	0.5294	1
1100	1588	65.047	0.000	0.7109	0.5708	1
1100	1595	-5.938	0.000	0.8098	0.6524	1
1100	1770	196.085	0.000	0.7139	0.6684	1
1100	1789	212.116	0.000	0.7112	0.4821	1
1100	1794	98.029	0.000	0.7397	0.7315	1
1100	1798	99.032	0.000	0.7430	0.6199	1
1100	1947	34.042	0.000	0.7065	0.5007	1
1100	2028	212.116	0.000	0.7229	0.5415	1
1100	2088	-81.022	0.000	0.7723	0.5766	1
1100	2147	82.042	0.000	0.8828	0.7133	1
1104	1867	-15.959	0.000	0.7088	0.6724	1
1106	1264	-87.032	0.000	0.9165	0.7235	1
1106	1471	210.137	0.000	0.7401	0.6181	1
1107	1126	0.082	0.000	0.9603	0.8390	1
1107	1135	-113.084	0.000	0.7941	0.7029	1
1107	1144	0.000	0.000	0.9682	0.8647	1
1107	1451	-0.000	0.000	0.9641	0.8550	1
1107	1779	178.147	0.000	0.7055	0.5926	1
1107	1829	192.163	0.000	0.7031	0.5746	1
1107	1915	179.131	0.000	0.7237	0.5490	1
1108	1173	-114.044	0.000	0.8438	0.7363	1
1109	1261	111.009	0.000	0.7028	0.4899	1
1109	1403	111.009	0.000	0.7036	0.4831	1
1109	1471	-18.034	0.000	0.7148	0.5391	1
1110	1560	170.106	0.000	0.7132	0.3942	1
1110	1672	-14.052	0.000	0.8057	0.7342	1
1111	1201	-129.043	0.000	0.8489	0.6920	1
1111	1238	35.005	0.000	0.7987	0.7366	1
1111	1362	35.005	0.000	0.8237	0.6754	1
1111	1414	34.021	0.000	0.9214	0.5913	1
1111	1459	48.036	0.000	0.9124	0.5913	1
1111	1470	52.031	0.000	0.7074	0.6381	1
1111	1547	76.031	0.000	0.9385	0.6997	1
1111	1551	-22.017	0.000	0.7081	0.4789	1
1111	1554	-23.001	0.000	0.7741	0.3793	1
1111	1576	35.004	0.000	0.7842	0.6355	1
1111	1642	49.020	0.000	0.9289	0.7259	1
1111	1681	49.020	0.000	0.9379	0.7562	1
1111	1713	-53.012	0.000	0.7827	0.4879	1
1111	1717	62.015	0.000	0.8498	0.5709	1
1111	1792	34.968	0.000	0.7597	0.6582	1
1111	1935	34.968	0.000	0.7395	0.6344	1
1111	2052	-40.006	0.000	0.7653	0.5706	1
1111	2141	34.968	0.000	0.7497	0.7306	1
1111	2219	-59.048	0.000	0.7207	0.4228	1
1113	1268	16.979	0.000	0.8932	0.7989	1
1113	1540	14.964	0.000	0.7046	0.5270	1
1113	1588	275.046	0.000	0.7480	0.4891	1
1113	1789	422.116	0.000	0.7189	0.4292	1
1113	1875	-1.031	0.000	0.8036	0.6996	1
1113	2112	301.095	0.000	0.7177	0.5322	1
1113	2190	301.095	0.000	0.7219	0.5322	1
1113	2245	317.090	0.000	0.7006	0.4398	1
1113	2376	301.096	0.000	0.7140	0.4928	1
1113	2413	301.096	0.000	0.7058	0.5046	1
1113	2430	301.096	0.000	0.7043	0.4986	1
1113	2446	301.096	0.000	0.7137	0.4960	1
1114	1120	1.943	0.000	0.7767	0.5663	1
1114	1128	27.995	0.000	0.8454	0.6764	1
1114	1196	-0.000	0.000	0.9755	0.8866	1
1114	1203	27.995	0.000	0.8865	0.7422	1
1114	1239	-2.052	0.000	0.7058	0.7310	1
1114	1273	61.964	0.000	0.7293	0.4814	1
1114	1276	15.958	0.000	0.7751	0.6882	1
1114	1470	17.974	0.000	0.9046	0.7288	1
1114	1613	43.990	0.000	0.8153	0.5175	1
1114	1751	39.995	0.000	0.7098	0.5942	1
1114	1773	13.979	0.000	0.8665	0.6922	1
1114	1822	9.984	0.000	0.7662	0.7050	1
1114	1853	3.995	0.000	0.8248	0.6817	1
1114	1854	-14.016	0.000	0.8677	0.7724	1
1114	1918	-17.026	0.000	0.7688	0.5484	1
1114	1923	-18.011	0.000	0.9139	0.8187	1
1114	1924	0.000	0.000	0.9762	0.8866	1
1114	1954	27.995	0.000	0.8540	0.6498	1
1114	1960	24.000	0.000	0.9169	0.8249	1
1114	1991	0.984	0.000	0.8362	0.7972	1
1114	2067	-3.995	0.000	0.7409	0.5313	1
1114	2396	-107.040	0.000	0.7676	0.6457	1
1115	1266	113.084	0.000	0.8260	0.7021	1
1115	1471	226.168	0.000	0.7046	0.5371	1
1115	1716	139.136	0.000	0.7309	0.5865	1
1116	1186	-30.011	0.000	0.8261	0.5585	1
1116	1215	48.000	0.000	0.9603	0.7956	1
1116	1488	-15.995	0.000	0.9038	0.8404	1
1116	1513	19.064	0.000	0.7902	0.7605	1
1116	2269	10.009	0.000	0.8974	0.7349	1
1117	1149	44.026	0.000	0.9610	0.7062	1
1117	1209	-27.995	0.000	0.9073	0.7022	1
1117	1239	-13.979	0.000	0.8310	0.4946	1
1117	1240	-27.995	0.000	0.9599	0.7648	1
1117	1247	14.016	0.000	0.9516	0.6821	1
1117	1311	14.078	0.000	0.8239	0.4860	1
1117	1369	4.031	0.000	0.9057	0.5854	1
1117	1370	-12.995	0.000	0.9209	0.7503	1
1117	1427	-49.979	0.000	0.8587	0.4819	1
1117	1684	12.036	0.000	0.8368	0.6610	1
1117	1787	48.021	0.000	0.9171	0.8073	1
1117	1845	26.052	0.000	0.7249	0.6949	1
1119	1120	18.011	0.000	0.9450	0.8205	1
1119	1139	-71.037	0.000	0.7208	0.5667	1
1119	1267	-57.021	0.000	0.7570	0.5366	1
1119	1274	14.016	0.000	0.9186	0.7486	1
1119	1468	-115.027	0.000	0.7118	0.4146	1
1119	1516	28.031	0.000	0.7148	0.5668	1
1119	1614	42.047	0.000	0.8468	0.7932	1
1119	1769	12.036	0.000	0.7718	0.6904	1
1119	1852	-15.959	0.000	0.7029	0.6000	1
1119	1854	2.052	0.000	0.7610	0.7179	1
1119	1923	-1.943	0.000	0.7818	0.6064	1
1119	2264	-23.975	0.000	0.8028	0.6237	1
1120	1128	26.052	0.000	0.7856	0.6215	1
1120	1140	24.000	0.000	0.8201	0.6434	1
1120	1196	-1.943	0.000	0.7894	0.5864	1
1120	1203	26.052	0.000	0.8190	0.6935	1
1120	1239	-3.995	0.000	0.8126	0.6331	1
1120	1267	-75.032	0.000	0.7217	0.4886	1
1120	1276	14.016	0.000	0.9513	0.8475	1
1120	1369	14.015	0.000	0.7009	0.6698	1
1120	1470	16.031	0.000	0.9130	0.7868	1
1120	1527	-23.975	0.000	0.8359	0.6094	1
1120	1613	42.047	0.000	0.7790	0.7636	1
1120	1773	12.036	0.000	0.7936	0.6654	1
1120	1853	2.052	0.000	0.7901	0.7358	1
1120	1854	-15.959	0.000	0.7031	0.5608	1
1120	1924	-1.943	0.000	0.7888	0.6007	1
1120	1954	26.052	0.000	0.8128	0.7029	1
1122	1191	-1.968	0.000	0.8026	0.4849	1
1122	1263	-0.984	0.000	0.8199	0.7530	1
1122	1610	36.000	0.000	0.7187	0.5877	1
1122	1737	-456.151	0.000	0.7030	0.4051	1
1124	1125	2.005	0.000	0.8095	0.5934	1
1124	1783	-17.088	0.000	0.8585	0.6823	1
1124	1786	-16.085	0.000	0.7452	0.5975	1
1124	1807	112.035	0.000	0.7824	0.6710	1
1124	1818	-16.006	0.000	0.7077	0.6027	1
1124	1819	-17.008	0.000	0.8415	0.6801	1
1125	1127	-44.026	0.000	0.8575	0.7217	1
1125	1182	71.037	0.000	0.8246	0.6026	1
1125	1598	239.138	0.000	0.7286	0.5143	1
1125	1599	205.107	0.000	0.7273	0.4049	1
1125	1634	239.091	0.000	0.7370	0.4182	1
1125	1783	-19.092	0.000	0.7934	0.5585	1
1125	1786	-18.089	0.000	0.8506	0.6134	1
1125	1807	110.030	0.000	0.7294	0.5585	1
1125	1808	111.033	0.000	0.8747	0.7836	1
1125	1810	168.054	0.000	0.8501	0.7485	1
1125	1818	-18.010	0.000	0.7843	0.5615	1
1125	1819	-19.012	0.000	0.7822	0.5690	1
1125	1848	253.107	0.000	0.8025	0.6078	1
1125	2137	281.138	0.000	0.7823	0.4616	1
1125	2146	251.127	0.000	0.7321	0.3266	1
1125	2213	224.116	0.000	0.7521	0.5846	1
1125	2234	223.132	0.000	0.7131	0.4201	1
1125	2251	255.122	0.000	0.7091	0.4602	1
1125	2263	194.106	0.000	0.7646	0.5825	1
1125	2280	237.148	0.000	0.7496	0.4141	1
1125	2302	265.143	0.000	0.7343	0.3462	1
1125	2312	238.132	0.000	0.7192	0.3651	1
1125	2345	265.143	0.000	0.7540	0.3828	1
1126	1135	-113.166	0.000	0.7831	0.6953	1
1126	1144	-0.081	0.000	0.9661	0.8773	1
1126	1451	-0.082	0.000	0.9545	0.8244	1
1127	1783	24.934	0.000	0.7106	0.5847	1
1127	1786	25.937	0.000	0.8399	0.7187	1
1127	1808	155.059	0.000	0.8340	0.6653	1
1127	1810	212.080	0.000	0.7745	0.5983	1
1127	1817	44.027	0.000	0.7264	0.6795	1
1127	1818	26.016	0.000	0.7627	0.6277	1
1127	1819	25.014	0.000	0.7125	0.5926	1
1127	1848	297.133	0.000	0.7039	0.4431	1
1127	2213	268.143	0.000	0.7252	0.5324	1
1127	2263	238.132	0.000	0.7210	0.5494	1
1128	1196	-27.995	0.000	0.8451	0.6957	1
1128	1203	-0.000	0.000	0.9440	0.9230	1
1128	1276	-12.036	0.000	0.7612	0.6761	1
1128	1470	-10.021	0.000	0.8640	0.6643	1
1128	1527	-50.027	0.000	0.7316	0.6940	1
1128	1613	15.995	0.000	0.8215	0.6345	1
1128	1644	-41.063	0.000	0.7333	0.7558	1
1128	1773	-14.016	0.000	0.8841	0.7629	1
1128	1853	-24.000	0.000	0.8038	0.7367	1
1128	1854	-42.011	0.000	0.7867	0.7248	1
1128	1880	9.984	0.000	0.7547	0.7028	1
1128	1924	-27.995	0.000	0.8273	0.6692	1
1128	1954	0.000	0.000	0.8978	0.7644	1
1128	1991	-27.011	0.000	0.7321	0.6739	1
1128	2020	24.000	0.000	0.8500	0.8528	1
1128	2084	-3.995	0.000	0.7687	0.7527	1
1130	1147	0.001	0.000	0.9308	0.7852	1
1131	1278	-13.979	0.000	0.7776	0.6205	1
1131	1567	113.084	0.000	0.8643	0.8931	1
1133	1160	0.000	0.000	0.9624	0.8550	1
1133	1184	2.015	0.000	0.8341	0.7104	1
1133	1245	2.016	0.000	0.7740	0.6743	1
1133	1359	28.031	0.000	0.8071	0.7084	1
1133	1374	99.068	0.000	0.7537	0.6708	1
1133	1546	-1.979	0.000	0.8072	0.6748	1
1133	1585	12.036	0.000	0.7218	0.6953	1
1133	1719	12.036	0.000	0.8255	0.6623	1
1133	1772	-15.959	0.000	0.7008	0.6480	1
1133	1806	-14.974	0.000	0.7899	0.6505	1
1135	1144	113.084	0.000	0.7833	0.7193	1
1135	1451	113.084	0.000	0.8151	0.7666	1
1136	1626	-56.063	0.000	0.7499	0.7144	1
1136	2035	-40.031	0.000	0.7698	0.7740	1
1136	2125	-14.016	0.000	0.9456	0.9225	1
1136	2269	-18.011	0.000	0.7012	0.8030	1
1137	1469	352.211	0.000	0.7197	0.3959	1
1138	1219	-101.048	0.000	0.7848	0.5403	1
1139	1262	-30.011	0.000	0.8396	0.7917	1
1139	1397	-58.006	0.000	0.7296	0.6768	1
1139	1398	-15.995	0.000	0.8895	0.7918	1
1139	1494	-187.049	0.000	0.7512	0.6028	1
1139	1531	-57.022	0.000	0.7122	0.6718	1
1139	1689	12.036	0.000	0.7181	0.6847	1
1139	2061	-57.058	0.000	0.7028	0.6332	1
1140	1155	-71.037	0.000	0.7469	0.5367	1
1140	1186	-33.984	0.000	0.8256	0.6724	1
1140	1845	12.036	0.000	0.7502	0.7176	1
1140	1913	-15.958	0.000	0.7263	0.5431	1
1140	1960	-1.943	0.000	0.7603	0.7121	1
1144	1451	-0.000	0.000	0.9416	0.7889	1
1150	1151	-18.011	0.000	0.8160	0.7107	1
1150	1462	56.059	0.000	0.9048	0.6883	1
1150	1863	-15.962	0.000	0.8742	0.5638	1
1150	2101	47.005	0.000	0.9120	0.6865	1
1150	2297	47.005	0.000	0.8997	0.6643	1
1150	2416	47.005	0.000	0.8735	0.6420	1
1150	2444	47.005	0.000	0.8692	0.6370	1
1151	1222	39.011	0.000	0.7641	0.6667	1
1152	1347	14.016	0.000	0.9796	0.8946	1
1152	1550	-15.995	0.000	0.7905	0.5291	1
1154	1317	99.068	0.000	0.8902	0.7701	1
1154	1379	99.069	0.000	0.7094	0.5162	1
1154	1392	83.073	0.000	0.8673	0.7279	1
1154	1438	99.068	0.000	0.7294	0.5549	1
1154	1517	-45.969	0.000	0.7525	0.5295	1
1154	1558	12.036	0.000	0.7502	0.5600	1
1154	2010	100.016	0.000	0.7893	0.6716	1
1155	1260	-30.011	0.000	0.7154	0.6569	1
1156	1159	-1.003	0.000	0.8542	0.6634	1
1156	1202	131.037	0.000	0.7495	0.5819	1
1156	1207	48.000	0.000	0.7935	0.6855	1
1156	1229	29.006	0.000	0.7008	0.6271	1
1156	1232	60.000	0.000	0.7660	0.6482	1
1156	1241	74.016	0.000	0.7523	0.5941	1
1156	1250	-87.032	0.000	0.8867	0.6531	1
1156	1265	-15.995	0.000	0.8204	0.6756	1
1156	1268	-258.104	0.000	0.7132	0.4959	1
1156	1269	-87.032	0.000	0.8875	0.6749	1
1156	1272	-147.035	0.000	0.7557	0.6368	1
1156	1352	44.005	0.000	0.7507	0.5809	1
1156	1357	43.002	0.000	0.7286	0.5709	1
1156	1407	145.053	0.000	0.7544	0.5819	1
1156	1417	-142.074	0.000	0.7355	0.6058	1
1156	1437	147.069	0.000	0.7742	0.5418	1
1156	1453	-131.077	0.000	0.7284	0.5618	1
1156	1492	-131.077	0.000	0.7215	0.5355	1
1156	1588	-0.037	0.000	0.8026	0.6955	1
1156	1612	97.016	0.000	0.7298	0.6585	1
1156	1632	-37.090	0.000	0.7686	0.6763	1
1156	1677	97.016	0.000	0.7711	0.6958	1
1156	1784	-37.090	0.000	0.7830	0.7504	1
1156	1789	147.032	0.000	0.7149	0.5467	1
1156	1794	32.945	0.000	0.7347	0.6601	1
1156	1797	33.948	0.000	0.7101	0.6358	1
1156	1798	33.948	0.000	0.9057	0.7808	1
1156	1947	-31.042	0.000	0.7295	0.6620	1
1156	2028	147.032	0.000	0.7073	0.5730	1
1158	1624	224.115	0.000	0.7629	0.5511	1
1159	1357	44.005	0.000	0.7530	0.5549	1
1159	1588	0.966	0.000	0.7212	0.5643	1
1159	1677	98.020	0.000	0.7055	0.5475	1
1159	1794	33.948	0.000	0.8642	0.7487	1
1159	1798	34.951	0.000	0.7239	0.5899	1
1160	1184	2.015	0.000	0.8364	0.6646	1
1160	1245	2.016	0.000	0.7620	0.6491	1
1160	1359	28.031	0.000	0.7749	0.6850	1
1160	1374	99.068	0.000	0.7533	0.6282	1
1160	1546	-1.979	0.000	0.8189	0.6965	1
1160	1585	12.036	0.000	0.7443	0.6893	1
1160	1719	12.036	0.000	0.8398	0.6530	1
1160	1766	-89.012	0.000	0.7171	0.6009	1
1160	1772	-15.959	0.000	0.7060	0.6032	1
1160	1806	-14.974	0.000	0.7998	0.6444	1
1162	1174	-95.996	0.000	0.7921	0.5245	1
1162	1229	-27.995	0.000	0.9479	0.7843	1
1162	1358	-129.043	0.000	0.8444	0.6169	1
1162	1530	14.052	0.000	0.9304	0.7190	1
1162	1583	26.052	0.000	0.8950	0.6361	1
1162	1630	28.067	0.000	0.8959	0.7335	1
1162	1647	-114.991	0.000	0.8253	0.6862	1
1162	1680	26.052	0.000	0.9281	0.8052	1
1162	1718	15.036	0.000	0.8244	0.6092	1
1162	1738	-130.002	0.000	0.8179	0.5190	1
1162	1814	-58.964	0.000	0.8365	0.5469	1
1162	1831	-130.001	0.000	0.8062	0.4769	1
1162	2068	-615.252	0.000	0.7713	0.4562	1
1163	1393	14.015	0.000	0.8307	0.7914	1
1165	1176	0.924	0.000	0.8082	0.6942	1
1165	1785	12.888	0.000	0.7056	0.5297	1
1165	1930	40.919	0.000	0.7182	0.5530	1
1165	1966	54.935	0.000	0.7093	0.5058	1
1165	1968	10.909	0.000	0.7045	0.5798	1
1165	1986	24.924	0.000	0.7230	0.5417	1
1165	2026	24.924	0.000	0.7443	0.6451	1
1165	2064	-18.090	0.000	0.7907	0.6417	1
1165	2120	126.984	0.000	0.7167	0.5639	1
1166	1236	-27.995	0.000	0.9090	0.6783	1
1166	1260	-45.010	0.000	0.9073	0.6541	1
1166	1418	-30.995	0.000	0.9560	0.7569	1
1166	1454	-30.995	0.000	0.7042	0.5091	1
1166	1507	-58.006	0.000	0.8267	0.6740	1
1166	2026	-72.058	0.000	0.7277	0.6128	1
1169	1260	14.016	0.000	0.8670	0.6512	1
1169	1262	-27.995	0.000	0.7041	0.6299	1
1169	1397	-55.990	0.000	0.7266	0.5823	1
1169	1458	-55.990	0.000	0.7123	0.5753	1
1170	1636	-15.995	0.000	0.7030	0.5960	1
1172	1374	85.053	0.000	0.7119	0.5602	1
1172	1482	127.063	0.000	0.7141	0.4537	1
1172	1719	-1.979	0.000	0.7240	0.7072	1
1174	1229	68.001	0.000	0.8154	0.5705	1
1174	1358	-33.047	0.000	0.7331	0.5510	1
1174	1583	122.048	0.000	0.7344	0.4509	1
1174	1630	124.063	0.000	0.8298	0.6161	1
1174	1680	122.048	0.000	0.7927	0.5327	1
1174	1718	111.032	0.000	0.8588	0.6732	1
1174	1738	-34.006	0.000	0.7698	0.5901	1
1174	1814	37.032	0.000	0.7949	0.6238	1
1174	1831	-34.005	0.000	0.7542	0.5242	1
1174	1868	-17.027	0.000	0.7697	0.7393	1
1174	2068	-519.256	0.000	0.7386	0.4752	1
1175	1212	0.001	0.000	0.7430	0.5675	1
1176	1263	77.084	0.000	0.7277	0.5678	1
1176	1282	111.068	0.000	0.7220	0.4366	1
1176	1334	111.069	0.000	0.7475	0.5425	1
1176	1379	-115.027	0.000	0.7081	0.6423	1
1176	1401	182.106	0.000	0.7170	0.5059	1
1176	1474	16.031	0.000	0.8368	0.7733	1
1176	1486	54.047	0.000	0.7098	0.6327	1
1176	1511	125.084	0.000	0.7551	0.5440	1
1176	1531	-17.974	0.000	0.8144	0.7471	1
1176	1578	42.047	0.000	0.8913	0.8083	1
1176	1629	95.073	0.000	0.7971	0.6773	1
1176	1644	113.084	0.000	0.7995	0.6424	1
1176	1678	24.036	0.000	0.7484	0.7140	1
1176	1688	-346.150	0.000	0.7250	0.5568	1
1176	1693	127.100	0.000	0.7086	0.5712	1
1176	1710	11.963	0.000	0.7577	0.7228	1
1176	1732	-15.959	0.000	0.8764	0.8336	1
1176	1743	181.110	0.000	0.7277	0.4273	1
1176	1744	56.062	0.000	0.8203	0.6733	1
1176	1748	12.036	0.000	0.7429	0.7499	1
1176	1755	-3.959	0.000	0.7230	0.6040	1
1176	1770	13.979	0.000	0.8842	0.8010	1
1176	1785	11.964	0.000	0.9006	0.7651	1
1176	1788	-3.995	0.000	0.8930	0.8622	1
1176	1792	127.063	0.000	0.8082	0.6548	1
1176	1841	-1.943	0.000	0.8203	0.6877	1
1176	1893	123.105	0.000	0.7107	0.5697	1
1176	1895	39.995	0.000	0.8623	0.6933	1
1176	1904	125.048	0.000	0.7971	0.6588	1
1176	1910	25.542	0.000	0.7147	0.5491	1
1176	1914	25.980	0.000	0.7320	0.6025	1
1176	1928	66.083	0.000	0.7254	0.6245	1
1176	1930	39.995	0.000	0.8724	0.7047	1
1176	1935	127.063	0.000	0.8277	0.6750	1
1176	1939	54.011	0.000	0.8879	0.6789	1
1176	1944	111.032	0.000	0.7331	0.6154	1
1176	1945	77.048	0.000	0.7262	0.6079	1
1176	1966	54.011	0.000	0.9113	0.7363	1
1176	1968	9.985	0.000	0.8711	0.7284	1
1176	1972	-18.010	0.000	0.7365	0.7469	1
1176	1986	24.000	0.000	0.8760	0.7121	1
1176	1999	-3.011	0.000	0.8155	0.6693	1
1176	2000	111.032	0.000	0.8572	0.6038	1
1176	2002	-133.038	0.000	0.7128	0.6018	1
1176	2009	39.995	0.000	0.8513	0.7922	1
1176	2014	-3.995	0.000	0.7393	0.6521	1
1176	2015	9.984	0.000	0.7262	0.7191	1
1176	2017	-18.010	0.000	0.7358	0.6809	1
1176	2026	24.000	0.000	0.8916	0.7693	1
1176	2037	9.984	0.000	0.8376	0.7950	1
1176	2043	54.010	0.000	0.7838	0.6433	1
1176	2055	93.076	0.000	0.7043	0.6389	1
1176	2056	-3.011	0.000	0.7211	0.6138	1
1176	2059	-3.461	0.000	0.7473	0.6321	1
1176	2061	-18.011	0.000	0.8566	0.7571	1
1176	2063	125.048	0.000	0.7004	0.5730	1
1176	2064	-19.014	0.000	0.7748	0.6416	1
1176	2065	-33.022	0.000	0.7008	0.5711	1
1176	2070	-25.991	0.000	0.7301	0.6165	1
1176	2073	-17.987	0.000	0.8133	0.7197	1
1176	2075	68.026	0.000	0.7144	0.5195	1
1176	2081	24.000	0.000	0.8453	0.7276	1
1176	2082	-3.995	0.000	0.8250	0.7526	1
1176	2093	-4.006	0.000	0.7778	0.6930	1
1176	2097	-3.011	0.000	0.7580	0.6943	1
1176	2113	54.011	0.000	0.7132	0.5997	1
1176	2114	125.048	0.000	0.8305	0.5105	1
1176	2116	24.000	0.000	0.7711	0.6825	1
1176	2136	38.015	0.000	0.7648	0.6264	1
1176	2141	127.063	0.000	0.7861	0.5265	1
1176	2142	-3.011	0.000	0.7184	0.6547	1
1176	2159	109.089	0.000	0.7385	0.6023	1
1176	2170	-3.995	0.000	0.7227	0.6940	1
1176	2209	127.063	0.000	0.7072	0.5626	1
1176	2239	-3.011	0.000	0.7040	0.6247	1
1176	2243	25.020	0.000	0.7186	0.6044	1
1176	2259	82.042	0.000	0.8006	0.6102	1
1176	2278	-5.938	0.000	0.7001	0.5380	1
1176	2292	96.058	0.000	0.8280	0.6405	1
1176	2293	-33.969	0.000	0.8148	0.7520	1
1176	2295	52.031	0.000	0.7616	0.6107	1
1176	2309	24.036	0.000	0.8134	0.7097	1
1176	2310	95.063	0.000	0.8068	0.6747	1
1176	2317	22.021	0.000	0.8040	0.6751	1
1176	2320	109.089	0.000	0.7892	0.5903	1
1176	2327	66.047	0.000	0.8233	0.6581	1
1176	2333	123.069	0.000	0.7946	0.6249	1
1176	2347	95.073	0.000	0.8068	0.6747	1
1176	2350	167.095	0.000	0.7550	0.4917	1
1176	2353	-5.974	0.000	0.7090	0.5907	1
1176	2356	110.073	0.000	0.7005	0.5908	1
1176	2359	-32.985	0.000	0.7091	0.6681	1
1176	2362	95.073	0.000	0.7197	0.6783	1
1176	2363	137.084	0.000	0.7617	0.5105	1
1176	2381	8.042	0.000	0.7485	0.6023	1
1176	2385	36.037	0.000	0.7334	0.5633	1
1176	2387	137.084	0.000	0.8184	0.5880	1
1176	2393	22.057	0.000	0.7132	0.5709	1
1176	2394	80.063	0.000	0.7342	0.5857	1
1176	2397	96.058	0.000	0.7711	0.5973	1
1176	2401	137.084	0.000	0.7108	0.5763	1
1176	2432	-26.027	0.000	0.8179	0.7451	1
1176	2437	-146.106	0.000	0.7580	0.6604	1
1176	2459	-3.047	0.000	0.7370	0.6768	1
1177	1250	131.040	0.000	0.8130	0.7650	1
1177	1269	131.040	0.000	0.8171	0.7463	1
1177	1484	-15.995	0.000	0.9047	0.7886	1
1177	1685	278.109	0.000	0.7149	0.6206	1
1177	1943	93.951	0.000	0.7805	0.6774	1
1178	1193	26.016	0.000	0.8131	0.7112	1
1178	1402	9.976	0.000	0.7440	0.5191	1
1178	1452	109.016	0.000	0.7188	0.5391	1
1178	1461	-9.066	0.000	0.7289	0.6800	1
1178	1474	18.940	0.000	0.7290	0.5574	1
1178	1518	111.032	0.000	0.7312	0.6288	1
1179	1184	1.031	0.000	0.7074	0.5149	1
1179	1261	16.031	0.000	0.7107	0.6177	1
1180	1477	16.972	0.000	0.8145	0.5992	1
1180	2096	3.958	0.000	0.7925	0.6741	1
1180	2297	4.961	0.000	0.9161	0.8163	1
1180	2375	3.977	0.000	0.7768	0.6309	1
1180	2416	4.961	0.000	0.9084	0.8064	1
1180	2444	4.961	0.000	0.9035	0.7991	1
1182	1598	168.101	0.000	0.7167	0.5696	1
1182	1599	134.069	0.000	0.7307	0.6262	1
1182	1634	168.054	0.000	0.7416	0.6219	1
1182	1817	-71.037	0.000	0.7022	0.5576	1
1182	1823	168.054	0.000	0.8830	0.6050	1
1182	1836	111.032	0.000	0.8412	0.6102	1
1182	1848	182.069	0.000	0.7314	0.6788	1
1182	1871	168.054	0.000	0.9101	0.6684	1
1182	1872	-18.011	0.000	0.8942	0.6560	1
1182	1876	111.032	0.000	0.8842	0.7224	1
1182	1898	81.022	0.000	0.8607	0.6651	1
1182	1964	111.032	0.000	0.8029	0.5883	1
1182	1973	53.027	0.000	0.7632	0.4782	1
1182	1997	125.048	0.000	0.8034	0.6254	1
1182	2001	81.022	0.000	0.7682	0.5253	1
1182	2005	182.069	0.000	0.7949	0.5035	1
1182	2034	21.055	0.000	0.7464	0.4219	1
1182	2036	184.085	0.000	0.7223	0.4749	1
1182	2052	118.074	0.000	0.8043	0.5615	1
1182	2103	53.027	0.000	0.7235	0.4647	1
1182	2146	180.090	0.000	0.7249	0.4537	1
1182	2198	210.101	0.000	0.8177	0.5350	1
1182	2213	153.079	0.000	0.7416	0.4947	1
1182	2238	180.090	0.000	0.7650	0.5263	1
1182	2251	184.085	0.000	0.7659	0.6559	1
1182	2269	224.116	0.000	0.7612	0.4907	1
1182	2280	166.111	0.000	0.7024	0.4585	1
1182	2302	194.106	0.000	0.7198	0.5216	1
1182	2304	184.085	0.000	0.7351	0.5275	1
1182	2314	184.085	0.000	0.7503	0.6409	1
1182	2345	194.106	0.000	0.7708	0.6385	1
1182	2410	184.085	0.000	0.7178	0.4988	1
1182	2432	39.959	0.000	0.7929	0.6443	1
1182	2474	153.043	0.000	0.7244	0.4496	1
1184	1194	157.074	0.000	0.7640	0.4325	1
1184	1261	15.000	0.000	0.7099	0.5571	1
1184	1392	-158.069	0.000	0.7596	0.5224	1
1184	1414	99.068	0.000	0.7858	0.5720	1
1184	1459	113.084	0.000	0.7521	0.4484	1
1184	1472	70.042	0.000	0.7691	0.6040	1
1184	1517	-287.112	0.000	0.7208	0.4531	1
1184	1518	81.076	0.000	0.7250	0.5507	1
1184	1554	42.047	0.000	0.7367	0.5182	1
1184	1713	12.036	0.000	0.7018	0.5874	1
1184	1792	100.016	0.000	0.7228	0.6017	1
1184	2141	100.016	0.000	0.7038	0.5800	1
1185	1251	10.021	0.000	0.7564	0.5703	1
1185	1420	-128.059	0.000	0.7854	0.6870	1
1185	1985	111.032	0.000	0.8055	0.6246	1
1185	2054	-17.027	0.000	0.8206	0.7480	1
1186	1518	-9.988	0.000	0.7068	0.5590	1
1186	1711	76.031	0.000	0.7009	0.6088	1
1186	1845	46.021	0.000	0.8243	0.6559	1
1186	1913	18.026	0.000	0.7648	0.5369	1
1186	1960	32.041	0.000	0.8066	0.7618	1
1186	2020	60.036	0.000	0.8031	0.7557	1
1187	1400	0.000	0.000	0.9432	0.8524	1
1187	1553	-18.011	0.000	0.7070	0.7652	1
1187	1601	-43.060	0.000	0.8540	0.7424	1
1187	1684	-73.071	0.000	0.8789	0.6601	1
1187	1758	-29.044	0.000	0.8955	0.7049	1
1187	1769	-101.066	0.000	0.7452	0.5014	1
1187	1773	-83.055	0.000	0.7924	0.6145	1
1187	1880	-59.055	0.000	0.7504	0.5863	1
1189	1439	99.069	0.000	0.8344	0.6950	1
1189	1476	-119.036	0.000	0.7082	0.4946	1
1191	1209	33.984	0.000	0.9653	0.7765	1
1191	1240	33.984	0.000	0.9715	0.7831	1
1191	1263	0.984	0.000	0.8653	0.7576	1
1191	1374	48.000	0.000	0.8301	0.5450	1
1191	1414	50.016	0.000	0.9393	0.6888	1
1191	1501	-15.995	0.000	0.9147	0.6550	1
1191	1515	-39.032	0.000	0.7016	0.3758	1
1191	1557	19.064	0.000	0.9178	0.6910	1
1191	1570	49.996	0.000	0.7927	0.5307	1
1191	1684	74.016	0.000	0.7186	0.6557	1
1191	1773	64.031	0.000	0.7675	0.6206	1
1191	1795	36.000	0.000	0.7038	0.5941	1
1191	1845	88.031	0.000	0.8015	0.6891	1
1191	1854	36.036	0.000	0.8762	0.7451	1
1191	1913	60.037	0.000	0.7762	0.7071	1
1191	2234	10.009	0.000	0.8898	0.6215	1
1192	1405	14.016	0.000	0.9212	0.8302	1
1192	1606	-15.995	0.000	0.7738	0.5990	1
1193	1452	83.001	0.000	0.8539	0.7189	1
1193	1749	111.032	0.000	0.7738	0.6834	1
1193	1800	81.021	0.000	0.7843	0.6964	1
1193	1921	95.037	0.000	0.7864	0.7454	1
1194	1377	14.016	0.000	0.9927	0.9141	1
1194	1414	-58.005	0.000	0.9789	0.7487	1
1194	1554	-115.027	0.000	0.8263	0.3669	1
1194	1642	-43.006	0.000	0.9508	0.6547	1
1194	1681	-43.006	0.000	0.9478	0.6383	1
1195	1849	-128.095	0.000	0.8075	0.7108	1
1196	1203	27.995	0.000	0.9098	0.7825	1
1196	1273	61.964	0.000	0.7370	0.4946	1
1196	1276	15.959	0.000	0.7823	0.6618	1
1196	1470	17.974	0.000	0.9189	0.7542	1
1196	1613	43.990	0.000	0.8258	0.5307	1
1196	1751	39.995	0.000	0.7113	0.5858	1
1196	1773	13.979	0.000	0.8884	0.7832	1
1196	1822	9.985	0.000	0.7740	0.7058	1
1196	1853	3.995	0.000	0.8458	0.7421	1
1196	1854	-14.016	0.000	0.8811	0.8038	1
1196	1918	-17.026	0.000	0.7807	0.5484	1
1196	1923	-18.010	0.000	0.9112	0.8065	1
1196	1924	0.000	0.000	0.9869	0.9224	1
1196	1954	27.995	0.000	0.8831	0.6981	1
1196	1960	24.000	0.000	0.9277	0.8548	1
1196	1991	0.984	0.000	0.8063	0.7562	1
1196	2067	-3.995	0.000	0.7656	0.6670	1
1196	2396	-107.040	0.000	0.7766	0.6813	1
1197	1228	18.977	0.000	0.7011	0.7595	1
1197	1452	11.964	0.000	0.7716	0.8446	1
1197	1518	13.979	0.000	0.7933	0.7328	1
1197	1749	39.995	0.000	0.8295	0.8102	1
1197	1795	17.956	0.000	0.7851	0.5981	1
1197	1800	9.984	0.000	0.7959	0.7930	1
1197	1889	-24.065	0.000	0.7080	0.4953	1
1197	1921	24.000	0.000	0.8696	0.7632	1
1197	2196	-0.054	0.000	0.7605	0.6432	1
1198	1209	71.037	0.000	0.7555	0.6476	1
1198	1267	14.016	0.000	0.7157	0.7544	1
1198	1381	15.000	0.000	0.7878	0.6850	1
1198	1397	-58.006	0.000	0.8841	0.7500	1
1198	1458	-58.006	0.000	0.8384	0.6939	1
1198	1481	-1.979	0.000	0.7565	0.6914	1
1198	1535	-101.012	0.000	0.8094	0.6325	1
1198	1860	-27.059	0.000	0.7337	0.5934	1
1198	1895	0.948	0.000	0.7376	0.6833	1
1198	1899	-27.058	0.000	0.7421	0.6129	1
1198	1930	0.948	0.000	0.7486	0.7599	1
1198	2009	0.948	0.000	0.7002	0.6490	1
1199	1413	91.027	0.000	0.8701	0.5920	1
1199	1469	98.001	0.000	0.7724	0.4808	1
1199	1530	111.032	0.000	0.8998	0.6921	1
1199	1600	254.091	0.000	0.7784	0.5892	1
1199	1624	-24.001	0.000	0.7515	0.4816	1
1199	1752	163.125	0.000	0.7039	0.4846	1
1199	1761	-18.011	0.000	0.9039	0.7118	1
1199	1830	139.064	0.000	0.8712	0.6090	1
1199	1896	38.016	0.000	0.7852	0.5284	1
1200	1875	-128.095	0.000	0.8077	0.7571	1
1201	1244	42.012	0.000	0.7495	0.4547	1
1201	1317	-78.080	0.000	0.7138	0.5487	1
1201	1554	106.042	0.000	0.7280	0.5762	1
1201	1713	76.031	0.000	0.7332	0.6108	1
1201	2130	69.994	0.000	0.7151	0.5109	1
1201	2219	69.994	0.000	0.7535	0.5515	1
1202	1207	-83.037	0.000	0.9350	0.7959	1
1202	1230	-246.101	0.000	0.7794	0.5270	1
1202	1232	-71.037	0.000	0.9317	0.8118	1
1202	1241	-57.022	0.000	0.9231	0.8028	1
1202	1252	-317.138	0.000	0.7639	0.4706	1
1202	1265	-147.033	0.000	0.9064	0.7045	1
1202	1352	-87.032	0.000	0.9185	0.7738	1
1202	1357	-88.035	0.000	0.7304	0.4971	1
1202	1407	14.016	0.000	0.9791	0.8827	1
1202	1417	-273.112	0.000	0.7994	0.4939	1
1202	1437	16.031	0.000	0.9357	0.8317	1
1202	1474	2.016	0.000	0.7446	0.7208	1
1202	1485	-185.080	0.000	0.8014	0.4910	1
1202	1520	-188.080	0.000	0.7303	0.4320	1
1202	1521	-188.023	0.000	0.7528	0.4770	1
1202	1529	-114.043	0.000	0.7435	0.6480	1
1202	1575	-233.102	0.000	0.8908	0.7148	1
1202	1588	-131.075	0.000	0.8285	0.6546	1
1202	1595	-202.060	0.000	0.8788	0.6266	1
1202	1612	-34.021	0.000	0.7954	0.6971	1
1202	1651	-99.105	0.000	0.7094	0.5436	1
1202	1665	-17.975	0.000	0.7078	0.5423	1
1202	1677	-34.021	0.000	0.8444	0.7603	1
1202	1678	10.020	0.000	0.8466	0.7592	1
1202	1767	-57.058	0.000	0.7135	0.5877	1
1202	1770	-0.037	0.000	0.7608	0.7291	1
1202	1789	15.995	0.000	0.8452	0.7492	1
1202	1794	-98.092	0.000	0.7782	0.6564	1
1202	1797	-97.089	0.000	0.7087	0.6655	1
1202	1798	-97.089	0.000	0.8317	0.7119	1
1202	1799	-89.030	0.000	0.7216	0.5012	1
1202	1905	-129.079	0.000	0.7556	0.5611	1
1202	1932	-89.030	0.000	0.7621	0.6207	1
1202	1934	42.011	0.000	0.8337	0.7332	1
1202	1947	-162.080	0.000	0.7850	0.5406	1
1202	2009	25.979	0.000	0.7225	0.7261	1
1202	2010	-128.096	0.000	0.7304	0.5681	1
1202	2028	15.995	0.000	0.8354	0.6945	1
1202	2088	-277.143	0.000	0.7091	0.4270	1
1202	2112	-105.026	0.000	0.7114	0.5207	1
1202	2140	11.999	0.000	0.7052	0.5591	1
1202	2145	42.010	0.000	0.8568	0.7845	1
1202	2147	-114.080	0.000	0.8562	0.6978	1
1202	2148	-89.031	0.000	0.7079	0.5616	1
1202	2150	-474.281	0.000	0.7559	0.5405	1
1202	2190	-105.026	0.000	0.7097	0.5104	1
1202	2194	56.026	0.000	0.7288	0.6781	1
1202	2249	26.015	0.000	0.7317	0.6365	1
1202	2300	-89.031	0.000	0.7133	0.5473	1
1202	2331	-89.030	0.000	0.7425	0.6014	1
1203	1228	-41.026	0.000	0.7062	0.7933	1
1203	1276	-12.036	0.000	0.8166	0.7592	1
1203	1470	-10.021	0.000	0.9181	0.7288	1
1203	1527	-50.027	0.000	0.7841	0.7193	1
1203	1613	15.995	0.000	0.8613	0.6368	1
1203	1773	-14.016	0.000	0.9411	0.8251	1
1203	1853	-24.000	0.000	0.8330	0.7367	1
1203	1854	-42.011	0.000	0.8097	0.7952	1
1203	1880	9.984	0.000	0.7578	0.7028	1
1203	1924	-27.995	0.000	0.8886	0.7567	1
1203	1954	0.000	0.000	0.9677	0.8791	1
1203	1991	-27.011	0.000	0.7315	0.6570	1
1203	2020	24.000	0.000	0.8856	0.8613	1
1203	2084	-3.995	0.000	0.8147	0.8674	1
1204	1213	-186.101	0.000	0.8126	0.6392	1
1204	1258	-246.104	0.000	0.7333	0.5440	1
1205	1428	-87.033	0.000	0.7594	0.6816	1
1205	1726	113.084	0.000	0.7121	0.6052	1
1205	1861	114.068	0.000	0.7117	0.5913	1
1206	1272	186.101	0.000	0.7360	0.5084	1
1206	1484	99.068	0.000	0.8646	0.6899	1
1207	1230	-163.064	0.000	0.8575	0.6229	1
1207	1232	12.000	0.000	0.9472	0.7814	1
1207	1241	26.016	0.000	0.9573	0.8000	1
1207	1252	-234.101	0.000	0.7906	0.5041	1
1207	1265	-63.995	0.000	0.9502	0.7789	1
1207	1352	-3.995	0.000	0.9487	0.7859	1
1207	1357	-4.998	0.000	0.7515	0.5448	1
1207	1407	97.053	0.000	0.9196	0.7325	1
1207	1417	-190.074	0.000	0.7934	0.4947	1
1207	1433	-222.075	0.000	0.7044	0.5382	1
1207	1437	99.068	0.000	0.9039	0.7074	1
1207	1485	-102.043	0.000	0.8165	0.5135	1
1207	1520	-105.043	0.000	0.7295	0.5084	1
1207	1521	-104.986	0.000	0.7350	0.5160	1
1207	1575	-150.064	0.000	0.9134	0.6990	1
1207	1588	-48.037	0.000	0.8561	0.7238	1
1207	1595	-119.022	0.000	0.8628	0.6172	1
1207	1612	49.016	0.000	0.7296	0.6042	1
1207	1677	49.016	0.000	0.7798	0.6633	1
1207	1767	25.979	0.000	0.7116	0.5638	1
1207	1770	83.001	0.000	0.7152	0.7923	1
1207	1789	99.032	0.000	0.7978	0.6190	1
1207	1798	-14.052	0.000	0.7570	0.7215	1
1207	1799	-5.993	0.000	0.7622	0.6113	1
1207	1905	-46.042	0.000	0.7482	0.5492	1
1207	1932	-5.993	0.000	0.7700	0.6177	1
1207	1934	125.048	0.000	0.7527	0.5762	1
1207	1947	-79.042	0.000	0.7977	0.5590	1
1207	2004	-239.102	0.000	0.7155	0.5224	1
1207	2028	99.032	0.000	0.7967	0.6140	1
1207	2088	-194.106	0.000	0.7517	0.5116	1
1207	2112	-21.988	0.000	0.7368	0.5296	1
1207	2145	125.047	0.000	0.7729	0.6318	1
1207	2147	-31.043	0.000	0.8730	0.7308	1
1207	2148	-5.994	0.000	0.7136	0.5517	1
1207	2150	-391.243	0.000	0.7651	0.5324	1
1207	2152	38.016	0.000	0.7280	0.5667	1
1207	2190	-21.988	0.000	0.7335	0.5186	1
1207	2210	-451.230	0.000	0.7010	0.5176	1
1207	2227	-3.011	0.000	0.7408	0.5933	1
1207	2245	-5.994	0.000	0.7468	0.6385	1
1207	2283	11.005	0.000	0.7619	0.5951	1
1207	2288	-19.006	0.000	0.7070	0.4406	1
1207	2300	-5.993	0.000	0.7529	0.6248	1
1207	2331	-5.993	0.000	0.7655	0.6138	1
1207	2413	-21.988	0.000	0.7189	0.5036	1
1207	2430	-21.988	0.000	0.7074	0.4972	1
1208	1232	18.977	0.000	0.8779	0.5941	1
1208	1632	-78.113	0.000	0.7856	0.5237	1
1208	1784	-78.113	0.000	0.7738	0.5183	1
1208	1801	-184.048	0.000	0.7808	0.4994	1
1208	2258	-73.017	0.000	0.7580	0.5175	1
1208	2279	-73.017	0.000	0.7892	0.5377	1
1209	1239	14.016	0.000	0.8013	0.6155	1
1209	1240	0.000	0.000	0.9462	0.7448	1
1209	1246	-71.037	0.000	0.7217	0.5769	1
1209	1247	42.011	0.000	0.8992	0.7715	1
1209	1282	0.984	0.000	0.8562	0.8173	1
1209	1334	0.984	0.000	0.8428	0.7723	1
1209	1369	32.026	0.000	0.8208	0.5836	1
1209	1374	14.016	0.000	0.8532	0.6289	1
1209	1414	16.031	0.000	0.9151	0.7597	1
1209	1501	-49.979	0.000	0.8958	0.6755	1
1209	1523	-87.032	0.000	0.7218	0.4206	1
1209	1525	-101.011	0.000	0.7366	0.4890	1
1209	1535	-172.049	0.000	0.7150	0.3190	1
1209	1557	-14.921	0.000	0.8451	0.5725	1
1209	1570	16.012	0.000	0.7703	0.4407	1
1209	1769	12.036	0.000	0.7280	0.6642	1
1209	1854	2.052	0.000	0.8853	0.7249	1
1209	1913	26.052	0.000	0.7932	0.5636	1
1209	2234	-23.975	0.000	0.7926	0.4887	1
1210	1441	14.016	0.000	0.9287	0.8072	1
1210	1604	41.043	0.000	0.7804	0.6287	1
1210	1608	42.047	0.000	0.9430	0.8196	1
1210	1625	113.084	0.000	0.8059	0.6992	1
1210	1627	113.084	0.000	0.7801	0.6479	1
1210	1674	12.036	0.000	0.9070	0.7942	1
1210	1746	26.052	0.000	0.9194	0.8030	1
1210	1750	-14.975	0.000	0.8138	0.6340	1
1210	1824	113.165	0.000	0.7510	0.6521	1
1210	1829	95.110	0.000	0.7181	0.6289	1
1210	1834	26.052	0.000	0.8061	0.7163	1
1210	1879	113.164	0.000	0.7204	0.6472	1
1210	2251	226.168	0.000	0.7110	0.4181	1
1210	2314	226.168	0.000	0.7014	0.4320	1
1211	1579	-15.995	0.000	0.8408	0.6665	1
1213	1258	-60.002	0.000	0.8499	0.7669	1
1214	1225	-0.035	0.000	0.9585	0.8798	1
1214	1636	113.049	0.000	0.7499	0.6104	1
1215	1399	-58.005	0.000	0.7468	0.6727	1
1215	1482	-30.011	0.000	0.7299	0.7511	1
1215	1488	-63.995	0.000	0.8593	0.6721	1
1215	1499	18.011	0.000	0.8501	0.6794	1
1215	2269	-37.991	0.000	0.8690	0.5851	1
1221	1222	-17.027	0.000	0.7483	0.6562	1
1222	1427	-101.048	0.000	0.7185	0.4201	1
1222	1456	-57.021	0.000	0.8885	0.7637	1
1222	1501	-129.042	0.000	0.7922	0.5308	1
1223	1638	113.084	0.000	0.7116	0.5714	1
1224	1556	154.111	0.000	0.7534	0.5745	1
1224	1697	155.094	0.000	0.7833	0.6217	1
1224	1962	-128.095	0.000	0.8613	0.7961	1
1225	1636	113.084	0.000	0.7992	0.6743	1
1226	1732	51.995	0.000	0.7186	0.6681	1
1227	1254	-0.021	0.000	0.9544	0.8725	1
1228	1238	13.979	0.000	0.8183	0.6623	1
1228	1263	-36.036	0.000	0.8025	0.6536	1
1228	1282	-2.052	0.000	0.7561	0.6108	1
1228	1334	-2.052	0.000	0.7401	0.6057	1
1228	1362	13.979	0.000	0.7812	0.6212	1
1228	1401	68.985	0.000	0.8544	0.6706	1
1228	1511	11.964	0.000	0.7492	0.7123	1
1228	1576	13.979	0.000	0.8197	0.6623	1
1228	1578	-71.074	0.000	0.7412	0.5584	1
1228	1610	0.947	0.000	0.7651	0.7135	1
1228	1617	13.979	0.000	0.7612	0.6600	1
1228	1637	110.048	0.000	0.7073	0.3859	1
1228	1639	-52.031	0.000	0.7521	0.6253	1
1228	1644	-0.037	0.000	0.7834	0.7488	1
1228	1676	39.011	0.000	0.8229	0.7530	1
1228	1688	-459.270	0.000	0.7232	0.4669	1
1228	1693	13.979	0.000	0.8076	0.6983	1
1228	1715	-16.973	0.000	0.8296	0.6741	1
1228	1732	-129.079	0.000	0.8175	0.7149	1
1228	1743	67.990	0.000	0.8907	0.6802	1
1228	1744	-57.058	0.000	0.8334	0.7470	1
1228	1745	85.016	0.000	0.7834	0.6727	1
1228	1757	99.032	0.000	0.7028	0.5008	1
1228	1773	27.011	0.000	0.7529	0.7683	1
1228	1792	13.943	0.000	0.8327	0.7313	1
1228	1795	-1.020	0.000	0.7196	0.7478	1
1228	1832	57.021	0.000	0.7600	0.6183	1
1228	1841	-115.063	0.000	0.7615	0.5217	1
1228	1852	-18.995	0.000	0.8234	0.6998	1
1228	1853	17.027	0.000	0.8871	0.7311	1
1228	1854	-0.984	0.000	0.9195	0.8263	1
1228	1857	-18.011	0.000	0.7876	0.6560	1
1228	1864	-87.141	0.000	0.7082	0.6904	1
1228	1893	9.984	0.000	0.7734	0.7431	1
1228	1911	-111.141	0.000	0.7034	0.4074	1
1228	1918	-3.995	0.000	0.7075	0.5725	1
1228	1935	13.943	0.000	0.8037	0.6920	1
1228	1939	-59.110	0.000	0.7002	0.6475	1
1228	1944	-2.088	0.000	0.8527	0.7420	1
1228	1945	-36.073	0.000	0.8384	0.6935	1
1228	1951	-0.000	0.000	0.8836	0.7372	1
1228	1952	-18.011	0.000	0.9104	0.8532	1
1228	1972	-131.131	0.000	0.7257	0.5804	1
1228	1985	-85.126	0.000	0.7579	0.6133	1
1228	1991	14.016	0.000	0.7805	0.7626	1
1228	1998	68.949	0.000	0.8497	0.5703	1
1228	2000	-2.088	0.000	0.7530	0.7402	1
1228	2007	24.000	0.000	0.8558	0.7773	1
1228	2012	82.964	0.000	0.8242	0.5239	1
1228	2048	-3.995	0.000	0.7247	0.6411	1
1228	2055	-20.045	0.000	0.8508	0.8054	1
1228	2062	28.954	0.000	0.7682	0.6501	1
1228	2063	11.927	0.000	0.8633	0.7620	1
1228	2074	5.974	0.000	0.8706	0.6592	1
1228	2085	96.980	0.000	0.8510	0.4976	1
1228	2104	-75.084	0.000	0.7911	0.6488	1
1228	2114	11.927	0.000	0.7431	0.6706	1
1228	2123	-4.032	0.000	0.7907	0.6819	1
1228	2141	13.943	0.000	0.8136	0.7393	1
1228	2159	-4.031	0.000	0.8330	0.6826	1
1228	2170	-117.116	0.000	0.7716	0.6104	1
1228	2196	-19.031	0.000	0.8462	0.7084	1
1228	2202	-57.094	0.000	0.7788	0.6315	1
1228	2203	-45.094	0.000	0.8023	0.7462	1
1228	2209	13.943	0.000	0.8682	0.6916	1
1228	2213	-26.027	0.000	0.8569	0.5988	1
1228	2235	-52.068	0.000	0.8464	0.7565	1
1228	2237	-102.116	0.000	0.7113	0.5811	1
1228	2259	-31.079	0.000	0.7104	0.6238	1
1228	2265	-102.116	0.000	0.7565	0.5630	1
1228	2273	-43.079	0.000	0.7484	0.6358	1
1228	2286	-31.079	0.000	0.7471	0.6763	1
1228	2293	-147.090	0.000	0.7614	0.6410	1
1228	2295	-61.089	0.000	0.7765	0.6443	1
1228	2299	-26.027	0.000	0.8517	0.6374	1
1228	2306	-173.153	0.000	0.7180	0.5281	1
1228	2309	-89.084	0.000	0.7074	0.6502	1
1228	2310	-18.058	0.000	0.8107	0.7311	1
1228	2320	-4.031	0.000	0.8130	0.6606	1
1228	2323	56.985	0.000	0.7350	0.5130	1
1228	2324	39.958	0.000	0.8614	0.7249	1
1228	2333	9.948	0.000	0.8784	0.8409	1
1228	2334	8.945	0.000	0.7149	0.6367	1
1228	2339	-36.040	0.000	0.8340	0.6716	1
1228	2342	0.911	0.000	0.7150	0.5919	1
1228	2344	-89.084	0.000	0.7525	0.5961	1
1228	2347	-18.047	0.000	0.8107	0.7311	1
1228	2350	53.974	0.000	0.8905	0.7246	1
1228	2353	-119.095	0.000	0.7609	0.5512	1
1228	2356	-3.047	0.000	0.7419	0.6068	1
1228	2359	-146.106	0.000	0.7101	0.6299	1
1228	2362	-18.047	0.000	0.8437	0.7274	1
1228	2363	23.964	0.000	0.8446	0.8067	1
1228	2365	-47.074	0.000	0.7677	0.6285	1
1228	2387	23.964	0.000	0.8301	0.6935	1
1228	2394	-33.058	0.000	0.7118	0.5220	1
1228	2397	-17.063	0.000	0.8360	0.6286	1
1228	2401	23.964	0.000	0.8703	0.7748	1
1228	2403	-3.047	0.000	0.8456	0.7719	1
1228	2405	53.974	0.000	0.8145	0.6600	1
1228	2414	-104.095	0.000	0.7338	0.4704	1
1228	2417	-132.090	0.000	0.7236	0.4949	1
1228	2459	-116.168	0.000	0.7369	0.6258	1
1228	2464	-26.063	0.000	0.8413	0.6640	1
1228	2474	-26.063	0.000	0.8472	0.6935	1
1229	1358	-101.048	0.000	0.8487	0.6774	1
1229	1583	54.047	0.000	0.8737	0.6023	1
1229	1588	-29.043	0.000	0.7299	0.6944	1
1229	1630	56.062	0.000	0.9307	0.7892	1
1229	1680	54.046	0.000	0.8970	0.7019	1
1229	1718	43.031	0.000	0.8182	0.5767	1
1229	1723	-317.135	0.000	0.7063	0.3870	1
1229	1738	-102.007	0.000	0.8175	0.5408	1
1229	1814	-30.970	0.000	0.8295	0.5379	1
1229	1831	-102.007	0.000	0.8095	0.5102	1
1229	1905	-27.047	0.000	0.8104	0.6818	1
1229	2068	-587.257	0.000	0.8069	0.5071	1
1229	2328	-27.023	0.000	0.7330	0.6548	1
1230	1232	175.064	0.000	0.8149	0.5462	1
1230	1241	189.079	0.000	0.7893	0.4958	1
1230	1252	-71.037	0.000	0.8520	0.7604	1
1230	1265	99.068	0.000	0.8920	0.7239	1
1230	1352	159.069	0.000	0.7903	0.5548	1
1230	1407	260.117	0.000	0.8902	0.6511	1
1230	1417	-27.011	0.000	0.7014	0.5156	1
1230	1437	262.132	0.000	0.8222	0.5510	1
1230	1485	61.020	0.000	0.7220	0.5484	1
1230	1575	12.999	0.000	0.7810	0.4728	1
1230	1588	115.026	0.000	0.7410	0.5498	1
1230	1595	44.041	0.000	0.7769	0.6078	1
1230	1789	262.096	0.000	0.7322	0.4891	1
1230	2028	262.096	0.000	0.7124	0.4893	1
1230	2088	-31.042	0.000	0.8046	0.6863	1
1230	2145	288.111	0.000	0.7119	0.5096	1
1230	2147	132.021	0.000	0.8359	0.7017	1
1232	1241	14.016	0.000	0.9810	0.8747	1
1232	1252	-246.101	0.000	0.8062	0.5799	1
1232	1265	-75.995	0.000	0.9415	0.7540	1
1232	1352	-15.995	0.000	0.9676	0.8192	1
1232	1357	-16.998	0.000	0.7699	0.5460	1
1232	1381	111.069	0.000	0.7410	0.7734	1
1232	1407	85.053	0.000	0.9092	0.7644	1
1232	1417	-202.074	0.000	0.8121	0.5871	1
1232	1437	87.068	0.000	0.8911	0.6981	1
1232	1485	-114.043	0.000	0.8394	0.5212	1
1232	1500	-117.004	0.000	0.7040	0.4284	1
1232	1520	-117.042	0.000	0.7340	0.4721	1
1232	1521	-116.985	0.000	0.7479	0.4685	1
1232	1575	-162.064	0.000	0.9329	0.7598	1
1232	1588	-60.037	0.000	0.8526	0.7638	1
1232	1595	-131.022	0.000	0.9179	0.6760	1
1232	1612	37.016	0.000	0.7541	0.6790	1
1232	1632	-97.090	0.000	0.8566	0.6327	1
1232	1677	37.016	0.000	0.8014	0.7501	1
1232	1767	13.979	0.000	0.7213	0.5874	1
1232	1784	-97.090	0.000	0.8628	0.6863	1
1232	1789	87.032	0.000	0.8082	0.7007	1
1232	1798	-26.052	0.000	0.7249	0.6591	1
1232	1799	-17.993	0.000	0.7919	0.6490	1
1232	1860	69.010	0.000	0.7449	0.6443	1
1232	1899	69.011	0.000	0.7078	0.6385	1
1232	1900	-184.121	0.000	0.7587	0.6196	1
1232	1905	-58.042	0.000	0.8080	0.6497	1
1232	1927	-89.030	0.000	0.7237	0.6015	1
1232	1932	-17.993	0.000	0.8220	0.7442	1
1232	1934	113.048	0.000	0.7406	0.6861	1
1232	1943	-184.122	0.000	0.7185	0.5649	1
1232	1947	-91.042	0.000	0.8203	0.6337	1
1232	1981	69.010	0.000	0.7055	0.6333	1
1232	1995	-105.024	0.000	0.7107	0.5622	1
1232	2004	-251.102	0.000	0.7251	0.5231	1
1232	2010	-57.058	0.000	0.7466	0.6104	1
1232	2028	87.032	0.000	0.8040	0.6600	1
1232	2088	-206.106	0.000	0.7722	0.5512	1
1232	2112	-33.988	0.000	0.7363	0.5771	1
1232	2145	113.047	0.000	0.7579	0.6598	1
1232	2147	-43.042	0.000	0.9332	0.7818	1
1232	2148	-17.994	0.000	0.7484	0.6407	1
1232	2150	-403.243	0.000	0.7843	0.5802	1
1232	2152	26.016	0.000	0.7533	0.6707	1
1232	2190	-33.988	0.000	0.7308	0.5695	1
1232	2245	-17.994	0.000	0.7558	0.6747	1
1232	2283	-0.995	0.000	0.7331	0.5847	1
1232	2288	-31.006	0.000	0.7329	0.5937	1
1232	2300	-17.993	0.000	0.7800	0.6780	1
1232	2331	-17.993	0.000	0.8037	0.7205	1
1232	2413	-33.988	0.000	0.7243	0.5826	1
1232	2430	-33.988	0.000	0.7090	0.5620	1
1232	2446	-33.988	0.000	0.7072	0.5901	1
1233	1384	-20.937	0.000	0.7338	0.3439	1
1233	1386	23.027	0.000	0.8322	0.8054	1
1233	1839	-18.080	0.000	0.7316	0.3974	1
1233	1843	-18.011	0.000	0.8470	0.5334	1
1233	1892	-15.995	0.000	0.8942	0.6547	1
1233	1902	24.011	0.000	0.9183	0.7169	1
1233	1974	-18.011	0.000	0.9213	0.7492	1
1233	2055	51.906	0.000	0.7525	0.4063	1
1234	1243	14.015	0.000	0.8833	0.6708	1
1234	1350	-15.995	0.000	0.7555	0.5637	1
1235	1670	83.036	0.000	0.7689	0.6682	1
1235	1735	-18.011	0.000	0.8955	0.8171	1
1236	1359	-15.000	0.000	0.7111	0.6671	1
1237	1280	-57.022	0.000	0.7438	0.4988	1
1237	1466	-115.027	0.000	0.7713	0.4849	1
1237	1823	13.966	0.000	0.7046	0.5476	1
1237	1871	13.965	0.000	0.7176	0.6132	1
1237	2000	22.929	0.000	0.7049	0.5973	1
1238	1263	-50.016	0.000	0.9444	0.7187	1
1238	1282	-16.031	0.000	0.9262	0.7897	1
1238	1334	-16.031	0.000	0.9208	0.7897	1
1238	1362	-0.000	0.000	0.8813	0.6839	1
1238	1407	-99.068	0.000	0.7034	0.5363	1
1238	1414	-0.984	0.000	0.8462	0.7819	1
1238	1437	-97.053	0.000	0.8284	0.5769	1
1238	1459	13.032	0.000	0.7730	0.6061	1
1238	1472	-30.011	0.000	0.7446	0.5617	1
1238	1474	-111.069	0.000	0.7315	0.6322	1
1238	1486	-73.053	0.000	0.7555	0.5673	1
1238	1498	-71.037	0.000	0.7544	0.5245	1
1238	1511	-2.016	0.000	0.9119	0.7970	1
1238	1551	-57.022	0.000	0.7843	0.4391	1
1238	1554	-58.006	0.000	0.7442	0.4354	1
1238	1570	-1.003	0.000	0.7724	0.5887	1
1238	1576	-0.000	0.000	0.9854	0.8661	1
1238	1586	-244.158	0.000	0.9459	0.7042	1
1238	1639	-66.011	0.000	0.8858	0.6388	1
1238	1642	14.015	0.000	0.8942	0.7788	1
1238	1644	-14.016	0.000	0.7250	0.6848	1
1238	1648	-57.022	0.000	0.7366	0.5268	1
1238	1681	14.015	0.000	0.9108	0.8253	1
1238	1685	-184.085	0.000	0.7018	0.4634	1
1238	1693	-0.000	0.000	0.8071	0.4937	1
1238	1699	-57.022	0.000	0.7930	0.5719	1
1238	1713	-88.016	0.000	0.8119	0.5716	1
1238	1715	-30.952	0.000	0.8407	0.7924	1
1238	1717	27.011	0.000	0.7813	0.6741	1
1238	1728	-87.032	0.000	0.7284	0.3645	1
1238	1770	-113.121	0.000	0.7517	0.5651	1
1238	1789	-97.089	0.000	0.7921	0.5138	1
1238	1792	-0.036	0.000	0.8705	0.7041	1
1238	1840	-87.032	0.000	0.7324	0.5476	1
1238	1893	-3.995	0.000	0.8170	0.6226	1
1238	1934	-71.073	0.000	0.7057	0.5177	1
1238	1935	-0.036	0.000	0.8262	0.6344	1
1238	1939	-73.089	0.000	0.7499	0.5755	1
1238	1951	-13.979	0.000	0.7387	0.5254	1
1238	1986	-103.100	0.000	0.7658	0.5275	1
1238	2000	-16.068	0.000	0.7959	0.6535	1
1238	2007	10.021	0.000	0.8680	0.7606	1
1238	2026	-103.100	0.000	0.7760	0.5088	1
1238	2028	-97.089	0.000	0.7726	0.4369	1
1238	2075	-59.074	0.000	0.8366	0.6745	1
1238	2092	-28.043	0.000	0.8374	0.5695	1
1238	2114	-2.052	0.000	0.7952	0.6690	1
1238	2115	-59.074	0.000	0.7135	0.5324	1
1238	2136	-89.084	0.000	0.7829	0.5489	1
1238	2140	-101.085	0.000	0.7120	0.4848	1
1238	2141	-0.037	0.000	0.8477	0.7354	1
1238	2145	-71.074	0.000	0.7174	0.5932	1
1238	2164	-105.101	0.000	0.7056	0.5124	1
1238	2236	-28.043	0.000	0.7732	0.5581	1
1238	2249	-87.069	0.000	0.7324	0.5716	1
1238	2299	-40.006	0.000	0.8508	0.6362	1
1238	2464	-40.043	0.000	0.7982	0.6381	1
1238	2474	-40.043	0.000	0.7689	0.6612	1
